t_send,seq,bytes
1764724115.720743,1,256
1764724115.724070,2,256
1764724115.727411,3,256
1764724115.730750,4,256
1764724115.734192,5,256
1764724115.737418,6,256
1764724115.740880,7,256
1764724115.744243,8,256
1764724115.747533,9,256
1764724115.750877,10,256
1764724115.754189,11,256
1764724115.757529,12,256
1764724115.760869,13,256
1764724115.764189,14,256
1764724115.767531,15,256
1764724115.770874,16,256
1764724115.774205,17,256
1764724115.777535,18,256
1764724115.780859,19,256
1764724115.784185,20,256
1764724115.787528,21,256
1764724115.790890,22,256
1764724115.794198,23,256
1764724115.797513,24,256
1764724115.800869,25,256
1764724115.804192,26,256
1764724115.807514,27,256
1764724115.810865,28,256
1764724115.814118,29,256
1764724115.817531,30,256
1764724115.820871,31,256
1764724115.824172,32,256
1764724115.827366,33,256
1764724115.830725,34,256
1764724115.834042,35,256
1764724115.837356,36,256
1764724115.840725,37,256
1764724115.844130,38,256
1764724115.847398,39,256
1764724115.850747,40,256
1764724115.854149,41,256
1764724115.857392,42,256
1764724115.860745,43,256
1764724115.864160,44,256
1764724115.867399,45,256
1764724115.870826,46,256
1764724115.874150,47,256
1764724115.877397,48,256
1764724115.880818,49,256
1764724115.884154,50,256
1764724115.887491,51,256
1764724115.890749,52,256
1764724115.894155,53,256
1764724115.897396,54,256
1764724115.900750,55,256
1764724115.904167,56,256
1764724115.907398,57,256
1764724115.910825,58,256
1764724115.914158,59,256
1764724115.917396,60,256
1764724115.920823,61,256
1764724115.924153,62,256
1764724115.927495,63,256
1764724115.930773,64,256
1764724115.934115,65,256
1764724115.937418,66,256
1764724115.940758,67,256
1764724115.944190,68,256
1764724115.947467,69,256
1764724115.950726,70,256
1764724115.954091,71,256
1764724115.957427,72,256
1764724115.960776,73,256
1764724115.964096,74,256
1764724115.967430,75,256
1764724115.970774,76,256
1764724115.974107,77,256
1764724115.977432,78,256
1764724115.980710,79,256
1764724115.984086,80,256
1764724115.987439,81,256
1764724115.990767,82,256
1764724115.994324,83,256
1764724115.997385,84,256
1764724116.000711,85,256
1764724116.004102,86,256
1764724116.007381,87,256
1764724116.010784,88,256
1764724116.014195,89,256
1764724116.017379,90,256
1764724116.020711,91,256
1764724116.024118,92,256
1764724116.027381,93,256
1764724116.030713,94,256
1764724116.034034,95,256
1764724116.037363,96,256
1764724116.040713,97,256
1764724116.044067,98,256
1764724116.047371,99,256
1764724116.050697,100,256
1764724116.054090,101,256
1764724116.057374,102,256
1764724116.060712,103,256
1764724116.064045,104,256
1764724116.067377,105,256
1764724116.070704,106,256
1764724116.074043,107,256
1764724116.077375,108,256
1764724116.080714,109,256
1764724116.084047,110,256
1764724116.087378,111,256
1764724116.090715,112,256
1764724116.094079,113,256
1764724116.097385,114,256
1764724116.100762,115,256
1764724116.104089,116,256
1764724116.107435,117,256
1764724116.110713,118,256
1764724116.114087,119,256
1764724116.117374,120,256
1764724116.121262,121,256
1764724116.124091,122,256
1764724116.127380,123,256
1764724116.130717,124,256
1764724116.134088,125,256
1764724116.137435,126,256
1764724116.140761,127,256
1764724116.144093,128,256
1764724116.147441,129,256
1764724116.150774,130,256
1764724116.154098,131,256
1764724116.157423,132,256
1764724116.160758,133,256
1764724116.164091,134,256
1764724116.167428,135,256
1764724116.170766,136,256
1764724116.174095,137,256
1764724116.177433,138,256
1764724116.180712,139,256
1764724116.184133,140,256
1764724116.187380,141,256
1764724116.190774,142,256
1764724116.194133,143,256
1764724116.197481,144,256
1764724116.200786,145,256
1764724116.204128,146,256
1764724116.207442,147,256
1764724116.210760,148,256
1764724116.214185,149,256
1764724116.217458,150,256
1764724116.220781,151,256
1764724116.224187,152,256
1764724116.227530,153,256
1764724116.230789,154,256
1764724116.234048,155,256
1764724116.237370,156,256
1764724116.240698,157,256
1764724116.244029,158,256
1764724116.247384,159,256
1764724116.250721,160,256
1764724116.254120,161,256
1764724116.257389,162,256
1764724116.260781,163,256
1764724116.264103,164,256
1764724116.267391,165,256
1764724116.270711,166,256
1764724116.274189,167,256
1764724116.277462,168,256
1764724116.280795,169,256
1764724116.284130,170,256
1764724116.287457,171,256
1764724116.290804,172,256
1764724116.294213,173,256
1764724116.297521,174,256
1764724116.300788,175,256
1764724116.304200,176,256
1764724116.307538,177,256
1764724116.310789,178,256
1764724116.314054,179,256
1764724116.317384,180,256
1764724116.320714,181,256
1764724116.324144,182,256
1764724116.327397,183,256
1764724116.330742,184,256
1764724116.334149,185,256
1764724116.337479,186,256
1764724116.340836,187,256
1764724116.344153,188,256
1764724116.347374,189,256
1764724116.350813,190,256
1764724116.354146,191,256
1764724116.357488,192,256
1764724116.360836,193,256
1764724116.364152,194,256
1764724116.367483,195,256
1764724116.370826,196,256
1764724116.374144,197,256
1764724116.377513,198,256
1764724116.380818,199,256
1764724116.384142,200,256
1764724116.387368,201,256
1764724116.390718,202,256
1764724116.394057,203,256
1764724116.397369,204,256
1764724116.400819,205,256
1764724116.404152,206,256
1764724116.407382,207,256
1764724116.410827,208,256
1764724116.414154,209,256
1764724116.417485,210,256
1764724116.420837,211,256
1764724116.424161,212,256
1764724116.427494,213,256
1764724116.430832,214,256
1764724116.434152,215,256
1764724116.437380,216,256
1764724116.440827,217,256
1764724116.444143,218,256
1764724116.447373,219,256
1764724116.450711,220,256
1764724116.454138,221,256
1764724116.457465,222,256
1764724116.460813,223,256
1764724116.464159,224,256
1764724116.467484,225,256
1764724116.470822,226,256
1764724116.474152,227,256
1764724116.477491,228,256
1764724116.480834,229,256
1764724116.484159,230,256
1764724116.487497,231,256
1764724116.490827,232,256
1764724116.494148,233,256
1764724116.497386,234,256
1764724116.500713,235,256
1764724116.504150,236,256
1764724116.507485,237,256
1764724116.510848,238,256
1764724116.514154,239,256
1764724116.517447,240,256
1764724116.520702,241,256
1764724116.524044,242,256
1764724116.527394,243,256
1764724116.530835,244,256
1764724116.534080,245,256
1764724116.537380,246,256
1764724116.540723,247,256
1764724116.544054,248,256
1764724116.547356,249,256
1764724116.550691,250,256
1764724116.554024,251,256
1764724116.557359,252,256
1764724116.560709,253,256
1764724116.564042,254,256
1764724116.567380,255,256
1764724116.570718,256,256
1764724116.574062,257,256
1764724116.577367,258,256
1764724116.580711,259,256
1764724116.584040,260,256
1764724116.587363,261,256
1764724116.590700,262,256
1764724116.594005,263,256
1764724116.597363,264,256
1764724116.600698,265,256
1764724116.604014,266,256
1764724116.607361,267,256
1764724116.610695,268,256
1764724116.614033,269,256
1764724116.617363,270,256
1764724116.620678,271,256
1764724116.624028,272,256
1764724116.627367,273,256
1764724116.630710,274,256
1764724116.634032,275,256
1764724116.637362,276,256
1764724116.640678,277,256
1764724116.644052,278,256
1764724116.647375,279,256
1764724116.650700,280,256
1764724116.654033,281,256
1764724116.657374,282,256
1764724116.660695,283,256
1764724116.664077,284,256
1764724116.667373,285,256
1764724116.670704,286,256
1764724116.674039,287,256
1764724116.677369,288,256
1764724116.680702,289,256
1764724116.684034,290,256
1764724116.687370,291,256
1764724116.690706,292,256
1764724116.694036,293,256
1764724116.697374,294,256
1764724116.700705,295,256
1764724116.704034,296,256
1764724116.707370,297,256
1764724116.710712,298,256
1764724116.714062,299,256
1764724116.717379,300,256
1764724116.720703,301,256
1764724116.724059,302,256
1764724116.727371,303,256
1764724116.730710,304,256
1764724116.734061,305,256
1764724116.737373,306,256
1764724116.740773,307,256
1764724116.744035,308,256
1764724116.747431,309,256
1764724116.750762,310,256
1764724116.754042,311,256
1764724116.757380,312,256
1764724116.760873,313,256
1764724116.764048,314,256
1764724116.767374,315,256
1764724116.770703,316,256
1764724116.774031,317,256
1764724116.777362,318,256
1764724116.780709,319,256
1764724116.784092,320,256
1764724116.787384,321,256
1764724116.790713,322,256
1764724116.794035,323,256
1764724116.797366,324,256
1764724116.800708,325,256
1764724116.804091,326,256
1764724116.807368,327,256
1764724116.810709,328,256
1764724116.814034,329,256
1764724116.817366,330,256
1764724116.820708,331,256
1764724116.824095,332,256
1764724116.827394,333,256
1764724116.830707,334,256
1764724116.834202,335,256
1764724116.837423,336,256
1764724116.840749,337,256
1764724116.844199,338,256
1764724116.847411,339,256
1764724116.850740,340,256
1764724116.854040,341,256
1764724116.857373,342,256
1764724116.860719,343,256
1764724116.864168,344,256
1764724116.867408,345,256
1764724116.870728,346,256
1764724116.874103,347,256
1764724116.877384,348,256
1764724116.880767,349,256
1764724116.884125,350,256
1764724116.887384,351,256
1764724116.890773,352,256
1764724116.894062,353,256
1764724116.897379,354,256
1764724116.900759,355,256
1764724116.904197,356,256
1764724116.907439,357,256
1764724116.910766,358,256
1764724116.914203,359,256
1764724116.917485,360,256
1764724116.920875,361,256
1764724116.924208,362,256
1764724116.927535,363,256
1764724116.930802,364,256
1764724116.934187,365,256
1764724116.937470,366,256
1764724116.940874,367,256
1764724116.944204,368,256
1764724116.947470,369,256
1764724116.950818,370,256
1764724116.954140,371,256
1764724116.957386,372,256
1764724116.960713,373,256
1764724116.964129,374,256
1764724116.967385,375,256
1764724116.970870,376,256
1764724116.974200,377,256
1764724116.977530,378,256
1764724116.980877,379,256
1764724116.984125,380,256
1764724116.987512,381,256
1764724116.990875,382,256
1764724116.994204,383,256
1764724116.997540,384,256
1764724117.000888,385,256
1764724117.004210,386,256
1764724117.007547,387,256
1764724117.010803,388,256
1764724117.014109,389,256
1764724117.017395,390,256
1764724117.020723,391,256
1764724117.024058,392,256
1764724117.027382,393,256
1764724117.030747,394,256
1764724117.034143,395,256
1764724117.037381,396,256
1764724117.040843,397,256
1764724117.049382,398,256
1764724117.049514,399,256
1764724117.050833,400,256
1764724117.054142,401,256
1764724117.057370,402,256
1764724117.060731,403,256
1764724117.064149,404,256
1764724117.067482,405,256
1764724117.070737,406,256
1764724117.074142,407,256
1764724117.077371,408,256
1764724117.080735,409,256
1764724117.084156,410,256
1764724117.087397,411,256
1764724117.090746,412,256
1764724117.094155,413,256
1764724117.097493,414,256
1764724117.100746,415,256
1764724117.104151,416,256
1764724117.107375,417,256
1764724117.110744,418,256
1764724117.114142,419,256
1764724117.117380,420,256
1764724117.120821,421,256
1764724117.124151,422,256
1764724117.127482,423,256
1764724117.130830,424,256
1764724117.134047,425,256
1764724117.137379,426,256
1764724117.140743,427,256
1764724117.144147,428,256
1764724117.147390,429,256
1764724117.150743,430,256
1764724117.154150,431,256
1764724117.157485,432,256
1764724117.160743,433,256
1764724117.164144,434,256
1764724117.167388,435,256
1764724117.170835,436,256
1764724117.174048,437,256
1764724117.177484,438,256
1764724117.180744,439,256
1764724117.184155,440,256
1764724117.187387,441,256
1764724117.190722,442,256
1764724117.194142,443,256
1764724117.197487,444,256
1764724117.200828,445,256
1764724117.204152,446,256
1764724117.207484,447,256
1764724117.210816,448,256
1764724117.214155,449,256
1764724117.217493,450,256
1764724117.220824,451,256
1764724117.224134,452,256
1764724117.227493,453,256
1764724117.230827,454,256
1764724117.234148,455,256
1764724117.237480,456,256
1764724117.240827,457,256
1764724117.244158,458,256
1764724117.247483,459,256
1764724117.250828,460,256
1764724117.254146,461,256
1764724117.257369,462,256
1764724117.260704,463,256
1764724117.264133,464,256
1764724117.267369,465,256
1764724117.270706,466,256
1764724117.274125,467,256
1764724117.277487,468,256
1764724117.280833,469,256
1764724117.284152,470,256
1764724117.287485,471,256
1764724117.290821,472,256
1764724117.294151,473,256
1764724117.297498,474,256
1764724117.300823,475,256
1764724117.304149,476,256
1764724117.307483,477,256
1764724117.310821,478,256
1764724117.314063,479,256
1764724117.317478,480,256
1764724117.320819,481,256
1764724117.324155,482,256
1764724117.327476,483,256
1764724117.330822,484,256
1764724117.334150,485,256
1764724117.337374,486,256
1764724117.340727,487,256
1764724117.344141,488,256
1764724117.347389,489,256
1764724117.350713,490,256
1764724117.354142,491,256
1764724117.357375,492,256
1764724117.360725,493,256
1764724117.364144,494,256
1764724117.367373,495,256
1764724117.370718,496,256
1764724117.374033,497,256
1764724117.377361,498,256
1764724117.380693,499,256
1764724117.384024,500,256
1764724117.387356,501,256
1764724117.390706,502,256
1764724117.394024,503,256
1764724117.397356,504,256
1764724117.400763,505,256
1764724117.404132,506,256
1764724117.407377,507,256
1764724117.410718,508,256
1764724117.414051,509,256
1764724117.417380,510,256
1764724117.420797,511,256
1764724117.424100,512,256
1764724117.427431,513,256
1764724117.430797,514,256
1764724117.434099,515,256
1764724117.437431,516,256
1764724117.440772,517,256
1764724117.444090,518,256
1764724117.447425,519,256
1764724117.450807,520,256
1764724117.454085,521,256
1764724117.457423,522,256
1764724117.460794,523,256
1764724117.464024,524,256
1764724117.467361,525,256
1764724117.470689,526,256
1764724117.474041,527,256
1764724117.477353,528,256
1764724117.480688,529,256
1764724117.484146,530,256
1764724117.487374,531,256
1764724117.490817,532,256
1764724117.494143,533,256
1764724117.497382,534,256
1764724117.500749,535,256
1764724117.504038,536,256
1764724117.507366,537,256
1764724117.510708,538,256
1764724117.514037,539,256
1764724117.517382,540,256
1764724117.520727,541,256
1764724117.524035,542,256
1764724117.527365,543,256
1764724117.530774,544,256
1764724117.534116,545,256
1764724117.537422,546,256
1764724117.540764,547,256
1764724117.544047,548,256
1764724117.547373,549,256
1764724117.550743,550,256
1764724117.554050,551,256
1764724117.557372,552,256
1764724117.560703,553,256
1764724117.564039,554,256
1764724117.567424,555,256
1764724117.570759,556,256
1764724117.574098,557,256
1764724117.577420,558,256
1764724117.580763,559,256
1764724117.584102,560,256
1764724117.587424,561,256
1764724117.590763,562,256
1764724117.594101,563,256
1764724117.597423,564,256
1764724117.600772,565,256
1764724117.604094,566,256
1764724117.607437,567,256
1764724117.610708,568,256
1764724117.614050,569,256
1764724117.617384,570,256
1764724117.620770,571,256
1764724117.624084,572,256
1764724117.627439,573,256
1764724117.630758,574,256
1764724117.634089,575,256
1764724117.637419,576,256
1764724117.640755,577,256
1764724117.644035,578,256
1764724117.647366,579,256
1764724117.650701,580,256
1764724117.654087,581,256
1764724117.657371,582,256
1764724117.660693,583,256
1764724117.664067,584,256
1764724117.667365,585,256
1764724117.670697,586,256
1764724117.674051,587,256
1764724117.677363,588,256
1764724117.680699,589,256
1764724117.684115,590,256
1764724117.687415,591,256
1764724117.690795,592,256
1764724117.694160,593,256
1764724117.697415,594,256
1764724117.700744,595,256
1764724117.704159,596,256
1764724117.707374,597,256
1764724117.710722,598,256
1764724117.714064,599,256
1764724117.717366,600,256
1764724117.720727,601,256
1764724117.724122,602,256
1764724117.727370,603,256
1764724117.730699,604,256
1764724117.734069,605,256
1764724117.737380,606,256
1764724117.740734,607,256
1764724117.744170,608,256
1764724117.747423,609,256
1764724117.750762,610,256
1764724117.754195,611,256
1764724117.757406,612,256
1764724117.760767,613,256
1764724117.764198,614,256
1764724117.767534,615,256
1764724117.770864,616,256
1764724117.774073,617,256
1764724117.777414,618,256
1764724117.780754,619,256
1764724117.784089,620,256
1764724117.787383,621,256
1764724117.790734,622,256
1764724117.794164,623,256
1764724117.797530,624,256
1764724117.800872,625,256
1764724117.804198,626,256
1764724117.807537,627,256
1764724117.810872,628,256
1764724117.814205,629,256
1764724117.817536,630,256
1764724117.820874,631,256
1764724117.824208,632,256
1764724117.827522,633,256
1764724117.830873,634,256
1764724117.834207,635,256
1764724117.837518,636,256
1764724117.840885,637,256
1764724117.844205,638,256
1764724117.847520,639,256
1764724117.850876,640,256
1764724117.854204,641,256
1764724117.857521,642,256
1764724117.860741,643,256
1764724117.864113,644,256
1764724117.867420,645,256
1764724117.870840,646,256
1764724117.874202,647,256
1764724117.877427,648,256
1764724117.880718,649,256
1764724117.884027,650,256
1764724117.887369,651,256
1764724117.890712,652,256
1764724117.894083,653,256
1764724117.897463,654,256
1764724117.900720,655,256
1764724117.904097,656,256
1764724117.907437,657,256
1764724117.910770,658,256
1764724117.914097,659,256
1764724117.917428,660,256
1764724117.920767,661,256
1764724117.924034,662,256
1764724117.927381,663,256
1764724117.930778,664,256
1764724117.934088,665,256
1764724117.937429,666,256
1764724117.940772,667,256
1764724117.944095,668,256
1764724117.947434,669,256
1764724117.950762,670,256
1764724117.954082,671,256
1764724117.957443,672,256
1764724117.960754,673,256
1764724117.964086,674,256
1764724117.967434,675,256
1764724117.970773,676,256
1764724117.974100,677,256
1764724117.977431,678,256
1764724117.980770,679,256
1764724117.984094,680,256
1764724117.987422,681,256
1764724117.990793,682,256
1764724117.994084,683,256
1764724117.997437,684,256
1764724118.000780,685,256
1764724118.004106,686,256
1764724118.007432,687,256
1764724118.010748,688,256
1764724118.014082,689,256
1764724118.017420,690,256
1764724118.020754,691,256
1764724118.024078,692,256
1764724118.027401,693,256
1764724118.030755,694,256
1764724118.034095,695,256
1764724118.037436,696,256
1764724118.040768,697,256
1764724118.044097,698,256
1764724118.047422,699,256
1764724118.050773,700,256
1764724118.054098,701,256
1764724118.057438,702,256
1764724118.060673,703,256
1764724118.064036,704,256
1764724118.067416,705,256
1764724118.070757,706,256
1764724118.074087,707,256
1764724118.077449,708,256
1764724118.080779,709,256
1764724118.084020,710,256
1764724118.087370,711,256
1764724118.090695,712,256
1764724118.094104,713,256
1764724118.097447,714,256
1764724118.100752,715,256
1764724118.104091,716,256
1764724118.107430,717,256
1764724118.110759,718,256
1764724118.114127,719,256
1764724118.117420,720,256
1764724118.120882,721,256
1764724118.124204,722,256
1764724118.127532,723,256
1764724118.130877,724,256
1764724118.134211,725,256
1764724118.137536,726,256
1764724118.140880,727,256
1764724118.144203,728,256
1764724118.147465,729,256
1764724118.150842,730,256
1764724118.154081,731,256
1764724118.157511,732,256
1764724118.160875,733,256
1764724118.164105,734,256
1764724118.167485,735,256
1764724118.170836,736,256
1764724118.174163,737,256
1764724118.177493,738,256
1764724118.180826,739,256
1764724118.184084,740,256
1764724118.187369,741,256
1764724118.190719,742,256
1764724118.194051,743,256
1764724118.197382,744,256
1764724118.200826,745,256
1764724118.204045,746,256
1764724118.207365,747,256
1764724118.210703,748,256
1764724118.214086,749,256
1764724118.217434,750,256
1764724118.220764,751,256
1764724118.224038,752,256
1764724118.227368,753,256
1764724118.230749,754,256
1764724118.234088,755,256
1764724118.237439,756,256
1764724118.240762,757,256
1764724118.244099,758,256
1764724118.247456,759,256
1764724118.250775,760,256
1764724118.254099,761,256
1764724118.257441,762,256
1764724118.260710,763,256
1764724118.264102,764,256
1764724118.267435,765,256
1764724118.270757,766,256
1764724118.274066,767,256
1764724118.277405,768,256
1764724118.280755,769,256
1764724118.284039,770,256
1764724118.287373,771,256
1764724118.290763,772,256
1764724118.294036,773,256
1764724118.297367,774,256
1764724118.300699,775,256
1764724118.304095,776,256
1764724118.307384,777,256
1764724118.310760,778,256
1764724118.314087,779,256
1764724118.317335,780,256
1764724118.320714,781,256
1764724118.324042,782,256
1764724118.327370,783,256
1764724118.330788,784,256
1764724118.334175,785,256
1764724118.337524,786,256
1764724118.340813,787,256
1764724118.344175,788,256
1764724118.347538,789,256
1764724118.350788,790,256
1764724118.354180,791,256
1764724118.357371,792,256
1764724118.360736,793,256
1764724118.364062,794,256
1764724118.367373,795,256
1764724118.370724,796,256
1764724118.374058,797,256
1764724118.377378,798,256
1764724118.380700,799,256
1764724118.384149,800,256
1764724118.387374,801,256
1764724118.390741,802,256
1764724118.394151,803,256
1764724118.397487,804,256
1764724118.400822,805,256
1764724118.404151,806,256
1764724118.407399,807,256
1764724118.410830,808,256
1764724118.414155,809,256
1764724118.417480,810,256
1764724118.420708,811,256
1764724118.424044,812,256
1764724118.427367,813,256
1764724118.430711,814,256
1764724118.434148,815,256
1764724118.437385,816,256
1764724118.440706,817,256
1764724118.444043,818,256
1764724118.447373,819,256
1764724118.450747,820,256
1764724118.454148,821,256
1764724118.457481,822,256
1764724118.460816,823,256
1764724118.464150,824,256
1764724118.467487,825,256
1764724118.470816,826,256
1764724118.474045,827,256
1764724118.477373,828,256
1764724118.480703,829,256
1764724118.484093,830,256
1764724118.487414,831,256
1764724118.490769,832,256
1764724118.494049,833,256
1764724118.497371,834,256
1764724118.500792,835,256
1764724118.504092,836,256
1764724118.507376,837,256
1764724118.510710,838,256
1764724118.514033,839,256
1764724118.517368,840,256
1764724118.520702,841,256
1764724118.524043,842,256
1764724118.527366,843,256
1764724118.530751,844,256
1764724118.534094,845,256
1764724118.537429,846,256
1764724118.540821,847,256
1764724118.544026,848,256
1764724118.547358,849,256
1764724118.550705,850,256
1764724118.554042,851,256
1764724118.557355,852,256
1764724118.560691,853,256
1764724118.564096,854,256
1764724118.567389,855,256
1764724118.570727,856,256
1764724118.574055,857,256
1764724118.577434,858,256
1764724118.580789,859,256
1764724118.584129,860,256
1764724118.587376,861,256
1764724118.590706,862,256
1764724118.594042,863,256
1764724118.597368,864,256
1764724118.600703,865,256
1764724118.604039,866,256
1764724118.607439,867,256
1764724118.610713,868,256
1764724118.614094,869,256
1764724118.617370,870,256
1764724118.620710,871,256
1764724118.624037,872,256
1764724118.627381,873,256
1764724118.630706,874,256
1764724118.634037,875,256
1764724118.637373,876,256
1764724118.640700,877,256
1764724118.644042,878,256
1764724118.647372,879,256
1764724118.650757,880,256
1764724118.654087,881,256
1764724118.657440,882,256
1764724118.660706,883,256
1764724118.664038,884,256
1764724118.667370,885,256
1764724118.670713,886,256
1764724118.674090,887,256
1764724118.677369,888,256
1764724118.680705,889,256
1764724118.684085,890,256
1764724118.687365,891,256
1764724118.690704,892,256
1764724118.694139,893,256
1764724118.697380,894,256
1764724118.700717,895,256
1764724118.704032,896,256
1764724118.707367,897,256
1764724118.710708,898,256
1764724118.714086,899,256
1764724118.717375,900,256
1764724118.720716,901,256
1764724118.724088,902,256
1764724118.727371,903,256
1764724118.730705,904,256
1764724118.734081,905,256
1764724118.737378,906,256
1764724118.740704,907,256
1764724118.744066,908,256
1764724118.747365,909,256
1764724118.750695,910,256
1764724118.754025,911,256
1764724118.757360,912,256
1764724118.760717,913,256
1764724118.764029,914,256
1764724118.767361,915,256
1764724118.770700,916,256
1764724118.774033,917,256
1764724118.777365,918,256
1764724118.780700,919,256
1764724118.784036,920,256
1764724118.787364,921,256
1764724118.790703,922,256
1764724118.794030,923,256
1764724118.797372,924,256
1764724118.800717,925,256
1764724118.804186,926,256
1764724118.807378,927,256
1764724118.810733,928,256
1764724118.814192,929,256
1764724118.817401,930,256
1764724118.820758,931,256
1764724118.824195,932,256
1764724118.827471,933,256
1764724118.830755,934,256
1764724118.834195,935,256
1764724118.837459,936,256
1764724118.840753,937,256
1764724118.844198,938,256
1764724118.847452,939,256
1764724118.850740,940,256
1764724118.854197,941,256
1764724118.857457,942,256
1764724118.860739,943,256
1764724118.864202,944,256
1764724118.867362,945,256
1764724118.870708,946,256
1764724118.874151,947,256
1764724118.877390,948,256
1764724118.880710,949,256
1764724118.884164,950,256
1764724118.887397,951,256
1764724118.890732,952,256
1764724118.894148,953,256
1764724118.897380,954,256
1764724118.900746,955,256
1764724118.904055,956,256
1764724118.907384,957,256
1764724118.910705,958,256
1764724118.914131,959,256
1764724118.917381,960,256
1764724118.920734,961,256
1764724118.924201,962,256
1764724118.927377,963,256
1764724118.930721,964,256
1764724118.934195,965,256
1764724118.937363,966,256
1764724118.940689,967,256
1764724118.944021,968,256
1764724118.947353,969,256
1764724118.950692,970,256
1764724118.954021,971,256
1764724118.957359,972,256
1764724118.960708,973,256
1764724118.964061,974,256
1764724118.967405,975,256
1764724118.970767,976,256
1764724118.974107,977,256
1764724118.977384,978,256
1764724118.980707,979,256
1764724118.984037,980,256
1764724118.987381,981,256
1764724118.990737,982,256
1764724118.994037,983,256
1764724118.997422,984,256
1764724119.000706,985,256
1764724119.004043,986,256
1764724119.007370,987,256
1764724119.010701,988,256
1764724119.014031,989,256
1764724119.017364,990,256
1764724119.020705,991,256
1764724119.024045,992,256
1764724119.027376,993,256
1764724119.030704,994,256
1764724119.034036,995,256
1764724119.037386,996,256
1764724119.040700,997,256
1764724119.044092,998,256
1764724119.047380,999,256
1764724119.050696,1000,256
1764724119.054083,1001,256
1764724119.057372,1002,256
1764724119.060704,1003,256
1764724119.064026,1004,256
1764724119.067417,1005,256
1764724119.070713,1006,256
1764724119.074037,1007,256
1764724119.077370,1008,256
1764724119.080921,1009,256
1764724119.084039,1010,256
1764724119.087376,1011,256
1764724119.090723,1012,256
1764724119.094039,1013,256
1764724119.097389,1014,256
1764724119.100707,1015,256
1764724119.104095,1016,256
1764724119.107387,1017,256
1764724119.110716,1018,256
1764724119.114042,1019,256
1764724119.117372,1020,256
1764724119.120700,1021,256
1764724119.124042,1022,256
1764724119.127375,1023,256
1764724119.130716,1024,256
1764724119.134083,1025,256
1764724119.137375,1026,256
1764724119.140717,1027,256
1764724119.144037,1028,256
1764724119.147362,1029,256
1764724119.150697,1030,256
1764724119.154027,1031,256
1764724119.157367,1032,256
1764724119.160709,1033,256
1764724119.164041,1034,256
1764724119.167376,1035,256
1764724119.170708,1036,256
1764724119.174041,1037,256
1764724119.177375,1038,256
1764724119.180732,1039,256
1764724119.184049,1040,256
1764724119.187372,1041,256
1764724119.190721,1042,256
1764724119.194049,1043,256
1764724119.197383,1044,256
1764724119.200873,1045,256
1764724119.204114,1046,256
1764724119.207458,1047,256
1764724119.210782,1048,256
1764724119.214055,1049,256
1764724119.217365,1050,256
1764724119.220694,1051,256
1764724119.224030,1052,256
1764724119.227365,1053,256
1764724119.230717,1054,256
1764724119.234106,1055,256
1764724119.237375,1056,256
1764724119.240698,1057,256
1764724119.244038,1058,256
1764724119.247378,1059,256
1764724119.250705,1060,256
1764724119.254085,1061,256
1764724119.257385,1062,256
1764724119.260722,1063,256
1764724119.264096,1064,256
1764724119.267390,1065,256
1764724119.270706,1066,256
1764724119.274034,1067,256
1764724119.277358,1068,256
1764724119.280689,1069,256
1764724119.284050,1070,256
1764724119.287359,1071,256
1764724119.290713,1072,256
1764724119.294048,1073,256
1764724119.297385,1074,256
1764724119.300745,1075,256
1764724119.304072,1076,256
1764724119.307393,1077,256
1764724119.310736,1078,256
1764724119.314067,1079,256
1764724119.317391,1080,256
1764724119.320700,1081,256
1764724119.324038,1082,256
1764724119.327370,1083,256
1764724119.330715,1084,256
1764724119.334102,1085,256
1764724119.337385,1086,256
1764724119.340719,1087,256
1764724119.344103,1088,256
1764724119.347376,1089,256
1764724119.350706,1090,256
1764724119.354040,1091,256
1764724119.357427,1092,256
1764724119.360715,1093,256
1764724119.364111,1094,256
1764724119.367424,1095,256
1764724119.370760,1096,256
1764724119.374104,1097,256
1764724119.377444,1098,256
1764724119.380764,1099,256
1764724119.384052,1100,256
1764724119.387343,1101,256
1764724119.390695,1102,256
1764724119.394046,1103,256
1764724119.397382,1104,256
1764724119.400698,1105,256
1764724119.404036,1106,256
1764724119.407382,1107,256
1764724119.410723,1108,256
1764724119.414046,1109,256
1764724119.417364,1110,256
1764724119.420721,1111,256
1764724119.424062,1112,256
1764724119.427416,1113,256
1764724119.430722,1114,256
1764724119.434086,1115,256
1764724119.437374,1116,256
1764724119.440798,1117,256
1764724119.444088,1118,256
1764724119.447374,1119,256
1764724119.450704,1120,256
1764724119.454034,1121,256
1764724119.457371,1122,256
1764724119.460701,1123,256
1764724119.464032,1124,256
1764724119.467371,1125,256
1764724119.470713,1126,256
1764724119.474067,1127,256
1764724119.477379,1128,256
1764724119.480723,1129,256
1764724119.484045,1130,256
1764724119.487370,1131,256
1764724119.490728,1132,256
1764724119.494054,1133,256
1764724119.497383,1134,256
1764724119.500828,1135,256
1764724119.504148,1136,256
1764724119.507483,1137,256
1764724119.510824,1138,256
1764724119.514143,1139,256
1764724119.517385,1140,256
1764724119.520712,1141,256
1764724119.524044,1142,256
1764724119.527369,1143,256
1764724119.530721,1144,256
1764724119.534063,1145,256
1764724119.537442,1146,256
1764724119.540800,1147,256
1764724119.544031,1148,256
1764724119.547367,1149,256
1764724119.550721,1150,256
1764724119.554091,1151,256
1764724119.557375,1152,256
1764724119.560754,1153,256
1764724119.564088,1154,256
1764724119.567421,1155,256
1764724119.570759,1156,256
1764724119.574095,1157,256
1764724119.577449,1158,256
1764724119.580780,1159,256
1764724119.584086,1160,256
1764724119.587427,1161,256
1764724119.590776,1162,256
1764724119.594101,1163,256
1764724119.597452,1164,256
1764724119.600775,1165,256
1764724119.604095,1166,256
1764724119.607437,1167,256
1764724119.610780,1168,256
1764724119.614093,1169,256
1764724119.617430,1170,256
1764724119.620744,1171,256
1764724119.624104,1172,256
1764724119.627428,1173,256
1764724119.630763,1174,256
1764724119.634093,1175,256
1764724119.637429,1176,256
1764724119.640769,1177,256
1764724119.644094,1178,256
1764724119.647428,1179,256
1764724119.650769,1180,256
1764724119.654094,1181,256
1764724119.657428,1182,256
1764724119.660778,1183,256
1764724119.664107,1184,256
1764724119.667431,1185,256
1764724119.670773,1186,256
1764724119.674099,1187,256
1764724119.677425,1188,256
1764724119.680775,1189,256
1764724119.684094,1190,256
1764724119.687417,1191,256
1764724119.690762,1192,256
1764724119.694090,1193,256
1764724119.697411,1194,256
1764724119.700703,1195,256
1764724119.704083,1196,256
1764724119.707423,1197,256
1764724119.710759,1198,256
1764724119.714098,1199,256
1764724119.717420,1200,256
1764724119.720773,1201,256
1764724119.724094,1202,256
1764724119.727385,1203,256
1764724119.730743,1204,256
1764724119.734075,1205,256
1764724119.737375,1206,256
1764724119.740712,1207,256
1764724119.744102,1208,256
1764724119.747382,1209,256
1764724119.750787,1210,256
1764724119.754100,1211,256
1764724119.757440,1212,256
1764724119.760761,1213,256
1764724119.764087,1214,256
1764724119.767417,1215,256
1764724119.770781,1216,256
1764724119.774029,1217,256
1764724119.777361,1218,256
1764724119.780748,1219,256
1764724119.784067,1220,256
1764724119.787395,1221,256
1764724119.790737,1222,256
1764724119.794068,1223,256
1764724119.797408,1224,256
1764724119.800766,1225,256
1764724119.804086,1226,256
1764724119.807426,1227,256
1764724119.810771,1228,256
1764724119.814096,1229,256
1764724119.817419,1230,256
1764724119.820764,1231,256
1764724119.824086,1232,256
1764724119.827417,1233,256
1764724119.830763,1234,256
1764724119.834092,1235,256
1764724119.837421,1236,256
1764724119.840769,1237,256
1764724119.844085,1238,256
1764724119.847427,1239,256
1764724119.850766,1240,256
1764724119.854088,1241,256
1764724119.857425,1242,256
1764724119.860776,1243,256
1764724119.864087,1244,256
1764724119.867411,1245,256
1764724119.870776,1246,256
1764724119.874099,1247,256
1764724119.877419,1248,256
1764724119.880779,1249,256
1764724119.884090,1250,256
1764724119.887426,1251,256
1764724119.890768,1252,256
1764724119.894094,1253,256
1764724119.897429,1254,256
1764724119.900763,1255,256
1764724119.904088,1256,256
1764724119.907414,1257,256
1764724119.910770,1258,256
1764724119.914086,1259,256
1764724119.917427,1260,256
1764724119.920787,1261,256
1764724119.924106,1262,256
1764724119.927445,1263,256
1764724119.930761,1264,256
1764724119.934039,1265,256
1764724119.937365,1266,256
1764724119.940766,1267,256
1764724119.944191,1268,256
1764724119.947382,1269,256
1764724119.950862,1270,256
1764724119.954213,1271,256
1764724119.957438,1272,256
1764724119.960749,1273,256
1764724119.964195,1274,256
1764724119.967462,1275,256
1764724119.970788,1276,256
1764724119.974193,1277,256
1764724119.977442,1278,256
1764724119.980800,1279,256
1764724119.984200,1280,256
1764724119.987409,1281,256
1764724119.990757,1282,256
1764724119.994092,1283,256
1764724119.997411,1284,256
1764724120.000773,1285,256
1764724120.004090,1286,256
1764724120.007411,1287,256
1764724120.010766,1288,256
1764724120.014085,1289,256
1764724120.017420,1290,256
1764724120.020772,1291,256
1764724120.024088,1292,256
1764724120.027406,1293,256
1764724120.030752,1294,256
1764724120.034088,1295,256
1764724120.037419,1296,256
1764724120.040774,1297,256
1764724120.044100,1298,256
1764724120.047432,1299,256
1764724120.050787,1300,256
1764724120.054098,1301,256
1764724120.057416,1302,256
1764724120.060786,1303,256
1764724120.064099,1304,256
1764724120.067432,1305,256
1764724120.070767,1306,256
1764724120.074094,1307,256
1764724120.077420,1308,256
1764724120.080775,1309,256
1764724120.084085,1310,256
1764724120.087431,1311,256
1764724120.090781,1312,256
1764724120.094104,1313,256
1764724120.097419,1314,256
1764724120.100770,1315,256
1764724120.104086,1316,256
1764724120.107421,1317,256
1764724120.110772,1318,256
1764724120.114093,1319,256
1764724120.117426,1320,256
1764724120.120703,1321,256
1764724120.124033,1322,256
1764724120.127440,1323,256
1764724120.130773,1324,256
1764724120.134092,1325,256
1764724120.137379,1326,256
1764724120.140701,1327,256
1764724120.144053,1328,256
1764724120.147371,1329,256
1764724120.150877,1330,256
1764724120.154196,1331,256
1764724120.157453,1332,256
1764724120.160825,1333,256
1764724120.164125,1334,256
1764724120.167525,1335,256
1764724120.170878,1336,256
1764724120.174197,1337,256
1764724120.177522,1338,256
1764724120.180877,1339,256
1764724120.184207,1340,256
1764724120.187530,1341,256
1764724120.190891,1342,256
1764724120.194201,1343,256
1764724120.197431,1344,256
1764724120.200767,1345,256
1764724120.204102,1346,256
1764724120.207415,1347,256
1764724120.210780,1348,256
1764724120.214097,1349,256
1764724120.217414,1350,256
1764724120.220747,1351,256
1764724120.224087,1352,256
1764724120.227417,1353,256
1764724120.230760,1354,256
1764724120.234088,1355,256
1764724120.237421,1356,256
1764724120.240774,1357,256
1764724120.244093,1358,256
1764724120.247418,1359,256
1764724120.250777,1360,256
1764724120.254090,1361,256
1764724120.257438,1362,256
1764724120.260778,1363,256
1764724120.264096,1364,256
1764724120.267428,1365,256
1764724120.270773,1366,256
1764724120.274076,1367,256
1764724120.277399,1368,256
1764724120.280745,1369,256
1764724120.284081,1370,256
1764724120.287410,1371,256
1764724120.290768,1372,256
1764724120.294085,1373,256
1764724120.297427,1374,256
1764724120.300776,1375,256
1764724120.304094,1376,256
1764724120.307419,1377,256
1764724120.310782,1378,256
1764724120.314100,1379,256
1764724120.317445,1380,256
1764724120.320778,1381,256
1764724120.324085,1382,256
1764724120.327412,1383,256
1764724120.330752,1384,256
1764724120.334093,1385,256
1764724120.337416,1386,256
1764724120.340777,1387,256
1764724120.344047,1388,256
1764724120.347370,1389,256
1764724120.350705,1390,256
1764724120.354031,1391,256
1764724120.357367,1392,256
1764724120.360698,1393,256
1764724120.364101,1394,256
1764724120.367441,1395,256
1764724120.370788,1396,256
1764724120.374095,1397,256
1764724120.377415,1398,256
1764724120.380770,1399,256
1764724120.384085,1400,256
1764724120.387413,1401,256
1764724120.390771,1402,256
1764724120.394069,1403,256
1764724120.397413,1404,256
1764724120.400781,1405,256
1764724120.404083,1406,256
1764724120.407426,1407,256
1764724120.410769,1408,256
1764724120.414101,1409,256
1764724120.417428,1410,256
1764724120.420775,1411,256
1764724120.424094,1412,256
1764724120.427378,1413,256
1764724120.430809,1414,256
1764724120.434124,1415,256
1764724120.437418,1416,256
1764724120.440851,1417,256
1764724120.444176,1418,256
1764724120.447438,1419,256
1764724120.450874,1420,256
1764724120.454195,1421,256
1764724120.457466,1422,256
1764724120.460793,1423,256
1764724120.464187,1424,256
1764724120.467442,1425,256
1764724120.470886,1426,256
1764724120.474188,1427,256
1764724120.477446,1428,256
1764724120.480810,1429,256
1764724120.484193,1430,256
1764724120.487469,1431,256
1764724120.490852,1432,256
1764724120.494199,1433,256
1764724120.497490,1434,256
1764724120.500858,1435,256
1764724120.504203,1436,256
1764724120.507448,1437,256
1764724120.510869,1438,256
1764724120.514205,1439,256
1764724120.517491,1440,256
1764724120.520792,1441,256
1764724120.524102,1442,256
1764724120.527423,1443,256
1764724120.530793,1444,256
1764724120.534196,1445,256
1764724120.537440,1446,256
1764724120.540781,1447,256
1764724120.544090,1448,256
1764724120.547365,1449,256
1764724120.550750,1450,256
1764724120.554056,1451,256
1764724120.557373,1452,256
1764724120.560722,1453,256
1764724120.564191,1454,256
1764724120.567434,1455,256
1764724120.570802,1456,256
1764724120.574128,1457,256
1764724120.577448,1458,256
1764724120.580853,1459,256
1764724120.584185,1460,256
1764724120.587469,1461,256
1764724120.590812,1462,256
1764724120.594201,1463,256
1764724120.597436,1464,256
1764724120.600876,1465,256
1764724120.604089,1466,256
1764724120.607405,1467,256
1764724120.610736,1468,256
1764724120.614125,1469,256
1764724120.617379,1470,256
1764724120.620757,1471,256
1764724120.624091,1472,256
1764724120.627423,1473,256
1764724120.630770,1474,256
1764724120.634071,1475,256
1764724120.637409,1476,256
1764724120.640759,1477,256
1764724120.644084,1478,256
1764724120.647428,1479,256
1764724120.650753,1480,256
1764724120.654085,1481,256
1764724120.657425,1482,256
1764724120.660768,1483,256
1764724120.664102,1484,256
1764724120.667423,1485,256
1764724120.670756,1486,256
1764724120.674086,1487,256
1764724120.677420,1488,256
1764724120.680777,1489,256
1764724120.684131,1490,256
1764724120.687399,1491,256
1764724120.690875,1492,256
1764724120.694202,1493,256
1764724120.697511,1494,256
1764724120.700880,1495,256
1764724120.704201,1496,256
1764724120.707520,1497,256
1764724120.710881,1498,256
1764724120.714197,1499,256
1764724120.717511,1500,256
1764724120.720873,1501,256
1764724120.724197,1502,256
1764724120.727522,1503,256
1764724120.730876,1504,256
1764724120.734172,1505,256
1764724120.737534,1506,256
1764724120.740874,1507,256
1764724120.744193,1508,256
1764724120.747515,1509,256
1764724120.750867,1510,256
1764724120.754046,1511,256
1764724120.757367,1512,256
1764724120.760715,1513,256
1764724120.764123,1514,256
1764724120.767378,1515,256
1764724120.770723,1516,256
1764724120.774027,1517,256
1764724120.777366,1518,256
1764724120.780757,1519,256
1764724120.784095,1520,256
1764724120.787421,1521,256
1764724120.790773,1522,256
1764724120.794087,1523,256
1764724120.797421,1524,256
1764724120.800760,1525,256
1764724120.804101,1526,256
1764724120.807432,1527,256
1764724120.810755,1528,256
1764724120.814088,1529,256
1764724120.817426,1530,256
1764724120.820771,1531,256
1764724120.824103,1532,256
1764724120.827411,1533,256
1764724120.830762,1534,256
1764724120.834090,1535,256
1764724120.837408,1536,256
1764724120.840770,1537,256
1764724120.844090,1538,256
1764724120.847408,1539,256
1764724120.850770,1540,256
1764724120.854093,1541,256
1764724120.857429,1542,256
1764724120.860759,1543,256
1764724120.864086,1544,256
1764724120.867408,1545,256
1764724120.870762,1546,256
1764724120.874086,1547,256
1764724120.877436,1548,256
1764724120.880770,1549,256
1764724120.884093,1550,256
1764724120.887429,1551,256
1764724120.890767,1552,256
1764724120.894098,1553,256
1764724120.897424,1554,256
1764724120.900775,1555,256
1764724120.904087,1556,256
1764724120.907426,1557,256
1764724120.910767,1558,256
1764724120.914076,1559,256
1764724120.917432,1560,256
1764724120.920753,1561,256
1764724120.924042,1562,256
1764724120.927384,1563,256
1764724120.930765,1564,256
1764724120.934048,1565,256
1764724120.937371,1566,256
1764724120.940689,1567,256
1764724120.944080,1568,256
1764724120.947421,1569,256
1764724120.950770,1570,256
1764724120.954085,1571,256
1764724120.957379,1572,256
1764724120.960711,1573,256
1764724120.964069,1574,256
1764724120.967373,1575,256
1764724120.970712,1576,256
1764724120.974083,1577,256
1764724120.977364,1578,256
1764724120.980697,1579,256
1764724120.984029,1580,256
1764724120.987372,1581,256
1764724120.990763,1582,256
1764724120.994091,1583,256
1764724120.997441,1584,256
1764724121.000764,1585,256
1764724121.004098,1586,256
1764724121.007374,1587,256
1764724121.010695,1588,256
1764724121.014028,1589,256
1764724121.017363,1590,256
1764724121.020696,1591,256
1764724121.024031,1592,256
1764724121.027370,1593,256
1764724121.030692,1594,256
1764724121.034084,1595,256
1764724121.037426,1596,256
1764724121.040767,1597,256
1764724121.044093,1598,256
1764724121.047429,1599,256
1764724121.050763,1600,256
1764724121.054074,1601,256
1764724121.057434,1602,256
1764724121.060755,1603,256
1764724121.064091,1604,256
1764724121.067427,1605,256
1764724121.070770,1606,256
1764724121.074089,1607,256
1764724121.077422,1608,256
1764724121.080759,1609,256
1764724121.084100,1610,256
1764724121.087439,1611,256
1764724121.090761,1612,256
1764724121.094093,1613,256
1764724121.097417,1614,256
1764724121.100778,1615,256
1764724121.104092,1616,256
1764724121.107414,1617,256
1764724121.110776,1618,256
1764724121.114086,1619,256
1764724121.117377,1620,256
1764724121.120718,1621,256
1764724121.124050,1622,256
1764724121.127459,1623,256
1764724121.130861,1624,256
1764724121.134121,1625,256
1764724121.137468,1626,256
1764724121.140805,1627,256
1764724121.144202,1628,256
1764724121.147505,1629,256
1764724121.150862,1630,256
1764724121.154190,1631,256
1764724121.157529,1632,256
1764724121.160873,1633,256
1764724121.164107,1634,256
1764724121.167376,1635,256
1764724121.170695,1636,256
1764724121.174093,1637,256
1764724121.177367,1638,256
1764724121.180775,1639,256
1764724121.184094,1640,256
1764724121.187367,1641,256
1764724121.190749,1642,256
1764724121.194086,1643,256
1764724121.197413,1644,256
1764724121.200771,1645,256
1764724121.204085,1646,256
1764724121.207445,1647,256
1764724121.210700,1648,256
1764724121.214071,1649,256
1764724121.217415,1650,256
1764724121.220761,1651,256
1764724121.224087,1652,256
1764724121.227415,1653,256
1764724121.230771,1654,256
1764724121.234084,1655,256
1764724121.237422,1656,256
1764724121.240770,1657,256
1764724121.244092,1658,256
1764724121.247415,1659,256
1764724121.250694,1660,256
1764724121.254025,1661,256
1764724121.257372,1662,256
1764724121.260682,1663,256
1764724121.264030,1664,256
1764724121.267361,1665,256
1764724121.270694,1666,256
1764724121.274023,1667,256
1764724121.277354,1668,256
1764724121.280692,1669,256
1764724121.284089,1670,256
1764724121.287363,1671,256
1764724121.290700,1672,256
1764724121.294032,1673,256
1764724121.297424,1674,256
1764724121.300759,1675,256
1764724121.304101,1676,256
1764724121.307451,1677,256
1764724121.310760,1678,256
1764724121.314094,1679,256
1764724121.317422,1680,256
1764724121.320763,1681,256
1764724121.324092,1682,256
1764724121.327407,1683,256
1764724121.330775,1684,256
1764724121.334089,1685,256
1764724121.337408,1686,256
1764724121.340754,1687,256
1764724121.344087,1688,256
1764724121.347408,1689,256
1764724121.350756,1690,256
1764724121.354037,1691,256
1764724121.357360,1692,256
1764724121.360696,1693,256
1764724121.364086,1694,256
1764724121.367465,1695,256
1764724121.370766,1696,256
1764724121.374036,1697,256
1764724121.377419,1698,256
1764724121.380753,1699,256
1764724121.384090,1700,256
1764724121.387420,1701,256
1764724121.390768,1702,256
1764724121.394100,1703,256
1764724121.397435,1704,256
1764724121.400758,1705,256
1764724121.404093,1706,256
1764724121.407424,1707,256
1764724121.410761,1708,256
1764724121.414092,1709,256
1764724121.417429,1710,256
1764724121.420762,1711,256
1764724121.424093,1712,256
1764724121.427438,1713,256
1764724121.430767,1714,256
1764724121.434100,1715,256
1764724121.437429,1716,256
1764724121.440773,1717,256
1764724121.444131,1718,256
1764724121.447424,1719,256
1764724121.450802,1720,256
1764724121.454197,1721,256
1764724121.457523,1722,256
1764724121.460873,1723,256
1764724121.464202,1724,256
1764724121.467511,1725,256
1764724121.470874,1726,256
1764724121.474202,1727,256
1764724121.477516,1728,256
1764724121.480868,1729,256
1764724121.484190,1730,256
1764724121.487472,1731,256
1764724121.490827,1732,256
1764724121.494148,1733,256
1764724121.497364,1734,256
1764724121.500718,1735,256
1764724121.504037,1736,256
1764724121.507473,1737,256
1764724121.510695,1738,256
1764724121.514147,1739,256
1764724121.517392,1740,256
1764724121.520708,1741,256
1764724121.524031,1742,256
1764724121.527383,1743,256
1764724121.530729,1744,256
1764724121.534183,1745,256
1764724121.537424,1746,256
1764724121.540714,1747,256
1764724121.544043,1748,256
1764724121.547374,1749,256
1764724121.550882,1750,256
1764724121.554020,1751,256
1764724121.557358,1752,256
1764724121.560682,1753,256
1764724121.564039,1754,256
1764724121.567415,1755,256
1764724121.570710,1756,256
1764724121.574054,1757,256
1764724121.577401,1758,256
1764724121.580698,1759,256
1764724121.584091,1760,256
1764724121.587380,1761,256
1764724121.590709,1762,256
1764724121.594042,1763,256
1764724121.597376,1764,256
1764724121.600718,1765,256
1764724121.604095,1766,256
1764724121.607442,1767,256
1764724121.610777,1768,256
1764724121.614127,1769,256
1764724121.617459,1770,256
1764724121.620722,1771,256
1764724121.624050,1772,256
1764724121.627386,1773,256
1764724121.630727,1774,256
1764724121.634184,1775,256
1764724121.637391,1776,256
1764724121.640774,1777,256
1764724121.644193,1778,256
1764724121.647435,1779,256
1764724121.650795,1780,256
1764724121.654143,1781,256
1764724121.657433,1782,256
1764724121.660720,1783,256
1764724121.664185,1784,256
1764724121.667454,1785,256
1764724121.670825,1786,256
1764724121.674183,1787,256
1764724121.677426,1788,256
1764724121.680772,1789,256
1764724121.684187,1790,256
1764724121.687423,1791,256
1764724121.690865,1792,256
1764724121.694189,1793,256
1764724121.697421,1794,256
1764724121.700855,1795,256
1764724121.704185,1796,256
1764724121.707509,1797,256
1764724121.710803,1798,256
1764724121.714187,1799,256
1764724121.717431,1800,256
1764724121.720762,1801,256
1764724121.724184,1802,256
1764724121.727517,1803,256
1764724121.730853,1804,256
1764724121.734190,1805,256
1764724121.737517,1806,256
1764724121.740784,1807,256
1764724121.744194,1808,256
1764724121.747518,1809,256
1764724121.750817,1810,256
1764724121.754203,1811,256
1764724121.757503,1812,256
1764724121.760796,1813,256
1764724121.764190,1814,256
1764724121.767508,1815,256
1764724121.770818,1816,256
1764724121.774089,1817,256
1764724121.777407,1818,256
1764724121.780702,1819,256
1764724121.784057,1820,256
1764724121.787360,1821,256
1764724121.790697,1822,256
1764724121.794046,1823,256
1764724121.797375,1824,256
1764724121.800716,1825,256
1764724121.804044,1826,256
1764724121.807425,1827,256
1764724121.810817,1828,256
1764724121.814122,1829,256
1764724121.817424,1830,256
1764724121.820768,1831,256
1764724121.824185,1832,256
1764724121.827426,1833,256
1764724121.830762,1834,256
1764724121.834189,1835,256
1764724121.837445,1836,256
1764724121.840801,1837,256
1764724121.844189,1838,256
1764724121.847439,1839,256
1764724121.850705,1840,256
1764724121.854170,1841,256
1764724121.857367,1842,256
1764724121.860707,1843,256
1764724121.864026,1844,256
1764724121.867388,1845,256
1764724121.870769,1846,256
1764724121.874085,1847,256
1764724121.877367,1848,256
1764724121.880698,1849,256
1764724121.884092,1850,256
1764724121.887424,1851,256
1764724121.890764,1852,256
1764724121.894097,1853,256
1764724121.897429,1854,256
1764724121.900759,1855,256
1764724121.904086,1856,256
1764724121.907418,1857,256
1764724121.910755,1858,256
1764724121.914092,1859,256
1764724121.917416,1860,256
1764724121.920773,1861,256
1764724121.924091,1862,256
1764724121.927413,1863,256
1764724121.930750,1864,256
1764724121.934093,1865,256
1764724121.937418,1866,256
1764724121.940767,1867,256
1764724121.944094,1868,256
1764724121.947429,1869,256
1764724121.950773,1870,256
1764724121.954036,1871,256
1764724121.957359,1872,256
1764724121.960692,1873,256
1764724121.964034,1874,256
1764724121.967358,1875,256
1764724121.970694,1876,256
1764724121.974030,1877,256
1764724121.977371,1878,256
1764724121.980698,1879,256
1764724121.984056,1880,256
1764724121.987456,1881,256
1764724121.990697,1882,256
1764724121.994040,1883,256
1764724121.997382,1884,256
1764724122.000737,1885,256
1764724122.004144,1886,256
1764724122.007394,1887,256
1764724122.010740,1888,256
1764724122.014142,1889,256
1764724122.017392,1890,256
1764724122.020820,1891,256
1764724122.024076,1892,256
1764724122.027374,1893,256
1764724122.030708,1894,256
1764724122.034140,1895,256
1764724122.037486,1896,256
1764724122.040735,1897,256
1764724122.044147,1898,256
1764724122.047485,1899,256
1764724122.050740,1900,256
1764724122.054142,1901,256
1764724122.057483,1902,256
1764724122.060739,1903,256
1764724122.064148,1904,256
1764724122.067476,1905,256
1764724122.070738,1906,256
1764724122.074147,1907,256
1764724122.077477,1908,256
1764724122.080736,1909,256
1764724122.084109,1910,256
1764724122.087411,1911,256
1764724122.090707,1912,256
1764724122.094182,1913,256
1764724122.097391,1914,256
1764724122.100744,1915,256
1764724122.104079,1916,256
1764724122.107388,1917,256
1764724122.110813,1918,256
1764724122.114141,1919,256
1764724122.117482,1920,256
1764724122.120804,1921,256
1764724122.124150,1922,256
1764724122.127389,1923,256
1764724122.130742,1924,256
1764724122.134144,1925,256
1764724122.137394,1926,256
1764724122.140831,1927,256
1764724122.144146,1928,256
1764724122.147385,1929,256
1764724122.150822,1930,256
1764724122.154139,1931,256
1764724122.157370,1932,256
1764724122.160737,1933,256
1764724122.164146,1934,256
1764724122.167361,1935,256
1764724122.170724,1936,256
1764724122.174127,1937,256
1764724122.177390,1938,256
1764724122.180829,1939,256
1764724122.184145,1940,256
1764724122.187400,1941,256
1764724122.190728,1942,256
1764724122.194032,1943,256
1764724122.197368,1944,256
1764724122.200700,1945,256
1764724122.204035,1946,256
1764724122.207366,1947,256
1764724122.210691,1948,256
1764724122.214024,1949,256
1764724122.217358,1950,256
1764724122.220694,1951,256
1764724122.224076,1952,256
1764724122.227370,1953,256
1764724122.230711,1954,256
1764724122.234093,1955,256
1764724122.237340,1956,256
1764724122.240796,1957,256
1764724122.244086,1958,256
1764724122.247386,1959,256
1764724122.250709,1960,256
1764724122.254038,1961,256
1764724122.257366,1962,256
1764724122.260701,1963,256
1764724122.264034,1964,256
1764724122.267366,1965,256
1764724122.270702,1966,256
1764724122.274036,1967,256
1764724122.277364,1968,256
1764724122.280711,1969,256
1764724122.284180,1970,256
1764724122.287409,1971,256
1764724122.290744,1972,256
1764724122.294196,1973,256
1764724122.297510,1974,256
1764724122.300742,1975,256
1764724122.304196,1976,256
1764724122.307443,1977,256
1764724122.310724,1978,256
1764724122.314191,1979,256
1764724122.317424,1980,256
1764724122.320709,1981,256
1764724122.324190,1982,256
1764724122.327425,1983,256
1764724122.330733,1984,256
1764724122.334180,1985,256
1764724122.337434,1986,256
1764724122.340797,1987,256
1764724122.344190,1988,256
1764724122.347432,1989,256
1764724122.350773,1990,256
1764724122.354192,1991,256
1764724122.357437,1992,256
1764724122.360823,1993,256
1764724122.364194,1994,256
1764724122.367368,1995,256
1764724122.370731,1996,256
1764724122.374196,1997,256
1764724122.377446,1998,256
1764724122.380774,1999,256
1764724122.384206,2000,256
1764724122.387371,2001,256
1764724122.390790,2002,256
1764724122.394101,2003,256
1764724122.397378,2004,256
1764724122.400699,2005,256
1764724122.404071,2006,256
1764724122.407372,2007,256
1764724122.410711,2008,256
1764724122.414043,2009,256
1764724122.417372,2010,256
1764724122.420716,2011,256
1764724122.424093,2012,256
1764724122.427376,2013,256
1764724122.430707,2014,256
1764724122.434082,2015,256
1764724122.437377,2016,256
1764724122.440710,2017,256
1764724122.444100,2018,256
1764724122.447403,2019,256
1764724122.450714,2020,256
1764724122.454093,2021,256
1764724122.457376,2022,256
1764724122.460714,2023,256
1764724122.464087,2024,256
1764724122.467370,2025,256
1764724122.470713,2026,256
1764724122.474086,2027,256
1764724122.477364,2028,256
1764724122.480718,2029,256
1764724122.484115,2030,256
1764724122.487392,2031,256
1764724122.490756,2032,256
1764724122.494185,2033,256
1764724122.497503,2034,256
1764724122.500755,2035,256
1764724122.504195,2036,256
1764724122.507517,2037,256
1764724122.510744,2038,256
1764724122.514196,2039,256
1764724122.517495,2040,256
1764724122.520728,2041,256
1764724122.524198,2042,256
1764724122.527375,2043,256
1764724122.530694,2044,256
1764724122.534202,2045,256
1764724122.537379,2046,256
1764724122.540714,2047,256
1764724122.544042,2048,256
1764724122.547368,2049,256
1764724122.550709,2050,256
1764724122.554088,2051,256
1764724122.557412,2052,256
1764724122.560710,2053,256
1764724122.564035,2054,256
1764724122.567367,2055,256
1764724122.570710,2056,256
1764724122.574094,2057,256
1764724122.577420,2058,256
1764724122.580711,2059,256
1764724122.584085,2060,256
1764724122.587434,2061,256
1764724122.590715,2062,256
1764724122.594074,2063,256
1764724122.597411,2064,256
1764724122.600710,2065,256
1764724122.604034,2066,256
1764724122.607364,2067,256
1764724122.610698,2068,256
1764724122.614034,2069,256
1764724122.617368,2070,256
1764724122.620734,2071,256
1764724122.624120,2072,256
1764724122.627371,2073,256
1764724122.630754,2074,256
1764724122.634188,2075,256
1764724122.637417,2076,256
1764724122.640790,2077,256
1764724122.644193,2078,256
1764724122.647391,2079,256
1764724122.650823,2080,256
1764724122.654141,2081,256
1764724122.657470,2082,256
1764724122.660830,2083,256
1764724122.664145,2084,256
1764724122.667469,2085,256
1764724122.670825,2086,256
1764724122.674143,2087,256
1764724122.677444,2088,256
1764724122.680822,2089,256
1764724122.684147,2090,256
1764724122.687385,2091,256
1764724122.690819,2092,256
1764724122.694137,2093,256
1764724122.697378,2094,256
1764724122.700733,2095,256
1764724122.704128,2096,256
1764724122.707387,2097,256
1764724122.710821,2098,256
1764724122.714148,2099,256
1764724122.717380,2100,256
1764724122.720816,2101,256
1764724122.724149,2102,256
1764724122.727384,2103,256
1764724122.730713,2104,256
1764724122.734131,2105,256
1764724122.737380,2106,256
1764724122.740712,2107,256
1764724122.744139,2108,256
1764724122.747385,2109,256
1764724122.750720,2110,256
1764724122.754030,2111,256
1764724122.757392,2112,256
1764724122.760827,2113,256
1764724122.764171,2114,256
1764724122.767391,2115,256
1764724122.770819,2116,256
1764724122.774047,2117,256
1764724122.777367,2118,256
1764724122.780694,2119,256
1764724122.784028,2120,256
1764724122.787358,2121,256
1764724122.790693,2122,256
1764724122.794080,2123,256
1764724122.797393,2124,256
1764724122.800720,2125,256
1764724122.804097,2126,256
1764724122.807416,2127,256
1764724122.810725,2128,256
1764724122.814062,2129,256
1764724122.817423,2130,256
1764724122.820714,2131,256
1764724122.824091,2132,256
1764724122.827434,2133,256
1764724122.830712,2134,256
1764724122.834078,2135,256
1764724122.837424,2136,256
1764724122.840712,2137,256
1764724122.844096,2138,256
1764724122.847416,2139,256
1764724122.850708,2140,256
1764724122.854089,2141,256
1764724122.857426,2142,256
1764724122.860713,2143,256
1764724122.864093,2144,256
1764724122.867430,2145,256
1764724122.870764,2146,256
1764724122.874082,2147,256
1764724122.877419,2148,256
1764724122.880714,2149,256
1764724122.884093,2150,256
1764724122.887428,2151,256
1764724122.890752,2152,256
1764724122.894083,2153,256
1764724122.897427,2154,256
1764724122.900709,2155,256
1764724122.904100,2156,256
1764724122.907431,2157,256
1764724122.910714,2158,256
1764724122.914189,2159,256
1764724122.917452,2160,256
1764724122.920770,2161,256
1764724122.924099,2162,256
1764724122.927419,2163,256
1764724122.930714,2164,256
1764724122.934036,2165,256
1764724122.937367,2166,256
1764724122.940697,2167,256
1764724122.944079,2168,256
1764724122.947438,2169,256
1764724122.950710,2170,256
1764724122.954091,2171,256
1764724122.957446,2172,256
1764724122.960704,2173,256
1764724122.964077,2174,256
1764724122.967432,2175,256
1764724122.970707,2176,256
1764724122.974086,2177,256
1764724122.977431,2178,256
1764724122.980704,2179,256
1764724122.984041,2180,256
1764724122.987409,2181,256
1764724122.990748,2182,256
1764724122.994040,2183,256
1764724122.997371,2184,256
1764724123.000703,2185,256
1764724123.004081,2186,256
1764724123.007380,2187,256
1764724123.010717,2188,256
1764724123.014037,2189,256
1764724123.017357,2190,256
1764724123.020729,2191,256
1764724123.024144,2192,256
1764724123.027391,2193,256
1764724123.030717,2194,256
1764724123.034124,2195,256
1764724123.037389,2196,256
1764724123.040739,2197,256
1764724123.044147,2198,256
1764724123.047395,2199,256
1764724123.050740,2200,256
1764724123.054146,2201,256
1764724123.057397,2202,256
1764724123.060742,2203,256
1764724123.064149,2204,256
1764724123.067387,2205,256
1764724123.070733,2206,256
1764724123.074145,2207,256
1764724123.077384,2208,256
1764724123.080744,2209,256
1764724123.084138,2210,256
1764724123.087373,2211,256
1764724123.090733,2212,256
1764724123.094028,2213,256
1764724123.097357,2214,256
1764724123.100712,2215,256
1764724123.104066,2216,256
1764724123.107383,2217,256
1764724123.110736,2218,256
1764724123.114073,2219,256
1764724123.117382,2220,256
1764724123.120745,2221,256
1764724123.124140,2222,256
1764724123.127369,2223,256
1764724123.130724,2224,256
1764724123.134045,2225,256
1764724123.137361,2226,256
1764724123.140723,2227,256
1764724123.144058,2228,256
1764724123.147379,2229,256
1764724123.150743,2230,256
1764724123.154075,2231,256
1764724123.157393,2232,256
1764724123.160748,2233,256
1764724123.164146,2234,256
1764724123.167397,2235,256
1764724123.170742,2236,256
1764724123.174142,2237,256
1764724123.177383,2238,256
1764724123.180743,2239,256
1764724123.184154,2240,256
1764724123.187405,2241,256
1764724123.190703,2242,256
1764724123.194036,2243,256
1764724123.197360,2244,256
1764724123.200701,2245,256
1764724123.204145,2246,256
1764724123.207382,2247,256
1764724123.210735,2248,256
1764724123.214136,2249,256
1764724123.217373,2250,256
1764724123.220708,2251,256
1764724123.224057,2252,256
1764724123.227381,2253,256
1764724123.230743,2254,256
1764724123.234146,2255,256
1764724123.237372,2256,256
1764724123.240713,2257,256
1764724123.244136,2258,256
1764724123.247381,2259,256
1764724123.250739,2260,256
1764724123.254070,2261,256
1764724123.257416,2262,256
1764724123.260728,2263,256
1764724123.264140,2264,256
1764724123.267355,2265,256
1764724123.270712,2266,256
1764724123.274035,2267,256
1764724123.277378,2268,256
1764724123.280725,2269,256
1764724123.284141,2270,256
1764724123.287481,2271,256
1764724123.290821,2272,256
1764724123.294149,2273,256
1764724123.297500,2274,256
1764724123.300811,2275,256
1764724123.304145,2276,256
1764724123.307488,2277,256
1764724123.310814,2278,256
1764724123.314143,2279,256
1764724123.317482,2280,256
1764724123.320804,2281,256
1764724123.324144,2282,256
1764724123.327477,2283,256
1764724123.330832,2284,256
1764724123.334141,2285,256
1764724123.337486,2286,256
1764724123.340827,2287,256
1764724123.344148,2288,256
1764724123.347478,2289,256
1764724123.350761,2290,256
1764724123.354140,2291,256
1764724123.357368,2292,256
1764724123.360723,2293,256
1764724123.364041,2294,256
1764724123.367349,2295,256
1764724123.370687,2296,256
1764724123.374032,2297,256
1764724123.377364,2298,256
1764724123.380690,2299,256
1764724123.384017,2300,256
1764724123.387353,2301,256
1764724123.390686,2302,256
1764724123.394091,2303,256
1764724123.397385,2304,256
1764724123.400690,2305,256
1764724123.404128,2306,256
1764724123.407428,2307,256
1764724123.410776,2308,256
1764724123.414123,2309,256
1764724123.417370,2310,256
1764724123.420715,2311,256
1764724123.424083,2312,256
1764724123.427361,2313,256
1764724123.430718,2314,256
1764724123.434130,2315,256
1764724123.437370,2316,256
1764724123.440709,2317,256
1764724123.444185,2318,256
1764724123.447386,2319,256
1764724123.450726,2320,256
1764724123.454183,2321,256
1764724123.457381,2322,256
1764724123.460719,2323,256
1764724123.464168,2324,256
1764724123.467377,2325,256
1764724123.470728,2326,256
1764724123.474185,2327,256
1764724123.477389,2328,256
1764724123.480798,2329,256
1764724123.484186,2330,256
1764724123.487512,2331,256
1764724123.490792,2332,256
1764724123.494188,2333,256
1764724123.497436,2334,256
1764724123.500781,2335,256
1764724123.504169,2336,256
1764724123.507514,2337,256
1764724123.510736,2338,256
1764724123.514188,2339,256
1764724123.517519,2340,256
1764724123.520799,2341,256
1764724123.524191,2342,256
1764724123.527367,2343,256
1764724123.530702,2344,256
1764724123.534095,2345,256
1764724123.537363,2346,256
1764724123.540720,2347,256
1764724123.544048,2348,256
1764724123.547363,2349,256
1764724123.550820,2350,256
1764724123.554144,2351,256
1764724123.557406,2352,256
1764724123.560829,2353,256
1764724123.564155,2354,256
1764724123.567405,2355,256
1764724123.570820,2356,256
1764724123.574157,2357,256
1764724123.577407,2358,256
1764724123.580821,2359,256
1764724123.584059,2360,256
1764724123.587464,2361,256
1764724123.590806,2362,256
1764724123.594159,2363,256
1764724123.597391,2364,256
1764724123.600811,2365,256
1764724123.604151,2366,256
1764724123.607477,2367,256
1764724123.610823,2368,256
1764724123.614145,2369,256
1764724123.617481,2370,256
1764724123.620822,2371,256
1764724123.624052,2372,256
1764724123.627368,2373,256
1764724123.630711,2374,256
1764724123.634016,2375,256
1764724123.637352,2376,256
1764724123.640683,2377,256
1764724123.644017,2378,256
1764724123.647354,2379,256
1764724123.650683,2380,256
1764724123.654017,2381,256
1764724123.657352,2382,256
1764724123.660690,2383,256
1764724123.664016,2384,256
1764724123.667348,2385,256
1764724123.670687,2386,256
1764724123.674023,2387,256
1764724123.677349,2388,256
1764724123.680685,2389,256
1764724123.684034,2390,256
1764724123.687354,2391,256
1764724123.690686,2392,256
1764724123.694019,2393,256
1764724123.697353,2394,256
1764724123.700685,2395,256
1764724123.704016,2396,256
1764724123.707347,2397,256
1764724123.710680,2398,256
1764724123.714017,2399,256
1764724123.717353,2400,256
1764724123.720685,2401,256
1764724123.724032,2402,256
1764724123.727357,2403,256
1764724123.730690,2404,256
1764724123.734019,2405,256
1764724123.737352,2406,256
1764724123.740685,2407,256
1764724123.744019,2408,256
1764724123.747352,2409,256
1764724123.750700,2410,256
1764724123.754037,2411,256
1764724123.757353,2412,256
1764724123.760730,2413,256
1764724123.764138,2414,256
1764724123.767385,2415,256
1764724123.770728,2416,256
1764724123.774156,2417,256
1764724123.777369,2418,256
1764724123.780722,2419,256
1764724123.784143,2420,256
1764724123.787391,2421,256
1764724123.790826,2422,256
1764724123.794136,2423,256
1764724123.797391,2424,256
1764724123.800713,2425,256
1764724123.804051,2426,256
1764724123.807366,2427,256
1764724123.810800,2428,256
1764724123.814139,2429,256
1764724123.817372,2430,256
1764724123.820726,2431,256
1764724123.824145,2432,256
1764724123.827388,2433,256
1764724123.830744,2434,256
1764724123.834065,2435,256
1764724123.837376,2436,256
1764724123.840725,2437,256
1764724123.844139,2438,256
1764724123.847387,2439,256
1764724123.850732,2440,256
1764724123.854148,2441,256
1764724123.857379,2442,256
1764724123.860733,2443,256
1764724123.864048,2444,256
1764724123.867374,2445,256
1764724123.870730,2446,256
1764724123.874154,2447,256
1764724123.877376,2448,256
1764724123.880711,2449,256
1764724123.884140,2450,256
1764724123.887380,2451,256
1764724123.890730,2452,256
1764724123.894145,2453,256
1764724123.897383,2454,256
1764724123.900732,2455,256
1764724123.904148,2456,256
1764724123.907387,2457,256
1764724123.910736,2458,256
1764724123.914155,2459,256
1764724123.917392,2460,256
1764724123.920734,2461,256
1764724123.924149,2462,256
1764724123.927382,2463,256
1764724123.930812,2464,256
1764724123.934148,2465,256
1764724123.937385,2466,256
1764724123.940814,2467,256
1764724123.944143,2468,256
1764724123.947393,2469,256
1764724123.950732,2470,256
1764724123.954068,2471,256
1764724123.957377,2472,256
1764724123.960729,2473,256
1764724123.964099,2474,256
1764724123.967405,2475,256
1764724123.970693,2476,256
1764724123.974052,2477,256
1764724123.977352,2478,256
1764724123.980690,2479,256
1764724123.984053,2480,256
1764724123.987355,2481,256
1764724123.990690,2482,256
1764724123.994047,2483,256
1764724123.997366,2484,256
1764724124.000712,2485,256
1764724124.004067,2486,256
1764724124.007431,2487,256
1764724124.010736,2488,256
1764724124.014120,2489,256
1764724124.017373,2490,256
1764724124.020723,2491,256
1764724124.024125,2492,256
1764724124.027417,2493,256
1764724124.030730,2494,256
1764724124.034120,2495,256
1764724124.037427,2496,256
1764724124.040712,2497,256
1764724124.044035,2498,256
1764724124.047381,2499,256
1764724124.050861,2500,256
1764724124.054191,2501,256
1764724124.057409,2502,256
1764724124.060822,2503,256
1764724124.064190,2504,256
1764724124.067522,2505,256
1764724124.070879,2506,256
1764724124.074194,2507,256
1764724124.077528,2508,256
1764724124.080865,2509,256
1764724124.084198,2510,256
1764724124.087511,2511,256
1764724124.090863,2512,256
1764724124.094192,2513,256
1764724124.097511,2514,256
1764724124.100859,2515,256
1764724124.104194,2516,256
1764724124.107512,2517,256
1764724124.110862,2518,256
1764724124.114192,2519,256
1764724124.117513,2520,256
1764724124.120870,2521,256
1764724124.124078,2522,256
1764724124.127406,2523,256
1764724124.130870,2524,256
1764724124.134194,2525,256
1764724124.137390,2526,256
1764724124.140821,2527,256
1764724124.144145,2528,256
1764724124.147482,2529,256
1764724124.150740,2530,256
1764724124.154140,2531,256
1764724124.157482,2532,256
1764724124.160817,2533,256
1764724124.164143,2534,256
1764724124.167489,2535,256
1764724124.170827,2536,256
1764724124.174151,2537,256
1764724124.177475,2538,256
1764724124.180812,2539,256
1764724124.184043,2540,256
1764724124.187359,2541,256
1764724124.190815,2542,256
1764724124.194142,2543,256
1764724124.197373,2544,256
1764724124.200817,2545,256
1764724124.204148,2546,256
1764724124.207485,2547,256
1764724124.210812,2548,256
1764724124.214065,2549,256
1764724124.217504,2550,256
1764724124.220823,2551,256
1764724124.224147,2552,256
1764724124.227483,2553,256
1764724124.230821,2554,256
1764724124.234152,2555,256
1764724124.237479,2556,256
1764724124.240826,2557,256
1764724124.244073,2558,256
1764724124.247379,2559,256
1764724124.250696,2560,256
1764724124.254026,2561,256
1764724124.257367,2562,256
1764724124.260707,2563,256
1764724124.264093,2564,256
1764724124.267429,2565,256
1764724124.270712,2566,256
1764724124.274092,2567,256
1764724124.277365,2568,256
1764724124.280692,2569,256
1764724124.284023,2570,256
1764724124.287362,2571,256
1764724124.290704,2572,256
1764724124.294030,2573,256
1764724124.297367,2574,256
1764724124.300707,2575,256
1764724124.304078,2576,256
1764724124.307424,2577,256
1764724124.310705,2578,256
1764724124.314029,2579,256
1764724124.317392,2580,256
1764724124.320690,2581,256
1764724124.324023,2582,256
1764724124.327378,2583,256
1764724124.330709,2584,256
1764724124.334032,2585,256
1764724124.337372,2586,256
1764724124.340721,2587,256
1764724124.344051,2588,256
1764724124.347379,2589,256
1764724124.350695,2590,256
1764724124.354038,2591,256
1764724124.357364,2592,256
1764724124.360723,2593,256
1764724124.364045,2594,256
1764724124.367362,2595,256
1764724124.370706,2596,256
1764724124.374031,2597,256
1764724124.377362,2598,256
1764724124.380703,2599,256
1764724124.384028,2600,256
1764724124.387359,2601,256
1764724124.390701,2602,256
1764724124.394026,2603,256
1764724124.397361,2604,256
1764724124.400698,2605,256
1764724124.404027,2606,256
1764724124.407357,2607,256
1764724124.410700,2608,256
1764724124.414029,2609,256
1764724124.417358,2610,256
1764724124.420698,2611,256
1764724124.424029,2612,256
1764724124.427362,2613,256
1764724124.430702,2614,256
1764724124.434033,2615,256
1764724124.437362,2616,256
1764724124.440700,2617,256
1764724124.444030,2618,256
1764724124.447360,2619,256
1764724124.450765,2620,256
1764724124.454039,2621,256
1764724124.457364,2622,256
1764724124.460701,2623,256
1764724124.464025,2624,256
1764724124.467364,2625,256
1764724124.470691,2626,256
1764724124.474025,2627,256
1764724124.477362,2628,256
1764724124.480699,2629,256
1764724124.484082,2630,256
1764724124.487414,2631,256
1764724124.490760,2632,256
1764724124.494085,2633,256
1764724124.497365,2634,256
1764724124.500689,2635,256
1764724124.504077,2636,256
1764724124.507367,2637,256
1764724124.510697,2638,256
1764724124.514093,2639,256
1764724124.517381,2640,256
1764724124.520715,2641,256
1764724124.524028,2642,256
1764724124.527353,2643,256
1764724124.530688,2644,256
1764724124.534022,2645,256
1764724124.537351,2646,256
1764724124.540757,2647,256
1764724124.544039,2648,256
1764724124.547360,2649,256
1764724124.550696,2650,256
1764724124.554024,2651,256
1764724124.557368,2652,256
1764724124.560710,2653,256
1764724124.569968,2654,256
1764724124.570090,2655,256
1764724124.570693,2656,256
1764724124.574043,2657,256
1764724124.577429,2658,256
1764724124.580717,2659,256
1764724124.584055,2660,256
1764724124.587516,2661,256
1764724124.590784,2662,256
1764724124.594131,2663,256
1764724124.597414,2664,256
1764724124.600754,2665,256
1764724124.604104,2666,256
1764724124.607436,2667,256
1764724124.610767,2668,256
1764724124.614085,2669,256
1764724124.617436,2670,256
1764724124.620753,2671,256
1764724124.624042,2672,256
1764724124.627367,2673,256
1764724124.630709,2674,256
1764724124.634041,2675,256
1764724124.637367,2676,256
1764724124.640713,2677,256
1764724124.644043,2678,256
1764724124.647368,2679,256
1764724124.650690,2680,256
1764724124.654026,2681,256
1764724124.657362,2682,256
1764724124.660690,2683,256
1764724124.664025,2684,256
1764724124.667354,2685,256
1764724124.670688,2686,256
1764724124.674022,2687,256
1764724124.677357,2688,256
1764724124.680689,2689,256
1764724124.684018,2690,256
1764724124.687351,2691,256
1764724124.690691,2692,256
1764724124.694022,2693,256
1764724124.697355,2694,256
1764724124.700706,2695,256
1764724124.704058,2696,256
1764724124.707361,2697,256
1764724124.710724,2698,256
1764724124.714185,2699,256
1764724124.717376,2700,256
1764724124.720878,2701,256
1764724124.724149,2702,256
1764724124.727508,2703,256
1764724124.730819,2704,256
1764724124.734132,2705,256
1764724124.737443,2706,256
1764724124.740868,2707,256
1764724124.744204,2708,256
1764724124.747455,2709,256
1764724124.750802,2710,256
1764724124.754124,2711,256
1764724124.757406,2712,256
1764724124.760804,2713,256
1764724124.764123,2714,256
1764724124.767360,2715,256
1764724124.770686,2716,256
1764724124.774018,2717,256
1764724124.777350,2718,256
1764724124.780680,2719,256
1764724124.784015,2720,256
1764724124.787349,2721,256
1764724124.790686,2722,256
1764724124.794018,2723,256
1764724124.797352,2724,256
1764724124.800687,2725,256
1764724124.804018,2726,256
1764724124.807350,2727,256
1764724124.810684,2728,256
1764724124.814025,2729,256
1764724124.817354,2730,256
1764724124.820685,2731,256
1764724124.824018,2732,256
1764724124.827356,2733,256
1764724124.830701,2734,256
1764724124.834033,2735,256
1764724124.837352,2736,256
1764724124.840683,2737,256
1764724124.844019,2738,256
1764724124.847351,2739,256
1764724124.850682,2740,256
1764724124.854017,2741,256
1764724124.857350,2742,256
1764724124.860764,2743,256
1764724124.864031,2744,256
1764724124.867366,2745,256
1764724124.870704,2746,256
1764724124.874039,2747,256
1764724124.877372,2748,256
1764724124.880713,2749,256
1764724124.884076,2750,256
1764724124.887454,2751,256
1764724124.890756,2752,256
1764724124.894097,2753,256
1764724124.897414,2754,256
1764724124.900751,2755,256
1764724124.904090,2756,256
1764724124.907428,2757,256
1764724124.910760,2758,256
1764724124.914096,2759,256
1764724124.917423,2760,256
1764724124.920758,2761,256
1764724124.924089,2762,256
1764724124.927379,2763,256
1764724124.930712,2764,256
1764724124.934086,2765,256
1764724124.937418,2766,256
1764724124.940760,2767,256
1764724124.944086,2768,256
1764724124.947433,2769,256
1764724124.950767,2770,256
1764724124.954088,2771,256
1764724124.957421,2772,256
1764724124.960760,2773,256
1764724124.964083,2774,256
1764724124.967413,2775,256
1764724124.970756,2776,256
1764724124.974086,2777,256
1764724124.977413,2778,256
1764724124.980757,2779,256
1764724124.984083,2780,256
1764724124.987417,2781,256
1764724124.990758,2782,256
1764724124.994092,2783,256
1764724124.997435,2784,256
1764724125.000762,2785,256
1764724125.004082,2786,256
1764724125.007437,2787,256
1764724125.010755,2788,256
1764724125.014092,2789,256
1764724125.017380,2790,256
1764724125.020762,2791,256
1764724125.024090,2792,256
1764724125.027424,2793,256
1764724125.030692,2794,256
1764724125.034022,2795,256
1764724125.037376,2796,256
1764724125.040698,2797,256
1764724125.044026,2798,256
1764724125.047355,2799,256
1764724125.050692,2800,256
1764724125.054025,2801,256
1764724125.057361,2802,256
1764724125.060690,2803,256
1764724125.064040,2804,256
1764724125.067375,2805,256
1764724125.070713,2806,256
1764724125.074114,2807,256
1764724125.077384,2808,256
1764724125.080722,2809,256
1764724125.084183,2810,256
1764724125.087395,2811,256
1764724125.090711,2812,256
1764724125.094194,2813,256
1764724125.097524,2814,256
1764724125.100744,2815,256
1764724125.104191,2816,256
1764724125.107522,2817,256
1764724125.110744,2818,256
1764724125.114109,2819,256
1764724125.117416,2820,256
1764724125.120707,2821,256
1764724125.124087,2822,256
1764724125.127376,2823,256
1764724125.130738,2824,256
1764724125.134085,2825,256
1764724125.137525,2826,256
1764724125.140744,2827,256
1764724125.144196,2828,256
1764724125.147373,2829,256
1764724125.150733,2830,256
1764724125.154134,2831,256
1764724125.157376,2832,256
1764724125.160696,2833,256
1764724125.164035,2834,256
1764724125.167367,2835,256
1764724125.170724,2836,256
1764724125.174025,2837,256
1764724125.177353,2838,256
1764724125.180705,2839,256
1764724125.184058,2840,256
1764724125.187368,2841,256
1764724125.190705,2842,256
1764724125.194019,2843,256
1764724125.197351,2844,256
1764724125.200682,2845,256
1764724125.204014,2846,256
1764724125.207351,2847,256
1764724125.210688,2848,256
1764724125.214015,2849,256
1764724125.217350,2850,256
1764724125.220683,2851,256
1764724125.224014,2852,256
1764724125.227349,2853,256
1764724125.230682,2854,256
1764724125.234015,2855,256
1764724125.237348,2856,256
1764724125.240681,2857,256
1764724125.244012,2858,256
1764724125.247347,2859,256
1764724125.250682,2860,256
1764724125.254015,2861,256
1764724125.257349,2862,256
1764724125.260684,2863,256
1764724125.264148,2864,256
1764724125.267367,2865,256
1764724125.270703,2866,256
1764724125.274028,2867,256
1764724125.277350,2868,256
1764724125.280698,2869,256
1764724125.284032,2870,256
1764724125.287358,2871,256
1764724125.290733,2872,256
1764724125.294070,2873,256
1764724125.297388,2874,256
1764724125.300738,2875,256
1764724125.304085,2876,256
1764724125.307363,2877,256
1764724125.310812,2878,256
1764724125.314141,2879,256
1764724125.317485,2880,256
1764724125.320828,2881,256
1764724125.324139,2882,256
1764724125.327397,2883,256
1764724125.330818,2884,256
1764724125.334152,2885,256
1764724125.337372,2886,256
1764724125.340814,2887,256
1764724125.344158,2888,256
1764724125.347390,2889,256
1764724125.350825,2890,256
1764724125.354146,2891,256
1764724125.357486,2892,256
1764724125.360700,2893,256
1764724125.364036,2894,256
1764724125.367471,2895,256
1764724125.370814,2896,256
1764724125.374148,2897,256
1764724125.377493,2898,256
1764724125.380828,2899,256
1764724125.384135,2900,256
1764724125.387456,2901,256
1764724125.390805,2902,256
1764724125.394140,2903,256
1764724125.397373,2904,256
1764724125.400819,2905,256
1764724125.404151,2906,256
1764724125.407468,2907,256
1764724125.410815,2908,256
1764724125.414142,2909,256
1764724125.417479,2910,256
1764724125.420831,2911,256
1764724125.424148,2912,256
1764724125.427475,2913,256
1764724125.430827,2914,256
1764724125.434139,2915,256
1764724125.437470,2916,256
1764724125.440807,2917,256
1764724125.444144,2918,256
1764724125.447466,2919,256
1764724125.450815,2920,256
1764724125.454142,2921,256
1764724125.457472,2922,256
1764724125.460817,2923,256
1764724125.464156,2924,256
1764724125.467491,2925,256
1764724125.470832,2926,256
1764724125.474163,2927,256
1764724125.477379,2928,256
1764724125.480695,2929,256
1764724125.484022,2930,256
1764724125.487368,2931,256
1764724125.490699,2932,256
1764724125.494086,2933,256
1764724125.497367,2934,256
1764724125.500708,2935,256
1764724125.504082,2936,256
1764724125.507371,2937,256
1764724125.510711,2938,256
1764724125.514092,2939,256
1764724125.517371,2940,256
1764724125.520708,2941,256
1764724125.524092,2942,256
1764724125.527373,2943,256
1764724125.530698,2944,256
1764724125.534071,2945,256
1764724125.537369,2946,256
1764724125.540714,2947,256
1764724125.544030,2948,256
1764724125.547362,2949,256
1764724125.550734,2950,256
1764724125.554084,2951,256
1764724125.557416,2952,256
1764724125.560750,2953,256
1764724125.564081,2954,256
1764724125.567369,2955,256
1764724125.570763,2956,256
1764724125.574077,2957,256
1764724125.577365,2958,256
1764724125.580767,2959,256
1764724125.584084,2960,256
1764724125.587367,2961,256
1764724125.590762,2962,256
1764724125.594038,2963,256
1764724125.597374,2964,256
1764724125.600770,2965,256
1764724125.604042,2966,256
1764724125.607369,2967,256
1764724125.610763,2968,256
1764724125.614035,2969,256
1764724125.617371,2970,256
1764724125.620762,2971,256
1764724125.624031,2972,256
1764724125.627363,2973,256
1764724125.630755,2974,256
1764724125.634080,2975,256
1764724125.637379,2976,256
1764724125.640758,2977,256
1764724125.644037,2978,256
1764724125.647367,2979,256
1764724125.650749,2980,256
1764724125.654036,2981,256
1764724125.657368,2982,256
1764724125.660752,2983,256
1764724125.664080,2984,256
1764724125.667363,2985,256
1764724125.670750,2986,256
1764724125.674038,2987,256
1764724125.677364,2988,256
1764724125.680726,2989,256
1764724125.684039,2990,256
1764724125.687367,2991,256
1764724125.690706,2992,256
1764724125.694064,2993,256
1764724125.697398,2994,256
1764724125.700720,2995,256
1764724125.704073,2996,256
1764724125.707362,2997,256
1764724125.710694,2998,256
1764724125.714159,2999,256
1764724125.717377,3000,256
1764724125.720709,3001,256
1764724125.724192,3002,256
1764724125.727368,3003,256
1764724125.730724,3004,256
1764724125.734074,3005,256
1764724125.737401,3006,256
1764724125.740713,3007,256
1764724125.744064,3008,256
1764724125.747391,3009,256
1764724125.750738,3010,256
1764724125.754148,3011,256
1764724125.757423,3012,256
1764724125.760738,3013,256
1764724125.764137,3014,256
1764724125.767400,3015,256
1764724125.770737,3016,256
1764724125.774157,3017,256
1764724125.777371,3018,256
1764724125.780714,3019,256
1764724125.784125,3020,256
1764724125.787361,3021,256
1764724125.790737,3022,256
1764724125.794147,3023,256
1764724125.797354,3024,256
1764724125.800735,3025,256
1764724125.804137,3026,256
1764724125.807365,3027,256
1764724125.810742,3028,256
1764724125.814132,3029,256
1764724125.817377,3030,256
1764724125.820734,3031,256
1764724125.824137,3032,256
1764724125.827348,3033,256
1764724125.830714,3034,256
1764724125.834139,3035,256
1764724125.837360,3036,256
1764724125.840734,3037,256
1764724125.844148,3038,256
1764724125.847377,3039,256
1764724125.850734,3040,256
1764724125.854124,3041,256
1764724125.857378,3042,256
1764724125.860722,3043,256
1764724125.864136,3044,256
1764724125.867372,3045,256
1764724125.870739,3046,256
1764724125.874149,3047,256
1764724125.877354,3048,256
1764724125.880739,3049,256
1764724125.884134,3050,256
1764724125.887373,3051,256
1764724125.890692,3052,256
1764724125.894044,3053,256
1764724125.897376,3054,256
1764724125.900710,3055,256
1764724125.904180,3056,256
1764724125.907481,3057,256
1764724125.910713,3058,256
1764724125.914144,3059,256
1764724125.917480,3060,256
1764724125.920717,3061,256
1764724125.924142,3062,256
1764724125.927475,3063,256
1764724125.930719,3064,256
1764724125.934147,3065,256
1764724125.937442,3066,256
1764724125.940756,3067,256
1764724125.944158,3068,256
1764724125.947373,3069,256
1764724125.950713,3070,256
1764724125.954179,3071,256
1764724125.957389,3072,256
1764724125.960772,3073,256
1764724125.964129,3074,256
1764724125.967376,3075,256
1764724125.970782,3076,256
1764724125.974160,3077,256
1764724125.977403,3078,256
1764724125.980766,3079,256
1764724125.984099,3080,256
1764724125.987365,3081,256
1764724125.990693,3082,256
1764724125.994183,3083,256
1764724125.997362,3084,256
1764724126.000740,3085,256
1764724126.004071,3086,256
1764724126.007395,3087,256
1764724126.010811,3088,256
1764724126.014098,3089,256
1764724126.017364,3090,256
1764724126.020693,3091,256
1764724126.024080,3092,256
1764724126.027374,3093,256
1764724126.030712,3094,256
1764724126.034062,3095,256
1764724126.037372,3096,256
1764724126.040697,3097,256
1764724126.044083,3098,256
1764724126.047369,3099,256
1764724126.050707,3100,256
1764724126.054081,3101,256
1764724126.057376,3102,256
1764724126.060760,3103,256
1764724126.064091,3104,256
1764724126.067410,3105,256
1764724126.070753,3106,256
1764724126.074027,3107,256
1764724126.077363,3108,256
1764724126.080698,3109,256
1764724126.084025,3110,256
1764724126.087362,3111,256
1764724126.090708,3112,256
1764724126.094032,3113,256
1764724126.097358,3114,256
1764724126.100694,3115,256
1764724126.104028,3116,256
1764724126.107363,3117,256
1764724126.110698,3118,256
1764724126.114030,3119,256
1764724126.117364,3120,256
1764724126.120699,3121,256
1764724126.124047,3122,256
1764724126.127371,3123,256
1764724126.130700,3124,256
1764724126.134085,3125,256
1764724126.137371,3126,256
1764724126.140703,3127,256
1764724126.144075,3128,256
1764724126.147370,3129,256
1764724126.150702,3130,256
1764724126.154046,3131,256
1764724126.157363,3132,256
1764724126.160707,3133,256
1764724126.164066,3134,256
1764724126.167360,3135,256
1764724126.170703,3136,256
1764724126.174067,3137,256
1764724126.177360,3138,256
1764724126.180701,3139,256
1764724126.184080,3140,256
1764724126.187362,3141,256
1764724126.190705,3142,256
1764724126.194084,3143,256
1764724126.197361,3144,256
1764724126.200702,3145,256
1764724126.204076,3146,256
1764724126.207365,3147,256
1764724126.210704,3148,256
1764724126.214087,3149,256
1764724126.217360,3150,256
1764724126.220705,3151,256
1764724126.224083,3152,256
1764724126.227364,3153,256
1764724126.230704,3154,256
1764724126.234087,3155,256
1764724126.237363,3156,256
1764724126.240706,3157,256
1764724126.244078,3158,256
1764724126.247362,3159,256
1764724126.250705,3160,256
1764724126.254083,3161,256
1764724126.257362,3162,256
1764724126.260708,3163,256
1764724126.264030,3164,256
1764724126.267361,3165,256
1764724126.270702,3166,256
1764724126.274077,3167,256
1764724126.277377,3168,256
1764724126.280694,3169,256
1764724126.284020,3170,256
1764724126.287403,3171,256
1764724126.290706,3172,256
1764724126.294084,3173,256
1764724126.297376,3174,256
1764724126.300696,3175,256
1764724126.304086,3176,256
1764724126.307369,3177,256
1764724126.310707,3178,256
1764724126.314079,3179,256
1764724126.317363,3180,256
1764724126.320694,3181,256
1764724126.324019,3182,256
1764724126.327353,3183,256
1764724126.330694,3184,256
1764724126.334027,3185,256
1764724126.337403,3186,256
1764724126.340761,3187,256
1764724126.344087,3188,256
1764724126.347369,3189,256
1764724126.350750,3190,256
1764724126.354078,3191,256
1764724126.357375,3192,256
1764724126.360759,3193,256
1764724126.364092,3194,256
1764724126.367429,3195,256
1764724126.370755,3196,256
1764724126.374079,3197,256
1764724126.377414,3198,256
1764724126.380764,3199,256
1764724126.384115,3200,256
1764724126.387423,3201,256
1764724126.390756,3202,256
1764724126.394195,3203,256
1764724126.397447,3204,256
1764724126.400765,3205,256
1764724126.404187,3206,256
1764724126.407370,3207,256
1764724126.410693,3208,256
1764724126.414023,3209,256
1764724126.417372,3210,256
1764724126.420691,3211,256
1764724126.424027,3212,256
1764724126.427424,3213,256
1764724126.430775,3214,256
1764724126.434096,3215,256
1764724126.437429,3216,256
1764724126.440698,3217,256
1764724126.444028,3218,256
1764724126.447416,3219,256
1764724126.450757,3220,256
1764724126.454092,3221,256
1764724126.457426,3222,256
1764724126.460767,3223,256
1764724126.464093,3224,256
1764724126.467418,3225,256
1764724126.470763,3226,256
1764724126.474025,3227,256
1764724126.477359,3228,256
1764724126.480691,3229,256
1764724126.484025,3230,256
1764724126.487355,3231,256
1764724126.490691,3232,256
1764724126.494027,3233,256
1764724126.497363,3234,256
1764724126.500709,3235,256
1764724126.504027,3236,256
1764724126.507360,3237,256
1764724126.510703,3238,256
1764724126.514031,3239,256
1764724126.517367,3240,256
1764724126.520705,3241,256
1764724126.524069,3242,256
1764724126.527368,3243,256
1764724126.530723,3244,256
1764724126.534028,3245,256
1764724126.537368,3246,256
1764724126.540705,3247,256
1764724126.544022,3248,256
1764724126.547366,3249,256
1764724126.550704,3250,256
1764724126.554197,3251,256
1764724126.557437,3252,256
1764724126.560717,3253,256
1764724126.564191,3254,256
1764724126.567426,3255,256
1764724126.570717,3256,256
1764724126.574184,3257,256
1764724126.577460,3258,256
1764724126.580725,3259,256
1764724126.584194,3260,256
1764724126.587376,3261,256
1764724126.590739,3262,256
1764724126.594187,3263,256
1764724126.597475,3264,256
1764724126.600810,3265,256
1764724126.604144,3266,256
1764724126.607467,3267,256
1764724126.610833,3268,256
1764724126.614145,3269,256
1764724126.617378,3270,256
1764724126.620813,3271,256
1764724126.624139,3272,256
1764724126.627432,3273,256
1764724126.630748,3274,256
1764724126.634181,3275,256
1764724126.637508,3276,256
1764724126.640798,3277,256
1764724126.644180,3278,256
1764724126.647513,3279,256
1764724126.650786,3280,256
1764724126.654175,3281,256
1764724126.657651,3282,256
1764724126.660830,3283,256
1764724126.664145,3284,256
1764724126.667459,3285,256
1764724126.670826,3286,256
1764724126.674137,3287,256
1764724126.677458,3288,256
1764724126.680727,3289,256
1764724126.684141,3290,256
1764724126.687477,3291,256
1764724126.690733,3292,256
1764724126.694140,3293,256
1764724126.697460,3294,256
1764724126.700831,3295,256
1764724126.704146,3296,256
1764724126.707373,3297,256
1764724126.710692,3298,256
1764724126.714036,3299,256
1764724126.717408,3300,256
1764724126.720695,3301,256
1764724126.724051,3302,256
1764724126.727354,3303,256
1764724126.730732,3304,256
1764724126.734047,3305,256
1764724126.737350,3306,256
1764724126.740761,3307,256
1764724126.744064,3308,256
1764724126.747378,3309,256
1764724126.750718,3310,256
1764724126.754073,3311,256
1764724126.757385,3312,256
1764724126.760823,3313,256
1764724126.764113,3314,256
1764724126.767391,3315,256
1764724126.770717,3316,256
1764724126.774185,3317,256
1764724126.777401,3318,256
1764724126.780744,3319,256
1764724126.784061,3320,256
1764724126.787441,3321,256
1764724126.790776,3322,256
1764724126.794062,3323,256
1764724126.797382,3324,256
1764724126.800730,3325,256
1764724126.804055,3326,256
1764724126.807382,3327,256
1764724126.810733,3328,256
1764724126.814053,3329,256
1764724126.817553,3330,256
1764724126.820738,3331,256
1764724126.824061,3332,256
1764724126.827383,3333,256
1764724126.830711,3334,256
1764724126.834043,3335,256
1764724126.837364,3336,256
1764724126.840793,3337,256
1764724126.844059,3338,256
1764724126.847374,3339,256
1764724126.850685,3340,256
1764724126.854019,3341,256
1764724126.857373,3342,256
1764724126.860673,3343,256
1764724126.864039,3344,256
1764724126.867423,3345,256
1764724126.870716,3346,256
1764724126.874066,3347,256
1764724126.877377,3348,256
1764724126.880718,3349,256
1764724126.884042,3350,256
1764724126.887504,3351,256
1764724126.890722,3352,256
1764724126.894083,3353,256
1764724126.897382,3354,256
1764724126.900720,3355,256
1764724126.904053,3356,256
1764724126.907405,3357,256
1764724126.910745,3358,256
1764724126.914057,3359,256
1764724126.917414,3360,256
1764724126.920748,3361,256
1764724126.924038,3362,256
1764724126.927375,3363,256
1764724126.930729,3364,256
1764724126.934066,3365,256
1764724126.937382,3366,256
1764724126.940731,3367,256
1764724126.944056,3368,256
1764724126.947385,3369,256
1764724126.950738,3370,256
1764724126.954213,3371,256
1764724126.957431,3372,256
1764724126.960772,3373,256
1764724126.964064,3374,256
1764724126.967463,3375,256
1764724126.970718,3376,256
1764724126.974035,3377,256
1764724126.977388,3378,256
1764724126.980722,3379,256
1764724126.984188,3380,256
1764724126.987471,3381,256
1764724126.990734,3382,256
1764724126.994054,3383,256
1764724126.997379,3384,256
1764724127.000720,3385,256
1764724127.004112,3386,256
1764724127.007381,3387,256
1764724127.010714,3388,256
1764724127.014132,3389,256
1764724127.017418,3390,256
1764724127.020753,3391,256
1764724127.024100,3392,256
1764724127.027402,3393,256
1764724127.030715,3394,256
1764724127.034030,3395,256
1764724127.037354,3396,256
1764724127.040696,3397,256
1764724127.044046,3398,256
1764724127.047384,3399,256
1764724127.050706,3400,256
1764724127.054033,3401,256
1764724127.057367,3402,256
1764724127.060696,3403,256
1764724127.064091,3404,256
1764724127.067394,3405,256
1764724127.070699,3406,256
1764724127.074031,3407,256
1764724127.077419,3408,256
1764724127.080709,3409,256
1764724127.084040,3410,256
1764724127.087355,3411,256
1764724127.090704,3412,256
1764724127.094038,3413,256
1764724127.097370,3414,256
1764724127.100713,3415,256
1764724127.104032,3416,256
1764724127.107364,3417,256
1764724127.110697,3418,256
1764724127.114037,3419,256
1764724127.117368,3420,256
1764724127.120701,3421,256
1764724127.124030,3422,256
1764724127.127365,3423,256
1764724127.130710,3424,256
1764724127.134113,3425,256
1764724127.137760,3426,256
1764724127.140737,3427,256
1764724127.144088,3428,256
1764724127.147384,3429,256
1764724127.150703,3430,256
1764724127.154094,3431,256
1764724127.157414,3432,256
1764724127.160706,3433,256
1764724127.164079,3434,256
1764724127.167428,3435,256
1764724127.170703,3436,256
1764724127.174038,3437,256
1764724127.177391,3438,256
1764724127.181028,3439,256
1764724127.184032,3440,256
1764724127.187380,3441,256
1764724127.190701,3442,256
1764724127.194044,3443,256
1764724127.197372,3444,256
1764724127.200704,3445,256
1764724127.204042,3446,256
1764724127.207367,3447,256
1764724127.210697,3448,256
1764724127.214050,3449,256
1764724127.217420,3450,256
1764724127.220702,3451,256
1764724127.224117,3452,256
1764724127.227384,3453,256
1764724127.230695,3454,256
1764724127.234021,3455,256
1764724127.237361,3456,256
1764724127.240765,3457,256
1764724127.244055,3458,256
1764724127.247411,3459,256
1764724127.250710,3460,256
1764724127.254049,3461,256
1764724127.257359,3462,256
1764724127.260707,3463,256
1764724127.264049,3464,256
1764724127.267402,3465,256
1764724127.270712,3466,256
1764724127.274094,3467,256
1764724127.277385,3468,256
1764724127.280714,3469,256
1764724127.284046,3470,256
1764724127.287374,3471,256
1764724127.290769,3472,256
1764724127.294106,3473,256
1764724127.297386,3474,256
1764724127.300760,3475,256
1764724127.304115,3476,256
1764724127.307426,3477,256
1764724127.310715,3478,256
1764724127.314053,3479,256
1764724127.317385,3480,256
1764724127.320703,3481,256
1764724127.324103,3482,256
1764724127.327400,3483,256
1764724127.330728,3484,256
1764724127.334047,3485,256
1764724127.337366,3486,256
1764724127.340712,3487,256
1764724127.344041,3488,256
1764724127.347372,3489,256
1764724127.350711,3490,256
1764724127.354025,3491,256
1764724127.357361,3492,256
1764724127.360710,3493,256
1764724127.364045,3494,256
1764724127.367383,3495,256
1764724127.370701,3496,256
1764724127.374037,3497,256
1764724127.377404,3498,256
1764724127.380717,3499,256
1764724127.384047,3500,256
1764724127.387374,3501,256
1764724127.390716,3502,256
1764724127.394059,3503,256
1764724127.397386,3504,256
1764724127.400773,3505,256
1764724127.404052,3506,256
1764724127.407406,3507,256
1764724127.410760,3508,256
1764724127.414149,3509,256
1764724127.417439,3510,256
1764724127.420852,3511,256
1764724127.424057,3512,256
1764724127.427456,3513,256
1764724127.430730,3514,256
1764724127.434057,3515,256
1764724127.437378,3516,256
1764724127.440713,3517,256
1764724127.444180,3518,256
1764724127.447360,3519,256
1764724127.450687,3520,256
1764724127.454035,3521,256
1764724127.457385,3522,256
1764724127.460721,3523,256
1764724127.464043,3524,256
1764724127.467386,3525,256
1764724127.470697,3526,256
1764724127.474025,3527,256
1764724127.477399,3528,256
1764724127.480715,3529,256
1764724127.484052,3530,256
1764724127.487380,3531,256
1764724127.490721,3532,256
1764724127.494076,3533,256
1764724127.497391,3534,256
1764724127.500703,3535,256
1764724127.504033,3536,256
1764724127.507366,3537,256
1764724127.510776,3538,256
1764724127.514047,3539,256
1764724127.517405,3540,256
1764724127.520719,3541,256
1764724127.524105,3542,256
1764724127.527387,3543,256
1764724127.530712,3544,256
1764724127.534049,3545,256
1764724127.537392,3546,256
1764724127.540708,3547,256
1764724127.544076,3548,256
1764724127.547395,3549,256
1764724127.550720,3550,256
1764724127.554056,3551,256
1764724127.557371,3552,256
1764724127.560713,3553,256
1764724127.564056,3554,256
1764724127.567355,3555,256
1764724127.570762,3556,256
1764724127.574077,3557,256
1764724127.577363,3558,256
1764724127.580710,3559,256
1764724127.584033,3560,256
1764724127.587439,3561,256
1764724127.590706,3562,256
1764724127.594056,3563,256
1764724127.597379,3564,256
1764724127.600767,3565,256
1764724127.604119,3566,256
1764724127.607456,3567,256
1764724127.610762,3568,256
1764724127.614059,3569,256
1764724127.617373,3570,256
1764724127.620720,3571,256
1764724127.624055,3572,256
1764724127.627429,3573,256
1764724127.630724,3574,256
1764724127.634091,3575,256
1764724127.637370,3576,256
1764724127.640707,3577,256
1764724127.644053,3578,256
1764724127.647377,3579,256
1764724127.650694,3580,256
1764724127.654046,3581,256
1764724127.657371,3582,256
1764724127.660706,3583,256
1764724127.664037,3584,256
1764724127.667407,3585,256
1764724127.670701,3586,256
1764724127.674091,3587,256
1764724127.677371,3588,256
1764724127.680724,3589,256
1764724127.684067,3590,256
1764724127.687367,3591,256
1764724127.690711,3592,256
1764724127.694041,3593,256
1764724127.697436,3594,256
1764724127.700691,3595,256
1764724127.704084,3596,256
1764724127.707366,3597,256
1764724127.710699,3598,256
1764724127.714027,3599,256
1764724127.717369,3600,256
1764724127.720706,3601,256
1764724127.724097,3602,256
1764724127.727428,3603,256
1764724127.730712,3604,256
1764724127.734087,3605,256
1764724127.737419,3606,256
1764724127.740709,3607,256
1764724127.744028,3608,256
1764724127.747318,3609,256
1764724127.750705,3610,256
1764724127.754038,3611,256
1764724127.757330,3612,256
1764724127.760707,3613,256
1764724127.764086,3614,256
1764724127.767372,3615,256
1764724127.770704,3616,256
1764724127.774026,3617,256
1764724127.777378,3618,256
1764724127.780686,3619,256
1764724127.784021,3620,256
1764724127.787350,3621,256
1764724127.790693,3622,256
1764724127.794029,3623,256
1764724127.797363,3624,256
1764724127.800720,3625,256
1764724127.804086,3626,256
1764724127.807360,3627,256
1764724127.810695,3628,256
1764724127.814028,3629,256
1764724127.817358,3630,256
1764724127.820704,3631,256
1764724127.824079,3632,256
1764724127.827366,3633,256
1764724127.830703,3634,256
1764724127.834031,3635,256
1764724127.837371,3636,256
1764724127.840710,3637,256
1764724127.844070,3638,256
1764724127.847375,3639,256
1764724127.850750,3640,256
1764724127.854097,3641,256
1764724127.857372,3642,256
1764724127.860712,3643,256
1764724127.864072,3644,256
1764724127.867367,3645,256
1764724127.870704,3646,256
1764724127.874125,3647,256
1764724127.877380,3648,256
1764724127.880729,3649,256
1764724127.884179,3650,256
1764724127.887375,3651,256
1764724127.890753,3652,256
1764724127.894080,3653,256
1764724127.897369,3654,256
1764724127.900762,3655,256
1764724127.904081,3656,256
1764724127.907368,3657,256
1764724127.910766,3658,256
1764724127.914079,3659,256
1764724127.917368,3660,256
1764724127.920730,3661,256
1764724127.924115,3662,256
1764724127.927391,3663,256
1764724127.930747,3664,256
1764724127.934188,3665,256
1764724127.937392,3666,256
1764724127.940752,3667,256
1764724127.944102,3668,256
1764724127.947370,3669,256
1764724127.950689,3670,256
1764724127.954023,3671,256
1764724127.957368,3672,256
1764724127.960695,3673,256
1764724127.964030,3674,256
1764724127.967363,3675,256
1764724127.970695,3676,256
1764724127.974025,3677,256
1764724127.977365,3678,256
1764724127.980696,3679,256
1764724127.984027,3680,256
1764724127.987366,3681,256
1764724127.990697,3682,256
1764724127.994030,3683,256
1764724127.997358,3684,256
1764724128.000690,3685,256
1764724128.004023,3686,256
1764724128.007357,3687,256
1764724128.010689,3688,256
1764724128.014029,3689,256
1764724128.017361,3690,256
1764724128.020691,3691,256
1764724128.024024,3692,256
1764724128.027364,3693,256
1764724128.030692,3694,256
1764724128.034028,3695,256
1764724128.037357,3696,256
1764724128.040687,3697,256
1764724128.044023,3698,256
1764724128.047372,3699,256
1764724128.050709,3700,256
1764724128.054031,3701,256
1764724128.057365,3702,256
1764724128.060695,3703,256
1764724128.064037,3704,256
1764724128.067366,3705,256
1764724128.070693,3706,256
1764724128.074030,3707,256
1764724128.077375,3708,256
1764724128.080712,3709,256
1764724128.084090,3710,256
1764724128.087377,3711,256
1764724128.090693,3712,256
1764724128.094029,3713,256
1764724128.097356,3714,256
1764724128.100689,3715,256
1764724128.104033,3716,256
1764724128.107376,3717,256
1764724128.110697,3718,256
1764724128.114023,3719,256
1764724128.117352,3720,256
1764724128.120750,3721,256
1764724128.124033,3722,256
1764724128.127368,3723,256
1764724128.130702,3724,256
1764724128.134025,3725,256
1764724128.137357,3726,256
1764724128.140713,3727,256
1764724128.144030,3728,256
1764724128.147397,3729,256
1764724128.150711,3730,256
1764724128.154029,3731,256
1764724128.157357,3732,256
1764724128.160698,3733,256
1764724128.164121,3734,256
1764724128.167373,3735,256
1764724128.170735,3736,256
1764724128.174186,3737,256
1764724128.177393,3738,256
1764724128.180753,3739,256
1764724128.184185,3740,256
1764724128.187402,3741,256
1764724128.190868,3742,256
1764724128.194113,3743,256
1764724128.197394,3744,256
1764724128.200853,3745,256
1764724128.204022,3746,256
1764724128.207354,3747,256
1764724128.210690,3748,256
1764724128.214030,3749,256
1764724128.217360,3750,256
1764724128.220696,3751,256
1764724128.224024,3752,256
1764724128.227360,3753,256
1764724128.230693,3754,256
1764724128.234026,3755,256
1764724128.237364,3756,256
1764724128.240694,3757,256
1764724128.244020,3758,256
1764724128.247318,3759,256
1764724128.250697,3760,256
1764724128.254027,3761,256
1764724128.257367,3762,256
1764724128.260703,3763,256
1764724128.264018,3764,256
1764724128.267359,3765,256
1764724128.270737,3766,256
1764724128.274079,3767,256
1764724128.277366,3768,256
1764724128.280730,3769,256
1764724128.284053,3770,256
1764724128.287397,3771,256
1764724128.290744,3772,256
1764724128.294075,3773,256
1764724128.297403,3774,256
1764724128.300697,3775,256
1764724128.304022,3776,256
1764724128.307408,3777,256
1764724128.310750,3778,256
1764724128.314029,3779,256
1764724128.317369,3780,256
1764724128.320750,3781,256
1764724128.324073,3782,256
1764724128.327419,3783,256
1764724128.330749,3784,256
1764724128.334087,3785,256
1764724128.337403,3786,256
1764724128.340750,3787,256
1764724128.344097,3788,256
1764724128.347363,3789,256
1764724128.350690,3790,256
1764724128.354075,3791,256
1764724128.357403,3792,256
1764724128.360704,3793,256
1764724128.364042,3794,256
1764724128.367420,3795,256
1764724128.370740,3796,256
1764724128.374192,3797,256
1764724128.377446,3798,256
1764724128.380858,3799,256
1764724128.384103,3800,256
1764724128.387374,3801,256
1764724128.390751,3802,256
1764724128.394030,3803,256
1764724128.397366,3804,256
1764724128.400762,3805,256
1764724128.404092,3806,256
1764724128.407366,3807,256
1764724128.410695,3808,256
1764724128.414025,3809,256
1764724128.417410,3810,256
1764724128.420760,3811,256
1764724128.424033,3812,256
1764724128.427369,3813,256
1764724128.430695,3814,256
1764724128.434031,3815,256
1764724128.437371,3816,256
1764724128.440695,3817,256
1764724128.444027,3818,256
1764724128.447361,3819,256
1764724128.450744,3820,256
1764724128.454078,3821,256
1764724128.457376,3822,256
1764724128.460700,3823,256
1764724128.464025,3824,256
1764724128.467360,3825,256
1764724128.470706,3826,256
1764724128.474053,3827,256
1764724128.477366,3828,256
1764724128.480697,3829,256
1764724128.484036,3830,256
1764724128.487379,3831,256
1764724128.490764,3832,256
1764724128.494094,3833,256
1764724128.497384,3834,256
1764724128.500783,3835,256
1764724128.504037,3836,256
1764724128.507367,3837,256
1764724128.510697,3838,256
1764724128.514033,3839,256
1764724128.517376,3840,256
1764724128.520755,3841,256
1764724128.524075,3842,256
1764724128.527368,3843,256
1764724128.530698,3844,256
1764724128.534028,3845,256
1764724128.537353,3846,256
1764724128.540685,3847,256
1764724128.544028,3848,256
1764724128.547355,3849,256
1764724128.550693,3850,256
1764724128.554080,3851,256
1764724128.557402,3852,256
1764724128.560697,3853,256
1764724128.564042,3854,256
1764724128.567364,3855,256
1764724128.570739,3856,256
1764724128.574184,3857,256
1764724128.577445,3858,256
1764724128.580800,3859,256
1764724128.584190,3860,256
1764724128.587476,3861,256
1764724128.590801,3862,256
1764724128.594116,3863,256
1764724128.597381,3864,256
1764724128.600783,3865,256
1764724128.604192,3866,256
1764724128.607477,3867,256
1764724128.610797,3868,256
1764724128.614141,3869,256
1764724128.617485,3870,256
1764724128.620813,3871,256
1764724128.624151,3872,256
1764724128.627479,3873,256
1764724128.630810,3874,256
1764724128.634147,3875,256
1764724128.637480,3876,256
1764724128.640813,3877,256
1764724128.644146,3878,256
1764724128.647474,3879,256
1764724128.650820,3880,256
1764724128.654135,3881,256
1764724128.657477,3882,256
1764724128.660821,3883,256
1764724128.664141,3884,256
1764724128.667385,3885,256
1764724128.670732,3886,256
1764724128.674138,3887,256
1764724128.677365,3888,256
1764724128.680731,3889,256
1764724128.684121,3890,256
1764724128.687467,3891,256
1764724128.690813,3892,256
1764724128.694149,3893,256
1764724128.697467,3894,256
1764724128.700826,3895,256
1764724128.704047,3896,256
1764724128.707419,3897,256
1764724128.710776,3898,256
1764724128.714140,3899,256
1764724128.717374,3900,256
1764724128.720796,3901,256
1764724128.724138,3902,256
1764724128.727368,3903,256
1764724128.730789,3904,256
1764724128.734170,3905,256
1764724128.737404,3906,256
1764724128.740769,3907,256
1764724128.744097,3908,256
1764724128.747341,3909,256
1764724128.750753,3910,256
1764724128.754117,3911,256
1764724128.757383,3912,256
1764724128.760749,3913,256
1764724128.764118,3914,256
1764724128.767373,3915,256
1764724128.770697,3916,256
1764724128.774024,3917,256
1764724128.777367,3918,256
1764724128.780692,3919,256
1764724128.784021,3920,256
1764724128.787355,3921,256
1764724128.790704,3922,256
1764724128.794031,3923,256
1764724128.797363,3924,256
1764724128.800730,3925,256
1764724128.804139,3926,256
1764724128.807378,3927,256
1764724128.810735,3928,256
1764724128.814137,3929,256
1764724128.817373,3930,256
1764724128.820798,3931,256
1764724128.824060,3932,256
1764724128.827478,3933,256
1764724128.830736,3934,256
1764724128.834137,3935,256
1764724128.837371,3936,256
1764724128.840734,3937,256
1764724128.844126,3938,256
1764724128.847378,3939,256
1764724128.850724,3940,256
1764724128.854138,3941,256
1764724128.857362,3942,256
1764724128.860720,3943,256
1764724128.864136,3944,256
1764724128.867373,3945,256
1764724128.870721,3946,256
1764724128.874136,3947,256
1764724128.877377,3948,256
1764724128.880704,3949,256
1764724128.884136,3950,256
1764724128.887360,3951,256
1764724128.890716,3952,256
1764724128.894134,3953,256
1764724128.897377,3954,256
1764724128.900706,3955,256
1764724128.904063,3956,256
1764724128.907378,3957,256
1764724128.910726,3958,256
1764724128.914149,3959,256
1764724128.917356,3960,256
1764724128.920702,3961,256
1764724128.924020,3962,256
1764724128.927362,3963,256
1764724128.930722,3964,256
1764724128.934062,3965,256
1764724128.937361,3966,256
1764724128.940720,3967,256
1764724128.944067,3968,256
1764724128.947365,3969,256
1764724128.950721,3970,256
1764724128.954066,3971,256
1764724128.957354,3972,256
1764724128.960721,3973,256
1764724128.964068,3974,256
1764724128.967357,3975,256
1764724128.970725,3976,256
1764724128.974023,3977,256
1764724128.977363,3978,256
1764724128.980723,3979,256
1764724128.984033,3980,256
1764724128.987380,3981,256
1764724128.990694,3982,256
1764724128.994033,3983,256
1764724128.997364,3984,256
1764724129.000690,3985,256
1764724129.004127,3986,256
1764724129.007370,3987,256
1764724129.010702,3988,256
1764724129.014133,3989,256
1764724129.017359,3990,256
1764724129.020710,3991,256
1764724129.024155,3992,256
1764724129.027479,3993,256
1764724129.030717,3994,256
1764724129.034127,3995,256
1764724129.037354,3996,256
1764724129.040735,3997,256
1764724129.044155,3998,256
1764724129.047391,3999,256
1764724129.050737,4000,256
1764724129.054055,4001,256
1764724129.057382,4002,256
1764724129.060741,4003,256
1764724129.064132,4004,256
1764724129.067341,4005,256
1764724129.070736,4006,256
1764724129.074132,4007,256
1764724129.077350,4008,256
1764724129.080733,4009,256
1764724129.084150,4010,256
1764724129.087358,4011,256
1764724129.090735,4012,256
1764724129.094137,4013,256
1764724129.097375,4014,256
1764724129.100735,4015,256
1764724129.104137,4016,256
1764724129.107368,4017,256
1764724129.110732,4018,256
1764724129.114131,4019,256
1764724129.117353,4020,256
1764724129.120731,4021,256
1764724129.124137,4022,256
1764724129.127370,4023,256
1764724129.130733,4024,256
1764724129.134130,4025,256
1764724129.137389,4026,256
1764724129.140710,4027,256
1764724129.144143,4028,256
1764724129.147374,4029,256
1764724129.150701,4030,256
1764724129.154137,4031,256
1764724129.157338,4032,256
1764724129.160735,4033,256
1764724129.164141,4034,256
1764724129.167460,4035,256
1764724129.170717,4036,256
1764724129.174035,4037,256
1764724129.177365,4038,256
1764724129.180709,4039,256
1764724129.184016,4040,256
1764724129.187346,4041,256
1764724129.190695,4042,256
1764724129.194033,4043,256
1764724129.197348,4044,256
1764724129.200695,4045,256
1764724129.204131,4046,256
1764724129.207404,4047,256
1764724129.210730,4048,256
1764724129.214065,4049,256
1764724129.217367,4050,256
1764724129.220732,4051,256
1764724129.224066,4052,256
1764724129.227401,4053,256
1764724129.230732,4054,256
1764724129.234061,4055,256
1764724129.237353,4056,256
1764724129.240721,4057,256
1764724129.244049,4058,256
1764724129.247389,4059,256
1764724129.250735,4060,256
1764724129.254133,4061,256
1764724129.257372,4062,256
1764724129.260720,4063,256
1764724129.264139,4064,256
1764724129.267464,4065,256
1764724129.270815,4066,256
1764724129.274151,4067,256
1764724129.277369,4068,256
1764724129.280694,4069,256
1764724129.284045,4070,256
1764724129.287350,4071,256
1764724129.290806,4072,256
1764724129.294138,4073,256
1764724129.297365,4074,256
1764724129.300728,4075,256
1764724129.304144,4076,256
1764724129.307368,4077,256
1764724129.310733,4078,256
1764724129.314139,4079,256
1764724129.317397,4080,256
1764724129.320734,4081,256
1764724129.324134,4082,256
1764724129.327381,4083,256
1764724129.330737,4084,256
1764724129.334136,4085,256
1764724129.337458,4086,256
1764724129.340739,4087,256
1764724129.344145,4088,256
1764724129.347395,4089,256
1764724129.350739,4090,256
1764724129.354143,4091,256
1764724129.357369,4092,256
1764724129.360731,4093,256
1764724129.364066,4094,256
1764724129.367390,4095,256
1764724129.370733,4096,256
1764724129.374137,4097,256
1764724129.377389,4098,256
1764724129.380735,4099,256
1764724129.384056,4100,256
1764724129.387372,4101,256
1764724129.390688,4102,256
1764724129.394037,4103,256
1764724129.397383,4104,256
1764724129.400718,4105,256
1764724129.404186,4106,256
1764724129.407416,4107,256
1764724129.410720,4108,256
1764724129.414181,4109,256
1764724129.417379,4110,256
1764724129.420857,4111,256
1764724129.424182,4112,256
1764724129.427436,4113,256
1764724129.430818,4114,256
1764724129.434102,4115,256
1764724129.437462,4116,256
1764724129.440814,4117,256
1764724129.444112,4118,256
1764724129.447423,4119,256
1764724129.450756,4120,256
1764724129.454106,4121,256
1764724129.457398,4122,256
1764724129.460739,4123,256
1764724129.464117,4124,256
1764724129.467409,4125,256
1764724129.470745,4126,256
1764724129.474102,4127,256
1764724129.477408,4128,256
1764724129.480773,4129,256
1764724129.484083,4130,256
1764724129.487404,4131,256
1764724129.490744,4132,256
1764724129.494079,4133,256
1764724129.497406,4134,256
1764724129.500765,4135,256
1764724129.504092,4136,256
1764724129.507411,4137,256
1764724129.510751,4138,256
1764724129.514081,4139,256
1764724129.517411,4140,256
1764724129.520767,4141,256
1764724129.524090,4142,256
1764724129.527409,4143,256
1764724129.530749,4144,256
1764724129.534026,4145,256
1764724129.537366,4146,256
1764724129.540710,4147,256
1764724129.544038,4148,256
1764724129.547365,4149,256
1764724129.550753,4150,256
1764724129.554119,4151,256
1764724129.557450,4152,256
1764724129.560786,4153,256
1764724129.564193,4154,256
1764724129.567456,4155,256
1764724129.570853,4156,256
1764724129.574185,4157,256
1764724129.577504,4158,256
1764724129.580846,4159,256
1764724129.584087,4160,256
1764724129.587402,4161,256
1764724129.590765,4162,256
1764724129.594031,4163,256
1764724129.597354,4164,256
1764724129.600748,4165,256
1764724129.604120,4166,256
1764724129.607420,4167,256
1764724129.610716,4168,256
1764724129.614108,4169,256
1764724129.617419,4170,256
1764724129.620699,4171,256
1764724129.624047,4172,256
1764724129.627375,4173,256
1764724129.630783,4174,256
1764724129.634185,4175,256
1764724129.637356,4176,256
1764724129.640697,4177,256
1764724129.644022,4178,256
1764724129.647363,4179,256
1764724129.650702,4180,256
1764724129.654064,4181,256
1764724129.657357,4182,256
1764724129.660688,4183,256
1764724129.664073,4184,256
1764724129.667362,4185,256
1764724129.670701,4186,256
1764724129.674067,4187,256
1764724129.677365,4188,256
1764724129.680703,4189,256
1764724129.684076,4190,256
1764724129.687361,4191,256
1764724129.690705,4192,256
1764724129.694023,4193,256
1764724129.697356,4194,256
1764724129.700738,4195,256
1764724129.704066,4196,256
1764724129.707363,4197,256
1764724129.710692,4198,256
1764724129.714063,4199,256
1764724129.717355,4200,256
1764724129.720695,4201,256
1764724129.724082,4202,256
1764724129.727367,4203,256
1764724129.730703,4204,256
1764724129.734076,4205,256
1764724129.737362,4206,256
1764724129.740702,4207,256
1764724129.744079,4208,256
1764724129.747360,4209,256
1764724129.750702,4210,256
1764724129.754064,4211,256
1764724129.757358,4212,256
1764724129.760688,4213,256
1764724129.764066,4214,256
1764724129.767368,4215,256
1764724129.770700,4216,256
1764724129.774071,4217,256
1764724129.777368,4218,256
1764724129.780687,4219,256
1764724129.784019,4220,256
1764724129.787362,4221,256
1764724129.790661,4222,256
1764724129.794029,4223,256
1764724129.797369,4224,256
1764724129.800714,4225,256
1764724129.804171,4226,256
1764724129.807380,4227,256
1764724129.810728,4228,256
1764724129.814066,4229,256
1764724129.817379,4230,256
1764724129.820737,4231,256
1764724129.824039,4232,256
1764724129.827346,4233,256
1764724129.830708,4234,256
1764724129.834081,4235,256
1764724129.837364,4236,256
1764724129.840690,4237,256
1764724129.844026,4238,256
1764724129.847352,4239,256
1764724129.850703,4240,256
1764724129.854084,4241,256
1764724129.857360,4242,256
1764724129.860701,4243,256
1764724129.864025,4244,256
1764724129.867358,4245,256
1764724129.870703,4246,256
1764724129.874026,4247,256
1764724129.877352,4248,256
1764724129.880699,4249,256
1764724129.884023,4250,256
1764724129.887364,4251,256
1764724129.890705,4252,256
1764724129.894032,4253,256
1764724129.897360,4254,256
1764724129.900695,4255,256
1764724129.904016,4256,256
1764724129.907355,4257,256
1764724129.910685,4258,256
1764724129.914017,4259,256
1764724129.917349,4260,256
1764724129.920683,4261,256
1764724129.924018,4262,256
1764724129.927353,4263,256
1764724129.930686,4264,256
1764724129.934021,4265,256
1764724129.937355,4266,256
1764724129.940685,4267,256
1764724129.944021,4268,256
1764724129.947352,4269,256
1764724129.950685,4270,256
1764724129.954082,4271,256
1764724129.957363,4272,256
1764724129.960698,4273,256
1764724129.964084,4274,256
1764724129.967365,4275,256
1764724129.970703,4276,256
1764724129.974084,4277,256
1764724129.977356,4278,256
1764724129.980687,4279,256
1764724129.984025,4280,256
1764724129.987355,4281,256
1764724129.990689,4282,256
1764724129.994026,4283,256
1764724129.997359,4284,256
1764724130.000709,4285,256
1764724130.004030,4286,256
1764724130.007357,4287,256
1764724130.010705,4288,256
1764724130.014179,4289,256
1764724130.017419,4290,256
1764724130.020777,4291,256
1764724130.024203,4292,256
1764724130.027411,4293,256
1764724130.030704,4294,256
1764724130.034051,4295,256
1764724130.037379,4296,256
1764724130.040729,4297,256
1764724130.044074,4298,256
1764724130.047402,4299,256
1764724130.050745,4300,256
1764724130.054179,4301,256
1764724130.057512,4302,256
1764724130.060746,4303,256
1764724130.064168,4304,256
1764724130.067492,4305,256
1764724130.070739,4306,256
1764724130.074178,4307,256
1764724130.077500,4308,256
1764724130.080747,4309,256
1764724130.084047,4310,256
1764724130.087501,4311,256
1764724130.090741,4312,256
1764724130.094125,4313,256
1764724130.097397,4314,256
1764724130.100720,4315,256
1764724130.104105,4316,256
1764724130.107406,4317,256
1764724130.110711,4318,256
1764724130.114058,4319,256
1764724130.117421,4320,256
1764724130.120730,4321,256
1764724130.124051,4322,256
1764724130.127375,4323,256
1764724130.130810,4324,256
1764724130.134163,4325,256
1764724130.137421,4326,256
1764724130.140721,4327,256
1764724130.144034,4328,256
1764724130.147357,4329,256
1764724130.150687,4330,256
1764724130.154024,4331,256
1764724130.157368,4332,256
1764724130.160745,4333,256
1764724130.164026,4334,256
1764724130.167360,4335,256
1764724130.170689,4336,256
1764724130.174077,4337,256
1764724130.177360,4338,256
1764724130.180685,4339,256
1764724130.184044,4340,256
1764724130.187394,4341,256
1764724130.190692,4342,256
1764724130.194129,4343,256
1764724130.197444,4344,256
1764724130.200715,4345,256
1764724130.204115,4346,256
1764724130.207372,4347,256
1764724130.210692,4348,256
1764724130.214024,4349,256
1764724130.217373,4350,256
1764724130.220695,4351,256
1764724130.224028,4352,256
1764724130.227362,4353,256
1764724130.230702,4354,256
1764724130.234087,4355,256
1764724130.237399,4356,256
1764724130.240696,4357,256
1764724130.244025,4358,256
1764724130.247358,4359,256
1764724130.250695,4360,256
1764724130.254070,4361,256
1764724130.257406,4362,256
1764724130.260699,4363,256
1764724130.264091,4364,256
1764724130.267400,4365,256
1764724130.270704,4366,256
1764724130.274081,4367,256
1764724130.277370,4368,256
1764724130.280692,4369,256
1764724130.284018,4370,256
1764724130.287350,4371,256
1764724130.290706,4372,256
1764724130.294037,4373,256
1764724130.297361,4374,256
1764724130.300718,4375,256
1764724130.304100,4376,256
1764724130.307363,4377,256
1764724130.310720,4378,256
1764724130.314098,4379,256
1764724130.317368,4380,256
1764724130.320764,4381,256
1764724130.324070,4382,256
1764724130.327361,4383,256
1764724130.330756,4384,256
1764724130.334086,4385,256
1764724130.337367,4386,256
1764724130.340759,4387,256
1764724130.344024,4388,256
1764724130.347353,4389,256
1764724130.350686,4390,256
1764724130.354022,4391,256
1764724130.357353,4392,256
1764724130.360686,4393,256
1764724130.364022,4394,256
1764724130.367352,4395,256
1764724130.370683,4396,256
1764724130.374030,4397,256
1764724130.377360,4398,256
1764724130.380694,4399,256
1764724130.384031,4400,256
1764724130.387358,4401,256
1764724130.390695,4402,256
1764724130.394024,4403,256
1764724130.397362,4404,256
1764724130.400694,4405,256
1764724130.404031,4406,256
1764724130.407358,4407,256
1764724130.410710,4408,256
1764724130.414039,4409,256
1764724130.417362,4410,256
1764724130.420716,4411,256
1764724130.424114,4412,256
1764724130.427372,4413,256
1764724130.430728,4414,256
1764724130.434114,4415,256
1764724130.437366,4416,256
1764724130.440704,4417,256
1764724130.444185,4418,256
1764724130.447405,4419,256
1764724130.450735,4420,256
1764724130.454026,4421,256
1764724130.457361,4422,256
1764724130.460690,4423,256
1764724130.464041,4424,256
1764724130.467365,4425,256
1764724130.470720,4426,256
1764724130.474156,4427,256
1764724130.477376,4428,256
1764724130.480785,4429,256
1764724130.484117,4430,256
1764724130.487422,4431,256
1764724130.490784,4432,256
1764724130.494156,4433,256
1764724130.497414,4434,256
1764724130.500776,4435,256
1764724130.504176,4436,256
1764724130.507417,4437,256
1764724130.510772,4438,256
1764724130.514192,4439,256
1764724130.517368,4440,256
1764724130.520683,4441,256
1764724130.524014,4442,256
1764724130.527346,4443,256
1764724130.530681,4444,256
1764724130.534011,4445,256
1764724130.537342,4446,256
1764724130.540680,4447,256
1764724130.544036,4448,256
1764724130.547344,4449,256
1764724130.550695,4450,256
1764724130.554039,4451,256
1764724130.557457,4452,256
1764724130.560801,4453,256
1764724130.564144,4454,256
1764724130.567351,4455,256
1764724130.570814,4456,256
1764724130.574150,4457,256
1764724130.577376,4458,256
1764724130.580820,4459,256
1764724130.584151,4460,256
1764724130.587348,4461,256
1764724130.590732,4462,256
1764724130.594149,4463,256
1764724130.597349,4464,256
1764724130.600813,4465,256
1764724130.604036,4466,256
1764724130.607347,4467,256
1764724130.610728,4468,256
1764724130.614138,4469,256
1764724130.617366,4470,256
1764724130.620680,4471,256
1764724130.624035,4472,256
1764724130.627399,4473,256
1764724130.630731,4474,256
1764724130.634044,4475,256
1764724130.637349,4476,256
1764724130.640715,4477,256
1764724130.644049,4478,256
1764724130.647370,4479,256
1764724130.650715,4480,256
1764724130.654033,4481,256
1764724130.657360,4482,256
1764724130.660714,4483,256
1764724130.664032,4484,256
1764724130.667363,4485,256
1764724130.670714,4486,256
1764724130.674031,4487,256
1764724130.677377,4488,256
1764724130.680722,4489,256
1764724130.684055,4490,256
1764724130.687370,4491,256
1764724130.690721,4492,256
1764724130.694128,4493,256
1764724130.697362,4494,256
1764724130.700719,4495,256
1764724130.704041,4496,256
1764724130.707372,4497,256
1764724130.710803,4498,256
1764724130.714053,4499,256
1764724130.717375,4500,256
1764724130.720723,4501,256
1764724130.724044,4502,256
1764724130.727350,4503,256
1764724130.730700,4504,256
1764724130.734025,4505,256
1764724130.737354,4506,256
1764724130.740695,4507,256
1764724130.744039,4508,256
1764724130.747365,4509,256
1764724130.750803,4510,256
1764724130.754048,4511,256
1764724130.757478,4512,256
1764724130.760735,4513,256
1764724130.764131,4514,256
1764724130.767384,4515,256
1764724130.770730,4516,256
1764724130.774144,4517,256
1764724130.777468,4518,256
1764724130.780726,4519,256
1764724130.784020,4520,256
1764724130.787350,4521,256
1764724130.790716,4522,256
1764724130.794052,4523,256
1764724130.797416,4524,256
1764724130.800811,4525,256
1764724130.804122,4526,256
1764724130.807415,4527,256
1764724130.810704,4528,256
1764724130.814081,4529,256
1764724130.817413,4530,256
1764724130.820704,4531,256
1764724130.824030,4532,256
1764724130.827356,4533,256
1764724130.830746,4534,256
1764724130.834080,4535,256
1764724130.837411,4536,256
1764724130.840775,4537,256
1764724130.844096,4538,256
1764724130.847370,4539,256
1764724130.850750,4540,256
1764724130.854077,4541,256
1764724130.857365,4542,256
1764724130.860760,4543,256
1764724130.864078,4544,256
1764724130.867402,4545,256
1764724130.870766,4546,256
1764724130.874067,4547,256
1764724130.877411,4548,256
1764724130.880691,4549,256
1764724130.884023,4550,256
1764724130.887362,4551,256
1764724130.890689,4552,256
1764724130.894019,4553,256
1764724130.897357,4554,256
1764724130.900764,4555,256
1764724130.904081,4556,256
1764724130.907366,4557,256
1764724130.910753,4558,256
1764724130.914072,4559,256
1764724130.917403,4560,256
1764724130.920750,4561,256
1764724130.924083,4562,256
1764724130.927401,4563,256
1764724130.930737,4564,256
1764724130.934028,4565,256
1764724130.937368,4566,256
1764724130.940689,4567,256
1764724130.944088,4568,256
1764724130.947368,4569,256
1764724130.950719,4570,256
1764724130.954022,4571,256
1764724130.957362,4572,256
1764724130.960692,4573,256
1764724130.964032,4574,256
1764724130.967417,4575,256
1764724130.970701,4576,256
1764724130.974028,4577,256
1764724130.977357,4578,256
1764724130.980691,4579,256
1764724130.984075,4580,256
1764724130.987365,4581,256
1764724130.990748,4582,256
1764724130.994086,4583,256
1764724130.997369,4584,256
1764724131.000723,4585,256
1764724131.004026,4586,256
1764724131.007354,4587,256
1764724131.010707,4588,256
1764724131.014030,4589,256
1764724131.017372,4590,256
1764724131.020705,4591,256
1764724131.024033,4592,256
1764724131.027369,4593,256
1764724131.030692,4594,256
1764724131.034047,4595,256
1764724131.037355,4596,256
1764724131.040709,4597,256
1764724131.044031,4598,256
1764724131.047348,4599,256
1764724131.050710,4600,256
1764724131.054033,4601,256
1764724131.057350,4602,256
1764724131.060700,4603,256
1764724131.064034,4604,256
1764724131.067361,4605,256
1764724131.070805,4606,256
1764724131.074143,4607,256
1764724131.077460,4608,256
1764724131.080823,4609,256
1764724131.084157,4610,256
1764724131.087358,4611,256
1764724131.090727,4612,256
1764724131.094052,4613,256
1764724131.097352,4614,256
1764724131.100728,4615,256
1764724131.104138,4616,256
1764724131.107462,4617,256
1764724131.110801,4618,256
1764724131.114060,4619,256
1764724131.117384,4620,256
1764724131.120718,4621,256
1764724131.124048,4622,256
1764724131.127336,4623,256
1764724131.130719,4624,256
1764724131.134044,4625,256
1764724131.137383,4626,256
1764724131.140702,4627,256
1764724131.144034,4628,256
1764724131.147355,4629,256
1764724131.150724,4630,256
1764724131.154043,4631,256
1764724131.157349,4632,256
1764724131.160699,4633,256
1764724131.164041,4634,256
1764724131.167430,4635,256
1764724131.170808,4636,256
1764724131.174140,4637,256
1764724131.177473,4638,256
1764724131.180653,4639,256
1764724131.184029,4640,256
1764724131.187347,4641,256
1764724131.190812,4642,256
1764724131.194031,4643,256
1764724131.197364,4644,256
1764724131.200701,4645,256
1764724131.204041,4646,256
1764724131.207364,4647,256
1764724131.210707,4648,256
1764724131.214052,4649,256
1764724131.217375,4650,256
1764724131.220732,4651,256
1764724131.224056,4652,256
1764724131.227362,4653,256
1764724131.230818,4654,256
1764724131.234098,4655,256
1764724131.237357,4656,256
1764724131.240685,4657,256
1764724131.244018,4658,256
1764724131.247366,4659,256
1764724131.250697,4660,256
1764724131.254022,4661,256
1764724131.257351,4662,256
1764724131.260695,4663,256
1764724131.264080,4664,256
1764724131.267409,4665,256
1764724131.270696,4666,256
1764724131.274078,4667,256
1764724131.277409,4668,256
1764724131.280750,4669,256
1764724131.284024,4670,256
1764724131.287385,4671,256
1764724131.290729,4672,256
1764724131.294025,4673,256
1764724131.297364,4674,256
1764724131.300772,4675,256
1764724131.304082,4676,256
1764724131.307357,4677,256
1764724131.310688,4678,256
1764724131.314090,4679,256
1764724131.317412,4680,256
1764724131.320750,4681,256
1764724131.324078,4682,256
1764724131.327355,4683,256
1764724131.330760,4684,256
1764724131.334082,4685,256
1764724131.337400,4686,256
1764724131.340757,4687,256
1764724131.344030,4688,256
1764724131.347400,4689,256
1764724131.350688,4690,256
1764724131.354010,4691,256
1764724131.357342,4692,256
1764724131.360677,4693,256
1764724131.364042,4694,256
1764724131.367355,4695,256
1764724131.370686,4696,256
1764724131.374018,4697,256
1764724131.377463,4698,256
1764724131.380833,4699,256
1764724131.384042,4700,256
1764724131.387386,4701,256
1764724131.390866,4702,256
1764724131.394170,4703,256
1764724131.397490,4704,256
1764724131.400837,4705,256
1764724131.404179,4706,256
1764724131.407511,4707,256
1764724131.410853,4708,256
1764724131.414114,4709,256
1764724131.417348,4710,256
1764724131.420680,4711,256
1764724131.424011,4712,256
1764724131.427349,4713,256
1764724131.430680,4714,256
1764724131.434014,4715,256
1764724131.437352,4716,256
1764724131.440681,4717,256
1764724131.444032,4718,256
1764724131.447346,4719,256
1764724131.450698,4720,256
1764724131.454026,4721,256
1764724131.457345,4722,256
1764724131.460693,4723,256
1764724131.464032,4724,256
1764724131.467359,4725,256
1764724131.470713,4726,256
1764724131.474036,4727,256
1764724131.477351,4728,256
1764724131.480700,4729,256
1764724131.484051,4730,256
1764724131.487355,4731,256
1764724131.490701,4732,256
1764724131.494064,4733,256
1764724131.497355,4734,256
1764724131.500704,4735,256
1764724131.504049,4736,256
1764724131.507361,4737,256
1764724131.510713,4738,256
1764724131.514129,4739,256
1764724131.517368,4740,256
1764724131.520715,4741,256
1764724131.524137,4742,256
1764724131.527353,4743,256
1764724131.530679,4744,256
1764724131.534013,4745,256
1764724131.537396,4746,256
1764724131.540704,4747,256
1764724131.544040,4748,256
1764724131.547342,4749,256
1764724131.550677,4750,256
1764724131.554012,4751,256
1764724131.557346,4752,256
1764724131.560682,4753,256
1764724131.564014,4754,256
1764724131.567349,4755,256
1764724131.570683,4756,256
1764724131.574015,4757,256
1764724131.577344,4758,256
1764724131.580678,4759,256
1764724131.584012,4760,256
1764724131.587345,4761,256
1764724131.590678,4762,256
1764724131.594011,4763,256
1764724131.597350,4764,256
1764724131.600686,4765,256
1764724131.604016,4766,256
1764724131.607351,4767,256
1764724131.610680,4768,256
1764724131.614014,4769,256
1764724131.617347,4770,256
1764724131.620678,4771,256
1764724131.624014,4772,256
1764724131.627348,4773,256
1764724131.630680,4774,256
1764724131.634014,4775,256
1764724131.637360,4776,256
1764724131.640704,4777,256
1764724131.644025,4778,256
1764724131.647348,4779,256
1764724131.650694,4780,256
1764724131.654025,4781,256
1764724131.657355,4782,256
1764724131.660682,4783,256
1764724131.664017,4784,256
1764724131.667352,4785,256
1764724131.670697,4786,256
1764724131.674025,4787,256
1764724131.677391,4788,256
1764724131.680815,4789,256
1764724131.684107,4790,256
1764724131.687379,4791,256
1764724131.690709,4792,256
1764724131.694051,4793,256
1764724131.697389,4794,256
1764724131.700712,4795,256
1764724131.704057,4796,256
1764724131.707382,4797,256
1764724131.710799,4798,256
1764724131.714056,4799,256
1764724131.717377,4800,256
1764724131.720709,4801,256
1764724131.724052,4802,256
1764724131.727392,4803,256
1764724131.730812,4804,256
1764724131.734060,4805,256
1764724131.737384,4806,256
1764724131.740710,4807,256
1764724131.744041,4808,256
1764724131.747394,4809,256
1764724131.750812,4810,256
1764724131.754122,4811,256
1764724131.757388,4812,256
1764724131.760806,4813,256
1764724131.764054,4814,256
1764724131.767376,4815,256
1764724131.770707,4816,256
1764724131.774053,4817,256
1764724131.777382,4818,256
1764724131.780722,4819,256
1764724131.784053,4820,256
1764724131.787350,4821,256
1764724131.790708,4822,256
1764724131.794132,4823,256
1764724131.797368,4824,256
1764724131.800711,4825,256
1764724131.804130,4826,256
1764724131.807377,4827,256
1764724131.810706,4828,256
1764724131.814142,4829,256
1764724131.817374,4830,256
1764724131.820709,4831,256
1764724131.824133,4832,256
1764724131.827379,4833,256
1764724131.830709,4834,256
1764724131.834136,4835,256
1764724131.837374,4836,256
1764724131.840711,4837,256
1764724131.844135,4838,256
1764724131.847381,4839,256
1764724131.850680,4840,256
1764724131.854030,4841,256
1764724131.857381,4842,256
1764724131.860706,4843,256
1764724131.864134,4844,256
1764724131.867373,4845,256
1764724131.870705,4846,256
1764724131.874137,4847,256
1764724131.877378,4848,256
1764724131.880706,4849,256
1764724131.884140,4850,256
1764724131.887386,4851,256
1764724131.890707,4852,256
1764724131.894033,4853,256
1764724131.897372,4854,256
1764724131.900711,4855,256
1764724131.904126,4856,256
1764724131.907385,4857,256
1764724131.910711,4858,256
1764724131.914145,4859,256
1764724131.917354,4860,256
1764724131.920703,4861,256
1764724131.924131,4862,256
1764724131.927361,4863,256
1764724131.930729,4864,256
1764724131.934140,4865,256
1764724131.937370,4866,256
1764724131.940733,4867,256
1764724131.944156,4868,256
1764724131.947382,4869,256
1764724131.950732,4870,256
1764724131.954145,4871,256
1764724131.957386,4872,256
1764724131.960741,4873,256
1764724131.964034,4874,256
1764724131.967388,4875,256
1764724131.970738,4876,256
1764724131.974141,4877,256
1764724131.977369,4878,256
1764724131.980729,4879,256
1764724131.984050,4880,256
1764724131.987341,4881,256
1764724131.990801,4882,256
1764724131.994028,4883,256
1764724131.997473,4884,256
1764724132.000810,4885,256
1764724132.004134,4886,256
1764724132.007358,4887,256
1764724132.010716,4888,256
1764724132.014135,4889,256
1764724132.017464,4890,256
1764724132.020791,4891,256
1764724132.024146,4892,256
1764724132.027362,4893,256
1764724132.030804,4894,256
1764724132.034146,4895,256
1764724132.037467,4896,256
1764724132.040715,4897,256
1764724132.044124,4898,256
1764724132.047468,4899,256
1764724132.050810,4900,256
1764724132.054025,4901,256
1764724132.057413,4902,256
1764724132.060704,4903,256
1764724132.064136,4904,256
1764724132.067378,4905,256
1764724132.070724,4906,256
1764724132.074037,4907,256
1764724132.077348,4908,256
1764724132.080696,4909,256
1764724132.084056,4910,256
1764724132.087357,4911,256
1764724132.090695,4912,256
1764724132.094054,4913,256
1764724132.097381,4914,256
1764724132.100705,4915,256
1764724132.104039,4916,256
1764724132.107360,4917,256
1764724132.110699,4918,256
1764724132.114051,4919,256
1764724132.117354,4920,256
1764724132.120686,4921,256
1764724132.124026,4922,256
1764724132.127350,4923,256
1764724132.130680,4924,256
1764724132.134014,4925,256
1764724132.137346,4926,256
1764724132.140678,4927,256
1764724132.144029,4928,256
1764724132.147341,4929,256
1764724132.150693,4930,256
1764724132.154027,4931,256
1764724132.157360,4932,256
1764724132.160733,4933,256
1764724132.164139,4934,256
1764724132.167369,4935,256
1764724132.170733,4936,256
1764724132.174142,4937,256
1764724132.177372,4938,256
1764724132.180730,4939,256
1764724132.184149,4940,256
1764724132.187370,4941,256
1764724132.190729,4942,256
1764724132.194136,4943,256
1764724132.197376,4944,256
1764724132.200737,4945,256
1764724132.204129,4946,256
1764724132.207378,4947,256
1764724132.210740,4948,256
1764724132.214127,4949,256
1764724132.217377,4950,256
1764724132.220731,4951,256
1764724132.224130,4952,256
1764724132.227381,4953,256
1764724132.230738,4954,256
1764724132.234154,4955,256
1764724132.237355,4956,256
1764724132.240736,4957,256
1764724132.244141,4958,256
1764724132.247373,4959,256
1764724132.250734,4960,256
1764724132.254140,4961,256
1764724132.257376,4962,256
1764724132.260712,4963,256
1764724132.264021,4964,256
1764724132.267350,4965,256
1764724132.270706,4966,256
1764724132.274020,4967,256
1764724132.277345,4968,256
1764724132.280695,4969,256
1764724132.284010,4970,256
1764724132.287341,4971,256
1764724132.290690,4972,256
1764724132.294026,4973,256
1764724132.297344,4974,256
1764724132.300726,4975,256
1764724132.304131,4976,256
1764724132.307339,4977,256
1764724132.310726,4978,256
1764724132.314139,4979,256
1764724132.317461,4980,256
1764724132.320733,4981,256
1764724132.324155,4982,256
1764724132.327480,4983,256
1764724132.330740,4984,256
1764724132.334145,4985,256
1764724132.337463,4986,256
1764724132.340733,4987,256
1764724132.344144,4988,256
1764724132.347482,4989,256
1764724132.350744,4990,256
1764724132.354064,4991,256
1764724132.357347,4992,256
1764724132.360723,4993,256
1764724132.364140,4994,256
1764724132.367485,4995,256
1764724132.370739,4996,256
1764724132.374149,4997,256
1764724132.377376,4998,256
1764724132.380732,4999,256
1764724132.384137,5000,256
1764724132.387470,5001,256
1764724132.390742,5002,256
1764724132.394134,5003,256
1764724132.397455,5004,256
1764724132.400730,5005,256
1764724132.404134,5006,256
1764724132.407465,5007,256
1764724132.410740,5008,256
1764724132.414137,5009,256
1764724132.417357,5010,256
1764724132.420736,5011,256
1764724132.424137,5012,256
1764724132.427466,5013,256
1764724132.430736,5014,256
1764724132.434154,5015,256
1764724132.437393,5016,256
1764724132.440736,5017,256
1764724132.444144,5018,256
1764724132.447469,5019,256
1764724132.450736,5020,256
1764724132.454158,5021,256
1764724132.457366,5022,256
1764724132.460733,5023,256
1764724132.464150,5024,256
1764724132.467363,5025,256
1764724132.470717,5026,256
1764724132.474137,5027,256
1764724132.477389,5028,256
1764724132.480736,5029,256
1764724132.484145,5030,256
1764724132.487366,5031,256
1764724132.490721,5032,256
1764724132.494152,5033,256
1764724132.497461,5034,256
1764724132.500735,5035,256
1764724132.504120,5036,256
1764724132.507453,5037,256
1764724132.510722,5038,256
1764724132.514130,5039,256
1764724132.517472,5040,256
1764724132.520734,5041,256
1764724132.524141,5042,256
1764724132.527478,5043,256
1764724132.530737,5044,256
1764724132.534141,5045,256
1764724132.537381,5046,256
1764724132.540718,5047,256
1764724132.544021,5048,256
1764724132.547345,5049,256
1764724132.550745,5050,256
1764724132.554138,5051,256
1764724132.557463,5052,256
1764724132.560735,5053,256
1764724132.564142,5054,256
1764724132.567463,5055,256
1764724132.570730,5056,256
1764724132.574139,5057,256
1764724132.577354,5058,256
1764724132.580729,5059,256
1764724132.584099,5060,256
1764724132.587343,5061,256
1764724132.590724,5062,256
1764724132.594064,5063,256
1764724132.597460,5064,256
1764724132.600730,5065,256
1764724132.604139,5066,256
1764724132.607459,5067,256
1764724132.610704,5068,256
1764724132.614119,5069,256
1764724132.617370,5070,256
1764724132.620687,5071,256
1764724132.624013,5072,256
1764724132.627349,5073,256
1764724132.630678,5074,256
1764724132.634008,5075,256
1764724132.637344,5076,256
1764724132.640680,5077,256
1764724132.644008,5078,256
1764724132.647345,5079,256
1764724132.650677,5080,256
1764724132.654010,5081,256
1764724132.657346,5082,256
1764724132.660678,5083,256
1764724132.664012,5084,256
1764724132.667343,5085,256
1764724132.670687,5086,256
1764724132.674017,5087,256
1764724132.677342,5088,256
1764724132.680677,5089,256
1764724132.684013,5090,256
1764724132.687345,5091,256
1764724132.690698,5092,256
1764724132.694027,5093,256
1764724132.697346,5094,256
1764724132.700812,5095,256
1764724132.704133,5096,256
1764724132.707383,5097,256
1764724132.710736,5098,256
1764724132.714140,5099,256
1764724132.717462,5100,256
1764724132.720737,5101,256
1764724132.724130,5102,256
1764724132.727471,5103,256
1764724132.730735,5104,256
1764724132.734135,5105,256
1764724132.737471,5106,256
1764724132.740740,5107,256
1764724132.744146,5108,256
1764724132.747463,5109,256
1764724132.750730,5110,256
1764724132.754139,5111,256
1764724132.757468,5112,256
1764724132.760803,5113,256
1764724132.764133,5114,256
1764724132.767472,5115,256
1764724132.770732,5116,256
1764724132.774139,5117,256
1764724132.777380,5118,256
1764724132.780711,5119,256
1764724132.784143,5120,256
1764724132.787359,5121,256
1764724132.790723,5122,256
1764724132.794119,5123,256
1764724132.797378,5124,256
1764724132.800734,5125,256
1764724132.804137,5126,256
1764724132.807376,5127,256
1764724132.810733,5128,256
1764724132.814140,5129,256
1764724132.817383,5130,256
1764724132.820730,5131,256
1764724132.824069,5132,256
1764724132.827375,5133,256
1764724132.830731,5134,256
1764724132.834132,5135,256
1764724132.837370,5136,256
1764724132.840818,5137,256
1764724132.844142,5138,256
1764724132.847378,5139,256
1764724132.850810,5140,256
1764724132.854136,5141,256
1764724132.857373,5142,256
1764724132.860733,5143,256
1764724132.864135,5144,256
1764724132.867408,5145,256
1764724132.870739,5146,256
1764724132.874142,5147,256
1764724132.877369,5148,256
1764724132.880705,5149,256
1764724132.884125,5150,256
1764724132.887362,5151,256
1764724132.890708,5152,256
1764724132.894144,5153,256
1764724132.897395,5154,256
1764724132.900732,5155,256
1764724132.904143,5156,256
1764724132.907375,5157,256
1764724132.910736,5158,256
1764724132.914148,5159,256
1764724132.917349,5160,256
1764724132.920727,5161,256
1764724132.924123,5162,256
1764724132.927378,5163,256
1764724132.930734,5164,256
1764724132.934134,5165,256
1764724132.937360,5166,256
1764724132.940733,5167,256
1764724132.944153,5168,256
1764724132.947376,5169,256
1764724132.950733,5170,256
1764724132.954148,5171,256
1764724132.957351,5172,256
1764724132.960735,5173,256
1764724132.964142,5174,256
1764724132.967369,5175,256
1764724132.970731,5176,256
1764724132.974148,5177,256
1764724132.977348,5178,256
1764724132.980726,5179,256
1764724132.984147,5180,256
1764724132.987462,5181,256
1764724132.990738,5182,256
1764724132.994155,5183,256
1764724132.997347,5184,256
1764724133.000732,5185,256
1764724133.004150,5186,256
1764724133.007349,5187,256
1764724133.010730,5188,256
1764724133.014151,5189,256
1764724133.017342,5190,256
1764724133.020786,5191,256
1764724133.024105,5192,256
1764724133.027371,5193,256
1764724133.030714,5194,256
1764724133.034020,5195,256
1764724133.037347,5196,256
1764724133.040690,5197,256
1764724133.044124,5198,256
1764724133.047372,5199,256
1764724133.050729,5200,256
1764724133.054137,5201,256
1764724133.057344,5202,256
1764724133.060730,5203,256
1764724133.064143,5204,256
1764724133.067457,5205,256
1764724133.070736,5206,256
1764724133.074146,5207,256
1764724133.077462,5208,256
1764724133.080718,5209,256
1764724133.084024,5210,256
1764724133.087348,5211,256
1764724133.090795,5212,256
1764724133.094128,5213,256
1764724133.097366,5214,256
1764724133.100694,5215,256
1764724133.104136,5216,256
1764724133.107361,5217,256
1764724133.110806,5218,256
1764724133.114128,5219,256
1764724133.117510,5220,256
1764724133.120722,5221,256
1764724133.124053,5222,256
1764724133.127355,5223,256
1764724133.130697,5224,256
1764724133.134131,5225,256
1764724133.137380,5226,256
1764724133.140714,5227,256
1764724133.144019,5228,256
1764724133.147345,5229,256
1764724133.150694,5230,256
1764724133.154142,5231,256
1764724133.157420,5232,256
1764724133.160737,5233,256
1764724133.164139,5234,256
1764724133.167419,5235,256
1764724133.170724,5236,256
1764724133.174156,5237,256
1764724133.177345,5238,256
1764724133.180724,5239,256
1764724133.184027,5240,256
1764724133.187344,5241,256
1764724133.190723,5242,256
1764724133.194062,5243,256
1764724133.197354,5244,256
1764724133.200681,5245,256
1764724133.204013,5246,256
1764724133.212812,5247,256
1764724133.212871,5248,256
1764724133.214013,5249,256
1764724133.217341,5250,256
1764724133.220677,5251,256
1764724133.224039,5252,256
1764724133.227341,5253,256
1764724133.230693,5254,256
1764724133.234024,5255,256
1764724133.237369,5256,256
1764724133.240730,5257,256
1764724133.244142,5258,256
1764724133.247351,5259,256
1764724133.250731,5260,256
1764724133.254131,5261,256
1764724133.257340,5262,256
1764724133.260730,5263,256
1764724133.264129,5264,256
1764724133.267367,5265,256
1764724133.270731,5266,256
1764724133.274136,5267,256
1764724133.277360,5268,256
1764724133.280728,5269,256
1764724133.284127,5270,256
1764724133.287458,5271,256
1764724133.290715,5272,256
1764724133.294044,5273,256
1764724133.297339,5274,256
1764724133.300711,5275,256
1764724133.304036,5276,256
1764724133.307424,5277,256
1764724133.310734,5278,256
1764724133.314145,5279,256
1764724133.317475,5280,256
1764724133.320736,5281,256
1764724133.324149,5282,256
1764724133.327352,5283,256
1764724133.330732,5284,256
1764724133.334146,5285,256
1764724133.337368,5286,256
1764724133.340732,5287,256
1764724133.344150,5288,256
1764724133.347364,5289,256
1764724133.350730,5290,256
1764724133.354145,5291,256
1764724133.357352,5292,256
1764724133.360713,5293,256
1764724133.364132,5294,256
1764724133.367359,5295,256
1764724133.370736,5296,256
1764724133.374133,5297,256
1764724133.377453,5298,256
1764724133.380721,5299,256
1764724133.384046,5300,256
1764724133.387368,5301,256
1764724133.390723,5302,256
1764724133.394053,5303,256
1764724133.397351,5304,256
1764724133.400702,5305,256
1764724133.404064,5306,256
1764724133.407386,5307,256
1764724133.410733,5308,256
1764724133.414128,5309,256
1764724133.417371,5310,256
1764724133.420699,5311,256
1764724133.424138,5312,256
1764724133.427367,5313,256
1764724133.430728,5314,256
1764724133.434138,5315,256
1764724133.437367,5316,256
1764724133.440728,5317,256
1764724133.444147,5318,256
1764724133.447371,5319,256
1764724133.450728,5320,256
1764724133.454135,5321,256
1764724133.457355,5322,256
1764724133.460730,5323,256
1764724133.464141,5324,256
1764724133.467370,5325,256
1764724133.470729,5326,256
1764724133.474144,5327,256
1764724133.477477,5328,256
1764724133.480726,5329,256
1764724133.484139,5330,256
1764724133.487365,5331,256
1764724133.490730,5332,256
1764724133.494125,5333,256
1764724133.497336,5334,256
1764724133.500723,5335,256
1764724133.504132,5336,256
1764724133.507422,5337,256
1764724133.510741,5338,256
1764724133.514177,5339,256
1764724133.517400,5340,256
1764724133.520685,5341,256
1764724133.524013,5342,256
1764724133.527344,5343,256
1764724133.530691,5344,256
1764724133.534054,5345,256
1764724133.537355,5346,256
1764724133.540678,5347,256
1764724133.544029,5348,256
1764724133.547362,5349,256
1764724133.550734,5350,256
1764724133.554069,5351,256
1764724133.557409,5352,256
1764724133.560746,5353,256
1764724133.564080,5354,256
1764724133.567401,5355,256
1764724133.570742,5356,256
1764724133.574081,5357,256
1764724133.577422,5358,256
1764724133.580759,5359,256
1764724133.584082,5360,256
1764724133.587411,5361,256
1764724133.590740,5362,256
1764724133.594082,5363,256
1764724133.597422,5364,256
1764724133.600749,5365,256
1764724133.604094,5366,256
1764724133.607413,5367,256
1764724133.610756,5368,256
1764724133.614086,5369,256
1764724133.617412,5370,256
1764724133.620693,5371,256
1764724133.624072,5372,256
1764724133.627357,5373,256
1764724133.630740,5374,256
1764724133.634073,5375,256
1764724133.637423,5376,256
1764724133.640746,5377,256
1764724133.644027,5378,256
1764724133.647357,5379,256
1764724133.650760,5380,256
1764724133.654027,5381,256
1764724133.657403,5382,256
1764724133.660745,5383,256
1764724133.664074,5384,256
1764724133.667410,5385,256
1764724133.670748,5386,256
1764724133.674084,5387,256
1764724133.677398,5388,256
1764724133.680748,5389,256
1764724133.684082,5390,256
1764724133.687425,5391,256
1764724133.690741,5392,256
1764724133.694067,5393,256
1764724133.697370,5394,256
1764724133.700693,5395,256
1764724133.704016,5396,256
1764724133.707404,5397,256
1764724133.710753,5398,256
1764724133.714035,5399,256
1764724133.717374,5400,256
1764724133.720785,5401,256
1764724133.724027,5402,256
1764724133.727360,5403,256
1764724133.730701,5404,256
1764724133.734078,5405,256
1764724133.737437,5406,256
1764724133.740691,5407,256
1764724133.744027,5408,256
1764724133.747363,5409,256
1764724133.750668,5410,256
1764724133.754027,5411,256
1764724133.757358,5412,256
1764724133.760713,5413,256
1764724133.764017,5414,256
1764724133.767350,5415,256
1764724133.770707,5416,256
1764724133.774060,5417,256
1764724133.777352,5418,256
1764724133.780709,5419,256
1764724133.784016,5420,256
1764724133.787347,5421,256
1764724133.790699,5422,256
1764724133.794036,5423,256
1764724133.797345,5424,256
1764724133.800682,5425,256
1764724133.804023,5426,256
1764724133.807359,5427,256
1764724133.810709,5428,256
1764724133.814020,5429,256
1764724133.817351,5430,256
1764724133.820692,5431,256
1764724133.824020,5432,256
1764724133.827404,5433,256
1764724133.830698,5434,256
1764724133.834018,5435,256
1764724133.837362,5436,256
1764724133.840688,5437,256
1764724133.844026,5438,256
1764724133.847372,5439,256
1764724133.850715,5440,256
1764724133.854111,5441,256
1764724133.857396,5442,256
1764724133.860695,5443,256
1764724133.864029,5444,256
1764724133.867374,5445,256
1764724133.870694,5446,256
1764724133.874186,5447,256
1764724133.877410,5448,256
1764724133.880700,5449,256
1764724133.884088,5450,256
1764724133.887416,5451,256
1764724133.890762,5452,256
1764724133.894081,5453,256
1764724133.897418,5454,256
1764724133.900706,5455,256
1764724133.904038,5456,256
1764724133.907367,5457,256
1764724133.910712,5458,256
1764724133.914040,5459,256
1764724133.917364,5460,256
1764724133.920713,5461,256
1764724133.924043,5462,256
1764724133.927402,5463,256
1764724133.930759,5464,256
1764724133.934075,5465,256
1764724133.937365,5466,256
1764724133.940726,5467,256
1764724133.944034,5468,256
1764724133.947415,5469,256
1764724133.950819,5470,256
1764724133.954045,5471,256
1764724133.957376,5472,256
1764724133.960711,5473,256
1764724133.964038,5474,256
1764724133.967418,5475,256
1764724133.970699,5476,256
1764724133.974041,5477,256
1764724133.977372,5478,256
1764724133.980701,5479,256
1764724133.984021,5480,256
1764724133.987368,5481,256
1764724133.990780,5482,256
1764724133.994034,5483,256
1764724133.997353,5484,256
1764724134.000806,5485,256
1764724134.004149,5486,256
1764724134.007388,5487,256
1764724134.010710,5488,256
1764724134.014079,5489,256
1764724134.017419,5490,256
1764724134.020702,5491,256
1764724134.024038,5492,256
1764724134.027370,5493,256
1764724134.030693,5494,256
1764724134.034015,5495,256
1764724134.037368,5496,256
1764724134.040704,5497,256
1764724134.044032,5498,256
1764724134.047360,5499,256
1764724134.050697,5500,256
1764724134.054042,5501,256
1764724134.057382,5502,256
1764724134.060689,5503,256
1764724134.064018,5504,256
1764724134.067358,5505,256
1764724134.070694,5506,256
1764724134.074028,5507,256
1764724134.077367,5508,256
1764724134.080673,5509,256
1764724134.084015,5510,256
1764724134.087351,5511,256
1764724134.090686,5512,256
1764724134.094026,5513,256
1764724134.097368,5514,256
1764724134.100689,5515,256
1764724134.104015,5516,256
1764724134.107353,5517,256
1764724134.110711,5518,256
1764724134.114058,5519,256
1764724134.117352,5520,256
1764724134.120727,5521,256
1764724134.124026,5522,256
1764724134.127360,5523,256
1764724134.130673,5524,256
1764724134.134028,5525,256
1764724134.137363,5526,256
1764724134.140696,5527,256
1764724134.144030,5528,256
1764724134.147361,5529,256
1764724134.150687,5530,256
1764724134.154027,5531,256
1764724134.157363,5532,256
1764724134.160694,5533,256
1764724134.164014,5534,256
1764724134.167360,5535,256
1764724134.170684,5536,256
1764724134.174024,5537,256
1764724134.177355,5538,256
1764724134.180688,5539,256
1764724134.184017,5540,256
1764724134.187351,5541,256
1764724134.190717,5542,256
1764724134.194036,5543,256
1764724134.197357,5544,256
1764724134.200699,5545,256
1764724134.204012,5546,256
1764724134.207381,5547,256
1764724134.210709,5548,256
1764724134.214032,5549,256
1764724134.217354,5550,256
1764724134.220682,5551,256
1764724134.224041,5552,256
1764724134.227369,5553,256
1764724134.230690,5554,256
1764724134.234031,5555,256
1764724134.237355,5556,256
1764724134.240688,5557,256
1764724134.244025,5558,256
1764724134.247375,5559,256
1764724134.250704,5560,256
1764724134.254080,5561,256
1764724134.257382,5562,256
1764724134.260705,5563,256
1764724134.264018,5564,256
1764724134.267350,5565,256
1764724134.270739,5566,256
1764724134.274039,5567,256
1764724134.277375,5568,256
1764724134.280693,5569,256
1764724134.284014,5570,256
1764724134.287480,5571,256
1764724134.290690,5572,256
1764724134.294032,5573,256
1764724134.297381,5574,256
1764724134.300694,5575,256
1764724134.304039,5576,256
1764724134.307383,5577,256
1764724134.310697,5578,256
1764724134.314035,5579,256
1764724134.317364,5580,256
1764724134.320704,5581,256
1764724134.324080,5582,256
1764724134.327360,5583,256
1764724134.330695,5584,256
1764724134.334022,5585,256
1764724134.337552,5586,256
1764724134.340727,5587,256
1764724134.344031,5588,256
1764724134.347369,5589,256
1764724134.350682,5590,256
1764724134.354036,5591,256
1764724134.357374,5592,256
1764724134.360701,5593,256
1764724134.364032,5594,256
1764724134.367356,5595,256
1764724134.370705,5596,256
1764724134.374054,5597,256
1764724134.377378,5598,256
1764724134.380735,5599,256
1764724134.384042,5600,256
1764724134.387374,5601,256
1764724134.390764,5602,256
1764724134.394037,5603,256
1764724134.397373,5604,256
1764724134.400724,5605,256
1764724134.404043,5606,256
1764724134.407380,5607,256
1764724134.410705,5608,256
1764724134.414047,5609,256
1764724134.417428,5610,256
1764724134.420703,5611,256
1764724134.424090,5612,256
1764724134.427407,5613,256
1764724134.430743,5614,256
1764724134.434094,5615,256
1764724134.437410,5616,256
1764724134.440718,5617,256
1764724134.444100,5618,256
1764724134.447433,5619,256
1764724134.450765,5620,256
1764724134.454040,5621,256
1764724134.457395,5622,256
1764724134.460728,5623,256
1764724134.464164,5624,256
1764724134.467513,5625,256
1764724134.470712,5626,256
1764724134.474023,5627,256
1764724134.477355,5628,256
1764724134.480723,5629,256
1764724134.484049,5630,256
1764724134.487357,5631,256
1764724134.490707,5632,256
1764724134.494026,5633,256
1764724134.497356,5634,256
1764724134.500731,5635,256
1764724134.504034,5636,256
1764724134.507354,5637,256
1764724134.510710,5638,256
1764724134.514054,5639,256
1764724134.517366,5640,256
1764724134.520681,5641,256
1764724134.524038,5642,256
1764724134.527367,5643,256
1764724134.530699,5644,256
1764724134.534083,5645,256
1764724134.537365,5646,256
1764724134.540708,5647,256
1764724134.544032,5648,256
1764724134.547373,5649,256
1764724134.550718,5650,256
1764724134.554034,5651,256
1764724134.557423,5652,256
1764724134.560687,5653,256
1764724134.564068,5654,256
1764724134.567363,5655,256
1764724134.570709,5656,256
1764724134.574053,5657,256
1764724134.577373,5658,256
1764724134.580726,5659,256
1764724134.584070,5660,256
1764724134.587373,5661,256
1764724134.590685,5662,256
1764724134.594012,5663,256
1764724134.597358,5664,256
1764724134.600731,5665,256
1764724134.604037,5666,256
1764724134.607420,5667,256
1764724134.610692,5668,256
1764724134.614028,5669,256
1764724134.617368,5670,256
1764724134.620715,5671,256
1764724134.624031,5672,256
1764724134.627419,5673,256
1764724134.631446,5674,256
1764724134.634045,5675,256
1764724134.637364,5676,256
1764724134.640706,5677,256
1764724134.644033,5678,256
1764724134.647363,5679,256
1764724134.650687,5680,256
1764724134.654035,5681,256
1764724134.657363,5682,256
1764724134.660703,5683,256
1764724134.664084,5684,256
1764724134.667476,5685,256
1764724134.670741,5686,256
1764724134.674042,5687,256
1764724134.677375,5688,256
1764724134.680737,5689,256
1764724134.684081,5690,256
1764724134.687889,5691,256
1764724134.690708,5692,256
1764724134.694038,5693,256
1764724134.697368,5694,256
1764724134.700788,5695,256
1764724134.704058,5696,256
1764724134.707379,5697,256
1764724134.710688,5698,256
1764724134.714029,5699,256
1764724134.717361,5700,256
1764724134.720690,5701,256
1764724134.724037,5702,256
1764724134.727380,5703,256
1764724134.730696,5704,256
1764724134.734054,5705,256
1764724134.737378,5706,256
1764724134.740719,5707,256
1764724134.744035,5708,256
1764724134.747370,5709,256
1764724134.750688,5710,256
1764724134.754024,5711,256
1764724134.757372,5712,256
1764724134.760707,5713,256
1764724134.764106,5714,256
1764724134.767368,5715,256
1764724134.770686,5716,256
1764724134.774029,5717,256
1764724134.777364,5718,256
1764724134.780708,5719,256
1764724134.784066,5720,256
1764724134.787394,5721,256
1764724134.790713,5722,256
1764724134.794096,5723,256
1764724134.797375,5724,256
1764724134.800710,5725,256
1764724134.804024,5726,256
1764724134.807374,5727,256
1764724134.810725,5728,256
1764724134.814186,5729,256
1764724134.817384,5730,256
1764724134.820749,5731,256
1764724134.824074,5732,256
1764724134.827369,5733,256
1764724134.830708,5734,256
1764724134.834063,5735,256
1764724134.837386,5736,256
1764724134.840717,5737,256
1764724134.844090,5738,256
1764724134.847370,5739,256
1764724134.850690,5740,256
1764724134.854024,5741,256
1764724134.857403,5742,256
1764724134.860714,5743,256
1764724134.864022,5744,256
1764724134.867369,5745,256
1764724134.870735,5746,256
1764724134.874037,5747,256
1764724134.877369,5748,256
1764724134.880703,5749,256
1764724134.884031,5750,256
1764724134.887380,5751,256
1764724134.890733,5752,256
1764724134.894041,5753,256
1764724134.897371,5754,256
1764724134.900685,5755,256
1764724134.904012,5756,256
1764724134.907365,5757,256
1764724134.910693,5758,256
1764724134.914029,5759,256
1764724134.917362,5760,256
1764724134.920753,5761,256
1764724134.924039,5762,256
1764724134.927374,5763,256
1764724134.930739,5764,256
1764724134.934058,5765,256
1764724134.937377,5766,256
1764724134.940692,5767,256
1764724134.944016,5768,256
1764724134.947346,5769,256
1764724134.950676,5770,256
1764724134.954023,5771,256
1764724134.957348,5772,256
1764724134.960703,5773,256
1764724134.964012,5774,256
1764724134.967342,5775,256
1764724134.970673,5776,256
1764724134.974007,5777,256
1764724134.977349,5778,256
1764724134.980693,5779,256
1764724134.984014,5780,256
1764724134.987342,5781,256
1764724134.990698,5782,256
1764724134.994014,5783,256
1764724134.997343,5784,256
1764724135.000676,5785,256
1764724135.004027,5786,256
1764724135.007367,5787,256
1764724135.010700,5788,256
1764724135.014035,5789,256
1764724135.017355,5790,256
1764724135.020684,5791,256
1764724135.024033,5792,256
1764724135.027363,5793,256
1764724135.030689,5794,256
1764724135.034020,5795,256
1764724135.037360,5796,256
1764724135.040708,5797,256
1764724135.044041,5798,256
1764724135.047360,5799,256
1764724135.050693,5800,256
1764724135.054024,5801,256
1764724135.057382,5802,256
1764724135.060718,5803,256
1764724135.064053,5804,256
1764724135.067354,5805,256
1764724135.070703,5806,256
1764724135.074042,5807,256
1764724135.077396,5808,256
1764724135.080753,5809,256
1764724135.084077,5810,256
1764724135.087399,5811,256
1764724135.090691,5812,256
1764724135.094022,5813,256
1764724135.097360,5814,256
1764724135.100708,5815,256
1764724135.104025,5816,256
1764724135.107365,5817,256
1764724135.110691,5818,256
1764724135.114023,5819,256
1764724135.117371,5820,256
1764724135.120656,5821,256
1764724135.124034,5822,256
1764724135.127362,5823,256
1764724135.130699,5824,256
1764724135.134103,5825,256
1764724135.137412,5826,256
1764724135.140719,5827,256
1764724135.144046,5828,256
1764724135.147382,5829,256
1764724135.150658,5830,256
1764724135.154040,5831,256
1764724135.157394,5832,256
1764724135.160697,5833,256
1764724135.164023,5834,256
1764724135.167367,5835,256
1764724135.170695,5836,256
1764724135.174043,5837,256
1764724135.177370,5838,256
1764724135.180726,5839,256
1764724135.184070,5840,256
1764724135.187358,5841,256
1764724135.190727,5842,256
1764724135.194035,5843,256
1764724135.197438,5844,256
1764724135.200830,5845,256
1764724135.204051,5846,256
1764724135.207508,5847,256
1764724135.210701,5848,256
1764724135.214020,5849,256
1764724135.217361,5850,256
1764724135.220727,5851,256
1764724135.224041,5852,256
1764724135.227376,5853,256
1764724135.230740,5854,256
1764724135.234021,5855,256
1764724135.237375,5856,256
1764724135.240717,5857,256
1764724135.244019,5858,256
1764724135.247362,5859,256
1764724135.250686,5860,256
1764724135.254024,5861,256
1764724135.257371,5862,256
1764724135.260706,5863,256
1764724135.264026,5864,256
1764724135.267364,5865,256
1764724135.270700,5866,256
1764724135.274038,5867,256
1764724135.277368,5868,256
1764724135.280786,5869,256
1764724135.284041,5870,256
1764724135.287427,5871,256
1764724135.290711,5872,256
1764724135.294040,5873,256
1764724135.297416,5874,256
1764724135.300714,5875,256
1764724135.304028,5876,256
1764724135.307381,5877,256
1764724135.310724,5878,256
1764724135.314127,5879,256
1764724135.317346,5880,256
1764724135.320691,5881,256
1764724135.324012,5882,256
1764724135.327354,5883,256
1764724135.330702,5884,256
1764724135.334133,5885,256
1764724135.337372,5886,256
1764724135.340704,5887,256
1764724135.344030,5888,256
1764724135.347366,5889,256
1764724135.350715,5890,256
1764724135.354024,5891,256
1764724135.357366,5892,256
1764724135.360700,5893,256
1764724135.364034,5894,256
1764724135.367471,5895,256
1764724135.370726,5896,256
1764724135.374015,5897,256
1764724135.377367,5898,256
1764724135.380708,5899,256
1764724135.384043,5900,256
1764724135.387347,5901,256
1764724135.390723,5902,256
1764724135.394042,5903,256
1764724135.397358,5904,256
1764724135.400800,5905,256
1764724135.404041,5906,256
1764724135.407357,5907,256
1764724135.410676,5908,256
1764724135.414036,5909,256
1764724135.417343,5910,256
1764724135.420692,5911,256
1764724135.424017,5912,256
1764724135.427345,5913,256
1764724135.430685,5914,256
1764724135.434025,5915,256
1764724135.437359,5916,256
1764724135.440697,5917,256
1764724135.444015,5918,256
1764724135.447346,5919,256
1764724135.450722,5920,256
1764724135.454053,5921,256
1764724135.457352,5922,256
1764724135.460709,5923,256
1764724135.464032,5924,256
1764724135.467364,5925,256
1764724135.470702,5926,256
1764724135.474007,5927,256
1764724135.477349,5928,256
1764724135.480696,5929,256
1764724135.484025,5930,256
1764724135.487345,5931,256
1764724135.490711,5932,256
1764724135.494146,5933,256
1764724135.497361,5934,256
1764724135.500711,5935,256
1764724135.504044,5936,256
1764724135.507365,5937,256
1764724135.510719,5938,256
1764724135.514135,5939,256
1764724135.517343,5940,256
1764724135.520724,5941,256
1764724135.524137,5942,256
1764724135.527351,5943,256
1764724135.530721,5944,256
1764724135.534137,5945,256
1764724135.537366,5946,256
1764724135.540710,5947,256
1764724135.544034,5948,256
1764724135.547345,5949,256
1764724135.550711,5950,256
1764724135.554033,5951,256
1764724135.557348,5952,256
1764724135.560717,5953,256
1764724135.564130,5954,256
1764724135.567372,5955,256
1764724135.570731,5956,256
1764724135.574012,5957,256
1764724135.577349,5958,256
1764724135.580697,5959,256
1764724135.584028,5960,256
1764724135.587363,5961,256
1764724135.590695,5962,256
1764724135.594028,5963,256
1764724135.597347,5964,256
1764724135.600691,5965,256
1764724135.604006,5966,256
1764724135.607343,5967,256
1764724135.610734,5968,256
1764724135.614126,5969,256
1764724135.617356,5970,256
1764724135.620713,5971,256
1764724135.624021,5972,256
1764724135.627357,5973,256
1764724135.630724,5974,256
1764724135.634058,5975,256
1764724135.637350,5976,256
1764724135.640682,5977,256
1764724135.644011,5978,256
1764724135.647354,5979,256
1764724135.650719,5980,256
1764724135.654019,5981,256
1764724135.657347,5982,256
1764724135.660681,5983,256
1764724135.664015,5984,256
1764724135.667356,5985,256
1764724135.670682,5986,256
1764724135.674020,5987,256
1764724135.677350,5988,256
1764724135.680681,5989,256
1764724135.684018,5990,256
1764724135.687355,5991,256
1764724135.690677,5992,256
1764724135.694009,5993,256
1764724135.697402,5994,256
1764724135.700694,5995,256
1764724135.704071,5996,256
1764724135.707354,5997,256
1764724135.710680,5998,256
1764724135.714017,5999,256
1764724135.717357,6000,256
1764724135.720685,6001,256
1764724135.724017,6002,256
1764724135.727347,6003,256
1764724135.730686,6004,256
1764724135.734013,6005,256
1764724135.737355,6006,256
1764724135.740687,6007,256
1764724135.744013,6008,256
1764724135.747356,6009,256
1764724135.750715,6010,256
1764724135.754018,6011,256
1764724135.757360,6012,256
1764724135.760687,6013,256
1764724135.764012,6014,256
1764724135.767353,6015,256
1764724135.770680,6016,256
1764724135.774017,6017,256
1764724135.777319,6018,256
1764724135.780690,6019,256
1764724135.784016,6020,256
1764724135.787366,6021,256
1764724135.790687,6022,256
1764724135.794023,6023,256
1764724135.797400,6024,256
1764724135.800681,6025,256
1764724135.804019,6026,256
1764724135.807353,6027,256
1764724135.810704,6028,256
1764724135.814067,6029,256
1764724135.817365,6030,256
1764724135.820690,6031,256
1764724135.824025,6032,256
1764724135.827356,6033,256
1764724135.830690,6034,256
1764724135.834026,6035,256
1764724135.837355,6036,256
1764724135.840688,6037,256
1764724135.844022,6038,256
1764724135.847368,6039,256
1764724135.850699,6040,256
1764724135.854022,6041,256
1764724135.857352,6042,256
1764724135.860683,6043,256
1764724135.864015,6044,256
1764724135.867362,6045,256
1764724135.870690,6046,256
1764724135.874018,6047,256
1764724135.877361,6048,256
1764724135.880695,6049,256
1764724135.884014,6050,256
1764724135.887359,6051,256
1764724135.890690,6052,256
1764724135.894020,6053,256
1764724135.897356,6054,256
1764724135.900681,6055,256
1764724135.904015,6056,256
1764724135.907356,6057,256
1764724135.910701,6058,256
1764724135.914071,6059,256
1764724135.917356,6060,256
1764724135.920689,6061,256
1764724135.924026,6062,256
1764724135.927420,6063,256
1764724135.930713,6064,256
1764724135.934091,6065,256
1764724135.937413,6066,256
1764724135.940712,6067,256
1764724135.944102,6068,256
1764724135.947399,6069,256
1764724135.950704,6070,256
1764724135.954104,6071,256
1764724135.957359,6072,256
1764724135.960687,6073,256
1764724135.964062,6074,256
1764724135.967350,6075,256
1764724135.970683,6076,256
1764724135.974026,6077,256
1764724135.977363,6078,256
1764724135.980699,6079,256
1764724135.984030,6080,256
1764724135.987360,6081,256
1764724135.990715,6082,256
1764724135.994135,6083,256
1764724135.997334,6084,256
1764724136.000787,6085,256
1764724136.004110,6086,256
1764724136.007398,6087,256
1764724136.010722,6088,256
1764724136.014069,6089,256
1764724136.017363,6090,256
1764724136.020703,6091,256
1764724136.024036,6092,256
1764724136.027419,6093,256
1764724136.030714,6094,256
1764724136.034023,6095,256
1764724136.037381,6096,256
1764724136.040710,6097,256
1764724136.044024,6098,256
1764724136.047359,6099,256
1764724136.050696,6100,256
1764724136.054067,6101,256
1764724136.057438,6102,256
1764724136.060694,6103,256
1764724136.064055,6104,256
1764724136.067392,6105,256
1764724136.070727,6106,256
1764724136.074105,6107,256
1764724136.077357,6108,256
1764724136.080709,6109,256
1764724136.084076,6110,256
1764724136.087429,6111,256
1764724136.090691,6112,256
1764724136.094069,6113,256
1764724136.097457,6114,256
1764724136.100727,6115,256
1764724136.104099,6116,256
1764724136.107342,6117,256
1764724136.110688,6118,256
1764724136.114006,6119,256
1764724136.117342,6120,256
1764724136.120686,6121,256
1764724136.124027,6122,256
1764724136.127360,6123,256
1764724136.130723,6124,256
1764724136.134125,6125,256
1764724136.137361,6126,256
1764724136.140787,6127,256
1764724136.144143,6128,256
1764724136.147350,6129,256
1764724136.150717,6130,256
1764724136.154139,6131,256
1764724136.157375,6132,256
1764724136.160817,6133,256
1764724136.164125,6134,256
1764724136.167371,6135,256
1764724136.170682,6136,256
1764724136.174114,6137,256
1764724136.177372,6138,256
1764724136.180822,6139,256
1764724136.184024,6140,256
1764724136.187355,6141,256
1764724136.190795,6142,256
1764724136.194050,6143,256
1764724136.197357,6144,256
1764724136.200689,6145,256
1764724136.204029,6146,256
1764724136.207361,6147,256
1764724136.210690,6148,256
1764724136.214020,6149,256
1764724136.217357,6150,256
1764724136.220688,6151,256
1764724136.224016,6152,256
1764724136.227313,6153,256
1764724136.230680,6154,256
1764724136.234022,6155,256
1764724136.237364,6156,256
1764724136.240682,6157,256
1764724136.244014,6158,256
1764724136.247384,6159,256
1764724136.250708,6160,256
1764724136.254037,6161,256
1764724136.257388,6162,256
1764724136.260708,6163,256
1764724136.264045,6164,256
1764724136.267382,6165,256
1764724136.270706,6166,256
1764724136.274036,6167,256
1764724136.277368,6168,256
1764724136.280718,6169,256
1764724136.284047,6170,256
1764724136.287360,6171,256
1764724136.290703,6172,256
1764724136.294038,6173,256
1764724136.297376,6174,256
1764724136.300693,6175,256
1764724136.304028,6176,256
1764724136.307365,6177,256
1764724136.310713,6178,256
1764724136.314041,6179,256
1764724136.317368,6180,256
1764724136.320692,6181,256
1764724136.324032,6182,256
1764724136.327362,6183,256
1764724136.330708,6184,256
1764724136.334024,6185,256
1764724136.337351,6186,256
1764724136.340699,6187,256
1764724136.344021,6188,256
1764724136.347368,6189,256
1764724136.350693,6190,256
1764724136.354013,6191,256
1764724136.357363,6192,256
1764724136.360704,6193,256
1764724136.364027,6194,256
1764724136.367354,6195,256
1764724136.370744,6196,256
1764724136.374048,6197,256
1764724136.377381,6198,256
1764724136.380717,6199,256
1764724136.384030,6200,256
1764724136.387419,6201,256
1764724136.390743,6202,256
1764724136.394032,6203,256
1764724136.397370,6204,256
1764724136.400745,6205,256
1764724136.404025,6206,256
1764724136.407386,6207,256
1764724136.410724,6208,256
1764724136.414052,6209,256
1764724136.417370,6210,256
1764724136.420761,6211,256
1764724136.424067,6212,256
1764724136.427389,6213,256
1764724136.430705,6214,256
1764724136.434030,6215,256
1764724136.437371,6216,256
1764724136.440777,6217,256
1764724136.444042,6218,256
1764724136.447371,6219,256
1764724136.450700,6220,256
1764724136.454023,6221,256
1764724136.457411,6222,256
1764724136.460711,6223,256
1764724136.464041,6224,256
1764724136.467358,6225,256
1764724136.470687,6226,256
1764724136.474055,6227,256
1764724136.477374,6228,256
1764724136.480692,6229,256
1764724136.484018,6230,256
1764724136.487350,6231,256
1764724136.490705,6232,256
1764724136.494040,6233,256
1764724136.497354,6234,256
1764724136.500687,6235,256
1764724136.504187,6236,256
1764724136.507360,6237,256
1764724136.510705,6238,256
1764724136.514001,6239,256
1764724136.517353,6240,256
1764724136.520698,6241,256
1764724136.524038,6242,256
1764724136.527367,6243,256
1764724136.530684,6244,256
1764724136.534047,6245,256
1764724136.537346,6246,256
1764724136.540706,6247,256
1764724136.544040,6248,256
1764724136.547354,6249,256
1764724136.550680,6250,256
1764724136.554023,6251,256
1764724136.557370,6252,256
1764724136.560701,6253,256
1764724136.564041,6254,256
1764724136.567375,6255,256
1764724136.570692,6256,256
1764724136.574040,6257,256
1764724136.577380,6258,256
1764724136.580711,6259,256
1764724136.584028,6260,256
1764724136.587361,6261,256
1764724136.590700,6262,256
1764724136.594032,6263,256
1764724136.597382,6264,256
1764724136.600696,6265,256
1764724136.604029,6266,256
1764724136.607386,6267,256
1764724136.610715,6268,256
1764724136.614052,6269,256
1764724136.617358,6270,256
1764724136.620690,6271,256
1764724136.624036,6272,256
1764724136.627385,6273,256
1764724136.630722,6274,256
1764724136.634075,6275,256
1764724136.637399,6276,256
1764724136.640709,6277,256
1764724136.644048,6278,256
1764724136.647372,6279,256
1764724136.650717,6280,256
1764724136.654026,6281,256
1764724136.657384,6282,256
1764724136.660726,6283,256
1764724136.664038,6284,256
1764724136.667327,6285,256
1764724136.670701,6286,256
1764724136.674032,6287,256
1764724136.677370,6288,256
1764724136.680696,6289,256
1764724136.684004,6290,256
1764724136.687325,6291,256
1764724136.690700,6292,256
1764724136.694022,6293,256
1764724136.697351,6294,256
1764724136.700686,6295,256
1764724136.704000,6296,256
1764724136.707347,6297,256
1764724136.710682,6298,256
1764724136.714002,6299,256
1764724136.717334,6300,256
1764724136.720675,6301,256
1764724136.724046,6302,256
1764724136.727346,6303,256
1764724136.730694,6304,256
1764724136.734023,6305,256
1764724136.737348,6306,256
1764724136.740690,6307,256
1764724136.744045,6308,256
1764724136.747342,6309,256
1764724136.750664,6310,256
1764724136.754007,6311,256
1764724136.757366,6312,256
1764724136.760731,6313,256
1764724136.764010,6314,256
1764724136.767339,6315,256
1764724136.770680,6316,256
1764724136.774034,6317,256
1764724136.777368,6318,256
1764724136.780740,6319,256
1764724136.784020,6320,256
1764724136.787344,6321,256
1764724136.790704,6322,256
1764724136.794027,6323,256
1764724136.797359,6324,256
1764724136.800743,6325,256
1764724136.804008,6326,256
1764724136.807438,6327,256
1764724136.810689,6328,256
1764724136.814020,6329,256
1764724136.817440,6330,256
1764724136.820746,6331,256
1764724136.824032,6332,256
1764724136.827355,6333,256
1764724136.830690,6334,256
1764724136.834076,6335,256
1764724136.837424,6336,256
1764724136.840693,6337,256
1764724136.844029,6338,256
1764724136.847340,6339,256
1764724136.850670,6340,256
1764724136.854097,6341,256
1764724136.857317,6342,256
1764724136.860688,6343,256
1764724136.864015,6344,256
1764724136.867336,6345,256
1764724136.870670,6346,256
1764724136.874026,6347,256
1764724136.877354,6348,256
1764724136.880688,6349,256
1764724136.884012,6350,256
1764724136.887349,6351,256
1764724136.890660,6352,256
1764724136.894067,6353,256
1764724136.897315,6354,256
1764724136.900721,6355,256
1764724136.904083,6356,256
1764724136.907336,6357,256
1764724136.910686,6358,256
1764724136.914117,6359,256
1764724136.917346,6360,256
1764724136.920681,6361,256
1764724136.924027,6362,256
1764724136.927360,6363,256
1764724136.930681,6364,256
1764724136.934017,6365,256
1764724136.937404,6366,256
1764724136.940697,6367,256
1764724136.944016,6368,256
1764724136.947358,6369,256
1764724136.950682,6370,256
1764724136.954009,6371,256
1764724136.957382,6372,256
1764724136.960703,6373,256
1764724136.964039,6374,256
1764724136.967369,6375,256
1764724136.970676,6376,256
1764724136.974045,6377,256
1764724136.977378,6378,256
1764724136.980693,6379,256
1764724136.984019,6380,256
1764724136.987364,6381,256
1764724136.990883,6382,256
1764724136.994054,6383,256
1764724136.997376,6384,256
1764724137.000682,6385,256
1764724137.004006,6386,256
1764724137.007382,6387,256
1764724137.010708,6388,256
1764724137.014042,6389,256
1764724137.017357,6390,256
1764724137.020685,6391,256
1764724137.024041,6392,256
1764724137.027385,6393,256
1764724137.030710,6394,256
1764724137.034025,6395,256
1764724137.037356,6396,256
1764724137.040710,6397,256
1764724137.044054,6398,256
1764724137.047353,6399,256
1764724137.050686,6400,256
1764724137.054009,6401,256
1764724137.057364,6402,256
1764724137.060697,6403,256
1764724137.064013,6404,256
1764724137.067345,6405,256
1764724137.070673,6406,256
1764724137.074024,6407,256
1764724137.077370,6408,256
1764724137.080688,6409,256
1764724137.084015,6410,256
1764724137.087350,6411,256
1764724137.090704,6412,256
1764724137.094016,6413,256
1764724137.097360,6414,256
1764724137.100703,6415,256
1764724137.104029,6416,256
1764724137.107364,6417,256
1764724137.110692,6418,256
1764724137.113990,6419,256
1764724137.117352,6420,256
1764724137.120684,6421,256
1764724137.124031,6422,256
1764724137.127373,6423,256
1764724137.130698,6424,256
1764724137.134021,6425,256
1764724137.137428,6426,256
1764724137.140713,6427,256
1764724137.144049,6428,256
1764724137.147382,6429,256
1764724137.150698,6430,256
1764724137.154023,6431,256
1764724137.157355,6432,256
1764724137.160682,6433,256
1764724137.164009,6434,256
1764724137.167349,6435,256
1764724137.170738,6436,256
1764724137.174074,6437,256
1764724137.177321,6438,256
1764724137.180697,6439,256
1764724137.184018,6440,256
1764724137.187409,6441,256
1764724137.190739,6442,256
1764724137.194038,6443,256
1764724137.197369,6444,256
1764724137.200691,6445,256
1764724137.204021,6446,256
1764724137.207353,6447,256
1764724137.210681,6448,256
1764724137.214020,6449,256
1764724137.217346,6450,256
1764724137.220689,6451,256
1764724137.224019,6452,256
1764724137.227353,6453,256
1764724137.230699,6454,256
1764724137.234090,6455,256
1764724137.237465,6456,256
1764724137.240697,6457,256
1764724137.244021,6458,256
1764724137.247346,6459,256
1764724137.250695,6460,256
1764724137.254036,6461,256
1764724137.257411,6462,256
1764724137.260711,6463,256
1764724137.264024,6464,256
1764724137.267316,6465,256
1764724137.270719,6466,256
1764724137.274043,6467,256
1764724137.277347,6468,256
1764724137.280709,6469,256
1764724137.284025,6470,256
1764724137.287356,6471,256
1764724137.290723,6472,256
1764724137.294018,6473,256
1764724137.297356,6474,256
1764724137.300692,6475,256
1764724137.304027,6476,256
1764724137.307380,6477,256
1764724137.310716,6478,256
1764724137.314016,6479,256
1764724137.317374,6480,256
1764724137.320698,6481,256
1764724137.324041,6482,256
1764724137.327358,6483,256
1764724137.330696,6484,256
1764724137.334065,6485,256
1764724137.337404,6486,256
1764724137.340693,6487,256
1764724137.344058,6488,256
1764724137.347309,6489,256
1764724137.350704,6490,256
1764724137.354084,6491,256
1764724137.357357,6492,256
1764724137.360679,6493,256
1764724137.364067,6494,256
1764724137.367317,6495,256
1764724137.370715,6496,256
1764724137.374082,6497,256
1764724137.377367,6498,256
1764724137.380722,6499,256
1764724137.384021,6500,256
1764724137.387338,6501,256
1764724137.390675,6502,256
1764724137.394007,6503,256
1764724137.397337,6504,256
1764724137.400690,6505,256
1764724137.404013,6506,256
1764724137.407349,6507,256
1764724137.410695,6508,256
1764724137.414020,6509,256
1764724137.417371,6510,256
1764724137.420729,6511,256
1764724137.424056,6512,256
1764724137.427356,6513,256
1764724137.430696,6514,256
1764724137.434053,6515,256
1764724137.437466,6516,256
1764724137.440675,6517,256
1764724137.444006,6518,256
1764724137.447352,6519,256
1764724137.450799,6520,256
1764724137.454046,6521,256
1764724137.457332,6522,256
1764724137.460694,6523,256
1764724137.464023,6524,256
1764724137.467340,6525,256
1764724137.470674,6526,256
1764724137.473988,6527,256
1764724137.477350,6528,256
1764724137.480680,6529,256
1764724137.484007,6530,256
1764724137.487340,6531,256
1764724137.490702,6532,256
1764724137.494017,6533,256
1764724137.497413,6534,256
1764724137.500689,6535,256
1764724137.504014,6536,256
1764724137.507349,6537,256
1764724137.510683,6538,256
1764724137.514016,6539,256
1764724137.517389,6540,256
1764724137.520688,6541,256
1764724137.524020,6542,256
1764724137.527352,6543,256
1764724137.530704,6544,256
1764724137.534009,6545,256
1764724137.537349,6546,256
1764724137.540694,6547,256
1764724137.544033,6548,256
1764724137.547354,6549,256
1764724137.550747,6550,256
1764724137.554026,6551,256
1764724137.557357,6552,256
1764724137.560685,6553,256
1764724137.564086,6554,256
1764724137.567357,6555,256
1764724137.570744,6556,256
1764724137.574086,6557,256
1764724137.577357,6558,256
1764724137.580682,6559,256
1764724137.584070,6560,256
1764724137.587358,6561,256
1764724137.590685,6562,256
1764724137.594012,6563,256
1764724137.597359,6564,256
1764724137.600689,6565,256
1764724137.604019,6566,256
1764724137.607363,6567,256
1764724137.610689,6568,256
1764724137.614013,6569,256
1764724137.617345,6570,256
1764724137.620703,6571,256
1764724137.624049,6572,256
1764724137.627366,6573,256
1764724137.630687,6574,256
1764724137.634017,6575,256
1764724137.637354,6576,256
1764724137.640692,6577,256
1764724137.644026,6578,256
1764724137.647415,6579,256
1764724137.650747,6580,256
1764724137.654014,6581,256
1764724137.657348,6582,256
1764724137.660682,6583,256
1764724137.664016,6584,256
1764724137.667349,6585,256
1764724137.670683,6586,256
1764724137.674037,6587,256
1764724137.677348,6588,256
1764724137.680675,6589,256
1764724137.684024,6590,256
1764724137.687363,6591,256
1764724137.690693,6592,256
1764724137.694015,6593,256
1764724137.697368,6594,256
1764724137.700688,6595,256
1764724137.704022,6596,256
1764724137.707362,6597,256
1764724137.710684,6598,256
1764724137.714015,6599,256
1764724137.717349,6600,256
1764724137.720781,6601,256
1764724137.724016,6602,256
1764724137.727354,6603,256
1764724137.730679,6604,256
1764724137.734013,6605,256
1764724137.737349,6606,256
1764724137.740687,6607,256
1764724137.744012,6608,256
1764724137.747403,6609,256
1764724137.750739,6610,256
1764724137.754055,6611,256
1764724137.757401,6612,256
1764724137.760748,6613,256
1764724137.764071,6614,256
1764724137.767401,6615,256
1764724137.770731,6616,256
1764724137.774024,6617,256
1764724137.777351,6618,256
1764724137.780689,6619,256
1764724137.784072,6620,256
1764724137.787404,6621,256
1764724137.790746,6622,256
1764724137.794037,6623,256
1764724137.797351,6624,256
1764724137.800678,6625,256
1764724137.804016,6626,256
1764724137.807355,6627,256
1764724137.810690,6628,256
1764724137.814035,6629,256
1764724137.817364,6630,256
1764724137.820704,6631,256
1764724137.824019,6632,256
1764724137.827412,6633,256
1764724137.830695,6634,256
1764724137.834021,6635,256
1764724137.837357,6636,256
1764724137.840698,6637,256
1764724137.844079,6638,256
1764724137.847357,6639,256
1764724137.850722,6640,256
1764724137.854165,6641,256
1764724137.857357,6642,256
1764724137.860710,6643,256
1764724137.864039,6644,256
1764724137.867389,6645,256
1764724137.870695,6646,256
1764724137.874025,6647,256
1764724137.877364,6648,256
1764724137.880792,6649,256
1764724137.884090,6650,256
1764724137.887453,6651,256
1764724137.890694,6652,256
1764724137.894051,6653,256
1764724137.897360,6654,256
1764724137.900723,6655,256
1764724137.904104,6656,256
1764724137.907357,6657,256
1764724137.910690,6658,256
1764724137.914014,6659,256
1764724137.917356,6660,256
1764724137.920731,6661,256
1764724137.924046,6662,256
1764724137.927368,6663,256
1764724137.930749,6664,256
1764724137.934202,6665,256
1764724137.937437,6666,256
1764724137.940732,6667,256
1764724137.944038,6668,256
1764724137.947452,6669,256
1764724137.950804,6670,256
1764724137.954180,6671,256
1764724137.957348,6672,256
1764724137.960714,6673,256
1764724137.964018,6674,256
1764724137.967364,6675,256
1764724137.970710,6676,256
1764724137.974051,6677,256
1764724137.977383,6678,256
1764724137.980699,6679,256
1764724137.984046,6680,256
1764724137.987341,6681,256
1764724137.990689,6682,256
1764724137.994048,6683,256
1764724137.997380,6684,256
1764724138.000697,6685,256
1764724138.004058,6686,256
1764724138.007363,6687,256
1764724138.010702,6688,256
1764724138.014056,6689,256
1764724138.017375,6690,256
1764724138.020695,6691,256
1764724138.024110,6692,256
1764724138.027368,6693,256
1764724138.030810,6694,256
1764724138.034146,6695,256
1764724138.037402,6696,256
1764724138.040728,6697,256
1764724138.044154,6698,256
1764724138.047470,6699,256
1764724138.050719,6700,256
1764724138.054162,6701,256
1764724138.057353,6702,256
1764724138.060712,6703,256
1764724138.064130,6704,256
1764724138.067388,6705,256
1764724138.070802,6706,256
1764724138.074058,6707,256
1764724138.077352,6708,256
1764724138.080718,6709,256
1764724138.084157,6710,256
1764724138.087481,6711,256
1764724138.090798,6712,256
1764724138.094141,6713,256
1764724138.097464,6714,256
1764724138.100714,6715,256
1764724138.104151,6716,256
1764724138.107350,6717,256
1764724138.110715,6718,256
1764724138.114142,6719,256
1764724138.117458,6720,256
1764724138.120716,6721,256
1764724138.124141,6722,256
1764724138.127380,6723,256
1764724138.130725,6724,256
1764724138.134128,6725,256
1764724138.137345,6726,256
1764724138.140712,6727,256
1764724138.144110,6728,256
1764724138.147339,6729,256
1764724138.150724,6730,256
1764724138.154125,6731,256
1764724138.157336,6732,256
1764724138.160715,6733,256
1764724138.164131,6734,256
1764724138.167474,6735,256
1764724138.170804,6736,256
1764724138.174121,6737,256
1764724138.177338,6738,256
1764724138.180713,6739,256
1764724138.184135,6740,256
1764724138.187345,6741,256
1764724138.190790,6742,256
1764724138.194138,6743,256
1764724138.197371,6744,256
1764724138.200792,6745,256
1764724138.204141,6746,256
1764724138.207468,6747,256
1764724138.210723,6748,256
1764724138.214136,6749,256
1764724138.217454,6750,256
1764724138.220718,6751,256
1764724138.224023,6752,256
1764724138.227354,6753,256
1764724138.230696,6754,256
1764724138.234022,6755,256
1764724138.237394,6756,256
1764724138.240805,6757,256
1764724138.244124,6758,256
1764724138.247376,6759,256
1764724138.250722,6760,256
1764724138.254137,6761,256
1764724138.257348,6762,256
1764724138.260705,6763,256
1764724138.264111,6764,256
1764724138.267324,6765,256
1764724138.270704,6766,256
1764724138.274043,6767,256
1764724138.277378,6768,256
1764724138.280676,6769,256
1764724138.284043,6770,256
1764724138.287374,6771,256
1764724138.290674,6772,256
1764724138.294013,6773,256
1764724138.297386,6774,256
1764724138.300685,6775,256
1764724138.304013,6776,256
1764724138.307348,6777,256
1764724138.310740,6778,256
1764724138.314077,6779,256
1764724138.317397,6780,256
1764724138.320736,6781,256
1764724138.324027,6782,256
1764724138.327405,6783,256
1764724138.330737,6784,256
1764724138.334073,6785,256
1764724138.337410,6786,256
1764724138.340731,6787,256
1764724138.344033,6788,256
1764724138.347364,6789,256
1764724138.350699,6790,256
1764724138.354062,6791,256
1764724138.357418,6792,256
1764724138.360757,6793,256
1764724138.364061,6794,256
1764724138.367366,6795,256
1764724138.370689,6796,256
1764724138.374023,6797,256
1764724138.377359,6798,256
1764724138.380692,6799,256
1764724138.384081,6800,256
1764724138.387399,6801,256
1764724138.390689,6802,256
1764724138.394028,6803,256
1764724138.397321,6804,256
1764724138.400694,6805,256
1764724138.404077,6806,256
1764724138.407359,6807,256
1764724138.410687,6808,256
1764724138.414092,6809,256
1764724138.417415,6810,256
1764724138.420692,6811,256
1764724138.424059,6812,256
1764724138.427361,6813,256
1764724138.430687,6814,256
1764724138.434018,6815,256
1764724138.437378,6816,256
1764724138.440697,6817,256
1764724138.444043,6818,256
1764724138.447386,6819,256
1764724138.450727,6820,256
1764724138.454146,6821,256
1764724138.457364,6822,256
1764724138.460718,6823,256
1764724138.464143,6824,256
1764724138.467364,6825,256
1764724138.470726,6826,256
1764724138.474134,6827,256
1764724138.477471,6828,256
1764724138.480725,6829,256
1764724138.484147,6830,256
1764724138.487451,6831,256
1764724138.490724,6832,256
1764724138.494142,6833,256
1764724138.497457,6834,256
1764724138.500720,6835,256
1764724138.504150,6836,256
1764724138.507364,6837,256
1764724138.510716,6838,256
1764724138.514125,6839,256
1764724138.517364,6840,256
1764724138.520714,6841,256
1764724138.524140,6842,256
1764724138.527463,6843,256
1764724138.530782,6844,256
1764724138.534139,6845,256
1764724138.537463,6846,256
1764724138.540705,6847,256
1764724138.544023,6848,256
1764724138.547348,6849,256
1764724138.550681,6850,256
1764724138.554025,6851,256
1764724138.557355,6852,256
1764724138.560743,6853,256
1764724138.564071,6854,256
1764724138.567356,6855,256
1764724138.570724,6856,256
1764724138.574074,6857,256
1764724138.577364,6858,256
1764724138.580697,6859,256
1764724138.584037,6860,256
1764724138.587339,6861,256
1764724138.590692,6862,256
1764724138.594063,6863,256
1764724138.597409,6864,256
1764724138.600736,6865,256
1764724138.604073,6866,256
1764724138.607359,6867,256
1764724138.610746,6868,256
1764724138.614082,6869,256
1764724138.617393,6870,256
1764724138.620735,6871,256
1764724138.624075,6872,256
1764724138.627419,6873,256
1764724138.630751,6874,256
1764724138.634027,6875,256
1764724138.637348,6876,256
1764724138.640676,6877,256
1764724138.644069,6878,256
1764724138.647352,6879,256
1764724138.650680,6880,256
1764724138.654022,6881,256
1764724138.657349,6882,256
1764724138.660681,6883,256
1764724138.664004,6884,256
1764724138.667354,6885,256
1764724138.670683,6886,256
1764724138.674019,6887,256
1764724138.677344,6888,256
1764724138.680743,6889,256
1764724138.684054,6890,256
1764724138.687354,6891,256
1764724138.690686,6892,256
1764724138.694084,6893,256
1764724138.697350,6894,256
1764724138.700678,6895,256
1764724138.704011,6896,256
1764724138.707354,6897,256
1764724138.710745,6898,256
1764724138.714084,6899,256
1764724138.717360,6900,256
1764724138.720688,6901,256
1764724138.724018,6902,256
1764724138.727309,6903,256
1764724138.730690,6904,256
1764724138.734069,6905,256
1764724138.737357,6906,256
1764724138.740692,6907,256
1764724138.744076,6908,256
1764724138.747358,6909,256
1764724138.750694,6910,256
1764724138.754037,6911,256
1764724138.757366,6912,256
1764724138.760712,6913,256
1764724138.764022,6914,256
1764724138.767391,6915,256
1764724138.770710,6916,256
1764724138.774182,6917,256
1764724138.777353,6918,256
1764724138.780699,6919,256
1764724138.784049,6920,256
1764724138.787373,6921,256
1764724138.790800,6922,256
1764724138.794035,6923,256
1764724138.797375,6924,256
1764724138.800697,6925,256
1764724138.804034,6926,256
1764724138.807356,6927,256
1764724138.810693,6928,256
1764724138.814003,6929,256
1764724138.817369,6930,256
1764724138.820801,6931,256
1764724138.824055,6932,256
1764724138.827378,6933,256
1764724138.830808,6934,256
1764724138.834053,6935,256
1764724138.837380,6936,256
1764724138.840683,6937,256
1764724138.844009,6938,256
1764724138.847351,6939,256
1764724138.850697,6940,256
1764724138.854029,6941,256
1764724138.857433,6942,256
1764724138.860714,6943,256
1764724138.864100,6944,256
1764724138.867473,6945,256
1764724138.870703,6946,256
1764724138.874037,6947,256
1764724138.877429,6948,256
1764724138.880709,6949,256
1764724138.884116,6950,256
1764724138.887498,6951,256
1764724138.890723,6952,256
1764724138.894160,6953,256
1764724138.897426,6954,256
1764724138.900708,6955,256
1764724138.904017,6956,256
1764724138.907375,6957,256
1764724138.910718,6958,256
1764724138.914032,6959,256
1764724138.917374,6960,256
1764724138.920723,6961,256
1764724138.924178,6962,256
1764724138.927358,6963,256
1764724138.930696,6964,256
1764724138.934012,6965,256
1764724138.937351,6966,256
1764724138.940706,6967,256
1764724138.944029,6968,256
1764724138.947358,6969,256
1764724138.950705,6970,256
1764724138.954027,6971,256
1764724138.957364,6972,256
1764724138.960704,6973,256
1764724138.964025,6974,256
1764724138.967360,6975,256
1764724138.970713,6976,256
1764724138.974031,6977,256
1764724138.977448,6978,256
1764724138.980785,6979,256
1764724138.984033,6980,256
1764724138.987467,6981,256
1764724138.990718,6982,256
1764724138.994032,6983,256
1764724138.997344,6984,256
1764724139.000725,6985,256
1764724139.004061,6986,256
1764724139.007369,6987,256
1764724139.010809,6988,256
1764724139.014040,6989,256
1764724139.017369,6990,256
1764724139.020685,6991,256
1764724139.024026,6992,256
1764724139.027372,6993,256
1764724139.030698,6994,256
1764724139.034019,6995,256
1764724139.037358,6996,256
1764724139.040686,6997,256
1764724139.044059,6998,256
1764724139.047394,6999,256
1764724139.050697,7000,256
1764724139.054018,7001,256
1764724139.057354,7002,256
1764724139.060721,7003,256
1764724139.064042,7004,256
1764724139.067356,7005,256
1764724139.070687,7006,256
1764724139.074031,7007,256
1764724139.077399,7008,256
1764724139.080728,7009,256
1764724139.084058,7010,256
1764724139.087417,7011,256
1764724139.090730,7012,256
1764724139.094096,7013,256
1764724139.097378,7014,256
1764724139.100856,7015,256
1764724139.104203,7016,256
1764724139.107357,7017,256
1764724139.110706,7018,256
1764724139.114132,7019,256
1764724139.117352,7020,256
1764724139.120690,7021,256
1764724139.124022,7022,256
1764724139.127373,7023,256
1764724139.130692,7024,256
1764724139.134041,7025,256
1764724139.137355,7026,256
1764724139.140686,7027,256
1764724139.144035,7028,256
1764724139.147368,7029,256
1764724139.150694,7030,256
1764724139.154014,7031,256
1764724139.157421,7032,256
1764724139.160702,7033,256
1764724139.164035,7034,256
1764724139.167402,7035,256
1764724139.170752,7036,256
1764724139.174034,7037,256
1764724139.177392,7038,256
1764724139.180717,7039,256
1764724139.184129,7040,256
1764724139.187368,7041,256
1764724139.190767,7042,256
1764724139.194045,7043,256
1764724139.197357,7044,256
1764724139.200711,7045,256
1764724139.204034,7046,256
1764724139.207362,7047,256
1764724139.210704,7048,256
1764724139.214037,7049,256
1764724139.217411,7050,256
1764724139.220686,7051,256
1764724139.224185,7052,256
1764724139.227374,7053,256
1764724139.230706,7054,256
1764724139.234111,7055,256
1764724139.237419,7056,256
1764724139.240749,7057,256
1764724139.244062,7058,256
1764724139.247387,7059,256
1764724139.250706,7060,256
1764724139.254039,7061,256
1764724139.257361,7062,256
1764724139.260697,7063,256
1764724139.264046,7064,256
1764724139.267364,7065,256
1764724139.270696,7066,256
1764724139.274027,7067,256
1764724139.277352,7068,256
1764724139.280681,7069,256
1764724139.284018,7070,256
1764724139.287344,7071,256
1764724139.290691,7072,256
1764724139.294081,7073,256
1764724139.297343,7074,256
1764724139.300695,7075,256
1764724139.304005,7076,256
1764724139.307339,7077,256
1764724139.310697,7078,256
1764724139.314044,7079,256
1764724139.317354,7080,256
1764724139.320693,7081,256
1764724139.324037,7082,256
1764724139.327393,7083,256
1764724139.330715,7084,256
1764724139.334046,7085,256
1764724139.337375,7086,256
1764724139.340706,7087,256
1764724139.344041,7088,256
1764724139.347370,7089,256
1764724139.350693,7090,256
1764724139.354020,7091,256
1764724139.357356,7092,256
1764724139.360735,7093,256
1764724139.364044,7094,256
1764724139.367347,7095,256
1764724139.370683,7096,256
1764724139.374025,7097,256
1764724139.377367,7098,256
1764724139.380693,7099,256
1764724139.384022,7100,256
1764724139.387389,7101,256
1764724139.390690,7102,256
1764724139.394049,7103,256
1764724139.397386,7104,256
1764724139.400757,7105,256
1764724139.404041,7106,256
1764724139.407354,7107,256
1764724139.410711,7108,256
1764724139.414025,7109,256
1764724139.417371,7110,256
1764724139.420704,7111,256
1764724139.424036,7112,256
1764724139.427364,7113,256
1764724139.430691,7114,256
1764724139.434011,7115,256
1764724139.437355,7116,256
1764724139.440684,7117,256
1764724139.444033,7118,256
1764724139.447369,7119,256
1764724139.450680,7120,256
1764724139.454026,7121,256
1764724139.457365,7122,256
1764724139.460708,7123,256
1764724139.464043,7124,256
1764724139.467404,7125,256
1764724139.470695,7126,256
1764724139.474018,7127,256
1764724139.477391,7128,256
1764724139.480712,7129,256
1764724139.484033,7130,256
1764724139.487359,7131,256
1764724139.490685,7132,256
1764724139.494025,7133,256
1764724139.497382,7134,256
1764724139.500693,7135,256
1764724139.504032,7136,256
1764724139.507359,7137,256
1764724139.510715,7138,256
1764724139.514035,7139,256
1764724139.517372,7140,256
1764724139.520718,7141,256
1764724139.524093,7142,256
1764724139.527424,7143,256
1764724139.530712,7144,256
1764724139.534069,7145,256
1764724139.537356,7146,256
1764724139.540744,7147,256
1764724139.544054,7148,256
1764724139.547383,7149,256
1764724139.550716,7150,256
1764724139.554099,7151,256
1764724139.557405,7152,256
1764724139.560719,7153,256
1764724139.564097,7154,256
1764724139.567366,7155,256
1764724139.570699,7156,256
1764724139.574034,7157,256
1764724139.577385,7158,256
1764724139.580707,7159,256
1764724139.584078,7160,256
1764724139.587357,7161,256
1764724139.590732,7162,256
1764724139.594073,7163,256
1764724139.597438,7164,256
1764724139.600770,7165,256
1764724139.604063,7166,256
1764724139.607354,7167,256
1764724139.610700,7168,256
1764724139.614017,7169,256
1764724139.617346,7170,256
1764724139.620684,7171,256
1764724139.624011,7172,256
1764724139.627364,7173,256
1764724139.630697,7174,256
1764724139.634014,7175,256
1764724139.637362,7176,256
1764724139.640692,7177,256
1764724139.644062,7178,256
1764724139.647369,7179,256
1764724139.650696,7180,256
1764724139.654029,7181,256
1764724139.657360,7182,256
1764724139.660735,7183,256
1764724139.664052,7184,256
1764724139.667369,7185,256
1764724139.670687,7186,256
1764724139.674040,7187,256
1764724139.677361,7188,256
1764724139.680711,7189,256
1764724139.684128,7190,256
1764724139.687361,7191,256
1764724139.690717,7192,256
1764724139.694031,7193,256
1764724139.697353,7194,256
1764724139.700692,7195,256
1764724139.704038,7196,256
1764724139.707350,7197,256
1764724139.710704,7198,256
1764724139.714034,7199,256
1764724139.717346,7200,256
1764724139.720711,7201,256
1764724139.724023,7202,256
1764724139.727362,7203,256
1764724139.730681,7204,256
1764724139.734018,7205,256
1764724139.737316,7206,256
1764724139.740685,7207,256
1764724139.744016,7208,256
1764724139.747348,7209,256
1764724139.750697,7210,256
1764724139.754026,7211,256
1764724139.757356,7212,256
1764724139.760732,7213,256
1764724139.764038,7214,256
1764724139.767359,7215,256
1764724139.770680,7216,256
1764724139.774012,7217,256
1764724139.777368,7218,256
1764724139.780708,7219,256
1764724139.784039,7220,256
1764724139.787407,7221,256
1764724139.790701,7222,256
1764724139.794029,7223,256
1764724139.797357,7224,256
1764724139.800698,7225,256
1764724139.804061,7226,256
1764724139.807359,7227,256
1764724139.810708,7228,256
1764724139.814015,7229,256
1764724139.817350,7230,256
1764724139.820720,7231,256
1764724139.824038,7232,256
1764724139.827490,7233,256
1764724139.830719,7234,256
1764724139.834095,7235,256
1764724139.837364,7236,256
1764724139.840851,7237,256
1764724139.844019,7238,256
1764724139.847444,7239,256
1764724139.850847,7240,256
1764724139.854098,7241,256
1764724139.857374,7242,256
1764724139.860853,7243,256
1764724139.864103,7244,256
1764724139.867481,7245,256
1764724139.870743,7246,256
1764724139.874019,7247,256
1764724139.877465,7248,256
1764724139.880769,7249,256
1764724139.884112,7250,256
1764724139.887427,7251,256
1764724139.890846,7252,256
1764724139.894083,7253,256
1764724139.897409,7254,256
1764724139.900849,7255,256
1764724139.904109,7256,256
1764724139.907431,7257,256
1764724139.910828,7258,256
1764724139.914099,7259,256
1764724139.917402,7260,256
1764724139.920851,7261,256
1764724139.924080,7262,256
1764724139.927407,7263,256
1764724139.930851,7264,256
1764724139.934109,7265,256
1764724139.937418,7266,256
1764724139.940828,7267,256
1764724139.944111,7268,256
1764724139.947512,7269,256
1764724139.950722,7270,256
1764724139.954097,7271,256
1764724139.957511,7272,256
1764724139.960838,7273,256
1764724139.964098,7274,256
1764724139.967430,7275,256
1764724139.970836,7276,256
1764724139.974077,7277,256
1764724139.977404,7278,256
1764724139.980748,7279,256
1764724139.984086,7280,256
1764724139.987403,7281,256
1764724139.990752,7282,256
1764724139.994085,7283,256
1764724139.997411,7284,256
1764724140.000738,7285,256
1764724140.004080,7286,256
1764724140.007387,7287,256
1764724140.010736,7288,256
1764724140.014072,7289,256
1764724140.017409,7290,256
1764724140.020695,7291,256
1764724140.024083,7292,256
1764724140.027350,7293,256
1764724140.030690,7294,256
1764724140.034024,7295,256
1764724140.037401,7296,256
1764724140.040737,7297,256
1764724140.044073,7298,256
1764724140.047421,7299,256
1764724140.050748,7300,256
1764724140.054083,7301,256
1764724140.057357,7302,256
1764724140.060674,7303,256
1764724140.064119,7304,256
1764724140.067363,7305,256
1764724140.070688,7306,256
1764724140.074043,7307,256
1764724140.077356,7308,256
1764724140.080715,7309,256
1764724140.084013,7310,256
1764724140.087381,7311,256
1764724140.090720,7312,256
1764724140.094046,7313,256
1764724140.097366,7314,256
1764724140.100718,7315,256
1764724140.104045,7316,256
1764724140.107373,7317,256
1764724140.110716,7318,256
1764724140.114045,7319,256
1764724140.117371,7320,256
1764724140.120708,7321,256
1764724140.124047,7322,256
1764724140.127375,7323,256
1764724140.130716,7324,256
1764724140.134052,7325,256
1764724140.137376,7326,256
1764724140.140718,7327,256
1764724140.144048,7328,256
1764724140.147459,7329,256
1764724140.150718,7330,256
1764724140.154051,7331,256
1764724140.157473,7332,256
1764724140.160717,7333,256
1764724140.164052,7334,256
1764724140.167376,7335,256
1764724140.170708,7336,256
1764724140.174051,7337,256
1764724140.177380,7338,256
1764724140.180700,7339,256
1764724140.184117,7340,256
1764724140.187349,7341,256
1764724140.190695,7342,256
1764724140.194178,7343,256
1764724140.197356,7344,256
1764724140.200703,7345,256
1764724140.204040,7346,256
1764724140.207451,7347,256
1764724140.210799,7348,256
1764724140.214143,7349,256
1764724140.217455,7350,256
1764724140.220798,7351,256
1764724140.224138,7352,256
1764724140.227488,7353,256
1764724140.230777,7354,256
1764724140.234059,7355,256
1764724140.237445,7356,256
1764724140.240782,7357,256
1764724140.244030,7358,256
1764724140.247364,7359,256
1764724140.250696,7360,256
1764724140.254024,7361,256
1764724140.257357,7362,256
1764724140.260695,7363,256
1764724140.264043,7364,256
1764724140.267362,7365,256
1764724140.270694,7366,256
1764724140.274039,7367,256
1764724140.277393,7368,256
1764724140.280710,7369,256
1764724140.284049,7370,256
1764724140.287362,7371,256
1764724140.290687,7372,256
1764724140.294018,7373,256
1764724140.297357,7374,256
1764724140.300686,7375,256
1764724140.304015,7376,256
1764724140.307344,7377,256
1764724140.310692,7378,256
1764724140.314017,7379,256
1764724140.317350,7380,256
1764724140.320676,7381,256
1764724140.324020,7382,256
1764724140.327358,7383,256
1764724140.330695,7384,256
1764724140.334020,7385,256
1764724140.337357,7386,256
1764724140.340694,7387,256
1764724140.344028,7388,256
1764724140.347355,7389,256
1764724140.350720,7390,256
1764724140.354137,7391,256
1764724140.357353,7392,256
1764724140.360699,7393,256
1764724140.364020,7394,256
1764724140.367360,7395,256
1764724140.370702,7396,256
1764724140.374008,7397,256
1764724140.377457,7398,256
1764724140.380698,7399,256
1764724140.384022,7400,256
1764724140.387379,7401,256
1764724140.390699,7402,256
1764724140.394011,7403,256
1764724140.397345,7404,256
1764724140.400685,7405,256
1764724140.404002,7406,256
1764724140.407337,7407,256
1764724140.410699,7408,256
1764724140.414001,7409,256
1764724140.417339,7410,256
1764724140.420699,7411,256
1764724140.424056,7412,256
1764724140.427348,7413,256
1764724140.430690,7414,256
1764724140.434023,7415,256
1764724140.437335,7416,256
1764724140.440722,7417,256
1764724140.444024,7418,256
1764724140.447350,7419,256
1764724140.450702,7420,256
1764724140.454026,7421,256
1764724140.457414,7422,256
1764724140.460713,7423,256
1764724140.464037,7424,256
1764724140.467409,7425,256
1764724140.470711,7426,256
1764724140.474043,7427,256
1764724140.477366,7428,256
1764724140.480709,7429,256
1764724140.484044,7430,256
1764724140.487331,7431,256
1764724140.490686,7432,256
1764724140.494038,7433,256
1764724140.497370,7434,256
1764724140.500705,7435,256
1764724140.504013,7436,256
1764724140.507363,7437,256
1764724140.510688,7438,256
1764724140.514013,7439,256
1764724140.517357,7440,256
1764724140.520678,7441,256
1764724140.524008,7442,256
1764724140.527349,7443,256
1764724140.530676,7444,256
1764724140.534025,7445,256
1764724140.537347,7446,256
1764724140.540687,7447,256
1764724140.544036,7448,256
1764724140.547373,7449,256
1764724140.550725,7450,256
1764724140.554067,7451,256
1764724140.557359,7452,256
1764724140.560699,7453,256
1764724140.564031,7454,256
1764724140.567357,7455,256
1764724140.570763,7456,256
1764724140.574033,7457,256
1764724140.577359,7458,256
1764724140.580679,7459,256
1764724140.584008,7460,256
1764724140.587336,7461,256
1764724140.590680,7462,256
1764724140.594042,7463,256
1764724140.597356,7464,256
1764724140.600684,7465,256
1764724140.604012,7466,256
1764724140.607344,7467,256
1764724140.610704,7468,256
1764724140.614042,7469,256
1764724140.617358,7470,256
1764724140.620711,7471,256
1764724140.624067,7472,256
1764724140.627369,7473,256
1764724140.630710,7474,256
1764724140.634159,7475,256
1764724140.637517,7476,256
1764724140.640708,7477,256
1764724140.644054,7478,256
1764724140.647368,7479,256
1764724140.650805,7480,256
1764724140.654155,7481,256
1764724140.657400,7482,256
1764724140.660737,7483,256
1764724140.664058,7484,256
1764724140.667359,7485,256
1764724140.670796,7486,256
1764724140.674032,7487,256
1764724140.677374,7488,256
1764724140.680701,7489,256
1764724140.684133,7490,256
1764724140.687351,7491,256
1764724140.690751,7492,256
1764724140.694035,7493,256
1764724140.697382,7494,256
1764724140.700692,7495,256
1764724140.704017,7496,256
1764724140.707360,7497,256
1764724140.710718,7498,256
1764724140.714044,7499,256
1764724140.717360,7500,256
