t_recv,seq,bytes,t_send,latency_ms
1764871076.480596,1,256,1764871076.458792,21.804
1764871076.483083,2,256,1764871076.462026,21.057
1764871076.486452,3,256,1764871076.465368,21.084
1764871076.489790,4,256,1764871076.468699,21.091
1764871076.493190,5,256,1764871076.472102,21.088
1764871076.496642,6,256,1764871076.475449,21.193
1764871076.499920,7,256,1764871076.478782,21.139
1764871076.503216,8,256,1764871076.482135,21.081
1764871076.506596,9,256,1764871076.485425,21.172
1764871076.509780,10,256,1764871076.488709,21.071
1764871076.513252,11,256,1764871076.492119,21.133
1764871076.516643,12,256,1764871076.495494,21.149
1764871076.519871,13,256,1764871076.498788,21.083
1764871076.523193,14,256,1764871076.502169,21.024
1764871076.526532,15,256,1764871076.505398,21.134
1764871076.529789,16,256,1764871076.508691,21.099
1764871076.533143,17,256,1764871076.512075,21.068
1764871076.536579,18,256,1764871076.515422,21.157
1764871076.539989,19,256,1764871076.518793,21.196
1764871076.543219,20,256,1764871076.522096,21.123
1764871076.546557,21,256,1764871076.525401,21.156
1764871076.549982,22,256,1764871076.528828,21.154
1764871076.553133,23,256,1764871076.532077,21.056
1764871076.556554,24,256,1764871076.535448,21.106
1764871076.559880,25,256,1764871076.538715,21.165
1764871076.563061,26,256,1764871076.542048,21.013
1764871076.566463,27,256,1764871076.545383,21.080
1764871076.570021,28,256,1764871076.548902,21.119
1764871076.573015,29,256,1764871076.552026,20.989
1764871076.576423,30,256,1764871076.555431,20.992
1764871076.579932,31,256,1764871076.558869,21.064
1764871076.583099,32,256,1764871076.562114,20.985
1764871076.586427,33,256,1764871076.565436,20.990
1764871076.589764,34,256,1764871076.568785,20.979
1764871076.593108,35,256,1764871076.572115,20.993
1764871076.596467,36,256,1764871076.575447,21.020
1764871076.599771,37,256,1764871076.578785,20.985
1764871076.603075,38,256,1764871076.582115,20.959
1764871076.606464,39,256,1764871076.585454,21.010
1764871076.609615,40,256,1764871076.588696,20.919
1764871076.613040,41,256,1764871076.592120,20.920
1764871076.616388,42,256,1764871076.595450,20.938
1764871076.619666,43,256,1764871076.598768,20.897
1764871076.622950,44,256,1764871076.602094,20.856
1764871076.626327,45,256,1764871076.605431,20.896
1764871076.629669,46,256,1764871076.608763,20.905
1764871076.632939,47,256,1764871076.612105,20.834
1764871076.636323,48,256,1764871076.615430,20.893
1764871076.639686,49,256,1764871076.618771,20.916
1764871076.642979,50,256,1764871076.622052,20.927
1764871076.646264,51,256,1764871076.625357,20.907
1764871076.649690,52,256,1764871076.628768,20.922
1764871076.652992,53,256,1764871076.632082,20.909
1764871076.656466,54,256,1764871076.635456,21.010
1764871076.659775,55,256,1764871076.638782,20.993
1764871076.662989,56,256,1764871076.642013,20.976
1764871076.666436,57,256,1764871076.645342,21.094
1764871076.669554,58,256,1764871076.648684,20.871
1764871076.673011,59,256,1764871076.652092,20.919
1764871076.676420,60,256,1764871076.655435,20.985
1764871076.679739,61,256,1764871076.658780,20.959
1764871076.683058,62,256,1764871076.662099,20.959
1764871076.686430,63,256,1764871076.665459,20.971
1764871076.689719,64,256,1764871076.668781,20.938
1764871076.692952,65,256,1764871076.672001,20.951
1764871076.696324,66,256,1764871076.675393,20.931
1764871076.699599,67,256,1764871076.678699,20.900
1764871076.702921,68,256,1764871076.681998,20.923
1764871076.706310,69,256,1764871076.685348,20.962
1764871076.709581,70,256,1764871076.688679,20.903
1764871076.713012,71,256,1764871076.692045,20.967
1764871076.716403,72,256,1764871076.695381,21.022
1764871076.719604,73,256,1764871076.698702,20.902
1764871076.722905,74,256,1764871076.701996,20.910
1764871076.726441,75,256,1764871076.705450,20.991
1764871076.729758,76,256,1764871076.708714,21.044
1764871076.732944,77,256,1764871076.712010,20.934
1764871076.736413,78,256,1764871076.715444,20.969
1764871076.739784,79,256,1764871076.718783,21.000
1764871076.742969,80,256,1764871076.722029,20.940
1764871076.746392,81,256,1764871076.725447,20.945
1764871076.749778,82,256,1764871076.728809,20.969
1764871076.753063,83,256,1764871076.732121,20.942
1764871076.756435,84,256,1764871076.735440,20.994
1764871076.760013,85,256,1764871076.738791,21.222
1764871076.763066,86,256,1764871076.742120,20.945
1764871076.766904,87,256,1764871076.745454,21.451
1764871076.769798,88,256,1764871076.748790,21.007
1764871076.773072,89,256,1764871076.752115,20.957
1764871076.777307,90,256,1764871076.755467,21.840
1764871076.779695,91,256,1764871076.758783,20.912
1764871076.782971,92,256,1764871076.762029,20.942
1764871076.786276,93,256,1764871076.765340,20.936
1764871076.789701,94,256,1764871076.768761,20.940
1764871076.792943,95,256,1764871076.772009,20.934
1764871076.796396,96,256,1764871076.775422,20.975
1764871076.799661,97,256,1764871076.778718,20.944
1764871076.802969,98,256,1764871076.782005,20.964
1764871076.806247,99,256,1764871076.785349,20.898
1764871076.809601,100,256,1764871076.788733,20.868
1764871076.812895,101,256,1764871076.792053,20.842
1764871076.816253,102,256,1764871076.795388,20.865
1764871076.819618,103,256,1764871076.798759,20.858
1764871076.822980,104,256,1764871076.802057,20.924
1764871076.826232,105,256,1764871076.805341,20.890
1764871076.829573,106,256,1764871076.808710,20.863
1764871076.832889,107,256,1764871076.811994,20.895
1764871076.836273,108,256,1764871076.815366,20.907
1764871076.839611,109,256,1764871076.818663,20.948
1764871076.842956,110,256,1764871076.821994,20.962
1764871076.846299,111,256,1764871076.825340,20.960
1764871076.849684,112,256,1764871076.828693,20.991
1764871076.852966,113,256,1764871076.831997,20.968
1764871076.856343,114,256,1764871076.835339,21.004
1764871076.859710,115,256,1764871076.838756,20.954
1764871076.863017,116,256,1764871076.842014,21.003
1764871076.866498,117,256,1764871076.845394,21.104
1764871076.869706,118,256,1764871076.848736,20.970
1764871076.873056,119,256,1764871076.852078,20.977
1764871076.876429,120,256,1764871076.855422,21.007
1764871076.879782,121,256,1764871076.858786,20.996
1764871076.882995,122,256,1764871076.861999,20.996
1764871076.886256,123,256,1764871076.865370,20.887
1764871076.889725,124,256,1764871076.868784,20.941
1764871076.892981,125,256,1764871076.872020,20.961
1764871076.896301,126,256,1764871076.875336,20.965
1764871076.899568,127,256,1764871076.878687,20.881
1764871076.903006,128,256,1764871076.882013,20.993
1764871076.906454,129,256,1764871076.885421,21.033
1764871076.909715,130,256,1764871076.888683,21.032
1764871076.913022,131,256,1764871076.892063,20.959
1764871076.916417,132,256,1764871076.895377,21.040
1764871076.919911,133,256,1764871076.898845,21.066
1764871076.922974,134,256,1764871076.902033,20.941
1764871076.926448,135,256,1764871076.905454,20.994
1764871076.929798,136,256,1764871076.908787,21.010
1764871076.933174,137,256,1764871076.912122,21.051
1764871076.936474,138,256,1764871076.915452,21.023
1764871076.939798,139,256,1764871076.918780,21.019
1764871076.943331,140,256,1764871076.922135,21.196
1764871076.946841,141,256,1764871076.925475,21.366
1764871076.949765,142,256,1764871076.928783,20.982
1764871076.953126,143,256,1764871076.932124,21.002
1764871076.956412,144,256,1764871076.935460,20.952
1764871076.959774,145,256,1764871076.938789,20.985
1764871076.963088,146,256,1764871076.942127,20.961
1764871076.966410,147,256,1764871076.945441,20.970
1764871076.969652,148,256,1764871076.948703,20.949
1764871076.972942,149,256,1764871076.952013,20.929
1764871076.976742,150,256,1764871076.955458,21.284
1764871076.979727,151,256,1764871076.958786,20.941
1764871076.982910,152,256,1764871076.962015,20.895
1764871076.986292,153,256,1764871076.965344,20.948
1764871076.989570,154,256,1764871076.968684,20.886
1764871076.993012,155,256,1764871076.972111,20.901
1764871076.996215,156,256,1764871076.975331,20.884
1764871076.999592,157,256,1764871076.978683,20.910
1764871077.003004,158,256,1764871076.982104,20.900
1764871077.006393,159,256,1764871076.985459,20.935
1764871077.009577,160,256,1764871076.988697,20.879
1764871077.012909,161,256,1764871076.992009,20.900
1764871077.016401,162,256,1764871076.995471,20.930
1764871077.019708,163,256,1764871076.998778,20.931
1764871077.022974,164,256,1764871077.002121,20.853
1764871077.026347,165,256,1764871077.005466,20.881
1764871077.029679,166,256,1764871077.008793,20.887
1764871077.032910,167,256,1764871077.012039,20.871
1764871077.036719,168,256,1764871077.015428,21.291
1764871077.039619,169,256,1764871077.018758,20.862
1764871077.042966,170,256,1764871077.022102,20.864
1764871077.046728,171,256,1764871077.025436,21.292
1764871077.049678,172,256,1764871077.028765,20.913
1764871077.052875,173,256,1764871077.032012,20.863
1764871077.056753,174,256,1764871077.035435,21.317
1764871077.059713,175,256,1764871077.038776,20.937
1764871077.063015,176,256,1764871077.042032,20.983
1764871077.066761,177,256,1764871077.045455,21.306
1764871077.069735,178,256,1764871077.048781,20.954
1764871077.072975,179,256,1764871077.052042,20.932
1764871077.076748,180,256,1764871077.055449,21.299
1764871077.080064,181,256,1764871077.058792,21.272
1764871077.082917,182,256,1764871077.062013,20.905
1764871077.086296,183,256,1764871077.065380,20.916
1764871077.089733,184,256,1764871077.068776,20.957
1764871077.092992,185,256,1764871077.072029,20.963
1764871077.096301,186,256,1764871077.075365,20.935
1764871077.099756,187,256,1764871077.078780,20.975
1764871077.102974,188,256,1764871077.082009,20.966
1764871077.106322,189,256,1764871077.085369,20.953
1764871077.109615,190,256,1764871077.088692,20.923
1764871077.112978,191,256,1764871077.092030,20.948
1764871077.116443,192,256,1764871077.095456,20.987
1764871077.119746,193,256,1764871077.098782,20.964
1764871077.123009,194,256,1764871077.102037,20.972
1764871077.126404,195,256,1764871077.105459,20.945
1764871077.129764,196,256,1764871077.108788,20.977
1764871077.132992,197,256,1764871077.112015,20.976
1764871077.136353,198,256,1764871077.115361,20.992
1764871077.139784,199,256,1764871077.118780,21.004
1764871077.143008,200,256,1764871077.122092,20.916
1764871077.146377,201,256,1764871077.125377,21.001
1764871077.149783,202,256,1764871077.128789,20.994
1764871077.153016,203,256,1764871077.132016,20.999
1764871077.156252,204,256,1764871077.135337,20.916
1764871077.159532,205,256,1764871077.138677,20.855
1764871077.162960,206,256,1764871077.142017,20.944
1764871077.166348,207,256,1764871077.145374,20.974
1764871077.169754,208,256,1764871077.148781,20.972
1764871077.173006,209,256,1764871077.152041,20.965
1764871077.176400,210,256,1764871077.155442,20.958
1764871077.179712,211,256,1764871077.158773,20.939
1764871077.182975,212,256,1764871077.162041,20.933
1764871077.186398,213,256,1764871077.165452,20.947
1764871077.189732,214,256,1764871077.168778,20.954
1764871077.193149,215,256,1764871077.172023,21.126
1764871077.196531,216,256,1764871077.175455,21.075
1764871077.199732,217,256,1764871077.178785,20.947
1764871077.203006,218,256,1764871077.182038,20.968
1764871077.206815,219,256,1764871077.185453,21.362
1764871077.209752,220,256,1764871077.188788,20.964
1764871077.212951,221,256,1764871077.192023,20.927
1764871077.216461,222,256,1764871077.195485,20.976
1764871077.219679,223,256,1764871077.198685,20.993
1764871077.222862,224,256,1764871077.202000,20.862
1764871077.226376,225,256,1764871077.205450,20.926
1764871077.229739,226,256,1764871077.208753,20.987
1764871077.232929,227,256,1764871077.212054,20.875
1764871077.236284,228,256,1764871077.215357,20.928
1764871077.239590,229,256,1764871077.218715,20.875
1764871077.242936,230,256,1764871077.222031,20.905
1764871077.246264,231,256,1764871077.225342,20.922
1764871077.249645,232,256,1764871077.228712,20.933
1764871077.252953,233,256,1764871077.232007,20.946
1764871077.256306,234,256,1764871077.235363,20.943
1764871077.259581,235,256,1764871077.238671,20.910
1764871077.262881,236,256,1764871077.241993,20.888
1764871077.266320,237,256,1764871077.245340,20.980
1764871077.269671,238,256,1764871077.248766,20.905
1764871077.273161,239,256,1764871077.252033,21.128
1764871077.276436,240,256,1764871077.255462,20.974
1764871077.279815,241,256,1764871077.258780,21.035
1764871077.283145,242,256,1764871077.262127,21.019
1764871077.286450,243,256,1764871077.265457,20.993
1764871077.289718,244,256,1764871077.268779,20.938
1764871077.293304,245,256,1764871077.272037,21.268
1764871077.296268,246,256,1764871077.275365,20.903
1764871077.299752,247,256,1764871077.278781,20.971
1764871077.302967,248,256,1764871077.282038,20.929
1764871077.306295,249,256,1764871077.285377,20.919
1764871077.309592,250,256,1764871077.288711,20.881
1764871077.312898,251,256,1764871077.292030,20.868
1764871077.316745,252,256,1764871077.295452,21.293
1764871077.319673,253,256,1764871077.298777,20.896
1764871077.322898,254,256,1764871077.302013,20.885
1764871077.326248,255,256,1764871077.305363,20.885
1764871077.329488,256,256,1764871077.308661,20.827
1764871077.332838,257,256,1764871077.311995,20.843
1764871077.336222,258,256,1764871077.315367,20.855
1764871077.339597,259,256,1764871077.318762,20.835
1764871077.342925,260,256,1764871077.322001,20.924
1764871077.346259,261,256,1764871077.325359,20.900
1764871077.349566,262,256,1764871077.328684,20.882
1764871077.352881,263,256,1764871077.332001,20.880
1764871077.356257,264,256,1764871077.335360,20.897
1764871077.359575,265,256,1764871077.338673,20.901
1764871077.362899,266,256,1764871077.341995,20.904
1764871077.366213,267,256,1764871077.345331,20.882
1764871077.369578,268,256,1764871077.348689,20.889
1764871077.373158,269,256,1764871077.352212,20.945
1764871077.376408,270,256,1764871077.355450,20.958
1764871077.379731,271,256,1764871077.358786,20.945
1764871077.382959,272,256,1764871077.362033,20.926
1764871077.386431,273,256,1764871077.365453,20.978
1764871077.389760,274,256,1764871077.368791,20.968
1764871077.392960,275,256,1764871077.372032,20.927
1764871077.396324,276,256,1764871077.375378,20.946
1764871077.399742,277,256,1764871077.378786,20.955
1764871077.403038,278,256,1764871077.382133,20.904
1764871077.406738,279,256,1764871077.385452,21.286
1764871077.409738,280,256,1764871077.388789,20.949
1764871077.412969,281,256,1764871077.392036,20.933
1764871077.416327,282,256,1764871077.395370,20.957
1764871077.419693,283,256,1764871077.398778,20.914
1764871077.423007,284,256,1764871077.402112,20.895
1764871077.426679,285,256,1764871077.405457,21.222
1764871077.429726,286,256,1764871077.408781,20.945
1764871077.432918,287,256,1764871077.412031,20.887
1764871077.436288,288,256,1764871077.415364,20.925
1764871077.439631,289,256,1764871077.418776,20.855
1764871077.442988,290,256,1764871077.422011,20.977
1764871077.446270,291,256,1764871077.425365,20.905
1764871077.449646,292,256,1764871077.428769,20.877
1764871077.452922,293,256,1764871077.431999,20.923
1764871077.456272,294,256,1764871077.435359,20.913
1764871077.459671,295,256,1764871077.438776,20.895
1764871077.462944,296,256,1764871077.442014,20.930
1764871077.467224,297,256,1764871077.445770,21.454
1764871077.469780,298,256,1764871077.448719,21.062
1764871077.472998,299,256,1764871077.452013,20.985
1764871077.476295,300,256,1764871077.455338,20.957
1764871077.479871,301,256,1764871077.458858,21.013
1764871077.483048,302,256,1764871077.462102,20.946
1764871077.486391,303,256,1764871077.465414,20.978
1764871077.489869,304,256,1764871077.468787,21.082
1764871077.493050,305,256,1764871077.472094,20.957
1764871077.496394,306,256,1764871077.475339,21.055
1764871077.499876,307,256,1764871077.478809,21.068
1764871077.502967,308,256,1764871077.482048,20.919
1764871077.506389,309,256,1764871077.485398,20.990
1764871077.509770,310,256,1764871077.488755,21.014
1764871077.513103,311,256,1764871077.492095,21.007
1764871077.516418,312,256,1764871077.495429,20.988
1764871077.519859,313,256,1764871077.498909,20.950
1764871077.523120,314,256,1764871077.502146,20.974
1764871077.526381,315,256,1764871077.505384,20.998
1764871077.529848,316,256,1764871077.508853,20.995
1764871077.533199,317,256,1764871077.512174,21.025
1764871077.536427,318,256,1764871077.515420,21.007
1764871077.539789,319,256,1764871077.518843,20.946
1764871077.543149,320,256,1764871077.522163,20.986
1764871077.546374,321,256,1764871077.525400,20.974
1764871077.549785,322,256,1764871077.528844,20.941
1764871077.552983,323,256,1764871077.532051,20.932
1764871077.556332,324,256,1764871077.535360,20.972
1764871077.559790,325,256,1764871077.538845,20.945
1764871077.563027,326,256,1764871077.542051,20.976
1764871077.566340,327,256,1764871077.545419,20.922
1764871077.569799,328,256,1764871077.548836,20.963
1764871077.572940,329,256,1764871077.552009,20.931
1764871077.576216,330,256,1764871077.555336,20.880
1764871077.579861,331,256,1764871077.558850,21.012
1764871077.583063,332,256,1764871077.562120,20.943
1764871077.586448,333,256,1764871077.565464,20.984
1764871077.589649,334,256,1764871077.568696,20.953
1764871077.593100,335,256,1764871077.572160,20.941
1764871077.596354,336,256,1764871077.575434,20.920
1764871077.599581,337,256,1764871077.578686,20.896
1764871077.602990,338,256,1764871077.582010,20.981
1764871077.606344,339,256,1764871077.585378,20.966
1764871077.609621,340,256,1764871077.588697,20.924
1764871077.612876,341,256,1764871077.592002,20.874
1764871077.616239,342,256,1764871077.595350,20.889
1764871077.619576,343,256,1764871077.598682,20.895
1764871077.623026,344,256,1764871077.602075,20.952
1764871077.626330,345,256,1764871077.605363,20.967
1764871077.629611,346,256,1764871077.608680,20.931
1764871077.632875,347,256,1764871077.611997,20.878
1764871077.636225,348,256,1764871077.615350,20.875
1764871077.639539,349,256,1764871077.618680,20.859
1764871077.642870,350,256,1764871077.622006,20.864
1764871077.646348,351,256,1764871077.625345,21.002
1764871077.649555,352,256,1764871077.628671,20.884
1764871077.653040,353,256,1764871077.632055,20.985
1764871077.656350,354,256,1764871077.635371,20.979
1764871077.659661,355,256,1764871077.638754,20.906
1764871077.662906,356,256,1764871077.642008,20.898
1764871077.666319,357,256,1764871077.645354,20.965
1764871077.669716,358,256,1764871077.648765,20.951
1764871077.672978,359,256,1764871077.652003,20.975
1764871077.676461,360,256,1764871077.655383,21.078
1764871077.679720,361,256,1764871077.658690,21.030
1764871077.683036,362,256,1764871077.662009,21.027
1764871077.686438,363,256,1764871077.665357,21.080
1764871077.689801,364,256,1764871077.668759,21.042
1764871077.693026,365,256,1764871077.672021,21.005
1764871077.696326,366,256,1764871077.675346,20.981
1764871077.699722,367,256,1764871077.678719,21.003
1764871077.702982,368,256,1764871077.682065,20.917
1764871077.706343,369,256,1764871077.685385,20.959
1764871077.709609,370,256,1764871077.688695,20.914
1764871077.713018,371,256,1764871077.692089,20.930
1764871077.716474,372,256,1764871077.695413,21.060
1764871077.719883,373,256,1764871077.698763,21.120
1764871077.722974,374,256,1764871077.702021,20.953
1764871077.726731,375,256,1764871077.705502,21.229
1764871077.729828,376,256,1764871077.708846,20.982
1764871077.732978,377,256,1764871077.712034,20.944
1764871077.736330,378,256,1764871077.715379,20.951
1764871077.739754,379,256,1764871077.718785,20.968
1764871077.742985,380,256,1764871077.722033,20.953
1764871077.746475,381,256,1764871077.725378,21.096
1764871077.749872,382,256,1764871077.728770,21.102
1764871077.752995,383,256,1764871077.732013,20.983
1764871077.756805,384,256,1764871077.735449,21.357
1764871077.759855,385,256,1764871077.738779,21.076
1764871077.762979,386,256,1764871077.742018,20.961
1764871077.766416,387,256,1764871077.745373,21.043
1764871077.769673,388,256,1764871077.748709,20.964
1764871077.773045,389,256,1764871077.752013,21.032
1764871077.776443,390,256,1764871077.755372,21.070
1764871077.779659,391,256,1764871077.758707,20.952
1764871077.783122,392,256,1764871077.762020,21.102
1764871077.786838,393,256,1764871077.765450,21.388
1764871077.789880,394,256,1764871077.768778,21.102
1764871077.793339,395,256,1764871077.772120,21.219
1764871077.796570,396,256,1764871077.775454,21.116
1764871077.799983,397,256,1764871077.778784,21.199
1764871077.803002,398,256,1764871077.782019,20.984
1764871077.806420,399,256,1764871077.785368,21.052
1764871077.809942,400,256,1764871077.788804,21.138
1764871077.813132,401,256,1764871077.792026,21.106
1764871077.816545,402,256,1764871077.795381,21.163
1764871077.819891,403,256,1764871077.798804,21.087
1764871077.822978,404,256,1764871077.802022,20.956
1764871077.826458,405,256,1764871077.805445,21.013
1764871077.830035,406,256,1764871077.808845,21.190
1764871077.833029,407,256,1764871077.812025,21.004
1764871077.836395,408,256,1764871077.815444,20.951
1764871077.839707,409,256,1764871077.818786,20.921
1764871077.842980,410,256,1764871077.822030,20.949
1764871077.846350,411,256,1764871077.825454,20.896
1764871077.849773,412,256,1764871077.828870,20.903
1764871077.852964,413,256,1764871077.832028,20.936
1764871077.856383,414,256,1764871077.835372,21.010
1764871077.859693,415,256,1764871077.838755,20.937
1764871077.863052,416,256,1764871077.842004,21.048
1764871077.866371,417,256,1764871077.845356,21.014
1764871077.869650,418,256,1764871077.848758,20.892
1764871077.873030,419,256,1764871077.851998,21.032
1764871077.876391,420,256,1764871077.855441,20.951
1764871077.879883,421,256,1764871077.858774,21.109
1764871077.883390,422,256,1764871077.862116,21.274
1764871077.886405,423,256,1764871077.865381,21.024
1764871077.889891,424,256,1764871077.868783,21.107
1764871077.893255,425,256,1764871077.872115,21.140
1764871077.896477,426,256,1764871077.875457,21.019
1764871077.899806,427,256,1764871077.878700,21.107
1764871077.903336,428,256,1764871077.882129,21.207
1764871077.906372,429,256,1764871077.885376,20.995
1764871077.909799,430,256,1764871077.888785,21.014
1764871077.913057,431,256,1764871077.892029,21.028
1764871077.916498,432,256,1764871077.895375,21.123
1764871077.919870,433,256,1764871077.898779,21.091
1764871077.923028,434,256,1764871077.902030,20.998
1764871077.926492,435,256,1764871077.905461,21.031
1764871077.929808,436,256,1764871077.908807,21.001
1764871077.933052,437,256,1764871077.912004,21.048
1764871077.936497,438,256,1764871077.915457,21.040
1764871077.939844,439,256,1764871077.918779,21.065
1764871077.942988,440,256,1764871077.922026,20.962
1764871077.946487,441,256,1764871077.925452,21.034
1764871077.949688,442,256,1764871077.928767,20.921
1764871077.952923,443,256,1764871077.932015,20.908
1764871077.956384,444,256,1764871077.935456,20.928
1764871077.959585,445,256,1764871077.938703,20.882
1764871077.963042,446,256,1764871077.942025,21.016
1764871077.966372,447,256,1764871077.945379,20.993
1764871077.969673,448,256,1764871077.948692,20.981
1764871077.972939,449,256,1764871077.952017,20.922
1764871077.976221,450,256,1764871077.955338,20.883
1764871077.979547,451,256,1764871077.958696,20.851
1764871077.982902,452,256,1764871077.962013,20.889
1764871077.986284,453,256,1764871077.965369,20.915
1764871077.989526,454,256,1764871077.968676,20.850
1764871077.993046,455,256,1764871077.972009,21.037
1764871077.996359,456,256,1764871077.975344,21.015
1764871077.999686,457,256,1764871077.978676,21.009
1764871078.003062,458,256,1764871077.982013,21.049
1764871078.006320,459,256,1764871077.985335,20.986
1764871078.009664,460,256,1764871077.988673,20.990
1764871078.013147,461,256,1764871077.992004,21.143
1764871078.016433,462,256,1764871077.995364,21.069
1764871078.019582,463,256,1764871077.998692,20.890
1764871078.023048,464,256,1764871078.002010,21.038
1764871078.026372,465,256,1764871078.005363,21.009
1764871078.029679,466,256,1764871078.008687,20.992
1764871078.033161,467,256,1764871078.012033,21.128
1764871078.036450,468,256,1764871078.015399,21.051
1764871078.039607,469,256,1764871078.018688,20.918
1764871078.043021,470,256,1764871078.022029,20.991
1764871078.046474,471,256,1764871078.025510,20.964
1764871078.049766,472,256,1764871078.028848,20.917
1764871078.052896,473,256,1764871078.032028,20.868
1764871078.056290,474,256,1764871078.035356,20.934
1764871078.059545,475,256,1764871078.038677,20.868
1764871078.063029,476,256,1764871078.042016,21.013
1764871078.066261,477,256,1764871078.045372,20.888
1764871078.069508,478,256,1764871078.048690,20.819
1764871078.072871,479,256,1764871078.051996,20.875
1764871078.076273,480,256,1764871078.055324,20.949
1764871078.079689,481,256,1764871078.058707,20.982
1764871078.082966,482,256,1764871078.062001,20.964
1764871078.086386,483,256,1764871078.065373,21.013
1764871078.089787,484,256,1764871078.068761,21.026
1764871078.093143,485,256,1764871078.072029,21.114
1764871078.096380,486,256,1764871078.075388,20.992
1764871078.099892,487,256,1764871078.078766,21.126
1764871078.103023,488,256,1764871078.082003,21.020
1764871078.106412,489,256,1764871078.085373,21.039
1764871078.109694,490,256,1764871078.088781,20.913
1764871078.113049,491,256,1764871078.092005,21.044
1764871078.116353,492,256,1764871078.095354,20.999
1764871078.119731,493,256,1764871078.098781,20.951
1764871078.123023,494,256,1764871078.102029,20.994
1764871078.126453,495,256,1764871078.105456,20.997
1764871078.129786,496,256,1764871078.108784,21.002
1764871078.133127,497,256,1764871078.112123,21.003
1764871078.136490,498,256,1764871078.115449,21.041
1764871078.139924,499,256,1764871078.118781,21.144
1764871078.143157,500,256,1764871078.122130,21.027
1764871078.146456,501,256,1764871078.125453,21.004
1764871078.149939,502,256,1764871078.128778,21.162
1764871078.153092,503,256,1764871078.132129,20.963
1764871078.156426,504,256,1764871078.135457,20.969
1764871078.159998,505,256,1764871078.138782,21.216
1764871078.163040,506,256,1764871078.142116,20.924
1764871078.166342,507,256,1764871078.145358,20.984
1764871078.169869,508,256,1764871078.148842,21.026
1764871078.172976,509,256,1764871078.152028,20.948
1764871078.176346,510,256,1764871078.155375,20.971
1764871078.179723,511,256,1764871078.158784,20.939
1764871078.183078,512,256,1764871078.162117,20.961
1764871078.186412,513,256,1764871078.165434,20.978
1764871078.189802,514,256,1764871078.168781,21.022
1764871078.193022,515,256,1764871078.172118,20.905
1764871078.196498,516,256,1764871078.175453,21.045
1764871078.199743,517,256,1764871078.178783,20.960
1764871078.202894,518,256,1764871078.182011,20.883
1764871078.206573,519,256,1764871078.185453,21.121
1764871078.209902,520,256,1764871078.188782,21.120
1764871078.213254,521,256,1764871078.192109,21.145
1764871078.216578,522,256,1764871078.195385,21.193
1764871078.220082,523,256,1764871078.198901,21.181
1764871078.222971,524,256,1764871078.202007,20.965
1764871078.226395,525,256,1764871078.205421,20.974
1764871078.229945,526,256,1764871078.208855,21.090
1764871078.233182,527,256,1764871078.212162,21.020
1764871078.236584,528,256,1764871078.215428,21.156
1764871078.239969,529,256,1764871078.218749,21.220
1764871078.243322,530,256,1764871078.222131,21.190
1764871078.246391,531,256,1764871078.225408,20.983
1764871078.249797,532,256,1764871078.228825,20.972
1764871078.253109,533,256,1764871078.232098,21.011
1764871078.256361,534,256,1764871078.235410,20.950
1764871078.259828,535,256,1764871078.238887,20.941
1764871078.263083,536,256,1764871078.242168,20.916
1764871078.266224,537,256,1764871078.245351,20.874
1764871078.269576,538,256,1764871078.248681,20.895
1764871078.272957,539,256,1764871078.252007,20.950
1764871078.276274,540,256,1764871078.255333,20.940
1764871078.279662,541,256,1764871078.258700,20.962
1764871078.283045,542,256,1764871078.262033,21.012
1764871078.286327,543,256,1764871078.265332,20.995
1764871078.289938,544,256,1764871078.268815,21.123
1764871078.293076,545,256,1764871078.272093,20.983
1764871078.296435,546,256,1764871078.275361,21.073
1764871078.299909,547,256,1764871078.278793,21.116
1764871078.303096,548,256,1764871078.282098,20.998
1764871078.306467,549,256,1764871078.285423,21.044
1764871078.310085,550,256,1764871078.288852,21.233
1764871078.313007,551,256,1764871078.292031,20.976
1764871078.316464,552,256,1764871078.295426,21.039
1764871078.319893,553,256,1764871078.298867,21.026
1764871078.323113,554,256,1764871078.302044,21.069
1764871078.326479,555,256,1764871078.305363,21.116
1764871078.329973,556,256,1764871078.308868,21.105
1764871078.333254,557,256,1764871078.312168,21.086
1764871078.336449,558,256,1764871078.315408,21.041
1764871078.339960,559,256,1764871078.318864,21.096
1764871078.343106,560,256,1764871078.322112,20.994
1764871078.346448,561,256,1764871078.325441,21.007
1764871078.349727,562,256,1764871078.328780,20.947
1764871078.352973,563,256,1764871078.331997,20.976
1764871078.356369,564,256,1764871078.335368,21.002
1764871078.359808,565,256,1764871078.338787,21.021
1764871078.363112,566,256,1764871078.342110,21.002
1764871078.366442,567,256,1764871078.345483,20.960
1764871078.369648,568,256,1764871078.348694,20.954
1764871078.373022,569,256,1764871078.352022,21.000
1764871078.376443,570,256,1764871078.355401,21.042
1764871078.379709,571,256,1764871078.358773,20.936
1764871078.383085,572,256,1764871078.362082,21.003
1764871078.386453,573,256,1764871078.365433,21.020
1764871078.389793,574,256,1764871078.368786,21.007
1764871078.393093,575,256,1764871078.372130,20.963
1764871078.396366,576,256,1764871078.375378,20.988
1764871078.399691,577,256,1764871078.378783,20.908
1764871078.403121,578,256,1764871078.382113,21.008
1764871078.406472,579,256,1764871078.385457,21.016
1764871078.409783,580,256,1764871078.388789,20.994
1764871078.413133,581,256,1764871078.392119,21.014
1764871078.416362,582,256,1764871078.395380,20.982
1764871078.419650,583,256,1764871078.398697,20.953
1764871078.422907,584,256,1764871078.402009,20.898
1764871078.426363,585,256,1764871078.405383,20.980
1764871078.429779,586,256,1764871078.408867,20.912
1764871078.432930,587,256,1764871078.412020,20.910
1764871078.436249,588,256,1764871078.415356,20.893
1764871078.439725,589,256,1764871078.418736,20.990
1764871078.443065,590,256,1764871078.422080,20.985
1764871078.446901,591,256,1764871078.425503,21.399
1764871078.449700,592,256,1764871078.428714,20.985
1764871078.453001,593,256,1764871078.432062,20.938
1764871078.456308,594,256,1764871078.435430,20.878
1764871078.459653,595,256,1764871078.438737,20.916
1764871078.462894,596,256,1764871078.442008,20.886
1764871078.466367,597,256,1764871078.445450,20.917
1764871078.469618,598,256,1764871078.448727,20.891
1764871078.472894,599,256,1764871078.452016,20.878
1764871078.476274,600,256,1764871078.455380,20.895
1764871078.479718,601,256,1764871078.458772,20.947
1764871078.482889,602,256,1764871078.462001,20.888
1764871078.486287,603,256,1764871078.465334,20.953
1764871078.489691,604,256,1764871078.468665,21.026
1764871078.492996,605,256,1764871078.472000,20.996
1764871078.496279,606,256,1764871078.475325,20.954
1764871078.499785,607,256,1764871078.478726,21.058
1764871078.502974,608,256,1764871078.482012,20.962
1764871078.506284,609,256,1764871078.485343,20.942
1764871078.509651,610,256,1764871078.488727,20.924
1764871078.512949,611,256,1764871078.492016,20.933
1764871078.516261,612,256,1764871078.495356,20.906
1764871078.519541,613,256,1764871078.498691,20.849
1764871078.522974,614,256,1764871078.502013,20.961
1764871078.526294,615,256,1764871078.505349,20.946
1764871078.529658,616,256,1764871078.508718,20.939
1764871078.532898,617,256,1764871078.512007,20.891
1764871078.536206,618,256,1764871078.515338,20.868
1764871078.539628,619,256,1764871078.518754,20.874
1764871078.542875,620,256,1764871078.522016,20.859
1764871078.546413,621,256,1764871078.525346,21.066
1764871078.549591,622,256,1764871078.528710,20.881
1764871078.552907,623,256,1764871078.532005,20.902
1764871078.556352,624,256,1764871078.535432,20.920
1764871078.559761,625,256,1764871078.538777,20.983
1764871078.563174,626,256,1764871078.542116,21.058
1764871078.566501,627,256,1764871078.545450,21.051
1764871078.569720,628,256,1764871078.548692,21.028
1764871078.572940,629,256,1764871078.551987,20.952
1764871078.576363,630,256,1764871078.555336,21.027
1764871078.579728,631,256,1764871078.558688,21.040
1764871078.583003,632,256,1764871078.562013,20.990
1764871078.586353,633,256,1764871078.565373,20.981
1764871078.589777,634,256,1764871078.568786,20.991
1764871078.593077,635,256,1764871078.572124,20.954
1764871078.596408,636,256,1764871078.575455,20.953
1764871078.599689,637,256,1764871078.578786,20.903
1764871078.603134,638,256,1764871078.582172,20.963
1764871078.606306,639,256,1764871078.585388,20.918
1764871078.609645,640,256,1764871078.588746,20.899
1764871078.612988,641,256,1764871078.592059,20.929
1764871078.616279,642,256,1764871078.595356,20.923
1764871078.619532,643,256,1764871078.598690,20.843
1764871078.622903,644,256,1764871078.602016,20.886
1764871078.626217,645,256,1764871078.605338,20.880
1764871078.629579,646,256,1764871078.608685,20.894
1764871078.632940,647,256,1764871078.612005,20.935
1764871078.636274,648,256,1764871078.615339,20.935
1764871078.639752,649,256,1764871078.618665,21.087
1764871078.642883,650,256,1764871078.621993,20.890
1764871078.646243,651,256,1764871078.625340,20.902
1764871078.649541,652,256,1764871078.628695,20.846
1764871078.652920,653,256,1764871078.632007,20.913
1764871078.656269,654,256,1764871078.635335,20.934
1764871078.659644,655,256,1764871078.638754,20.890
1764871078.663056,656,256,1764871078.642007,21.049
1764871078.666276,657,256,1764871078.645333,20.942
1764871078.669510,658,256,1764871078.648678,20.832
1764871078.672856,659,256,1764871078.652040,20.816
1764871078.676257,660,256,1764871078.655396,20.862
1764871078.679615,661,256,1764871078.658751,20.864
1764871078.682893,662,256,1764871078.661996,20.897
1764871078.686213,663,256,1764871078.665327,20.886
1764871078.689687,664,256,1764871078.668707,20.981
1764871078.692967,665,256,1764871078.672004,20.963
1764871078.696277,666,256,1764871078.675332,20.945
1764871078.699783,667,256,1764871078.678766,21.017
1764871078.702956,668,256,1764871078.682014,20.941
1764871078.706361,669,256,1764871078.685335,21.026
1764871078.709845,670,256,1764871078.688772,21.073
1764871078.713117,671,256,1764871078.692055,21.063
1764871078.717091,672,256,1764871078.695931,21.160
1764871078.720057,673,256,1764871078.698699,21.358
1764871078.722968,674,256,1764871078.702008,20.960
1764871078.726260,675,256,1764871078.705347,20.912
1764871078.729716,676,256,1764871078.708708,21.008
1764871078.733078,677,256,1764871078.712034,21.044
1764871078.736463,678,256,1764871078.715456,21.006
1764871078.739813,679,256,1764871078.718680,21.133
1764871078.743131,680,256,1764871078.722046,21.085
1764871078.746503,681,256,1764871078.725359,21.144
1764871078.749782,682,256,1764871078.728767,21.015
1764871078.752982,683,256,1764871078.732028,20.953
1764871078.756434,684,256,1764871078.735463,20.972
1764871078.759915,685,256,1764871078.738793,21.122
1764871078.763052,686,256,1764871078.742109,20.942
1764871078.766478,687,256,1764871078.745451,21.026
1764871078.769685,688,256,1764871078.748707,20.977
1764871078.773032,689,256,1764871078.752105,20.927
1764871078.776473,690,256,1764871078.755434,21.039
1764871078.779721,691,256,1764871078.758769,20.953
1764871078.782863,692,256,1764871078.762017,20.846
1764871078.786367,693,256,1764871078.765451,20.916
1764871078.789658,694,256,1764871078.768786,20.873
1764871078.793098,695,256,1764871078.772132,20.966
1764871078.796338,696,256,1764871078.775455,20.882
1764871078.799645,697,256,1764871078.778770,20.875
1764871078.802893,698,256,1764871078.781989,20.904
1764871078.806311,699,256,1764871078.785439,20.871
1764871078.809560,700,256,1764871078.788692,20.867
1764871078.812885,701,256,1764871078.792008,20.877
1764871078.816264,702,256,1764871078.795362,20.902
1764871078.819658,703,256,1764871078.798758,20.900
1764871078.823051,704,256,1764871078.802025,21.027
1764871078.826374,705,256,1764871078.805362,21.013
1764871078.829575,706,256,1764871078.808688,20.886
1764871078.832950,707,256,1764871078.812036,20.915
1764871078.836322,708,256,1764871078.815356,20.966
1764871078.839611,709,256,1764871078.818690,20.921
1764871078.842972,710,256,1764871078.822002,20.969
1764871078.846369,711,256,1764871078.825357,21.012
1764871078.849562,712,256,1764871078.828689,20.874
1764871078.852948,713,256,1764871078.832004,20.944
1764871078.856230,714,256,1764871078.835358,20.872
1764871078.859584,715,256,1764871078.838696,20.888
1764871078.863013,716,256,1764871078.842034,20.978
1764871078.866369,717,256,1764871078.845419,20.949
1764871078.869586,718,256,1764871078.848697,20.888
1764871078.872932,719,256,1764871078.851998,20.934
1764871078.876297,720,256,1764871078.855393,20.904
1764871078.879601,721,256,1764871078.858687,20.914
1764871078.882977,722,256,1764871078.862023,20.954
1764871078.886333,723,256,1764871078.865400,20.933
1764871078.889618,724,256,1764871078.868686,20.931
1764871078.892960,725,256,1764871078.871996,20.964
1764871078.896271,726,256,1764871078.875323,20.948
1764871078.899596,727,256,1764871078.878703,20.893
1764871078.902913,728,256,1764871078.881992,20.921
1764871078.906327,729,256,1764871078.885363,20.965
1764871078.909593,730,256,1764871078.888668,20.924
1764871078.912940,731,256,1764871078.892035,20.905
1764871078.916290,732,256,1764871078.895380,20.910
1764871078.919525,733,256,1764871078.898687,20.838
1764871078.922951,734,256,1764871078.902029,20.922
1764871078.926489,735,256,1764871078.905513,20.976
1764871078.929982,736,256,1764871078.908920,21.062
1764871078.932906,737,256,1764871078.912017,20.889
1764871078.936251,738,256,1764871078.915361,20.890
1764871078.939585,739,256,1764871078.918688,20.897
1764871078.942890,740,256,1764871078.922032,20.858
1764871078.946698,741,256,1764871078.925503,21.196
1764871078.949960,742,256,1764871078.928885,21.076
1764871078.952989,743,256,1764871078.932023,20.966
1764871078.956290,744,256,1764871078.935359,20.931
1764871078.959590,745,256,1764871078.938683,20.907
1764871078.963049,746,256,1764871078.942010,21.039
1764871078.966457,747,256,1764871078.945386,21.071
1764871078.969757,748,256,1764871078.948696,21.061
1764871078.972983,749,256,1764871078.952013,20.970
1764871078.976295,750,256,1764871078.955336,20.959
1764871078.979742,751,256,1764871078.958769,20.972
1764871078.983081,752,256,1764871078.962087,20.994
1764871078.986378,753,256,1764871078.965435,20.943
1764871078.989749,754,256,1764871078.968768,20.981
1764871078.993025,755,256,1764871078.972062,20.962
1764871078.996353,756,256,1764871078.975375,20.978
1764871078.999664,757,256,1764871078.978704,20.959
1764871079.003052,758,256,1764871078.982061,20.991
1764871079.006376,759,256,1764871078.985404,20.972
1764871079.009757,760,256,1764871078.988759,20.998
1764871079.013207,761,256,1764871078.992064,21.143
1764871079.017885,762,256,1764871078.995423,22.462
1764871079.019702,763,256,1764871078.998767,20.935
1764871079.023093,764,256,1764871079.002083,21.010
1764871079.026363,765,256,1764871079.005416,20.947
1764871079.029704,766,256,1764871079.008761,20.942
1764871079.033064,767,256,1764871079.012134,20.930
1764871079.036897,768,256,1764871079.015500,21.396
1764871079.039902,769,256,1764871079.018878,21.024
1764871079.042980,770,256,1764871079.022001,20.979
1764871079.046271,771,256,1764871079.025346,20.925
1764871079.049896,772,256,1764871079.028770,21.126
1764871079.053041,773,256,1764871079.032022,21.020
1764871079.056549,774,256,1764871079.035496,21.053
1764871079.059744,775,256,1764871079.038771,20.974
1764871079.063087,776,256,1764871079.042025,21.062
1764871079.066566,777,256,1764871079.045486,21.080
1764871079.069975,778,256,1764871079.048850,21.125
1764871079.073272,779,256,1764871079.052080,21.192
1764871079.076535,780,256,1764871079.055501,21.034
1764871079.079724,781,256,1764871079.058768,20.956
1764871079.083027,782,256,1764871079.062065,20.962
1764871079.086373,783,256,1764871079.065478,20.896
1764871079.089808,784,256,1764871079.068795,21.013
1764871079.092903,785,256,1764871079.072003,20.900
1764871079.096371,786,256,1764871079.075381,20.990
1764871079.099694,787,256,1764871079.078708,20.987
1764871079.102966,788,256,1764871079.081994,20.972
1764871079.106356,789,256,1764871079.085327,21.029
1764871079.109597,790,256,1764871079.088665,20.932
1764871079.112930,791,256,1764871079.091994,20.936
1764871079.116345,792,256,1764871079.095359,20.986
1764871079.119682,793,256,1764871079.098757,20.925
1764871079.122944,794,256,1764871079.102018,20.926
1764871079.126296,795,256,1764871079.105350,20.947
1764871079.129706,796,256,1764871079.108697,21.009
1764871079.132925,797,256,1764871079.112014,20.911
1764871079.136423,798,256,1764871079.115366,21.057
1764871079.139728,799,256,1764871079.118758,20.970
1764871079.143102,800,256,1764871079.122081,21.021
1764871079.146397,801,256,1764871079.125359,21.039
1764871079.149952,802,256,1764871079.128927,21.026
1764871079.153058,803,256,1764871079.132015,21.043
1764871079.156352,804,256,1764871079.135348,21.003
1764871079.159750,805,256,1764871079.138683,21.067
1764871079.163004,806,256,1764871079.142021,20.983
1764871079.166471,807,256,1764871079.145378,21.093
1764871079.169883,808,256,1764871079.148869,21.014
1764871079.172995,809,256,1764871079.152007,20.988
1764871079.176267,810,256,1764871079.155347,20.919
1764871079.179842,811,256,1764871079.158853,20.990
1764871079.183033,812,256,1764871079.162017,21.016
1764871079.186289,813,256,1764871079.165336,20.953
1764871079.189700,814,256,1764871079.168694,21.006
1764871079.192971,815,256,1764871079.172013,20.958
1764871079.196381,816,256,1764871079.175366,21.015
1764871079.199754,817,256,1764871079.178756,20.999
1764871079.202974,818,256,1764871079.182019,20.955
1764871079.206292,819,256,1764871079.185353,20.939
1764871079.209913,820,256,1764871079.188851,21.063
1764871079.212930,821,256,1764871079.192005,20.925
1764871079.216775,822,256,1764871079.195562,21.213
1764871079.220508,823,256,1764871079.199209,21.299
1764871079.223032,824,256,1764871079.202018,21.013
1764871079.226253,825,256,1764871079.205333,20.919
1764871079.229833,826,256,1764871079.208842,20.991
1764871079.233027,827,256,1764871079.212050,20.976
1764871079.236431,828,256,1764871079.215432,20.999
1764871079.239863,829,256,1764871079.218725,21.138
1764871079.243304,830,256,1764871079.222173,21.131
1764871079.246468,831,256,1764871079.225406,21.062
1764871079.249930,832,256,1764871079.228829,21.101
1764871079.253176,833,256,1764871079.232162,21.014
1764871079.256421,834,256,1764871079.235408,21.013
1764871079.259921,835,256,1764871079.238860,21.060
1764871079.263254,836,256,1764871079.242182,21.071
1764871079.266467,837,256,1764871079.245423,21.043
1764871079.270007,838,256,1764871079.248936,21.071
1764871079.273172,839,256,1764871079.252145,21.027
1764871079.276342,840,256,1764871079.255403,20.940
1764871079.279835,841,256,1764871079.258854,20.981
1764871079.283072,842,256,1764871079.262099,20.973
1764871079.286325,843,256,1764871079.265413,20.912
1764871079.289800,844,256,1764871079.268851,20.949
1764871079.292959,845,256,1764871079.272030,20.929
1764871079.296388,846,256,1764871079.275428,20.960
1764871079.299766,847,256,1764871079.278750,21.016
1764871079.302875,848,256,1764871079.281994,20.880
1764871079.306210,849,256,1764871079.285328,20.882
1764871079.309670,850,256,1764871079.288662,21.007
1764871079.313085,851,256,1764871079.291988,21.096
1764871079.316252,852,256,1764871079.295329,20.923
1764871079.319636,853,256,1764871079.298700,20.936
1764871079.323146,854,256,1764871079.301998,21.148
1764871079.326359,855,256,1764871079.305333,21.026
1764871079.330144,856,256,1764871079.308948,21.196
1764871079.332993,857,256,1764871079.312007,20.985
1764871079.336295,858,256,1764871079.315333,20.963
1764871079.339751,859,256,1764871079.318678,21.073
1764871079.343183,860,256,1764871079.322015,21.168
1764871079.346596,861,256,1764871079.325411,21.185
1764871079.350071,862,256,1764871079.328867,21.204
1764871079.353289,863,256,1764871079.332026,21.263
1764871079.356555,864,256,1764871079.335377,21.177
1764871079.359892,865,256,1764871079.338691,21.202
1764871079.363104,866,256,1764871079.342021,21.082
1764871079.366545,867,256,1764871079.345445,21.100
1764871079.369874,868,256,1764871079.348784,21.090
1764871079.373072,869,256,1764871079.352027,21.045
1764871079.376512,870,256,1764871079.355450,21.062
1764871079.379762,871,256,1764871079.358697,21.065
1764871079.383080,872,256,1764871079.362012,21.069
1764871079.386450,873,256,1764871079.365371,21.079
1764871079.389881,874,256,1764871079.368779,21.102
1764871079.393084,875,256,1764871079.372030,21.054
1764871079.396415,876,256,1764871079.375377,21.038
1764871079.400445,877,256,1764871079.378792,21.652
1764871079.403066,878,256,1764871079.382032,21.035
1764871079.406431,879,256,1764871079.385355,21.077
1764871079.409706,880,256,1764871079.388694,21.012
1764871079.413064,881,256,1764871079.392025,21.039
1764871079.416392,882,256,1764871079.395364,21.028
1764871079.419883,883,256,1764871079.398777,21.106
1764871079.422993,884,256,1764871079.402029,20.964
1764871079.426756,885,256,1764871079.405462,21.294
1764871079.429893,886,256,1764871079.408785,21.108
1764871079.433118,887,256,1764871079.412028,21.090
1764871079.436624,888,256,1764871079.415381,21.243
1764871079.439959,889,256,1764871079.418784,21.175
1764871079.443044,890,256,1764871079.422100,20.944
1764871079.446370,891,256,1764871079.425372,20.998
1764871079.449902,892,256,1764871079.428885,21.017
1764871079.453079,893,256,1764871079.432114,20.965
1764871079.456387,894,256,1764871079.435360,21.027
1764871079.459964,895,256,1764871079.438788,21.176
1764871079.463154,896,256,1764871079.442120,21.034
1764871079.466503,897,256,1764871079.445403,21.100
1764871079.469733,898,256,1764871079.448681,21.052
1764871079.473078,899,256,1764871079.452008,21.071
1764871079.476254,900,256,1764871079.455341,20.913
1764871079.479779,901,256,1764871079.458716,21.063
1764871079.483061,902,256,1764871079.462108,20.953
1764871079.486363,903,256,1764871079.465450,20.913
1764871079.489630,904,256,1764871079.468708,20.922
1764871079.492922,905,256,1764871079.472020,20.902
1764871079.496244,906,256,1764871079.475335,20.909
1764871079.499667,907,256,1764871079.478769,20.898
1764871079.502996,908,256,1764871079.482010,20.986
1764871079.506422,909,256,1764871079.485447,20.974
1764871079.509600,910,256,1764871079.488658,20.941
1764871079.512931,911,256,1764871079.492002,20.929
1764871079.516417,912,256,1764871079.495433,20.984
1764871079.519857,913,256,1764871079.498774,21.083
1764871079.523070,914,256,1764871079.502097,20.973
1764871079.526442,915,256,1764871079.505458,20.983
1764871079.529759,916,256,1764871079.508781,20.979
1764871079.533126,917,256,1764871079.512125,21.000
1764871079.536371,918,256,1764871079.515448,20.923
1764871079.539807,919,256,1764871079.518789,21.018
1764871079.543157,920,256,1764871079.522126,21.031
1764871079.546315,921,256,1764871079.525359,20.956
1764871079.549841,922,256,1764871079.528784,21.057
1764871079.553073,923,256,1764871079.532054,21.019
1764871079.556353,924,256,1764871079.535359,20.994
1764871079.559924,925,256,1764871079.538837,21.087
1764871079.563185,926,256,1764871079.542113,21.071
1764871079.566444,927,256,1764871079.545457,20.987
1764871079.570069,928,256,1764871079.548870,21.199
1764871079.573137,929,256,1764871079.552121,21.016
1764871079.576529,930,256,1764871079.555445,21.084
1764871079.580058,931,256,1764871079.558862,21.195
1764871079.583362,932,256,1764871079.562120,21.242
1764871079.586626,933,256,1764871079.565447,21.179
1764871079.589980,934,256,1764871079.568784,21.196
1764871079.593024,935,256,1764871079.572038,20.985
1764871079.596297,936,256,1764871079.575360,20.937
1764871079.599923,937,256,1764871079.578778,21.145
1764871079.603174,938,256,1764871079.582124,21.050
1764871079.606541,939,256,1764871079.585455,21.086
1764871079.609982,940,256,1764871079.588709,21.273
1764871079.613053,941,256,1764871079.592007,21.046
1764871079.616482,942,256,1764871079.595436,21.046
1764871079.620022,943,256,1764871079.598769,21.253
1764871079.623065,944,256,1764871079.602119,20.946
1764871079.626513,945,256,1764871079.605462,21.052
1764871079.629880,946,256,1764871079.608849,21.031
1764871079.633093,947,256,1764871079.612035,21.059
1764871079.636477,948,256,1764871079.615453,21.025
1764871079.639862,949,256,1764871079.618840,21.023
1764871079.643059,950,256,1764871079.622026,21.033
1764871079.646519,951,256,1764871079.625443,21.076
1764871079.649731,952,256,1764871079.628675,21.056
1764871079.653110,953,256,1764871079.632118,20.992
1764871079.656510,954,256,1764871079.635457,21.053
1764871079.659744,955,256,1764871079.638782,20.962
1764871079.662999,956,256,1764871079.642029,20.969
1764871079.666535,957,256,1764871079.645463,21.072
1764871079.669855,958,256,1764871079.648767,21.088
1764871079.673024,959,256,1764871079.652001,21.023
1764871079.676535,960,256,1764871079.655430,21.105
1764871079.679748,961,256,1764871079.658726,21.022
1764871079.683140,962,256,1764871079.662038,21.102
1764871079.686339,963,256,1764871079.665416,20.924
1764871079.689688,964,256,1764871079.668779,20.909
1764871079.692904,965,256,1764871079.672016,20.888
1764871079.696275,966,256,1764871079.675332,20.942
1764871079.699759,967,256,1764871079.678773,20.985
1764871079.703075,968,256,1764871079.682016,21.059
1764871079.706278,969,256,1764871079.685356,20.922
1764871079.709562,970,256,1764871079.688670,20.892
1764871079.712958,971,256,1764871079.692003,20.955
1764871079.716949,972,256,1764871079.696000,20.949
1764871079.719698,973,256,1764871079.698734,20.964
1764871079.723083,974,256,1764871079.702019,21.064
1764871079.726315,975,256,1764871079.705356,20.959
1764871079.729549,976,256,1764871079.708683,20.867
1764871079.732849,977,256,1764871079.711997,20.852
1764871079.736269,978,256,1764871079.715323,20.946
1764871079.739662,979,256,1764871079.718692,20.970
1764871079.742987,980,256,1764871079.722003,20.984
1764871079.746316,981,256,1764871079.725326,20.990
1764871079.749581,982,256,1764871079.728697,20.884
1764871079.752868,983,256,1764871079.731992,20.876
1764871079.756256,984,256,1764871079.735341,20.915
1764871079.759619,985,256,1764871079.738687,20.932
1764871079.763044,986,256,1764871079.742042,21.003
1764871079.766309,987,256,1764871079.745328,20.981
1764871079.769628,988,256,1764871079.748761,20.866
1764871079.772863,989,256,1764871079.752009,20.854
1764871079.776289,990,256,1764871079.755331,20.958
1764871079.779604,991,256,1764871079.758700,20.904
1764871079.782976,992,256,1764871079.762002,20.974
1764871079.786178,993,256,1764871079.765324,20.854
1764871079.789744,994,256,1764871079.768752,20.992
1764871079.792964,995,256,1764871079.771993,20.970
1764871079.796216,996,256,1764871079.775323,20.893
1764871079.799610,997,256,1764871079.778661,20.950
1764871079.802883,998,256,1764871079.782003,20.881
1764871079.806378,999,256,1764871079.785337,21.041
1764871079.809751,1000,256,1764871079.788765,20.986
1764871079.812999,1001,256,1764871079.792007,20.992
1764871079.816336,1002,256,1764871079.795340,20.996
1764871079.819715,1003,256,1764871079.798682,21.033
1764871079.823015,1004,256,1764871079.802015,21.000
1764871079.826502,1005,256,1764871079.805363,21.139
1764871079.829597,1006,256,1764871079.808695,20.903
1764871079.833063,1007,256,1764871079.812006,21.057
1764871079.836448,1008,256,1764871079.815413,21.036
1764871079.840041,1009,256,1764871079.818915,21.126
1764871079.842999,1010,256,1764871079.822019,20.979
1764871079.846380,1011,256,1764871079.825332,21.048
1764871079.849681,1012,256,1764871079.828686,20.996
1764871079.852919,1013,256,1764871079.831994,20.925
1764871079.856434,1014,256,1764871079.835354,21.080
1764871079.859662,1015,256,1764871079.838682,20.980
1764871079.863064,1016,256,1764871079.842038,21.026
1764871079.866414,1017,256,1764871079.845358,21.056
1764871079.869765,1018,256,1764871079.848690,21.075
1764871079.873142,1019,256,1764871079.852029,21.113
1764871079.876454,1020,256,1764871079.855402,21.052
1764871079.880017,1021,256,1764871079.858927,21.090
1764871079.883102,1022,256,1764871079.862041,21.061
1764871079.886481,1023,256,1764871079.865408,21.072
1764871079.890088,1024,256,1764871079.868849,21.239
1764871079.892997,1025,256,1764871079.872009,20.988
1764871079.896377,1026,256,1764871079.875340,21.037
1764871079.899612,1027,256,1764871079.878682,20.930
1764871079.902972,1028,256,1764871079.882003,20.969
1764871079.906257,1029,256,1764871079.885345,20.912
1764871079.909505,1030,256,1764871079.888681,20.824
1764871079.913002,1031,256,1764871079.892018,20.984
1764871079.916225,1032,256,1764871079.895329,20.896
1764871079.919523,1033,256,1764871079.898681,20.843
1764871079.922879,1034,256,1764871079.901990,20.889
1764871079.926267,1035,256,1764871079.905324,20.943
1764871079.929518,1036,256,1764871079.908686,20.832
1764871079.933017,1037,256,1764871079.912032,20.985
1764871079.936435,1038,256,1764871079.915375,21.060
1764871079.939653,1039,256,1764871079.918658,20.995
1764871079.942997,1040,256,1764871079.921992,21.005
1764871079.946459,1041,256,1764871079.925336,21.123
1764871079.949937,1042,256,1764871079.928760,21.177
1764871079.953086,1043,256,1764871079.932082,21.004
1764871079.956245,1044,256,1764871079.935345,20.900
1764871079.959588,1045,256,1764871079.938695,20.893
1764871079.962899,1046,256,1764871079.942007,20.891
1764871079.966299,1047,256,1764871079.945357,20.943
1764871079.969764,1048,256,1764871079.948738,21.026
1764871079.972966,1049,256,1764871079.952022,20.945
1764871079.976219,1050,256,1764871079.955341,20.877
1764871079.979561,1051,256,1764871079.958673,20.888
1764871079.982854,1052,256,1764871079.961993,20.860
1764871079.986250,1053,256,1764871079.965370,20.880
1764871079.989605,1054,256,1764871079.968707,20.898
1764871079.992879,1055,256,1764871079.971997,20.882
1764871079.996212,1056,256,1764871079.975361,20.850
1764871079.999609,1057,256,1764871079.978693,20.915
1764871080.002895,1058,256,1764871079.982003,20.891
1764871080.006220,1059,256,1764871079.985344,20.876
1764871080.009682,1060,256,1764871079.988798,20.884
1764871080.012886,1061,256,1764871079.992004,20.882
1764871080.016285,1062,256,1764871079.995373,20.913
1764871080.019513,1063,256,1764871079.998687,20.826
1764871080.022842,1064,256,1764871080.001993,20.850
1764871080.026244,1065,256,1764871080.005373,20.871
1764871080.029522,1066,256,1764871080.008697,20.825
1764871080.032863,1067,256,1764871080.011998,20.864
1764871080.036225,1068,256,1764871080.015369,20.857
1764871080.039491,1069,256,1764871080.018671,20.820
1764871080.042850,1070,256,1764871080.021997,20.853
1764871080.046235,1071,256,1764871080.025330,20.905
1764871080.049516,1072,256,1764871080.028672,20.844
1764871080.052894,1073,256,1764871080.031997,20.897
1764871080.056263,1074,256,1764871080.035346,20.917
1764871080.059618,1075,256,1764871080.038770,20.848
1764871080.062945,1076,256,1764871080.042005,20.940
1764871080.066343,1077,256,1764871080.045373,20.970
1764871080.069897,1078,256,1764871080.048856,21.041
1764871080.073180,1079,256,1764871080.052104,21.076
1764871080.076616,1080,256,1764871080.055502,21.114
1764871080.079981,1081,256,1764871080.058844,21.137
1764871080.083120,1082,256,1764871080.062097,21.023
1764871080.086544,1083,256,1764871080.065492,21.051
1764871080.090045,1084,256,1764871080.068856,21.188
1764871080.093159,1085,256,1764871080.072165,20.995
1764871080.096666,1086,256,1764871080.075505,21.161
1764871080.099986,1087,256,1764871080.078881,21.105
1764871080.103131,1088,256,1764871080.082148,20.984
1764871080.106350,1089,256,1764871080.085435,20.915
1764871080.109627,1090,256,1764871080.088760,20.867
1764871080.112942,1091,256,1764871080.092048,20.895
1764871080.116322,1092,256,1764871080.095433,20.890
1764871080.119632,1093,256,1764871080.098728,20.905
1764871080.122987,1094,256,1764871080.102032,20.955
1764871080.126234,1095,256,1764871080.105330,20.904
1764871080.129593,1096,256,1764871080.108695,20.898
1764871080.133085,1097,256,1764871080.112055,21.030
1764871080.136420,1098,256,1764871080.115449,20.972
1764871080.139871,1099,256,1764871080.118708,21.163
1764871080.143172,1100,256,1764871080.122043,21.129
1764871080.146435,1101,256,1764871080.125441,20.995
1764871080.150000,1102,256,1764871080.128853,21.147
1764871080.153083,1103,256,1764871080.132029,21.054
1764871080.156591,1104,256,1764871080.135457,21.134
1764871080.159945,1105,256,1764871080.138848,21.097
1764871080.163007,1106,256,1764871080.142011,20.997
1764871080.166475,1107,256,1764871080.145378,21.097
1764871080.169959,1108,256,1764871080.148810,21.149
1764871080.173044,1109,256,1764871080.152005,21.039
1764871080.176468,1110,256,1764871080.155371,21.097
1764871080.179853,1111,256,1764871080.158780,21.073
1764871080.183007,1112,256,1764871080.162024,20.982
1764871080.186512,1113,256,1764871080.165455,21.057
1764871080.189898,1114,256,1764871080.168878,21.019
1764871080.193054,1115,256,1764871080.172101,20.953
1764871080.196583,1116,256,1764871080.175444,21.138
1764871080.199813,1117,256,1764871080.178770,21.044
1764871080.203019,1118,256,1764871080.182094,20.924
1764871080.206399,1119,256,1764871080.185448,20.951
1764871080.209724,1120,256,1764871080.188770,20.954
1764871080.212949,1121,256,1764871080.192006,20.943
1764871080.216357,1122,256,1764871080.195332,21.026
1764871080.219886,1123,256,1764871080.198695,21.192
1764871080.222984,1124,256,1764871080.202023,20.961
1764871080.226305,1125,256,1764871080.205345,20.960
1764871080.230037,1126,256,1764871080.208846,21.191
1764871080.233134,1127,256,1764871080.212028,21.106
1764871080.236370,1128,256,1764871080.215349,21.021
1764871080.239906,1129,256,1764871080.218844,21.062
1764871080.242940,1130,256,1764871080.222015,20.925
1764871080.246233,1131,256,1764871080.225320,20.913
1764871080.249871,1132,256,1764871080.228916,20.954
1764871080.252949,1133,256,1764871080.232017,20.932
1764871080.256374,1134,256,1764871080.235451,20.923
1764871080.259844,1135,256,1764871080.238789,21.055
1764871080.263028,1136,256,1764871080.242112,20.916
1764871080.266356,1137,256,1764871080.245356,21.001
1764871080.269640,1138,256,1764871080.248706,20.934
1764871080.272962,1139,256,1764871080.252027,20.936
1764871080.276373,1140,256,1764871080.255372,21.001
1764871080.279843,1141,256,1764871080.258786,21.057
1764871080.283076,1142,256,1764871080.262102,20.974
1764871080.286501,1143,256,1764871080.265447,21.055
1764871080.289885,1144,256,1764871080.268782,21.103
1764871080.293111,1145,256,1764871080.272117,20.994
1764871080.296503,1146,256,1764871080.275463,21.041
1764871080.299864,1147,256,1764871080.278785,21.079
1764871080.302937,1148,256,1764871080.282007,20.930
1764871080.306306,1149,256,1764871080.285380,20.926
1764871080.309765,1150,256,1764871080.288792,20.973
1764871080.312912,1151,256,1764871080.292022,20.889
1764871080.316328,1152,256,1764871080.295444,20.885
1764871080.319643,1153,256,1764871080.298773,20.870
1764871080.322989,1154,256,1764871080.302114,20.875
1764871080.326288,1155,256,1764871080.305446,20.843
1764871080.329504,1156,256,1764871080.308661,20.843
1764871080.332893,1157,256,1764871080.311989,20.904
1764871080.336247,1158,256,1764871080.315358,20.889
1764871080.339560,1159,256,1764871080.318682,20.878
1764871080.342908,1160,256,1764871080.321995,20.913
1764871080.346283,1161,256,1764871080.325365,20.918
1764871080.349588,1162,256,1764871080.328687,20.901
1764871080.352985,1163,256,1764871080.332021,20.964
1764871080.356308,1164,256,1764871080.335382,20.926
1764871080.359754,1165,256,1764871080.338789,20.965
1764871080.363063,1166,256,1764871080.342101,20.962
1764871080.366346,1167,256,1764871080.345370,20.977
1764871080.369641,1168,256,1764871080.348684,20.957
1764871080.373055,1169,256,1764871080.352093,20.962
1764871080.376399,1170,256,1764871080.355378,21.020
1764871080.379758,1171,256,1764871080.358780,20.977
1764871080.383011,1172,256,1764871080.362081,20.930
1764871080.386428,1173,256,1764871080.365447,20.981
1764871080.389634,1174,256,1764871080.368688,20.947
1764871080.393074,1175,256,1764871080.372102,20.972
1764871080.396424,1176,256,1764871080.375449,20.975
1764871080.399679,1177,256,1764871080.378706,20.973
1764871080.403155,1178,256,1764871080.382115,21.040
1764871080.406425,1179,256,1764871080.385375,21.050
1764871080.409761,1180,256,1764871080.388786,20.975
1764871080.413146,1181,256,1764871080.392092,21.053
1764871080.416365,1182,256,1764871080.395353,21.012
1764871080.419733,1183,256,1764871080.398780,20.953
1764871080.423092,1184,256,1764871080.402025,21.068
1764871080.426451,1185,256,1764871080.405441,21.010
1764871080.429808,1186,256,1764871080.408783,21.025
1764871080.432989,1187,256,1764871080.412027,20.962
1764871080.436297,1188,256,1764871080.415353,20.944
1764871080.439762,1189,256,1764871080.418781,20.981
1764871080.442879,1190,256,1764871080.422002,20.877
1764871080.446394,1191,256,1764871080.425346,21.048
1764871080.449784,1192,256,1764871080.428781,21.002
1764871080.453014,1193,256,1764871080.432106,20.908
1764871080.456407,1194,256,1764871080.435452,20.956
1764871080.459740,1195,256,1764871080.438773,20.967
1764871080.462971,1196,256,1764871080.442085,20.886
1764871080.466322,1197,256,1764871080.445381,20.941
1764871080.470114,1198,256,1764871080.449008,21.106
1764871080.472938,1199,256,1764871080.452030,20.908
1764871080.476320,1200,256,1764871080.455354,20.966
1764871080.479701,1201,256,1764871080.458775,20.927
1764871080.483000,1202,256,1764871080.462116,20.884
1764871080.486378,1203,256,1764871080.465446,20.932
1764871080.489705,1204,256,1764871080.468791,20.914
1764871080.492938,1205,256,1764871080.472029,20.908
1764871080.496317,1206,256,1764871080.475430,20.887
1764871080.499565,1207,256,1764871080.478673,20.892
1764871080.502915,1208,256,1764871080.481999,20.915
1764871080.506349,1209,256,1764871080.485438,20.911
1764871080.509717,1210,256,1764871080.488755,20.961
1764871080.512951,1211,256,1764871080.492099,20.852
1764871080.516336,1212,256,1764871080.495445,20.891
1764871080.519669,1213,256,1764871080.498776,20.892
1764871080.523011,1214,256,1764871080.502114,20.897
1764871080.526361,1215,256,1764871080.505448,20.913
1764871080.529721,1216,256,1764871080.508783,20.938
1764871080.532969,1217,256,1764871080.512109,20.859
1764871080.536371,1218,256,1764871080.515430,20.941
1764871080.539670,1219,256,1764871080.518753,20.917
1764871080.542892,1220,256,1764871080.521995,20.897
1764871080.546379,1221,256,1764871080.525361,21.019
1764871080.549558,1222,256,1764871080.528660,20.898
1764871080.552984,1223,256,1764871080.532090,20.894
1764871080.556476,1224,256,1764871080.535451,21.025
1764871080.559752,1225,256,1764871080.538770,20.983
1764871080.562987,1226,256,1764871080.542116,20.871
1764871080.566471,1227,256,1764871080.545457,21.014
1764871080.569778,1228,256,1764871080.548791,20.987
1764871080.573090,1229,256,1764871080.552118,20.972
1764871080.576375,1230,256,1764871080.555456,20.919
1764871080.579797,1231,256,1764871080.558866,20.931
1764871080.583094,1232,256,1764871080.562107,20.987
1764871080.586348,1233,256,1764871080.565381,20.967
1764871080.589785,1234,256,1764871080.568847,20.938
1764871080.592944,1235,256,1764871080.572090,20.854
1764871080.596411,1236,256,1764871080.575447,20.965
1764871080.599759,1237,256,1764871080.578777,20.982
1764871080.603019,1238,256,1764871080.582119,20.901
1764871080.606368,1239,256,1764871080.585456,20.912
1764871080.609702,1240,256,1764871080.588752,20.950
1764871080.612966,1241,256,1764871080.592110,20.856
1764871080.616433,1242,256,1764871080.595462,20.972
1764871080.619809,1243,256,1764871080.598783,21.026
1764871080.623042,1244,256,1764871080.602111,20.931
1764871080.626455,1245,256,1764871080.605456,20.999
1764871080.629799,1246,256,1764871080.608781,21.018
1764871080.633240,1247,256,1764871080.612114,21.127
1764871080.636596,1248,256,1764871080.615460,21.136
1764871080.639880,1249,256,1764871080.618768,21.112
1764871080.643204,1250,256,1764871080.622112,21.092
1764871080.646598,1251,256,1764871080.625460,21.138
1764871080.649856,1252,256,1764871080.628786,21.070
1764871080.653125,1253,256,1764871080.632123,21.003
1764871080.656518,1254,256,1764871080.635463,21.056
1764871080.659909,1255,256,1764871080.638794,21.115
1764871080.663020,1256,256,1764871080.642099,20.921
1764871080.666553,1257,256,1764871080.645451,21.101
1764871080.669775,1258,256,1764871080.648784,20.991
1764871080.673009,1259,256,1764871080.652101,20.908
1764871080.676399,1260,256,1764871080.655460,20.939
1764871080.679688,1261,256,1764871080.658776,20.912
1764871080.682981,1262,256,1764871080.662099,20.881
1764871080.686416,1263,256,1764871080.665349,21.067
1764871080.689781,1264,256,1764871080.668774,21.007
1764871080.693010,1265,256,1764871080.672016,20.994
1764871080.696417,1266,256,1764871080.675440,20.976
1764871080.699840,1267,256,1764871080.678782,21.058
1764871080.703196,1268,256,1764871080.682099,21.096
1764871080.706349,1269,256,1764871080.685369,20.981
1764871080.709749,1270,256,1764871080.688762,20.987
1764871080.713117,1271,256,1764871080.692129,20.988
1764871080.716488,1272,256,1764871080.695551,20.937
1764871080.719617,1273,256,1764871080.698699,20.918
1764871080.722860,1274,256,1764871080.702011,20.849
1764871080.726237,1275,256,1764871080.705366,20.871
1764871080.729580,1276,256,1764871080.708704,20.876
1764871080.732880,1277,256,1764871080.712027,20.852
1764871080.736167,1278,256,1764871080.715351,20.816
1764871080.739594,1279,256,1764871080.718771,20.823
1764871080.742911,1280,256,1764871080.722060,20.851
1764871080.746243,1281,256,1764871080.725419,20.824
1764871080.749489,1282,256,1764871080.728662,20.828
1764871080.752897,1283,256,1764871080.732045,20.852
1764871080.756231,1284,256,1764871080.735307,20.924
1764871080.759642,1285,256,1764871080.738760,20.882
1764871080.762876,1286,256,1764871080.742002,20.874
1764871080.766328,1287,256,1764871080.745343,20.984
1764871080.769599,1288,256,1764871080.748754,20.845
1764871080.772920,1289,256,1764871080.752065,20.854
1764871080.776360,1290,256,1764871080.755461,20.899
1764871080.779757,1291,256,1764871080.758867,20.891
1764871080.782948,1292,256,1764871080.762057,20.892
1764871080.786298,1293,256,1764871080.765378,20.920
1764871080.789523,1294,256,1764871080.768693,20.831
1764871080.792877,1295,256,1764871080.772011,20.866
1764871080.796191,1296,256,1764871080.775333,20.858
1764871080.799510,1297,256,1764871080.778681,20.830
1764871080.802891,1298,256,1764871080.782014,20.877
1764871080.806181,1299,256,1764871080.785336,20.845
1764871080.809525,1300,256,1764871080.788683,20.842
1764871080.812910,1301,256,1764871080.791997,20.913
1764871080.816175,1302,256,1764871080.795328,20.847
1764871080.819495,1303,256,1764871080.798679,20.816
1764871080.822875,1304,256,1764871080.801996,20.879
1764871080.826195,1305,256,1764871080.805330,20.864
1764871080.829530,1306,256,1764871080.808686,20.843
1764871080.832934,1307,256,1764871080.812005,20.930
1764871080.836197,1308,256,1764871080.815333,20.864
1764871080.839507,1309,256,1764871080.818688,20.819
1764871080.842912,1310,256,1764871080.822013,20.899
1764871080.846188,1311,256,1764871080.825335,20.854
1764871080.849517,1312,256,1764871080.828683,20.834
1764871080.852881,1313,256,1764871080.832036,20.846
1764871080.856166,1314,256,1764871080.835334,20.833
1764871080.859501,1315,256,1764871080.838681,20.821
1764871080.862893,1316,256,1764871080.842016,20.877
1764871080.866194,1317,256,1764871080.845335,20.859
1764871080.869509,1318,256,1764871080.848680,20.829
1764871080.872883,1319,256,1764871080.852000,20.883
1764871080.876220,1320,256,1764871080.855327,20.893
1764871080.879515,1321,256,1764871080.858680,20.834
1764871080.882901,1322,256,1764871080.862019,20.883
1764871080.886169,1323,256,1764871080.865330,20.839
1764871080.889510,1324,256,1764871080.868680,20.830
1764871080.892972,1325,256,1764871080.872066,20.905
1764871080.896274,1326,256,1764871080.875359,20.915
1764871080.899523,1327,256,1764871080.878690,20.833
1764871080.902910,1328,256,1764871080.882023,20.887
1764871080.906182,1329,256,1764871080.885339,20.843
1764871080.909572,1330,256,1764871080.888683,20.889
1764871080.912944,1331,256,1764871080.892073,20.870
1764871080.916251,1332,256,1764871080.895344,20.907
1764871080.919532,1333,256,1764871080.898687,20.845
1764871080.922896,1334,256,1764871080.902021,20.875
1764871080.926239,1335,256,1764871080.905334,20.905
1764871080.929686,1336,256,1764871080.908745,20.941
1764871080.932833,1337,256,1764871080.912002,20.831
1764871080.936193,1338,256,1764871080.915347,20.845
1764871080.939505,1339,256,1764871080.918684,20.821
1764871080.942927,1340,256,1764871080.922014,20.913
1764871080.946266,1341,256,1764871080.925340,20.926
1764871080.949562,1342,256,1764871080.928664,20.898
1764871080.952863,1343,256,1764871080.931989,20.874
1764871080.956342,1344,256,1764871080.935321,21.021
1764871080.959611,1345,256,1764871080.938658,20.953
1764871080.962925,1346,256,1764871080.941962,20.963
1764871080.966386,1347,256,1764871080.945358,21.028
1764871080.969965,1348,256,1764871080.948893,21.072
1764871080.973206,1349,256,1764871080.952049,21.156
1764871080.976450,1350,256,1764871080.955344,21.107
1764871080.979734,1351,256,1764871080.958692,21.043
1764871080.982989,1352,256,1764871080.962003,20.986
1764871080.986461,1353,256,1764871080.965358,21.104
1764871080.989801,1354,256,1764871080.968710,21.091
1764871080.993119,1355,256,1764871080.972064,21.055
1764871080.996491,1356,256,1764871080.975362,21.129
1764871080.999794,1357,256,1764871080.978708,21.086
1764871081.003032,1358,256,1764871080.981995,21.037
1764871081.006448,1359,256,1764871080.985328,21.120
1764871081.010067,1360,256,1764871080.988898,21.170
1764871081.013043,1361,256,1764871080.992006,21.037
1764871081.016730,1362,256,1764871080.995492,21.239
1764871081.019805,1363,256,1764871080.998710,21.095
1764871081.022959,1364,256,1764871081.002014,20.945
1764871081.026256,1365,256,1764871081.005342,20.914
1764871081.029853,1366,256,1764871081.008845,21.008
1764871081.032957,1367,256,1764871081.012011,20.946
1764871081.036315,1368,256,1764871081.015339,20.976
1764871081.039885,1369,256,1764871081.018862,21.022
1764871081.042983,1370,256,1764871081.022078,20.905
1764871081.046347,1371,256,1764871081.025390,20.958
1764871081.049531,1372,256,1764871081.028691,20.840
1764871081.052853,1373,256,1764871081.032009,20.844
1764871081.056147,1374,256,1764871081.035329,20.818
1764871081.059622,1375,256,1764871081.038733,20.889
1764871081.062925,1376,256,1764871081.042048,20.877
1764871081.066185,1377,256,1764871081.045327,20.858
1764871081.069507,1378,256,1764871081.048691,20.816
1764871081.072811,1379,256,1764871081.051988,20.824
1764871081.076130,1380,256,1764871081.055323,20.807
1764871081.079554,1381,256,1764871081.058741,20.813
1764871081.082796,1382,256,1764871081.061992,20.804
1764871081.086208,1383,256,1764871081.065353,20.854
1764871081.089509,1384,256,1764871081.068695,20.815
1764871081.092804,1385,256,1764871081.071989,20.815
1764871081.096168,1386,256,1764871081.075375,20.794
1764871081.099505,1387,256,1764871081.078693,20.812
1764871081.102808,1388,256,1764871081.081986,20.822
1764871081.106211,1389,256,1764871081.085363,20.848
1764871081.109507,1390,256,1764871081.088679,20.828
1764871081.112840,1391,256,1764871081.091987,20.853
1764871081.116160,1392,256,1764871081.095320,20.839
1764871081.119512,1393,256,1764871081.098690,20.821
1764871081.122841,1394,256,1764871081.101989,20.852
1764871081.126324,1395,256,1764871081.105433,20.891
1764871081.129622,1396,256,1764871081.108695,20.927
1764871081.132909,1397,256,1764871081.112025,20.883
1764871081.136234,1398,256,1764871081.115375,20.859
1764871081.139678,1399,256,1764871081.118780,20.899
1764871081.142889,1400,256,1764871081.122029,20.859
1764871081.146276,1401,256,1764871081.125381,20.894
1764871081.149562,1402,256,1764871081.128698,20.864
1764871081.152870,1403,256,1764871081.132016,20.854
1764871081.156204,1404,256,1764871081.135331,20.873
1764871081.159594,1405,256,1764871081.138693,20.901
1764871081.162895,1406,256,1764871081.141988,20.908
1764871081.166203,1407,256,1764871081.145322,20.881
1764871081.169581,1408,256,1764871081.148702,20.880
1764871081.172858,1409,256,1764871081.151988,20.870
1764871081.176231,1410,256,1764871081.155329,20.901
1764871081.179582,1411,256,1764871081.158684,20.898
1764871081.182858,1412,256,1764871081.161995,20.862
1764871081.186224,1413,256,1764871081.165329,20.895
1764871081.189611,1414,256,1764871081.168678,20.934
1764871081.193019,1415,256,1764871081.172010,21.009
1764871081.196268,1416,256,1764871081.175339,20.928
1764871081.199601,1417,256,1764871081.178677,20.924
1764871081.202942,1418,256,1764871081.182014,20.928
1764871081.206222,1419,256,1764871081.185334,20.888
1764871081.209513,1420,256,1764871081.188663,20.851
1764871081.212882,1421,256,1764871081.192017,20.865
1764871081.216171,1422,256,1764871081.195336,20.835
1764871081.219665,1423,256,1764871081.198700,20.964
1764871081.222899,1424,256,1764871081.202013,20.885
1764871081.226329,1425,256,1764871081.205387,20.941
1764871081.229671,1426,256,1764871081.208762,20.910
1764871081.232984,1427,256,1764871081.212055,20.929
1764871081.236308,1428,256,1764871081.215375,20.933
1764871081.239619,1429,256,1764871081.218687,20.931
1764871081.242964,1430,256,1764871081.222014,20.949
1764871081.246263,1431,256,1764871081.225347,20.916
1764871081.249533,1432,256,1764871081.228689,20.845
1764871081.252940,1433,256,1764871081.232012,20.928
1764871081.256181,1434,256,1764871081.235329,20.852
1764871081.259534,1435,256,1764871081.238681,20.853
1764871081.262882,1436,256,1764871081.241999,20.883
1764871081.266186,1437,256,1764871081.245345,20.841
1764871081.269516,1438,256,1764871081.248680,20.836
1764871081.272879,1439,256,1764871081.251998,20.881
1764871081.276183,1440,256,1764871081.255346,20.838
1764871081.279573,1441,256,1764871081.258684,20.889
1764871081.282872,1442,256,1764871081.261998,20.874
1764871081.286155,1443,256,1764871081.265347,20.809
1764871081.289516,1444,256,1764871081.268678,20.838
1764871081.292842,1445,256,1764871081.271992,20.850
1764871081.296161,1446,256,1764871081.275344,20.817
1764871081.299586,1447,256,1764871081.278697,20.889
1764871081.302937,1448,256,1764871081.282038,20.900
1764871081.306232,1449,256,1764871081.285366,20.866
1764871081.309599,1450,256,1764871081.288687,20.912
1764871081.312869,1451,256,1764871081.292002,20.868
1764871081.316221,1452,256,1764871081.295371,20.850
1764871081.319593,1453,256,1764871081.298670,20.924
1764871081.322911,1454,256,1764871081.302059,20.852
1764871081.326252,1455,256,1764871081.305362,20.890
1764871081.329562,1456,256,1764871081.308679,20.884
1764871081.332933,1457,256,1764871081.312056,20.878
1764871081.336308,1458,256,1764871081.315442,20.866
1764871081.339713,1459,256,1764871081.318842,20.871
1764871081.342839,1460,256,1764871081.322008,20.831
1764871081.346313,1461,256,1764871081.325466,20.847
1764871081.349588,1462,256,1764871081.328755,20.833
1764871081.352973,1463,256,1764871081.332067,20.907
1764871081.356259,1464,256,1764871081.335361,20.899
1764871081.359581,1465,256,1764871081.338691,20.890
1764871081.362869,1466,256,1764871081.341988,20.881
1764871081.366218,1467,256,1764871081.345326,20.892
1764871081.369559,1468,256,1764871081.348659,20.899
1764871081.372855,1469,256,1764871081.351959,20.896
1764871081.376250,1470,256,1764871081.355354,20.895
1764871081.379586,1471,256,1764871081.358692,20.894
1764871081.382924,1472,256,1764871081.361991,20.932
1764871081.386294,1473,256,1764871081.365354,20.940
1764871081.389593,1474,256,1764871081.368681,20.911
1764871081.392928,1475,256,1764871081.371995,20.934
1764871081.396208,1476,256,1764871081.375344,20.864
1764871081.399567,1477,256,1764871081.378679,20.888
1764871081.402893,1478,256,1764871081.381994,20.899
1764871081.406290,1479,256,1764871081.385344,20.946
1764871081.409570,1480,256,1764871081.388680,20.890
1764871081.412844,1481,256,1764871081.391993,20.851
1764871081.416327,1482,256,1764871081.395344,20.984
1764871081.419641,1483,256,1764871081.398678,20.963
1764871081.422966,1484,256,1764871081.401992,20.974
1764871081.426290,1485,256,1764871081.405333,20.957
1764871081.429687,1486,256,1764871081.408696,20.991
1764871081.433014,1487,256,1764871081.412009,21.004
1764871081.436303,1488,256,1764871081.415356,20.948
1764871081.439644,1489,256,1764871081.418680,20.964
1764871081.442972,1490,256,1764871081.421997,20.975
1764871081.446273,1491,256,1764871081.425350,20.923
1764871081.449656,1492,256,1764871081.428671,20.985
1764871081.452943,1493,256,1764871081.432006,20.937
1764871081.456252,1494,256,1764871081.435354,20.898
1764871081.459630,1495,256,1764871081.438677,20.953
1764871081.463005,1496,256,1764871081.441979,21.026
1764871081.466378,1497,256,1764871081.445375,21.003
1764871081.470068,1498,256,1764871081.449002,21.066
1764871081.473068,1499,256,1764871081.452083,20.986
1764871081.476363,1500,256,1764871081.455373,20.990
1764871081.479683,1501,256,1764871081.458760,20.923
1764871081.482956,1502,256,1764871081.462072,20.883
1764871081.486373,1503,256,1764871081.465446,20.926
1764871081.489813,1504,256,1764871081.468853,20.960
1764871081.493108,1505,256,1764871081.472178,20.930
1764871081.496456,1506,256,1764871081.475470,20.986
1764871081.499799,1507,256,1764871081.478799,21.000
1764871081.503152,1508,256,1764871081.482129,21.023
1764871081.506469,1509,256,1764871081.485475,20.994
1764871081.509859,1510,256,1764871081.488864,20.995
1764871081.513174,1511,256,1764871081.492164,21.009
1764871081.516559,1512,256,1764871081.495466,21.093
1764871081.519793,1513,256,1764871081.498854,20.939
1764871081.523128,1514,256,1764871081.502148,20.980
1764871081.526619,1515,256,1764871081.505504,21.115
1764871081.529878,1516,256,1764871081.508814,21.064
1764871081.533108,1517,256,1764871081.512141,20.967
1764871081.536624,1518,256,1764871081.515498,21.126
1764871081.539973,1519,256,1764871081.518846,21.127
1764871081.543095,1520,256,1764871081.522143,20.953
1764871081.546514,1521,256,1764871081.525498,21.016
1764871081.549796,1522,256,1764871081.528876,20.921
1764871081.553051,1523,256,1764871081.532163,20.888
1764871081.556407,1524,256,1764871081.535501,20.905
1764871081.559708,1525,256,1764871081.538755,20.952
1764871081.563068,1526,256,1764871081.542068,21.000
1764871081.566305,1527,256,1764871081.545376,20.929
1764871081.569658,1528,256,1764871081.548716,20.942
1764871081.573137,1529,256,1764871081.552043,21.094
1764871081.576438,1530,256,1764871081.555363,21.075
1764871081.579743,1531,256,1764871081.558749,20.993
1764871081.583106,1532,256,1764871081.561992,21.113
1764871081.586523,1533,256,1764871081.565391,21.132
1764871081.589988,1534,256,1764871081.568788,21.200
1764871081.593137,1535,256,1764871081.572032,21.105
1764871081.596573,1536,256,1764871081.575391,21.181
1764871081.599999,1537,256,1764871081.578849,21.150
1764871081.603116,1538,256,1764871081.582029,21.086
1764871081.606627,1539,256,1764871081.585450,21.177
1764871081.610034,1540,256,1764871081.588851,21.184
1764871081.613220,1541,256,1764871081.592117,21.103
1764871081.616698,1542,256,1764871081.595457,21.241
1764871081.619806,1543,256,1764871081.598803,21.003
1764871081.623174,1544,256,1764871081.602098,21.076
1764871081.626630,1545,256,1764871081.605456,21.174
1764871081.629896,1546,256,1764871081.608778,21.118
1764871081.633141,1547,256,1764871081.612105,21.036
1764871081.636490,1548,256,1764871081.615456,21.035
1764871081.639879,1549,256,1764871081.618784,21.095
1764871081.643150,1550,256,1764871081.622113,21.037
1764871081.646425,1551,256,1764871081.625371,21.054
1764871081.650031,1552,256,1764871081.628890,21.141
1764871081.653094,1553,256,1764871081.632111,20.983
1764871081.656579,1554,256,1764871081.635453,21.126
1764871081.659902,1555,256,1764871081.638780,21.122
1764871081.663182,1556,256,1764871081.642123,21.059
1764871081.666486,1557,256,1764871081.645450,21.036
1764871081.670859,1558,256,1764871081.648815,22.044
1764871081.673067,1559,256,1764871081.652124,20.944
1764871081.676434,1560,256,1764871081.655458,20.975
1764871081.679763,1561,256,1764871081.658776,20.987
1764871081.683121,1562,256,1764871081.662110,21.011
1764871081.686382,1563,256,1764871081.665438,20.944
1764871081.689727,1564,256,1764871081.668776,20.951
1764871081.693011,1565,256,1764871081.672094,20.918
1764871081.696335,1566,256,1764871081.675433,20.901
1764871081.699734,1567,256,1764871081.678779,20.956
1764871081.703120,1568,256,1764871081.682108,21.011
1764871081.706342,1569,256,1764871081.685428,20.914
1764871081.709795,1570,256,1764871081.688778,21.017
1764871081.713256,1571,256,1764871081.692115,21.141
1764871081.716446,1572,256,1764871081.695369,21.077
1764871081.719908,1573,256,1764871081.698685,21.223
1764871081.723186,1574,256,1764871081.702026,21.160
1764871081.726404,1575,256,1764871081.705372,21.032
1764871081.729574,1576,256,1764871081.708696,20.878
1764871081.733055,1577,256,1764871081.712101,20.954
1764871081.736483,1578,256,1764871081.715535,20.948
1764871081.739877,1579,256,1764871081.718858,21.019
1764871081.742966,1580,256,1764871081.722086,20.880
1764871081.746449,1581,256,1764871081.725465,20.984
1764871081.749559,1582,256,1764871081.728700,20.859
1764871081.752856,1583,256,1764871081.732013,20.843
1764871081.756287,1584,256,1764871081.735441,20.845
1764871081.759606,1585,256,1764871081.738760,20.845
1764871081.762859,1586,256,1764871081.742006,20.853
1764871081.766229,1587,256,1764871081.745356,20.873
1764871081.769513,1588,256,1764871081.748685,20.828
1764871081.772832,1589,256,1764871081.751988,20.844
1764871081.776183,1590,256,1764871081.755349,20.834
1764871081.779517,1591,256,1764871081.758651,20.866
1764871081.782946,1592,256,1764871081.761997,20.949
1764871081.786240,1593,256,1764871081.765353,20.887
1764871081.789568,1594,256,1764871081.768659,20.909
1764871081.792859,1595,256,1764871081.771991,20.868
1764871081.796339,1596,256,1764871081.775365,20.974
1764871081.799707,1597,256,1764871081.778690,21.017
1764871081.802994,1598,256,1764871081.782025,20.970
1764871081.806493,1599,256,1764871081.785450,21.043
1764871081.809693,1600,256,1764871081.788760,20.934
1764871081.812957,1601,256,1764871081.792015,20.941
1764871081.816226,1602,256,1764871081.795341,20.885
1764871081.819866,1603,256,1764871081.798866,21.000
1764871081.822990,1604,256,1764871081.802031,20.959
1764871081.826411,1605,256,1764871081.805394,21.017
1764871081.829726,1606,256,1764871081.808707,21.019
1764871081.832989,1607,256,1764871081.812024,20.965
1764871081.836273,1608,256,1764871081.815367,20.905
1764871081.839609,1609,256,1764871081.818676,20.933
1764871081.842982,1610,256,1764871081.822016,20.966
1764871081.846421,1611,256,1764871081.825365,21.056
1764871081.849737,1612,256,1764871081.828685,21.052
1764871081.852963,1613,256,1764871081.832008,20.955
1764871081.856289,1614,256,1764871081.835372,20.917
1764871081.859704,1615,256,1764871081.838732,20.972
1764871081.862900,1616,256,1764871081.842006,20.894
1764871081.866854,1617,256,1764871081.845523,21.331
1764871081.869800,1618,256,1764871081.848868,20.932
1764871081.872983,1619,256,1764871081.852027,20.957
1764871081.876295,1620,256,1764871081.855370,20.925
1764871081.879712,1621,256,1764871081.858755,20.957
1764871081.883011,1622,256,1764871081.862026,20.984
1764871081.886800,1623,256,1764871081.865508,21.292
1764871081.889632,1624,256,1764871081.868751,20.882
1764871081.893012,1625,256,1764871081.872025,20.988
1764871081.896327,1626,256,1764871081.875344,20.982
1764871081.899813,1627,256,1764871081.878853,20.959
1764871081.902891,1628,256,1764871081.881994,20.896
1764871081.906359,1629,256,1764871081.885418,20.941
1764871081.909649,1630,256,1764871081.888689,20.961
1764871081.912919,1631,256,1764871081.891997,20.922
1764871081.916287,1632,256,1764871081.895345,20.942
1764871081.919630,1633,256,1764871081.898696,20.934
1764871081.922961,1634,256,1764871081.902005,20.957
1764871081.926307,1635,256,1764871081.905348,20.959
1764871081.929614,1636,256,1764871081.908677,20.937
1764871081.932984,1637,256,1764871081.912023,20.961
1764871081.936364,1638,256,1764871081.915380,20.984
1764871081.939649,1639,256,1764871081.918668,20.981
1764871081.943028,1640,256,1764871081.922033,20.995
1764871081.946524,1641,256,1764871081.925475,21.049
1764871081.949931,1642,256,1764871081.928924,21.007
1764871081.952917,1643,256,1764871081.932018,20.900
1764871081.956497,1644,256,1764871081.935449,21.048
1764871081.960328,1645,256,1764871081.938683,21.645
1764871081.962922,1646,256,1764871081.942021,20.901
1764871081.966297,1647,256,1764871081.945382,20.916
1764871081.969716,1648,256,1764871081.948697,21.019
1764871081.972937,1649,256,1764871081.952016,20.921
1764871081.976256,1650,256,1764871081.955344,20.912
1764871081.979610,1651,256,1764871081.958682,20.928
1764871081.982950,1652,256,1764871081.962023,20.927
1764871081.986340,1653,256,1764871081.965353,20.986
1764871081.989714,1654,256,1764871081.968695,21.019
1764871081.993041,1655,256,1764871081.972015,21.026
1764871081.996274,1656,256,1764871081.975341,20.934
1764871081.999902,1657,256,1764871081.978796,21.105
1764871082.003013,1658,256,1764871081.982012,21.001
1764871082.006296,1659,256,1764871081.985335,20.961
1764871082.009932,1660,256,1764871081.988750,21.182
1764871082.013144,1661,256,1764871081.992052,21.092
1764871082.016474,1662,256,1764871081.995415,21.059
1764871082.020069,1663,256,1764871081.998936,21.132
1764871082.023046,1664,256,1764871082.002073,20.973
1764871082.026539,1665,256,1764871082.005435,21.104
1764871082.030048,1666,256,1764871082.008835,21.213
1764871082.033375,1667,256,1764871082.012162,21.212
1764871082.036629,1668,256,1764871082.015474,21.155
1764871082.040026,1669,256,1764871082.018927,21.100
1764871082.043448,1670,256,1764871082.022140,21.308
1764871082.046528,1671,256,1764871082.025417,21.111
1764871082.050029,1672,256,1764871082.028848,21.181
1764871082.053382,1673,256,1764871082.032146,21.236
1764871082.056613,1674,256,1764871082.035451,21.162
1764871082.060072,1675,256,1764871082.038873,21.199
1764871082.063244,1676,256,1764871082.042163,21.081
1764871082.066749,1677,256,1764871082.045461,21.288
1764871082.070141,1678,256,1764871082.048921,21.219
1764871082.073244,1679,256,1764871082.052138,21.106
1764871082.076755,1680,256,1764871082.055502,21.253
1764871082.080204,1681,256,1764871082.058902,21.303
1764871082.083265,1682,256,1764871082.062137,21.127
1764871082.086595,1683,256,1764871082.065447,21.148
1764871082.090007,1684,256,1764871082.068881,21.127
1764871082.093081,1685,256,1764871082.072022,21.060
1764871082.096653,1686,256,1764871082.075500,21.152
1764871082.100083,1687,256,1764871082.078878,21.204
1764871082.103233,1688,256,1764871082.082163,21.070
1764871082.106431,1689,256,1764871082.085449,20.982
1764871082.109753,1690,256,1764871082.088700,21.053
1764871082.113136,1691,256,1764871082.092149,20.987
1764871082.116451,1692,256,1764871082.095471,20.979
1764871082.119807,1693,256,1764871082.098871,20.936
1764871082.123116,1694,256,1764871082.102151,20.965
1764871082.126424,1695,256,1764871082.105431,20.993
1764871082.129747,1696,256,1764871082.108799,20.948
1764871082.133100,1697,256,1764871082.112139,20.961
1764871082.136585,1698,256,1764871082.115455,21.130
1764871082.139992,1699,256,1764871082.118855,21.137
1764871082.142998,1700,256,1764871082.122029,20.969
1764871082.146551,1701,256,1764871082.125458,21.094
1764871082.149981,1702,256,1764871082.128779,21.202
1764871082.152977,1703,256,1764871082.132011,20.966
1764871082.156332,1704,256,1764871082.135370,20.963
1764871082.159721,1705,256,1764871082.138665,21.056
1764871082.162949,1706,256,1764871082.142099,20.850
1764871082.166312,1707,256,1764871082.145445,20.867
1764871082.169683,1708,256,1764871082.148802,20.881
1764871082.172986,1709,256,1764871082.152117,20.869
1764871082.176294,1710,256,1764871082.155453,20.841
1764871082.179602,1711,256,1764871082.158758,20.844
1764871082.182948,1712,256,1764871082.162010,20.937
1764871082.186187,1713,256,1764871082.165357,20.830
1764871082.189481,1714,256,1764871082.168655,20.826
1764871082.192936,1715,256,1764871082.171994,20.942
1764871082.196204,1716,256,1764871082.175355,20.849
1764871082.199784,1717,256,1764871082.178755,21.029
1764871082.202865,1718,256,1764871082.181995,20.870
1764871082.206340,1719,256,1764871082.185372,20.968
1764871082.209694,1720,256,1764871082.188686,21.008
1764871082.212988,1721,256,1764871082.192027,20.962
1764871082.216347,1722,256,1764871082.195377,20.970
1764871082.219594,1723,256,1764871082.198681,20.913
1764871082.222999,1724,256,1764871082.202047,20.952
1764871082.226206,1725,256,1764871082.205309,20.896
1764871082.229729,1726,256,1764871082.208757,20.972
1764871082.232991,1727,256,1764871082.212098,20.894
1764871082.236360,1728,256,1764871082.215456,20.904
1764871082.239598,1729,256,1764871082.218730,20.868
1764871082.242998,1730,256,1764871082.222061,20.937
1764871082.246339,1731,256,1764871082.225451,20.888
1764871082.249641,1732,256,1764871082.228769,20.872
1764871082.260919,1733,256,1764871082.231995,28.924
1764871082.260981,1734,256,1764871082.235329,25.652
1764871082.261004,1735,256,1764871082.238673,22.331
1764871082.263037,1736,256,1764871082.242003,21.034
1764871082.266352,1737,256,1764871082.245357,20.996
1764871082.269628,1738,256,1764871082.248699,20.928
1764871082.273047,1739,256,1764871082.252007,21.040
1764871082.282049,1740,256,1764871082.260886,21.163
1764871082.283066,1741,256,1764871082.260975,22.091
1764871082.283412,1742,256,1764871082.261989,21.423
1764871082.286484,1743,256,1764871082.265424,21.060
1764871082.290052,1744,256,1764871082.268798,21.254
1764871082.293135,1745,256,1764871082.272118,21.017
1764871082.296434,1746,256,1764871082.275416,21.019
1764871082.300004,1747,256,1764871082.278799,21.205
1764871082.303133,1748,256,1764871082.282068,21.065
1764871082.306420,1749,256,1764871082.285423,20.998
1764871082.309774,1750,256,1764871082.288798,20.976
1764871082.313129,1751,256,1764871082.292130,20.999
1764871082.316399,1752,256,1764871082.295418,20.981
1764871082.319849,1753,256,1764871082.298783,21.065
1764871082.322929,1754,256,1764871082.302038,20.891
1764871082.326266,1755,256,1764871082.305391,20.875
1764871082.329645,1756,256,1764871082.308754,20.891
1764871082.332947,1757,256,1764871082.312076,20.872
1764871082.336245,1758,256,1764871082.315392,20.852
1764871082.339651,1759,256,1764871082.318750,20.900
1764871082.342906,1760,256,1764871082.322081,20.826
1764871082.346272,1761,256,1764871082.325388,20.884
1764871082.349615,1762,256,1764871082.328754,20.861
1764871082.352917,1763,256,1764871082.332077,20.841
1764871082.356336,1764,256,1764871082.335425,20.911
1764871082.359707,1765,256,1764871082.338795,20.911
1764871082.362993,1766,256,1764871082.342119,20.874
1764871082.366321,1767,256,1764871082.345424,20.897
1764871082.369578,1768,256,1764871082.348713,20.865
1764871082.372980,1769,256,1764871082.352124,20.856
1764871082.376322,1770,256,1764871082.355435,20.887
1764871082.379730,1771,256,1764871082.358785,20.945
1764871082.382882,1772,256,1764871082.362038,20.844
1764871082.386233,1773,256,1764871082.365381,20.853
1764871082.389599,1774,256,1764871082.368742,20.857
1764871082.392898,1775,256,1764871082.372032,20.866
1764871082.396152,1776,256,1764871082.375361,20.791
1764871082.399617,1777,256,1764871082.378797,20.820
1764871082.402913,1778,256,1764871082.382026,20.887
1764871082.406261,1779,256,1764871082.385415,20.847
1764871082.409576,1780,256,1764871082.388742,20.834
1764871082.412874,1781,256,1764871082.392006,20.868
1764871082.416226,1782,256,1764871082.395384,20.842
1764871082.419534,1783,256,1764871082.398715,20.819
1764871082.422889,1784,256,1764871082.402019,20.870
1764871082.426211,1785,256,1764871082.405377,20.834
1764871082.429507,1786,256,1764871082.408648,20.859
1764871082.432965,1787,256,1764871082.412015,20.949
1764871082.436293,1788,256,1764871082.415381,20.912
1764871082.439634,1789,256,1764871082.418752,20.882
1764871082.442953,1790,256,1764871082.422017,20.936
1764871082.446271,1791,256,1764871082.425378,20.893
1764871082.450176,1792,256,1764871082.428745,21.431
1764871082.452919,1793,256,1764871082.432067,20.853
1764871082.456203,1794,256,1764871082.435373,20.830
1764871082.459647,1795,256,1764871082.438744,20.904
1764871082.462938,1796,256,1764871082.442072,20.866
1764871082.466341,1797,256,1764871082.445381,20.959
1764871082.469857,1798,256,1764871082.448705,21.152
1764871082.472866,1799,256,1764871082.451997,20.870
1764871082.476170,1800,256,1764871082.455319,20.851
1764871082.479529,1801,256,1764871082.458653,20.876
1764871082.482905,1802,256,1764871082.461993,20.912
1764871082.486248,1803,256,1764871082.465346,20.901
1764871082.489584,1804,256,1764871082.468718,20.866
1764871082.492899,1805,256,1764871082.471999,20.900
1764871082.496274,1806,256,1764871082.475355,20.919
1764871082.499549,1807,256,1764871082.478680,20.869
1764871082.502932,1808,256,1764871082.482005,20.926
1764871082.506299,1809,256,1764871082.485323,20.975
1764871082.509718,1810,256,1764871082.488768,20.950
1764871082.512957,1811,256,1764871082.492054,20.902
1764871082.516336,1812,256,1764871082.495405,20.931
1764871082.519636,1813,256,1764871082.498765,20.871
1764871082.522920,1814,256,1764871082.502007,20.913
1764871082.526329,1815,256,1764871082.505374,20.955
1764871082.529683,1816,256,1764871082.508786,20.896
1764871082.533227,1817,256,1764871082.512113,21.115
1764871082.536365,1818,256,1764871082.515354,21.011
1764871082.539725,1819,256,1764871082.518774,20.951
1764871082.543059,1820,256,1764871082.522107,20.952
1764871082.546439,1821,256,1764871082.525455,20.984
1764871082.549739,1822,256,1764871082.528779,20.959
1764871082.553123,1823,256,1764871082.532107,21.016
1764871082.556450,1824,256,1764871082.535457,20.993
1764871082.559733,1825,256,1764871082.538778,20.955
1764871082.563118,1826,256,1764871082.542109,21.009
1764871082.566474,1827,256,1764871082.545451,21.024
1764871082.569731,1828,256,1764871082.548780,20.951
1764871082.572932,1829,256,1764871082.552011,20.921
1764871082.576303,1830,256,1764871082.555368,20.935
1764871082.579700,1831,256,1764871082.558776,20.924
1764871082.582932,1832,256,1764871082.562020,20.912
1764871082.586368,1833,256,1764871082.565467,20.901
1764871082.589688,1834,256,1764871082.568768,20.920
1764871082.593014,1835,256,1764871082.572001,21.013
1764871082.596375,1836,256,1764871082.575422,20.952
1764871082.599635,1837,256,1764871082.578684,20.952
1764871082.603002,1838,256,1764871082.581985,21.017
1764871082.606325,1839,256,1764871082.585354,20.971
1764871082.609855,1840,256,1764871082.588767,21.088
1764871082.613032,1841,256,1764871082.591996,21.036
1764871082.616416,1842,256,1764871082.595375,21.041
1764871082.619950,1843,256,1764871082.598848,21.102
1764871082.623000,1844,256,1764871082.602022,20.978
1764871082.626300,1845,256,1764871082.605368,20.932
1764871082.629794,1846,256,1764871082.608810,20.984
1764871082.632997,1847,256,1764871082.612013,20.984
1764871082.636380,1848,256,1764871082.615434,20.946
1764871082.639721,1849,256,1764871082.618757,20.964
1764871082.642920,1850,256,1764871082.622013,20.907
1764871082.646298,1851,256,1764871082.625392,20.906
1764871082.649603,1852,256,1764871082.628750,20.853
1764871082.652895,1853,256,1764871082.632050,20.845
1764871082.656327,1854,256,1764871082.635404,20.923
1764871082.659647,1855,256,1764871082.638752,20.895
1764871082.663015,1856,256,1764871082.642057,20.958
1764871082.666411,1857,256,1764871082.645411,21.000
1764871082.669531,1858,256,1764871082.648686,20.845
1764871082.672965,1859,256,1764871082.651994,20.970
1764871082.676317,1860,256,1764871082.655413,20.905
1764871082.679599,1861,256,1764871082.658763,20.836
1764871082.683043,1862,256,1764871082.662090,20.953
1764871082.686293,1863,256,1764871082.665359,20.934
1764871082.689654,1864,256,1764871082.668757,20.898
1764871082.692923,1865,256,1764871082.672005,20.919
1764871082.696318,1866,256,1764871082.675448,20.869
1764871082.699716,1867,256,1764871082.678757,20.959
1764871082.703037,1868,256,1764871082.682050,20.987
1764871082.706324,1869,256,1764871082.685395,20.929
1764871082.709684,1870,256,1764871082.688756,20.928
1764871082.712968,1871,256,1764871082.692003,20.965
1764871082.716248,1872,256,1764871082.695346,20.902
1764871082.719779,1873,256,1764871082.698694,21.085
1764871082.723129,1874,256,1764871082.702210,20.919
1764871082.726369,1875,256,1764871082.705346,21.022
1764871082.729622,1876,256,1764871082.708688,20.934
1764871082.732941,1877,256,1764871082.712017,20.924
1764871082.736410,1878,256,1764871082.715478,20.931
1764871082.739759,1879,256,1764871082.718809,20.951
1764871082.743044,1880,256,1764871082.722044,21.000
1764871082.746362,1881,256,1764871082.725355,21.007
1764871082.749575,1882,256,1764871082.728667,20.907
1764871082.752947,1883,256,1764871082.732007,20.940
1764871082.756287,1884,256,1764871082.735362,20.925
1764871082.759710,1885,256,1764871082.738752,20.958
1764871082.762981,1886,256,1764871082.742086,20.895
1764871082.766535,1887,256,1764871082.745568,20.967
1764871082.769624,1888,256,1764871082.748759,20.864
1764871082.772931,1889,256,1764871082.752021,20.910
1764871082.776343,1890,256,1764871082.755455,20.888
1764871082.779636,1891,256,1764871082.758754,20.882
1764871082.782935,1892,256,1764871082.762055,20.880
1764871082.786234,1893,256,1764871082.765341,20.893
1764871082.789561,1894,256,1764871082.768698,20.862
1764871082.792930,1895,256,1764871082.772036,20.894
1764871082.796148,1896,256,1764871082.775322,20.826
1764871082.799533,1897,256,1764871082.778668,20.865
1764871082.802859,1898,256,1764871082.781987,20.871
1764871082.806212,1899,256,1764871082.785322,20.891
1764871082.809561,1900,256,1764871082.788683,20.878
1764871082.812848,1901,256,1764871082.791985,20.863
1764871082.816448,1902,256,1764871082.795466,20.982
1764871082.819807,1903,256,1764871082.798689,21.118
1764871082.822981,1904,256,1764871082.802015,20.966
1764871082.826428,1905,256,1764871082.805387,21.041
1764871082.829802,1906,256,1764871082.808755,21.047
1764871082.833000,1907,256,1764871082.812013,20.987
1764871082.836474,1908,256,1764871082.815465,21.009
1764871082.839705,1909,256,1764871082.818705,21.001
1764871082.843003,1910,256,1764871082.822005,20.997
1764871082.846307,1911,256,1764871082.825356,20.951
1764871082.849813,1912,256,1764871082.828749,21.065
1764871082.853050,1913,256,1764871082.832053,20.997
1764871082.856403,1914,256,1764871082.835429,20.974
1764871082.859670,1915,256,1764871082.838682,20.988
1764871082.863008,1916,256,1764871082.842014,20.995
1764871082.866495,1917,256,1764871082.845487,21.008
1764871082.869808,1918,256,1764871082.848759,21.050
1764871082.873003,1919,256,1764871082.852074,20.930
1764871082.876420,1920,256,1764871082.855453,20.967
1764871082.879844,1921,256,1764871082.858751,21.093
1764871082.883062,1922,256,1764871082.862069,20.993
1764871082.886452,1923,256,1764871082.865461,20.992
1764871082.889808,1924,256,1764871082.868733,21.075
1764871082.893058,1925,256,1764871082.872059,20.998
1764871082.896443,1926,256,1764871082.875464,20.980
1764871082.899718,1927,256,1764871082.878732,20.986
1764871082.903071,1928,256,1764871082.882068,21.003
1764871082.906549,1929,256,1764871082.885520,21.029
1764871082.909695,1930,256,1764871082.888683,21.013
1764871082.913013,1931,256,1764871082.892015,20.998
1764871082.916369,1932,256,1764871082.895370,20.999
1764871082.919674,1933,256,1764871082.898674,21.000
1764871082.923062,1934,256,1764871082.902060,21.002
1764871082.926510,1935,256,1764871082.905482,21.028
1764871082.929861,1936,256,1764871082.908763,21.097
1764871082.933045,1937,256,1764871082.912062,20.983
1764871082.936474,1938,256,1764871082.915466,21.008
1764871082.939751,1939,256,1764871082.918757,20.994
1764871082.943078,1940,256,1764871082.922062,21.016
1764871082.946370,1941,256,1764871082.925370,21.001
1764871082.949605,1942,256,1764871082.928685,20.920
1764871082.952994,1943,256,1764871082.932063,20.931
1764871082.956419,1944,256,1764871082.935509,20.909
1764871082.959904,1945,256,1764871082.938931,20.973
1764871082.962989,1946,256,1764871082.942047,20.942
1764871082.966499,1947,256,1764871082.945582,20.916
1764871082.969718,1948,256,1764871082.948720,20.997
1764871082.973238,1949,256,1764871082.952219,21.019
1764871082.976361,1950,256,1764871082.955360,21.001
1764871082.979778,1951,256,1764871082.958784,20.994
1764871082.983072,1952,256,1764871082.962097,20.975
1764871082.986277,1953,256,1764871082.965368,20.909
1764871082.989757,1954,256,1764871082.968774,20.983
1764871082.992971,1955,256,1764871082.972017,20.954
1764871082.996270,1956,256,1764871082.975341,20.929
1764871082.999676,1957,256,1764871082.978755,20.922
1764871083.003085,1958,256,1764871082.982091,20.994
1764871083.006225,1959,256,1764871082.985318,20.907
1764871083.009540,1960,256,1764871082.988665,20.875
1764871083.012880,1961,256,1764871082.991984,20.896
1764871083.016312,1962,256,1764871082.995401,20.911
1764871083.019550,1963,256,1764871082.998697,20.853
1764871083.022970,1964,256,1764871083.002046,20.925
1764871083.026255,1965,256,1764871083.005347,20.907
1764871083.029641,1966,256,1764871083.008689,20.952
1764871083.032963,1967,256,1764871083.011997,20.966
1764871083.036288,1968,256,1764871083.015341,20.947
1764871083.039551,1969,256,1764871083.018678,20.873
1764871083.042927,1970,256,1764871083.021997,20.930
1764871083.046251,1971,256,1764871083.025342,20.908
1764871083.049581,1972,256,1764871083.028698,20.883
1764871083.052925,1973,256,1764871083.032002,20.924
1764871083.056244,1974,256,1764871083.035341,20.903
1764871083.059541,1975,256,1764871083.038681,20.859
1764871083.062872,1976,256,1764871083.041981,20.891
1764871083.066299,1977,256,1764871083.045340,20.959
1764871083.069566,1978,256,1764871083.048678,20.888
1764871083.072910,1979,256,1764871083.052010,20.900
1764871083.076231,1980,256,1764871083.055359,20.872
1764871083.079521,1981,256,1764871083.058686,20.835
1764871083.082971,1982,256,1764871083.062056,20.916
1764871083.086374,1983,256,1764871083.065387,20.987
1764871083.089677,1984,256,1764871083.068686,20.990
1764871083.092942,1985,256,1764871083.071999,20.942
1764871083.096240,1986,256,1764871083.075352,20.887
1764871083.099565,1987,256,1764871083.078680,20.885
1764871083.103025,1988,256,1764871083.082019,21.006
1764871083.106508,1989,256,1764871083.085541,20.968
1764871083.109852,1990,256,1764871083.088896,20.956
1764871083.113018,1991,256,1764871083.092040,20.978
1764871083.116316,1992,256,1764871083.095363,20.953
1764871083.119589,1993,256,1764871083.098679,20.910
1764871083.123062,1994,256,1764871083.102093,20.969
1764871083.126334,1995,256,1764871083.105385,20.949
1764871083.129814,1996,256,1764871083.108775,21.038
1764871083.132991,1997,256,1764871083.112096,20.895
1764871083.136404,1998,256,1764871083.115451,20.953
1764871083.139851,1999,256,1764871083.118764,21.087
1764871083.142998,2000,256,1764871083.122118,20.880
1764871083.146436,2001,256,1764871083.125472,20.963
1764871083.149863,2002,256,1764871083.128774,21.089
1764871083.153029,2003,256,1764871083.132100,20.929
1764871083.156449,2004,256,1764871083.135496,20.952
1764871083.159986,2005,256,1764871083.138779,21.207
1764871083.163020,2006,256,1764871083.142112,20.908
1764871083.166440,2007,256,1764871083.145450,20.990
1764871083.169954,2008,256,1764871083.148882,21.072
1764871083.173027,2009,256,1764871083.152133,20.894
1764871083.176339,2010,256,1764871083.155364,20.975
1764871083.179712,2011,256,1764871083.158772,20.940
1764871083.183045,2012,256,1764871083.162111,20.934
1764871083.186365,2013,256,1764871083.165455,20.910
1764871083.189656,2014,256,1764871083.168775,20.881
1764871083.192960,2015,256,1764871083.172110,20.850
1764871083.196312,2016,256,1764871083.175458,20.854
1764871083.199734,2017,256,1764871083.178777,20.957
1764871083.202878,2018,256,1764871083.181998,20.880
1764871083.206156,2019,256,1764871083.185323,20.833
1764871083.209759,2020,256,1764871083.188785,20.974
1764871083.213011,2021,256,1764871083.191987,21.024
1764871083.216262,2022,256,1764871083.195322,20.940
1764871083.219755,2023,256,1764871083.198678,21.078
1764871083.222987,2024,256,1764871083.202009,20.978
1764871083.226290,2025,256,1764871083.205374,20.915
1764871083.229770,2026,256,1764871083.208757,21.014
1764871083.233011,2027,256,1764871083.212055,20.955
1764871083.236441,2028,256,1764871083.215415,21.026
1764871083.240044,2029,256,1764871083.218728,21.317
1764871083.243070,2030,256,1764871083.222078,20.992
1764871083.246508,2031,256,1764871083.225347,21.161
1764871083.249807,2032,256,1764871083.228691,21.116
1764871083.253065,2033,256,1764871083.232049,21.016
1764871083.256534,2034,256,1764871083.235496,21.039
1764871083.259875,2035,256,1764871083.238878,20.997
1764871083.262887,2036,256,1764871083.242020,20.867
1764871083.266557,2037,256,1764871083.245566,20.991
1764871083.269791,2038,256,1764871083.248846,20.945
1764871083.273017,2039,256,1764871083.252124,20.893
1764871083.276443,2040,256,1764871083.255510,20.933
1764871083.279714,2041,256,1764871083.258759,20.955
1764871083.282969,2042,256,1764871083.262064,20.906
1764871083.286267,2043,256,1764871083.265378,20.889
1764871083.289639,2044,256,1764871083.268752,20.888
1764871083.292957,2045,256,1764871083.272032,20.925
1764871083.296351,2046,256,1764871083.275372,20.980
1764871083.299592,2047,256,1764871083.278691,20.900
1764871083.302922,2048,256,1764871083.282012,20.909
1764871083.306288,2049,256,1764871083.285377,20.911
1764871083.309679,2050,256,1764871083.288745,20.934
1764871083.312889,2051,256,1764871083.292010,20.878
1764871083.316383,2052,256,1764871083.295470,20.914
1764871083.319684,2053,256,1764871083.298758,20.926
1764871083.322971,2054,256,1764871083.302073,20.898
1764871083.326292,2055,256,1764871083.305369,20.923
1764871083.329617,2056,256,1764871083.308723,20.894
1764871083.332933,2057,256,1764871083.312061,20.872
1764871083.336353,2058,256,1764871083.315426,20.927
1764871083.340007,2059,256,1764871083.318843,21.164
1764871083.342951,2060,256,1764871083.322018,20.932
1764871083.346392,2061,256,1764871083.325413,20.980
1764871083.349750,2062,256,1764871083.328759,20.991
1764871083.352935,2063,256,1764871083.332022,20.912
1764871083.356344,2064,256,1764871083.335393,20.951
1764871083.359746,2065,256,1764871083.338743,21.003
1764871083.362900,2066,256,1764871083.342007,20.892
1764871083.366315,2067,256,1764871083.345392,20.922
1764871083.369761,2068,256,1764871083.348758,21.003
1764871083.372971,2069,256,1764871083.352022,20.949
1764871083.376369,2070,256,1764871083.355461,20.908
1764871083.379657,2071,256,1764871083.358751,20.906
1764871083.382975,2072,256,1764871083.362061,20.914
1764871083.386356,2073,256,1764871083.365433,20.922
1764871083.389637,2074,256,1764871083.368678,20.959
1764871083.392980,2075,256,1764871083.372046,20.934
1764871083.396320,2076,256,1764871083.375418,20.902
1764871083.399727,2077,256,1764871083.378833,20.894
1764871083.402968,2078,256,1764871083.382065,20.903
1764871083.406309,2079,256,1764871083.385403,20.906
1764871083.409643,2080,256,1764871083.388754,20.889
1764871083.412882,2081,256,1764871083.392001,20.881
1764871083.416252,2082,256,1764871083.395329,20.923
1764871083.419653,2083,256,1764871083.398750,20.904
1764871083.422899,2084,256,1764871083.401999,20.900
1764871083.426346,2085,256,1764871083.405413,20.933
1764871083.429672,2086,256,1764871083.408759,20.913
1764871083.432913,2087,256,1764871083.411999,20.914
1764871083.436317,2088,256,1764871083.415362,20.955
1764871083.439773,2089,256,1764871083.418749,21.024
1764871083.443004,2090,256,1764871083.422088,20.916
1764871083.446337,2091,256,1764871083.425341,20.996
1764871083.449943,2092,256,1764871083.428835,21.108
1764871083.452932,2093,256,1764871083.432004,20.928
1764871083.456253,2094,256,1764871083.435349,20.904
1764871083.459766,2095,256,1764871083.438735,21.031
1764871083.462981,2096,256,1764871083.442009,20.972
1764871083.466427,2097,256,1764871083.445395,21.032
1764871083.470190,2098,256,1764871083.449132,21.057
1764871083.472965,2099,256,1764871083.452014,20.951
1764871083.476339,2100,256,1764871083.455351,20.988
1764871083.479633,2101,256,1764871083.458699,20.934
1764871083.482959,2102,256,1764871083.462047,20.912
1764871083.486291,2103,256,1764871083.465363,20.929
1764871083.489890,2104,256,1764871083.468845,21.045
1764871083.492962,2105,256,1764871083.472018,20.945
1764871083.496307,2106,256,1764871083.475374,20.934
1764871083.499581,2107,256,1764871083.478701,20.880
1764871083.502924,2108,256,1764871083.482050,20.873
1764871083.506304,2109,256,1764871083.485419,20.885
1764871083.509656,2110,256,1764871083.488756,20.900
1764871083.512948,2111,256,1764871083.492065,20.883
1764871083.516402,2112,256,1764871083.495498,20.904
1764871083.519725,2113,256,1764871083.498760,20.965
1764871083.522933,2114,256,1764871083.502063,20.869
1764871083.526239,2115,256,1764871083.505358,20.881
1764871083.529565,2116,256,1764871083.508686,20.879
1764871083.532915,2117,256,1764871083.512035,20.880
1764871083.536216,2118,256,1764871083.515360,20.857
1764871083.539672,2119,256,1764871083.518753,20.919
1764871083.542874,2120,256,1764871083.522001,20.873
1764871083.546225,2121,256,1764871083.525351,20.874
1764871083.549535,2122,256,1764871083.528676,20.859
1764871083.552979,2123,256,1764871083.532073,20.906
1764871083.556333,2124,256,1764871083.535424,20.909
1764871083.559647,2125,256,1764871083.538760,20.886
1764871083.562929,2126,256,1764871083.542018,20.911
1764871083.566341,2127,256,1764871083.545455,20.885
1764871083.569664,2128,256,1764871083.548760,20.904
1764871083.573074,2129,256,1764871083.552085,20.990
1764871083.576389,2130,256,1764871083.555355,21.034
1764871083.579764,2131,256,1764871083.558757,21.007
1764871083.582960,2132,256,1764871083.562017,20.943
1764871083.586384,2133,256,1764871083.565426,20.958
1764871083.589976,2134,256,1764871083.568846,21.130
1764871083.593008,2135,256,1764871083.572013,20.995
1764871083.596305,2136,256,1764871083.575371,20.934
1764871083.599650,2137,256,1764871083.578705,20.945
1764871083.602905,2138,256,1764871083.582022,20.883
1764871083.606266,2139,256,1764871083.585371,20.895
1764871083.609684,2140,256,1764871083.588779,20.905
1764871083.612964,2141,256,1764871083.592011,20.953
1764871083.616227,2142,256,1764871083.595322,20.905
1764871083.619685,2143,256,1764871083.598713,20.972
1764871083.622974,2144,256,1764871083.601984,20.990
1764871083.626253,2145,256,1764871083.605343,20.911
1764871083.629530,2146,256,1764871083.608677,20.853
1764871083.632951,2147,256,1764871083.611989,20.962
1764871083.636393,2148,256,1764871083.615359,21.034
1764871083.639776,2149,256,1764871083.618770,21.006
1764871083.643020,2150,256,1764871083.622022,20.998
1764871083.646324,2151,256,1764871083.625370,20.954
1764871083.649913,2152,256,1764871083.628771,21.142
1764871083.652981,2153,256,1764871083.632017,20.963
1764871083.656325,2154,256,1764871083.635377,20.948
1764871083.659954,2155,256,1764871083.638776,21.178
1764871083.663107,2156,256,1764871083.642000,21.106
1764871083.666385,2157,256,1764871083.645368,21.018
1764871083.669780,2158,256,1764871083.648689,21.091
1764871083.672977,2159,256,1764871083.652091,20.886
1764871083.676345,2160,256,1764871083.655356,20.989
1764871083.679883,2161,256,1764871083.658687,21.196
1764871083.682975,2162,256,1764871083.662002,20.973
1764871083.686376,2163,256,1764871083.665387,20.989
1764871083.689777,2164,256,1764871083.668684,21.093
1764871083.692996,2165,256,1764871083.671994,21.002
1764871083.696306,2166,256,1764871083.675364,20.943
1764871083.699934,2167,256,1764871083.678686,21.249
1764871083.702955,2168,256,1764871083.682003,20.952
1764871083.706357,2169,256,1764871083.685362,20.995
1764871083.709696,2170,256,1764871083.688677,21.019
1764871083.712982,2171,256,1764871083.692003,20.980
1764871083.716368,2172,256,1764871083.695368,21.000
1764871083.719731,2173,256,1764871083.698688,21.043
1764871083.722994,2174,256,1764871083.702023,20.971
1764871083.726402,2175,256,1764871083.705365,21.036
1764871083.729672,2176,256,1764871083.708668,21.004
1764871083.732911,2177,256,1764871083.712021,20.890
1764871083.736537,2178,256,1764871083.715373,21.164
1764871083.739844,2179,256,1764871083.718808,21.035
1764871083.743043,2180,256,1764871083.722118,20.925
1764871083.746602,2181,256,1764871083.725482,21.120
1764871083.749937,2182,256,1764871083.728766,21.170
1764871083.752906,2183,256,1764871083.731991,20.916
1764871083.756412,2184,256,1764871083.735348,21.064
1764871083.759784,2185,256,1764871083.738686,21.099
1764871083.762989,2186,256,1764871083.742009,20.980
1764871083.766348,2187,256,1764871083.745355,20.993
1764871083.769644,2188,256,1764871083.748691,20.953
1764871083.773007,2189,256,1764871083.752005,21.002
1764871083.776330,2190,256,1764871083.755370,20.960
1764871083.779869,2191,256,1764871083.758845,21.024
1764871083.782967,2192,256,1764871083.762007,20.960
1764871083.786215,2193,256,1764871083.765339,20.876
1764871083.789707,2194,256,1764871083.768765,20.941
1764871083.793033,2195,256,1764871083.772105,20.927
1764871083.796385,2196,256,1764871083.775434,20.950
1764871083.799855,2197,256,1764871083.778815,21.040
1764871083.803029,2198,256,1764871083.782119,20.911
1764871083.806304,2199,256,1764871083.785424,20.880
1764871083.809766,2200,256,1764871083.788771,20.995
1764871083.812931,2201,256,1764871083.792022,20.909
1764871083.816351,2202,256,1764871083.795444,20.907
1764871083.819634,2203,256,1764871083.798765,20.869
1764871083.822947,2204,256,1764871083.801987,20.960
1764871083.826271,2205,256,1764871083.805349,20.923
1764871083.829726,2206,256,1764871083.808754,20.972
1764871083.833012,2207,256,1764871083.811983,21.030
1764871083.836367,2208,256,1764871083.815340,21.028
1764871083.839838,2209,256,1764871083.818775,21.063
1764871083.843007,2210,256,1764871083.822001,21.006
1764871083.846399,2211,256,1764871083.825369,21.031
1764871083.849911,2212,256,1764871083.828878,21.033
1764871083.853057,2213,256,1764871083.832029,21.028
1764871083.856424,2214,256,1764871083.835367,21.057
1764871083.859955,2215,256,1764871083.838766,21.188
1764871083.862970,2216,256,1764871083.842019,20.952
1764871083.866442,2217,256,1764871083.845446,20.996
1764871083.869757,2218,256,1764871083.848810,20.947
1764871083.873040,2219,256,1764871083.852163,20.877
1764871083.876316,2220,256,1764871083.855366,20.950
1764871083.879635,2221,256,1764871083.858729,20.906
1764871083.882949,2222,256,1764871083.862022,20.927
1764871083.886415,2223,256,1764871083.865515,20.900
1764871083.889848,2224,256,1764871083.868847,21.002
1764871083.893021,2225,256,1764871083.872009,21.011
1764871083.896377,2226,256,1764871083.875379,20.998
1764871083.899756,2227,256,1764871083.878758,20.998
1764871083.902999,2228,256,1764871083.881999,21.000
1764871083.906362,2229,256,1764871083.885365,20.997
1764871083.909734,2230,256,1764871083.888755,20.979
1764871083.912951,2231,256,1764871083.892008,20.943
1764871083.916235,2232,256,1764871083.895361,20.874
1764871083.919606,2233,256,1764871083.898677,20.929
1764871083.922925,2234,256,1764871083.902009,20.916
1764871083.926243,2235,256,1764871083.905367,20.876
1764871083.929676,2236,256,1764871083.908723,20.952
1764871083.932885,2237,256,1764871083.912004,20.880
1764871083.936312,2238,256,1764871083.915426,20.886
1764871083.939861,2239,256,1764871083.918840,21.020
1764871083.942991,2240,256,1764871083.922085,20.906
1764871083.946277,2241,256,1764871083.925372,20.904
1764871083.949922,2242,256,1764871083.928754,21.168
1764871083.953290,2243,256,1764871083.932073,21.217
1764871083.956400,2244,256,1764871083.935486,20.914
1764871083.959722,2245,256,1764871083.938774,20.947
1764871083.962902,2246,256,1764871083.942021,20.881
1764871083.966301,2247,256,1764871083.945374,20.927
1764871083.969675,2248,256,1764871083.948725,20.950
1764871083.973091,2249,256,1764871083.952023,21.068
1764871083.976255,2250,256,1764871083.955350,20.905
1764871083.979593,2251,256,1764871083.958702,20.891
1764871083.982994,2252,256,1764871083.962059,20.935
1764871083.986442,2253,256,1764871083.965432,21.010
1764871083.989672,2254,256,1764871083.968695,20.976
1764871083.992922,2255,256,1764871083.972008,20.914
1764871083.996304,2256,256,1764871083.975384,20.921
1764871083.999654,2257,256,1764871083.978751,20.902
1764871084.002931,2258,256,1764871083.982049,20.883
1764871084.006439,2259,256,1764871083.985492,20.948
1764871084.009565,2260,256,1764871083.988696,20.869
1764871084.012942,2261,256,1764871083.992105,20.837
1764871084.016337,2262,256,1764871083.995461,20.876
1764871084.019641,2263,256,1764871083.998763,20.878
1764871084.022907,2264,256,1764871084.002017,20.891
1764871084.026262,2265,256,1764871084.005373,20.889
1764871084.029510,2266,256,1764871084.008665,20.845
1764871084.032882,2267,256,1764871084.011988,20.894
1764871084.036246,2268,256,1764871084.015346,20.900
1764871084.039506,2269,256,1764871084.018656,20.850
1764871084.042895,2270,256,1764871084.021993,20.902
1764871084.046322,2271,256,1764871084.025367,20.955
1764871084.049677,2272,256,1764871084.028759,20.918
1764871084.052907,2273,256,1764871084.032011,20.896
1764871084.056395,2274,256,1764871084.035387,21.008
1764871084.059671,2275,256,1764871084.038700,20.971
1764871084.063001,2276,256,1764871084.042074,20.927
1764871084.066503,2277,256,1764871084.045506,20.997
1764871084.069993,2278,256,1764871084.048921,21.072
1764871084.072941,2279,256,1764871084.052013,20.927
1764871084.076487,2280,256,1764871084.055491,20.995
1764871084.079891,2281,256,1764871084.058863,21.027
1764871084.083027,2282,256,1764871084.062091,20.936
1764871084.086681,2283,256,1764871084.065600,21.082
1764871084.089787,2284,256,1764871084.068760,21.027
1764871084.093090,2285,256,1764871084.072083,21.007
1764871084.096605,2286,256,1764871084.075526,21.080
1764871084.100099,2287,256,1764871084.078924,21.175
1764871084.102962,2288,256,1764871084.082001,20.961
1764871084.106313,2289,256,1764871084.085377,20.935
1764871084.109761,2290,256,1764871084.088770,20.991
1764871084.112972,2291,256,1764871084.092012,20.960
1764871084.116374,2292,256,1764871084.095371,21.003
1764871084.119795,2293,256,1764871084.098885,20.909
1764871084.122886,2294,256,1764871084.102001,20.884
1764871084.126324,2295,256,1764871084.105369,20.956
1764871084.129628,2296,256,1764871084.108691,20.937
1764871084.132993,2297,256,1764871084.112013,20.980
1764871084.136379,2298,256,1764871084.115440,20.939
1764871084.139632,2299,256,1764871084.118772,20.860
1764871084.142882,2300,256,1764871084.121982,20.900
1764871084.146381,2301,256,1764871084.125456,20.925
1764871084.149788,2302,256,1764871084.128828,20.960
1764871084.153013,2303,256,1764871084.132053,20.960
1764871084.156344,2304,256,1764871084.135359,20.985
1764871084.159634,2305,256,1764871084.138697,20.937
1764871084.162928,2306,256,1764871084.142008,20.920
1764871084.166324,2307,256,1764871084.145361,20.964
1764871084.170064,2308,256,1764871084.148867,21.198
1764871084.173086,2309,256,1764871084.152086,21.001
1764871084.176558,2310,256,1764871084.155511,21.046
1764871084.179716,2311,256,1764871084.158685,21.031
1764871084.182996,2312,256,1764871084.162021,20.976
1764871084.186309,2313,256,1764871084.165343,20.967
1764871084.189610,2314,256,1764871084.168683,20.926
1764871084.192935,2315,256,1764871084.171991,20.945
1764871084.196267,2316,256,1764871084.175344,20.923
1764871084.199703,2317,256,1764871084.178685,21.018
1764871084.202963,2318,256,1764871084.182005,20.958
1764871084.206249,2319,256,1764871084.185345,20.904
1764871084.209635,2320,256,1764871084.188705,20.931
1764871084.212956,2321,256,1764871084.191998,20.958
1764871084.216179,2322,256,1764871084.195343,20.836
1764871084.219738,2323,256,1764871084.198756,20.982
1764871084.222994,2324,256,1764871084.201992,21.002
1764871084.226211,2325,256,1764871084.205362,20.849
1764871084.229558,2326,256,1764871084.208692,20.866
1764871084.232923,2327,256,1764871084.212020,20.903
1764871084.236261,2328,256,1764871084.215424,20.837
1764871084.239556,2329,256,1764871084.218693,20.863
1764871084.242837,2330,256,1764871084.221996,20.841
1764871084.246213,2331,256,1764871084.225325,20.889
1764871084.249525,2332,256,1764871084.228679,20.846
1764871084.252930,2333,256,1764871084.231999,20.931
1764871084.256330,2334,256,1764871084.235450,20.880
1764871084.259714,2335,256,1764871084.238772,20.942
1764871084.263089,2336,256,1764871084.242116,20.973
1764871084.266430,2337,256,1764871084.245460,20.970
1764871084.269790,2338,256,1764871084.248774,21.016
1764871084.273065,2339,256,1764871084.252123,20.942
1764871084.276416,2340,256,1764871084.255449,20.967
1764871084.279694,2341,256,1764871084.258740,20.954
1764871084.283038,2342,256,1764871084.262027,21.011
1764871084.286381,2343,256,1764871084.265424,20.957
1764871084.289840,2344,256,1764871084.268858,20.982
1764871084.292972,2345,256,1764871084.272023,20.948
1764871084.296421,2346,256,1764871084.275451,20.970
1764871084.299731,2347,256,1764871084.278776,20.955
1764871084.302975,2348,256,1764871084.282033,20.942
1764871084.306424,2349,256,1764871084.285486,20.938
1764871084.309729,2350,256,1764871084.288773,20.956
1764871084.313061,2351,256,1764871084.292103,20.959
1764871084.316371,2352,256,1764871084.295456,20.915
1764871084.319696,2353,256,1764871084.298777,20.918
1764871084.323020,2354,256,1764871084.302025,20.994
1764871084.326396,2355,256,1764871084.305453,20.943
1764871084.329597,2356,256,1764871084.308690,20.907
1764871084.332964,2357,256,1764871084.312078,20.886
1764871084.336313,2358,256,1764871084.315374,20.938
1764871084.339714,2359,256,1764871084.318774,20.941
1764871084.342973,2360,256,1764871084.322028,20.945
1764871084.346378,2361,256,1764871084.325452,20.926
1764871084.349655,2362,256,1764871084.328694,20.962
1764871084.353016,2363,256,1764871084.332068,20.947
1764871084.356468,2364,256,1764871084.335457,21.011
1764871084.359711,2365,256,1764871084.338770,20.941
1764871084.363050,2366,256,1764871084.342082,20.968
1764871084.366370,2367,256,1764871084.345459,20.911
1764871084.369685,2368,256,1764871084.348770,20.915
1764871084.373027,2369,256,1764871084.352092,20.935
1764871084.376413,2370,256,1764871084.355477,20.936
1764871084.379632,2371,256,1764871084.358699,20.933
1764871084.383078,2372,256,1764871084.362089,20.989
1764871084.386350,2373,256,1764871084.365452,20.898
1764871084.389747,2374,256,1764871084.368777,20.970
1764871084.392955,2375,256,1764871084.372037,20.918
1764871084.396319,2376,256,1764871084.375449,20.870
1764871084.399642,2377,256,1764871084.378766,20.875
1764871084.403057,2378,256,1764871084.382112,20.945
1764871084.406389,2379,256,1764871084.385453,20.937
1764871084.409766,2380,256,1764871084.388805,20.961
1764871084.413031,2381,256,1764871084.392028,21.003
1764871084.416287,2382,256,1764871084.395375,20.912
1764871084.419660,2383,256,1764871084.398765,20.895
1764871084.422949,2384,256,1764871084.402091,20.859
1764871084.426342,2385,256,1764871084.405450,20.892
1764871084.429683,2386,256,1764871084.408773,20.911
1764871084.432983,2387,256,1764871084.412123,20.859
1764871084.436345,2388,256,1764871084.415443,20.901
1764871084.439593,2389,256,1764871084.418759,20.835
1764871084.442946,2390,256,1764871084.421998,20.948
1764871084.446297,2391,256,1764871084.425426,20.871
1764871084.449864,2392,256,1764871084.428753,21.111
1764871084.452991,2393,256,1764871084.432093,20.898
1764871084.456254,2394,256,1764871084.435341,20.912
1764871084.459625,2395,256,1764871084.438761,20.864
1764871084.463066,2396,256,1764871084.442110,20.956
1764871084.466411,2397,256,1764871084.445371,21.040
1764871084.469759,2398,256,1764871084.448685,21.074
1764871084.473157,2399,256,1764871084.452021,21.136
1764871084.476500,2400,256,1764871084.455354,21.146
1764871084.479667,2401,256,1764871084.458675,20.992
1764871084.482956,2402,256,1764871084.461991,20.965
1764871084.486496,2403,256,1764871084.465370,21.126
1764871084.490019,2404,256,1764871084.468874,21.145
1764871084.493208,2405,256,1764871084.472092,21.116
1764871084.496568,2406,256,1764871084.475363,21.205
1764871084.499898,2407,256,1764871084.478768,21.131
1764871084.503068,2408,256,1764871084.482051,21.017
1764871084.506606,2409,256,1764871084.485434,21.173
1764871084.509725,2410,256,1764871084.488774,20.951
1764871084.513009,2411,256,1764871084.492120,20.889
1764871084.516802,2412,256,1764871084.495504,21.297
1764871084.519978,2413,256,1764871084.498846,21.131
1764871084.523199,2414,256,1764871084.502136,21.064
1764871084.526561,2415,256,1764871084.505444,21.118
1764871084.530008,2416,256,1764871084.508754,21.254
1764871084.533094,2417,256,1764871084.512000,21.094
1764871084.536530,2418,256,1764871084.515444,21.086
1764871084.539984,2419,256,1764871084.518812,21.172
1764871084.543015,2420,256,1764871084.522070,20.945
1764871084.546626,2421,256,1764871084.525460,21.166
1764871084.549868,2422,256,1764871084.528767,21.101
1764871084.552922,2423,256,1764871084.532009,20.913
1764871084.556379,2424,256,1764871084.535345,21.034
1764871084.560086,2425,256,1764871084.538798,21.287
1764871084.563068,2426,256,1764871084.542030,21.038
1764871084.566476,2427,256,1764871084.545478,20.998
1764871084.570033,2428,256,1764871084.548775,21.258
1764871084.573153,2429,256,1764871084.552120,21.033
1764871084.576538,2430,256,1764871084.555461,21.077
1764871084.580132,2431,256,1764871084.558813,21.319
1764871084.583031,2432,256,1764871084.562016,21.014
1764871084.586381,2433,256,1764871084.565451,20.930
1764871084.589968,2434,256,1764871084.568755,21.213
1764871084.593093,2435,256,1764871084.572064,21.029
1764871084.596433,2436,256,1764871084.575463,20.970
1764871084.599958,2437,256,1764871084.578799,21.159
1764871084.603076,2438,256,1764871084.582074,21.002
1764871084.606437,2439,256,1764871084.585463,20.975
1764871084.610068,2440,256,1764871084.588798,21.270
1764871084.613010,2441,256,1764871084.592007,21.003
1764871084.616467,2442,256,1764871084.595374,21.094
1764871084.620047,2443,256,1764871084.598770,21.277
1764871084.623021,2444,256,1764871084.602007,21.013
1764871084.626354,2445,256,1764871084.605438,20.916
1764871084.629869,2446,256,1764871084.608780,21.089
1764871084.633068,2447,256,1764871084.612096,20.972
1764871084.636464,2448,256,1764871084.615505,20.959
1764871084.639717,2449,256,1764871084.618764,20.953
1764871084.642948,2450,256,1764871084.622007,20.941
1764871084.646342,2451,256,1764871084.625358,20.983
1764871084.649704,2452,256,1764871084.628707,20.997
1764871084.653044,2453,256,1764871084.632046,20.998
1764871084.656228,2454,256,1764871084.635344,20.885
1764871084.659625,2455,256,1764871084.638689,20.936
1764871084.663096,2456,256,1764871084.642043,21.054
1764871084.666290,2457,256,1764871084.645349,20.940
1764871084.669816,2458,256,1764871084.648764,21.052
1764871084.673112,2459,256,1764871084.652025,21.087
1764871084.676598,2460,256,1764871084.655448,21.150
1764871084.679980,2461,256,1764871084.658778,21.202
1764871084.683250,2462,256,1764871084.662110,21.140
1764871084.686593,2463,256,1764871084.665452,21.141
1764871084.689774,2464,256,1764871084.668687,21.087
1764871084.693104,2465,256,1764871084.672103,21.001
1764871084.696423,2466,256,1764871084.675442,20.981
1764871084.699805,2467,256,1764871084.678776,21.029
1764871084.703156,2468,256,1764871084.682089,21.066
1764871084.706425,2469,256,1764871084.685454,20.971
1764871084.709873,2470,256,1764871084.688794,21.079
1764871084.712949,2471,256,1764871084.692011,20.938
1764871084.716517,2472,256,1764871084.695373,21.144
1764871084.719768,2473,256,1764871084.698687,21.080
1764871084.723222,2474,256,1764871084.702010,21.212
1764871084.726420,2475,256,1764871084.705379,21.041
1764871084.729940,2476,256,1764871084.708849,21.091
1764871084.733114,2477,256,1764871084.712054,21.060
1764871084.736575,2478,256,1764871084.715497,21.077
1764871084.739935,2479,256,1764871084.718874,21.062
1764871084.743118,2480,256,1764871084.722088,21.030
1764871084.746764,2481,256,1764871084.725573,21.191
1764871084.749701,2482,256,1764871084.728748,20.954
1764871084.752908,2483,256,1764871084.732036,20.871
1764871084.756343,2484,256,1764871084.735433,20.911
1764871084.759657,2485,256,1764871084.738713,20.945
1764871084.763071,2486,256,1764871084.742045,21.026
1764871084.766551,2487,256,1764871084.745434,21.117
1764871084.769842,2488,256,1764871084.748709,21.133
1764871084.773111,2489,256,1764871084.752043,21.067
1764871084.776584,2490,256,1764871084.755462,21.122
1764871084.779850,2491,256,1764871084.758709,21.141
1764871084.783204,2492,256,1764871084.762081,21.123
1764871084.786610,2493,256,1764871084.765442,21.168
1764871084.790080,2494,256,1764871084.768880,21.199
1764871084.793280,2495,256,1764871084.772092,21.189
1764871084.796571,2496,256,1764871084.775423,21.148
1764871084.800248,2497,256,1764871084.778924,21.324
1764871084.803260,2498,256,1764871084.782056,21.204
1764871084.806591,2499,256,1764871084.785435,21.155
1764871084.809877,2500,256,1764871084.788785,21.092
1764871084.813126,2501,256,1764871084.792053,21.073
1764871084.816536,2502,256,1764871084.795431,21.105
1764871084.819677,2503,256,1764871084.798753,20.924
1764871084.823135,2504,256,1764871084.802046,21.089
1764871084.826443,2505,256,1764871084.805432,21.011
1764871084.829803,2506,256,1764871084.808749,21.053
1764871084.833003,2507,256,1764871084.812056,20.947
1764871084.836387,2508,256,1764871084.815444,20.943
1764871084.839593,2509,256,1764871084.818763,20.830
1764871084.842932,2510,256,1764871084.822054,20.878
1764871084.846319,2511,256,1764871084.825374,20.945
1764871084.849711,2512,256,1764871084.828709,21.002
1764871084.853002,2513,256,1764871084.831992,21.010
1764871084.856233,2514,256,1764871084.835322,20.911
1764871084.859690,2515,256,1764871084.838658,21.031
1764871084.862935,2516,256,1764871084.841999,20.936
1764871084.866328,2517,256,1764871084.845321,21.008
1764871084.869722,2518,256,1764871084.848678,21.044
1764871084.873230,2519,256,1764871084.852002,21.228
1764871084.876474,2520,256,1764871084.855365,21.109
1764871084.879967,2521,256,1764871084.858857,21.110
1764871084.883149,2522,256,1764871084.862025,21.125
1764871084.886628,2523,256,1764871084.865501,21.127
1764871084.890026,2524,256,1764871084.868848,21.178
1764871084.893139,2525,256,1764871084.872024,21.116
1764871084.896550,2526,256,1764871084.875449,21.101
1764871084.899884,2527,256,1764871084.878773,21.111
1764871084.903091,2528,256,1764871084.882023,21.068
1764871084.906440,2529,256,1764871084.885374,21.066
1764871084.909984,2530,256,1764871084.888850,21.134
1764871084.912980,2531,256,1764871084.892026,20.953
1764871084.916539,2532,256,1764871084.895453,21.086
1764871084.919939,2533,256,1764871084.898772,21.168
1764871084.923033,2534,256,1764871084.901997,21.036
1764871084.926443,2535,256,1764871084.905353,21.090
1764871084.930044,2536,256,1764871084.908772,21.272
1764871084.933256,2537,256,1764871084.912010,21.246
1764871084.936414,2538,256,1764871084.915367,21.048
1764871084.940028,2539,256,1764871084.918812,21.216
1764871084.943132,2540,256,1764871084.922027,21.105
1764871084.946488,2541,256,1764871084.925349,21.139
1764871084.950037,2542,256,1764871084.928833,21.204
1764871084.953089,2543,256,1764871084.932029,21.061
1764871084.956398,2544,256,1764871084.935345,21.053
1764871084.959727,2545,256,1764871084.938796,20.931
1764871084.962990,2546,256,1764871084.942008,20.982
1764871084.966399,2547,256,1764871084.945368,21.031
1764871084.969649,2548,256,1764871084.948668,20.981
1764871084.972984,2549,256,1764871084.952032,20.952
1764871084.976465,2550,256,1764871084.955347,21.118
1764871084.979711,2551,256,1764871084.958754,20.957
1764871084.982937,2552,256,1764871084.961998,20.940
1764871084.986352,2553,256,1764871084.965344,21.008
1764871084.989753,2554,256,1764871084.968701,21.052
1764871084.993138,2555,256,1764871084.972016,21.122
1764871084.996449,2556,256,1764871084.975351,21.098
1764871084.999936,2557,256,1764871084.978748,21.188
1764871085.003080,2558,256,1764871084.981984,21.096
1764871085.006453,2559,256,1764871084.985360,21.092
1764871085.009976,2560,256,1764871084.988757,21.219
1764871085.012963,2561,256,1764871084.991992,20.971
1764871085.016413,2562,256,1764871084.995359,21.054
1764871085.019964,2563,256,1764871084.998766,21.198
1764871085.023106,2564,256,1764871085.001996,21.110
1764871085.026442,2565,256,1764871085.005351,21.091
1764871085.029900,2566,256,1764871085.008688,21.211
1764871085.032966,2567,256,1764871085.011992,20.974
1764871085.036382,2568,256,1764871085.015356,21.026
1764871085.039641,2569,256,1764871085.018685,20.956
1764871085.042889,2570,256,1764871085.021996,20.893
1764871085.046194,2571,256,1764871085.025357,20.836
1764871085.049535,2572,256,1764871085.028687,20.849
1764871085.052939,2573,256,1764871085.032003,20.936
1764871085.056219,2574,256,1764871085.035394,20.825
1764871085.059555,2575,256,1764871085.038701,20.854
1764871085.062911,2576,256,1764871085.041996,20.916
1764871085.066304,2577,256,1764871085.045362,20.942
1764871085.069735,2578,256,1764871085.048692,21.044
1764871085.073008,2579,256,1764871085.051988,21.020
1764871085.076396,2580,256,1764871085.055447,20.949
1764871085.079802,2581,256,1764871085.058769,21.033
1764871085.083166,2582,256,1764871085.062078,21.088
1764871085.086445,2583,256,1764871085.065446,20.999
1764871085.089997,2584,256,1764871085.068861,21.135
1764871085.093181,2585,256,1764871085.072101,21.080
1764871085.096477,2586,256,1764871085.075465,21.012
1764871085.099756,2587,256,1764871085.078778,20.978
1764871085.103076,2588,256,1764871085.082095,20.981
1764871085.106495,2589,256,1764871085.085500,20.995
1764871085.109896,2590,256,1764871085.088861,21.034
1764871085.112959,2591,256,1764871085.092026,20.933
1764871085.116391,2592,256,1764871085.095373,21.018
1764871085.119708,2593,256,1764871085.098700,21.008
1764871085.123065,2594,256,1764871085.102015,21.050
1764871085.126331,2595,256,1764871085.105368,20.964
1764871085.129853,2596,256,1764871085.108769,21.083
1764871085.133036,2597,256,1764871085.112094,20.942
1764871085.136493,2598,256,1764871085.115543,20.950
1764871085.139773,2599,256,1764871085.118771,21.002
1764871085.143139,2600,256,1764871085.122115,21.024
1764871085.146590,2601,256,1764871085.125560,21.029
1764871085.149911,2602,256,1764871085.128686,21.226
1764871085.153119,2603,256,1764871085.132002,21.117
1764871085.156363,2604,256,1764871085.135363,21.000
1764871085.159896,2605,256,1764871085.138779,21.117
1764871085.163087,2606,256,1764871085.142151,20.936
1764871085.166493,2607,256,1764871085.145525,20.967
1764871085.169804,2608,256,1764871085.148690,21.114
1764871085.172999,2609,256,1764871085.151997,21.002
1764871085.176266,2610,256,1764871085.155369,20.898
1764871085.179800,2611,256,1764871085.158704,21.096
1764871085.183126,2612,256,1764871085.162010,21.116
1764871085.186415,2613,256,1764871085.165445,20.970
1764871085.189965,2614,256,1764871085.168802,21.163
1764871085.193036,2615,256,1764871085.172014,21.023
1764871085.196350,2616,256,1764871085.175444,20.905
1764871085.199802,2617,256,1764871085.178704,21.098
1764871085.203181,2618,256,1764871085.182081,21.100
1764871085.206531,2619,256,1764871085.185507,21.024
1764871085.209744,2620,256,1764871085.188797,20.948
1764871085.213017,2621,256,1764871085.192059,20.958
1764871085.216362,2622,256,1764871085.195448,20.914
1764871085.219780,2623,256,1764871085.198780,21.000
1764871085.223578,2624,256,1764871085.202569,21.008
1764871085.226316,2625,256,1764871085.205343,20.973
1764871085.229683,2626,256,1764871085.208694,20.989
1764871085.232834,2627,256,1764871085.211991,20.843
1764871085.236143,2628,256,1764871085.215330,20.812
1764871085.239876,2629,256,1764871085.218885,20.991
1764871085.242951,2630,256,1764871085.222031,20.920
1764871085.246315,2631,256,1764871085.225448,20.866
1764871085.249758,2632,256,1764871085.228769,20.988
1764871085.252883,2633,256,1764871085.232011,20.873
1764871085.256266,2634,256,1764871085.235438,20.828
1764871085.259717,2635,256,1764871085.238750,20.967
1764871085.262982,2636,256,1764871085.241995,20.987
1764871085.266312,2637,256,1764871085.245434,20.879
1764871085.269699,2638,256,1764871085.248747,20.952
1764871085.272968,2639,256,1764871085.251991,20.977
1764871085.276324,2640,256,1764871085.255353,20.971
1764871085.279746,2641,256,1764871085.258765,20.982
1764871085.282988,2642,256,1764871085.261997,20.991
1764871085.286368,2643,256,1764871085.265446,20.922
1764871085.289850,2644,256,1764871085.268779,21.071
1764871085.293149,2645,256,1764871085.272127,21.022
1764871085.296381,2646,256,1764871085.275368,21.013
1764871085.299874,2647,256,1764871085.278812,21.062
1764871085.303128,2648,256,1764871085.282121,21.008
1764871085.306431,2649,256,1764871085.285446,20.984
1764871085.309803,2650,256,1764871085.288784,21.019
1764871085.312967,2651,256,1764871085.292013,20.953
1764871085.316428,2652,256,1764871085.295465,20.963
1764871085.319869,2653,256,1764871085.298767,21.102
1764871085.323125,2654,256,1764871085.302109,21.015
1764871085.326441,2655,256,1764871085.305492,20.949
1764871085.329974,2656,256,1764871085.308778,21.196
1764871085.333014,2657,256,1764871085.312104,20.911
1764871085.336341,2658,256,1764871085.315491,20.850
1764871085.339963,2659,256,1764871085.318841,21.123
1764871085.343126,2660,256,1764871085.322080,21.046
1764871085.346503,2661,256,1764871085.325382,21.122
1764871085.349696,2662,256,1764871085.328719,20.977
1764871085.352985,2663,256,1764871085.332079,20.906
1764871085.356329,2664,256,1764871085.335355,20.974
1764871085.360040,2665,256,1764871085.338859,21.181
1764871085.363128,2666,256,1764871085.342083,21.045
1764871085.366743,2667,256,1764871085.345556,21.187
1764871085.369863,2668,256,1764871085.348778,21.086
1764871085.373139,2669,256,1764871085.352161,20.978
1764871085.376426,2670,256,1764871085.355372,21.055
1764871085.379904,2671,256,1764871085.358808,21.096
1764871085.382985,2672,256,1764871085.362019,20.966
1764871085.386440,2673,256,1764871085.365365,21.075
1764871085.389900,2674,256,1764871085.368785,21.115
1764871085.392988,2675,256,1764871085.372024,20.964
1764871085.396309,2676,256,1764871085.375368,20.940
1764871085.399785,2677,256,1764871085.378790,20.995
1764871085.402911,2678,256,1764871085.382018,20.893
1764871085.406236,2679,256,1764871085.385368,20.868
1764871085.409798,2680,256,1764871085.388761,21.037
1764871085.412941,2681,256,1764871085.392016,20.926
1764871085.416315,2682,256,1764871085.395453,20.862
1764871085.419755,2683,256,1764871085.398772,20.983
1764871085.422914,2684,256,1764871085.401997,20.917
1764871085.426233,2685,256,1764871085.405365,20.867
1764871085.429793,2686,256,1764871085.408788,21.005
1764871085.432965,2687,256,1764871085.412029,20.936
1764871085.436284,2688,256,1764871085.415367,20.917
1764871085.439782,2689,256,1764871085.418794,20.988
1764871085.442987,2690,256,1764871085.422020,20.967
1764871085.446293,2691,256,1764871085.425355,20.937
1764871085.450182,2692,256,1764871085.428777,21.405
1764871085.453229,2693,256,1764871085.432117,21.112
1764871085.456360,2694,256,1764871085.435448,20.911
1764871085.459769,2695,256,1764871085.438779,20.990
1764871085.462920,2696,256,1764871085.442021,20.899
1764871085.466200,2697,256,1764871085.445343,20.857
1764871085.469523,2698,256,1764871085.448677,20.846
1764871085.472974,2699,256,1764871085.452001,20.973
1764871085.476318,2700,256,1764871085.455348,20.970
1764871085.479609,2701,256,1764871085.458674,20.935
1764871085.482923,2702,256,1764871085.461993,20.930
1764871085.486415,2703,256,1764871085.465461,20.954
1764871085.489895,2704,256,1764871085.468813,21.082
1764871085.493181,2705,256,1764871085.472099,21.082
1764871085.496518,2706,256,1764871085.475370,21.148
1764871085.499929,2707,256,1764871085.478803,21.127
1764871085.502971,2708,256,1764871085.482054,20.917
1764871085.506524,2709,256,1764871085.485520,21.004
1764871085.510055,2710,256,1764871085.488856,21.199
1764871085.513029,2711,256,1764871085.492084,20.945
1764871085.516543,2712,256,1764871085.495519,21.024
1764871085.519903,2713,256,1764871085.498867,21.036
1764871085.523006,2714,256,1764871085.502046,20.959
1764871085.526290,2715,256,1764871085.505367,20.923
1764871085.529709,2716,256,1764871085.508700,21.009
1764871085.532959,2717,256,1764871085.512026,20.933
1764871085.536332,2718,256,1764871085.515369,20.963
1764871085.539750,2719,256,1764871085.518759,20.990
1764871085.543003,2720,256,1764871085.522008,20.995
1764871085.546356,2721,256,1764871085.525367,20.989
1764871085.549875,2722,256,1764871085.528809,21.065
1764871085.553016,2723,256,1764871085.532026,20.991
1764871085.556319,2724,256,1764871085.535368,20.951
1764871085.559946,2725,256,1764871085.538893,21.053
1764871085.563008,2726,256,1764871085.542018,20.990
1764871085.566310,2727,256,1764871085.545374,20.936
1764871085.569855,2728,256,1764871085.548770,21.085
1764871085.573018,2729,256,1764871085.552022,20.996
1764871085.576437,2730,256,1764871085.555370,21.067
1764871085.579889,2731,256,1764871085.558815,21.074
1764871085.583002,2732,256,1764871085.562027,20.974
1764871085.586313,2733,256,1764871085.565365,20.948
1764871085.589809,2734,256,1764871085.568804,21.004
1764871085.592951,2735,256,1764871085.572018,20.933
1764871085.596275,2736,256,1764871085.575373,20.902
1764871085.599900,2737,256,1764871085.578773,21.127
1764871085.603049,2738,256,1764871085.582026,21.023
1764871085.606411,2739,256,1764871085.585365,21.045
1764871085.609706,2740,256,1764871085.588755,20.951
1764871085.613065,2741,256,1764871085.592024,21.041
1764871085.616376,2742,256,1764871085.595367,21.009
1764871085.619875,2743,256,1764871085.598777,21.098
1764871085.623004,2744,256,1764871085.602019,20.985
1764871085.626355,2745,256,1764871085.605369,20.986
1764871085.629780,2746,256,1764871085.608705,21.075
1764871085.633176,2747,256,1764871085.612022,21.154
1764871085.636486,2748,256,1764871085.615496,20.989
1764871085.640024,2749,256,1764871085.618815,21.210
1764871085.643009,2750,256,1764871085.622022,20.987
1764871085.646307,2751,256,1764871085.625369,20.938
1764871085.649677,2752,256,1764871085.628687,20.990
1764871085.653032,2753,256,1764871085.632100,20.932
1764871085.656357,2754,256,1764871085.635463,20.894
1764871085.659716,2755,256,1764871085.638776,20.940
1764871085.662934,2756,256,1764871085.642070,20.864
1764871085.666262,2757,256,1764871085.645368,20.894
1764871085.669641,2758,256,1764871085.648767,20.875
1764871085.672844,2759,256,1764871085.652002,20.842
1764871085.676293,2760,256,1764871085.655429,20.864
1764871085.679658,2761,256,1764871085.658751,20.908
1764871085.682890,2762,256,1764871085.661999,20.891
1764871085.686208,2763,256,1764871085.665347,20.861
1764871085.689667,2764,256,1764871085.668750,20.916
1764871085.692977,2765,256,1764871085.672092,20.885
1764871085.696291,2766,256,1764871085.675440,20.851
1764871085.699807,2767,256,1764871085.678775,21.032
1764871085.703115,2768,256,1764871085.682114,21.001
1764871085.706303,2769,256,1764871085.685361,20.942
1764871085.709713,2770,256,1764871085.688781,20.932
1764871085.713084,2771,256,1764871085.692130,20.953
1764871085.716327,2772,256,1764871085.695343,20.984
1764871085.719759,2773,256,1764871085.698772,20.987
1764871085.723073,2774,256,1764871085.702069,21.004
1764871085.726506,2775,256,1764871085.705393,21.113
1764871085.729702,2776,256,1764871085.708677,21.025
1764871085.732974,2777,256,1764871085.712008,20.966
1764871085.736472,2778,256,1764871085.715505,20.967
1764871085.739924,2779,256,1764871085.718842,21.082
1764871085.743143,2780,256,1764871085.722163,20.980
1764871085.746483,2781,256,1764871085.725525,20.957
1764871085.749843,2782,256,1764871085.728847,20.996
1764871085.753086,2783,256,1764871085.732143,20.943
1764871085.756398,2784,256,1764871085.735487,20.912
1764871085.759915,2785,256,1764871085.738925,20.990
1764871085.763153,2786,256,1764871085.742160,20.993
1764871085.766514,2787,256,1764871085.745502,21.012
1764871085.769839,2788,256,1764871085.748850,20.989
1764871085.773062,2789,256,1764871085.752110,20.952
1764871085.776389,2790,256,1764871085.755449,20.940
1764871085.779655,2791,256,1764871085.758687,20.967
1764871085.782963,2792,256,1764871085.762006,20.958
1764871085.786311,2793,256,1764871085.765367,20.944
1764871085.789807,2794,256,1764871085.768773,21.034
1764871085.792967,2795,256,1764871085.772018,20.948
1764871085.796381,2796,256,1764871085.775372,21.009
1764871085.799794,2797,256,1764871085.778778,21.016
1764871085.802936,2798,256,1764871085.782022,20.914
1764871085.806317,2799,256,1764871085.785371,20.945
1764871085.809627,2800,256,1764871085.788672,20.956
1764871085.812974,2801,256,1764871085.792025,20.949
1764871085.816440,2802,256,1764871085.795502,20.938
1764871085.819587,2803,256,1764871085.798689,20.898
1764871085.822933,2804,256,1764871085.801995,20.938
1764871085.826296,2805,256,1764871085.805395,20.901
1764871085.829772,2806,256,1764871085.808862,20.909
1764871085.832898,2807,256,1764871085.811989,20.909
1764871085.836238,2808,256,1764871085.815346,20.892
1764871085.839717,2809,256,1764871085.818749,20.968
1764871085.842893,2810,256,1764871085.822008,20.885
1764871085.846217,2811,256,1764871085.825351,20.865
1764871085.849612,2812,256,1764871085.828753,20.859
1764871085.852890,2813,256,1764871085.832001,20.890
1764871085.856184,2814,256,1764871085.835341,20.843
1764871085.859834,2815,256,1764871085.838866,20.968
1764871085.862846,2816,256,1764871085.841996,20.850
1764871085.866220,2817,256,1764871085.845358,20.862
1764871085.869609,2818,256,1764871085.848752,20.857
1764871085.872907,2819,256,1764871085.852011,20.896
1764871085.876259,2820,256,1764871085.855376,20.883
1764871085.879561,2821,256,1764871085.858658,20.903
1764871085.882911,2822,256,1764871085.861992,20.918
1764871085.886185,2823,256,1764871085.865319,20.866
1764871085.889561,2824,256,1764871085.868673,20.888
1764871085.892894,2825,256,1764871085.871985,20.909
1764871085.896235,2826,256,1764871085.875346,20.889
1764871085.899562,2827,256,1764871085.878685,20.877
1764871085.903006,2828,256,1764871085.882002,21.004
1764871085.906222,2829,256,1764871085.885345,20.877
1764871085.909603,2830,256,1764871085.888681,20.922
1764871085.912903,2831,256,1764871085.891990,20.912
1764871085.916297,2832,256,1764871085.895343,20.954
1764871085.919674,2833,256,1764871085.898675,20.999
1764871085.922995,2834,256,1764871085.902017,20.978
1764871085.926325,2835,256,1764871085.905350,20.975
1764871085.929715,2836,256,1764871085.908701,21.014
1764871085.933016,2837,256,1764871085.912084,20.932
1764871085.936436,2838,256,1764871085.915445,20.991
1764871085.939680,2839,256,1764871085.918672,21.008
1764871085.943161,2840,256,1764871085.922084,21.077
1764871085.946630,2841,256,1764871085.925525,21.105
1764871085.949795,2842,256,1764871085.928741,21.054
1764871085.953008,2843,256,1764871085.932003,21.004
1764871085.956493,2844,256,1764871085.935483,21.011
1764871085.959807,2845,256,1764871085.938842,20.965
1764871085.963014,2846,256,1764871085.942022,20.993
1764871085.966431,2847,256,1764871085.945426,21.005
1764871085.969739,2848,256,1764871085.948748,20.991
1764871085.973267,2849,256,1764871085.952104,21.163
1764871085.976597,2850,256,1764871085.955466,21.131
1764871085.979727,2851,256,1764871085.958680,21.047
1764871085.982939,2852,256,1764871085.962025,20.913
1764871085.986391,2853,256,1764871085.965447,20.944
1764871085.989938,2854,256,1764871085.968797,21.141
1764871085.993068,2855,256,1764871085.972032,21.037
1764871085.996459,2856,256,1764871085.975376,21.083
1764871085.999917,2857,256,1764871085.978765,21.152
1764871086.002957,2858,256,1764871085.982001,20.955
1764871086.006451,2859,256,1764871085.985366,21.085
1764871086.010026,2860,256,1764871085.988805,21.221
1764871086.013142,2861,256,1764871085.992018,21.125
1764871086.016524,2862,256,1764871085.995374,21.150
1764871086.020009,2863,256,1764871085.998808,21.201
1764871086.023240,2864,256,1764871086.002045,21.195
1764871086.026467,2865,256,1764871086.005348,21.119
1764871086.029987,2866,256,1764871086.008776,21.211
1764871086.033179,2867,256,1764871086.012028,21.150
1764871086.036520,2868,256,1764871086.015376,21.144
1764871086.039997,2869,256,1764871086.018809,21.188
1764871086.043129,2870,256,1764871086.022025,21.104
1764871086.046505,2871,256,1764871086.025455,21.050
1764871086.049920,2872,256,1764871086.028798,21.122
1764871086.053216,2873,256,1764871086.032119,21.096
1764871086.056628,2874,256,1764871086.035448,21.180
1764871086.059920,2875,256,1764871086.038786,21.134
1764871086.063130,2876,256,1764871086.042113,21.017
1764871086.066368,2877,256,1764871086.045450,20.919
1764871086.069857,2878,256,1764871086.048797,21.060
1764871086.072855,2879,256,1764871086.051993,20.862
1764871086.076345,2880,256,1764871086.055483,20.862
1764871086.079730,2881,256,1764871086.058809,20.921
1764871086.082913,2882,256,1764871086.062002,20.911
1764871086.086233,2883,256,1764871086.065356,20.877
1764871086.089709,2884,256,1764871086.068755,20.954
1764871086.092878,2885,256,1764871086.071997,20.881
1764871086.096311,2886,256,1764871086.075347,20.964
1764871086.099680,2887,256,1764871086.078751,20.928
1764871086.103165,2888,256,1764871086.081994,21.171
1764871086.106275,2889,256,1764871086.085365,20.910
1764871086.109918,2890,256,1764871086.088778,21.139
1764871086.113072,2891,256,1764871086.092018,21.053
1764871086.116354,2892,256,1764871086.095371,20.983
1764871086.119695,2893,256,1764871086.098683,21.011
1764871086.122996,2894,256,1764871086.102019,20.977
1764871086.126446,2895,256,1764871086.105450,20.996
1764871086.129746,2896,256,1764871086.108706,21.041
1764871086.133121,2897,256,1764871086.112093,21.028
1764871086.136740,2898,256,1764871086.115441,21.300
1764871086.140348,2899,256,1764871086.118780,21.568
1764871086.143010,2900,256,1764871086.122075,20.936
1764871086.146448,2901,256,1764871086.125431,21.017
1764871086.149897,2902,256,1764871086.128870,21.027
1764871086.153003,2903,256,1764871086.132034,20.969
1764871086.156492,2904,256,1764871086.135456,21.036
1764871086.159770,2905,256,1764871086.138766,21.004
1764871086.163005,2906,256,1764871086.142052,20.954
1764871086.166358,2907,256,1764871086.145370,20.988
1764871086.169796,2908,256,1764871086.148767,21.030
1764871086.172925,2909,256,1764871086.152016,20.909
1764871086.176431,2910,256,1764871086.155434,20.997
1764871086.179870,2911,256,1764871086.158785,21.085
1764871086.183030,2912,256,1764871086.162035,20.994
1764871086.186512,2913,256,1764871086.165449,21.063
1764871086.189872,2914,256,1764871086.168775,21.097
1764871086.192987,2915,256,1764871086.172031,20.956
1764871086.196455,2916,256,1764871086.175451,21.004
1764871086.199931,2917,256,1764871086.178814,21.117
1764871086.203239,2918,256,1764871086.182036,21.204
1764871086.206385,2919,256,1764871086.185377,21.008
1764871086.209864,2920,256,1764871086.188804,21.060
1764871086.212936,2921,256,1764871086.192030,20.905
1764871086.216527,2922,256,1764871086.195447,21.080
1764871086.219914,2923,256,1764871086.198705,21.209
1764871086.223083,2924,256,1764871086.202051,21.033
1764871086.226497,2925,256,1764871086.205373,21.124
1764871086.229900,2926,256,1764871086.208686,21.214
1764871086.233025,2927,256,1764871086.211986,21.039
1764871086.236537,2928,256,1764871086.215448,21.089
1764871086.239702,2929,256,1764871086.218701,21.001
1764871086.243084,2930,256,1764871086.222008,21.076
1764871086.246382,2931,256,1764871086.225449,20.934
1764871086.249663,2932,256,1764871086.228681,20.982
1764871086.252886,2933,256,1764871086.231982,20.904
1764871086.256289,2934,256,1764871086.235358,20.931
1764871086.259771,2935,256,1764871086.238777,20.994
1764871086.262969,2936,256,1764871086.241995,20.973
1764871086.266409,2937,256,1764871086.245448,20.961
1764871086.269782,2938,256,1764871086.248778,21.004
1764871086.273029,2939,256,1764871086.252009,21.020
1764871086.276341,2940,256,1764871086.255362,20.979
1764871086.279679,2941,256,1764871086.258770,20.909
1764871086.282928,2942,256,1764871086.262018,20.909
1764871086.286273,2943,256,1764871086.265368,20.905
1764871086.289700,2944,256,1764871086.268761,20.939
1764871086.292848,2945,256,1764871086.271993,20.855
1764871086.296250,2946,256,1764871086.275358,20.892
1764871086.299639,2947,256,1764871086.278672,20.967
1764871086.302873,2948,256,1764871086.281976,20.897
1764871086.306309,2949,256,1764871086.285354,20.955
1764871086.309742,2950,256,1764871086.288758,20.984
1764871086.312886,2951,256,1764871086.291984,20.902
1764871086.316370,2952,256,1764871086.295353,21.017
1764871086.319841,2953,256,1764871086.298795,21.046
1764871086.322952,2954,256,1764871086.301995,20.957
1764871086.326496,2955,256,1764871086.305492,21.004
1764871086.329681,2956,256,1764871086.308684,20.997
1764871086.332902,2957,256,1764871086.311988,20.914
1764871086.336343,2958,256,1764871086.315365,20.979
1764871086.339870,2959,256,1764871086.318701,21.169
1764871086.342984,2960,256,1764871086.322019,20.965
1764871086.346318,2961,256,1764871086.325368,20.950
1764871086.349850,2962,256,1764871086.328767,21.083
1764871086.352946,2963,256,1764871086.332020,20.926
1764871086.356321,2964,256,1764871086.335372,20.949
1764871086.359626,2965,256,1764871086.338687,20.938
1764871086.362979,2966,256,1764871086.342064,20.915
1764871086.366442,2967,256,1764871086.345475,20.967
1764871086.369948,2968,256,1764871086.348804,21.144
1764871086.373237,2969,256,1764871086.352117,21.120
1764871086.376434,2970,256,1764871086.355452,20.983
1764871086.379735,2971,256,1764871086.358771,20.964
1764871086.383018,2972,256,1764871086.362103,20.914
1764871086.386358,2973,256,1764871086.365446,20.912
1764871086.389862,2974,256,1764871086.368809,21.054
1764871086.393075,2975,256,1764871086.371997,21.078
1764871086.396390,2976,256,1764871086.375366,21.024
1764871086.399845,2977,256,1764871086.378807,21.038
1764871086.402978,2978,256,1764871086.381992,20.986
1764871086.406360,2979,256,1764871086.385365,20.994
1764871086.409769,2980,256,1764871086.388683,21.086
1764871086.412999,2981,256,1764871086.392004,20.995
1764871086.416396,2982,256,1764871086.395366,21.030
1764871086.419856,2983,256,1764871086.398765,21.091
1764871086.423012,2984,256,1764871086.401986,21.026
1764871086.426351,2985,256,1764871086.405360,20.991
1764871086.429895,2986,256,1764871086.408876,21.019
1764871086.433277,2987,256,1764871086.412105,21.173
1764871086.436470,2988,256,1764871086.415455,21.014
1764871086.439921,2989,256,1764871086.418788,21.133
1764871086.443279,2990,256,1764871086.422116,21.163
1764871086.446485,2991,256,1764871086.425491,20.994
1764871086.449871,2992,256,1764871086.428777,21.094
1764871086.453113,2993,256,1764871086.432023,21.090
1764871086.456307,2994,256,1764871086.435370,20.937
1764871086.459739,2995,256,1764871086.438776,20.963
1764871086.463006,2996,256,1764871086.442014,20.992
1764871086.466344,2997,256,1764871086.445349,20.995
1764871086.469651,2998,256,1764871086.448683,20.968
1764871086.473072,2999,256,1764871086.452092,20.980
1764871086.476247,3000,256,1764871086.455344,20.903
1764871086.479605,3001,256,1764871086.458681,20.924
1764871086.482863,3002,256,1764871086.461990,20.873
1764871086.486433,3003,256,1764871086.465499,20.934
1764871086.489796,3004,256,1764871086.468867,20.929
1764871086.492949,3005,256,1764871086.472002,20.948
1764871086.496227,3006,256,1764871086.475354,20.873
1764871086.499714,3007,256,1764871086.478688,21.027
1764871086.502970,3008,256,1764871086.481998,20.971
1764871086.506225,3009,256,1764871086.485354,20.871
1764871086.509792,3010,256,1764871086.488745,21.048
1764871086.512928,3011,256,1764871086.491990,20.938
1764871086.516301,3012,256,1764871086.495368,20.933
1764871086.519661,3013,256,1764871086.498751,20.909
1764871086.522970,3014,256,1764871086.502004,20.966
1764871086.526329,3015,256,1764871086.505349,20.980
1764871086.529697,3016,256,1764871086.508690,21.008
1764871086.533049,3017,256,1764871086.512045,21.004
1764871086.536446,3018,256,1764871086.515459,20.987
1764871086.539682,3019,256,1764871086.518757,20.925
1764871086.543183,3020,256,1764871086.522078,21.106
1764871086.546378,3021,256,1764871086.525465,20.913
1764871086.549766,3022,256,1764871086.528759,21.007
1764871086.553044,3023,256,1764871086.532064,20.980
1764871086.556351,3024,256,1764871086.535440,20.912
1764871086.559641,3025,256,1764871086.538718,20.922
1764871086.563030,3026,256,1764871086.542072,20.958
1764871086.566521,3027,256,1764871086.545516,21.005
1764871086.569599,3028,256,1764871086.548697,20.902
1764871086.573002,3029,256,1764871086.552015,20.987
1764871086.576349,3030,256,1764871086.555420,20.929
1764871086.579582,3031,256,1764871086.558693,20.890
1764871086.582905,3032,256,1764871086.562007,20.898
1764871086.586653,3033,256,1764871086.565504,21.150
1764871086.589721,3034,256,1764871086.568693,21.027
1764871086.593023,3035,256,1764871086.572012,21.011
1764871086.596466,3036,256,1764871086.575423,21.043
1764871086.599654,3037,256,1764871086.578688,20.967
1764871086.602948,3038,256,1764871086.582005,20.944
1764871086.606271,3039,256,1764871086.585359,20.913
1764871086.609993,3040,256,1764871086.588871,21.122
1764871086.613019,3041,256,1764871086.592015,21.004
1764871086.616322,3042,256,1764871086.595377,20.945
1764871086.619809,3043,256,1764871086.598855,20.954
1764871086.623043,3044,256,1764871086.602078,20.964
1764871086.626387,3045,256,1764871086.605420,20.967
1764871086.629891,3046,256,1764871086.608857,21.034
1764871086.633015,3047,256,1764871086.612021,20.994
1764871086.636330,3048,256,1764871086.615359,20.971
1764871086.639783,3049,256,1764871086.618768,21.015
1764871086.642999,3050,256,1764871086.622015,20.984
1764871086.646261,3051,256,1764871086.625337,20.924
1764871086.649632,3052,256,1764871086.628664,20.968
1764871086.653003,3053,256,1764871086.632019,20.983
1764871086.656347,3054,256,1764871086.635453,20.895
1764871086.659795,3055,256,1764871086.638816,20.979
1764871086.662997,3056,256,1764871086.642018,20.979
1764871086.666233,3057,256,1764871086.645340,20.893
1764871086.669714,3058,256,1764871086.648771,20.944
1764871086.672940,3059,256,1764871086.652022,20.917
1764871086.676511,3060,256,1764871086.655555,20.957
1764871086.679811,3061,256,1764871086.658780,21.032
1764871086.683024,3062,256,1764871086.662104,20.920
1764871086.686366,3063,256,1764871086.665450,20.915
1764871086.689677,3064,256,1764871086.668775,20.903
1764871086.692951,3065,256,1764871086.672020,20.931
1764871086.696133,3066,256,1764871086.675335,20.798
1764871086.699506,3067,256,1764871086.678668,20.838
1764871086.702884,3068,256,1764871086.681979,20.905
1764871086.706205,3069,256,1764871086.685310,20.895
1764871086.709548,3070,256,1764871086.688664,20.884
1764871086.712860,3071,256,1764871086.691988,20.872
1764871086.716244,3072,256,1764871086.695357,20.887
1764871086.719753,3073,256,1764871086.698760,20.992
1764871086.723134,3074,256,1764871086.702059,21.075
1764871086.726658,3075,256,1764871086.705529,21.129
1764871086.729866,3076,256,1764871086.708692,21.174
1764871086.733008,3077,256,1764871086.712002,21.006
1764871086.736347,3078,256,1764871086.715357,20.991
1764871086.739732,3079,256,1764871086.718669,21.063
1764871086.743029,3080,256,1764871086.721992,21.036
1764871086.746455,3081,256,1764871086.725421,21.034
1764871086.750108,3082,256,1764871086.728890,21.218
1764871086.753233,3083,256,1764871086.732045,21.189
1764871086.756568,3084,256,1764871086.735509,21.059
1764871086.760112,3085,256,1764871086.738866,21.246
1764871086.763148,3086,256,1764871086.742007,21.141
1764871086.766381,3087,256,1764871086.745359,21.022
1764871086.769799,3088,256,1764871086.748748,21.051
1764871086.773072,3089,256,1764871086.752040,21.032
1764871086.776616,3090,256,1764871086.755486,21.130
1764871086.779872,3091,256,1764871086.758750,21.123
1764871086.783015,3092,256,1764871086.761997,21.018
1764871086.786447,3093,256,1764871086.765422,21.025
1764871086.790016,3094,256,1764871086.768856,21.160
1764871086.793015,3095,256,1764871086.772040,20.975
1764871086.796388,3096,256,1764871086.775425,20.963
1764871086.800051,3097,256,1764871086.778859,21.191
1764871086.802994,3098,256,1764871086.782000,20.994
1764871086.806555,3099,256,1764871086.785492,21.063
1764871086.809927,3100,256,1764871086.788769,21.157
1764871086.812929,3101,256,1764871086.792041,20.888
1764871086.816536,3102,256,1764871086.795424,21.112
1764871086.819704,3103,256,1764871086.798759,20.944
1764871086.823023,3104,256,1764871086.802048,20.974
1764871086.826385,3105,256,1764871086.805439,20.946
1764871086.829871,3106,256,1764871086.808745,21.126
1764871086.832984,3107,256,1764871086.812051,20.933
1764871086.836331,3108,256,1764871086.815430,20.900
1764871086.839738,3109,256,1764871086.818763,20.975
1764871086.843006,3110,256,1764871086.822057,20.949
1764871086.846350,3111,256,1764871086.825380,20.971
1764871086.849785,3112,256,1764871086.828758,21.027
1764871086.853058,3113,256,1764871086.832087,20.971
1764871086.856522,3114,256,1764871086.835488,21.034
1764871086.859903,3115,256,1764871086.838864,21.039
1764871086.862945,3116,256,1764871086.842000,20.945
1764871086.866373,3117,256,1764871086.845366,21.007
1764871086.869607,3118,256,1764871086.848676,20.931
1764871086.872947,3119,256,1764871086.852015,20.933
1764871086.876493,3120,256,1764871086.855552,20.941
1764871086.879874,3121,256,1764871086.858796,21.078
1764871086.883136,3122,256,1764871086.862117,21.019
1764871086.886403,3123,256,1764871086.865454,20.950
1764871086.889689,3124,256,1764871086.868772,20.917
1764871086.892996,3125,256,1764871086.872106,20.890
1764871086.896359,3126,256,1764871086.875443,20.917
1764871086.899612,3127,256,1764871086.878689,20.923
1764871086.902947,3128,256,1764871086.882037,20.910
1764871086.906233,3129,256,1764871086.885355,20.878
1764871086.909644,3130,256,1764871086.888761,20.883
1764871086.912956,3131,256,1764871086.891981,20.975
1764871086.916421,3132,256,1764871086.895419,21.002
1764871086.919721,3133,256,1764871086.898686,21.035
1764871086.923066,3134,256,1764871086.901998,21.068
1764871086.926422,3135,256,1764871086.905354,21.067
1764871086.929847,3136,256,1764871086.908784,21.062
1764871086.932968,3137,256,1764871086.912020,20.947
1764871086.936470,3138,256,1764871086.915472,20.998
1764871086.939932,3139,256,1764871086.918769,21.163
1764871086.943055,3140,256,1764871086.922015,21.040
1764871086.946456,3141,256,1764871086.925468,20.989
1764871086.949808,3142,256,1764871086.928774,21.033
1764871086.953061,3143,256,1764871086.932045,21.016
1764871086.956349,3144,256,1764871086.935442,20.907
1764871086.959849,3145,256,1764871086.938810,21.039
1764871086.962993,3146,256,1764871086.942094,20.900
1764871086.966387,3147,256,1764871086.945461,20.926
1764871086.969661,3148,256,1764871086.948784,20.877
1764871086.973104,3149,256,1764871086.952060,21.044
1764871086.976290,3150,256,1764871086.955325,20.965
1764871086.979596,3151,256,1764871086.958665,20.931
1764871086.983044,3152,256,1764871086.961998,21.047
1764871086.986310,3153,256,1764871086.965347,20.963
1764871086.989610,3154,256,1764871086.968667,20.943
1764871086.993162,3155,256,1764871086.972019,21.142
1764871086.996435,3156,256,1764871086.975446,20.989
1764871086.999784,3157,256,1764871086.978766,21.018
1764871087.002977,3158,256,1764871086.981994,20.983
1764871087.006416,3159,256,1764871086.985440,20.975
1764871087.009744,3160,256,1764871086.988757,20.988
1764871087.013146,3161,256,1764871086.992019,21.127
1764871087.016510,3162,256,1764871086.995437,21.073
1764871087.019875,3163,256,1764871086.998788,21.087
1764871087.023137,3164,256,1764871087.002045,21.092
1764871087.026383,3165,256,1764871087.005373,21.011
1764871087.029929,3166,256,1764871087.008843,21.086
1764871087.033175,3167,256,1764871087.012081,21.093
1764871087.036535,3168,256,1764871087.015503,21.032
1764871087.039902,3169,256,1764871087.018839,21.064
1764871087.043034,3170,256,1764871087.022054,20.980
1764871087.046488,3171,256,1764871087.025481,21.007
1764871087.049879,3172,256,1764871087.028837,21.042
1764871087.053136,3173,256,1764871087.032063,21.073
1764871087.056427,3174,256,1764871087.035383,21.044
1764871087.059683,3175,256,1764871087.038683,21.000
1764871087.063134,3176,256,1764871087.042073,21.061
1764871087.066496,3177,256,1764871087.045490,21.006
1764871087.069798,3178,256,1764871087.048835,20.963
1764871087.073063,3179,256,1764871087.052071,20.993
1764871087.076440,3180,256,1764871087.055493,20.947
1764871087.079895,3181,256,1764871087.058854,21.041
1764871087.083149,3182,256,1764871087.062076,21.073
1764871087.086664,3183,256,1764871087.065494,21.170
1764871087.089877,3184,256,1764871087.068836,21.040
1764871087.093131,3185,256,1764871087.072059,21.072
1764871087.096464,3186,256,1764871087.075498,20.966
1764871087.099740,3187,256,1764871087.078849,20.891
1764871087.102867,3188,256,1764871087.081993,20.874
1764871087.106362,3189,256,1764871087.085447,20.915
1764871087.109639,3190,256,1764871087.088694,20.946
1764871087.112938,3191,256,1764871087.091983,20.955
1764871087.116233,3192,256,1764871087.095329,20.904
1764871087.119850,3193,256,1764871087.098745,21.105
1764871087.123117,3194,256,1764871087.102003,21.115
1764871087.126285,3195,256,1764871087.105331,20.954
1764871087.129708,3196,256,1764871087.108757,20.951
1764871087.132924,3197,256,1764871087.111994,20.930
1764871087.136358,3198,256,1764871087.115438,20.920
1764871087.139707,3199,256,1764871087.118778,20.929
1764871087.143039,3200,256,1764871087.122077,20.962
1764871087.146397,3201,256,1764871087.125444,20.953
1764871087.149706,3202,256,1764871087.128781,20.925
1764871087.153435,3203,256,1764871087.132115,21.320
1764871087.156432,3204,256,1764871087.135436,20.997
1764871087.159784,3205,256,1764871087.138769,21.015
1764871087.163049,3206,256,1764871087.142030,21.019
1764871087.166409,3207,256,1764871087.145355,21.055
1764871087.169752,3208,256,1764871087.148770,20.982
1764871087.173028,3209,256,1764871087.152009,21.019
1764871087.176511,3210,256,1764871087.155441,21.071
1764871087.179890,3211,256,1764871087.158856,21.034
1764871087.183087,3212,256,1764871087.162033,21.055
1764871087.186458,3213,256,1764871087.165445,21.014
1764871087.189737,3214,256,1764871087.168773,20.963
1764871087.193010,3215,256,1764871087.172102,20.907
1764871087.196279,3216,256,1764871087.175390,20.888
1764871087.199754,3217,256,1764871087.178810,20.944
1764871087.203041,3218,256,1764871087.182108,20.933
1764871087.206364,3219,256,1764871087.185444,20.920
1764871087.209730,3220,256,1764871087.188806,20.924
1764871087.213240,3221,256,1764871087.192118,21.122
1764871087.216512,3222,256,1764871087.195445,21.068
1764871087.219936,3223,256,1764871087.198806,21.130
1764871087.223073,3224,256,1764871087.202003,21.070
1764871087.226490,3225,256,1764871087.205351,21.139
1764871087.229873,3226,256,1764871087.208688,21.184
1764871087.233125,3227,256,1764871087.212039,21.086
1764871087.236513,3228,256,1764871087.215367,21.146
1764871087.240069,3229,256,1764871087.218881,21.188
1764871087.243165,3230,256,1764871087.222009,21.156
1764871087.246396,3231,256,1764871087.225337,21.059
1764871087.250004,3232,256,1764871087.228770,21.233
1764871087.261147,3233,256,1764871087.232008,29.139
1764871087.261271,3234,256,1764871087.235348,25.923
1764871087.261310,3235,256,1764871087.238657,22.653
1764871087.263012,3236,256,1764871087.242013,20.999
1764871087.266467,3237,256,1764871087.245366,21.101
1764871087.269999,3238,256,1764871087.248779,21.220
1764871087.273000,3239,256,1764871087.252019,20.981
1764871087.282579,3240,256,1764871087.261075,21.505
1764871087.283405,3241,256,1764871087.261272,22.133
1764871087.283577,3242,256,1764871087.261991,21.587
1764871087.286416,3243,256,1764871087.265439,20.977
1764871087.289980,3244,256,1764871087.268867,21.113
1764871087.293085,3245,256,1764871087.272029,21.056
1764871087.296368,3246,256,1764871087.275367,21.000
1764871087.299777,3247,256,1764871087.278796,20.981
1764871087.302949,3248,256,1764871087.282031,20.918
1764871087.306266,3249,256,1764871087.285369,20.897
1764871087.309585,3250,256,1764871087.288664,20.920
1764871087.312933,3251,256,1764871087.292017,20.917
1764871087.316305,3252,256,1764871087.295375,20.930
1764871087.319628,3253,256,1764871087.298682,20.946
1764871087.322861,3254,256,1764871087.301982,20.879
1764871087.326351,3255,256,1764871087.305348,21.002
1764871087.329668,3256,256,1764871087.308758,20.910
1764871087.332989,3257,256,1764871087.311987,21.002
1764871087.336257,3258,256,1764871087.315351,20.906
1764871087.339642,3259,256,1764871087.318758,20.884
1764871087.342907,3260,256,1764871087.322004,20.903
1764871087.346362,3261,256,1764871087.325346,21.016
1764871087.349788,3262,256,1764871087.328769,21.019
1764871087.352986,3263,256,1764871087.332008,20.978
1764871087.356405,3264,256,1764871087.335371,21.034
1764871087.359611,3265,256,1764871087.338685,20.926
1764871087.362947,3266,256,1764871087.342001,20.946
1764871087.366331,3267,256,1764871087.345370,20.961
1764871087.369809,3268,256,1764871087.348778,21.031
1764871087.372959,3269,256,1764871087.352006,20.953
1764871087.376480,3270,256,1764871087.355464,21.016
1764871087.379787,3271,256,1764871087.358775,21.012
1764871087.383000,3272,256,1764871087.362014,20.987
1764871087.386298,3273,256,1764871087.365358,20.940
1764871087.389869,3274,256,1764871087.368810,21.059
1764871087.393021,3275,256,1764871087.372020,21.001
1764871087.396419,3276,256,1764871087.375367,21.051
1764871087.399844,3277,256,1764871087.378774,21.070
1764871087.403048,3278,256,1764871087.382020,21.029
1764871087.406285,3279,256,1764871087.385369,20.916
1764871087.409629,3280,256,1764871087.388666,20.962
1764871087.413083,3281,256,1764871087.392004,21.079
1764871087.416443,3282,256,1764871087.395474,20.968
1764871087.419863,3283,256,1764871087.398799,21.064
1764871087.422929,3284,256,1764871087.402000,20.928
1764871087.426458,3285,256,1764871087.405441,21.017
1764871087.429688,3286,256,1764871087.408671,21.017
1764871087.433029,3287,256,1764871087.412020,21.009
1764871087.436557,3288,256,1764871087.415501,21.056
1764871087.439811,3289,256,1764871087.418834,20.977
1764871087.443032,3290,256,1764871087.422019,21.013
1764871087.446459,3291,256,1764871087.425479,20.980
1764871087.449708,3292,256,1764871087.428815,20.893
1764871087.452980,3293,256,1764871087.432017,20.963
1764871087.456316,3294,256,1764871087.435370,20.947
1764871087.459569,3295,256,1764871087.438674,20.895
1764871087.462960,3296,256,1764871087.442017,20.943
1764871087.466405,3297,256,1764871087.445450,20.955
1764871087.469723,3298,256,1764871087.448765,20.957
1764871087.472978,3299,256,1764871087.451996,20.982
1764871087.476477,3300,256,1764871087.455414,21.064
1764871087.479722,3301,256,1764871087.458691,21.032
1764871087.482918,3302,256,1764871087.462001,20.916
1764871087.486419,3303,256,1764871087.465346,21.073
1764871087.489671,3304,256,1764871087.468691,20.980
1764871087.493064,3305,256,1764871087.472072,20.992
1764871087.496455,3306,256,1764871087.475501,20.954
1764871087.499767,3307,256,1764871087.478727,21.040
1764871087.502985,3308,256,1764871087.482002,20.983
1764871087.506433,3309,256,1764871087.485459,20.974
1764871087.509530,3310,256,1764871087.488664,20.865
1764871087.512907,3311,256,1764871087.492021,20.886
1764871087.516341,3312,256,1764871087.495422,20.919
1764871087.519950,3313,256,1764871087.498868,21.082
1764871087.522975,3314,256,1764871087.502041,20.935
1764871087.526400,3315,256,1764871087.505478,20.921
1764871087.529588,3316,256,1764871087.508661,20.928
1764871087.533001,3317,256,1764871087.511995,21.006
1764871087.536361,3318,256,1764871087.515326,21.034
1764871087.539561,3319,256,1764871087.518654,20.907
1764871087.542902,3320,256,1764871087.521989,20.912
1764871087.546311,3321,256,1764871087.525368,20.943
1764871087.549616,3322,256,1764871087.528691,20.925
1764871087.553039,3323,256,1764871087.532081,20.958
1764871087.556284,3324,256,1764871087.535359,20.925
1764871087.559895,3325,256,1764871087.538849,21.046
1764871087.562968,3326,256,1764871087.542010,20.959
1764871087.566404,3327,256,1764871087.545443,20.961
1764871087.569882,3328,256,1764871087.548816,21.066
1764871087.572953,3329,256,1764871087.552048,20.905
1764871087.576318,3330,256,1764871087.555412,20.905
1764871087.580001,3331,256,1764871087.558867,21.134
1764871087.583120,3332,256,1764871087.562121,20.999
1764871087.586362,3333,256,1764871087.565431,20.931
1764871087.589722,3334,256,1764871087.568695,21.027
1764871087.593020,3335,256,1764871087.572021,20.999
1764871087.596284,3336,256,1764871087.575352,20.932
1764871087.599760,3337,256,1764871087.578770,20.990
1764871087.603024,3338,256,1764871087.582026,20.998
1764871087.606387,3339,256,1764871087.585433,20.954
1764871087.609872,3340,256,1764871087.588791,21.081
1764871087.613073,3341,256,1764871087.592026,21.046
1764871087.616373,3342,256,1764871087.595366,21.007
1764871087.619856,3343,256,1764871087.598772,21.084
1764871087.623159,3344,256,1764871087.602107,21.052
1764871087.626500,3345,256,1764871087.605456,21.044
1764871087.629853,3346,256,1764871087.608771,21.082
1764871087.633141,3347,256,1764871087.612105,21.036
1764871087.636529,3348,256,1764871087.615443,21.086
1764871087.639959,3349,256,1764871087.618773,21.187
1764871087.643285,3350,256,1764871087.622105,21.180
1764871087.646621,3351,256,1764871087.625446,21.174
1764871087.649926,3352,256,1764871087.628774,21.152
1764871087.653137,3353,256,1764871087.632114,21.023
1764871087.656414,3354,256,1764871087.635453,20.961
1764871087.659917,3355,256,1764871087.638768,21.149
1764871087.663000,3356,256,1764871087.642017,20.983
1764871087.666348,3357,256,1764871087.645364,20.983
1764871087.669755,3358,256,1764871087.648676,21.080
1764871087.673036,3359,256,1764871087.651993,21.043
1764871087.676288,3360,256,1764871087.655335,20.953
1764871087.679880,3361,256,1764871087.658856,21.024
1764871087.682956,3362,256,1764871087.661995,20.961
1764871087.686362,3363,256,1764871087.665365,20.997
1764871087.689798,3364,256,1764871087.668826,20.972
1764871087.693055,3365,256,1764871087.672029,21.026
1764871087.696295,3366,256,1764871087.675370,20.926
1764871087.699874,3367,256,1764871087.678769,21.105
1764871087.703156,3368,256,1764871087.682010,21.146
1764871087.706423,3369,256,1764871087.685471,20.952
1764871087.709743,3370,256,1764871087.688767,20.976
1764871087.712947,3371,256,1764871087.692027,20.920
1764871087.716427,3372,256,1764871087.695502,20.925
1764871087.719702,3373,256,1764871087.698774,20.928
1764871087.722941,3374,256,1764871087.702019,20.922
1764871087.726319,3375,256,1764871087.705354,20.965
1764871087.729617,3376,256,1764871087.708684,20.933
1764871087.732880,3377,256,1764871087.711985,20.895
1764871087.736373,3378,256,1764871087.715426,20.947
1764871087.739698,3379,256,1764871087.718675,21.023
1764871087.742921,3380,256,1764871087.721985,20.936
1764871087.746232,3381,256,1764871087.725349,20.883
1764871087.749892,3382,256,1764871087.728751,21.141
1764871087.753111,3383,256,1764871087.732088,21.023
1764871087.756368,3384,256,1764871087.735423,20.945
1764871087.759871,3385,256,1764871087.738760,21.111
1764871087.763075,3386,256,1764871087.742025,21.051
1764871087.766406,3387,256,1764871087.745445,20.962
1764871087.769672,3388,256,1764871087.748766,20.907
1764871087.772923,3389,256,1764871087.752023,20.899
1764871087.776245,3390,256,1764871087.755350,20.895
1764871087.779697,3391,256,1764871087.758770,20.927
1764871087.782988,3392,256,1764871087.762027,20.961
1764871087.786337,3393,256,1764871087.765446,20.891
1764871087.789682,3394,256,1764871087.768758,20.924
1764871087.792904,3395,256,1764871087.772001,20.903
1764871087.796425,3396,256,1764871087.775430,20.995
1764871087.799684,3397,256,1764871087.778678,21.006
1764871087.803011,3398,256,1764871087.782017,20.994
1764871087.806381,3399,256,1764871087.785347,21.034
1764871087.809834,3400,256,1764871087.788759,21.075
1764871087.812956,3401,256,1764871087.792006,20.951
1764871087.816384,3402,256,1764871087.795379,21.004
1764871087.819746,3403,256,1764871087.798811,20.935
1764871087.823026,3404,256,1764871087.802016,21.011
1764871087.826337,3405,256,1764871087.805382,20.955
1764871087.829804,3406,256,1764871087.808833,20.970
1764871087.833021,3407,256,1764871087.812038,20.983
1764871087.836466,3408,256,1764871087.815520,20.946
1764871087.839875,3409,256,1764871087.818921,20.954
1764871087.843141,3410,256,1764871087.822148,20.993
1764871087.846420,3411,256,1764871087.825480,20.940
1764871087.849640,3412,256,1764871087.828678,20.962
1764871087.853115,3413,256,1764871087.832149,20.965
1764871087.856448,3414,256,1764871087.835491,20.957
1764871087.859795,3415,256,1764871087.838840,20.955
1764871087.863114,3416,256,1764871087.842154,20.960
1764871087.866520,3417,256,1764871087.845508,21.012
1764871087.869774,3418,256,1764871087.848844,20.930
1764871087.873126,3419,256,1764871087.852156,20.970
1764871087.876482,3420,256,1764871087.855489,20.993
1764871087.879800,3421,256,1764871087.858813,20.987
1764871087.883163,3422,256,1764871087.862150,21.014
1764871087.886485,3423,256,1764871087.865503,20.982
1764871087.889993,3424,256,1764871087.868900,21.093
1764871087.893221,3425,256,1764871087.872149,21.072
1764871087.896463,3426,256,1764871087.875526,20.937
1764871087.899949,3427,256,1764871087.878938,21.011
1764871087.903097,3428,256,1764871087.882153,20.944
1764871087.906435,3429,256,1764871087.885485,20.950
1764871087.909848,3430,256,1764871087.888866,20.982
1764871087.912971,3431,256,1764871087.892015,20.957
1764871087.916161,3432,256,1764871087.895344,20.817
1764871087.919640,3433,256,1764871087.898684,20.956
1764871087.922874,3434,256,1764871087.902001,20.874
1764871087.926160,3435,256,1764871087.905350,20.810
1764871087.929535,3436,256,1764871087.908683,20.853
1764871087.932927,3437,256,1764871087.912011,20.916
1764871087.936182,3438,256,1764871087.915346,20.835
1764871087.939577,3439,256,1764871087.918690,20.887
1764871087.942856,3440,256,1764871087.921983,20.873
1764871087.946220,3441,256,1764871087.925356,20.864
1764871087.949503,3442,256,1764871087.928674,20.829
1764871087.952964,3443,256,1764871087.931985,20.978
1764871087.956423,3444,256,1764871087.935441,20.982
1764871087.959747,3445,256,1764871087.938762,20.985
1764871087.963006,3446,256,1764871087.942071,20.935
1764871087.966443,3447,256,1764871087.945417,21.025
1764871087.969721,3448,256,1764871087.948761,20.960
1764871087.973283,3449,256,1764871087.952127,21.156
1764871087.976583,3450,256,1764871087.955412,21.171
1764871087.979854,3451,256,1764871087.958801,21.053
1764871087.982905,3452,256,1764871087.962021,20.884
1764871087.986293,3453,256,1764871087.965353,20.940
1764871087.989755,3454,256,1764871087.968697,21.058
1764871087.993075,3455,256,1764871087.972089,20.986
1764871087.996567,3456,256,1764871087.975522,21.045
1764871087.999624,3457,256,1764871087.978704,20.919
1764871088.002981,3458,256,1764871087.982052,20.928
1764871088.006589,3459,256,1764871087.985506,21.083
1764871088.009869,3460,256,1764871087.988859,21.011
1764871088.013134,3461,256,1764871087.992065,21.069
1764871088.016556,3462,256,1764871087.995493,21.063
1764871088.019746,3463,256,1764871087.998677,21.069
1764871088.023242,3464,256,1764871088.002016,21.226
1764871088.026552,3465,256,1764871088.005487,21.065
1764871088.029908,3466,256,1764871088.008914,20.994
1764871088.033053,3467,256,1764871088.012061,20.992
1764871088.036445,3468,256,1764871088.015495,20.951
1764871088.039947,3469,256,1764871088.018848,21.099
1764871088.043191,3470,256,1764871088.022115,21.075
1764871088.046376,3471,256,1764871088.025440,20.936
1764871088.049860,3472,256,1764871088.028803,21.057
1764871088.052986,3473,256,1764871088.032002,20.984
1764871088.056375,3474,256,1764871088.035442,20.933
1764871088.059896,3475,256,1764871088.038782,21.114
1764871088.063059,3476,256,1764871088.042101,20.958
1764871088.066377,3477,256,1764871088.045448,20.929
1764871088.069783,3478,256,1764871088.048778,21.006
1764871088.073117,3479,256,1764871088.052107,21.010
1764871088.076441,3480,256,1764871088.055452,20.989
1764871088.079851,3481,256,1764871088.058810,21.041
1764871088.083131,3482,256,1764871088.062126,21.005
1764871088.086403,3483,256,1764871088.065437,20.966
1764871088.089879,3484,256,1764871088.068873,21.006
1764871088.093104,3485,256,1764871088.072104,21.000
1764871088.096411,3486,256,1764871088.075449,20.962
1764871088.099794,3487,256,1764871088.078814,20.980
1764871088.103045,3488,256,1764871088.082103,20.942
1764871088.106375,3489,256,1764871088.085438,20.938
1764871088.109767,3490,256,1764871088.088809,20.958
1764871088.112980,3491,256,1764871088.092105,20.875
1764871088.116375,3492,256,1764871088.095443,20.931
1764871088.119648,3493,256,1764871088.098687,20.962
1764871088.123023,3494,256,1764871088.102111,20.911
1764871088.126376,3495,256,1764871088.105455,20.921
1764871088.129618,3496,256,1764871088.108694,20.923
1764871088.132919,3497,256,1764871088.112091,20.828
1764871088.136303,3498,256,1764871088.115447,20.856
1764871088.139660,3499,256,1764871088.118754,20.906
1764871088.143003,3500,256,1764871088.122030,20.974
1764871088.146263,3501,256,1764871088.125316,20.947
1764871088.149539,3502,256,1764871088.128650,20.889
1764871088.152880,3503,256,1764871088.131983,20.897
1764871088.156282,3504,256,1764871088.135344,20.938
1764871088.159735,3505,256,1764871088.138802,20.934
1764871088.162960,3506,256,1764871088.141994,20.965
1764871088.166327,3507,256,1764871088.145374,20.953
1764871088.169606,3508,256,1764871088.148692,20.914
1764871088.173034,3509,256,1764871088.151996,21.039
1764871088.176284,3510,256,1764871088.155349,20.934
1764871088.179774,3511,256,1764871088.158684,21.090
1764871088.182997,3512,256,1764871088.162011,20.986
1764871088.186289,3513,256,1764871088.165357,20.932
1764871088.189736,3514,256,1764871088.168679,21.056
1764871088.193095,3515,256,1764871088.172023,21.072
1764871088.196561,3516,256,1764871088.175455,21.106
1764871088.200270,3517,256,1764871088.178928,21.342
1764871088.203058,3518,256,1764871088.182013,21.045
1764871088.206500,3519,256,1764871088.185503,20.997
1764871088.209847,3520,256,1764871088.188873,20.974
1764871088.212939,3521,256,1764871088.192019,20.919
1764871088.216421,3522,256,1764871088.195474,20.947
1764871088.219869,3523,256,1764871088.198834,21.035
1764871088.223079,3524,256,1764871088.202024,21.055
1764871088.226352,3525,256,1764871088.205353,20.999
1764871088.229679,3526,256,1764871088.208711,20.968
1764871088.233047,3527,256,1764871088.212020,21.027
1764871088.236310,3528,256,1764871088.215348,20.962
1764871088.239788,3529,256,1764871088.218764,21.024
1764871088.242988,3530,256,1764871088.222030,20.958
1764871088.246341,3531,256,1764871088.225356,20.985
1764871088.249908,3532,256,1764871088.228750,21.158
1764871088.253265,3533,256,1764871088.232085,21.180
1764871088.256417,3534,256,1764871088.235360,21.057
1764871088.260118,3535,256,1764871088.238920,21.198
1764871088.263120,3536,256,1764871088.242043,21.077
1764871088.266523,3537,256,1764871088.245420,21.102
1764871088.269983,3538,256,1764871088.248846,21.137
1764871088.273189,3539,256,1764871088.252115,21.074
1764871088.276355,3540,256,1764871088.255379,20.975
1764871088.279923,3541,256,1764871088.258840,21.084
1764871088.283195,3542,256,1764871088.262045,21.150
1764871088.286665,3543,256,1764871088.265500,21.165
1764871088.290073,3544,256,1764871088.268845,21.228
1764871088.293112,3545,256,1764871088.272007,21.105
1764871088.296545,3546,256,1764871088.275366,21.179
1764871088.299995,3547,256,1764871088.278773,21.222
1764871088.303145,3548,256,1764871088.282026,21.119
1764871088.306425,3549,256,1764871088.285346,21.079
1764871088.309849,3550,256,1764871088.288682,21.167
1764871088.313095,3551,256,1764871088.291990,21.105
1764871088.316471,3552,256,1764871088.295468,21.003
1764871088.319751,3553,256,1764871088.298683,21.067
1764871088.323104,3554,256,1764871088.302121,20.983
1764871088.326410,3555,256,1764871088.305450,20.959
1764871088.329698,3556,256,1764871088.308682,21.016
1764871088.332914,3557,256,1764871088.312020,20.894
1764871088.336313,3558,256,1764871088.315451,20.862
1764871088.339614,3559,256,1764871088.318678,20.935
1764871088.342956,3560,256,1764871088.322114,20.842
1764871088.346324,3561,256,1764871088.325428,20.896
1764871088.349609,3562,256,1764871088.328671,20.938
1764871088.353121,3563,256,1764871088.332028,21.093
1764871088.356333,3564,256,1764871088.335349,20.984
1764871088.359834,3565,256,1764871088.338753,21.081
1764871088.362940,3566,256,1764871088.341986,20.955
1764871088.366244,3567,256,1764871088.345359,20.885
1764871088.369875,3568,256,1764871088.348762,21.113
1764871088.373021,3569,256,1764871088.351994,21.027
1764871088.376400,3570,256,1764871088.355363,21.036
1764871088.379813,3571,256,1764871088.358769,21.044
1764871088.383008,3572,256,1764871088.361993,21.015
1764871088.386403,3573,256,1764871088.365366,21.037
1764871088.389801,3574,256,1764871088.368778,21.023
1764871088.392905,3575,256,1764871088.371993,20.912
1764871088.396425,3576,256,1764871088.375360,21.065
1764871088.399880,3577,256,1764871088.378803,21.077
1764871088.402916,3578,256,1764871088.381999,20.917
1764871088.406261,3579,256,1764871088.385361,20.899
1764871088.409757,3580,256,1764871088.388766,20.991
1764871088.412933,3581,256,1764871088.391993,20.940
1764871088.416356,3582,256,1764871088.395346,21.010
1764871088.419900,3583,256,1764871088.398806,21.094
1764871088.423026,3584,256,1764871088.401992,21.034
1764871088.426382,3585,256,1764871088.405324,21.059
1764871088.429764,3586,256,1764871088.408763,21.001
1764871088.432974,3587,256,1764871088.411992,20.982
1764871088.436368,3588,256,1764871088.415363,21.006
1764871088.439765,3589,256,1764871088.418804,20.961
1764871088.442998,3590,256,1764871088.421995,21.003
1764871088.446425,3591,256,1764871088.425443,20.982
1764871088.449682,3592,256,1764871088.428765,20.917
1764871088.453046,3593,256,1764871088.432061,20.985
1764871088.456500,3594,256,1764871088.435511,20.988
1764871088.459689,3595,256,1764871088.438759,20.930
1764871088.462986,3596,256,1764871088.442054,20.932
1764871088.466250,3597,256,1764871088.445350,20.900
1764871088.469602,3598,256,1764871088.448662,20.941
1764871088.473011,3599,256,1764871088.452072,20.939
1764871088.476531,3600,256,1764871088.455346,21.185
1764871088.479625,3601,256,1764871088.458678,20.947
1764871088.482877,3602,256,1764871088.461988,20.890
1764871088.486263,3603,256,1764871088.465340,20.923
1764871088.489639,3604,256,1764871088.468694,20.944
1764871088.493055,3605,256,1764871088.472007,21.049
1764871088.496507,3606,256,1764871088.475456,21.052
1764871088.500001,3607,256,1764871088.478816,21.186
1764871088.503219,3608,256,1764871088.482041,21.178
1764871088.506460,3609,256,1764871088.485459,21.002
1764871088.509874,3610,256,1764871088.488665,21.209
1764871088.512982,3611,256,1764871088.491988,20.994
1764871088.516562,3612,256,1764871088.495494,21.068
1764871088.519934,3613,256,1764871088.498897,21.037
1764871088.523034,3614,256,1764871088.502068,20.966
1764871088.526502,3615,256,1764871088.505448,21.054
1764871088.529921,3616,256,1764871088.508859,21.061
1764871088.533066,3617,256,1764871088.512086,20.980
1764871088.536589,3618,256,1764871088.515522,21.067
1764871088.539837,3619,256,1764871088.518848,20.989
1764871088.542937,3620,256,1764871088.522022,20.914
1764871088.546341,3621,256,1764871088.525472,20.869
1764871088.549668,3622,256,1764871088.528691,20.977
1764871088.552923,3623,256,1764871088.531989,20.934
1764871088.556246,3624,256,1764871088.535355,20.891
1764871088.559775,3625,256,1764871088.538676,21.099
1764871088.562993,3626,256,1764871088.541983,21.010
1764871088.566324,3627,256,1764871088.545343,20.981
1764871088.569735,3628,256,1764871088.548683,21.052
1764871088.573030,3629,256,1764871088.552096,20.935
1764871088.576471,3630,256,1764871088.555438,21.033
1764871088.579911,3631,256,1764871088.558766,21.145
1764871088.583160,3632,256,1764871088.562110,21.050
1764871088.586534,3633,256,1764871088.565441,21.092
1764871088.589847,3634,256,1764871088.568771,21.076
1764871088.593155,3635,256,1764871088.572107,21.047
1764871088.596498,3636,256,1764871088.575437,21.061
1764871088.599895,3637,256,1764871088.578783,21.112
1764871088.602946,3638,256,1764871088.581995,20.952
1764871088.606453,3639,256,1764871088.585453,21.000
1764871088.609759,3640,256,1764871088.588776,20.983
1764871088.613107,3641,256,1764871088.592138,20.969
1764871088.616421,3642,256,1764871088.595389,21.032
1764871088.620073,3643,256,1764871088.598835,21.239
1764871088.623120,3644,256,1764871088.602064,21.056
1764871088.626390,3645,256,1764871088.605376,21.014
1764871088.629724,3646,256,1764871088.608688,21.036
1764871088.633217,3647,256,1764871088.612007,21.211
1764871088.636346,3648,256,1764871088.615353,20.993
1764871088.639703,3649,256,1764871088.618685,21.018
1764871088.643146,3650,256,1764871088.622012,21.134
1764871088.646526,3651,256,1764871088.625377,21.149
1764871088.649844,3652,256,1764871088.628712,21.132
1764871088.653152,3653,256,1764871088.631986,21.165
1764871088.656560,3654,256,1764871088.635490,21.069
1764871088.659593,3655,256,1764871088.638672,20.921
1764871088.663078,3656,256,1764871088.642012,21.065
1764871088.666590,3657,256,1764871088.645495,21.096
1764871088.669747,3658,256,1764871088.648700,21.047
1764871088.673092,3659,256,1764871088.652032,21.060
1764871088.676675,3660,256,1764871088.655492,21.183
1764871088.680207,3661,256,1764871088.658929,21.278
1764871088.683100,3662,256,1764871088.661994,21.107
1764871088.686476,3663,256,1764871088.665425,21.051
1764871088.689721,3664,256,1764871088.668770,20.952
1764871088.693096,3665,256,1764871088.671990,21.106
1764871088.696384,3666,256,1764871088.675362,21.022
1764871088.699930,3667,256,1764871088.678767,21.163
1764871088.703116,3668,256,1764871088.681992,21.124
1764871088.706359,3669,256,1764871088.685360,20.999
1764871088.709787,3670,256,1764871088.688773,21.014
1764871088.712897,3671,256,1764871088.691987,20.910
1764871088.716374,3672,256,1764871088.695444,20.930
1764871088.719839,3673,256,1764871088.698771,21.068
1764871088.723166,3674,256,1764871088.702062,21.104
1764871088.726336,3675,256,1764871088.705361,20.974
1764871088.729641,3676,256,1764871088.708678,20.963
1764871088.732999,3677,256,1764871088.711994,21.005
1764871088.736377,3678,256,1764871088.715367,21.009
1764871088.739529,3679,256,1764871088.718664,20.865
1764871088.742893,3680,256,1764871088.721994,20.900
1764871088.746187,3681,256,1764871088.725354,20.833
1764871088.749568,3682,256,1764871088.728688,20.880
1764871088.752905,3683,256,1764871088.732001,20.904
1764871088.756318,3684,256,1764871088.735346,20.972
1764871088.759748,3685,256,1764871088.738687,21.061
1764871088.763008,3686,256,1764871088.741985,21.022
1764871088.766221,3687,256,1764871088.745325,20.896
1764871088.769624,3688,256,1764871088.748651,20.973
1764871088.772967,3689,256,1764871088.751980,20.987
1764871088.776227,3690,256,1764871088.755313,20.914
1764871088.779659,3691,256,1764871088.758689,20.970
1764871088.782947,3692,256,1764871088.761982,20.965
1764871088.786185,3693,256,1764871088.765344,20.841
1764871088.789642,3694,256,1764871088.768681,20.961
1764871088.792992,3695,256,1764871088.771988,21.004
1764871088.796221,3696,256,1764871088.775350,20.872
1764871088.799644,3697,256,1764871088.778676,20.967
1764871088.802982,3698,256,1764871088.781991,20.991
1764871088.806252,3699,256,1764871088.785350,20.902
1764871088.809651,3700,256,1764871088.788682,20.968
1764871088.812972,3701,256,1764871088.791987,20.985
1764871088.816226,3702,256,1764871088.795341,20.885
1764871088.819634,3703,256,1764871088.798671,20.963
1764871088.822972,3704,256,1764871088.801989,20.983
1764871088.826214,3705,256,1764871088.805338,20.876
1764871088.829676,3706,256,1764871088.808697,20.979
1764871088.832964,3707,256,1764871088.812004,20.960
1764871088.836229,3708,256,1764871088.815347,20.882
1764871088.839631,3709,256,1764871088.818675,20.956
1764871088.842995,3710,256,1764871088.822000,20.995
1764871088.846302,3711,256,1764871088.825349,20.953
1764871088.849610,3712,256,1764871088.828681,20.929
1764871088.852956,3713,256,1764871088.832000,20.957
1764871088.856380,3714,256,1764871088.835382,20.998
1764871088.859630,3715,256,1764871088.838686,20.944
1764871088.862971,3716,256,1764871088.841992,20.979
1764871088.866383,3717,256,1764871088.845382,21.001
1764871088.869643,3718,256,1764871088.848686,20.957
1764871088.872997,3719,256,1764871088.852003,20.994
1764871088.876377,3720,256,1764871088.855371,21.006
1764871088.879657,3721,256,1764871088.858685,20.972
1764871088.882958,3722,256,1764871088.861984,20.974
1764871088.886392,3723,256,1764871088.865380,21.012
1764871088.889644,3724,256,1764871088.868683,20.961
1764871088.892962,3725,256,1764871088.871989,20.973
1764871088.896289,3726,256,1764871088.875345,20.944
1764871088.899628,3727,256,1764871088.878676,20.952
1764871088.902934,3728,256,1764871088.881992,20.941
1764871088.906419,3729,256,1764871088.885380,21.039
1764871088.909730,3730,256,1764871088.888672,21.058
1764871088.913074,3731,256,1764871088.892010,21.065
1764871088.916574,3732,256,1764871088.895520,21.053
1764871088.919810,3733,256,1764871088.898744,21.066
1764871088.923105,3734,256,1764871088.902054,21.051
1764871088.926415,3735,256,1764871088.905371,21.044
1764871088.929770,3736,256,1764871088.908679,21.092
1764871088.933021,3737,256,1764871088.912060,20.961
1764871088.936380,3738,256,1764871088.915342,21.038
1764871088.939636,3739,256,1764871088.918685,20.951
1764871088.942936,3740,256,1764871088.922025,20.911
1764871088.946360,3741,256,1764871088.925350,21.009
1764871088.949704,3742,256,1764871088.928752,20.952
1764871088.952933,3743,256,1764871088.932020,20.913
1764871088.956334,3744,256,1764871088.935380,20.954
1764871088.959672,3745,256,1764871088.938758,20.914
1764871088.962852,3746,256,1764871088.941990,20.861
1764871088.966270,3747,256,1764871088.945366,20.905
1764871088.969641,3748,256,1764871088.948661,20.980
1764871088.972938,3749,256,1764871088.951988,20.950
1764871088.976453,3750,256,1764871088.955379,21.075
1764871088.979697,3751,256,1764871088.958678,21.019
1764871088.982924,3752,256,1764871088.961991,20.932
1764871088.986358,3753,256,1764871088.965357,21.001
1764871088.989651,3754,256,1764871088.968687,20.963
1764871088.992967,3755,256,1764871088.971988,20.979
1764871088.996478,3756,256,1764871088.975379,21.100
1764871088.999778,3757,256,1764871088.978739,21.039
1764871089.002983,3758,256,1764871088.981998,20.986
1764871089.006341,3759,256,1764871088.985363,20.977
1764871089.009661,3760,256,1764871088.988649,21.012
1764871089.013069,3761,256,1764871088.991984,21.085
1764871089.016419,3762,256,1764871088.995376,21.043
1764871089.019696,3763,256,1764871088.998679,21.017
1764871089.022903,3764,256,1764871089.001987,20.916
1764871089.026521,3765,256,1764871089.005382,21.138
1764871089.030088,3766,256,1764871089.008810,21.278
1764871089.033077,3767,256,1764871089.012004,21.072
1764871089.036705,3768,256,1764871089.015527,21.178
1764871089.040103,3769,256,1764871089.018866,21.237
1764871089.043280,3770,256,1764871089.022109,21.171
1764871089.046553,3771,256,1764871089.025481,21.072
1764871089.050042,3772,256,1764871089.028869,21.173
1764871089.053018,3773,256,1764871089.031993,21.025
1764871089.056536,3774,256,1764871089.035442,21.094
1764871089.059912,3775,256,1764871089.038776,21.136
1764871089.063066,3776,256,1764871089.041995,21.071
1764871089.066421,3777,256,1764871089.045359,21.063
1764871089.069855,3778,256,1764871089.048788,21.067
1764871089.073105,3779,256,1764871089.052016,21.089
1764871089.076329,3780,256,1764871089.055363,20.965
1764871089.079907,3781,256,1764871089.058776,21.131
1764871089.083102,3782,256,1764871089.062022,21.080
1764871089.086368,3783,256,1764871089.065364,21.005
1764871089.089878,3784,256,1764871089.068760,21.118
1764871089.092982,3785,256,1764871089.072007,20.975
1764871089.096325,3786,256,1764871089.075365,20.959
1764871089.099912,3787,256,1764871089.078773,21.139
1764871089.102914,3788,256,1764871089.082021,20.892
1764871089.106316,3789,256,1764871089.085352,20.964
1764871089.109815,3790,256,1764871089.088774,21.040
1764871089.112923,3791,256,1764871089.092017,20.906
1764871089.116270,3792,256,1764871089.095367,20.902
1764871089.119701,3793,256,1764871089.098773,20.928
1764871089.122942,3794,256,1764871089.102015,20.927
1764871089.126316,3795,256,1764871089.105361,20.955
1764871089.129710,3796,256,1764871089.108781,20.930
1764871089.132941,3797,256,1764871089.112005,20.936
1764871089.136280,3798,256,1764871089.115361,20.919
1764871089.139699,3799,256,1764871089.118767,20.931
1764871089.142889,3800,256,1764871089.121996,20.894
1764871089.146268,3801,256,1764871089.125364,20.904
1764871089.149652,3802,256,1764871089.128770,20.881
1764871089.152839,3803,256,1764871089.131990,20.849
1764871089.156247,3804,256,1764871089.135359,20.888
1764871089.159638,3805,256,1764871089.138767,20.871
1764871089.162802,3806,256,1764871089.141988,20.813
1764871089.166221,3807,256,1764871089.145362,20.859
1764871089.169506,3808,256,1764871089.148665,20.840
1764871089.172856,3809,256,1764871089.151975,20.881
1764871089.176189,3810,256,1764871089.155332,20.857
1764871089.179529,3811,256,1764871089.158643,20.885
1764871089.182879,3812,256,1764871089.161992,20.887
1764871089.186194,3813,256,1764871089.165332,20.861
1764871089.189694,3814,256,1764871089.168687,21.007
1764871089.192942,3815,256,1764871089.172001,20.941
1764871089.196237,3816,256,1764871089.175362,20.876
1764871089.199594,3817,256,1764871089.178685,20.910
1764871089.202958,3818,256,1764871089.182035,20.923
1764871089.206361,3819,256,1764871089.185364,20.996
1764871089.209726,3820,256,1764871089.188769,20.957
1764871089.213161,3821,256,1764871089.191992,21.169
1764871089.216378,3822,256,1764871089.195328,21.050
1764871089.219980,3823,256,1764871089.198782,21.197
1764871089.223219,3824,256,1764871089.202060,21.159
1764871089.226534,3825,256,1764871089.205355,21.180
1764871089.229926,3826,256,1764871089.208711,21.215
1764871089.233226,3827,256,1764871089.212004,21.222
1764871089.236438,3828,256,1764871089.215486,20.952
1764871089.239971,3829,256,1764871089.218868,21.103
1764871089.243248,3830,256,1764871089.222100,21.149
1764871089.246516,3831,256,1764871089.225586,20.930
1764871089.249787,3832,256,1764871089.228863,20.924
1764871089.253028,3833,256,1764871089.232151,20.877
1764871089.256402,3834,256,1764871089.235428,20.975
1764871089.259628,3835,256,1764871089.238724,20.904
1764871089.262994,3836,256,1764871089.242122,20.872
1764871089.266498,3837,256,1764871089.245528,20.971
1764871089.269892,3838,256,1764871089.248912,20.980
1764871089.273049,3839,256,1764871089.252141,20.909
1764871089.276463,3840,256,1764871089.255519,20.944
1764871089.279804,3841,256,1764871089.258856,20.949
1764871089.283098,3842,256,1764871089.262166,20.933
1764871089.286499,3843,256,1764871089.265554,20.945
1764871089.289899,3844,256,1764871089.268925,20.974
1764871089.293195,3845,256,1764871089.272152,21.044
1764871089.296449,3846,256,1764871089.275506,20.943
1764871089.299787,3847,256,1764871089.278838,20.949
1764871089.303179,3848,256,1764871089.282152,21.028
1764871089.306419,3849,256,1764871089.285495,20.924
1764871089.309841,3850,256,1764871089.288872,20.969
1764871089.312842,3851,256,1764871089.291994,20.847
1764871089.316274,3852,256,1764871089.295362,20.911
1764871089.319724,3853,256,1764871089.298797,20.926
1764871089.322954,3854,256,1764871089.301989,20.966
1764871089.326259,3855,256,1764871089.305360,20.899
1764871089.329711,3856,256,1764871089.308696,21.015
1764871089.332978,3857,256,1764871089.311986,20.992
1764871089.336207,3858,256,1764871089.315337,20.870
1764871089.339645,3859,256,1764871089.318686,20.959
1764871089.342986,3860,256,1764871089.321999,20.987
1764871089.346271,3861,256,1764871089.325370,20.902
1764871089.349875,3862,256,1764871089.328757,21.118
1764871089.353155,3863,256,1764871089.332078,21.078
1764871089.356406,3864,256,1764871089.335489,20.916
1764871089.359764,3865,256,1764871089.338808,20.957
1764871089.362960,3866,256,1764871089.342061,20.899
1764871089.366377,3867,256,1764871089.345515,20.862
1764871089.369645,3868,256,1764871089.348763,20.881
1764871089.372905,3869,256,1764871089.352051,20.854
1764871089.376267,3870,256,1764871089.355458,20.810
1764871089.379484,3871,256,1764871089.358682,20.802
1764871089.382807,3872,256,1764871089.361982,20.825
1764871089.386137,3873,256,1764871089.365324,20.813
1764871089.389457,3874,256,1764871089.368650,20.807
1764871089.392865,3875,256,1764871089.371985,20.880
1764871089.396347,3876,256,1764871089.375477,20.870
1764871089.399748,3877,256,1764871089.378810,20.938
1764871089.402841,3878,256,1764871089.381985,20.856
1764871089.406165,3879,256,1764871089.385328,20.837
1764871089.409512,3880,256,1764871089.388662,20.850
1764871089.412866,3881,256,1764871089.391986,20.880
1764871089.416240,3882,256,1764871089.395361,20.879
1764871089.419743,3883,256,1764871089.398772,20.972
1764871089.422865,3884,256,1764871089.401990,20.875
1764871089.426253,3885,256,1764871089.405357,20.895
1764871089.429686,3886,256,1764871089.408768,20.918
1764871089.432960,3887,256,1764871089.411990,20.970
1764871089.436181,3888,256,1764871089.415329,20.852
1764871089.439842,3889,256,1764871089.418765,21.077
1764871089.442810,3890,256,1764871089.421990,20.820
1764871089.446408,3891,256,1764871089.425478,20.930
1764871089.449716,3892,256,1764871089.428766,20.950
1764871089.453243,3893,256,1764871089.432064,21.179
1764871089.456448,3894,256,1764871089.435484,20.964
1764871089.459687,3895,256,1764871089.438749,20.938
1764871089.463051,3896,256,1764871089.442083,20.968
1764871089.466504,3897,256,1764871089.445415,21.089
1764871089.469704,3898,256,1764871089.448710,20.994
1764871089.472917,3899,256,1764871089.451990,20.927
1764871089.476529,3900,256,1764871089.455351,21.178
1764871089.479779,3901,256,1764871089.458676,21.103
1764871089.483001,3902,256,1764871089.461992,21.008
1764871089.486534,3903,256,1764871089.465461,21.072
1764871089.489840,3904,256,1764871089.468869,20.971
1764871089.492944,3905,256,1764871089.472033,20.911
1764871089.496352,3906,256,1764871089.475492,20.860
1764871089.499829,3907,256,1764871089.478861,20.968
1764871089.502939,3908,256,1764871089.482028,20.911
1764871089.506290,3909,256,1764871089.485381,20.910
1764871089.509590,3910,256,1764871089.488703,20.886
1764871089.512885,3911,256,1764871089.491999,20.886
1764871089.516382,3912,256,1764871089.495364,21.018
1764871089.519843,3913,256,1764871089.498874,20.969
1764871089.522961,3914,256,1764871089.502025,20.936
1764871089.526235,3915,256,1764871089.505370,20.864
1764871089.529726,3916,256,1764871089.508807,20.919
1764871089.532966,3917,256,1764871089.512066,20.900
1764871089.536309,3918,256,1764871089.515439,20.869
1764871089.539728,3919,256,1764871089.518834,20.894
1764871089.542948,3920,256,1764871089.522018,20.930
1764871089.546216,3921,256,1764871089.525348,20.868
1764871089.549736,3922,256,1764871089.528807,20.929
1764871089.552878,3923,256,1764871089.531991,20.887
1764871089.556237,3924,256,1764871089.535343,20.894
1764871089.559701,3925,256,1764871089.538790,20.911
1764871089.562949,3926,256,1764871089.542080,20.869
1764871089.566386,3927,256,1764871089.545490,20.896
1764871089.569718,3928,256,1764871089.548852,20.866
1764871089.573066,3929,256,1764871089.552097,20.969
1764871089.576307,3930,256,1764871089.555391,20.916
1764871089.579722,3931,256,1764871089.558796,20.926
1764871089.582846,3932,256,1764871089.561990,20.856
1764871089.586300,3933,256,1764871089.565310,20.990
1764871089.589697,3934,256,1764871089.568689,21.008
1764871089.592900,3935,256,1764871089.571982,20.919
1764871089.596375,3936,256,1764871089.575316,21.059
1764871089.599626,3937,256,1764871089.578687,20.938
1764871089.602891,3938,256,1764871089.581990,20.901
1764871089.606432,3939,256,1764871089.585371,21.060
1764871089.609717,3940,256,1764871089.588770,20.947
1764871089.612907,3941,256,1764871089.591999,20.908
1764871089.616339,3942,256,1764871089.595361,20.978
1764871089.619670,3943,256,1764871089.598721,20.950
1764871089.622912,3944,256,1764871089.601994,20.918
1764871089.626410,3945,256,1764871089.605368,21.042
1764871089.629954,3946,256,1764871089.608833,21.121
1764871089.633166,3947,256,1764871089.612084,21.082
1764871089.636500,3948,256,1764871089.615490,21.010
1764871089.639917,3949,256,1764871089.618914,21.002
1764871089.642943,3950,256,1764871089.622084,20.860
1764871089.646431,3951,256,1764871089.625507,20.924
1764871089.649810,3952,256,1764871089.628875,20.935
1764871089.652900,3953,256,1764871089.631993,20.907
1764871089.656207,3954,256,1764871089.635360,20.847
1764871089.659531,3955,256,1764871089.638669,20.862
1764871089.662861,3956,256,1764871089.641983,20.878
1764871089.666187,3957,256,1764871089.645334,20.853
1764871089.669766,3958,256,1764871089.648810,20.956
1764871089.672872,3959,256,1764871089.651989,20.883
1764871089.676286,3960,256,1764871089.655364,20.923
1764871089.679766,3961,256,1764871089.658803,20.963
1764871089.682900,3962,256,1764871089.661992,20.909
1764871089.686297,3963,256,1764871089.665363,20.934
1764871089.689590,3964,256,1764871089.668663,20.926
1764871089.692835,3965,256,1764871089.671986,20.849
1764871089.696359,3966,256,1764871089.675362,20.997
1764871089.699868,3967,256,1764871089.678796,21.072
1764871089.702877,3968,256,1764871089.681992,20.885
1764871089.706432,3969,256,1764871089.685365,21.066
1764871089.709566,3970,256,1764871089.688653,20.914
1764871089.712806,3971,256,1764871089.691976,20.830
1764871089.716294,3972,256,1764871089.695445,20.849
1764871089.719550,3973,256,1764871089.698683,20.868
1764871089.722855,3974,256,1764871089.701995,20.861
1764871089.726216,3975,256,1764871089.705344,20.872
1764871089.729597,3976,256,1764871089.708724,20.873
1764871089.732890,3977,256,1764871089.711992,20.899
1764871089.736206,3978,256,1764871089.715329,20.877
1764871089.739510,3979,256,1764871089.718660,20.851
1764871089.742829,3980,256,1764871089.721981,20.848
1764871089.746163,3981,256,1764871089.725328,20.835
1764871089.749506,3982,256,1764871089.728653,20.852
1764871089.752916,3983,256,1764871089.732023,20.893
1764871089.756405,3984,256,1764871089.735374,21.031
1764871089.759584,3985,256,1764871089.738682,20.902
1764871089.762899,3986,256,1764871089.741997,20.902
1764871089.766355,3987,256,1764871089.745426,20.929
1764871089.769594,3988,256,1764871089.748746,20.849
1764871089.772866,3989,256,1764871089.751999,20.867
1764871089.776288,3990,256,1764871089.755434,20.854
1764871089.779671,3991,256,1764871089.758784,20.887
1764871089.782891,3992,256,1764871089.762010,20.881
1764871089.786267,3993,256,1764871089.765425,20.842
1764871089.789485,3994,256,1764871089.768669,20.816
1764871089.792912,3995,256,1764871089.771991,20.921
1764871089.796157,3996,256,1764871089.775324,20.833
1764871089.799499,3997,256,1764871089.778673,20.826
1764871089.802881,3998,256,1764871089.782045,20.837
1764871089.806181,3999,256,1764871089.785344,20.837
1764871089.809502,4000,256,1764871089.788662,20.840
1764871089.812863,4001,256,1764871089.791987,20.876
1764871089.816184,4002,256,1764871089.795351,20.833
1764871089.819558,4003,256,1764871089.798673,20.885
1764871089.822883,4004,256,1764871089.801991,20.893
1764871089.826224,4005,256,1764871089.805327,20.897
1764871089.829865,4006,256,1764871089.808665,21.200
1764871089.832952,4007,256,1764871089.812030,20.921
1764871089.836318,4008,256,1764871089.815329,20.989
1764871089.839978,4009,256,1764871089.818860,21.119
1764871089.843012,4010,256,1764871089.822108,20.903
1764871089.846447,4011,256,1764871089.825437,21.010
1764871089.849722,4012,256,1764871089.828802,20.921
1764871089.853140,4013,256,1764871089.832128,21.012
1764871089.856500,4014,256,1764871089.835512,20.988
1764871089.859662,4015,256,1764871089.838677,20.985
1764871089.863067,4016,256,1764871089.842109,20.958
1764871089.866449,4017,256,1764871089.845463,20.986
1764871089.869814,4018,256,1764871089.848793,21.021
1764871089.873127,4019,256,1764871089.852026,21.101
1764871089.876426,4020,256,1764871089.855438,20.988
1764871089.879780,4021,256,1764871089.858773,21.008
1764871089.883171,4022,256,1764871089.862091,21.080
1764871089.886467,4023,256,1764871089.865375,21.091
1764871089.889865,4024,256,1764871089.868835,21.030
1764871089.893095,4025,256,1764871089.872022,21.074
1764871089.896444,4026,256,1764871089.875340,21.104
1764871089.899807,4027,256,1764871089.878816,20.991
1764871089.903099,4028,256,1764871089.882028,21.071
1764871089.906468,4029,256,1764871089.885377,21.092
1764871089.909659,4030,256,1764871089.888682,20.978
1764871089.912924,4031,256,1764871089.892005,20.918
1764871089.916503,4032,256,1764871089.895489,21.014
1764871089.919813,4033,256,1764871089.898836,20.977
1764871089.922982,4034,256,1764871089.902029,20.953
1764871089.926479,4035,256,1764871089.905477,21.002
1764871089.929659,4036,256,1764871089.908723,20.936
1764871089.932999,4037,256,1764871089.911996,21.004
1764871089.936320,4038,256,1764871089.915371,20.949
1764871089.939743,4039,256,1764871089.918673,21.070
1764871089.943142,4040,256,1764871089.922087,21.055
1764871089.946486,4041,256,1764871089.925487,20.999
1764871089.949801,4042,256,1764871089.928705,21.096
1764871089.953183,4043,256,1764871089.932097,21.086
1764871089.956360,4044,256,1764871089.935370,20.990
1764871089.959908,4045,256,1764871089.938795,21.112
1764871089.962966,4046,256,1764871089.942075,20.891
1764871089.966527,4047,256,1764871089.945482,21.045
1764871089.969853,4048,256,1764871089.948814,21.039
1764871089.973023,4049,256,1764871089.952017,21.006
1764871089.976437,4050,256,1764871089.955367,21.070
1764871089.979668,4051,256,1764871089.958690,20.978
1764871089.982884,4052,256,1764871089.962001,20.883
1764871089.986197,4053,256,1764871089.965351,20.846
1764871089.989598,4054,256,1764871089.968734,20.864
1764871089.992950,4055,256,1764871089.971991,20.959
1764871089.996312,4056,256,1764871089.975405,20.907
1764871089.999796,4057,256,1764871089.978790,21.006
1764871090.002912,4058,256,1764871089.981991,20.921
1764871090.006259,4059,256,1764871089.985355,20.904
1764871090.009534,4060,256,1764871089.988649,20.886
1764871090.012902,4061,256,1764871089.991990,20.912
1764871090.016346,4062,256,1764871089.995376,20.969
1764871090.019860,4063,256,1764871089.998850,21.010
1764871090.022988,4064,256,1764871090.002023,20.965
1764871090.026369,4065,256,1764871090.005385,20.984
1764871090.029887,4066,256,1764871090.008852,21.034
1764871090.033059,4067,256,1764871090.012013,21.046
1764871090.036541,4068,256,1764871090.015523,21.018
1764871090.040041,4069,256,1764871090.018847,21.195
1764871090.043064,4070,256,1764871090.022012,21.052
1764871090.046393,4071,256,1764871090.025361,21.032
1764871090.049891,4072,256,1764871090.028769,21.123
1764871090.053061,4073,256,1764871090.032003,21.057
1764871090.056338,4074,256,1764871090.035358,20.980
1764871090.059942,4075,256,1764871090.038768,21.175
1764871090.063069,4076,256,1764871090.042012,21.057
1764871090.066340,4077,256,1764871090.045360,20.979
1764871090.069905,4078,256,1764871090.048769,21.136
1764871090.073028,4079,256,1764871090.052011,21.018
1764871090.076352,4080,256,1764871090.055361,20.991
1764871090.079912,4081,256,1764871090.058783,21.128
1764871090.082982,4082,256,1764871090.062011,20.972
1764871090.086468,4083,256,1764871090.065359,21.109
1764871090.089886,4084,256,1764871090.068758,21.128
1764871090.092985,4085,256,1764871090.071988,20.997
1764871090.096417,4086,256,1764871090.075364,21.053
1764871090.099953,4087,256,1764871090.078882,21.070
1764871090.102969,4088,256,1764871090.082003,20.966
1764871090.106434,4089,256,1764871090.085347,21.088
1764871090.109776,4090,256,1764871090.088675,21.100
1764871090.113058,4091,256,1764871090.092014,21.044
1764871090.116383,4092,256,1764871090.095361,21.022
1764871090.119880,4093,256,1764871090.098775,21.106
1764871090.123268,4094,256,1764871090.102119,21.148
1764871090.126393,4095,256,1764871090.105361,21.031
1764871090.129880,4096,256,1764871090.108781,21.100
1764871090.133106,4097,256,1764871090.112022,21.084
1764871090.136384,4098,256,1764871090.115361,21.023
1764871090.139725,4099,256,1764871090.118696,21.029
1764871090.143181,4100,256,1764871090.122108,21.072
1764871090.146399,4101,256,1764871090.125453,20.946
1764871090.149860,4102,256,1764871090.128764,21.096
1764871090.153123,4103,256,1764871090.132127,20.996
1764871090.156272,4104,256,1764871090.135353,20.919
1764871090.159809,4105,256,1764871090.138760,21.049
1764871090.162996,4106,256,1764871090.142006,20.990
1764871090.166389,4107,256,1764871090.145365,21.025
1764871090.169839,4108,256,1764871090.148774,21.065
1764871090.173027,4109,256,1764871090.152014,21.013
1764871090.176340,4110,256,1764871090.155360,20.979
1764871090.179748,4111,256,1764871090.158765,20.983
1764871090.183020,4112,256,1764871090.162004,21.016
1764871090.186339,4113,256,1764871090.165425,20.914
1764871090.189639,4114,256,1764871090.168697,20.942
1764871090.193054,4115,256,1764871090.172087,20.967
1764871090.196247,4116,256,1764871090.175339,20.908
1764871090.199761,4117,256,1764871090.178759,21.002
1764871090.203062,4118,256,1764871090.182092,20.970
1764871090.206453,4119,256,1764871090.185411,21.042
1764871090.209641,4120,256,1764871090.188745,20.896
1764871090.212909,4121,256,1764871090.191986,20.923
1764871090.216313,4122,256,1764871090.195368,20.946
1764871090.219760,4123,256,1764871090.198759,21.001
1764871090.223012,4124,256,1764871090.202009,21.003
1764871090.226500,4125,256,1764871090.205410,21.090
1764871090.229809,4126,256,1764871090.208682,21.127
1764871090.233034,4127,256,1764871090.212010,21.024
1764871090.236427,4128,256,1764871090.215358,21.069
1764871090.239815,4129,256,1764871090.218684,21.131
1764871090.243264,4130,256,1764871090.222023,21.241
1764871090.246769,4131,256,1764871090.225501,21.268
1764871090.250147,4132,256,1764871090.228870,21.276
1764871090.253378,4133,256,1764871090.232072,21.306
1764871090.256535,4134,256,1764871090.235466,21.069
1764871090.259861,4135,256,1764871090.238696,21.165
1764871090.263160,4136,256,1764871090.242009,21.151
1764871090.266493,4137,256,1764871090.245380,21.112
1764871090.269860,4138,256,1764871090.248678,21.182
1764871090.273297,4139,256,1764871090.252017,21.280
1764871090.276479,4140,256,1764871090.255373,21.106
1764871090.279909,4141,256,1764871090.258691,21.218
1764871090.283204,4142,256,1764871090.261993,21.211
1764871090.286543,4143,256,1764871090.265443,21.101
1764871090.290001,4144,256,1764871090.268856,21.145
1764871090.293258,4145,256,1764871090.272070,21.188
1764871090.296546,4146,256,1764871090.275433,21.113
1764871090.300076,4147,256,1764871090.278857,21.219
1764871090.303127,4148,256,1764871090.282009,21.118
1764871090.306672,4149,256,1764871090.285538,21.134
1764871090.309940,4150,256,1764871090.288764,21.175
1764871090.313278,4151,256,1764871090.292042,21.236
1764871090.316671,4152,256,1764871090.295575,21.096
1764871090.320057,4153,256,1764871090.298863,21.194
1764871090.322999,4154,256,1764871090.302001,20.999
1764871090.326343,4155,256,1764871090.305426,20.916
1764871090.329877,4156,256,1764871090.308769,21.109
1764871090.333204,4157,256,1764871090.312082,21.122
1764871090.336462,4158,256,1764871090.315519,20.943
1764871090.339936,4159,256,1764871090.318926,21.010
1764871090.343156,4160,256,1764871090.322060,21.096
1764871090.346282,4161,256,1764871090.325362,20.920
1764871090.349691,4162,256,1764871090.328757,20.934
1764871090.353126,4163,256,1764871090.332062,21.065
1764871090.356430,4164,256,1764871090.335523,20.907
1764871090.359915,4165,256,1764871090.338806,21.109
1764871090.362891,4166,256,1764871090.341982,20.909
1764871090.366414,4167,256,1764871090.345466,20.947
1764871090.369610,4168,256,1764871090.348680,20.931
1764871090.373172,4169,256,1764871090.352069,21.104
1764871090.376324,4170,256,1764871090.355378,20.946
1764871090.379628,4171,256,1764871090.358696,20.932
1764871090.383009,4172,256,1764871090.362017,20.993
1764871090.386232,4173,256,1764871090.365345,20.887
1764871090.389620,4174,256,1764871090.368695,20.925
1764871090.392908,4175,256,1764871090.372014,20.894
1764871090.396263,4176,256,1764871090.375360,20.903
1764871090.399662,4177,256,1764871090.378680,20.982
1764871090.402874,4178,256,1764871090.382004,20.870
1764871090.406242,4179,256,1764871090.385362,20.880
1764871090.409517,4180,256,1764871090.388647,20.869
1764871090.413133,4181,256,1764871090.392075,21.058
1764871090.416296,4182,256,1764871090.395371,20.925
1764871090.419671,4183,256,1764871090.398762,20.909
1764871090.422884,4184,256,1764871090.401987,20.897
1764871090.426302,4185,256,1764871090.405409,20.893
1764871090.429787,4186,256,1764871090.408742,21.044
1764871090.432995,4187,256,1764871090.412022,20.972
1764871090.436380,4188,256,1764871090.415437,20.942
1764871090.439679,4189,256,1764871090.418754,20.924
1764871090.443041,4190,256,1764871090.422030,21.010
1764871090.446481,4191,256,1764871090.425518,20.963
1764871090.449570,4192,256,1764871090.428686,20.884
1764871090.452879,4193,256,1764871090.432006,20.873
1764871090.456486,4194,256,1764871090.435516,20.971
1764871090.459777,4195,256,1764871090.438753,21.024
1764871090.463226,4196,256,1764871090.442021,21.205
1764871090.466543,4197,256,1764871090.445445,21.098
1764871090.469750,4198,256,1764871090.448766,20.983
1764871090.472999,4199,256,1764871090.451993,21.007
1764871090.476399,4200,256,1764871090.455456,20.943
1764871090.479769,4201,256,1764871090.458707,21.062
1764871090.482882,4202,256,1764871090.461991,20.891
1764871090.486479,4203,256,1764871090.465495,20.984
1764871090.489897,4204,256,1764871090.468858,21.039
1764871090.493028,4205,256,1764871090.472061,20.967
1764871090.496328,4206,256,1764871090.475358,20.970
1764871090.499866,4207,256,1764871090.478703,21.162
1764871090.503154,4208,256,1764871090.482073,21.081
1764871090.506363,4209,256,1764871090.485364,20.999
1764871090.509756,4210,256,1764871090.488763,20.993
1764871090.513025,4211,256,1764871090.492058,20.967
1764871090.516362,4212,256,1764871090.495357,21.005
1764871090.519805,4213,256,1764871090.498699,21.106
1764871090.523146,4214,256,1764871090.502043,21.103
1764871090.526530,4215,256,1764871090.505493,21.037
1764871090.529937,4216,256,1764871090.508683,21.253
1764871090.533177,4217,256,1764871090.512003,21.173
1764871090.536501,4218,256,1764871090.515384,21.117
1764871090.539846,4219,256,1764871090.518759,21.087
1764871090.543193,4220,256,1764871090.522046,21.147
1764871090.546501,4221,256,1764871090.525480,21.022
1764871090.549803,4222,256,1764871090.528698,21.104
1764871090.553026,4223,256,1764871090.532075,20.951
1764871090.556479,4224,256,1764871090.535379,21.100
1764871090.559743,4225,256,1764871090.538692,21.051
1764871090.563134,4226,256,1764871090.542062,21.073
1764871090.566583,4227,256,1764871090.545526,21.057
1764871090.569877,4228,256,1764871090.548719,21.158
1764871090.573031,4229,256,1764871090.552053,20.979
1764871090.576508,4230,256,1764871090.555496,21.011
1764871090.579745,4231,256,1764871090.558695,21.050
1764871090.583038,4232,256,1764871090.562053,20.985
1764871090.586318,4233,256,1764871090.565353,20.965
1764871090.589785,4234,256,1764871090.568712,21.072
1764871090.592976,4235,256,1764871090.571994,20.982
1764871090.596385,4236,256,1764871090.575368,21.017
1764871090.599672,4237,256,1764871090.578738,20.934
1764871090.603018,4238,256,1764871090.582073,20.945
1764871090.606410,4239,256,1764871090.585357,21.054
1764871090.609710,4240,256,1764871090.588659,21.051
1764871090.613009,4241,256,1764871090.591990,21.019
1764871090.616373,4242,256,1764871090.595355,21.018
1764871090.619723,4243,256,1764871090.598654,21.068
1764871090.623019,4244,256,1764871090.602026,20.993
1764871090.626467,4245,256,1764871090.605423,21.044
1764871090.629805,4246,256,1764871090.608754,21.050
1764871090.633107,4247,256,1764871090.612054,21.053
1764871090.636527,4248,256,1764871090.615426,21.101
1764871090.639870,4249,256,1764871090.618733,21.138
1764871090.643093,4250,256,1764871090.622002,21.091
1764871090.646551,4251,256,1764871090.625363,21.188
1764871090.649787,4252,256,1764871090.628678,21.110
1764871090.652968,4253,256,1764871090.631993,20.975
1764871090.656448,4254,256,1764871090.635359,21.089
1764871090.659961,4255,256,1764871090.638786,21.175
1764871090.663105,4256,256,1764871090.642017,21.088
1764871090.666427,4257,256,1764871090.645375,21.053
1764871090.669751,4258,256,1764871090.648677,21.074
1764871090.673022,4259,256,1764871090.651955,21.066
1764871090.676513,4260,256,1764871090.655361,21.152
1764871090.679946,4261,256,1764871090.658768,21.178
1764871090.682987,4262,256,1764871090.661991,20.996
1764871090.686471,4263,256,1764871090.665337,21.134
1764871090.689946,4264,256,1764871090.668878,21.068
1764871090.693038,4265,256,1764871090.671988,21.050
1764871090.696588,4266,256,1764871090.675473,21.115
1764871090.699847,4267,256,1764871090.678750,21.096
1764871090.703049,4268,256,1764871090.682039,21.011
1764871090.706470,4269,256,1764871090.685353,21.117
1764871090.709652,4270,256,1764871090.688756,20.896
1764871090.712939,4271,256,1764871090.692010,20.928
1764871090.716530,4272,256,1764871090.695511,21.019
1764871090.719748,4273,256,1764871090.698756,20.993
1764871090.723007,4274,256,1764871090.702004,21.003
1764871090.727563,4275,256,1764871090.706371,21.192
1764871090.729771,4276,256,1764871090.708676,21.095
1764871090.733268,4277,256,1764871090.712168,21.100
1764871090.736349,4278,256,1764871090.715333,21.016
1764871090.739816,4279,256,1764871090.718669,21.147
1764871090.743048,4280,256,1764871090.721998,21.050
1764871090.746572,4281,256,1764871090.725471,21.100
1764871090.749737,4282,256,1764871090.728693,21.044
1764871090.753052,4283,256,1764871090.732014,21.038
1764871090.756395,4284,256,1764871090.735368,21.027
1764871090.759667,4285,256,1764871090.738688,20.979
1764871090.763033,4286,256,1764871090.742018,21.015
1764871090.766475,4287,256,1764871090.745432,21.042
1764871090.769921,4288,256,1764871090.748697,21.224
1764871090.772970,4289,256,1764871090.752000,20.969
1764871090.776510,4290,256,1764871090.755438,21.072
1764871090.779774,4291,256,1764871090.758726,21.048
1764871090.783072,4292,256,1764871090.762115,20.957
1764871090.786525,4293,256,1764871090.765436,21.089
1764871090.789887,4294,256,1764871090.768778,21.110
1764871090.792970,4295,256,1764871090.772073,20.898
1764871090.796352,4296,256,1764871090.775361,20.991
1764871090.799617,4297,256,1764871090.778687,20.930
1764871090.802978,4298,256,1764871090.782058,20.921
1764871090.806345,4299,256,1764871090.785370,20.975
1764871090.809703,4300,256,1764871090.788731,20.972
1764871090.812895,4301,256,1764871090.791998,20.896
1764871090.816299,4302,256,1764871090.795345,20.954
1764871090.819638,4303,256,1764871090.798690,20.948
1764871090.822961,4304,256,1764871090.801988,20.973
1764871090.826280,4305,256,1764871090.805364,20.916
1764871090.829751,4306,256,1764871090.808737,21.014
1764871090.832968,4307,256,1764871090.811981,20.988
1764871090.836253,4308,256,1764871090.815344,20.909
1764871090.839772,4309,256,1764871090.818769,21.004
1764871090.843109,4310,256,1764871090.822048,21.061
1764871090.846393,4311,256,1764871090.825325,21.068
1764871090.849665,4312,256,1764871090.828679,20.986
1764871090.853073,4313,256,1764871090.832009,21.064
1764871090.856381,4314,256,1764871090.835352,21.028
1764871090.859780,4315,256,1764871090.838748,21.032
1764871090.862994,4316,256,1764871090.841997,20.997
1764871090.866321,4317,256,1764871090.845356,20.965
1764871090.869896,4318,256,1764871090.848866,21.030
1764871090.873016,4319,256,1764871090.851995,21.021
1764871090.876259,4320,256,1764871090.855338,20.921
1764871090.880004,4321,256,1764871090.858863,21.141
1764871090.883162,4322,256,1764871090.862067,21.094
1764871090.886482,4323,256,1764871090.865485,20.997
1764871090.889930,4324,256,1764871090.868799,21.131
1764871090.893264,4325,256,1764871090.872155,21.109
1764871090.896487,4326,256,1764871090.875512,20.975
1764871090.899734,4327,256,1764871090.878690,21.044
1764871090.903088,4328,256,1764871090.882004,21.084
1764871090.906444,4329,256,1764871090.885476,20.967
1764871090.909702,4330,256,1764871090.888695,21.007
1764871090.913041,4331,256,1764871090.892060,20.981
1764871090.916581,4332,256,1764871090.895490,21.091
1764871090.920046,4333,256,1764871090.898834,21.212
1764871090.923103,4334,256,1764871090.902068,21.035
1764871090.926448,4335,256,1764871090.905359,21.088
1764871090.930014,4336,256,1764871090.908848,21.166
1764871090.932978,4337,256,1764871090.912068,20.909
1764871090.936498,4338,256,1764871090.915487,21.011
1764871090.940070,4339,256,1764871090.918846,21.224
1764871090.943076,4340,256,1764871090.922019,21.057
1764871090.946327,4341,256,1764871090.925362,20.965
1764871090.950017,4342,256,1764871090.928697,21.320
1764871090.953124,4343,256,1764871090.932036,21.088
1764871090.956790,4344,256,1764871090.935365,21.425
1764871090.959851,4345,256,1764871090.938797,21.054
1764871090.962924,4346,256,1764871090.942000,20.924
1764871090.966300,4347,256,1764871090.945347,20.953
1764871090.969845,4348,256,1764871090.948773,21.071
1764871090.972960,4349,256,1764871090.952017,20.944
1764871090.976557,4350,256,1764871090.955366,21.192
1764871090.979679,4351,256,1764871090.958700,20.979
1764871090.982959,4352,256,1764871090.962003,20.956
1764871090.986249,4353,256,1764871090.965354,20.895
1764871090.989605,4354,256,1764871090.968691,20.913
1764871090.992985,4355,256,1764871090.972066,20.918
1764871090.996329,4356,256,1764871090.975381,20.948
1764871090.999847,4357,256,1764871090.978841,21.006
1764871091.002932,4358,256,1764871090.982012,20.919
1764871091.006455,4359,256,1764871090.985332,21.122
1764871091.010010,4360,256,1764871090.989043,20.967
1764871091.012963,4361,256,1764871090.992048,20.915
1764871091.016320,4362,256,1764871090.995342,20.978
1764871091.019617,4363,256,1764871090.998677,20.941
1764871091.022943,4364,256,1764871091.002010,20.933
1764871091.026328,4365,256,1764871091.005345,20.983
1764871091.029701,4366,256,1764871091.008690,21.010
1764871091.032964,4367,256,1764871091.012008,20.956
1764871091.036336,4368,256,1764871091.015355,20.981
1764871091.039651,4369,256,1764871091.018691,20.960
1764871091.042983,4370,256,1764871091.022020,20.963
1764871091.046353,4371,256,1764871091.025367,20.986
1764871091.049644,4372,256,1764871091.028684,20.959
1764871091.052973,4373,256,1764871091.032018,20.955
1764871091.056287,4374,256,1764871091.035347,20.941
1764871091.059592,4375,256,1764871091.038673,20.918
1764871091.062953,4376,256,1764871091.042018,20.935
1764871091.066334,4377,256,1764871091.045352,20.983
1764871091.069679,4378,256,1764871091.048714,20.965
1764871091.072889,4379,256,1764871091.052000,20.890
1764871091.076278,4380,256,1764871091.055359,20.919
1764871091.079736,4381,256,1764871091.058680,21.056
1764871091.082922,4382,256,1764871091.062001,20.920
1764871091.086314,4383,256,1764871091.065346,20.969
1764871091.089685,4384,256,1764871091.068672,21.013
1764871091.092974,4385,256,1764871091.072011,20.962
1764871091.096371,4386,256,1764871091.075428,20.943
1764871091.099741,4387,256,1764871091.078669,21.072
1764871091.102992,4388,256,1764871091.082061,20.932
1764871091.106342,4389,256,1764871091.085348,20.994
1764871091.109681,4390,256,1764871091.088684,20.997
1764871091.113045,4391,256,1764871091.092069,20.976
1764871091.116345,4392,256,1764871091.095365,20.980
1764871091.119653,4393,256,1764871091.098693,20.959
1764871091.123002,4394,256,1764871091.102076,20.926
1764871091.126512,4395,256,1764871091.105425,21.087
1764871091.129653,4396,256,1764871091.108680,20.973
1764871091.133040,4397,256,1764871091.112006,21.035
1764871091.136370,4398,256,1764871091.115346,21.024
1764871091.139928,4399,256,1764871091.118777,21.151
1764871091.143089,4400,256,1764871091.122066,21.022
1764871091.146625,4401,256,1764871091.125468,21.157
1764871091.149890,4402,256,1764871091.128721,21.169
1764871091.153127,4403,256,1764871091.132023,21.104
1764871091.156286,4404,256,1764871091.135342,20.944
1764871091.159910,4405,256,1764871091.138782,21.128
1764871091.163003,4406,256,1764871091.142021,20.983
1764871091.166337,4407,256,1764871091.145365,20.972
1764871091.169878,4408,256,1764871091.148768,21.110
1764871091.172943,4409,256,1764871091.151989,20.954
1764871091.176349,4410,256,1764871091.155361,20.988
1764871091.179899,4411,256,1764871091.158772,21.127
1764871091.182988,4412,256,1764871091.161990,20.998
1764871091.186369,4413,256,1764871091.165361,21.009
1764871091.189993,4414,256,1764871091.168793,21.200
1764871091.192921,4415,256,1764871091.171983,20.938
1764871091.196457,4416,256,1764871091.175410,21.047
1764871091.199910,4417,256,1764871091.178757,21.153
1764871091.202885,4418,256,1764871091.181982,20.903
1764871091.206422,4419,256,1764871091.185358,21.063
1764871091.209721,4420,256,1764871091.188757,20.963
1764871091.212914,4421,256,1764871091.192013,20.901
1764871091.216251,4422,256,1764871091.195362,20.889
1764871091.219698,4423,256,1764871091.198771,20.926
1764871091.222846,4424,256,1764871091.201993,20.853
1764871091.226278,4425,256,1764871091.205341,20.937
1764871091.229604,4426,256,1764871091.208684,20.919
1764871091.232878,4427,256,1764871091.212013,20.865
1764871091.236298,4428,256,1764871091.215354,20.944
1764871091.239590,4429,256,1764871091.218692,20.898
1764871091.243084,4430,256,1764871091.221987,21.097
1764871091.246288,4431,256,1764871091.225329,20.959
1764871091.249653,4432,256,1764871091.228679,20.974
1764871091.252967,4433,256,1764871091.231980,20.987
1764871091.256338,4434,256,1764871091.235366,20.972
1764871091.259569,4435,256,1764871091.238658,20.911
1764871091.262973,4436,256,1764871091.241989,20.984
1764871091.266480,4437,256,1764871091.245408,21.072
1764871091.269879,4438,256,1764871091.248744,21.136
1764871091.273119,4439,256,1764871091.252051,21.068
1764871091.276507,4440,256,1764871091.255420,21.087
1764871091.279890,4441,256,1764871091.258753,21.137
1764871091.283219,4442,256,1764871091.262048,21.171
1764871091.286502,4443,256,1764871091.265429,21.074
1764871091.289963,4444,256,1764871091.268806,21.156
1764871091.293160,4445,256,1764871091.272015,21.145
1764871091.296663,4446,256,1764871091.275547,21.116
1764871091.299968,4447,256,1764871091.278834,21.135
1764871091.303114,4448,256,1764871091.282062,21.052
1764871091.306472,4449,256,1764871091.285421,21.051
1764871091.309922,4450,256,1764871091.288764,21.159
1764871091.313211,4451,256,1764871091.292063,21.148
1764871091.316449,4452,256,1764871091.295350,21.099
1764871091.319976,4453,256,1764871091.298840,21.136
1764871091.323184,4454,256,1764871091.302041,21.143
1764871091.326371,4455,256,1764871091.305408,20.962
1764871091.330099,4456,256,1764871091.308837,21.261
1764871091.333175,4457,256,1764871091.312070,21.105
1764871091.336471,4458,256,1764871091.315480,20.991
1764871091.339791,4459,256,1764871091.318763,21.028
1764871091.343166,4460,256,1764871091.322063,21.103
1764871091.346394,4461,256,1764871091.325361,21.033
1764871091.349881,4462,256,1764871091.328813,21.068
1764871091.353086,4463,256,1764871091.332006,21.080
1764871091.356485,4464,256,1764871091.335470,21.015
1764871091.359908,4465,256,1764871091.338841,21.067
1764871091.363126,4466,256,1764871091.342009,21.117
1764871091.366391,4467,256,1764871091.345381,21.010
1764871091.369716,4468,256,1764871091.348693,21.023
1764871091.372976,4469,256,1764871091.351999,20.978
1764871091.376566,4470,256,1764871091.355484,21.082
1764871091.379905,4471,256,1764871091.358801,21.104
1764871091.383118,4472,256,1764871091.362012,21.106
1764871091.386444,4473,256,1764871091.365375,21.070
1764871091.389833,4474,256,1764871091.368731,21.102
1764871091.393092,4475,256,1764871091.372039,21.053
1764871091.396415,4476,256,1764871091.375357,21.059
1764871091.399777,4477,256,1764871091.378756,21.021
1764871091.403182,4478,256,1764871091.382070,21.112
1764871091.406329,4479,256,1764871091.385354,20.975
1764871091.409740,4480,256,1764871091.388760,20.980
1764871091.412949,4481,256,1764871091.392045,20.904
1764871091.416305,4482,256,1764871091.395369,20.936
1764871091.419809,4483,256,1764871091.398810,20.999
1764871091.423002,4484,256,1764871091.402066,20.935
1764871091.426415,4485,256,1764871091.405486,20.929
1764871091.429583,4486,256,1764871091.408685,20.897
1764871091.432855,4487,256,1764871091.411988,20.867
1764871091.436211,4488,256,1764871091.415345,20.865
1764871091.439663,4489,256,1764871091.418696,20.967
1764871091.443005,4490,256,1764871091.421993,21.011
1764871091.446290,4491,256,1764871091.425325,20.965
1764871091.449691,4492,256,1764871091.428748,20.943
1764871091.452984,4493,256,1764871091.431988,20.996
1764871091.456234,4494,256,1764871091.435340,20.894
1764871091.459681,4495,256,1764871091.438750,20.931
1764871091.462900,4496,256,1764871091.442000,20.900
1764871091.466312,4497,256,1764871091.445341,20.971
1764871091.469786,4498,256,1764871091.448702,21.085
1764871091.472977,4499,256,1764871091.451985,20.992
1764871091.476424,4500,256,1764871091.455382,21.042
1764871091.479955,4501,256,1764871091.458719,21.236
1764871091.482914,4502,256,1764871091.462003,20.911
1764871091.486253,4503,256,1764871091.465349,20.904
1764871091.489753,4504,256,1764871091.468755,20.998
1764871091.493269,4505,256,1764871091.472151,21.118
1764871091.496438,4506,256,1764871091.475423,21.014
1764871091.499902,4507,256,1764871091.478863,21.039
1764871091.503082,4508,256,1764871091.482139,20.943
1764871091.506373,4509,256,1764871091.485462,20.910
1764871091.509776,4510,256,1764871091.488797,20.979
1764871091.512874,4511,256,1764871091.491991,20.883
1764871091.516313,4512,256,1764871091.495362,20.951
1764871091.519634,4513,256,1764871091.498664,20.970
1764871091.522858,4514,256,1764871091.501975,20.883
1764871091.526234,4515,256,1764871091.505325,20.910
1764871091.529624,4516,256,1764871091.508656,20.968
1764871091.532858,4517,256,1764871091.511975,20.884
1764871091.536225,4518,256,1764871091.515321,20.903
1764871091.539474,4519,256,1764871091.518645,20.829
1764871091.542848,4520,256,1764871091.521975,20.873
1764871091.546187,4521,256,1764871091.525322,20.865
1764871091.549598,4522,256,1764871091.528654,20.944
1764871091.552885,4523,256,1764871091.531977,20.908
1764871091.556249,4524,256,1764871091.535321,20.928
1764871091.559565,4525,256,1764871091.538656,20.909
1764871091.562835,4526,256,1764871091.541978,20.857
1764871091.566170,4527,256,1764871091.545321,20.848
1764871091.569546,4528,256,1764871091.548658,20.888
1764871091.572881,4529,256,1764871091.551987,20.894
1764871091.576217,4530,256,1764871091.555324,20.893
1764871091.579632,4531,256,1764871091.558667,20.965
1764871091.583025,4532,256,1764871091.561982,21.042
1764871091.586403,4533,256,1764871091.565428,20.975
1764871091.589576,4534,256,1764871091.568672,20.904
1764871091.592892,4535,256,1764871091.571985,20.906
1764871091.596370,4536,256,1764871091.575363,21.006
1764871091.599776,4537,256,1764871091.578765,21.010
1764871091.602927,4538,256,1764871091.581989,20.938
1764871091.606259,4539,256,1764871091.585358,20.901
1764871091.609609,4540,256,1764871091.588661,20.948
1764871091.612949,4541,256,1764871091.591987,20.962
1764871091.616260,4542,256,1764871091.595358,20.901
1764871091.619569,4543,256,1764871091.598667,20.902
1764871091.622799,4544,256,1764871091.601985,20.815
1764871091.626318,4545,256,1764871091.605464,20.855
1764871091.629586,4546,256,1764871091.608764,20.821
1764871091.632830,4547,256,1764871091.611989,20.841
1764871091.636199,4548,256,1764871091.615355,20.844
1764871091.639500,4549,256,1764871091.618670,20.830
1764871091.642764,4550,256,1764871091.621969,20.795
1764871091.646258,4551,256,1764871091.625324,20.934
1764871091.649633,4552,256,1764871091.628759,20.874
1764871091.652937,4553,256,1764871091.632066,20.871
1764871091.656257,4554,256,1764871091.635355,20.902
1764871091.659654,4555,256,1764871091.638757,20.897
1764871091.662864,4556,256,1764871091.641991,20.874
1764871091.666261,4557,256,1764871091.645340,20.921
1764871091.669544,4558,256,1764871091.648654,20.890
1764871091.672877,4559,256,1764871091.651992,20.885
1764871091.676357,4560,256,1764871091.655359,20.998
1764871091.679785,4561,256,1764871091.658774,21.012
1764871091.683011,4562,256,1764871091.662055,20.955
1764871091.686368,4563,256,1764871091.665347,21.022
1764871091.689859,4564,256,1764871091.668770,21.089
1764871091.693002,4565,256,1764871091.672026,20.976
1764871091.696301,4566,256,1764871091.675341,20.960
1764871091.699680,4567,256,1764871091.678678,21.003
1764871091.702973,4568,256,1764871091.681996,20.977
1764871091.706565,4569,256,1764871091.685435,21.130
1764871091.709965,4570,256,1764871091.688688,21.277
1764871091.712954,4571,256,1764871091.692025,20.929
1764871091.716338,4572,256,1764871091.695364,20.975
1764871091.719630,4573,256,1764871091.698670,20.960
1764871091.723086,4574,256,1764871091.702067,21.020
1764871091.726599,4575,256,1764871091.705391,21.209
1764871091.729975,4576,256,1764871091.708727,21.247
1764871091.732998,4577,256,1764871091.712034,20.964
1764871091.736663,4578,256,1764871091.715352,21.311
1764871091.739693,4579,256,1764871091.718681,21.012
1764871091.743195,4580,256,1764871091.721992,21.203
1764871091.746598,4581,256,1764871091.725382,21.216
1764871091.749850,4582,256,1764871091.728682,21.168
1764871091.753038,4583,256,1764871091.732063,20.975
1764871091.756544,4584,256,1764871091.735492,21.052
1764871091.759961,4585,256,1764871091.738728,21.233
1764871091.763532,4586,256,1764871091.742070,21.462
1764871091.766644,4587,256,1764871091.745491,21.153
1764871091.770082,4588,256,1764871091.748850,21.232
1764871091.773207,4589,256,1764871091.752131,21.075
1764871091.776501,4590,256,1764871091.755378,21.123
1764871091.779896,4591,256,1764871091.758743,21.154
1764871091.783274,4592,256,1764871091.762122,21.152
1764871091.786541,4593,256,1764871091.765420,21.121
1764871091.789934,4594,256,1764871091.768775,21.159
1764871091.793234,4595,256,1764871091.772157,21.077
1764871091.796673,4596,256,1764871091.775511,21.162
1764871091.800066,4597,256,1764871091.778871,21.195
1764871091.803165,4598,256,1764871091.782051,21.115
1764871091.806463,4599,256,1764871091.785428,21.034
1764871091.809853,4600,256,1764871091.788720,21.133
1764871091.813097,4601,256,1764871091.792083,21.013
1764871091.816556,4602,256,1764871091.795423,21.133
1764871091.819627,4603,256,1764871091.798746,20.881
1764871091.822888,4604,256,1764871091.802041,20.848
1764871091.826301,4605,256,1764871091.805423,20.877
1764871091.829536,4606,256,1764871091.808707,20.829
1764871091.832963,4607,256,1764871091.812043,20.919
1764871091.836334,4608,256,1764871091.815428,20.906
1764871091.839807,4609,256,1764871091.818838,20.969
1764871091.842933,4610,256,1764871091.822048,20.885
1764871091.846238,4611,256,1764871091.825367,20.871
1764871091.849564,4612,256,1764871091.828705,20.859
1764871091.852889,4613,256,1764871091.832021,20.867
1764871091.856229,4614,256,1764871091.835370,20.859
1764871091.859656,4615,256,1764871091.838788,20.867
1764871091.862899,4616,256,1764871091.842051,20.848
1764871091.866355,4617,256,1764871091.845420,20.935
1764871091.869794,4618,256,1764871091.848808,20.986
1764871091.872903,4619,256,1764871091.852048,20.855
1764871091.876341,4620,256,1764871091.855463,20.878
1764871091.879751,4621,256,1764871091.858806,20.946
1764871091.883074,4622,256,1764871091.862068,21.006
1764871091.886463,4623,256,1764871091.865494,20.970
1764871091.890088,4624,256,1764871091.868849,21.239
1764871091.892905,4625,256,1764871091.871990,20.914
1764871091.896429,4626,256,1764871091.875430,20.999
1764871091.899778,4627,256,1764871091.878782,20.996
1764871091.902917,4628,256,1764871091.882010,20.907
1764871091.906487,4629,256,1764871091.885472,21.015
1764871091.909884,4630,256,1764871091.888768,21.117
1764871091.913137,4631,256,1764871091.892069,21.067
1764871091.916461,4632,256,1764871091.895359,21.102
1764871091.919945,4633,256,1764871091.898772,21.172
1764871091.923064,4634,256,1764871091.902065,20.999
1764871091.926430,4635,256,1764871091.905353,21.077
1764871091.929806,4636,256,1764871091.908751,21.055
1764871091.933033,4637,256,1764871091.912006,21.027
1764871091.936478,4638,256,1764871091.915361,21.117
1764871091.939739,4639,256,1764871091.918741,20.998
1764871091.943094,4640,256,1764871091.922013,21.080
1764871091.946499,4641,256,1764871091.925359,21.141
1764871091.949869,4642,256,1764871091.928714,21.156
1764871091.953015,4643,256,1764871091.932047,20.968
1764871091.956495,4644,256,1764871091.935478,21.018
1764871091.959785,4645,256,1764871091.938766,21.019
1764871091.962947,4646,256,1764871091.942057,20.890
1764871091.966298,4647,256,1764871091.945338,20.959
1764871091.969752,4648,256,1764871091.948752,21.000
1764871091.972995,4649,256,1764871091.951997,20.998
1764871091.976504,4650,256,1764871091.955452,21.052
1764871091.979931,4651,256,1764871091.958770,21.161
1764871091.982983,4652,256,1764871091.962009,20.974
1764871091.986277,4653,256,1764871091.965362,20.915
1764871091.989631,4654,256,1764871091.968708,20.924
1764871091.992973,4655,256,1764871091.972069,20.905
1764871091.996971,4656,256,1764871091.975484,21.487
1764871091.999912,4657,256,1764871091.978812,21.100
1764871092.002970,4658,256,1764871091.982011,20.958
1764871092.006473,4659,256,1764871091.985467,21.006
1764871092.009740,4660,256,1764871091.988695,21.044
1764871092.012912,4661,256,1764871091.991995,20.917
1764871092.016539,4662,256,1764871091.995479,21.061
1764871092.019726,4663,256,1764871091.998747,20.979
1764871092.023121,4664,256,1764871092.002100,21.021
1764871092.026467,4665,256,1764871092.005485,20.983
1764871092.029812,4666,256,1764871092.008680,21.132
1764871092.033000,4667,256,1764871092.012050,20.950
1764871092.036400,4668,256,1764871092.015478,20.922
1764871092.039718,4669,256,1764871092.018726,20.992
1764871092.042940,4670,256,1764871092.022057,20.883
1764871092.046384,4671,256,1764871092.025484,20.900
1764871092.049715,4672,256,1764871092.028744,20.972
1764871092.052836,4673,256,1764871092.031986,20.850
1764871092.056249,4674,256,1764871092.035366,20.884
1764871092.059648,4675,256,1764871092.038751,20.897
1764871092.062992,4676,256,1764871092.042033,20.958
1764871092.066354,4677,256,1764871092.045368,20.986
1764871092.069498,4678,256,1764871092.048651,20.847
1764871092.072973,4679,256,1764871092.051992,20.981
1764871092.076414,4680,256,1764871092.055350,21.064
1764871092.079708,4681,256,1764871092.058687,21.021
1764871092.082956,4682,256,1764871092.062053,20.903
1764871092.086324,4683,256,1764871092.065410,20.914
1764871092.089670,4684,256,1764871092.068746,20.924
1764871092.092963,4685,256,1764871092.072066,20.897
1764871092.096301,4686,256,1764871092.075359,20.942
1764871092.099770,4687,256,1764871092.078779,20.990
1764871092.103169,4688,256,1764871092.082083,21.086
1764871092.106353,4689,256,1764871092.085417,20.936
1764871092.109800,4690,256,1764871092.088833,20.967
1764871092.113184,4691,256,1764871092.092108,21.077
1764871092.116342,4692,256,1764871092.095349,20.993
1764871092.120032,4693,256,1764871092.098839,21.193
1764871092.123127,4694,256,1764871092.102098,21.029
1764871092.126479,4695,256,1764871092.105514,20.965
1764871092.130051,4696,256,1764871092.108848,21.204
1764871092.132945,4697,256,1764871092.112013,20.933
1764871092.136370,4698,256,1764871092.115343,21.027
1764871092.139869,4699,256,1764871092.118795,21.075
1764871092.142927,4700,256,1764871092.122015,20.912
1764871092.146471,4701,256,1764871092.125505,20.966
1764871092.150069,4702,256,1764871092.128862,21.207
1764871092.153041,4703,256,1764871092.132007,21.034
1764871092.156465,4704,256,1764871092.135484,20.982
1764871092.159945,4705,256,1764871092.138928,21.017
1764871092.163240,4706,256,1764871092.142150,21.091
1764871092.166431,4707,256,1764871092.145478,20.953
1764871092.169945,4708,256,1764871092.148853,21.092
1764871092.173182,4709,256,1764871092.152105,21.077
1764871092.176442,4710,256,1764871092.155518,20.924
1764871092.179696,4711,256,1764871092.158675,21.022
1764871092.182890,4712,256,1764871092.162009,20.881
1764871092.186303,4713,256,1764871092.165369,20.934
1764871092.189937,4714,256,1764871092.168847,21.090
1764871092.193173,4715,256,1764871092.172155,21.019
1764871092.196465,4716,256,1764871092.175479,20.986
1764871092.199991,4717,256,1764871092.178814,21.177
1764871092.202964,4718,256,1764871092.182007,20.957
1764871092.206412,4719,256,1764871092.185361,21.051
1764871092.209994,4720,256,1764871092.188813,21.182
1764871092.213019,4721,256,1764871092.192082,20.937
1764871092.216430,4722,256,1764871092.195486,20.944
1764871092.219927,4723,256,1764871092.198804,21.122
1764871092.222954,4724,256,1764871092.202017,20.937
1764871092.226388,4725,256,1764871092.205404,20.984
1764871092.229879,4726,256,1764871092.208689,21.190
1764871092.232881,4727,256,1764871092.212011,20.869
1764871092.236296,4728,256,1764871092.215355,20.941
1764871092.239782,4729,256,1764871092.218866,20.916
1764871092.242937,4730,256,1764871092.222067,20.869
1764871092.246284,4731,256,1764871092.225368,20.915
1764871092.249723,4732,256,1764871092.228814,20.909
1764871092.260962,4733,256,1764871092.232050,28.912
1764871092.261054,4734,256,1764871092.235385,25.669
1764871092.261092,4735,256,1764871092.238745,22.347
1764871092.263054,4736,256,1764871092.242040,21.014
1764871092.266373,4737,256,1764871092.245450,20.923
1764871092.269870,4738,256,1764871092.248808,21.062
1764871092.273082,4739,256,1764871092.252049,21.033
1764871092.281897,4740,256,1764871092.260798,21.099
1764871092.282110,4741,256,1764871092.260973,21.137
1764871092.283314,4742,256,1764871092.261999,21.314
1764871092.286278,4743,256,1764871092.265347,20.931
1764871092.289984,4744,256,1764871092.268811,21.173
1764871092.293068,4745,256,1764871092.272022,21.046
1764871092.296519,4746,256,1764871092.275425,21.094
1764871092.300111,4747,256,1764871092.278839,21.271
1764871092.303322,4748,256,1764871092.282071,21.251
1764871092.306635,4749,256,1764871092.285491,21.144
1764871092.309742,4750,256,1764871092.288682,21.060
1764871092.313030,4751,256,1764871092.292015,21.015
1764871092.316399,4752,256,1764871092.295413,20.986
1764871092.320083,4753,256,1764871092.298863,21.220
1764871092.323331,4754,256,1764871092.302117,21.214
1764871092.326704,4755,256,1764871092.305582,21.122
1764871092.329737,4756,256,1764871092.308728,21.009
1764871092.333020,4757,256,1764871092.312043,20.977
1764871092.336719,4758,256,1764871092.315577,21.142
1764871092.339888,4759,256,1764871092.318773,21.115
1764871092.343125,4760,256,1764871092.322046,21.079
1764871092.346613,4761,256,1764871092.325518,21.095
1764871092.349928,4762,256,1764871092.328780,21.148
1764871092.353136,4763,256,1764871092.332047,21.089
1764871092.356466,4764,256,1764871092.335421,21.045
1764871092.359893,4765,256,1764871092.338747,21.147
1764871092.363171,4766,256,1764871092.342084,21.087
1764871092.366543,4767,256,1764871092.345459,21.083
1764871092.369907,4768,256,1764871092.348812,21.096
1764871092.373137,4769,256,1764871092.352067,21.070
1764871092.376576,4770,256,1764871092.355430,21.147
1764871092.379977,4771,256,1764871092.358777,21.201
1764871092.383200,4772,256,1764871092.362013,21.188
1764871092.386615,4773,256,1764871092.365469,21.145
1764871092.389854,4774,256,1764871092.368768,21.086
1764871092.393002,4775,256,1764871092.371986,21.016
1764871092.396595,4776,256,1764871092.375463,21.132
1764871092.399898,4777,256,1764871092.378773,21.126
1764871092.403017,4778,256,1764871092.381988,21.029
1764871092.406500,4779,256,1764871092.385445,21.055
1764871092.409893,4780,256,1764871092.388783,21.111
1764871092.412978,4781,256,1764871092.391983,20.995
1764871092.416569,4782,256,1764871092.395441,21.129
1764871092.419888,4783,256,1764871092.398700,21.187
1764871092.423080,4784,256,1764871092.401987,21.093
1764871092.426463,4785,256,1764871092.405435,21.028
1764871092.429911,4786,256,1764871092.408769,21.142
1764871092.433024,4787,256,1764871092.411988,21.036
1764871092.436379,4788,256,1764871092.415353,21.026
1764871092.439797,4789,256,1764871092.418770,21.027
1764871092.442845,4790,256,1764871092.421989,20.857
1764871092.446263,4791,256,1764871092.425376,20.887
1764871092.449595,4792,256,1764871092.428707,20.888
1764871092.452851,4793,256,1764871092.431990,20.861
1764871092.456388,4794,256,1764871092.435434,20.954
1764871092.459892,4795,256,1764871092.438787,21.106
1764871092.462885,4796,256,1764871092.441992,20.893
1764871092.466194,4797,256,1764871092.445310,20.884
1764871092.469557,4798,256,1764871092.448690,20.867
1764871092.472834,4799,256,1764871092.451976,20.858
1764871092.476295,4800,256,1764871092.455345,20.949
1764871092.479729,4801,256,1764871092.458733,20.996
1764871092.482890,4802,256,1764871092.462001,20.889
1764871092.486266,4803,256,1764871092.465319,20.947
1764871092.489590,4804,256,1764871092.468693,20.897
1764871092.492909,4805,256,1764871092.472028,20.881
1764871092.496402,4806,256,1764871092.475470,20.932
1764871092.499586,4807,256,1764871092.478671,20.915
1764871092.502939,4808,256,1764871092.482001,20.937
1764871092.506333,4809,256,1764871092.485416,20.917
1764871092.509670,4810,256,1764871092.488702,20.968
1764871092.512960,4811,256,1764871092.491999,20.961
1764871092.516505,4812,256,1764871092.495481,21.024
1764871092.519716,4813,256,1764871092.498760,20.956
1764871092.522950,4814,256,1764871092.502010,20.939
1764871092.526465,4815,256,1764871092.505467,20.998
1764871092.529908,4816,256,1764871092.508810,21.099
1764871092.533012,4817,256,1764871092.512066,20.946
1764871092.536507,4818,256,1764871092.515514,20.992
1764871092.539996,4819,256,1764871092.518804,21.192
1764871092.542966,4820,256,1764871092.522014,20.952
1764871092.546336,4821,256,1764871092.525374,20.962
1764871092.549679,4822,256,1764871092.528745,20.934
1764871092.552954,4823,256,1764871092.532012,20.943
1764871092.556358,4824,256,1764871092.535355,21.003
1764871092.559763,4825,256,1764871092.538751,21.013
1764871092.563008,4826,256,1764871092.542010,20.998
1764871092.566370,4827,256,1764871092.545354,21.015
1764871092.569715,4828,256,1764871092.548747,20.968
1764871092.572997,4829,256,1764871092.552006,20.991
1764871092.576504,4830,256,1764871092.555496,21.009
1764871092.579881,4831,256,1764871092.558773,21.108
1764871092.583039,4832,256,1764871092.562049,20.990
1764871092.586354,4833,256,1764871092.565359,20.996
1764871092.589879,4834,256,1764871092.568751,21.128
1764871092.593068,4835,256,1764871092.572071,20.998
1764871092.596489,4836,256,1764871092.575490,20.999
1764871092.599738,4837,256,1764871092.578745,20.993
1764871092.603030,4838,256,1764871092.582062,20.968
1764871092.606369,4839,256,1764871092.585356,21.014
1764871092.609724,4840,256,1764871092.588751,20.973
1764871092.613044,4841,256,1764871092.592057,20.987
1764871092.616536,4842,256,1764871092.595489,21.047
1764871092.619815,4843,256,1764871092.598840,20.976
1764871092.623063,4844,256,1764871092.602051,21.011
1764871092.626536,4845,256,1764871092.605478,21.058
1764871092.629704,4846,256,1764871092.608674,21.030
1764871092.633112,4847,256,1764871092.612107,21.005
1764871092.636519,4848,256,1764871092.615485,21.034
1764871092.639742,4849,256,1764871092.618684,21.058
1764871092.643049,4850,256,1764871092.622028,21.021
1764871092.646436,4851,256,1764871092.625478,20.958
1764871092.649618,4852,256,1764871092.628688,20.930
1764871092.653064,4853,256,1764871092.632109,20.955
1764871092.656419,4854,256,1764871092.635486,20.933
1764871092.659768,4855,256,1764871092.638814,20.954
1764871092.662994,4856,256,1764871092.642058,20.936
1764871092.666305,4857,256,1764871092.645411,20.894
1764871092.669627,4858,256,1764871092.648751,20.877
1764871092.672861,4859,256,1764871092.652019,20.842
1764871092.676266,4860,256,1764871092.655399,20.867
1764871092.679498,4861,256,1764871092.658680,20.818
1764871092.683064,4862,256,1764871092.662041,21.023
1764871092.686413,4863,256,1764871092.665407,21.005
1764871092.689865,4864,256,1764871092.668720,21.144
1764871092.692998,4865,256,1764871092.671989,21.009
1764871092.696486,4866,256,1764871092.675349,21.137
1764871092.700060,4867,256,1764871092.678770,21.290
1764871092.703088,4868,256,1764871092.682063,21.025
1764871092.707010,4869,256,1764871092.685420,21.590
1764871092.709888,4870,256,1764871092.688745,21.143
1764871092.713119,4871,256,1764871092.692051,21.068
1764871092.716364,4872,256,1764871092.695412,20.952
1764871092.719909,4873,256,1764871092.698754,21.155
1764871092.723188,4874,256,1764871092.702072,21.117
1764871092.726647,4875,256,1764871092.705410,21.237
1764871092.730155,4876,256,1764871092.708688,21.467
1764871092.733094,4877,256,1764871092.712047,21.048
1764871092.736396,4878,256,1764871092.715351,21.045
1764871092.739649,4879,256,1764871092.718675,20.974
1764871092.743140,4880,256,1764871092.722110,21.031
1764871092.746453,4881,256,1764871092.725364,21.089
1764871092.749665,4882,256,1764871092.728679,20.987
1764871092.752954,4883,256,1764871092.731999,20.955
1764871092.756400,4884,256,1764871092.735362,21.038
1764871092.759588,4885,256,1764871092.738676,20.912
1764871092.762878,4886,256,1764871092.741981,20.897
1764871092.766499,4887,256,1764871092.745441,21.059
1764871092.769857,4888,256,1764871092.748799,21.058
1764871092.773010,4889,256,1764871092.752014,20.997
1764871092.776515,4890,256,1764871092.755361,21.153
1764871092.779728,4891,256,1764871092.758695,21.034
1764871092.782974,4892,256,1764871092.762003,20.971
1764871092.786400,4893,256,1764871092.765361,21.039
1764871092.789895,4894,256,1764871092.768809,21.086
1764871092.792923,4895,256,1764871092.771988,20.935
1764871092.796387,4896,256,1764871092.775355,21.032
1764871092.799849,4897,256,1764871092.778766,21.084
1764871092.802904,4898,256,1764871092.781978,20.926
1764871092.806377,4899,256,1764871092.785357,21.020
1764871092.809805,4900,256,1764871092.788773,21.033
1764871092.812899,4901,256,1764871092.791981,20.918
1764871092.816322,4902,256,1764871092.795356,20.965
1764871092.819741,4903,256,1764871092.798781,20.961
1764871092.822808,4904,256,1764871092.801980,20.828
1764871092.826441,4905,256,1764871092.805356,21.086
1764871092.829752,4906,256,1764871092.808767,20.985
1764871092.832882,4907,256,1764871092.811994,20.888
1764871092.836363,4908,256,1764871092.815358,21.005
1764871092.839547,4909,256,1764871092.818672,20.875
1764871092.842867,4910,256,1764871092.821996,20.872
1764871092.846362,4911,256,1764871092.825357,21.005
1764871092.849535,4912,256,1764871092.828679,20.856
1764871092.852924,4913,256,1764871092.832009,20.916
1764871092.856302,4914,256,1764871092.835437,20.865
1764871092.859541,4915,256,1764871092.838676,20.865
1764871092.862809,4916,256,1764871092.841993,20.816
1764871092.866218,4917,256,1764871092.845353,20.865
1764871092.869627,4918,256,1764871092.848747,20.881
1764871092.872814,4919,256,1764871092.851975,20.840
1764871092.876189,4920,256,1764871092.855344,20.845
1764871092.879580,4921,256,1764871092.858742,20.838
1764871092.882810,4922,256,1764871092.861975,20.835
1764871092.886175,4923,256,1764871092.865325,20.849
1764871092.889583,4924,256,1764871092.868674,20.909
1764871092.892892,4925,256,1764871092.871991,20.900
1764871092.896358,4926,256,1764871092.875321,21.036
1764871092.899598,4927,256,1764871092.878658,20.940
1764871092.902883,4928,256,1764871092.881983,20.900
1764871092.906278,4929,256,1764871092.885360,20.918
1764871092.909857,4930,256,1764871092.888685,21.173
1764871092.913094,4931,256,1764871092.892168,20.926
1764871092.916300,4932,256,1764871092.895360,20.940
1764871092.919537,4933,256,1764871092.898676,20.861
1764871092.922967,4934,256,1764871092.902074,20.893
1764871092.926381,4935,256,1764871092.905431,20.949
1764871092.929750,4936,256,1764871092.908768,20.982
1764871092.932999,4937,256,1764871092.912020,20.979
1764871092.936505,4938,256,1764871092.915434,21.071
1764871092.939798,4939,256,1764871092.918758,21.040
1764871092.943013,4940,256,1764871092.922092,20.921
1764871092.946431,4941,256,1764871092.925435,20.996
1764871092.949769,4942,256,1764871092.928808,20.962
1764871092.952947,4943,256,1764871092.932037,20.911
1764871092.957118,4944,256,1764871092.935464,21.654
1764871092.959732,4945,256,1764871092.938793,20.939
1764871092.962942,4946,256,1764871092.942027,20.916
1764871092.966543,4947,256,1764871092.945483,21.060
1764871092.969704,4948,256,1764871092.948759,20.945
1764871092.972840,4949,256,1764871092.951981,20.860
1764871092.976487,4950,256,1764871092.955481,21.006
1764871092.979902,4951,256,1764871092.958843,21.059
1764871092.983014,4952,256,1764871092.962008,21.006
1764871092.986483,4953,256,1764871092.965333,21.150
1764871092.989865,4954,256,1764871092.968682,21.183
1764871092.993030,4955,256,1764871092.971996,21.035
1764871092.996478,4956,256,1764871092.975419,21.058
1764871092.999798,4957,256,1764871092.978750,21.047
1764871093.003134,4958,256,1764871092.982052,21.082
1764871093.006629,4959,256,1764871092.985389,21.240
1764871093.009949,4960,256,1764871092.988789,21.159
1764871093.013005,4961,256,1764871092.992008,20.997
1764871093.016637,4962,256,1764871092.995585,21.052
1764871093.019890,4963,256,1764871092.998761,21.129
1764871093.023245,4964,256,1764871093.002073,21.172
1764871093.026492,4965,256,1764871093.005417,21.075
1764871093.030089,4966,256,1764871093.008738,21.351
1764871093.033076,4967,256,1764871093.012062,21.014
1764871093.036861,4968,256,1764871093.015583,21.278
1764871093.039981,4969,256,1764871093.018730,21.251
1764871093.043243,4970,256,1764871093.022015,21.227
1764871093.046567,4971,256,1764871093.025465,21.102
1764871093.049845,4972,256,1764871093.028768,21.077
1764871093.053081,4973,256,1764871093.032007,21.075
1764871093.056310,4974,256,1764871093.035366,20.944
1764871093.059757,4975,256,1764871093.038771,20.986
1764871093.062945,4976,256,1764871093.042021,20.924
1764871093.066384,4977,256,1764871093.045466,20.919
1764871093.069662,4978,256,1764871093.048678,20.984
1764871093.072898,4979,256,1764871093.051977,20.921
1764871093.076223,4980,256,1764871093.055355,20.868
1764871093.079694,4981,256,1764871093.058748,20.946
1764871093.082809,4982,256,1764871093.061975,20.834
1764871093.086269,4983,256,1764871093.065349,20.920
1764871093.089709,4984,256,1764871093.068749,20.959
1764871093.092904,4985,256,1764871093.071975,20.929
1764871093.096345,4986,256,1764871093.075353,20.992
1764871093.099607,4987,256,1764871093.078668,20.939
1764871093.102891,4988,256,1764871093.081977,20.914
1764871093.106465,4989,256,1764871093.085413,21.052
1764871093.109806,4990,256,1764871093.088682,21.125
1764871093.112938,4991,256,1764871093.091996,20.942
1764871093.116414,4992,256,1764871093.095360,21.054
1764871093.119779,4993,256,1764871093.098765,21.015
1764871093.122877,4994,256,1764871093.101990,20.886
1764871093.126596,4995,256,1764871093.105531,21.065
1764871093.129811,4996,256,1764871093.108795,21.016
1764871093.133078,4997,256,1764871093.112014,21.064
1764871093.136490,4998,256,1764871093.115364,21.126
1764871093.139697,4999,256,1764871093.118770,20.926
1764871093.142893,5000,256,1764871093.121980,20.914
1764871093.146341,5001,256,1764871093.125358,20.983
1764871093.149709,5002,256,1764871093.128681,21.029
1764871093.152906,5003,256,1764871093.131978,20.928
1764871093.156349,5004,256,1764871093.135361,20.988
1764871093.159863,5005,256,1764871093.138759,21.103
1764871093.162922,5006,256,1764871093.141993,20.929
1764871093.166456,5007,256,1764871093.145360,21.097
1764871093.169795,5008,256,1764871093.148771,21.024
1764871093.172894,5009,256,1764871093.151983,20.911
1764871093.176373,5010,256,1764871093.155355,21.018
1764871093.179905,5011,256,1764871093.158780,21.125
1764871093.182843,5012,256,1764871093.161984,20.859
1764871093.187010,5013,256,1764871093.165358,21.652
1764871093.189611,5014,256,1764871093.168680,20.931
1764871093.192901,5015,256,1764871093.172004,20.898
1764871093.196330,5016,256,1764871093.175360,20.970
1764871093.199904,5017,256,1764871093.178768,21.137
1764871093.202925,5018,256,1764871093.181982,20.943
1764871093.206385,5019,256,1764871093.185358,21.028
1764871093.209838,5020,256,1764871093.188643,21.196
1764871093.212945,5021,256,1764871093.191971,20.974
1764871093.216219,5022,256,1764871093.195323,20.895
1764871093.219922,5023,256,1764871093.198758,21.164
1764871093.222929,5024,256,1764871093.202007,20.922
1764871093.226344,5025,256,1764871093.205372,20.972
1764871093.229912,5026,256,1764871093.208724,21.188
1764871093.233065,5027,256,1764871093.212070,20.995
1764871093.236415,5028,256,1764871093.215361,21.055
1764871093.239681,5029,256,1764871093.218756,20.925
1764871093.242998,5030,256,1764871093.222011,20.987
1764871093.246245,5031,256,1764871093.225333,20.912
1764871093.249549,5032,256,1764871093.228639,20.910
1764871093.252941,5033,256,1764871093.231971,20.970
1764871093.256473,5034,256,1764871093.235463,21.010
1764871093.259729,5035,256,1764871093.238678,21.051
1764871093.262872,5036,256,1764871093.241974,20.897
1764871093.266195,5037,256,1764871093.245321,20.874
1764871093.269552,5038,256,1764871093.248656,20.896
1764871093.272862,5039,256,1764871093.251974,20.888
1764871093.276233,5040,256,1764871093.255319,20.914
1764871093.279669,5041,256,1764871093.258657,21.012
1764871093.282849,5042,256,1764871093.261968,20.880
1764871093.286296,5043,256,1764871093.265321,20.974
1764871093.289505,5044,256,1764871093.268654,20.850
1764871093.292878,5045,256,1764871093.271979,20.899
1764871093.296278,5046,256,1764871093.275324,20.954
1764871093.299545,5047,256,1764871093.278652,20.894
1764871093.302979,5048,256,1764871093.281977,21.002
1764871093.306330,5049,256,1764871093.285323,21.007
1764871093.309708,5050,256,1764871093.288655,21.053
1764871093.312958,5051,256,1764871093.291973,20.985
1764871093.316340,5052,256,1764871093.295321,21.019
1764871093.319846,5053,256,1764871093.298767,21.079
1764871093.323029,5054,256,1764871093.302010,21.019
1764871093.326479,5055,256,1764871093.305360,21.119
1764871093.329858,5056,256,1764871093.308765,21.093
1764871093.332958,5057,256,1764871093.312013,20.945
1764871093.336495,5058,256,1764871093.315437,21.058
1764871093.339765,5059,256,1764871093.318775,20.989
1764871093.343005,5060,256,1764871093.322018,20.986
1764871093.346549,5061,256,1764871093.325434,21.114
1764871093.349815,5062,256,1764871093.328769,21.046
1764871093.352915,5063,256,1764871093.332017,20.898
1764871093.356551,5064,256,1764871093.335473,21.079
1764871093.359886,5065,256,1764871093.338772,21.114
1764871093.362991,5066,256,1764871093.342014,20.977
1764871093.366462,5067,256,1764871093.345370,21.092
1764871093.369861,5068,256,1764871093.348763,21.098
1764871093.372949,5069,256,1764871093.351995,20.954
1764871093.376380,5070,256,1764871093.355341,21.039
1764871093.379810,5071,256,1764871093.358775,21.035
1764871093.383018,5072,256,1764871093.362031,20.986
1764871093.386535,5073,256,1764871093.365432,21.103
1764871093.389867,5074,256,1764871093.368777,21.089
1764871093.393011,5075,256,1764871093.372034,20.977
1764871093.396307,5076,256,1764871093.375362,20.944
1764871093.399841,5077,256,1764871093.378789,21.052
1764871093.403011,5078,256,1764871093.382031,20.980
1764871093.406483,5079,256,1764871093.385448,21.035
1764871093.409790,5080,256,1764871093.388771,21.019
1764871093.412985,5081,256,1764871093.392010,20.975
1764871093.416578,5082,256,1764871093.395436,21.142
1764871093.419849,5083,256,1764871093.398766,21.084
1764871093.422931,5084,256,1764871093.401994,20.937
1764871093.426461,5085,256,1764871093.405431,21.030
1764871093.429788,5086,256,1764871093.408766,21.023
1764871093.432949,5087,256,1764871093.412000,20.949
1764871093.436576,5088,256,1764871093.415478,21.098
1764871093.439889,5089,256,1764871093.418783,21.106
1764871093.442903,5090,256,1764871093.421984,20.919
1764871093.446459,5091,256,1764871093.425454,21.005
1764871093.449667,5092,256,1764871093.428764,20.902
1764871093.452825,5093,256,1764871093.431990,20.835
1764871093.456372,5094,256,1764871093.435356,21.016
1764871093.460799,5095,256,1764871093.438663,22.135
1764871093.462934,5096,256,1764871093.441977,20.957
1764871093.466284,5097,256,1764871093.445343,20.941
1764871093.469564,5098,256,1764871093.448683,20.881
1764871093.472956,5099,256,1764871093.451988,20.968
1764871093.476375,5100,256,1764871093.455423,20.952
1764871093.479792,5101,256,1764871093.458776,21.016
1764871093.483101,5102,256,1764871093.462102,20.998
1764871093.486366,5103,256,1764871093.465372,20.994
1764871093.489547,5104,256,1764871093.468665,20.882
1764871093.492889,5105,256,1764871093.472000,20.890
1764871093.496222,5106,256,1764871093.475346,20.875
1764871093.499601,5107,256,1764871093.478678,20.923
1764871093.502852,5108,256,1764871093.481984,20.868
1764871093.506353,5109,256,1764871093.485353,21.001
1764871093.509534,5110,256,1764871093.488651,20.884
1764871093.512955,5111,256,1764871093.492012,20.944
1764871093.516366,5112,256,1764871093.495352,21.014
1764871093.519950,5113,256,1764871093.498853,21.096
1764871093.523066,5114,256,1764871093.501997,21.069
1764871093.526450,5115,256,1764871093.505356,21.094
1764871093.529773,5116,256,1764871093.508691,21.082
1764871093.533082,5117,256,1764871093.512046,21.036
1764871093.536530,5118,256,1764871093.515529,21.001
1764871093.539931,5119,256,1764871093.518813,21.118
1764871093.543190,5120,256,1764871093.522079,21.110
1764871093.546345,5121,256,1764871093.525376,20.970
1764871093.549999,5122,256,1764871093.528841,21.158
1764871093.553111,5123,256,1764871093.532074,21.037
1764871093.556477,5124,256,1764871093.535482,20.994
1764871093.559919,5125,256,1764871093.538833,21.086
1764871093.563264,5126,256,1764871093.542150,21.114
1764871093.566386,5127,256,1764871093.545351,21.035
1764871093.569868,5128,256,1764871093.548838,21.029
1764871093.573116,5129,256,1764871093.552150,20.966
1764871093.576567,5130,256,1764871093.555541,21.026
1764871093.580050,5131,256,1764871093.558845,21.204
1764871093.583318,5132,256,1764871093.562230,21.087
1764871093.586403,5133,256,1764871093.565361,21.041
1764871093.589561,5134,256,1764871093.568675,20.886
1764871093.592899,5135,256,1764871093.572004,20.896
1764871093.596352,5136,256,1764871093.575362,20.990
1764871093.599587,5137,256,1764871093.578682,20.905
1764871093.602898,5138,256,1764871093.581983,20.915
1764871093.606414,5139,256,1764871093.585467,20.947
1764871093.609571,5140,256,1764871093.588668,20.903
1764871093.612858,5141,256,1764871093.591980,20.878
1764871093.616328,5142,256,1764871093.595332,20.995
1764871093.619854,5143,256,1764871093.598693,21.161
1764871093.622957,5144,256,1764871093.601990,20.967
1764871093.626473,5145,256,1764871093.605429,21.044
1764871093.629949,5146,256,1764871093.608774,21.175
1764871093.632857,5147,256,1764871093.611980,20.877
1764871093.636365,5148,256,1764871093.615327,21.039
1764871093.639768,5149,256,1764871093.618693,21.076
1764871093.642933,5150,256,1764871093.622026,20.906
1764871093.646468,5151,256,1764871093.625541,20.927
1764871093.649859,5152,256,1764871093.628675,21.185
1764871093.652992,5153,256,1764871093.631995,20.996
1764871093.656269,5154,256,1764871093.635359,20.910
1764871093.659909,5155,256,1764871093.638776,21.133
1764871093.663022,5156,256,1764871093.642003,21.020
1764871093.666379,5157,256,1764871093.645365,21.014
1764871093.669879,5158,256,1764871093.648799,21.080
1764871093.673074,5159,256,1764871093.652013,21.061
1764871093.676455,5160,256,1764871093.655345,21.110
1764871093.679812,5161,256,1764871093.658771,21.041
1764871093.683055,5162,256,1764871093.662109,20.946
1764871093.686430,5163,256,1764871093.665472,20.958
1764871093.689931,5164,256,1764871093.668674,21.257
1764871093.693043,5165,256,1764871093.671995,21.048
1764871093.696153,5166,256,1764871093.675308,20.844
1764871093.699531,5167,256,1764871093.678650,20.881
1764871093.702833,5168,256,1764871093.681978,20.855
1764871093.706260,5169,256,1764871093.685336,20.924
1764871093.709884,5170,256,1764871093.688682,21.202
1764871093.712939,5171,256,1764871093.692001,20.939
1764871093.716327,5172,256,1764871093.695349,20.978
1764871093.719686,5173,256,1764871093.698681,21.004
1764871093.723112,5174,256,1764871093.701982,21.130
1764871093.726429,5175,256,1764871093.705354,21.075
1764871093.730002,5176,256,1764871093.708742,21.260
1764871093.733114,5177,256,1764871093.712001,21.113
1764871093.736517,5178,256,1764871093.715332,21.185
1764871093.739876,5179,256,1764871093.718756,21.120
1764871093.743229,5180,256,1764871093.722038,21.192
1764871093.746666,5181,256,1764871093.725492,21.173
1764871093.749943,5182,256,1764871093.728738,21.204
1764871093.753267,5183,256,1764871093.732024,21.243
1764871093.756649,5184,256,1764871093.735417,21.232
1764871093.759950,5185,256,1764871093.738757,21.193
1764871093.763189,5186,256,1764871093.742074,21.115
1764871093.766440,5187,256,1764871093.745363,21.078
1764871093.769782,5188,256,1764871093.748651,21.131
1764871093.773161,5189,256,1764871093.752015,21.146
1764871093.776579,5190,256,1764871093.755363,21.216
1764871093.779850,5191,256,1764871093.758682,21.168
1764871093.783113,5192,256,1764871093.762012,21.101
1764871093.786685,5193,256,1764871093.765489,21.196
1764871093.789981,5194,256,1764871093.768749,21.232
1764871093.793390,5195,256,1764871093.772078,21.312
1764871093.796524,5196,256,1764871093.775360,21.165
1764871093.799892,5197,256,1764871093.778687,21.206
1764871093.803215,5198,256,1764871093.782014,21.201
1764871093.806545,5199,256,1764871093.785333,21.211
1764871093.810011,5200,256,1764871093.788792,21.220
1764871093.813344,5201,256,1764871093.792116,21.228
1764871093.816466,5202,256,1764871093.795346,21.120
1764871093.819852,5203,256,1764871093.798669,21.183
1764871093.822988,5204,256,1764871093.801985,21.003
1764871093.826415,5205,256,1764871093.805360,21.055
1764871093.829829,5206,256,1764871093.808672,21.158
1764871093.833044,5207,256,1764871093.811983,21.061
1764871093.836492,5208,256,1764871093.815431,21.061
1764871093.839911,5209,256,1764871093.818675,21.235
1764871093.843106,5210,256,1764871093.822001,21.104
1764871093.846459,5211,256,1764871093.825417,21.042
1764871093.849873,5212,256,1764871093.828670,21.202
1764871093.853071,5213,256,1764871093.831981,21.091
1764871093.856436,5214,256,1764871093.835348,21.089
1764871093.859872,5215,256,1764871093.838652,21.220
1764871093.863070,5216,256,1764871093.841995,21.075
1764871093.866408,5217,256,1764871093.845343,21.065
1764871093.869850,5218,256,1764871093.848676,21.174
1764871093.873122,5219,256,1764871093.851999,21.123
1764871093.876330,5220,256,1764871093.855340,20.990
1764871093.879808,5221,256,1764871093.858768,21.040
1764871093.883001,5222,256,1764871093.862106,20.895
1764871093.886242,5223,256,1764871093.865359,20.884
1764871093.889566,5224,256,1764871093.868692,20.875
1764871093.892924,5225,256,1764871093.872013,20.911
1764871093.896239,5226,256,1764871093.875343,20.896
1764871093.899753,5227,256,1764871093.878767,20.986
1764871093.902853,5228,256,1764871093.881981,20.871
1764871093.906135,5229,256,1764871093.885314,20.821
1764871093.909517,5230,256,1764871093.888650,20.867
1764871093.912880,5231,256,1764871093.891972,20.908
1764871093.916166,5232,256,1764871093.895326,20.839
1764871093.919508,5233,256,1764871093.898669,20.838
1764871093.922908,5234,256,1764871093.901985,20.923
1764871093.926265,5235,256,1764871093.905312,20.952
1764871093.929600,5236,256,1764871093.908676,20.924
1764871093.933013,5237,256,1764871093.912055,20.958
1764871093.936463,5238,256,1764871093.915349,21.113
1764871093.939664,5239,256,1764871093.918659,21.005
1764871093.943021,5240,256,1764871093.922008,21.013
1764871093.946415,5241,256,1764871093.925352,21.063
1764871093.949775,5242,256,1764871093.928736,21.039
1764871093.953022,5243,256,1764871093.932071,20.951
1764871093.956506,5244,256,1764871093.935510,20.996
1764871093.959853,5245,256,1764871093.938870,20.983
1764871093.963470,5246,256,1764871093.942063,21.408
1764871093.966374,5247,256,1764871093.945431,20.944
1764871093.969615,5248,256,1764871093.948748,20.867
1764871093.972938,5249,256,1764871093.952070,20.869
1764871093.976281,5250,256,1764871093.955421,20.859
1764871093.979609,5251,256,1764871093.958687,20.922
1764871093.982970,5252,256,1764871093.962015,20.955
1764871093.986367,5253,256,1764871093.965331,21.036
1764871093.989563,5254,256,1764871093.968683,20.880
1764871093.992905,5255,256,1764871093.972015,20.890
1764871093.996419,5256,256,1764871093.975446,20.973
1764871093.999757,5257,256,1764871093.978764,20.993
1764871094.002986,5258,256,1764871093.982118,20.868
1764871094.006399,5259,256,1764871093.985438,20.962
1764871094.009677,5260,256,1764871093.988758,20.920
1764871094.012933,5261,256,1764871093.992000,20.933
1764871094.016365,5262,256,1764871093.995459,20.906
1764871094.019669,5263,256,1764871093.998753,20.916
1764871094.022898,5264,256,1764871094.002001,20.897
1764871094.026389,5265,256,1764871094.005461,20.928
1764871094.029784,5266,256,1764871094.008761,21.023
1764871094.032980,5267,256,1764871094.012000,20.981
1764871094.036414,5268,256,1764871094.015426,20.989
1764871094.040039,5269,256,1764871094.018770,21.269
1764871094.043154,5270,256,1764871094.022015,21.140
1764871094.046405,5271,256,1764871094.025324,21.081
1764871094.049884,5272,256,1764871094.028765,21.119
1764871094.053093,5273,256,1764871094.032023,21.070
1764871094.056566,5274,256,1764871094.035360,21.206
1764871094.060018,5275,256,1764871094.038764,21.254
1764871094.063177,5276,256,1764871094.042108,21.070
1764871094.066707,5277,256,1764871094.045469,21.238
1764871094.070001,5278,256,1764871094.048765,21.236
1764871094.073000,5279,256,1764871094.051980,21.019
1764871094.076671,5280,256,1764871094.055468,21.203
1764871094.079896,5281,256,1764871094.058679,21.217
1764871094.082965,5282,256,1764871094.061999,20.966
1764871094.086519,5283,256,1764871094.065422,21.097
1764871094.089807,5284,256,1764871094.068758,21.049
1764871094.093000,5285,256,1764871094.072013,20.987
1764871094.096354,5286,256,1764871094.075362,20.992
1764871094.099552,5287,256,1764871094.078676,20.876
1764871094.102952,5288,256,1764871094.081985,20.967
1764871094.106340,5289,256,1764871094.085414,20.926
1764871094.109591,5290,256,1764871094.088755,20.836
1764871094.112810,5291,256,1764871094.091989,20.820
1764871094.116157,5292,256,1764871094.095308,20.849
1764871094.119696,5293,256,1764871094.098751,20.945
1764871094.122955,5294,256,1764871094.101994,20.961
1764871094.126352,5295,256,1764871094.105348,21.005
1764871094.129634,5296,256,1764871094.108677,20.957
1764871094.132871,5297,256,1764871094.111965,20.906
1764871094.136460,5298,256,1764871094.115353,21.106
1764871094.139789,5299,256,1764871094.118773,21.016
1764871094.143018,5300,256,1764871094.122007,21.010
1764871094.146397,5301,256,1764871094.125360,21.037
1764871094.149709,5302,256,1764871094.128759,20.950
1764871094.152999,5303,256,1764871094.132009,20.990
1764871094.156321,5304,256,1764871094.135359,20.962
1764871094.159866,5305,256,1764871094.138776,21.090
1764871094.162993,5306,256,1764871094.142003,20.991
1764871094.166353,5307,256,1764871094.145469,20.884
1764871094.169785,5308,256,1764871094.148771,21.015
1764871094.173215,5309,256,1764871094.152089,21.126
1764871094.176419,5310,256,1764871094.155430,20.989
1764871094.179882,5311,256,1764871094.158774,21.107
1764871094.182984,5312,256,1764871094.162018,20.966
1764871094.186430,5313,256,1764871094.165434,20.995
1764871094.189853,5314,256,1764871094.168762,21.091
1764871094.192972,5315,256,1764871094.172013,20.960
1764871094.196449,5316,256,1764871094.175471,20.979
1764871094.199752,5317,256,1764871094.178769,20.983
1764871094.202926,5318,256,1764871094.182003,20.923
1764871094.206328,5319,256,1764871094.185367,20.961
1764871094.209668,5320,256,1764871094.188699,20.970
1764871094.212839,5321,256,1764871094.191983,20.857
1764871094.216328,5322,256,1764871094.195426,20.902
1764871094.219886,5323,256,1764871094.198757,21.128
1764871094.223050,5324,256,1764871094.202005,21.045
1764871094.226416,5325,256,1764871094.205356,21.060
1764871094.229947,5326,256,1764871094.208697,21.250
1764871094.233113,5327,256,1764871094.212008,21.104
1764871094.236480,5328,256,1764871094.215340,21.140
1764871094.239690,5329,256,1764871094.218691,20.999
1764871094.242964,5330,256,1764871094.222011,20.952
1764871094.246272,5331,256,1764871094.225336,20.936
1764871094.249680,5332,256,1764871094.228678,21.002
1764871094.252976,5333,256,1764871094.232016,20.960
1764871094.256475,5334,256,1764871094.235367,21.108
1764871094.259830,5335,256,1764871094.238682,21.147
1764871094.262973,5336,256,1764871094.241998,20.975
1764871094.266466,5337,256,1764871094.245337,21.129
1764871094.269872,5338,256,1764871094.248685,21.187
1764871094.273196,5339,256,1764871094.252014,21.183
1764871094.276574,5340,256,1764871094.255524,21.050
1764871094.279941,5341,256,1764871094.258726,21.215
1764871094.283262,5342,256,1764871094.262086,21.176
1764871094.286466,5343,256,1764871094.265416,21.050
1764871094.289872,5344,256,1764871094.268733,21.139
1764871094.293062,5345,256,1764871094.272082,20.980
1764871094.296433,5346,256,1764871094.275511,20.923
1764871094.299624,5347,256,1764871094.278717,20.907
1764871094.302950,5348,256,1764871094.282078,20.873
1764871094.306247,5349,256,1764871094.285421,20.826
1764871094.309591,5350,256,1764871094.288693,20.899
1764871094.312885,5351,256,1764871094.292023,20.861
1764871094.316226,5352,256,1764871094.295348,20.878
1764871094.319600,5353,256,1764871094.298689,20.910
1764871094.322877,5354,256,1764871094.301981,20.895
1764871094.326453,5355,256,1764871094.305427,21.026
1764871094.329720,5356,256,1764871094.308712,21.008
1764871094.333063,5357,256,1764871094.312045,21.018
1764871094.336470,5358,256,1764871094.315435,21.035
1764871094.339998,5359,256,1764871094.318792,21.206
1764871094.343246,5360,256,1764871094.322086,21.159
1764871094.346587,5361,256,1764871094.325529,21.058
1764871094.350061,5362,256,1764871094.328840,21.221
1764871094.353155,5363,256,1764871094.332061,21.094
1764871094.356450,5364,256,1764871094.335497,20.953
1764871094.359932,5365,256,1764871094.338722,21.210
1764871094.363095,5366,256,1764871094.342051,21.044
1764871094.366424,5367,256,1764871094.345408,21.015
1764871094.369784,5368,256,1764871094.348698,21.086
1764871094.373120,5369,256,1764871094.352079,21.041
1764871094.376648,5370,256,1764871094.355411,21.237
1764871094.379846,5371,256,1764871094.358699,21.147
1764871094.383191,5372,256,1764871094.362079,21.112
1764871094.386526,5373,256,1764871094.365425,21.101
1764871094.389749,5374,256,1764871094.368705,21.044
1764871094.393009,5375,256,1764871094.372043,20.965
1764871094.396508,5376,256,1764871094.375420,21.088
1764871094.399749,5377,256,1764871094.378709,21.040
1764871094.402949,5378,256,1764871094.382033,20.916
1764871094.406486,5379,256,1764871094.385407,21.079
1764871094.409678,5380,256,1764871094.388701,20.976
1764871094.413077,5381,256,1764871094.392050,21.027
1764871094.416392,5382,256,1764871094.395425,20.967
1764871094.419657,5383,256,1764871094.398757,20.900
1764871094.423010,5384,256,1764871094.402071,20.939
1764871094.426414,5385,256,1764871094.405419,20.995
1764871094.429803,5386,256,1764871094.408746,21.057
1764871094.433037,5387,256,1764871094.412088,20.949
1764871094.436476,5388,256,1764871094.415414,21.062
1764871094.439889,5389,256,1764871094.418742,21.147
1764871094.443067,5390,256,1764871094.422037,21.030
1764871094.446388,5391,256,1764871094.425410,20.978
1764871094.449699,5392,256,1764871094.428750,20.950
1764871094.453191,5393,256,1764871094.432151,21.039
1764871094.456621,5394,256,1764871094.435487,21.134
1764871094.459926,5395,256,1764871094.438867,21.060
1764871094.463452,5396,256,1764871094.442154,21.298
1764871094.466454,5397,256,1764871094.445496,20.958
1764871094.469713,5398,256,1764871094.448725,20.988
1764871094.473085,5399,256,1764871094.452047,21.038
1764871094.476549,5400,256,1764871094.455496,21.053
1764871094.480251,5401,256,1764871094.459197,21.054
1764871094.483015,5402,256,1764871094.462062,20.953
1764871094.486469,5403,256,1764871094.465347,21.122
1764871094.489675,5404,256,1764871094.468691,20.983
1764871094.493064,5405,256,1764871094.472150,20.915
1764871094.496447,5406,256,1764871094.475515,20.932
1764871094.499911,5407,256,1764871094.478812,21.100
1764871094.503086,5408,256,1764871094.482146,20.940
1764871094.506389,5409,256,1764871094.485349,21.040
1764871094.509621,5410,256,1764871094.488694,20.927
1764871094.512882,5411,256,1764871094.491990,20.892
1764871094.516413,5412,256,1764871094.495358,21.055
1764871094.519504,5413,256,1764871094.498648,20.855
1764871094.522974,5414,256,1764871094.502061,20.913
1764871094.526383,5415,256,1764871094.505362,21.021
1764871094.529718,5416,256,1764871094.508699,21.019
1764871094.533115,5417,256,1764871094.512065,21.049
1764871094.536402,5418,256,1764871094.515373,21.030
1764871094.539645,5419,256,1764871094.518651,20.994
1764871094.543008,5420,256,1764871094.522026,20.983
1764871094.546482,5421,256,1764871094.525363,21.118
1764871094.549852,5422,256,1764871094.528810,21.043
1764871094.553084,5423,256,1764871094.532019,21.064
1764871094.556509,5424,256,1764871094.535365,21.143
1764871094.559904,5425,256,1764871094.538770,21.134
1764871094.563128,5426,256,1764871094.542019,21.109
1764871094.566488,5427,256,1764871094.545430,21.057
1764871094.569621,5428,256,1764871094.548683,20.938
1764871094.573215,5429,256,1764871094.552110,21.104
1764871094.576504,5430,256,1764871094.555442,21.061
1764871094.579836,5431,256,1764871094.558769,21.066
1764871094.583107,5432,256,1764871094.562012,21.095
1764871094.586493,5433,256,1764871094.565434,21.059
1764871094.589790,5434,256,1764871094.568671,21.119
1764871094.593068,5435,256,1764871094.572000,21.068
1764871094.596434,5436,256,1764871094.575361,21.072
1764871094.599888,5437,256,1764871094.578758,21.129
1764871094.603179,5438,256,1764871094.582115,21.064
1764871094.606458,5439,256,1764871094.585430,21.028
1764871094.609915,5440,256,1764871094.588756,21.160
1764871094.613013,5441,256,1764871094.591997,21.016
1764871094.616501,5442,256,1764871094.595432,21.070
1764871094.619812,5443,256,1764871094.598757,21.055
1764871094.623016,5444,256,1764871094.602013,21.003
1764871094.626338,5445,256,1764871094.605356,20.982
1764871094.629871,5446,256,1764871094.608769,21.101
1764871094.632902,5447,256,1764871094.612000,20.901
1764871094.636350,5448,256,1764871094.615427,20.923
1764871094.639897,5449,256,1764871094.618767,21.131
1764871094.643014,5450,256,1764871094.622030,20.984
1764871094.646436,5451,256,1764871094.625432,21.004
1764871094.649799,5452,256,1764871094.628771,21.028
1764871094.652972,5453,256,1764871094.631993,20.979
1764871094.656239,5454,256,1764871094.635330,20.909
1764871094.659575,5455,256,1764871094.638657,20.918
1764871094.662865,5456,256,1764871094.641989,20.876
1764871094.666376,5457,256,1764871094.645472,20.905
1764871094.669678,5458,256,1764871094.648775,20.903
1764871094.673016,5459,256,1764871094.652107,20.909
1764871094.676305,5460,256,1764871094.655347,20.958
1764871094.679712,5461,256,1764871094.658767,20.945
1764871094.682860,5462,256,1764871094.661984,20.876
1764871094.686403,5463,256,1764871094.665414,20.989
1764871094.689809,5464,256,1764871094.668766,21.042
1764871094.693066,5465,256,1764871094.672030,21.036
1764871094.696397,5466,256,1764871094.675389,21.008
1764871094.699849,5467,256,1764871094.678766,21.084
1764871094.703100,5468,256,1764871094.682135,20.965
1764871094.706358,5469,256,1764871094.685467,20.891
1764871094.709934,5470,256,1764871094.688762,21.172
1764871094.713109,5471,256,1764871094.692106,21.003
1764871094.716473,5472,256,1764871094.695469,21.004
1764871094.719760,5473,256,1764871094.698761,20.999
1764871094.722934,5474,256,1764871094.701991,20.942
1764871094.726253,5475,256,1764871094.705345,20.908
1764871094.730120,5476,256,1764871094.709030,21.090
1764871094.733027,5477,256,1764871094.712039,20.988
1764871094.736418,5478,256,1764871094.715368,21.050
1764871094.739560,5479,256,1764871094.718666,20.894
1764871094.742852,5480,256,1764871094.721986,20.866
1764871094.746380,5481,256,1764871094.725309,21.071
1764871094.749708,5482,256,1764871094.728673,21.035
1764871094.752910,5483,256,1764871094.731981,20.930
1764871094.756524,5484,256,1764871094.735378,21.146
1764871094.759888,5485,256,1764871094.738732,21.156
1764871094.762914,5486,256,1764871094.741985,20.929
1764871094.766316,5487,256,1764871094.745361,20.955
1764871094.769981,5488,256,1764871094.748763,21.218
1764871094.773140,5489,256,1764871094.752037,21.102
1764871094.776574,5490,256,1764871094.755438,21.136
1764871094.779930,5491,256,1764871094.758766,21.164
1764871094.783098,5492,256,1764871094.762124,20.974
1764871094.786540,5493,256,1764871094.765423,21.117
1764871094.789761,5494,256,1764871094.768671,21.090
1764871094.793026,5495,256,1764871094.772005,21.021
1764871094.796570,5496,256,1764871094.775435,21.135
1764871094.799949,5497,256,1764871094.778775,21.174
1764871094.803227,5498,256,1764871094.782116,21.111
1764871094.806551,5499,256,1764871094.785439,21.112
1764871094.809887,5500,256,1764871094.788774,21.112
1764871094.813069,5501,256,1764871094.792116,20.952
1764871094.816567,5502,256,1764871094.795437,21.130
1764871094.819927,5503,256,1764871094.798774,21.152
1764871094.823090,5504,256,1764871094.802032,21.057
1764871094.826432,5505,256,1764871094.805435,20.997
1764871094.829890,5506,256,1764871094.808759,21.131
1764871094.832983,5507,256,1764871094.811994,20.990
1764871094.836533,5508,256,1764871094.815531,21.001
1764871094.839732,5509,256,1764871094.818763,20.969
1764871094.843127,5510,256,1764871094.822114,21.012
1764871094.846319,5511,256,1764871094.825427,20.893
1764871094.849735,5512,256,1764871094.828759,20.976
1764871094.853106,5513,256,1764871094.832116,20.990
1764871094.856499,5514,256,1764871094.835478,21.021
1764871094.859839,5515,256,1764871094.838680,21.160
1764871094.863035,5516,256,1764871094.842087,20.947
1764871094.866328,5517,256,1764871094.845413,20.914
1764871094.869746,5518,256,1764871094.848747,20.998
1764871094.873117,5519,256,1764871094.851990,21.127
1764871094.876510,5520,256,1764871094.855436,21.073
1764871094.880052,5521,256,1764871094.858800,21.252
1764871094.883066,5522,256,1764871094.861987,21.079
1764871094.886527,5523,256,1764871094.865342,21.186
1764871094.889812,5524,256,1764871094.868677,21.135
1764871094.893111,5525,256,1764871094.871998,21.112
1764871094.896533,5526,256,1764871094.875356,21.178
1764871094.899793,5527,256,1764871094.878669,21.124
1764871094.903233,5528,256,1764871094.882107,21.126
1764871094.906539,5529,256,1764871094.885506,21.033
1764871094.909775,5530,256,1764871094.888744,21.031
1764871094.913050,5531,256,1764871094.892078,20.971
1764871094.916433,5532,256,1764871094.895503,20.930
1764871094.919599,5533,256,1764871094.898687,20.912
1764871094.922987,5534,256,1764871094.902095,20.892
1764871094.926370,5535,256,1764871094.905350,21.020
1764871094.929506,5536,256,1764871094.908680,20.826
1764871094.932949,5537,256,1764871094.911980,20.970
1764871094.936353,5538,256,1764871094.915340,21.013
1764871094.939702,5539,256,1764871094.918689,21.013
1764871094.943125,5540,256,1764871094.921984,21.141
1764871094.946737,5541,256,1764871094.925330,21.407
1764871094.949659,5542,256,1764871094.928680,20.979
1764871094.952860,5543,256,1764871094.931976,20.884
1764871094.956331,5544,256,1764871094.935350,20.982
1764871094.959581,5545,256,1764871094.938646,20.935
1764871094.963062,5546,256,1764871094.942005,21.057
1764871094.966292,5547,256,1764871094.945327,20.965
1764871094.969784,5548,256,1764871094.948766,21.019
1764871094.973006,5549,256,1764871094.952001,21.006
1764871094.976323,5550,256,1764871094.955345,20.978
1764871094.979597,5551,256,1764871094.958663,20.934
1764871094.983050,5552,256,1764871094.962004,21.046
1764871094.986318,5553,256,1764871094.965330,20.988
1764871094.989642,5554,256,1764871094.968662,20.980
1764871094.992941,5555,256,1764871094.971988,20.953
1764871094.996336,5556,256,1764871094.975351,20.985
1764871094.999619,5557,256,1764871094.978671,20.948
1764871095.002998,5558,256,1764871094.982007,20.991
1764871095.006367,5559,256,1764871094.985341,21.026
1764871095.009522,5560,256,1764871094.988663,20.859
1764871095.012906,5561,256,1764871094.991979,20.928
1764871095.016197,5562,256,1764871094.995327,20.870
1764871095.019494,5563,256,1764871094.998661,20.833
1764871095.022791,5564,256,1764871095.001969,20.822
1764871095.026373,5565,256,1764871095.005359,21.014
1764871095.029568,5566,256,1764871095.008678,20.890
1764871095.033049,5567,256,1764871095.012008,21.041
1764871095.036326,5568,256,1764871095.015342,20.984
1764871095.039705,5569,256,1764871095.018754,20.950
1764871095.042883,5570,256,1764871095.021986,20.897
1764871095.046264,5571,256,1764871095.025329,20.935
1764871095.049746,5572,256,1764871095.028765,20.981
1764871095.052889,5573,256,1764871095.031996,20.892
1764871095.056312,5574,256,1764871095.035340,20.972
1764871095.059476,5575,256,1764871095.038643,20.833
1764871095.062924,5576,256,1764871095.041986,20.938
1764871095.066234,5577,256,1764871095.045327,20.907
1764871095.069577,5578,256,1764871095.048639,20.939
1764871095.072892,5579,256,1764871095.051970,20.922
1764871095.076331,5580,256,1764871095.055338,20.993
1764871095.079635,5581,256,1764871095.058665,20.970
1764871095.082943,5582,256,1764871095.062004,20.939
1764871095.086218,5583,256,1764871095.065329,20.890
1764871095.089577,5584,256,1764871095.068662,20.915
1764871095.092990,5585,256,1764871095.071993,20.998
1764871095.096279,5586,256,1764871095.075332,20.947
1764871095.099732,5587,256,1764871095.078780,20.952
1764871095.103026,5588,256,1764871095.081992,21.034
1764871095.106223,5589,256,1764871095.085339,20.884
1764871095.109682,5590,256,1764871095.088767,20.915
1764871095.112875,5591,256,1764871095.091993,20.882
1764871095.116245,5592,256,1764871095.095328,20.917
1764871095.119700,5593,256,1764871095.098761,20.939
1764871095.123039,5594,256,1764871095.102092,20.948
1764871095.126194,5595,256,1764871095.105341,20.853
1764871095.129565,5596,256,1764871095.108668,20.897
1764871095.132874,5597,256,1764871095.111982,20.892
1764871095.136256,5598,256,1764871095.115326,20.929
1764871095.139548,5599,256,1764871095.118670,20.878
1764871095.142894,5600,256,1764871095.121976,20.917
1764871095.146374,5601,256,1764871095.125332,21.042
1764871095.149508,5602,256,1764871095.128664,20.844
1764871095.152877,5603,256,1764871095.131985,20.892
1764871095.156356,5604,256,1764871095.135340,21.016
1764871095.159580,5605,256,1764871095.138657,20.923
1764871095.162979,5606,256,1764871095.142018,20.960
1764871095.166240,5607,256,1764871095.145330,20.910
1764871095.169936,5608,256,1764871095.148847,21.089
1764871095.173058,5609,256,1764871095.152020,21.038
1764871095.176458,5610,256,1764871095.155356,21.101
1764871095.179623,5611,256,1764871095.158669,20.954
1764871095.182956,5612,256,1764871095.161994,20.963
1764871095.186253,5613,256,1764871095.165333,20.920
1764871095.189536,5614,256,1764871095.168659,20.876
1764871095.193017,5615,256,1764871095.171985,21.031
1764871095.196434,5616,256,1764871095.175337,21.098
1764871095.199629,5617,256,1764871095.178678,20.951
1764871095.203095,5618,256,1764871095.182004,21.091
1764871095.206409,5619,256,1764871095.185340,21.069
1764871095.209684,5620,256,1764871095.188757,20.927
1764871095.212930,5621,256,1764871095.191991,20.939
1764871095.216271,5622,256,1764871095.195356,20.916
1764871095.219652,5623,256,1764871095.198666,20.986
1764871095.223140,5624,256,1764871095.202008,21.132
1764871095.226434,5625,256,1764871095.205333,21.101
1764871095.229968,5626,256,1764871095.208669,21.299
1764871095.233337,5627,256,1764871095.212173,21.165
1764871095.236471,5628,256,1764871095.215353,21.118
1764871095.239708,5629,256,1764871095.218697,21.011
1764871095.243188,5630,256,1764871095.222152,21.036
1764871095.246539,5631,256,1764871095.225496,21.043
1764871095.249842,5632,256,1764871095.228761,21.081
1764871095.253091,5633,256,1764871095.232080,21.011
1764871095.256575,5634,256,1764871095.235511,21.064
1764871095.259955,5635,256,1764871095.238775,21.180
1764871095.263001,5636,256,1764871095.242028,20.974
1764871095.266452,5637,256,1764871095.245414,21.039
1764871095.269813,5638,256,1764871095.248722,21.091
1764871095.273052,5639,256,1764871095.252050,21.002
1764871095.276447,5640,256,1764871095.255418,21.029
1764871095.279844,5641,256,1764871095.258768,21.076
1764871095.283045,5642,256,1764871095.262076,20.969
1764871095.286533,5643,256,1764871095.265436,21.098
1764871095.289772,5644,256,1764871095.268760,21.012
1764871095.292973,5645,256,1764871095.272080,20.893
1764871095.296435,5646,256,1764871095.275411,21.024
1764871095.299757,5647,256,1764871095.278704,21.053
1764871095.303012,5648,256,1764871095.282076,20.936
1764871095.306500,5649,256,1764871095.285423,21.077
1764871095.309702,5650,256,1764871095.288715,20.987
1764871095.313045,5651,256,1764871095.292034,21.011
1764871095.316368,5652,256,1764871095.295409,20.959
1764871095.319611,5653,256,1764871095.298702,20.910
1764871095.323016,5654,256,1764871095.302040,20.976
1764871095.326448,5655,256,1764871095.305422,21.026
1764871095.329719,5656,256,1764871095.308664,21.055
1764871095.332957,5657,256,1764871095.312034,20.923
1764871095.336215,5658,256,1764871095.315324,20.891
1764871095.339613,5659,256,1764871095.318679,20.934
1764871095.342957,5660,256,1764871095.322048,20.910
1764871095.346551,5661,256,1764871095.325408,21.143
1764871095.349855,5662,256,1764871095.328753,21.102
1764871095.353046,5663,256,1764871095.331988,21.059
1764871095.356572,5664,256,1764871095.335401,21.171
1764871095.359904,5665,256,1764871095.338783,21.121
1764871095.363074,5666,256,1764871095.342037,21.037
1764871095.366505,5667,256,1764871095.345407,21.098
1764871095.369861,5668,256,1764871095.348741,21.120
1764871095.373313,5669,256,1764871095.352090,21.223
1764871095.376616,5670,256,1764871095.355407,21.209
1764871095.379791,5671,256,1764871095.358740,21.051
1764871095.383049,5672,256,1764871095.362077,20.972
1764871095.386549,5673,256,1764871095.365384,21.164
1764871095.389748,5674,256,1764871095.368768,20.980
1764871095.393102,5675,256,1764871095.372068,21.034
1764871095.396483,5676,256,1764871095.375411,21.072
1764871095.399935,5677,256,1764871095.378737,21.198
1764871095.403013,5678,256,1764871095.382066,20.947
1764871095.406545,5679,256,1764871095.385486,21.059
1764871095.409750,5680,256,1764871095.388729,21.021
1764871095.412953,5681,256,1764871095.392042,20.911
1764871095.416420,5682,256,1764871095.395387,21.032
1764871095.419671,5683,256,1764871095.398752,20.919
1764871095.423039,5684,256,1764871095.402039,21.000
1764871095.426331,5685,256,1764871095.405423,20.908
1764871095.429708,5686,256,1764871095.408740,20.968
1764871095.433008,5687,256,1764871095.412062,20.946
1764871095.436374,5688,256,1764871095.415326,21.048
1764871095.439566,5689,256,1764871095.418676,20.890
1764871095.442967,5690,256,1764871095.422074,20.893
1764871095.446484,5691,256,1764871095.425361,21.122
1764871095.449644,5692,256,1764871095.428751,20.893
1764871095.452938,5693,256,1764871095.432052,20.887
1764871095.456501,5694,256,1764871095.435480,21.021
1764871095.460456,5695,256,1764871095.438715,21.741
1764871095.463011,5696,256,1764871095.442080,20.931
1764871095.466385,5697,256,1764871095.445361,21.024
1764871095.469575,5698,256,1764871095.448661,20.914
1764871095.473034,5699,256,1764871095.451992,21.042
1764871095.476379,5700,256,1764871095.455357,21.022
1764871095.480094,5701,256,1764871095.458973,21.121
1764871095.482987,5702,256,1764871095.462046,20.941
1764871095.486526,5703,256,1764871095.465515,21.011
1764871095.489633,5704,256,1764871095.468678,20.955
1764871095.492997,5705,256,1764871095.471984,21.013
1764871095.496339,5706,256,1764871095.475357,20.982
1764871095.499742,5707,256,1764871095.478693,21.049
1764871095.502937,5708,256,1764871095.481999,20.938
1764871095.506305,5709,256,1764871095.485336,20.970
1764871095.509603,5710,256,1764871095.488653,20.950
1764871095.512870,5711,256,1764871095.491984,20.886
1764871095.516327,5712,256,1764871095.495331,20.996
1764871095.519595,5713,256,1764871095.498662,20.932
1764871095.522897,5714,256,1764871095.501988,20.909
1764871095.526392,5715,256,1764871095.505350,21.042
1764871095.529589,5716,256,1764871095.508668,20.921
1764871095.532912,5717,256,1764871095.511980,20.931
1764871095.536363,5718,256,1764871095.515349,21.014
1764871095.539636,5719,256,1764871095.518664,20.972
1764871095.542921,5720,256,1764871095.522003,20.918
1764871095.546264,5721,256,1764871095.525342,20.922
1764871095.549600,5722,256,1764871095.528667,20.933
1764871095.552989,5723,256,1764871095.532017,20.972
1764871095.556312,5724,256,1764871095.535356,20.956
1764871095.559618,5725,256,1764871095.538683,20.935
1764871095.562890,5726,256,1764871095.541993,20.897
1764871095.566267,5727,256,1764871095.545328,20.938
1764871095.569556,5728,256,1764871095.548652,20.904
1764871095.572970,5729,256,1764871095.552027,20.943
1764871095.576297,5730,256,1764871095.555354,20.943
1764871095.579660,5731,256,1764871095.558665,20.995
1764871095.582991,5732,256,1764871095.561997,20.994
1764871095.586321,5733,256,1764871095.565338,20.983
1764871095.589675,5734,256,1764871095.568672,21.003
1764871095.592917,5735,256,1764871095.572001,20.916
1764871095.596264,5736,256,1764871095.575348,20.916
1764871095.599780,5737,256,1764871095.578756,21.025
1764871095.602890,5738,256,1764871095.581999,20.892
1764871095.606401,5739,256,1764871095.585376,21.025
1764871095.609722,5740,256,1764871095.588771,20.951
1764871095.612959,5741,256,1764871095.592005,20.954
1764871095.616285,5742,256,1764871095.595365,20.920
1764871095.619704,5743,256,1764871095.598690,21.015
1764871095.622932,5744,256,1764871095.601990,20.942
1764871095.626326,5745,256,1764871095.605362,20.964
1764871095.629609,5746,256,1764871095.608675,20.933
1764871095.632955,5747,256,1764871095.611990,20.965
1764871095.636431,5748,256,1764871095.615356,21.076
1764871095.639772,5749,256,1764871095.618842,20.930
1764871095.642997,5750,256,1764871095.622061,20.936
1764871095.646335,5751,256,1764871095.625366,20.969
1764871095.649568,5752,256,1764871095.628663,20.905
1764871095.652918,5753,256,1764871095.632004,20.914
1764871095.656354,5754,256,1764871095.635330,21.024
1764871095.659674,5755,256,1764871095.638670,21.005
1764871095.663095,5756,256,1764871095.642001,21.093
1764871095.666385,5757,256,1764871095.645346,21.038
1764871095.669733,5758,256,1764871095.648663,21.070
1764871095.672959,5759,256,1764871095.652009,20.950
1764871095.676428,5760,256,1764871095.655334,21.093
1764871095.679601,5761,256,1764871095.658680,20.921
1764871095.683051,5762,256,1764871095.661983,21.067
1764871095.686429,5763,256,1764871095.665370,21.059
1764871095.689679,5764,256,1764871095.668676,21.003
1764871095.692974,5765,256,1764871095.672010,20.965
1764871095.696390,5766,256,1764871095.675344,21.046
1764871095.699660,5767,256,1764871095.678678,20.982
1764871095.702966,5768,256,1764871095.682010,20.957
1764871095.706533,5769,256,1764871095.685550,20.983
1764871095.709660,5770,256,1764871095.688683,20.977
1764871095.713027,5771,256,1764871095.691991,21.035
1764871095.716795,5772,256,1764871095.695374,21.421
1764871095.719876,5773,256,1764871095.698834,21.042
1764871095.723252,5774,256,1764871095.702109,21.143
1764871095.726334,5775,256,1764871095.705351,20.983
1764871095.729724,5776,256,1764871095.708724,21.000
1764871095.732903,5777,256,1764871095.712010,20.893
1764871095.736881,5778,256,1764871095.715811,21.070
1764871095.739685,5779,256,1764871095.718682,21.003
1764871095.743037,5780,256,1764871095.722038,20.999
1764871095.746450,5781,256,1764871095.725367,21.083
1764871095.749622,5782,256,1764871095.728688,20.934
1764871095.752944,5783,256,1764871095.732016,20.927
1764871095.756421,5784,256,1764871095.735403,21.018
1764871095.759756,5785,256,1764871095.738700,21.056
1764871095.762941,5786,256,1764871095.742002,20.938
1764871095.766398,5787,256,1764871095.745346,21.051
1764871095.769506,5788,256,1764871095.748662,20.844
1764871095.772861,5789,256,1764871095.752002,20.859
1764871095.776314,5790,256,1764871095.755332,20.982
1764871095.779551,5791,256,1764871095.758671,20.880
1764871095.782794,5792,256,1764871095.761982,20.812
1764871095.786176,5793,256,1764871095.765325,20.852
1764871095.789587,5794,256,1764871095.768703,20.884
1764871095.792802,5795,256,1764871095.771975,20.827
1764871095.796170,5796,256,1764871095.775324,20.846
1764871095.799565,5797,256,1764871095.778660,20.905
1764871095.802848,5798,256,1764871095.781970,20.879
1764871095.806250,5799,256,1764871095.785311,20.939
1764871095.809752,5800,256,1764871095.788768,20.983
1764871095.812876,5801,256,1764871095.791986,20.890
1764871095.816290,5802,256,1764871095.795348,20.942
1764871095.819591,5803,256,1764871095.798692,20.899
1764871095.822901,5804,256,1764871095.801990,20.911
1764871095.826243,5805,256,1764871095.805333,20.911
1764871095.829591,5806,256,1764871095.808663,20.928
1764871095.832897,5807,256,1764871095.812027,20.869
1764871095.836325,5808,256,1764871095.815433,20.893
1764871095.839652,5809,256,1764871095.818701,20.951
1764871095.842855,5810,256,1764871095.821984,20.871
1764871095.846329,5811,256,1764871095.825360,20.969
1764871095.849741,5812,256,1764871095.828748,20.992
1764871095.852952,5813,256,1764871095.832021,20.930
1764871095.856308,5814,256,1764871095.835384,20.923
1764871095.859838,5815,256,1764871095.838785,21.053
1764871095.862869,5816,256,1764871095.841982,20.888
1764871095.866252,5817,256,1764871095.845343,20.909
1764871095.869586,5818,256,1764871095.848673,20.913
1764871095.872870,5819,256,1764871095.851953,20.917
1764871095.876345,5820,256,1764871095.855356,20.990
1764871095.879675,5821,256,1764871095.858682,20.993
1764871095.883033,5822,256,1764871095.862003,21.030
1764871095.886266,5823,256,1764871095.865353,20.912
1764871095.889548,5824,256,1764871095.868660,20.888
1764871095.892962,5825,256,1764871095.872001,20.960
1764871095.896265,5826,256,1764871095.875353,20.912
1764871095.899616,5827,256,1764871095.878690,20.926
1764871095.902946,5828,256,1764871095.881997,20.949
1764871095.906259,5829,256,1764871095.885336,20.923
1764871095.909549,5830,256,1764871095.888657,20.891
1764871095.912861,5831,256,1764871095.891984,20.877
1764871095.916233,5832,256,1764871095.895315,20.918
1764871095.919582,5833,256,1764871095.898678,20.904
1764871095.922969,5834,256,1764871095.901996,20.973
1764871095.926319,5835,256,1764871095.905378,20.941
1764871095.929562,5836,256,1764871095.908673,20.889
1764871095.932935,5837,256,1764871095.911985,20.950
1764871095.936347,5838,256,1764871095.915358,20.988
1764871095.939657,5839,256,1764871095.918669,20.988
1764871095.942883,5840,256,1764871095.921990,20.893
1764871095.946238,5841,256,1764871095.925319,20.919
1764871095.949598,5842,256,1764871095.928659,20.938
1764871095.952907,5843,256,1764871095.931991,20.916
1764871095.956302,5844,256,1764871095.935333,20.969
1764871095.959984,5845,256,1764871095.938661,21.323
1764871095.963229,5846,256,1764871095.942041,21.189
1764871095.966333,5847,256,1764871095.945327,21.006
1764871095.969678,5848,256,1764871095.948658,21.020
1764871095.972934,5849,256,1764871095.952001,20.933
1764871095.976513,5850,256,1764871095.955343,21.170
1764871095.979675,5851,256,1764871095.958692,20.983
1764871095.983157,5852,256,1764871095.962169,20.988
1764871095.986489,5853,256,1764871095.965427,21.061
1764871095.990243,5854,256,1764871095.969146,21.097
1764871095.992911,5855,256,1764871095.972013,20.898
1764871095.996358,5856,256,1764871095.975340,21.018
1764871095.999633,5857,256,1764871095.978673,20.960
1764871096.002917,5858,256,1764871095.981995,20.921
1764871096.006369,5859,256,1764871095.985395,20.974
1764871096.009635,5860,256,1764871095.988678,20.957
1764871096.012929,5861,256,1764871095.992005,20.924
1764871096.016337,5862,256,1764871095.995341,20.996
1764871096.019638,5863,256,1764871095.998677,20.960
1764871096.022924,5864,256,1764871096.001995,20.929
1764871096.026303,5865,256,1764871096.005351,20.953
1764871096.029783,5866,256,1764871096.008717,21.067
1764871096.033033,5867,256,1764871096.012007,21.026
1764871096.036338,5868,256,1764871096.015342,20.997
1764871096.039657,5869,256,1764871096.018675,20.982
1764871096.042932,5870,256,1764871096.022004,20.928
1764871096.046499,5871,256,1764871096.025352,21.147
1764871096.049954,5872,256,1764871096.028801,21.154
1764871096.052998,5873,256,1764871096.032019,20.979
1764871096.056407,5874,256,1764871096.035384,21.023
1764871096.059895,5875,256,1764871096.038810,21.086
1764871096.063049,5876,256,1764871096.042045,21.004
1764871096.066582,5877,256,1764871096.045420,21.162
1764871096.069743,5878,256,1764871096.048732,21.012
1764871096.073102,5879,256,1764871096.052138,20.964
1764871096.076347,5880,256,1764871096.055346,21.000
1764871096.079701,5881,256,1764871096.058669,21.032
1764871096.083081,5882,256,1764871096.062080,21.001
1764871096.086339,5883,256,1764871096.065351,20.988
1764871096.089621,5884,256,1764871096.068671,20.950
1764871096.093144,5885,256,1764871096.072028,21.116
1764871096.096368,5886,256,1764871096.075351,21.018
1764871096.099780,5887,256,1764871096.078736,21.044
1764871096.102984,5888,256,1764871096.082054,20.930
1764871096.106243,5889,256,1764871096.085320,20.922
1764871096.109714,5890,256,1764871096.088734,20.980
1764871096.113053,5891,256,1764871096.092037,21.016
1764871096.116396,5892,256,1764871096.095392,21.004
1764871096.119806,5893,256,1764871096.098786,21.020
1764871096.122986,5894,256,1764871096.102039,20.947
1764871096.126260,5895,256,1764871096.105318,20.942
1764871096.129764,5896,256,1764871096.108664,21.100
1764871096.133077,5897,256,1764871096.111989,21.088
1764871096.136395,5898,256,1764871096.115325,21.070
1764871096.139796,5899,256,1764871096.118798,20.998
1764871096.142910,5900,256,1764871096.122046,20.864
1764871096.146258,5901,256,1764871096.125362,20.896
1764871096.149672,5902,256,1764871096.128720,20.952
1764871096.153028,5903,256,1764871096.132071,20.957
1764871096.156410,5904,256,1764871096.135485,20.925
1764871096.159666,5905,256,1764871096.138687,20.979
1764871096.162973,5906,256,1764871096.142068,20.905
1764871096.166232,5907,256,1764871096.145322,20.910
1764871096.169523,5908,256,1764871096.148685,20.838
1764871096.172796,5909,256,1764871096.151970,20.826
1764871096.176155,5910,256,1764871096.155314,20.840
1764871096.179489,5911,256,1764871096.158640,20.849
1764871096.182974,5912,256,1764871096.162039,20.935
1764871096.186228,5913,256,1764871096.165334,20.894
1764871096.189666,5914,256,1764871096.168759,20.907
1764871096.192864,5915,256,1764871096.171988,20.875
1764871096.196311,5916,256,1764871096.175384,20.927
1764871096.199780,5917,256,1764871096.178677,21.103
1764871096.203022,5918,256,1764871096.181981,21.041
1764871096.206309,5919,256,1764871096.185351,20.958
1764871096.209794,5920,256,1764871096.188667,21.127
1764871096.213042,5921,256,1764871096.191985,21.056
1764871096.216424,5922,256,1764871096.195338,21.086
1764871096.219800,5923,256,1764871096.198812,20.988
1764871096.223028,5924,256,1764871096.202018,21.011
1764871096.226438,5925,256,1764871096.205364,21.074
1764871096.229892,5926,256,1764871096.208728,21.164
1764871096.233199,5927,256,1764871096.212078,21.121
1764871096.236534,5928,256,1764871096.215353,21.182
1764871096.239813,5929,256,1764871096.218677,21.136
1764871096.242999,5930,256,1764871096.222004,20.995
1764871096.246481,5931,256,1764871096.225401,21.080
1764871096.250022,5932,256,1764871096.228838,21.184
1764871096.252976,5933,256,1764871096.232014,20.962
1764871096.256476,5934,256,1764871096.235377,21.099
1764871096.259937,5935,256,1764871096.238748,21.189
1764871096.263018,5936,256,1764871096.242006,21.012
1764871096.266644,5937,256,1764871096.245555,21.088
1764871096.269998,5938,256,1764871096.248885,21.113
1764871096.273106,5939,256,1764871096.252033,21.073
1764871096.276586,5940,256,1764871096.255487,21.099
1764871096.280094,5941,256,1764871096.258841,21.252
1764871096.283078,5942,256,1764871096.261996,21.082
1764871096.286583,5943,256,1764871096.265475,21.108
1764871096.289950,5944,256,1764871096.268735,21.215
1764871096.293090,5945,256,1764871096.272005,21.085
1764871096.296707,5946,256,1764871096.275403,21.304
1764871096.300117,5947,256,1764871096.278810,21.307
1764871096.303017,5948,256,1764871096.281996,21.021
1764871096.306555,5949,256,1764871096.285343,21.212
1764871096.309872,5950,256,1764871096.288644,21.228
1764871096.313039,5951,256,1764871096.291989,21.050
1764871096.316570,5952,256,1764871096.295342,21.228
1764871096.319685,5953,256,1764871096.298656,21.029
1764871096.323035,5954,256,1764871096.301994,21.040
1764871096.326529,5955,256,1764871096.305325,21.204
1764871096.329877,5956,256,1764871096.308656,21.222
1764871096.333016,5957,256,1764871096.311991,21.024
1764871096.336492,5958,256,1764871096.315343,21.150
1764871096.339682,5959,256,1764871096.318653,21.030
1764871096.343135,5960,256,1764871096.321985,21.150
1764871096.346427,5961,256,1764871096.325430,20.997
1764871096.349634,5962,256,1764871096.328659,20.976
1764871096.352973,5963,256,1764871096.331993,20.980
1764871096.356325,5964,256,1764871096.335341,20.984
1764871096.359666,5965,256,1764871096.338642,21.024
1764871096.363006,5966,256,1764871096.341979,21.028
1764871096.366340,5967,256,1764871096.345334,21.007
1764871096.369685,5968,256,1764871096.348653,21.032
1764871096.372942,5969,256,1764871096.351971,20.971
1764871096.376385,5970,256,1764871096.355401,20.984
1764871096.379760,5971,256,1764871096.358673,21.087
1764871096.382890,5972,256,1764871096.361992,20.897
1764871096.386326,5973,256,1764871096.365333,20.993
1764871096.389907,5974,256,1764871096.368753,21.154
1764871096.393038,5975,256,1764871096.371990,21.048
1764871096.396352,5976,256,1764871096.375350,21.002
1764871096.399872,5977,256,1764871096.378754,21.117
1764871096.403020,5978,256,1764871096.381978,21.042
1764871096.406327,5979,256,1764871096.385349,20.979
1764871096.409746,5980,256,1764871096.388753,20.993
1764871096.413000,5981,256,1764871096.392006,20.994
1764871096.416441,5982,256,1764871096.395355,21.087
1764871096.419980,5983,256,1764871096.398781,21.199
1764871096.423037,5984,256,1764871096.401998,21.039
1764871096.426277,5985,256,1764871096.405354,20.923
1764871096.429875,5986,256,1764871096.408701,21.174
1764871096.433039,5987,256,1764871096.412024,21.016
1764871096.436417,5988,256,1764871096.415430,20.987
1764871096.439852,5989,256,1764871096.418775,21.077
1764871096.443035,5990,256,1764871096.422031,21.004
1764871096.446445,5991,256,1764871096.425441,21.004
1764871096.449564,5992,256,1764871096.428665,20.899
1764871096.453124,5993,256,1764871096.432115,21.008
1764871096.456485,5994,256,1764871096.435339,21.146
1764871096.459903,5995,256,1764871096.438662,21.242
1764871096.462984,5996,256,1764871096.442035,20.948
1764871096.466323,5997,256,1764871096.445360,20.963
1764871096.469568,5998,256,1764871096.448679,20.889
1764871096.473008,5999,256,1764871096.451997,21.011
1764871096.476460,6000,256,1764871096.455344,21.116
1764871096.479968,6001,256,1764871096.458785,21.183
1764871096.483165,6002,256,1764871096.462004,21.161
1764871096.486565,6003,256,1764871096.465394,21.171
1764871096.489606,6004,256,1764871096.468693,20.913
1764871096.493056,6005,256,1764871096.472049,21.006
1764871096.496665,6006,256,1764871096.475541,21.124
1764871096.499834,6007,256,1764871096.478733,21.100
1764871096.502878,6008,256,1764871096.481983,20.895
1764871096.506409,6009,256,1764871096.485335,21.074
1764871096.509612,6010,256,1764871096.488694,20.918
1764871096.512862,6011,256,1764871096.491975,20.887
1764871096.516410,6012,256,1764871096.495422,20.988
1764871096.519608,6013,256,1764871096.498691,20.917
1764871096.522807,6014,256,1764871096.501986,20.820
1764871096.526468,6015,256,1764871096.505433,21.035
1764871096.529768,6016,256,1764871096.508692,21.076
1764871096.532845,6017,256,1764871096.511981,20.864
1764871096.536501,6018,256,1764871096.515480,21.022
1764871096.539618,6019,256,1764871096.518670,20.948
1764871096.542904,6020,256,1764871096.522002,20.902
1764871096.546421,6021,256,1764871096.525467,20.954
1764871096.549787,6022,256,1764871096.528758,21.029
1764871096.553030,6023,256,1764871096.532101,20.929
1764871096.556333,6024,256,1764871096.535431,20.902
1764871096.559680,6025,256,1764871096.538770,20.910
1764871096.563011,6026,256,1764871096.542101,20.910
1764871096.566346,6027,256,1764871096.545427,20.919
1764871096.569770,6028,256,1764871096.548768,21.001
1764871096.572858,6029,256,1764871096.552000,20.858
1764871096.576256,6030,256,1764871096.555409,20.847
1764871096.579624,6031,256,1764871096.558752,20.872
1764871096.582903,6032,256,1764871096.562068,20.835
1764871096.586286,6033,256,1764871096.565417,20.869
1764871096.589667,6034,256,1764871096.568755,20.911
1764871096.592917,6035,256,1764871096.572060,20.858
1764871096.596318,6036,256,1764871096.575412,20.907
1764871096.599693,6037,256,1764871096.578762,20.931
1764871096.602965,6038,256,1764871096.582080,20.885
1764871096.606304,6039,256,1764871096.585340,20.964
1764871096.609586,6040,256,1764871096.588679,20.907
1764871096.612912,6041,256,1764871096.592010,20.903
1764871096.616406,6042,256,1764871096.595361,21.045
1764871096.619809,6043,256,1764871096.598767,21.042
1764871096.622919,6044,256,1764871096.602009,20.910
1764871096.626455,6045,256,1764871096.605434,21.021
1764871096.629692,6046,256,1764871096.608765,20.927
1764871096.632881,6047,256,1764871096.612009,20.872
1764871096.636422,6048,256,1764871096.615466,20.956
1764871096.639685,6049,256,1764871096.618765,20.920
1764871096.642919,6050,256,1764871096.622004,20.915
1764871096.646424,6051,256,1764871096.625470,20.955
1764871096.649708,6052,256,1764871096.628765,20.943
1764871096.652994,6053,256,1764871096.632081,20.913
1764871096.656490,6054,256,1764871096.635468,21.022
1764871096.659760,6055,256,1764871096.638776,20.985
1764871096.662993,6056,256,1764871096.642080,20.913
1764871096.666365,6057,256,1764871096.645455,20.910
1764871096.669771,6058,256,1764871096.648802,20.969
1764871096.672985,6059,256,1764871096.652098,20.887
1764871096.676360,6060,256,1764871096.655431,20.929
1764871096.679836,6061,256,1764871096.658769,21.067
1764871096.683000,6062,256,1764871096.662097,20.902
1764871096.686388,6063,256,1764871096.665431,20.958
1764871096.689755,6064,256,1764871096.668766,20.989
1764871096.692992,6065,256,1764871096.672111,20.881
1764871096.696314,6066,256,1764871096.675360,20.954
1764871096.699621,6067,256,1764871096.678694,20.927
1764871096.702927,6068,256,1764871096.682013,20.914
1764871096.706421,6069,256,1764871096.685423,20.998
1764871096.709852,6070,256,1764871096.688733,21.118
1764871096.713017,6071,256,1764871096.692018,20.999
1764871096.716503,6072,256,1764871096.695526,20.977
1764871096.719806,6073,256,1764871096.698768,21.038
1764871096.723077,6074,256,1764871096.702092,20.985
1764871096.726370,6075,256,1764871096.705425,20.945
1764871096.729694,6076,256,1764871096.708771,20.923
1764871096.733055,6077,256,1764871096.712012,21.043
1764871096.736537,6078,256,1764871096.715335,21.201
1764871096.739720,6079,256,1764871096.718699,21.021
1764871096.742963,6080,256,1764871096.721998,20.965
1764871096.746372,6081,256,1764871096.725428,20.944
1764871096.749856,6082,256,1764871096.728837,21.019
1764871096.753103,6083,256,1764871096.732148,20.954
1764871096.756504,6084,256,1764871096.735513,20.991
1764871096.759791,6085,256,1764871096.738846,20.945
1764871096.763027,6086,256,1764871096.742154,20.873
1764871096.766308,6087,256,1764871096.745449,20.859
1764871096.769665,6088,256,1764871096.748777,20.888
1764871096.773023,6089,256,1764871096.752132,20.891
1764871096.776265,6090,256,1764871096.755386,20.879
1764871096.779492,6091,256,1764871096.758647,20.846
1764871096.782837,6092,256,1764871096.761984,20.853
1764871096.786203,6093,256,1764871096.765348,20.855
1764871096.789621,6094,256,1764871096.768745,20.876
1764871096.792949,6095,256,1764871096.772038,20.911
1764871096.796239,6096,256,1764871096.775327,20.912
1764871096.799753,6097,256,1764871096.778754,20.999
1764871096.802922,6098,256,1764871096.781986,20.936
1764871096.806427,6099,256,1764871096.785345,21.083
1764871096.809890,6100,256,1764871096.788788,21.101
1764871096.813015,6101,256,1764871096.792004,21.012
1764871096.816371,6102,256,1764871096.795420,20.951
1764871096.819726,6103,256,1764871096.798724,21.002
1764871096.823011,6104,256,1764871096.802071,20.940
1764871096.826467,6105,256,1764871096.805440,21.027
1764871096.829718,6106,256,1764871096.808753,20.965
1764871096.833003,6107,256,1764871096.812101,20.902
1764871096.836423,6108,256,1764871096.815450,20.973
1764871096.839747,6109,256,1764871096.818752,20.996
1764871096.842982,6110,256,1764871096.822108,20.874
1764871096.846420,6111,256,1764871096.825427,20.993
1764871096.849689,6112,256,1764871096.828757,20.932
1764871096.852989,6113,256,1764871096.832100,20.889
1764871096.856372,6114,256,1764871096.835425,20.947
1764871096.859850,6115,256,1764871096.838762,21.088
1764871096.862978,6116,256,1764871096.842098,20.880
1764871096.866458,6117,256,1764871096.845443,21.015
1764871096.869866,6118,256,1764871096.848768,21.097
1764871096.873033,6119,256,1764871096.852107,20.926
1764871096.876314,6120,256,1764871096.855386,20.928
1764871096.879696,6121,256,1764871096.858676,21.020
1764871096.882949,6122,256,1764871096.862001,20.949
1764871096.886544,6123,256,1764871096.865477,21.067
1764871096.889985,6124,256,1764871096.868805,21.180
1764871096.893082,6125,256,1764871096.872004,21.078
1764871096.896450,6126,256,1764871096.875353,21.097
1764871096.899896,6127,256,1764871096.878730,21.166
1764871096.903100,6128,256,1764871096.882004,21.096
1764871096.906388,6129,256,1764871096.885344,21.043
1764871096.909889,6130,256,1764871096.888744,21.145
1764871096.913030,6131,256,1764871096.892002,21.028
1764871096.916378,6132,256,1764871096.895350,21.029
1764871096.919771,6133,256,1764871096.898677,21.094
1764871096.923012,6134,256,1764871096.902007,21.005
1764871096.926440,6135,256,1764871096.905411,21.029
1764871096.929783,6136,256,1764871096.908732,21.051
1764871096.933161,6137,256,1764871096.912000,21.162
1764871096.936466,6138,256,1764871096.915365,21.102
1764871096.939900,6139,256,1764871096.918727,21.173
1764871096.943089,6140,256,1764871096.922003,21.086
1764871096.946458,6141,256,1764871096.925358,21.100
1764871096.950069,6142,256,1764871096.928779,21.290
1764871096.953210,6143,256,1764871096.932119,21.091
1764871096.956445,6144,256,1764871096.935342,21.104
1764871096.959893,6145,256,1764871096.938768,21.125
1764871096.963030,6146,256,1764871096.942111,20.919
1764871096.966435,6147,256,1764871096.945439,20.996
1764871096.969711,6148,256,1764871096.948758,20.953
1764871096.972840,6149,256,1764871096.951990,20.849
1764871096.976352,6150,256,1764871096.955422,20.930
1764871096.979700,6151,256,1764871096.958777,20.923
1764871096.982936,6152,256,1764871096.962030,20.906
1764871096.986670,6153,256,1764871096.965329,21.341
1764871096.989551,6154,256,1764871096.968688,20.863
1764871096.992958,6155,256,1764871096.972043,20.916
1764871096.996245,6156,256,1764871096.975352,20.892
1764871096.999767,6157,256,1764871096.978774,20.993
1764871097.002960,6158,256,1764871096.981995,20.965
1764871097.006293,6159,256,1764871096.985361,20.932
1764871097.009779,6160,256,1764871096.988741,21.038
1764871097.013002,6161,256,1764871096.992005,20.997
1764871097.016320,6162,256,1764871096.995330,20.990
1764871097.019583,6163,256,1764871096.998647,20.935
1764871097.022948,6164,256,1764871097.002005,20.943
1764871097.026356,6165,256,1764871097.005353,21.004
1764871097.029877,6166,256,1764871097.008811,21.066
1764871097.033046,6167,256,1764871097.012066,20.980
1764871097.036571,6168,256,1764871097.015485,21.086
1764871097.039926,6169,256,1764871097.018816,21.111
1764871097.043041,6170,256,1764871097.022073,20.969
1764871097.046448,6171,256,1764871097.025485,20.964
1764871097.049716,6172,256,1764871097.028756,20.960
1764871097.053135,6173,256,1764871097.032153,20.982
1764871097.056534,6174,256,1764871097.035505,21.029
1764871097.059877,6175,256,1764871097.038846,21.031
1764871097.063018,6176,256,1764871097.042073,20.945
1764871097.066485,6177,256,1764871097.045459,21.025
1764871097.069884,6178,256,1764871097.048806,21.077
1764871097.073163,6179,256,1764871097.052187,20.976
1764871097.076627,6180,256,1764871097.055532,21.095
1764871097.079903,6181,256,1764871097.058805,21.099
1764871097.083125,6182,256,1764871097.062106,21.019
1764871097.086541,6183,256,1764871097.065484,21.057
1764871097.089983,6184,256,1764871097.068796,21.187
1764871097.093227,6185,256,1764871097.072054,21.173
1764871097.096590,6186,256,1764871097.075467,21.123
1764871097.099646,6187,256,1764871097.078647,20.999
1764871097.103009,6188,256,1764871097.082022,20.987
1764871097.106447,6189,256,1764871097.085358,21.089
1764871097.109736,6190,256,1764871097.088748,20.988
1764871097.112871,6191,256,1764871097.091986,20.885
1764871097.116537,6192,256,1764871097.095457,21.080
1764871097.119759,6193,256,1764871097.098763,20.996
1764871097.123046,6194,256,1764871097.102115,20.931
1764871097.126391,6195,256,1764871097.105338,21.053
1764871097.129664,6196,256,1764871097.108682,20.983
1764871097.133012,6197,256,1764871097.112091,20.921
1764871097.136309,6198,256,1764871097.115335,20.973
1764871097.139639,6199,256,1764871097.118687,20.952
1764871097.143038,6200,256,1764871097.122009,21.029
1764871097.146579,6201,256,1764871097.125494,21.084
1764871097.149853,6202,256,1764871097.128707,21.146
1764871097.153009,6203,256,1764871097.132020,20.990
1764871097.156491,6204,256,1764871097.135496,20.995
1764871097.159686,6205,256,1764871097.138682,21.004
1764871097.163034,6206,256,1764871097.142025,21.010
1764871097.166554,6207,256,1764871097.145483,21.071
1764871097.169636,6208,256,1764871097.148685,20.951
1764871097.172874,6209,256,1764871097.151993,20.881
1764871097.176158,6210,256,1764871097.155332,20.826
1764871097.179506,6211,256,1764871097.158643,20.863
1764871097.182907,6212,256,1764871097.161997,20.910
1764871097.186287,6213,256,1764871097.165350,20.937
1764871097.189587,6214,256,1764871097.168646,20.941
1764871097.192888,6215,256,1764871097.172026,20.862
1764871097.196253,6216,256,1764871097.175309,20.944
1764871097.199723,6217,256,1764871097.178757,20.966
1764871097.202911,6218,256,1764871097.182024,20.886
1764871097.206393,6219,256,1764871097.185483,20.910
1764871097.209802,6220,256,1764871097.188710,21.092
1764871097.212935,6221,256,1764871097.192043,20.893
1764871097.216327,6222,256,1764871097.195413,20.914
1764871097.219697,6223,256,1764871097.198722,20.975
1764871097.222966,6224,256,1764871097.202049,20.917
1764871097.226402,6225,256,1764871097.205379,21.023
1764871097.229864,6226,256,1764871097.208740,21.124
1764871097.233063,6227,256,1764871097.212076,20.987
1764871097.236448,6228,256,1764871097.215343,21.105
1764871097.239661,6229,256,1764871097.218697,20.964
1764871097.242980,6230,256,1764871097.222025,20.955
1764871097.246365,6231,256,1764871097.225420,20.945
1764871097.249811,6232,256,1764871097.228706,21.105
1764871097.253092,6233,256,1764871097.232156,20.935
1764871097.256645,6234,256,1764871097.235478,21.167
1764871097.259746,6235,256,1764871097.238686,21.060
1764871097.262935,6236,256,1764871097.241997,20.938
1764871097.266562,6237,256,1764871097.245466,21.096
1764871097.269917,6238,256,1764871097.248753,21.164
1764871097.273207,6239,256,1764871097.252153,21.055
1764871097.276676,6240,256,1764871097.255546,21.130
1764871097.279854,6241,256,1764871097.258735,21.119
1764871097.283079,6242,256,1764871097.262150,20.930
1764871097.286523,6243,256,1764871097.265508,21.015
1764871097.289837,6244,256,1764871097.268782,21.055
1764871097.293214,6245,256,1764871097.272157,21.057
1764871097.296613,6246,256,1764871097.275480,21.133
1764871097.299785,6247,256,1764871097.278673,21.112
1764871097.303038,6248,256,1764871097.282067,20.971
1764871097.306640,6249,256,1764871097.285513,21.127
1764871097.309880,6250,256,1764871097.288800,21.080
1764871097.313128,6251,256,1764871097.292146,20.983
1764871097.316643,6252,256,1764871097.295513,21.130
1764871097.319901,6253,256,1764871097.298833,21.068
1764871097.323105,6254,256,1764871097.302136,20.969
1764871097.326625,6255,256,1764871097.305507,21.118
1764871097.329868,6256,256,1764871097.308799,21.069
1764871097.332938,6257,256,1764871097.311982,20.956
1764871097.336447,6258,256,1764871097.315354,21.093
1764871097.339873,6259,256,1764871097.318773,21.100
1764871097.342972,6260,256,1764871097.321995,20.977
1764871097.346413,6261,256,1764871097.325355,21.058
1764871097.349859,6262,256,1764871097.328762,21.097
1764871097.352987,6263,256,1764871097.331998,20.989
1764871097.356435,6264,256,1764871097.335357,21.078
1764871097.359782,6265,256,1764871097.338754,21.028
1764871097.362971,6266,256,1764871097.342000,20.972
1764871097.366309,6267,256,1764871097.345352,20.957
1764871097.369945,6268,256,1764871097.348770,21.175
1764871097.372984,6269,256,1764871097.352004,20.981
1764871097.376375,6270,256,1764871097.355435,20.940
1764871097.379776,6271,256,1764871097.358787,20.989
1764871097.382880,6272,256,1764871097.361995,20.885
1764871097.386290,6273,256,1764871097.365430,20.859
1764871097.389757,6274,256,1764871097.368768,20.988
1764871097.393009,6275,256,1764871097.371982,21.027
1764871097.396191,6276,256,1764871097.375321,20.870
1764871097.399568,6277,256,1764871097.378633,20.935
1764871097.402834,6278,256,1764871097.381965,20.870
1764871097.406199,6279,256,1764871097.385335,20.864
1764871097.409541,6280,256,1764871097.388632,20.909
1764871097.412885,6281,256,1764871097.391966,20.919
1764871097.416404,6282,256,1764871097.395449,20.955
1764871097.419609,6283,256,1764871097.398675,20.934
1764871097.422900,6284,256,1764871097.401980,20.919
1764871097.426471,6285,256,1764871097.405323,21.148
1764871097.429650,6286,256,1764871097.408687,20.963
1764871097.432923,6287,256,1764871097.411981,20.942
1764871097.436442,6288,256,1764871097.415407,21.035
1764871097.439693,6289,256,1764871097.418747,20.946
1764871097.443003,6290,256,1764871097.422076,20.927
1764871097.446284,6291,256,1764871097.425348,20.936
1764871097.449655,6292,256,1764871097.428752,20.903
1764871097.452956,6293,256,1764871097.432055,20.901
1764871097.456428,6294,256,1764871097.435408,21.020
1764871097.459664,6295,256,1764871097.438714,20.949
1764871097.462915,6296,256,1764871097.441993,20.922
1764871097.466254,6297,256,1764871097.445329,20.925
1764871097.469556,6298,256,1764871097.448662,20.894
1764871097.472887,6299,256,1764871097.451984,20.904
1764871097.476498,6300,256,1764871097.455499,20.998
1764871097.479631,6301,256,1764871097.458688,20.943
1764871097.483013,6302,256,1764871097.462029,20.984
1764871097.486329,6303,256,1764871097.465337,20.991
1764871097.489770,6304,256,1764871097.468687,21.083
1764871097.492952,6305,256,1764871097.472017,20.936
1764871097.496373,6306,256,1764871097.475367,21.006
1764871097.500048,6307,256,1764871097.478803,21.245
1764871097.502961,6308,256,1764871097.481992,20.969
1764871097.506329,6309,256,1764871097.485357,20.972
1764871097.509609,6310,256,1764871097.488674,20.935
1764871097.512906,6311,256,1764871097.491984,20.922
1764871097.516307,6312,256,1764871097.495341,20.966
1764871097.519671,6313,256,1764871097.498666,21.006
1764871097.523000,6314,256,1764871097.502068,20.932
1764871097.526187,6315,256,1764871097.505338,20.849
1764871097.529719,6316,256,1764871097.508764,20.955
1764871097.532879,6317,256,1764871097.512003,20.876
1764871097.536378,6318,256,1764871097.515453,20.925
1764871097.539723,6319,256,1764871097.518773,20.950
1764871097.543134,6320,256,1764871097.522027,21.108
1764871097.546357,6321,256,1764871097.525436,20.921
1764871097.549812,6322,256,1764871097.528765,21.046
1764871097.552995,6323,256,1764871097.532019,20.976
1764871097.556407,6324,256,1764871097.535424,20.983
1764871097.559766,6325,256,1764871097.538770,20.996
1764871097.563039,6326,256,1764871097.542026,21.013
1764871097.566460,6327,256,1764871097.545426,21.034
1764871097.569932,6328,256,1764871097.548767,21.165
1764871097.572997,6329,256,1764871097.552023,20.974
1764871097.576426,6330,256,1764871097.555431,20.995
1764871097.579849,6331,256,1764871097.558768,21.081
1764871097.582887,6332,256,1764871097.561990,20.898
1764871097.586370,6333,256,1764871097.565457,20.913
1764871097.589654,6334,256,1764871097.568766,20.888
1764871097.592924,6335,256,1764871097.572034,20.890
1764871097.596371,6336,256,1764871097.575467,20.904
1764871097.599685,6337,256,1764871097.578757,20.928
1764871097.602864,6338,256,1764871097.581991,20.873
1764871097.606223,6339,256,1764871097.585344,20.880
1764871097.609680,6340,256,1764871097.588765,20.916
1764871097.612901,6341,256,1764871097.592008,20.894
1764871097.616302,6342,256,1764871097.595414,20.888
1764871097.619578,6343,256,1764871097.598679,20.899
1764871097.622895,6344,256,1764871097.601988,20.908
1764871097.626353,6345,256,1764871097.605421,20.931
1764871097.629813,6346,256,1764871097.608762,21.051
1764871097.632912,6347,256,1764871097.611987,20.926
1764871097.636322,6348,256,1764871097.615343,20.979
1764871097.639900,6349,256,1764871097.618751,21.149
1764871097.643044,6350,256,1764871097.622031,21.013
1764871097.646385,6351,256,1764871097.625441,20.944
1764871097.649889,6352,256,1764871097.628757,21.133
1764871097.652971,6353,256,1764871097.632007,20.965
1764871097.656489,6354,256,1764871097.635480,21.008
1764871097.659955,6355,256,1764871097.638777,21.178
1764871097.662977,6356,256,1764871097.642012,20.966
1764871097.666436,6357,256,1764871097.645430,21.006
1764871097.669933,6358,256,1764871097.648777,21.157
1764871097.672959,6359,256,1764871097.651989,20.971
1764871097.676420,6360,256,1764871097.655428,20.992
1764871097.679561,6361,256,1764871097.658644,20.917
1764871097.682983,6362,256,1764871097.661992,20.992
1764871097.686185,6363,256,1764871097.665324,20.861
1764871097.689673,6364,256,1764871097.668637,21.036
1764871097.692943,6365,256,1764871097.671989,20.954
1764871097.696441,6366,256,1764871097.675449,20.992
1764871097.700088,6367,256,1764871097.678760,21.328
1764871097.702905,6368,256,1764871097.681992,20.913
1764871097.706327,6369,256,1764871097.685421,20.905
1764871097.709772,6370,256,1764871097.688777,20.994
1764871097.712949,6371,256,1764871097.691991,20.958
1764871097.716529,6372,256,1764871097.695465,21.065
1764871097.719550,6373,256,1764871097.698644,20.907
1764871097.722939,6374,256,1764871097.702007,20.931
1764871097.726463,6375,256,1764871097.705434,21.029
1764871097.729849,6376,256,1764871097.708682,21.167
1764871097.733322,6377,256,1764871097.712131,21.191
1764871097.736608,6378,256,1764871097.715348,21.259
1764871097.739856,6379,256,1764871097.718667,21.190
1764871097.742947,6380,256,1764871097.721993,20.953
1764871097.746696,6381,256,1764871097.725481,21.216
1764871097.749661,6382,256,1764871097.728675,20.987
1764871097.753247,6383,256,1764871097.732152,21.096
1764871097.756619,6384,256,1764871097.735374,21.245
1764871097.759888,6385,256,1764871097.738675,21.213
1764871097.763073,6386,256,1764871097.742002,21.071
1764871097.766593,6387,256,1764871097.745366,21.227
1764871097.769806,6388,256,1764871097.748803,21.002
1764871097.773075,6389,256,1764871097.752056,21.019
1764871097.776588,6390,256,1764871097.755486,21.101
1764871097.780067,6391,256,1764871097.758793,21.274
1764871097.783326,6392,256,1764871097.762161,21.165
1764871097.786448,6393,256,1764871097.765478,20.970
1764871097.789778,6394,256,1764871097.768741,21.037
1764871097.792866,6395,256,1764871097.771996,20.870
1764871097.796400,6396,256,1764871097.775501,20.898
1764871097.799738,6397,256,1764871097.778721,21.017
1764871097.803039,6398,256,1764871097.782013,21.026
1764871097.806400,6399,256,1764871097.785352,21.049
1764871097.809596,6400,256,1764871097.788652,20.944
1764871097.812910,6401,256,1764871097.791977,20.933
1764871097.816348,6402,256,1764871097.795337,21.011
1764871097.819516,6403,256,1764871097.798642,20.874
1764871097.822972,6404,256,1764871097.801986,20.986
1764871097.826365,6405,256,1764871097.805321,21.044
1764871097.830080,6406,256,1764871097.808863,21.217
1764871097.833036,6407,256,1764871097.811999,21.037
1764871097.836404,6408,256,1764871097.815345,21.059
1764871097.839581,6409,256,1764871097.818704,20.877
1764871097.842958,6410,256,1764871097.822036,20.922
1764871097.846459,6411,256,1764871097.825514,20.944
1764871097.849956,6412,256,1764871097.828810,21.146
1764871097.853077,6413,256,1764871097.832062,21.015
1764871097.856247,6414,256,1764871097.835357,20.890
1764871097.859519,6415,256,1764871097.838659,20.860
1764871097.862891,6416,256,1764871097.842012,20.880
1764871097.866219,6417,256,1764871097.845355,20.864
1764871097.869608,6418,256,1764871097.848691,20.917
1764871097.872864,6419,256,1764871097.851986,20.878
1764871097.876129,6420,256,1764871097.855327,20.802
1764871097.879663,6421,256,1764871097.858763,20.900
1764871097.882782,6422,256,1764871097.861973,20.809
1764871097.886176,6423,256,1764871097.865331,20.845
1764871097.889562,6424,256,1764871097.868682,20.880
1764871097.892861,6425,256,1764871097.871992,20.869
1764871097.896143,6426,256,1764871097.875337,20.807
1764871097.899519,6427,256,1764871097.878667,20.852
1764871097.902800,6428,256,1764871097.881972,20.828
1764871097.906303,6429,256,1764871097.885467,20.837
1764871097.909544,6430,256,1764871097.888672,20.872
1764871097.912774,6431,256,1764871097.891962,20.813
1764871097.916120,6432,256,1764871097.895331,20.789
1764871097.919544,6433,256,1764871097.898667,20.877
1764871097.922845,6434,256,1764871097.901975,20.869
1764871097.926131,6435,256,1764871097.905331,20.800
1764871097.929571,6436,256,1764871097.908677,20.894
1764871097.932797,6437,256,1764871097.911974,20.824
1764871097.936118,6438,256,1764871097.915323,20.795
1764871097.939567,6439,256,1764871097.918683,20.884
1764871097.942862,6440,256,1764871097.921988,20.874
1764871097.946122,6441,256,1764871097.925328,20.794
1764871097.949506,6442,256,1764871097.928654,20.852
1764871097.952861,6443,256,1764871097.931978,20.882
1764871097.956115,6444,256,1764871097.935321,20.793
1764871097.959540,6445,256,1764871097.938652,20.888
1764871097.962897,6446,256,1764871097.941978,20.919
1764871097.966298,6447,256,1764871097.945325,20.973
1764871097.969606,6448,256,1764871097.948656,20.951
1764871097.973066,6449,256,1764871097.951984,21.082
1764871097.976314,6450,256,1764871097.955327,20.987
1764871097.979708,6451,256,1764871097.958650,21.058
1764871097.983448,6452,256,1764871097.962395,21.053
1764871097.986400,6453,256,1764871097.965347,21.053
1764871097.989671,6454,256,1764871097.968688,20.984
1764871097.992881,6455,256,1764871097.971993,20.888
1764871097.996516,6456,256,1764871097.975582,20.934
1764871097.999738,6457,256,1764871097.978803,20.935
1764871098.003037,6458,256,1764871097.982158,20.879
1764871098.006227,6459,256,1764871097.985368,20.859
1764871098.009716,6460,256,1764871097.988793,20.923
1764871098.012815,6461,256,1764871097.991991,20.824
1764871098.016295,6462,256,1764871097.995371,20.924
1764871098.019549,6463,256,1764871097.998672,20.876
1764871098.022843,6464,256,1764871098.002027,20.816
1764871098.026164,6465,256,1764871098.005338,20.826
1764871098.029562,6466,256,1764871098.008710,20.851
1764871098.032844,6467,256,1764871098.011991,20.853
1764871098.036295,6468,256,1764871098.015360,20.934
1764871098.039716,6469,256,1764871098.018778,20.938
1764871098.042971,6470,256,1764871098.022075,20.895
1764871098.046351,6471,256,1764871098.025323,21.028
1764871098.049745,6472,256,1764871098.028797,20.948
1764871098.053054,6473,256,1764871098.032082,20.972
1764871098.056516,6474,256,1764871098.035527,20.988
1764871098.059617,6475,256,1764871098.038679,20.938
1764871098.063051,6476,256,1764871098.042087,20.964
1764871098.066523,6477,256,1764871098.045527,20.997
1764871098.069876,6478,256,1764871098.048780,21.096
1764871098.073188,6479,256,1764871098.052151,21.037
1764871098.076450,6480,256,1764871098.055489,20.961
1764871098.079753,6481,256,1764871098.058719,21.034
1764871098.083177,6482,256,1764871098.062102,21.075
1764871098.086492,6483,256,1764871098.065514,20.977
1764871098.089695,6484,256,1764871098.068674,21.021
1764871098.093160,6485,256,1764871098.072138,21.022
1764871098.096458,6486,256,1764871098.075501,20.957
1764871098.099718,6487,256,1764871098.078736,20.982
1764871098.103152,6488,256,1764871098.082123,21.029
1764871098.106486,6489,256,1764871098.085426,21.061
1764871098.109724,6490,256,1764871098.088724,21.000
1764871098.113127,6491,256,1764871098.092095,21.032
1764871098.116385,6492,256,1764871098.095410,20.976
1764871098.119848,6493,256,1764871098.098781,21.066
1764871098.123091,6494,256,1764871098.102052,21.039
1764871098.126518,6495,256,1764871098.105511,21.007
1764871098.129699,6496,256,1764871098.108722,20.977
1764871098.133043,6497,256,1764871098.112010,21.033
1764871098.136451,6498,256,1764871098.115504,20.947
1764871098.139594,6499,256,1764871098.118706,20.888
1764871098.143111,6500,256,1764871098.122063,21.048
1764871098.146408,6501,256,1764871098.125405,21.003
1764871098.149682,6502,256,1764871098.128678,21.003
1764871098.153177,6503,256,1764871098.132132,21.045
1764871098.156536,6504,256,1764871098.135499,21.036
1764871098.159662,6505,256,1764871098.138745,20.918
1764871098.163077,6506,256,1764871098.142064,21.013
1764871098.166399,6507,256,1764871098.145403,20.996
1764871098.169903,6508,256,1764871098.148834,21.069
1764871098.173281,6509,256,1764871098.152158,21.122
1764871098.176412,6510,256,1764871098.155461,20.952
1764871098.180070,6511,256,1764871098.158786,21.284
1764871098.183003,6512,256,1764871098.162004,20.998
1764871098.186399,6513,256,1764871098.165424,20.975
1764871098.189702,6514,256,1764871098.168753,20.949
1764871098.193099,6515,256,1764871098.172100,20.999
1764871098.196333,6516,256,1764871098.175339,20.994
1764871098.199630,6517,256,1764871098.178674,20.955
1764871098.203100,6518,256,1764871098.182111,20.989
1764871098.206412,6519,256,1764871098.185529,20.883
1764871098.209679,6520,256,1764871098.188767,20.912
1764871098.213148,6521,256,1764871098.191995,21.152
1764871098.216384,6522,256,1764871098.195437,20.947
1764871098.219783,6523,256,1764871098.198748,21.035
1764871098.222897,6524,256,1764871098.201977,20.920
1764871098.226288,6525,256,1764871098.205309,20.979
1764871098.229628,6526,256,1764871098.208764,20.864
1764871098.232893,6527,256,1764871098.212002,20.891
1764871098.236567,6528,256,1764871098.215337,21.230
1764871098.239724,6529,256,1764871098.218685,21.039
1764871098.242983,6530,256,1764871098.221992,20.991
1764871098.246216,6531,256,1764871098.225341,20.875
1764871098.249801,6532,256,1764871098.228714,21.088
1764871098.252977,6533,256,1764871098.231982,20.995
1764871098.256446,6534,256,1764871098.235470,20.976
1764871098.259584,6535,256,1764871098.238659,20.924
1764871098.262952,6536,256,1764871098.242006,20.946
1764871098.266461,6537,256,1764871098.245457,21.004
1764871098.269899,6538,256,1764871098.248789,21.111
1764871098.273234,6539,256,1764871098.252075,21.159
1764871098.276451,6540,256,1764871098.255404,21.047
1764871098.279751,6541,256,1764871098.258669,21.081
1764871098.283034,6542,256,1764871098.261990,21.044
1764871098.286590,6543,256,1764871098.265479,21.111
1764871098.289976,6544,256,1764871098.268809,21.167
1764871098.293098,6545,256,1764871098.272000,21.098
1764871098.296605,6546,256,1764871098.275576,21.030
1764871098.299955,6547,256,1764871098.278833,21.122
1764871098.303089,6548,256,1764871098.282001,21.088
1764871098.306476,6549,256,1764871098.285372,21.104
1764871098.309722,6550,256,1764871098.288722,21.001
1764871098.313129,6551,256,1764871098.292008,21.122
1764871098.316680,6552,256,1764871098.295581,21.098
1764871098.319935,6553,256,1764871098.298857,21.078
1764871098.322984,6554,256,1764871098.302006,20.977
1764871098.326406,6555,256,1764871098.305418,20.988
1764871098.330011,6556,256,1764871098.308766,21.245
1764871098.333029,6557,256,1764871098.311986,21.043
1764871098.336498,6558,256,1764871098.315476,21.022
1764871098.339975,6559,256,1764871098.318806,21.169
1764871098.343047,6560,256,1764871098.321989,21.058
1764871098.346392,6561,256,1764871098.325351,21.041
1764871098.349900,6562,256,1764871098.328772,21.127
1764871098.353242,6563,256,1764871098.332115,21.127
1764871098.356421,6564,256,1764871098.335337,21.083
1764871098.359967,6565,256,1764871098.338762,21.205
1764871098.363251,6566,256,1764871098.342100,21.151
1764871098.366412,6567,256,1764871098.345347,21.065
1764871098.369872,6568,256,1764871098.348771,21.102
1764871098.373150,6569,256,1764871098.352111,21.038
1764871098.376457,6570,256,1764871098.355436,21.021
1764871098.379836,6571,256,1764871098.358765,21.071
1764871098.383234,6572,256,1764871098.362110,21.124
1764871098.386453,6573,256,1764871098.365440,21.013
1764871098.389843,6574,256,1764871098.368758,21.085
1764871098.393146,6575,256,1764871098.372101,21.045
1764871098.396444,6576,256,1764871098.375431,21.013
1764871098.399791,6577,256,1764871098.378778,21.013
1764871098.403187,6578,256,1764871098.382113,21.074
1764871098.406329,6579,256,1764871098.385440,20.889
1764871098.409747,6580,256,1764871098.388758,20.990
1764871098.413066,6581,256,1764871098.392111,20.955
1764871098.416388,6582,256,1764871098.395437,20.951
1764871098.419697,6583,256,1764871098.398777,20.920
1764871098.423052,6584,256,1764871098.402086,20.966
1764871098.426409,6585,256,1764871098.405333,21.076
1764871098.429614,6586,256,1764871098.408667,20.947
1764871098.432899,6587,256,1764871098.411977,20.922
1764871098.436242,6588,256,1764871098.415308,20.934
1764871098.439617,6589,256,1764871098.418667,20.950
1764871098.442882,6590,256,1764871098.421974,20.908
1764871098.446297,6591,256,1764871098.425354,20.943
1764871098.449624,6592,256,1764871098.428721,20.903
1764871098.452963,6593,256,1764871098.432008,20.954
1764871098.456276,6594,256,1764871098.435331,20.945
1764871098.459641,6595,256,1764871098.438642,20.999
1764871098.462941,6596,256,1764871098.442008,20.933
1764871098.466526,6597,256,1764871098.445469,21.057
1764871098.469608,6598,256,1764871098.448700,20.908
1764871098.472926,6599,256,1764871098.451997,20.929
1764871098.476328,6600,256,1764871098.455312,21.016
1764871098.479728,6601,256,1764871098.458661,21.067
1764871098.483170,6602,256,1764871098.462104,21.066
1764871098.486681,6603,256,1764871098.465545,21.136
1764871098.489767,6604,256,1764871098.468693,21.075
1764871098.492957,6605,256,1764871098.471981,20.975
1764871098.496316,6606,256,1764871098.475337,20.979
1764871098.499748,6607,256,1764871098.478679,21.069
1764871098.503089,6608,256,1764871098.482078,21.011
1764871098.506458,6609,256,1764871098.485430,21.028
1764871098.509940,6610,256,1764871098.488703,21.236
1764871098.513017,6611,256,1764871098.492032,20.986
1764871098.516358,6612,256,1764871098.495362,20.996
1764871098.519764,6613,256,1764871098.498803,20.961
1764871098.523163,6614,256,1764871098.502146,21.017
1764871098.526389,6615,256,1764871098.505405,20.984
1764871098.529744,6616,256,1764871098.508807,20.938
1764871098.533057,6617,256,1764871098.512125,20.932
1764871098.536296,6618,256,1764871098.515384,20.912
1764871098.539711,6619,256,1764871098.518804,20.907
1764871098.543237,6620,256,1764871098.522210,21.028
1764871098.546370,6621,256,1764871098.525338,21.033
1764871098.549560,6622,256,1764871098.528678,20.881
1764871098.552911,6623,256,1764871098.531989,20.922
1764871098.556432,6624,256,1764871098.535350,21.082
1764871098.559740,6625,256,1764871098.538743,20.997
1764871098.563071,6626,256,1764871098.542094,20.977
1764871098.566417,6627,256,1764871098.545436,20.981
1764871098.569682,6628,256,1764871098.548671,21.011
1764871098.573101,6629,256,1764871098.552086,21.015
1764871098.576403,6630,256,1764871098.555428,20.976
1764871098.579758,6631,256,1764871098.558758,21.000
1764871098.582983,6632,256,1764871098.562095,20.889
1764871098.586310,6633,256,1764871098.565332,20.978
1764871098.589651,6634,256,1764871098.568664,20.987
1764871098.592979,6635,256,1764871098.572102,20.878
1764871098.596280,6636,256,1764871098.575435,20.845
1764871098.599742,6637,256,1764871098.578773,20.969
1764871098.602887,6638,256,1764871098.581999,20.888
1764871098.606325,6639,256,1764871098.585354,20.971
1764871098.609686,6640,256,1764871098.588665,21.021
1764871098.613081,6641,256,1764871098.592103,20.978
1764871098.616282,6642,256,1764871098.595436,20.845
1764871098.619646,6643,256,1764871098.598763,20.882
1764871098.622974,6644,256,1764871098.602081,20.893
1764871098.626248,6645,256,1764871098.605325,20.923
1764871098.629726,6646,256,1764871098.608742,20.984
1764871098.632888,6647,256,1764871098.611968,20.920
1764871098.636254,6648,256,1764871098.615327,20.928
1764871098.639595,6649,256,1764871098.618657,20.938
1764871098.642812,6650,256,1764871098.621921,20.891
1764871098.646261,6651,256,1764871098.625325,20.936
1764871098.649595,6652,256,1764871098.628654,20.941
1764871098.652796,6653,256,1764871098.631968,20.828
1764871098.656119,6654,256,1764871098.635321,20.797
1764871098.659525,6655,256,1764871098.638656,20.869
1764871098.662856,6656,256,1764871098.641968,20.887
1764871098.666333,6657,256,1764871098.645325,21.008
1764871098.669582,6658,256,1764871098.648653,20.929
1764871098.672856,6659,256,1764871098.651937,20.918
1764871098.676209,6660,256,1764871098.655319,20.890
1764871098.679548,6661,256,1764871098.658662,20.887
1764871098.683182,6662,256,1764871098.662144,21.037
1764871098.686316,6663,256,1764871098.665362,20.953
1764871098.689659,6664,256,1764871098.668759,20.900
1764871098.693023,6665,256,1764871098.672003,21.020
1764871098.696472,6666,256,1764871098.675490,20.981
1764871098.699693,6667,256,1764871098.678771,20.922
1764871098.702930,6668,256,1764871098.681991,20.939
1764871098.706295,6669,256,1764871098.685354,20.941
1764871098.709634,6670,256,1764871098.688756,20.878
1764871098.712891,6671,256,1764871098.691970,20.921
1764871098.716256,6672,256,1764871098.695329,20.927
1764871098.719466,6673,256,1764871098.698643,20.823
1764871098.722966,6674,256,1764871098.702035,20.931
1764871098.726394,6675,256,1764871098.705444,20.950
1764871098.729548,6676,256,1764871098.708656,20.892
1764871098.733085,6677,256,1764871098.712179,20.906
1764871098.736412,6678,256,1764871098.715374,21.038
1764871098.739601,6679,256,1764871098.718691,20.910
1764871098.742981,6680,256,1764871098.722061,20.920
1764871098.746325,6681,256,1764871098.725362,20.963
1764871098.749589,6682,256,1764871098.728674,20.915
1764871098.752888,6683,256,1764871098.732002,20.886
1764871098.756501,6684,256,1764871098.735550,20.951
1764871098.759586,6685,256,1764871098.738667,20.919
1764871098.763159,6686,256,1764871098.742059,21.101
1764871098.766381,6687,256,1764871098.745416,20.964
1764871098.769567,6688,256,1764871098.748675,20.892
1764871098.772946,6689,256,1764871098.752000,20.946
1764871098.776370,6690,256,1764871098.755385,20.984
1764871098.779540,6691,256,1764871098.758655,20.885
1764871098.782988,6692,256,1764871098.762066,20.922
1764871098.786489,6693,256,1764871098.765491,20.998
1764871098.789573,6694,256,1764871098.768668,20.905
1764871098.792944,6695,256,1764871098.771998,20.946
1764871098.796465,6696,256,1764871098.775501,20.964
1764871098.800001,6697,256,1764871098.778793,21.208
1764871098.802953,6698,256,1764871098.781995,20.959
1764871098.806276,6699,256,1764871098.785340,20.936
1764871098.809590,6700,256,1764871098.788674,20.916
1764871098.813019,6701,256,1764871098.792120,20.899
1764871098.816213,6702,256,1764871098.795339,20.873
1764871098.819756,6703,256,1764871098.798771,20.985
1764871098.823054,6704,256,1764871098.802094,20.960
1764871098.826334,6705,256,1764871098.805441,20.893
1764871098.829676,6706,256,1764871098.808760,20.916
1764871098.833047,6707,256,1764871098.812086,20.960
1764871098.836300,6708,256,1764871098.815334,20.965
1764871098.839637,6709,256,1764871098.818738,20.898
1764871098.843058,6710,256,1764871098.822075,20.983
1764871098.846318,6711,256,1764871098.825403,20.914
1764871098.849571,6712,256,1764871098.828685,20.886
1764871098.852947,6713,256,1764871098.832007,20.940
1764871098.856281,6714,256,1764871098.835313,20.968
1764871098.859551,6715,256,1764871098.838662,20.890
1764871098.863024,6716,256,1764871098.842045,20.979
1764871098.866309,6717,256,1764871098.845368,20.941
1764871098.869608,6718,256,1764871098.848689,20.919
1764871098.872777,6719,256,1764871098.851982,20.795
1764871098.876179,6720,256,1764871098.855347,20.832
1764871098.879602,6721,256,1764871098.858726,20.877
1764871098.882900,6722,256,1764871098.862047,20.853
1764871098.886347,6723,256,1764871098.865422,20.925
1764871098.889613,6724,256,1764871098.868709,20.904
1764871098.892853,6725,256,1764871098.871985,20.868
1764871098.896328,6726,256,1764871098.875305,21.023
1764871098.899632,6727,256,1764871098.878652,20.980
1764871098.902961,6728,256,1764871098.881972,20.989
1764871098.906202,6729,256,1764871098.885314,20.888
1764871098.909628,6730,256,1764871098.888651,20.976
1764871098.912955,6731,256,1764871098.891982,20.973
1764871098.916306,6732,256,1764871098.895334,20.972
1764871098.919701,6733,256,1764871098.898644,21.057
1764871098.923004,6734,256,1764871098.902000,21.004
1764871098.926382,6735,256,1764871098.905326,21.056
1764871098.929902,6736,256,1764871098.908663,21.239
1764871098.933002,6737,256,1764871098.911989,21.013
1764871098.936528,6738,256,1764871098.915510,21.018
1764871098.939886,6739,256,1764871098.918730,21.156
1764871098.943002,6740,256,1764871098.921997,21.005
1764871098.946414,6741,256,1764871098.925340,21.074
1764871098.949905,6742,256,1764871098.928741,21.164
1764871098.953036,6743,256,1764871098.932012,21.024
1764871098.956491,6744,256,1764871098.935464,21.027
1764871098.959785,6745,256,1764871098.938685,21.100
1764871098.963120,6746,256,1764871098.942112,21.008
1764871098.966352,6747,256,1764871098.945354,20.998
1764871098.969780,6748,256,1764871098.948777,21.003
1764871098.973009,6749,256,1764871098.952007,21.003
1764871098.976483,6750,256,1764871098.955467,21.016
1764871098.979847,6751,256,1764871098.958770,21.077
1764871098.983077,6752,256,1764871098.962038,21.039
1764871098.986674,6753,256,1764871098.965577,21.097
1764871098.989671,6754,256,1764871098.968663,21.007
1764871098.992908,6755,256,1764871098.971977,20.931
1764871098.996422,6756,256,1764871098.975425,20.996
1764871098.999776,6757,256,1764871098.978763,21.013
1764871099.003080,6758,256,1764871098.982095,20.985
1764871099.006428,6759,256,1764871098.985432,20.996
1764871099.009689,6760,256,1764871098.988685,21.004
1764871099.013084,6761,256,1764871098.992101,20.983
1764871099.016446,6762,256,1764871098.995459,20.988
1764871099.019796,6763,256,1764871098.998764,21.033
1764871099.022957,6764,256,1764871099.002079,20.878
1764871099.026467,6765,256,1764871099.005430,21.037
1764871099.029738,6766,256,1764871099.008752,20.986
1764871099.033008,6767,256,1764871099.012100,20.908
1764871099.036218,6768,256,1764871099.015348,20.869
1764871099.039749,6769,256,1764871099.018759,20.990
1764871099.043025,6770,256,1764871099.021975,21.050
1764871099.046470,6771,256,1764871099.025395,21.075
1764871099.049645,6772,256,1764871099.028674,20.971
1764871099.053008,6773,256,1764871099.031980,21.029
1764871099.056353,6774,256,1764871099.035335,21.018
1764871099.059724,6775,256,1764871099.038743,20.981
1764871099.063083,6776,256,1764871099.041988,21.095
1764871099.066502,6777,256,1764871099.045422,21.080
1764871099.069918,6778,256,1764871099.048794,21.124
1764871099.073027,6779,256,1764871099.051999,21.029
1764871099.076379,6780,256,1764871099.055418,20.961
1764871099.079645,6781,256,1764871099.058678,20.967
1764871099.082988,6782,256,1764871099.062001,20.987
1764871099.086440,6783,256,1764871099.065424,21.016
1764871099.089897,6784,256,1764871099.068765,21.132
1764871099.092943,6785,256,1764871099.071985,20.958
1764871099.096412,6786,256,1764871099.075349,21.064
1764871099.099726,6787,256,1764871099.078669,21.057
1764871099.103053,6788,256,1764871099.082006,21.047
1764871099.106396,6789,256,1764871099.085335,21.062
1764871099.109719,6790,256,1764871099.088675,21.044
1764871099.113051,6791,256,1764871099.091978,21.072
1764871099.116303,6792,256,1764871099.095320,20.983
1764871099.119779,6793,256,1764871099.098673,21.106
1764871099.123101,6794,256,1764871099.102005,21.096
1764871099.126425,6795,256,1764871099.105341,21.084
1764871099.129775,6796,256,1764871099.108678,21.097
1764871099.133081,6797,256,1764871099.112031,21.050
1764871099.136475,6798,256,1764871099.115362,21.113
1764871099.139887,6799,256,1764871099.118755,21.132
1764871099.143087,6800,256,1764871099.122007,21.080
1764871099.146447,6801,256,1764871099.125422,21.025
1764871099.149786,6802,256,1764871099.128763,21.022
1764871099.152978,6803,256,1764871099.132007,20.972
1764871099.156461,6804,256,1764871099.135427,21.034
1764871099.159791,6805,256,1764871099.138758,21.033
1764871099.162969,6806,256,1764871099.142005,20.964
1764871099.166426,6807,256,1764871099.145356,21.070
1764871099.169912,6808,256,1764871099.148768,21.144
1764871099.172972,6809,256,1764871099.152007,20.964
1764871099.176457,6810,256,1764871099.155356,21.101
1764871099.179754,6811,256,1764871099.158757,20.997
1764871099.182970,6812,256,1764871099.161982,20.988
1764871099.186557,6813,256,1764871099.165452,21.105
1764871099.189806,6814,256,1764871099.168762,21.044
1764871099.193002,6815,256,1764871099.172006,20.996
1764871099.196549,6816,256,1764871099.175467,21.082
1764871099.199675,6817,256,1764871099.178668,21.007
1764871099.202934,6818,256,1764871099.181992,20.943
1764871099.206557,6819,256,1764871099.185480,21.077
1764871099.209690,6820,256,1764871099.188683,21.007
1764871099.213190,6821,256,1764871099.192004,21.186
1764871099.216610,6822,256,1764871099.195490,21.121
1764871099.219586,6823,256,1764871099.198689,20.898
1764871099.223038,6824,256,1764871099.202014,21.024
1764871099.226358,6825,256,1764871099.205427,20.931
1764871099.229622,6826,256,1764871099.208756,20.867
1764871099.232975,6827,256,1764871099.212010,20.965
1764871099.236331,6828,256,1764871099.215355,20.976
1764871099.239567,6829,256,1764871099.218670,20.897
1764871099.242936,6830,256,1764871099.222012,20.924
1764871099.246330,6831,256,1764871099.225409,20.921
1764871099.249619,6832,256,1764871099.228665,20.954
1764871099.252984,6833,256,1764871099.231986,20.998
1764871099.256425,6834,256,1764871099.235409,21.016
1764871099.259587,6835,256,1764871099.238646,20.941
1764871099.262892,6836,256,1764871099.241971,20.921
1764871099.266332,6837,256,1764871099.245331,21.000
1764871099.269750,6838,256,1764871099.248753,20.997
1764871099.273049,6839,256,1764871099.252015,21.034
1764871099.276378,6840,256,1764871099.255433,20.945
1764871099.279763,6841,256,1764871099.258752,21.011
1764871099.282955,6842,256,1764871099.261993,20.963
1764871099.286325,6843,256,1764871099.265352,20.973
1764871099.289748,6844,256,1764871099.268730,21.018
1764871099.293027,6845,256,1764871099.272015,21.012
1764871099.296375,6846,256,1764871099.275349,21.026
1764871099.299691,6847,256,1764871099.278681,21.010
1764871099.303034,6848,256,1764871099.282015,21.019
1764871099.306353,6849,256,1764871099.285352,21.001
1764871099.309723,6850,256,1764871099.288753,20.971
1764871099.312905,6851,256,1764871099.292006,20.899
1764871099.316397,6852,256,1764871099.295467,20.931
1764871099.320015,6853,256,1764871099.298761,21.255
1764871099.323101,6854,256,1764871099.302096,21.004
1764871099.326339,6855,256,1764871099.305340,20.999
1764871099.329605,6856,256,1764871099.308656,20.949
1764871099.333369,6857,256,1764871099.312368,21.002
1764871099.336381,6858,256,1764871099.315450,20.931
1764871099.339829,6859,256,1764871099.318763,21.066
1764871099.343036,6860,256,1764871099.322001,21.035
1764871099.346257,6861,256,1764871099.325325,20.932
1764871099.349872,6862,256,1764871099.328754,21.117
1764871099.353038,6863,256,1764871099.332007,21.031
1764871099.356285,6864,256,1764871099.335350,20.935
1764871099.359642,6865,256,1764871099.338670,20.972
1764871099.362955,6866,256,1764871099.341975,20.980
1764871099.366287,6867,256,1764871099.345356,20.931
1764871099.369800,6868,256,1764871099.348755,21.045
1764871099.372994,6869,256,1764871099.351992,21.002
1764871099.376362,6870,256,1764871099.355354,21.008
1764871099.379843,6871,256,1764871099.358767,21.076
1764871099.383021,6872,256,1764871099.362015,21.006
1764871099.386378,6873,256,1764871099.365327,21.051
1764871099.389810,6874,256,1764871099.368765,21.045
1764871099.392945,6875,256,1764871099.371992,20.953
1764871099.396499,6876,256,1764871099.375459,21.040
1764871099.399705,6877,256,1764871099.378683,21.022
1764871099.402909,6878,256,1764871099.381980,20.929
1764871099.406465,6879,256,1764871099.385463,21.002
1764871099.409704,6880,256,1764871099.388682,21.022
1764871099.412941,6881,256,1764871099.391972,20.969
1764871099.416555,6882,256,1764871099.395461,21.094
1764871099.419755,6883,256,1764871099.398680,21.075
1764871099.422934,6884,256,1764871099.401981,20.953
1764871099.426337,6885,256,1764871099.405431,20.905
1764871099.429779,6886,256,1764871099.408774,21.004
1764871099.432878,6887,256,1764871099.412017,20.861
1764871099.436294,6888,256,1764871099.415349,20.945
1764871099.439664,6889,256,1764871099.418766,20.899
1764871099.442907,6890,256,1764871099.422004,20.904
1764871099.446286,6891,256,1764871099.425440,20.846
1764871099.449508,6892,256,1764871099.428661,20.847
1764871099.452936,6893,256,1764871099.431971,20.965
1764871099.456193,6894,256,1764871099.435324,20.869
1764871099.459580,6895,256,1764871099.438631,20.950
1764871099.462863,6896,256,1764871099.441975,20.888
1764871099.466311,6897,256,1764871099.445340,20.972
1764871099.469584,6898,256,1764871099.448664,20.919
1764871099.472808,6899,256,1764871099.451963,20.845
1764871099.476352,6900,256,1764871099.455351,21.001
1764871099.479739,6901,256,1764871099.458667,21.073
1764871099.483049,6902,256,1764871099.462019,21.030
1764871099.486421,6903,256,1764871099.465381,21.039
1764871099.489756,6904,256,1764871099.468695,21.061
1764871099.492952,6905,256,1764871099.471992,20.960
1764871099.496420,6906,256,1764871099.475352,21.068
1764871099.499949,6907,256,1764871099.478810,21.140
1764871099.503117,6908,256,1764871099.482072,21.044
1764871099.506458,6909,256,1764871099.485364,21.094
1764871099.509873,6910,256,1764871099.488730,21.143
1764871099.513126,6911,256,1764871099.492048,21.078
1764871099.516462,6912,256,1764871099.495411,21.050
1764871099.519738,6913,256,1764871099.498681,21.057
1764871099.523079,6914,256,1764871099.502030,21.049
1764871099.526419,6915,256,1764871099.505399,21.020
1764871099.530025,6916,256,1764871099.508734,21.291
1764871099.533114,6917,256,1764871099.512035,21.080
1764871099.536582,6918,256,1764871099.515477,21.106
1764871099.539798,6919,256,1764871099.518674,21.124
1764871099.543082,6920,256,1764871099.522037,21.046
1764871099.546585,6921,256,1764871099.525495,21.090
1764871099.549892,6922,256,1764871099.528735,21.157
1764871099.553125,6923,256,1764871099.532071,21.055
1764871099.556591,6924,256,1764871099.535477,21.113
1764871099.559794,6925,256,1764871099.538737,21.058
1764871099.563093,6926,256,1764871099.542042,21.051
1764871099.566619,6927,256,1764871099.545510,21.109
1764871099.569932,6928,256,1764871099.548800,21.132
1764871099.573114,6929,256,1764871099.552066,21.048
1764871099.576593,6930,256,1764871099.555481,21.112
1764871099.579938,6931,256,1764871099.558802,21.136
1764871099.583071,6932,256,1764871099.561975,21.096
1764871099.586405,6933,256,1764871099.565351,21.054
1764871099.589770,6934,256,1764871099.568682,21.088
1764871099.593112,6935,256,1764871099.572008,21.105
1764871099.596451,6936,256,1764871099.575432,21.020
1764871099.599843,6937,256,1764871099.578752,21.091
1764871099.603199,6938,256,1764871099.582112,21.086
1764871099.606463,6939,256,1764871099.585431,21.032
1764871099.609917,6940,256,1764871099.588765,21.152
1764871099.613194,6941,256,1764871099.592095,21.099
1764871099.616476,6942,256,1764871099.595436,21.040
1764871099.619903,6943,256,1764871099.598757,21.146
1764871099.623118,6944,256,1764871099.602099,21.019
1764871099.626526,6945,256,1764871099.605435,21.091
1764871099.629783,6946,256,1764871099.608688,21.096
1764871099.633127,6947,256,1764871099.612096,21.031
1764871099.636381,6948,256,1764871099.615436,20.945
1764871099.639712,6949,256,1764871099.618773,20.939
1764871099.643035,6950,256,1764871099.622029,21.007
1764871099.646173,6951,256,1764871099.625335,20.838
1764871099.649677,6952,256,1764871099.628711,20.966
1764871099.652859,6953,256,1764871099.631989,20.870
1764871099.656182,6954,256,1764871099.635334,20.847
1764871099.659539,6955,256,1764871099.638643,20.897
1764871099.663004,6956,256,1764871099.642015,20.989
1764871099.666222,6957,256,1764871099.645307,20.915
1764871099.669549,6958,256,1764871099.648677,20.872
1764871099.672865,6959,256,1764871099.651980,20.885
1764871099.676262,6960,256,1764871099.655335,20.927
1764871099.679615,6961,256,1764871099.658641,20.975
1764871099.683058,6962,256,1764871099.662010,21.048
1764871099.686219,6963,256,1764871099.665334,20.885
1764871099.689664,6964,256,1764871099.668652,21.012
1764871099.692943,6965,256,1764871099.671975,20.968
1764871099.696304,6966,256,1764871099.675334,20.970
1764871099.699615,6967,256,1764871099.678638,20.977
1764871099.702954,6968,256,1764871099.681975,20.979
1764871099.706310,6969,256,1764871099.685324,20.986
1764871099.709649,6970,256,1764871099.688649,20.999
1764871099.712946,6971,256,1764871099.691978,20.968
1764871099.716301,6972,256,1764871099.695329,20.972
1764871099.719618,6973,256,1764871099.698702,20.916
1764871099.723112,6974,256,1764871099.701994,21.118
1764871099.726446,6975,256,1764871099.705409,21.037
1764871099.729788,6976,256,1764871099.708705,21.082
1764871099.733060,6977,256,1764871099.712017,21.043
1764871099.736372,6978,256,1764871099.715333,21.039
1764871099.739733,6979,256,1764871099.718685,21.049
1764871099.743003,6980,256,1764871099.721985,21.018
1764871099.746274,6981,256,1764871099.725336,20.938
1764871099.749608,6982,256,1764871099.728683,20.925
1764871099.753025,6983,256,1764871099.732018,21.007
1764871099.756384,6984,256,1764871099.735429,20.955
1764871099.759714,6985,256,1764871099.738657,21.056
1764871099.763009,6986,256,1764871099.741998,21.011
1764871099.766259,6987,256,1764871099.745330,20.930
1764871099.769689,6988,256,1764871099.748656,21.033
1764871099.772963,6989,256,1764871099.751991,20.972
1764871099.776468,6990,256,1764871099.755316,21.152
1764871099.779754,6991,256,1764871099.758675,21.080
1764871099.783011,6992,256,1764871099.762007,21.004
1764871099.786542,6993,256,1764871099.765455,21.087
1764871099.789729,6994,256,1764871099.768666,21.063
1764871099.793007,6995,256,1764871099.771980,21.027
1764871099.796499,6996,256,1764871099.775450,21.049
1764871099.799647,6997,256,1764871099.778662,20.984
1764871099.803087,6998,256,1764871099.782084,21.003
1764871099.806509,6999,256,1764871099.785443,21.066
1764871099.809711,7000,256,1764871099.788649,21.062
1764871099.813015,7001,256,1764871099.791988,21.028
1764871099.816496,7002,256,1764871099.795412,21.084
1764871099.819740,7003,256,1764871099.798739,21.000
1764871099.823078,7004,256,1764871099.802078,20.999
1764871099.826380,7005,256,1764871099.805319,21.061
1764871099.829731,7006,256,1764871099.808660,21.070
1764871099.832999,7007,256,1764871099.811996,21.003
1764871099.836469,7008,256,1764871099.815426,21.043
1764871099.839689,7009,256,1764871099.818649,21.041
1764871099.842956,7010,256,1764871099.822033,20.923
1764871099.846295,7011,256,1764871099.825346,20.949
1764871099.849539,7012,256,1764871099.828675,20.864
1764871099.852954,7013,256,1764871099.832030,20.925
1764871099.856305,7014,256,1764871099.835420,20.885
1764871099.859627,7015,256,1764871099.838659,20.969
1764871099.863009,7016,256,1764871099.842032,20.977
1764871099.866379,7017,256,1764871099.845363,21.016
1764871099.869615,7018,256,1764871099.848638,20.976
1764871099.872860,7019,256,1764871099.851986,20.874
1764871099.876270,7020,256,1764871099.855336,20.934
1764871099.879499,7021,256,1764871099.858635,20.864
1764871099.882950,7022,256,1764871099.861976,20.974
1764871099.886218,7023,256,1764871099.865331,20.887
1764871099.889643,7024,256,1764871099.868659,20.984
1764871099.892972,7025,256,1764871099.872000,20.972
1764871099.896298,7026,256,1764871099.875395,20.903
1764871099.899623,7027,256,1764871099.878698,20.925
1764871099.902990,7028,256,1764871099.882029,20.961
1764871099.906223,7029,256,1764871099.885363,20.860
1764871099.909632,7030,256,1764871099.888685,20.947
1764871099.912972,7031,256,1764871099.892020,20.953
1764871099.916310,7032,256,1764871099.895318,20.993
1764871099.919668,7033,256,1764871099.898678,20.990
1764871099.923004,7034,256,1764871099.902014,20.990
1764871099.926232,7035,256,1764871099.905311,20.921
1764871099.929674,7036,256,1764871099.908673,21.001
1764871099.933005,7037,256,1764871099.912022,20.983
1764871099.936562,7038,256,1764871099.915462,21.100
1764871099.939888,7039,256,1764871099.918770,21.118
1764871099.943038,7040,256,1764871099.922050,20.988
1764871099.946476,7041,256,1764871099.925413,21.062
1764871099.949775,7042,256,1764871099.928741,21.034
1764871099.952982,7043,256,1764871099.932022,20.960
1764871099.956467,7044,256,1764871099.935416,21.051
1764871099.959779,7045,256,1764871099.938741,21.038
1764871099.962981,7046,256,1764871099.942032,20.949
1764871099.966287,7047,256,1764871099.945325,20.962
1764871099.969684,7048,256,1764871099.948741,20.943
1764871099.972905,7049,256,1764871099.952017,20.888
1764871099.976297,7050,256,1764871099.955415,20.882
1764871099.979615,7051,256,1764871099.958740,20.876
1764871099.982917,7052,256,1764871099.962030,20.887
1764871099.986418,7053,256,1764871099.965332,21.087
1764871099.989658,7054,256,1764871099.968658,20.999
1764871099.992977,7055,256,1764871099.971998,20.979
1764871099.996547,7056,256,1764871099.975449,21.098
1764871099.999672,7057,256,1764871099.978691,20.982
1764871100.002931,7058,256,1764871099.982042,20.890
1764871100.006536,7059,256,1764871099.985474,21.062
1764871100.009699,7060,256,1764871099.988679,21.019
1764871100.012909,7061,256,1764871099.992015,20.894
1764871100.016506,7062,256,1764871099.995493,21.013
1764871100.019745,7063,256,1764871099.998703,21.042
1764871100.022998,7064,256,1764871100.002086,20.912
1764871100.026313,7065,256,1764871100.005375,20.939
1764871100.029629,7066,256,1764871100.008720,20.909
1764871100.032872,7067,256,1764871100.011994,20.878
1764871100.036403,7068,256,1764871100.015410,20.993
1764871100.039604,7069,256,1764871100.018698,20.905
1764871100.042907,7070,256,1764871100.021995,20.912
1764871100.046312,7071,256,1764871100.025426,20.885
1764871100.049536,7072,256,1764871100.028699,20.837
1764871100.052846,7073,256,1764871100.031986,20.859
1764871100.056259,7074,256,1764871100.035422,20.837
1764871100.059507,7075,256,1764871100.038663,20.843
1764871100.062840,7076,256,1764871100.041991,20.849
1764871100.066291,7077,256,1764871100.045399,20.892
1764871100.069592,7078,256,1764871100.048694,20.898
1764871100.073030,7079,256,1764871100.052017,21.013
1764871100.076189,7080,256,1764871100.055309,20.880
1764871100.079708,7081,256,1764871100.058734,20.973
1764871100.082879,7082,256,1764871100.062012,20.867
1764871100.086339,7083,256,1764871100.065405,20.934
1764871100.089729,7084,256,1764871100.068715,21.014
1764871100.093011,7085,256,1764871100.072033,20.978
1764871100.096335,7086,256,1764871100.075346,20.988
1764871100.099753,7087,256,1764871100.078739,21.014
1764871100.102947,7088,256,1764871100.082019,20.927
1764871100.106563,7089,256,1764871100.085405,21.158
1764871100.109639,7090,256,1764871100.088698,20.941
1764871100.113153,7091,256,1764871100.092065,21.088
1764871100.116509,7092,256,1764871100.095354,21.156
1764871100.119836,7093,256,1764871100.098766,21.070
1764871100.123036,7094,256,1764871100.102025,21.012
1764871100.126380,7095,256,1764871100.105376,21.004
1764871100.129697,7096,256,1764871100.108699,20.998
1764871100.133030,7097,256,1764871100.112037,20.993
1764871100.136357,7098,256,1764871100.115361,20.996
1764871100.139648,7099,256,1764871100.118683,20.965
1764871100.142931,7100,256,1764871100.122004,20.927
1764871100.146253,7101,256,1764871100.125346,20.906
1764871100.149704,7102,256,1764871100.128728,20.976
1764871100.152930,7103,256,1764871100.131999,20.931
1764871100.156345,7104,256,1764871100.135419,20.926
1764871100.159616,7105,256,1764871100.138673,20.943
1764871100.162905,7106,256,1764871100.141989,20.915
1764871100.166267,7107,256,1764871100.145419,20.848
1764871100.169680,7108,256,1764871100.148738,20.942
1764871100.172865,7109,256,1764871100.151999,20.866
1764871100.176390,7110,256,1764871100.155510,20.880
1764871100.179594,7111,256,1764871100.158658,20.936
1764871100.182907,7112,256,1764871100.161974,20.933
1764871100.186266,7113,256,1764871100.165348,20.918
1764871100.189597,7114,256,1764871100.168637,20.960
1764871100.192965,7115,256,1764871100.171969,20.996
1764871100.196256,7116,256,1764871100.175352,20.904
1764871100.199668,7117,256,1764871100.178650,21.019
1764871100.202943,7118,256,1764871100.181969,20.975
1764871100.206292,7119,256,1764871100.185351,20.941
1764871100.209729,7120,256,1764871100.188714,21.015
1764871100.212998,7121,256,1764871100.192030,20.968
1764871100.216473,7122,256,1764871100.195481,20.992
1764871100.219624,7123,256,1764871100.198724,20.900
1764871100.222908,7124,256,1764871100.202012,20.896
1764871100.226340,7125,256,1764871100.205379,20.961
1764871100.229713,7126,256,1764871100.208694,21.019
1764871100.233007,7127,256,1764871100.212076,20.931
1764871100.236496,7128,256,1764871100.215404,21.092
1764871100.239864,7129,256,1764871100.218677,21.188
1764871100.243017,7130,256,1764871100.221991,21.026
1764871100.246341,7131,256,1764871100.225330,21.011
1764871100.249625,7132,256,1764871100.228705,20.921
1764871100.252897,7133,256,1764871100.232003,20.894
1764871100.256411,7134,256,1764871100.235500,20.911
1764871100.259582,7135,256,1764871100.238710,20.872
1764871100.263007,7136,256,1764871100.241995,21.012
1764871100.266231,7137,256,1764871100.245324,20.907
1764871100.269634,7138,256,1764871100.248745,20.890
1764871100.272969,7139,256,1764871100.252026,20.943
1764871100.276405,7140,256,1764871100.255386,21.019
1764871100.279623,7141,256,1764871100.258639,20.984
1764871100.282900,7142,256,1764871100.261972,20.928
1764871100.286212,7143,256,1764871100.265338,20.874
1764871100.289536,7144,256,1764871100.268667,20.869
1764871100.293059,7145,256,1764871100.272017,21.042
1764871100.296334,7146,256,1764871100.275343,20.991
1764871100.299694,7147,256,1764871100.278671,21.023
1764871100.303009,7148,256,1764871100.282010,20.999
1764871100.306426,7149,256,1764871100.285458,20.967
1764871100.309562,7150,256,1764871100.288652,20.910
1764871100.312844,7151,256,1764871100.291991,20.853
1764871100.316339,7152,256,1764871100.295348,20.991
1764871100.319752,7153,256,1764871100.298715,21.037
1764871100.322996,7154,256,1764871100.302083,20.913
1764871100.326445,7155,256,1764871100.305341,21.104
1764871100.329663,7156,256,1764871100.308671,20.993
1764871100.332937,7157,256,1764871100.312046,20.892
1764871100.336599,7158,256,1764871100.315513,21.087
1764871100.339625,7159,256,1764871100.318670,20.955
1764871100.343008,7160,256,1764871100.321993,21.015
1764871100.346413,7161,256,1764871100.325335,21.078
1764871100.349779,7162,256,1764871100.328663,21.116
1764871100.353031,7163,256,1764871100.331988,21.043
1764871100.356317,7164,256,1764871100.335334,20.983
1764871100.359813,7165,256,1764871100.338662,21.151
1764871100.363007,7166,256,1764871100.341990,21.017
1764871100.366338,7167,256,1764871100.345332,21.006
1764871100.369801,7168,256,1764871100.348660,21.141
1764871100.372987,7169,256,1764871100.351989,20.998
1764871100.376271,7170,256,1764871100.355318,20.952
1764871100.379908,7171,256,1764871100.358722,21.186
1764871100.383074,7172,256,1764871100.362060,21.014
1764871100.386365,7173,256,1764871100.365428,20.937
1764871100.389653,7174,256,1764871100.368656,20.997
1764871100.393035,7175,256,1764871100.372010,21.025
1764871100.396281,7176,256,1764871100.375346,20.935
1764871100.399649,7177,256,1764871100.378645,21.003
1764871100.402976,7178,256,1764871100.381982,20.994
1764871100.406360,7179,256,1764871100.385349,21.011
1764871100.409693,7180,256,1764871100.388665,21.027
1764871100.413031,7181,256,1764871100.391979,21.051
1764871100.416331,7182,256,1764871100.395343,20.988
1764871100.419651,7183,256,1764871100.398745,20.905
1764871100.422972,7184,256,1764871100.402057,20.915
1764871100.426492,7185,256,1764871100.405518,20.974
1764871100.429720,7186,256,1764871100.408718,21.002
1764871100.432978,7187,256,1764871100.412060,20.917
1764871100.436413,7188,256,1764871100.415353,21.060
1764871100.439741,7189,256,1764871100.418722,21.019
1764871100.442995,7190,256,1764871100.422056,20.940
1764871100.446431,7191,256,1764871100.425415,21.016
1764871100.449566,7192,256,1764871100.428691,20.875
1764871100.452915,7193,256,1764871100.432075,20.840
1764871100.456364,7194,256,1764871100.435361,21.003
1764871100.459662,7195,256,1764871100.438705,20.957
1764871100.462882,7196,256,1764871100.442007,20.875
1764871100.466710,7197,256,1764871100.445330,21.380
1764871100.469619,7198,256,1764871100.448698,20.921
1764871100.472853,7199,256,1764871100.451983,20.870
1764871100.476170,7200,256,1764871100.455323,20.847
1764871100.479566,7201,256,1764871100.458643,20.923
1764871100.483087,7202,256,1764871100.461985,21.102
1764871100.486613,7203,256,1764871100.465538,21.075
1764871100.489674,7204,256,1764871100.468666,21.008
1764871100.492910,7205,256,1764871100.471994,20.916
1764871100.496244,7206,256,1764871100.475309,20.935
1764871100.499477,7207,256,1764871100.478646,20.831
1764871100.502910,7208,256,1764871100.482000,20.910
1764871100.506194,7209,256,1764871100.485343,20.851
1764871100.509592,7210,256,1764871100.488710,20.882
1764871100.512826,7211,256,1764871100.491988,20.838
1764871100.516292,7212,256,1764871100.495307,20.985
1764871100.519498,7213,256,1764871100.498636,20.862
1764871100.522874,7214,256,1764871100.501977,20.897
1764871100.526314,7215,256,1764871100.505309,21.004
1764871100.529590,7216,256,1764871100.508639,20.952
1764871100.532960,7217,256,1764871100.511969,20.991
1764871100.536378,7218,256,1764871100.515341,21.037
1764871100.539618,7219,256,1764871100.518643,20.975
1764871100.542919,7220,256,1764871100.521984,20.935
1764871100.546442,7221,256,1764871100.525349,21.093
1764871100.549765,7222,256,1764871100.528753,21.013
1764871100.553005,7223,256,1764871100.532043,20.962
1764871100.556448,7224,256,1764871100.535414,21.035
1764871100.559705,7225,256,1764871100.538690,21.015
1764871100.563134,7226,256,1764871100.542085,21.049
1764871100.566451,7227,256,1764871100.545420,21.031
1764871100.569756,7228,256,1764871100.548738,21.017
1764871100.572879,7229,256,1764871100.552017,20.862
1764871100.576377,7230,256,1764871100.555421,20.956
1764871100.579643,7231,256,1764871100.558736,20.907
1764871100.582906,7232,256,1764871100.562037,20.870
1764871100.586390,7233,256,1764871100.565348,21.042
1764871100.589666,7234,256,1764871100.568758,20.908
1764871100.592941,7235,256,1764871100.572041,20.900
1764871100.596328,7236,256,1764871100.575425,20.904
1764871100.599668,7237,256,1764871100.578742,20.925
1764871100.602943,7238,256,1764871100.582067,20.875
1764871100.606359,7239,256,1764871100.585358,21.002
1764871100.609616,7240,256,1764871100.588764,20.852
1764871100.612875,7241,256,1764871100.591984,20.891
1764871100.616370,7242,256,1764871100.595412,20.958
1764871100.619773,7243,256,1764871100.598743,21.030
1764871100.623154,7244,256,1764871100.602145,21.009
1764871100.626495,7245,256,1764871100.605387,21.108
1764871100.629773,7246,256,1764871100.608797,20.976
1764871100.633180,7247,256,1764871100.612145,21.035
1764871100.636691,7248,256,1764871100.615552,21.139
1764871100.640040,7249,256,1764871100.618891,21.149
1764871100.643148,7250,256,1764871100.622094,21.054
1764871100.646538,7251,256,1764871100.625452,21.086
1764871100.649947,7252,256,1764871100.628813,21.134
1764871100.652874,7253,256,1764871100.631991,20.883
1764871100.656449,7254,256,1764871100.635357,21.091
1764871100.659614,7255,256,1764871100.638670,20.944
1764871100.662908,7256,256,1764871100.642011,20.897
1764871100.666518,7257,256,1764871100.645551,20.967
1764871100.669634,7258,256,1764871100.648655,20.979
1764871100.672979,7259,256,1764871100.652037,20.941
1764871100.676325,7260,256,1764871100.655383,20.942
1764871100.679592,7261,256,1764871100.658720,20.871
1764871100.682982,7262,256,1764871100.662098,20.885
1764871100.686304,7263,256,1764871100.665337,20.967
1764871100.689628,7264,256,1764871100.668640,20.988
1764871100.692878,7265,256,1764871100.671973,20.905
1764871100.696299,7266,256,1764871100.675304,20.995
1764871100.699482,7267,256,1764871100.678636,20.846
1764871100.702868,7268,256,1764871100.681975,20.893
1764871100.706453,7269,256,1764871100.685360,21.093
1764871100.709767,7270,256,1764871100.688732,21.035
1764871100.712931,7271,256,1764871100.691990,20.941
1764871100.716356,7272,256,1764871100.695321,21.035
1764871100.719527,7273,256,1764871100.698642,20.885
1764871100.722848,7274,256,1764871100.701985,20.863
1764871100.726306,7275,256,1764871100.705350,20.956
1764871100.729585,7276,256,1764871100.708663,20.921
1764871100.733029,7277,256,1764871100.712033,20.997
1764871100.736478,7278,256,1764871100.715383,21.094
1764871100.739583,7279,256,1764871100.718668,20.915
1764871100.742888,7280,256,1764871100.721983,20.905
1764871100.746321,7281,256,1764871100.725343,20.978
1764871100.749778,7282,256,1764871100.728737,21.041
1764871100.753014,7283,256,1764871100.731997,21.017
1764871100.756309,7284,256,1764871100.735350,20.959
1764871100.759876,7285,256,1764871100.738769,21.107
1764871100.762904,7286,256,1764871100.741984,20.921
1764871100.766522,7287,256,1764871100.745375,21.147
1764871100.769681,7288,256,1764871100.748699,20.982
1764871100.772968,7289,256,1764871100.752043,20.924
1764871100.776431,7290,256,1764871100.755389,21.041
1764871100.779612,7291,256,1764871100.758716,20.896
1764871100.782921,7292,256,1764871100.762007,20.915
1764871100.786442,7293,256,1764871100.765367,21.075
1764871100.789651,7294,256,1764871100.768700,20.951
1764871100.792986,7295,256,1764871100.772045,20.941
1764871100.796454,7296,256,1764871100.775477,20.977
1764871100.799676,7297,256,1764871100.778757,20.919
1764871100.803229,7298,256,1764871100.782112,21.116
1764871100.806455,7299,256,1764871100.785477,20.978
1764871100.809665,7300,256,1764871100.788747,20.918
1764871100.813267,7301,256,1764871100.792134,21.133
1764871100.816499,7302,256,1764871100.795479,21.019
1764871100.819889,7303,256,1764871100.798768,21.121
1764871100.823232,7304,256,1764871100.802127,21.106
1764871100.826406,7305,256,1764871100.805403,21.003
1764871100.829758,7306,256,1764871100.808763,20.995
1764871100.833087,7307,256,1764871100.812132,20.955
1764871100.836555,7308,256,1764871100.815487,21.068
1764871100.839883,7309,256,1764871100.818774,21.109
1764871100.843178,7310,256,1764871100.822074,21.104
1764871100.846505,7311,256,1764871100.825478,21.028
1764871100.849840,7312,256,1764871100.828762,21.077
1764871100.853164,7313,256,1764871100.832124,21.039
1764871100.856462,7314,256,1764871100.835480,20.983
1764871100.859667,7315,256,1764871100.838729,20.939
1764871100.863289,7316,256,1764871100.842152,21.137
1764871100.866457,7317,256,1764871100.845477,20.980
1764871100.869652,7318,256,1764871100.848668,20.984
1764871100.873099,7319,256,1764871100.852124,20.975
1764871100.876377,7320,256,1764871100.855429,20.948
1764871100.879570,7321,256,1764871100.858660,20.910
1764871100.882896,7322,256,1764871100.862056,20.840
1764871100.886376,7323,256,1764871100.865336,21.039
1764871100.889603,7324,256,1764871100.868699,20.905
1764871100.892840,7325,256,1764871100.871973,20.868
1764871100.896376,7326,256,1764871100.875336,21.040
1764871100.899540,7327,256,1764871100.878638,20.902
1764871100.902952,7328,256,1764871100.882021,20.932
1764871100.906345,7329,256,1764871100.885351,20.993
1764871100.909516,7330,256,1764871100.888672,20.844
1764871100.912941,7331,256,1764871100.892037,20.904
1764871100.916444,7332,256,1764871100.895463,20.981
1764871100.919764,7333,256,1764871100.898729,21.035
1764871100.922978,7334,256,1764871100.902062,20.916
1764871100.926343,7335,256,1764871100.905335,21.008
1764871100.929591,7336,256,1764871100.908675,20.915
1764871100.932956,7337,256,1764871100.912033,20.923
1764871100.936391,7338,256,1764871100.915343,21.048
1764871100.939634,7339,256,1764871100.918707,20.927
1764871100.942962,7340,256,1764871100.921998,20.964
1764871100.946482,7341,256,1764871100.925480,21.003
1764871100.949732,7342,256,1764871100.928714,21.018
1764871100.952953,7343,256,1764871100.932007,20.946
1764871100.956478,7344,256,1764871100.935416,21.062
1764871100.959736,7345,256,1764871100.938663,21.073
1764871100.963047,7346,256,1764871100.942072,20.974
1764871100.966449,7347,256,1764871100.945353,21.096
1764871100.969568,7348,256,1764871100.948651,20.917
1764871100.973052,7349,256,1764871100.951988,21.064
1764871100.976272,7350,256,1764871100.955343,20.928
1764871100.979594,7351,256,1764871100.958642,20.952
1764871100.983116,7352,256,1764871100.962111,21.004
1764871100.986455,7353,256,1764871100.965391,21.064
1764871100.989654,7354,256,1764871100.968664,20.989
1764871100.993048,7355,256,1764871100.972022,21.025
1764871100.996360,7356,256,1764871100.975359,21.001
1764871101.000013,7357,256,1764871100.978807,21.206
1764871101.003118,7358,256,1764871100.982150,20.968
1764871101.006442,7359,256,1764871100.985514,20.928
1764871101.009724,7360,256,1764871100.988673,21.051
1764871101.012852,7361,256,1764871100.991982,20.870
1764871101.016413,7362,256,1764871100.995483,20.930
1764871101.019718,7363,256,1764871100.998698,21.020
1764871101.022974,7364,256,1764871101.002053,20.921
1764871101.026367,7365,256,1764871101.005328,21.040
1764871101.029679,7366,256,1764871101.008728,20.952
1764871101.032845,7367,256,1764871101.011995,20.850
1764871101.036268,7368,256,1764871101.015402,20.866
1764871101.039647,7369,256,1764871101.018743,20.904
1764871101.042961,7370,256,1764871101.022010,20.952
1764871101.046455,7371,256,1764871101.025509,20.946
1764871101.049795,7372,256,1764871101.028842,20.953
1764871101.052986,7373,256,1764871101.032126,20.860
1764871101.056400,7374,256,1764871101.035542,20.858
1764871101.059549,7375,256,1764871101.038670,20.878
1764871101.063091,7376,256,1764871101.042151,20.940
1764871101.066432,7377,256,1764871101.045517,20.916
1764871101.069809,7378,256,1764871101.048842,20.967
1764871101.072948,7379,256,1764871101.052081,20.867
1764871101.076241,7380,256,1764871101.055350,20.891
1764871101.079628,7381,256,1764871101.058762,20.865
1764871101.082940,7382,256,1764871101.062066,20.874
1764871101.086490,7383,256,1764871101.065518,20.972
1764871101.089989,7384,256,1764871101.068848,21.141
1764871101.092957,7385,256,1764871101.071985,20.972
1764871101.096340,7386,256,1764871101.075326,21.014
1764871101.099651,7387,256,1764871101.078677,20.974
1764871101.102922,7388,256,1764871101.082002,20.920
1764871101.106402,7389,256,1764871101.085344,21.058
1764871101.109614,7390,256,1764871101.088643,20.971
1764871101.112922,7391,256,1764871101.091971,20.951
1764871101.116430,7392,256,1764871101.095338,21.091
1764871101.119749,7393,256,1764871101.098661,21.087
1764871101.123029,7394,256,1764871101.101999,21.030
1764871101.126445,7395,256,1764871101.105330,21.115
1764871101.129618,7396,256,1764871101.108642,20.976
1764871101.132992,7397,256,1764871101.111985,21.007
1764871101.136437,7398,256,1764871101.115333,21.104
1764871101.139768,7399,256,1764871101.118673,21.095
1764871101.142974,7400,256,1764871101.121980,20.994
1764871101.146476,7401,256,1764871101.125355,21.121
1764871101.149859,7402,256,1764871101.128657,21.202
1764871101.153126,7403,256,1764871101.132002,21.125
1764871101.156517,7404,256,1764871101.135353,21.163
1764871101.159639,7405,256,1764871101.138651,20.988
1764871101.163023,7406,256,1764871101.141995,21.027
1764871101.166492,7407,256,1764871101.145353,21.139
1764871101.169714,7408,256,1764871101.148671,21.044
1764871101.173005,7409,256,1764871101.151992,21.013
1764871101.176683,7410,256,1764871101.155543,21.141
1764871101.180046,7411,256,1764871101.158831,21.215
1764871101.183041,7412,256,1764871101.162012,21.029
1764871101.186421,7413,256,1764871101.165330,21.091
1764871101.189691,7414,256,1764871101.168665,21.027
1764871101.193085,7415,256,1764871101.172085,21.000
1764871101.196637,7416,256,1764871101.175559,21.078
1764871101.199932,7417,256,1764871101.178813,21.119
1764871101.203078,7418,256,1764871101.182063,21.014
1764871101.206356,7419,256,1764871101.185346,21.009
1764871101.209673,7420,256,1764871101.188670,21.003
1764871101.213110,7421,256,1764871101.192102,21.008
1764871101.216438,7422,256,1764871101.195493,20.946
1764871101.219694,7423,256,1764871101.198754,20.940
1764871101.222879,7424,256,1764871101.202023,20.856
1764871101.226316,7425,256,1764871101.205338,20.979
1764871101.229790,7426,256,1764871101.208788,21.002
1764871101.233032,7427,256,1764871101.212099,20.933
1764871101.236374,7428,256,1764871101.215386,20.989
1764871101.239741,7429,256,1764871101.218694,21.047
1764871101.242882,7430,256,1764871101.221983,20.899
1764871101.246361,7431,256,1764871101.225342,21.019
1764871101.249812,7432,256,1764871101.228771,21.041
1764871101.252963,7433,256,1764871101.232101,20.862
1764871101.256410,7434,256,1764871101.235461,20.950
1764871101.259665,7435,256,1764871101.238754,20.911
1764871101.262931,7436,256,1764871101.242100,20.831
1764871101.266598,7437,256,1764871101.245339,21.259
1764871101.269663,7438,256,1764871101.248759,20.904
1764871101.273024,7439,256,1764871101.252105,20.919
1764871101.276442,7440,256,1764871101.255424,21.018
1764871101.279659,7441,256,1764871101.258751,20.908
1764871101.282898,7442,256,1764871101.262066,20.832
1764871101.286340,7443,256,1764871101.265456,20.884
1764871101.289623,7444,256,1764871101.268742,20.881
1764871101.292959,7445,256,1764871101.272101,20.859
1764871101.296271,7446,256,1764871101.275431,20.839
1764871101.299517,7447,256,1764871101.278667,20.849
1764871101.302953,7448,256,1764871101.282047,20.906
1764871101.306227,7449,256,1764871101.285308,20.919
1764871101.309497,7450,256,1764871101.288655,20.842
1764871101.312917,7451,256,1764871101.291976,20.941
1764871101.316314,7452,256,1764871101.295349,20.965
1764871101.319592,7453,256,1764871101.298636,20.955
1764871101.322978,7454,256,1764871101.301992,20.985
1764871101.326431,7455,256,1764871101.305432,20.998
1764871101.329675,7456,256,1764871101.308665,21.010
1764871101.332949,7457,256,1764871101.311980,20.969
1764871101.336332,7458,256,1764871101.315346,20.986
1764871101.339757,7459,256,1764871101.318740,21.016
1764871101.342974,7460,256,1764871101.321995,20.979
1764871101.346381,7461,256,1764871101.325352,21.029
1764871101.349841,7462,256,1764871101.328769,21.071
1764871101.353015,7463,256,1764871101.332002,21.013
1764871101.356464,7464,256,1764871101.335443,21.021
1764871101.359846,7465,256,1764871101.338767,21.079
1764871101.363097,7466,256,1764871101.342097,21.000
1764871101.366467,7467,256,1764871101.345429,21.038
1764871101.369809,7468,256,1764871101.348760,21.049
1764871101.373112,7469,256,1764871101.352102,21.010
1764871101.376451,7470,256,1764871101.355441,21.011
1764871101.379813,7471,256,1764871101.358762,21.051
1764871101.383077,7472,256,1764871101.362089,20.988
1764871101.386438,7473,256,1764871101.365442,20.996
1764871101.389801,7474,256,1764871101.368762,21.039
1764871101.393097,7475,256,1764871101.372090,21.007
1764871101.396472,7476,256,1764871101.375434,21.038
1764871101.399837,7477,256,1764871101.378774,21.064
1764871101.403062,7478,256,1764871101.382083,20.979
1764871101.406459,7479,256,1764871101.385449,21.010
1764871101.409853,7480,256,1764871101.388760,21.094
1764871101.413110,7481,256,1764871101.392106,21.003
1764871101.416451,7482,256,1764871101.395422,21.029
1764871101.419800,7483,256,1764871101.398755,21.044
1764871101.423027,7484,256,1764871101.402090,20.937
1764871101.426427,7485,256,1764871101.405458,20.969
1764871101.430017,7486,256,1764871101.408761,21.256
1764871101.433089,7487,256,1764871101.412091,20.999
1764871101.436475,7488,256,1764871101.415443,21.032
1764871101.439798,7489,256,1764871101.418762,21.036
1764871101.442917,7490,256,1764871101.422046,20.871
1764871101.446426,7491,256,1764871101.425426,21.000
1764871101.449726,7492,256,1764871101.428753,20.973
1764871101.452981,7493,256,1764871101.432002,20.979
1764871101.456438,7494,256,1764871101.435479,20.958
1764871101.459690,7495,256,1764871101.438763,20.927
1764871101.463010,7496,256,1764871101.441993,21.016
1764871101.466407,7497,256,1764871101.445438,20.968
1764871101.469698,7498,256,1764871101.448665,21.033
1764871101.472935,7499,256,1764871101.452077,20.858
1764871101.476244,7500,256,1764871101.455338,20.907
