t_send,seq,bytes
1765303572.835398,1,256
1765303572.836274,2,256
1765303572.842543,3,256
1765303572.842885,4,256
1765303572.848928,5,256
1765303572.849825,6,256
1765303572.851580,7,256
1765303572.852056,8,256
1765303572.854836,9,256
1765303572.857405,10,256
1765303572.859304,11,256
1765303572.869813,12,256
1765303572.875402,13,256
1765303572.877890,14,256
1765303572.880630,15,256
1765303572.883405,16,256
1765303572.885722,17,256
1765303572.890559,18,256
1765303572.892605,19,256
1765303572.893310,20,256
1765303572.901028,21,256
1765303572.906720,22,256
1765303572.907127,23,256
1765303572.907495,24,256
1765303572.909289,25,256
1765303572.920048,26,256
1765303572.926970,27,256
1765303572.929281,28,256
1765303572.943631,29,256
1765303572.948832,30,256
1765303572.950053,31,256
1765303572.950467,32,256
1765303572.959297,33,256
1765303572.960201,34,256
1765303572.963022,35,256
1765303572.963055,36,256
1765303572.966465,37,256
1765303572.967153,38,256
1765303572.968594,39,256
1765303572.972807,40,256
1765303572.977532,41,256
1765303572.980373,42,256
1765303572.986967,43,256
1765303573.012976,44,256
1765303573.020425,45,256
1765303573.021547,46,256
1765303573.021580,47,256
1765303573.022636,48,256
1765303573.058950,49,256
1765303573.060839,50,256
1765303573.067021,51,256
1765303573.067986,52,256
1765303573.068473,53,256
1765303573.078866,54,256
1765303573.081159,55,256
1765303573.087348,56,256
1765303573.088628,57,256
1765303573.093043,58,256
1765303573.099934,59,256
1765303573.102983,60,256
1765303573.106622,61,256
1765303573.108007,62,256
1765303573.114340,63,256
1765303573.115085,64,256
1765303573.115153,65,256
1765303573.116856,66,256
1765303573.118822,67,256
1765303573.128025,68,256
1765303573.130423,69,256
1765303573.131400,70,256
1765303573.135951,71,256
1765303573.142212,72,256
1765303573.143743,73,256
1765303573.148526,74,256
1765303573.148788,75,256
1765303573.154845,76,256
1765303573.155512,77,256
1765303573.159022,78,256
1765303573.165013,79,256
1765303573.166258,80,256
1765303573.171735,81,256
1765303573.173182,82,256
1765303573.175728,83,256
1765303573.176729,84,256
1765303573.181672,85,256
1765303573.186234,86,256
1765303573.189194,87,256
1765303573.203235,88,256
1765303573.204388,89,256
1765303573.219736,90,256
1765303573.255113,91,256
1765303573.266035,92,256
1765303573.276891,93,256
1765303573.285561,94,256
1765303573.286687,95,256
1765303573.295920,96,256
1765303573.300063,97,256
1765303573.301371,98,256
1765303573.307276,99,256
1765303573.310796,100,256
1765303573.321488,101,256
1765303573.327260,102,256
1765303573.327521,103,256
1765303573.331320,104,256
1765303573.335181,105,256
1765303573.337427,106,256
1765303573.339295,107,256
1765303573.341276,108,256
1765303573.341372,109,256
1765303573.343192,110,256
1765303573.345559,111,256
1765303573.364374,112,256
1765303573.371636,113,256
1765303573.373794,114,256
1765303573.374167,115,256
1765303573.377648,116,256
1765303573.381574,117,256
1765303573.385031,118,256
1765303573.386633,119,256
1765303573.386892,120,256
1765303573.392705,121,256
1765303573.399122,122,256
1765303573.403390,123,256
1765303573.404634,124,256
1765303573.411027,125,256
1765303573.412453,126,256
1765303573.419072,127,256
1765303573.424189,128,256
1765303573.424355,129,256
1765303573.425480,130,256
1765303573.428427,131,256
1765303573.429362,132,256
1765303573.432689,133,256
1765303573.437123,134,256
1765303573.445658,135,256
1765303573.449880,136,256
1765303573.453179,137,256
1765303573.455384,138,256
1765303573.455988,139,256
1765303573.461914,140,256
1765303573.469984,141,256
1765303573.475017,142,256
1765303573.479707,143,256
1765303573.481450,144,256
1765303573.484020,145,256
1765303573.500497,146,256
1765303573.503135,147,256
1765303573.504860,148,256
1765303573.505587,149,256
1765303573.511225,150,256
1765303573.514446,151,256
1765303573.517016,152,256
1765303573.519539,153,256
1765303573.521287,154,256
1765303573.525641,155,256
1765303573.532632,156,256
1765303573.537280,157,256
1765303573.547025,158,256
1765303573.552840,159,256
1765303573.567621,160,256
1765303573.567905,161,256
1765303573.577996,162,256
1765303573.579326,163,256
1765303573.579921,164,256
1765303573.582594,165,256
1765303573.588338,166,256
1765303573.588716,167,256
1765303573.590806,168,256
1765303573.593678,169,256
1765303573.618318,170,256
1765303573.625587,171,256
1765303573.626893,172,256
1765303573.637994,173,256
1765303573.640379,174,256
1765303573.654785,175,256
1765303573.663239,176,256
1765303573.671568,177,256
1765303573.683058,178,256
1765303573.684874,179,256
1765303573.690600,180,256
1765303573.692693,181,256
1765303573.699406,182,256
1765303573.699450,183,256
1765303573.701441,184,256
1765303573.703266,185,256
1765303573.704805,186,256
1765303573.705673,187,256
1765303573.705980,188,256
1765303573.718065,189,256
1765303573.721488,190,256
1765303573.721842,191,256
1765303573.739428,192,256
1765303573.746651,193,256
1765303573.753837,194,256
1765303573.755406,195,256
1765303573.756368,196,256
1765303573.757455,197,256
1765303573.757931,198,256
1765303573.771452,199,256
1765303573.777559,200,256
1765303573.784801,201,256
1765303573.790036,202,256
1765303573.790301,203,256
1765303573.790673,204,256
1765303573.798741,205,256
1765303573.799026,206,256
1765303573.805004,207,256
1765303573.808872,208,256
1765303573.811957,209,256
1765303573.812891,210,256
1765303573.813350,211,256
1765303573.823573,212,256
1765303573.830729,213,256
1765303573.830809,214,256
1765303573.843263,215,256
1765303573.844529,216,256
1765303573.860889,217,256
1765303573.875507,218,256
1765303573.876465,219,256
1765303573.881613,220,256
1765303573.886873,221,256
1765303573.889067,222,256
1765303573.889377,223,256
1765303573.890254,224,256
1765303573.898739,225,256
1765303573.899294,226,256
1765303573.903779,227,256
1765303573.906222,228,256
1765303573.909542,229,256
1765303573.913756,230,256
1765303573.918223,231,256
1765303573.921553,232,256
1765303573.922453,233,256
1765303573.927069,234,256
1765303573.932535,235,256
1765303573.935448,236,256
1765303573.950555,237,256
1765303573.965971,238,256
1765303573.967599,239,256
1765303573.971647,240,256
1765303573.976953,241,256
1765303573.982017,242,256
1765303573.986487,243,256
1765303574.003057,244,256
1765303574.011938,245,256
1765303574.019065,246,256
1765303574.024621,247,256
1765303574.025752,248,256
1765303574.031721,249,256
1765303574.038394,250,256
1765303574.053354,251,256
1765303574.060148,252,256
1765303574.071349,253,256
1765303574.079319,254,256
1765303574.079537,255,256
1765303574.080947,256,256
1765303574.084986,257,256
1765303574.091988,258,256
1765303574.096231,259,256
1765303574.105842,260,256
1765303574.110234,261,256
1765303574.119150,262,256
1765303574.123706,263,256
1765303574.124858,264,256
1765303574.143637,265,256
1765303574.156800,266,256
1765303574.160004,267,256
1765303574.164012,268,256
1765303574.170059,269,256
1765303574.172568,270,256
1765303574.173141,271,256
1765303574.176894,272,256
1765303574.184445,273,256
1765303574.185133,274,256
1765303574.185312,275,256
1765303574.188395,276,256
1765303574.188537,277,256
1765303574.198415,278,256
1765303574.202366,279,256
1765303574.214822,280,256
1765303574.216031,281,256
1765303574.220948,282,256
1765303574.231421,283,256
1765303574.232903,284,256
1765303574.251284,285,256
1765303574.257399,286,256
1765303574.262547,287,256
1765303574.269056,288,256
1765303574.269937,289,256
1765303574.276998,290,256
1765303574.283393,291,256
1765303574.286793,292,256
1765303574.286982,293,256
1765303574.290948,294,256
1765303574.293774,295,256
1765303574.298368,296,256
1765303574.311022,297,256
1765303574.312072,298,256
1765303574.322923,299,256
1765303574.336621,300,256
1765303574.337000,301,256
1765303574.338592,302,256
1765303574.345013,303,256
1765303574.347862,304,256
1765303574.355506,305,256
1765303574.359258,306,256
1765303574.364338,307,256
1765303574.366842,308,256
1765303574.368840,309,256
1765303574.379074,310,256
1765303574.384111,311,256
1765303574.385956,312,256
1765303574.389593,313,256
1765303574.391263,314,256
1765303574.395606,315,256
1765303574.398341,316,256
1765303574.400312,317,256
1765303574.400717,318,256
1765303574.411737,319,256
1765303574.413301,320,256
1765303574.413443,321,256
1765303574.417037,322,256
1765303574.429178,323,256
1765303574.437724,324,256
1765303574.442962,325,256
1765303574.445317,326,256
1765303574.448386,327,256
1765303574.450738,328,256
1765303574.460842,329,256
1765303574.464070,330,256
1765303574.474255,331,256
1765303574.477489,332,256
1765303574.479789,333,256
1765303574.491793,334,256
1765303574.503541,335,256
1765303574.503627,336,256
1765303574.507833,337,256
1765303574.510855,338,256
1765303574.516044,339,256
1765303574.516276,340,256
1765303574.521883,341,256
1765303574.522829,342,256
1765303574.532987,343,256
1765303574.536646,344,256
1765303574.552955,345,256
1765303574.564571,346,256
1765303574.567341,347,256
1765303574.568358,348,256
1765303574.574122,349,256
1765303574.574859,350,256
1765303574.579496,351,256
1765303574.600314,352,256
1765303574.601136,353,256
1765303574.603655,354,256
1765303574.618273,355,256
1765303574.618336,356,256
1765303574.618725,357,256
1765303574.623514,358,256
1765303574.630740,359,256
1765303574.631675,360,256
1765303574.633183,361,256
1765303574.639247,362,256
1765303574.644241,363,256
1765303574.648527,364,256
1765303574.649818,365,256
1765303574.656006,366,256
1765303574.656645,367,256
1765303574.664470,368,256
1765303574.665646,369,256
1765303574.669831,370,256
1765303574.679532,371,256
1765303574.679647,372,256
1765303574.681039,373,256
1765303574.688444,374,256
1765303574.690164,375,256
1765303574.692255,376,256
1765303574.693135,377,256
1765303574.704393,378,256
1765303574.711840,379,256
1765303574.712459,380,256
1765303574.714638,381,256
1765303574.716216,382,256
1765303574.729800,383,256
1765303574.734506,384,256
1765303574.735380,385,256
1765303574.735528,386,256
1765303574.738479,387,256
1765303574.746774,388,256
1765303574.750018,389,256
1765303574.755515,390,256
1765303574.763643,391,256
1765303574.772052,392,256
1765303574.778996,393,256
1765303574.787451,394,256
1765303574.790129,395,256
1765303574.808283,396,256
1765303574.810766,397,256
1765303574.813084,398,256
1765303574.818649,399,256
1765303574.827572,400,256
1765303574.848730,401,256
1765303574.849765,402,256
1765303574.867090,403,256
1765303574.871335,404,256
1765303574.873807,405,256
1765303574.878228,406,256
1765303574.881605,407,256
1765303574.882490,408,256
1765303574.893275,409,256
1765303574.906704,410,256
1765303574.919198,411,256
1765303574.919956,412,256
1765303574.926464,413,256
1765303574.933513,414,256
1765303574.937881,415,256
1765303574.942537,416,256
1765303574.947845,417,256
1765303574.949523,418,256
1765303574.959369,419,256
1765303574.967176,420,256
1765303574.972540,421,256
1765303574.980659,422,256
1765303574.980873,423,256
1765303574.989574,424,256
1765303575.003402,425,256
1765303575.007282,426,256
1765303575.026465,427,256
1765303575.030266,428,256
1765303575.030294,429,256
1765303575.038897,430,256
1765303575.043465,431,256
1765303575.044566,432,256
1765303575.044990,433,256
1765303575.049806,434,256
1765303575.054157,435,256
1765303575.057770,436,256
1765303575.061763,437,256
1765303575.062153,438,256
1765303575.062536,439,256
1765303575.068457,440,256
1765303575.091785,441,256
1765303575.098865,442,256
1765303575.099983,443,256
1765303575.114030,444,256
1765303575.117188,445,256
1765303575.123647,446,256
1765303575.123692,447,256
1765303575.126493,448,256
1765303575.131538,449,256
1765303575.136548,450,256
1765303575.137973,451,256
1765303575.138877,452,256
1765303575.158985,453,256
1765303575.160829,454,256
1765303575.164489,455,256
1765303575.166500,456,256
1765303575.166643,457,256
1765303575.180878,458,256
1765303575.192075,459,256
1765303575.192778,460,256
1765303575.208132,461,256
1765303575.213334,462,256
1765303575.217949,463,256
1765303575.223667,464,256
1765303575.224042,465,256
1765303575.224689,466,256
1765303575.225596,467,256
1765303575.228388,468,256
1765303575.228583,469,256
1765303575.229589,470,256
1765303575.232118,471,256
1765303575.247517,472,256
1765303575.250051,473,256
1765303575.250714,474,256
1765303575.253372,475,256
1765303575.260813,476,256
1765303575.261827,477,256
1765303575.262788,478,256
1765303575.268235,479,256
1765303575.269171,480,256
1765303575.278671,481,256
1765303575.284698,482,256
1765303575.294489,483,256
1765303575.299952,484,256
1765303575.305001,485,256
1765303575.305343,486,256
1765303575.311724,487,256
1765303575.320701,488,256
1765303575.322419,489,256
1765303575.332308,490,256
1765303575.332476,491,256
1765303575.339567,492,256
1765303575.343215,493,256
1765303575.346879,494,256
1765303575.347120,495,256
1765303575.347684,496,256
1765303575.352425,497,256
1765303575.355770,498,256
1765303575.375885,499,256
1765303575.379408,500,256
1765303575.383777,501,256
1765303575.384494,502,256
1765303575.397050,503,256
1765303575.397179,504,256
1765303575.397491,505,256
1765303575.400624,506,256
1765303575.409242,507,256
1765303575.422724,508,256
1765303575.435285,509,256
1765303575.437908,510,256
1765303575.441421,511,256
1765303575.443343,512,256
1765303575.458422,513,256
1765303575.460860,514,256
1765303575.469482,515,256
1765303575.472804,516,256
1765303575.489638,517,256
1765303575.496644,518,256
1765303575.497375,519,256
1765303575.498044,520,256
1765303575.503623,521,256
1765303575.505922,522,256
1765303575.509303,523,256
1765303575.509913,524,256
1765303575.514782,525,256
1765303575.519250,526,256
1765303575.523378,527,256
1765303575.527730,528,256
1765303575.530524,529,256
1765303575.530570,530,256
1765303575.547345,531,256
1765303575.554726,532,256
1765303575.561498,533,256
1765303575.563530,534,256
1765303575.567493,535,256
1765303575.567596,536,256
1765303575.571805,537,256
1765303575.576067,538,256
1765303575.578438,539,256
1765303575.592432,540,256
1765303575.594723,541,256
1765303575.596179,542,256
1765303575.598078,543,256
1765303575.601063,544,256
1765303575.605742,545,256
1765303575.605842,546,256
1765303575.609795,547,256
1765303575.610010,548,256
1765303575.612628,549,256
1765303575.615868,550,256
1765303575.623112,551,256
1765303575.626744,552,256
1765303575.630957,553,256
1765303575.645564,554,256
1765303575.645717,555,256
1765303575.645755,556,256
1765303575.646382,557,256
1765303575.649617,558,256
1765303575.655324,559,256
1765303575.656308,560,256
1765303575.658143,561,256
1765303575.665593,562,256
1765303575.677470,563,256
1765303575.679256,564,256
1765303575.679317,565,256
1765303575.686722,566,256
1765303575.688030,567,256
1765303575.690233,568,256
1765303575.698222,569,256
1765303575.705434,570,256
1765303575.706854,571,256
1765303575.712876,572,256
1765303575.714181,573,256
1765303575.723575,574,256
1765303575.724166,575,256
1765303575.735675,576,256
1765303575.739268,577,256
1765303575.740998,578,256
1765303575.744535,579,256
1765303575.756824,580,256
1765303575.762703,581,256
1765303575.764508,582,256
1765303575.771240,583,256
1765303575.776237,584,256
1765303575.778736,585,256
1765303575.783065,586,256
1765303575.783155,587,256
1765303575.794192,588,256
1765303575.809734,589,256
1765303575.810323,590,256
1765303575.817765,591,256
1765303575.822228,592,256
1765303575.829202,593,256
1765303575.831008,594,256
1765303575.839137,595,256
1765303575.850962,596,256
1765303575.851280,597,256
1765303575.854667,598,256
1765303575.866372,599,256
1765303575.876935,600,256
1765303575.877859,601,256
1765303575.881943,602,256
1765303575.882358,603,256
1765303575.884717,604,256
1765303575.885374,605,256
1765303575.885839,606,256
1765303575.914367,607,256
1765303575.915518,608,256
1765303575.919420,609,256
1765303575.924500,610,256
1765303575.931535,611,256
1765303575.934931,612,256
1765303575.939663,613,256
1765303575.940827,614,256
1765303575.950095,615,256
1765303575.963840,616,256
1765303575.963951,617,256
1765303575.970360,618,256
1765303575.983153,619,256
1765303575.988786,620,256
1765303575.993658,621,256
1765303575.994874,622,256
1765303575.995018,623,256
1765303575.999516,624,256
1765303576.004437,625,256
1765303576.011282,626,256
1765303576.014852,627,256
1765303576.020909,628,256
1765303576.022472,629,256
1765303576.035599,630,256
1765303576.036785,631,256
1765303576.043240,632,256
1765303576.044090,633,256
1765303576.048179,634,256
1765303576.048289,635,256
1765303576.054663,636,256
1765303576.057082,637,256
1765303576.059400,638,256
1765303576.062063,639,256
1765303576.062515,640,256
1765303576.063346,641,256
1765303576.068199,642,256
1765303576.073510,643,256
1765303576.086388,644,256
1765303576.086690,645,256
1765303576.087003,646,256
1765303576.099215,647,256
1765303576.103632,648,256
1765303576.104221,649,256
1765303576.107377,650,256
1765303576.107643,651,256
1765303576.114846,652,256
1765303576.119521,653,256
1765303576.122068,654,256
1765303576.126440,655,256
1765303576.126969,656,256
1765303576.140393,657,256
1765303576.152080,658,256
1765303576.152572,659,256
1765303576.153839,660,256
1765303576.156367,661,256
1765303576.163540,662,256
1765303576.173800,663,256
1765303576.186126,664,256
1765303576.187521,665,256
1765303576.211398,666,256
1765303576.220244,667,256
1765303576.228165,668,256
1765303576.228842,669,256
1765303576.235687,670,256
1765303576.239220,671,256
1765303576.244456,672,256
1765303576.247132,673,256
1765303576.256970,674,256
1765303576.259767,675,256
1765303576.264703,676,256
1765303576.266192,677,256
1765303576.267736,678,256
1765303576.272963,679,256
1765303576.279077,680,256
1765303576.279204,681,256
1765303576.279530,682,256
1765303576.287479,683,256
1765303576.288244,684,256
1765303576.294853,685,256
1765303576.299250,686,256
1765303576.303979,687,256
1765303576.304844,688,256
1765303576.307290,689,256
1765303576.308582,690,256
1765303576.313456,691,256
1765303576.314594,692,256
1765303576.318461,693,256
1765303576.326060,694,256
1765303576.332302,695,256
1765303576.347481,696,256
1765303576.350969,697,256
1765303576.351706,698,256
1765303576.352993,699,256
1765303576.358692,700,256
1765303576.360156,701,256
1765303576.363904,702,256
1765303576.370253,703,256
1765303576.378625,704,256
1765303576.379013,705,256
1765303576.381615,706,256
1765303576.384902,707,256
1765303576.386545,708,256
1765303576.387416,709,256
1765303576.390428,710,256
1765303576.391551,711,256
1765303576.400169,712,256
1765303576.412804,713,256
1765303576.414134,714,256
1765303576.416123,715,256
1765303576.417369,716,256
1765303576.417421,717,256
1765303576.419545,718,256
1765303576.427264,719,256
1765303576.434973,720,256
1765303576.435797,721,256
1765303576.437869,722,256
1765303576.442971,723,256
1765303576.445211,724,256
1765303576.454433,725,256
1765303576.454506,726,256
1765303576.454671,727,256
1765303576.469691,728,256
1765303576.479335,729,256
1765303576.488633,730,256
1765303576.489594,731,256
1765303576.494260,732,256
1765303576.495730,733,256
1765303576.510307,734,256
1765303576.524482,735,256
1765303576.525840,736,256
1765303576.527517,737,256
1765303576.531858,738,256
1765303576.542934,739,256
1765303576.546665,740,256
1765303576.550879,741,256
1765303576.562228,742,256
1765303576.562718,743,256
1765303576.568129,744,256
1765303576.570484,745,256
1765303576.570727,746,256
1765303576.587916,747,256
1765303576.591059,748,256
1765303576.600673,749,256
1765303576.604005,750,256
1765303576.611289,751,256
1765303576.612674,752,256
1765303576.614918,753,256
1765303576.618663,754,256
1765303576.628400,755,256
1765303576.630805,756,256
1765303576.643023,757,256
1765303576.649652,758,256
1765303576.654856,759,256
1765303576.659573,760,256
1765303576.661925,761,256
1765303576.666158,762,256
1765303576.668927,763,256
1765303576.674145,764,256
1765303576.682653,765,256
1765303576.696606,766,256
1765303576.716853,767,256
1765303576.720770,768,256
1765303576.725876,769,256
1765303576.729377,770,256
1765303576.730843,771,256
1765303576.732286,772,256
1765303576.732736,773,256
1765303576.732835,774,256
1765303576.733012,775,256
1765303576.740429,776,256
1765303576.741391,777,256
1765303576.745543,778,256
1765303576.748930,779,256
1765303576.749102,780,256
1765303576.759845,781,256
1765303576.770462,782,256
1765303576.773935,783,256
1765303576.780972,784,256
1765303576.795345,785,256
1765303576.797566,786,256
1765303576.817796,787,256
1765303576.823501,788,256
1765303576.838875,789,256
1765303576.841344,790,256
1765303576.844622,791,256
1765303576.845852,792,256
1765303576.848937,793,256
1765303576.854896,794,256
1765303576.858966,795,256
1765303576.868932,796,256
1765303576.875682,797,256
1765303576.876590,798,256
1765303576.880211,799,256
1765303576.889406,800,256
1765303576.892932,801,256
1765303576.893794,802,256
1765303576.895271,803,256
1765303576.897116,804,256
1765303576.900304,805,256
1765303576.905438,806,256
1765303576.917431,807,256
1765303576.919419,808,256
1765303576.930501,809,256
1765303576.930614,810,256
1765303576.937508,811,256
1765303576.942504,812,256
1765303576.945028,813,256
1765303576.954383,814,256
1765303576.959149,815,256
1765303576.968170,816,256
1765303576.972347,817,256
1765303576.988966,818,256
1765303576.993089,819,256
1765303576.993521,820,256
1765303576.995650,821,256
1765303576.996179,822,256
1765303577.005139,823,256
1765303577.008227,824,256
1765303577.021149,825,256
1765303577.026288,826,256
1765303577.026490,827,256
1765303577.027864,828,256
1765303577.042009,829,256
1765303577.043994,830,256
1765303577.044186,831,256
1765303577.045260,832,256
1765303577.053268,833,256
1765303577.059407,834,256
1765303577.060242,835,256
1765303577.075663,836,256
1765303577.079545,837,256
1765303577.081692,838,256
1765303577.086287,839,256
1765303577.103032,840,256
1765303577.114310,841,256
1765303577.119683,842,256
1765303577.130394,843,256
1765303577.132347,844,256
1765303577.133457,845,256
1765303577.137105,846,256
1765303577.138916,847,256
1765303577.141234,848,256
1765303577.146495,849,256
1765303577.160879,850,256
1765303577.162268,851,256
1765303577.169262,852,256
1765303577.169424,853,256
1765303577.174899,854,256
1765303577.177597,855,256
1765303577.177683,856,256
1765303577.182562,857,256
1765303577.182682,858,256
1765303577.190416,859,256
1765303577.199081,860,256
1765303577.203690,861,256
1765303577.206815,862,256
1765303577.211857,863,256
1765303577.212430,864,256
1765303577.214757,865,256
1765303577.217566,866,256
1765303577.221516,867,256
1765303577.221948,868,256
1765303577.223389,869,256
1765303577.224320,870,256
1765303577.229667,871,256
1765303577.237092,872,256
1765303577.256034,873,256
1765303577.263905,874,256
1765303577.266692,875,256
1765303577.274706,876,256
1765303577.281828,877,256
1765303577.282884,878,256
1765303577.288332,879,256
1765303577.291185,880,256
1765303577.293542,881,256
1765303577.301537,882,256
1765303577.305627,883,256
1765303577.307737,884,256
1765303577.309647,885,256
1765303577.311062,886,256
1765303577.321434,887,256
1765303577.327503,888,256
1765303577.333518,889,256
1765303577.336128,890,256
1765303577.348603,891,256
1765303577.359446,892,256
1765303577.366319,893,256
1765303577.375533,894,256
1765303577.380880,895,256
1765303577.401486,896,256
1765303577.404862,897,256
1765303577.404957,898,256
1765303577.408984,899,256
1765303577.409302,900,256
1765303577.411738,901,256
1765303577.426656,902,256
1765303577.436908,903,256
1765303577.437844,904,256
1765303577.438750,905,256
1765303577.442406,906,256
1765303577.443336,907,256
1765303577.447459,908,256
1765303577.448291,909,256
1765303577.452553,910,256
1765303577.454424,911,256
1765303577.460694,912,256
1765303577.463114,913,256
1765303577.464206,914,256
1765303577.491952,915,256
1765303577.492670,916,256
1765303577.497015,917,256
1765303577.497068,918,256
1765303577.498343,919,256
1765303577.506499,920,256
1765303577.511971,921,256
1765303577.517031,922,256
1765303577.522184,923,256
1765303577.523717,924,256
1765303577.531456,925,256
1765303577.533535,926,256
1765303577.537835,927,256
1765303577.537884,928,256
1765303577.541688,929,256
1765303577.558333,930,256
1765303577.564680,931,256
1765303577.565220,932,256
1765303577.568592,933,256
1765303577.569039,934,256
1765303577.573132,935,256
1765303577.574354,936,256
1765303577.583039,937,256
1765303577.583683,938,256
1765303577.587880,939,256
1765303577.588047,940,256
1765303577.598328,941,256
1765303577.602831,942,256
1765303577.604919,943,256
1765303577.607013,944,256
1765303577.610464,945,256
1765303577.611288,946,256
1765303577.612137,947,256
1765303577.629130,948,256
1765303577.632095,949,256
1765303577.643036,950,256
1765303577.645778,951,256
1765303577.647948,952,256
1765303577.656027,953,256
1765303577.664327,954,256
1765303577.665926,955,256
1765303577.668943,956,256
1765303577.681106,957,256
1765303577.697525,958,256
1765303577.698973,959,256
1765303577.704278,960,256
1765303577.709438,961,256
1765303577.717169,962,256
1765303577.717574,963,256
1765303577.719086,964,256
1765303577.719376,965,256
1765303577.722583,966,256
1765303577.741561,967,256
1765303577.751545,968,256
1765303577.757571,969,256
1765303577.759001,970,256
1765303577.763736,971,256
1765303577.769737,972,256
1765303577.772549,973,256
1765303577.776610,974,256
1765303577.776826,975,256
1765303577.781740,976,256
1765303577.793031,977,256
1765303577.797955,978,256
1765303577.805965,979,256
1765303577.824016,980,256
1765303577.827139,981,256
1765303577.842845,982,256
1765303577.846846,983,256
1765303577.849565,984,256
1765303577.852974,985,256
1765303577.864338,986,256
1765303577.875551,987,256
1765303577.875742,988,256
1765303577.881025,989,256
1765303577.891869,990,256
1765303577.897155,991,256
1765303577.912748,992,256
1765303577.920948,993,256
1765303577.928054,994,256
1765303577.929131,995,256
1765303577.931698,996,256
1765303577.934388,997,256
1765303577.951913,998,256
1765303577.955446,999,256
1765303577.956986,1000,256
1765303577.958147,1001,256
1765303577.959344,1002,256
1765303577.964343,1003,256
1765303577.964735,1004,256
1765303577.970005,1005,256
1765303577.972124,1006,256
1765303577.979215,1007,256
1765303577.993736,1008,256
1765303577.998059,1009,256
1765303578.011723,1010,256
1765303578.021470,1011,256
1765303578.026645,1012,256
1765303578.034578,1013,256
1765303578.037895,1014,256
1765303578.040102,1015,256
1765303578.040735,1016,256
1765303578.045492,1017,256
1765303578.046586,1018,256
1765303578.049917,1019,256
1765303578.059451,1020,256
1765303578.081947,1021,256
1765303578.085768,1022,256
1765303578.087039,1023,256
1765303578.093835,1024,256
1765303578.096419,1025,256
1765303578.101182,1026,256
1765303578.106590,1027,256
1765303578.115225,1028,256
1765303578.115365,1029,256
1765303578.116402,1030,256
1765303578.117754,1031,256
1765303578.118195,1032,256
1765303578.125453,1033,256
1765303578.134350,1034,256
1765303578.134495,1035,256
1765303578.138455,1036,256
1765303578.150974,1037,256
1765303578.153093,1038,256
1765303578.163597,1039,256
1765303578.167681,1040,256
1765303578.174839,1041,256
1765303578.176677,1042,256
1765303578.179814,1043,256
1765303578.182096,1044,256
1765303578.191024,1045,256
1765303578.192494,1046,256
1765303578.195027,1047,256
1765303578.206767,1048,256
1765303578.210251,1049,256
1765303578.222704,1050,256
1765303578.229800,1051,256
1765303578.236937,1052,256
1765303578.242246,1053,256
1765303578.251719,1054,256
1765303578.252200,1055,256
1765303578.253789,1056,256
1765303578.256429,1057,256
1765303578.256608,1058,256
1765303578.264181,1059,256
1765303578.265953,1060,256
1765303578.269963,1061,256
1765303578.270501,1062,256
1765303578.276560,1063,256
1765303578.279387,1064,256
1765303578.282426,1065,256
1765303578.283245,1066,256
1765303578.289957,1067,256
1765303578.298820,1068,256
1765303578.300534,1069,256
1765303578.305309,1070,256
1765303578.306316,1071,256
1765303578.307745,1072,256
1765303578.308328,1073,256
1765303578.310334,1074,256
1765303578.311108,1075,256
1765303578.313986,1076,256
1765303578.325991,1077,256
1765303578.326723,1078,256
1765303578.330010,1079,256
1765303578.340863,1080,256
1765303578.344694,1081,256
1765303578.344818,1082,256
1765303578.346878,1083,256
1765303578.347729,1084,256
1765303578.361315,1085,256
1765303578.362080,1086,256
1765303578.363044,1087,256
1765303578.363095,1088,256
1765303578.363627,1089,256
1765303578.364647,1090,256
1765303578.388087,1091,256
1765303578.396052,1092,256
1765303578.400945,1093,256
1765303578.408321,1094,256
1765303578.408833,1095,256
1765303578.410335,1096,256
1765303578.412200,1097,256
1765303578.418914,1098,256
1765303578.421851,1099,256
1765303578.424472,1100,256
1765303578.440423,1101,256
1765303578.453005,1102,256
1765303578.458118,1103,256
1765303578.463343,1104,256
1765303578.468792,1105,256
1765303578.480410,1106,256
1765303578.481858,1107,256
1765303578.497936,1108,256
1765303578.499813,1109,256
1765303578.500113,1110,256
1765303578.501905,1111,256
1765303578.503238,1112,256
1765303578.509481,1113,256
1765303578.520411,1114,256
1765303578.521935,1115,256
1765303578.525740,1116,256
1765303578.529180,1117,256
1765303578.530737,1118,256
1765303578.533496,1119,256
1765303578.535485,1120,256
1765303578.544032,1121,256
1765303578.550962,1122,256
1765303578.554845,1123,256
1765303578.557100,1124,256
1765303578.557748,1125,256
1765303578.557937,1126,256
1765303578.567984,1127,256
1765303578.570932,1128,256
1765303578.582540,1129,256
1765303578.587230,1130,256
1765303578.590681,1131,256
1765303578.592350,1132,256
1765303578.602359,1133,256
1765303578.604021,1134,256
1765303578.617727,1135,256
1765303578.626901,1136,256
1765303578.627046,1137,256
1765303578.629050,1138,256
1765303578.631653,1139,256
1765303578.634193,1140,256
1765303578.637154,1141,256
1765303578.639080,1142,256
1765303578.640533,1143,256
1765303578.642845,1144,256
1765303578.648149,1145,256
1765303578.649252,1146,256
1765303578.650102,1147,256
1765303578.650916,1148,256
1765303578.659285,1149,256
1765303578.666378,1150,256
1765303578.666497,1151,256
1765303578.666903,1152,256
1765303578.668131,1153,256
1765303578.674935,1154,256
1765303578.678319,1155,256
1765303578.690249,1156,256
1765303578.693082,1157,256
1765303578.697849,1158,256
1765303578.698704,1159,256
1765303578.699436,1160,256
1765303578.726257,1161,256
1765303578.729093,1162,256
1765303578.730401,1163,256
1765303578.742507,1164,256
1765303578.747289,1165,256
1765303578.753343,1166,256
1765303578.758245,1167,256
1765303578.769079,1168,256
1765303578.770898,1169,256
1765303578.784022,1170,256
1765303578.785401,1171,256
1765303578.794772,1172,256
1765303578.801033,1173,256
1765303578.805875,1174,256
1765303578.830272,1175,256
1765303578.832741,1176,256
1765303578.835867,1177,256
1765303578.837401,1178,256
1765303578.837740,1179,256
1765303578.840519,1180,256
1765303578.843905,1181,256
1765303578.847014,1182,256
1765303578.847215,1183,256
1765303578.860948,1184,256
1765303578.864951,1185,256
1765303578.875969,1186,256
1765303578.880445,1187,256
1765303578.885552,1188,256
1765303578.886488,1189,256
1765303578.890723,1190,256
1765303578.893038,1191,256
1765303578.893418,1192,256
1765303578.904855,1193,256
1765303578.906147,1194,256
1765303578.911088,1195,256
1765303578.912642,1196,256
1765303578.915896,1197,256
1765303578.916659,1198,256
1765303578.920228,1199,256
1765303578.922083,1200,256
1765303578.923300,1201,256
1765303578.935258,1202,256
1765303578.936591,1203,256
1765303578.937217,1204,256
1765303578.941078,1205,256
1765303578.943660,1206,256
1765303578.948226,1207,256
1765303578.950227,1208,256
1765303578.952296,1209,256
1765303578.955375,1210,256
1765303578.962359,1211,256
1765303578.972157,1212,256
1765303578.978047,1213,256
1765303578.978799,1214,256
1765303578.988463,1215,256
1765303578.991215,1216,256
1765303579.005090,1217,256
1765303579.011156,1218,256
1765303579.011388,1219,256
1765303579.011849,1220,256
1765303579.012014,1221,256
1765303579.017028,1222,256
1765303579.019199,1223,256
1765303579.027417,1224,256
1765303579.039959,1225,256
1765303579.043382,1226,256
1765303579.043536,1227,256
1765303579.046134,1228,256
1765303579.049046,1229,256
1765303579.063376,1230,256
1765303579.065860,1231,256
1765303579.066121,1232,256
1765303579.072757,1233,256
1765303579.080314,1234,256
1765303579.082406,1235,256
1765303579.097138,1236,256
1765303579.097373,1237,256
1765303579.102757,1238,256
1765303579.104679,1239,256
1765303579.107024,1240,256
1765303579.107533,1241,256
1765303579.111531,1242,256
1765303579.122815,1243,256
1765303579.127757,1244,256
1765303579.133857,1245,256
1765303579.137577,1246,256
1765303579.148441,1247,256
1765303579.149462,1248,256
1765303579.150495,1249,256
1765303579.153854,1250,256
1765303579.158251,1251,256
1765303579.162799,1252,256
1765303579.163820,1253,256
1765303579.164804,1254,256
1765303579.172758,1255,256
1765303579.174220,1256,256
1765303579.179079,1257,256
1765303579.185009,1258,256
1765303579.186502,1259,256
1765303579.191340,1260,256
1765303579.202289,1261,256
1765303579.205449,1262,256
1765303579.217892,1263,256
1765303579.223881,1264,256
1765303579.227995,1265,256
1765303579.239009,1266,256
1765303579.241160,1267,256
1765303579.244232,1268,256
1765303579.251168,1269,256
1765303579.251949,1270,256
1765303579.257572,1271,256
1765303579.262901,1272,256
1765303579.263432,1273,256
1765303579.268896,1274,256
1765303579.272685,1275,256
1765303579.279646,1276,256
1765303579.285971,1277,256
1765303579.289511,1278,256
1765303579.293096,1279,256
1765303579.294081,1280,256
1765303579.298871,1281,256
1765303579.304746,1282,256
1765303579.320041,1283,256
1765303579.323515,1284,256
1765303579.337733,1285,256
1765303579.339153,1286,256
1765303579.342769,1287,256
1765303579.345762,1288,256
1765303579.347259,1289,256
1765303579.356374,1290,256
1765303579.356476,1291,256
1765303579.358495,1292,256
1765303579.367209,1293,256
1765303579.369774,1294,256
1765303579.382511,1295,256
1765303579.383098,1296,256
1765303579.384290,1297,256
1765303579.385966,1298,256
1765303579.387170,1299,256
1765303579.388536,1300,256
1765303579.398032,1301,256
1765303579.412735,1302,256
1765303579.412828,1303,256
1765303579.418629,1304,256
1765303579.419039,1305,256
1765303579.426980,1306,256
1765303579.436769,1307,256
1765303579.440009,1308,256
1765303579.443062,1309,256
1765303579.448007,1310,256
1765303579.450846,1311,256
1765303579.453175,1312,256
1765303579.454677,1313,256
1765303579.456856,1314,256
1765303579.474484,1315,256
1765303579.480527,1316,256
1765303579.481970,1317,256
1765303579.491323,1318,256
1765303579.491967,1319,256
1765303579.493134,1320,256
1765303579.501508,1321,256
1765303579.504191,1322,256
1765303579.508779,1323,256
1765303579.509012,1324,256
1765303579.513971,1325,256
1765303579.516775,1326,256
1765303579.523593,1327,256
1765303579.525096,1328,256
1765303579.539044,1329,256
1765303579.539572,1330,256
1765303579.543258,1331,256
1765303579.549828,1332,256
1765303579.556163,1333,256
1765303579.562041,1334,256
1765303579.579023,1335,256
1765303579.590925,1336,256
1765303579.597423,1337,256
1765303579.600963,1338,256
1765303579.616025,1339,256
1765303579.621960,1340,256
1765303579.630264,1341,256
1765303579.630543,1342,256
1765303579.632829,1343,256
1765303579.638055,1344,256
1765303579.639859,1345,256
1765303579.643512,1346,256
1765303579.645014,1347,256
1765303579.646818,1348,256
1765303579.651314,1349,256
1765303579.656158,1350,256
1765303579.658258,1351,256
1765303579.661516,1352,256
1765303579.661549,1353,256
1765303579.664391,1354,256
1765303579.667370,1355,256
1765303579.672124,1356,256
1765303579.678316,1357,256
1765303579.681736,1358,256
1765303579.701944,1359,256
1765303579.702590,1360,256
1765303579.706094,1361,256
1765303579.721972,1362,256
1765303579.722030,1363,256
1765303579.725796,1364,256
1765303579.740278,1365,256
1765303579.743340,1366,256
1765303579.745147,1367,256
1765303579.746159,1368,256
1765303579.750412,1369,256
1765303579.751459,1370,256
1765303579.755777,1371,256
1765303579.761238,1372,256
1765303579.761277,1373,256
1765303579.761379,1374,256
1765303579.763696,1375,256
1765303579.764069,1376,256
1765303579.764403,1377,256
1765303579.766716,1378,256
1765303579.770779,1379,256
1765303579.783809,1380,256
1765303579.791852,1381,256
1765303579.795335,1382,256
1765303579.797120,1383,256
1765303579.811572,1384,256
1765303579.819730,1385,256
1765303579.824795,1386,256
1765303579.824955,1387,256
1765303579.834567,1388,256
1765303579.836027,1389,256
1765303579.839473,1390,256
1765303579.848294,1391,256
1765303579.852347,1392,256
1765303579.857892,1393,256
1765303579.860694,1394,256
1765303579.863549,1395,256
1765303579.864115,1396,256
1765303579.867121,1397,256
1765303579.877456,1398,256
1765303579.885824,1399,256
1765303579.887370,1400,256
1765303579.891419,1401,256
1765303579.904174,1402,256
1765303579.913909,1403,256
1765303579.916135,1404,256
1765303579.918783,1405,256
1765303579.933082,1406,256
1765303579.937224,1407,256
1765303579.937875,1408,256
1765303579.945804,1409,256
1765303579.950978,1410,256
1765303579.960738,1411,256
1765303579.966065,1412,256
1765303579.966978,1413,256
1765303579.968951,1414,256
1765303579.969617,1415,256
1765303579.979905,1416,256
1765303579.980383,1417,256
1765303579.982492,1418,256
1765303579.984226,1419,256
1765303579.984573,1420,256
1765303579.990428,1421,256
1765303579.990554,1422,256
1765303579.998910,1423,256
1765303579.999053,1424,256
1765303580.008064,1425,256
1765303580.009363,1426,256
1765303580.012924,1427,256
1765303580.014775,1428,256
1765303580.036419,1429,256
1765303580.047902,1430,256
1765303580.049647,1431,256
1765303580.080205,1432,256
1765303580.090344,1433,256
1765303580.093213,1434,256
1765303580.094307,1435,256
1765303580.097474,1436,256
1765303580.099115,1437,256
1765303580.099446,1438,256
1765303580.102574,1439,256
1765303580.103358,1440,256
1765303580.116106,1441,256
1765303580.117984,1442,256
1765303580.121563,1443,256
1765303580.131841,1444,256
1765303580.148746,1445,256
1765303580.155131,1446,256
1765303580.156975,1447,256
1765303580.159488,1448,256
1765303580.165313,1449,256
1765303580.166531,1450,256
1765303580.167329,1451,256
1765303580.170415,1452,256
1765303580.179141,1453,256
1765303580.179945,1454,256
1765303580.182281,1455,256
1765303580.183916,1456,256
1765303580.186357,1457,256
1765303580.196879,1458,256
1765303580.200549,1459,256
1765303580.200649,1460,256
1765303580.220191,1461,256
1765303580.220579,1462,256
1765303580.226531,1463,256
1765303580.235255,1464,256
1765303580.247125,1465,256
1765303580.249810,1466,256
1765303580.251140,1467,256
1765303580.251608,1468,256
1765303580.251825,1469,256
1765303580.252407,1470,256
1765303580.256051,1471,256
1765303580.260905,1472,256
1765303580.263904,1473,256
1765303580.263939,1474,256
1765303580.265917,1475,256
1765303580.270734,1476,256
1765303580.272992,1477,256
1765303580.273820,1478,256
1765303580.275133,1479,256
1765303580.297593,1480,256
1765303580.300995,1481,256
1765303580.310248,1482,256
1765303580.314990,1483,256
1765303580.321257,1484,256
1765303580.334299,1485,256
1765303580.339034,1486,256
1765303580.339783,1487,256
1765303580.341114,1488,256
1765303580.342606,1489,256
1765303580.343832,1490,256
1765303580.353479,1491,256
1765303580.353779,1492,256
1765303580.356797,1493,256
1765303580.363162,1494,256
1765303580.374018,1495,256
1765303580.383832,1496,256
1765303580.386941,1497,256
1765303580.389206,1498,256
1765303580.389912,1499,256
1765303580.396744,1500,256
1765303580.397838,1501,256
1765303580.400735,1502,256
1765303580.408142,1503,256
1765303580.411045,1504,256
1765303580.413129,1505,256
1765303580.416490,1506,256
1765303580.420145,1507,256
1765303580.420448,1508,256
1765303580.422687,1509,256
1765303580.423178,1510,256
1765303580.430614,1511,256
1765303580.431242,1512,256
1765303580.436592,1513,256
1765303580.436879,1514,256
1765303580.442504,1515,256
1765303580.455526,1516,256
1765303580.455899,1517,256
1765303580.456086,1518,256
1765303580.460027,1519,256
1765303580.474995,1520,256
1765303580.475345,1521,256
1765303580.481815,1522,256
1765303580.487818,1523,256
1765303580.492105,1524,256
1765303580.496061,1525,256
1765303580.505510,1526,256
1765303580.511620,1527,256
1765303580.514443,1528,256
1765303580.514723,1529,256
1765303580.516964,1530,256
1765303580.535193,1531,256
1765303580.537148,1532,256
1765303580.538445,1533,256
1765303580.540210,1534,256
1765303580.560299,1535,256
1765303580.563158,1536,256
1765303580.566123,1537,256
1765303580.569012,1538,256
1765303580.577790,1539,256
1765303580.579168,1540,256
1765303580.582317,1541,256
1765303580.584969,1542,256
1765303580.588667,1543,256
1765303580.595213,1544,256
1765303580.613478,1545,256
1765303580.614717,1546,256
1765303580.620013,1547,256
1765303580.629541,1548,256
1765303580.636369,1549,256
1765303580.637342,1550,256
1765303580.637497,1551,256
1765303580.639618,1552,256
1765303580.640726,1553,256
1765303580.650702,1554,256
1765303580.653141,1555,256
1765303580.678426,1556,256
1765303580.683761,1557,256
1765303580.693016,1558,256
1765303580.695399,1559,256
1765303580.702508,1560,256
1765303580.721957,1561,256
1765303580.722085,1562,256
1765303580.723289,1563,256
1765303580.727901,1564,256
1765303580.728297,1565,256
1765303580.728802,1566,256
1765303580.728877,1567,256
1765303580.730992,1568,256
1765303580.738748,1569,256
1765303580.739402,1570,256
1765303580.740881,1571,256
1765303580.748223,1572,256
1765303580.756728,1573,256
1765303580.763692,1574,256
1765303580.769980,1575,256
1765303580.771742,1576,256
1765303580.780242,1577,256
1765303580.780949,1578,256
1765303580.786161,1579,256
1765303580.787134,1580,256
1765303580.792598,1581,256
1765303580.800676,1582,256
1765303580.802882,1583,256
1765303580.806477,1584,256
1765303580.819021,1585,256
1765303580.820971,1586,256
1765303580.826977,1587,256
1765303580.835362,1588,256
1765303580.842471,1589,256
1765303580.847814,1590,256
1765303580.849076,1591,256
1765303580.856203,1592,256
1765303580.862824,1593,256
1765303580.870886,1594,256
1765303580.876417,1595,256
1765303580.877338,1596,256
1765303580.882194,1597,256
1765303580.885576,1598,256
1765303580.892653,1599,256
1765303580.894374,1600,256
1765303580.899674,1601,256
1765303580.900640,1602,256
1765303580.902089,1603,256
1765303580.906788,1604,256
1765303580.907143,1605,256
1765303580.911750,1606,256
1765303580.924500,1607,256
1765303580.928813,1608,256
1765303580.929508,1609,256
1765303580.931367,1610,256
1765303580.935357,1611,256
1765303580.943766,1612,256
1765303580.949980,1613,256
1765303580.957858,1614,256
1765303580.966481,1615,256
1765303580.977856,1616,256
1765303580.979105,1617,256
1765303580.981986,1618,256
1765303580.984687,1619,256
1765303580.985995,1620,256
1765303580.988816,1621,256
1765303581.000929,1622,256
1765303581.008845,1623,256
1765303581.010047,1624,256
1765303581.015380,1625,256
1765303581.023597,1626,256
1765303581.024747,1627,256
1765303581.025579,1628,256
1765303581.031301,1629,256
1765303581.031724,1630,256
1765303581.032629,1631,256
1765303581.033904,1632,256
1765303581.034182,1633,256
1765303581.049385,1634,256
1765303581.050026,1635,256
1765303581.051214,1636,256
1765303581.057613,1637,256
1765303581.058851,1638,256
1765303581.076371,1639,256
1765303581.081476,1640,256
1765303581.081815,1641,256
1765303581.087317,1642,256
1765303581.089843,1643,256
1765303581.090594,1644,256
1765303581.092056,1645,256
1765303581.092743,1646,256
1765303581.094748,1647,256
1765303581.095199,1648,256
1765303581.096466,1649,256
1765303581.103110,1650,256
1765303581.110303,1651,256
1765303581.110447,1652,256
1765303581.119322,1653,256
1765303581.122112,1654,256
1765303581.125701,1655,256
1765303581.126830,1656,256
1765303581.131462,1657,256
1765303581.145451,1658,256
1765303581.145665,1659,256
1765303581.146065,1660,256
1765303581.146538,1661,256
1765303581.152142,1662,256
1765303581.156543,1663,256
1765303581.158443,1664,256
1765303581.165688,1665,256
1765303581.168092,1666,256
1765303581.168196,1667,256
1765303581.175312,1668,256
1765303581.180189,1669,256
1765303581.181436,1670,256
1765303581.187660,1671,256
1765303581.193775,1672,256
1765303581.195864,1673,256
1765303581.210514,1674,256
1765303581.211147,1675,256
1765303581.249516,1676,256
1765303581.250640,1677,256
1765303581.252059,1678,256
1765303581.252970,1679,256
1765303581.263663,1680,256
1765303581.264748,1681,256
1765303581.265528,1682,256
1765303581.281492,1683,256
1765303581.287079,1684,256
1765303581.292237,1685,256
1765303581.295656,1686,256
1765303581.299162,1687,256
1765303581.300820,1688,256
1765303581.305259,1689,256
1765303581.305570,1690,256
1765303581.308485,1691,256
1765303581.309471,1692,256
1765303581.316822,1693,256
1765303581.325438,1694,256
1765303581.325609,1695,256
1765303581.331119,1696,256
1765303581.335078,1697,256
1765303581.348881,1698,256
1765303581.357998,1699,256
1765303581.373467,1700,256
1765303581.384222,1701,256
1765303581.384738,1702,256
1765303581.396883,1703,256
1765303581.403584,1704,256
1765303581.404274,1705,256
1765303581.406112,1706,256
1765303581.411004,1707,256
1765303581.415864,1708,256
1765303581.419470,1709,256
1765303581.419833,1710,256
1765303581.421685,1711,256
1765303581.425860,1712,256
1765303581.429005,1713,256
1765303581.435579,1714,256
1765303581.447516,1715,256
1765303581.451038,1716,256
1765303581.453634,1717,256
1765303581.472142,1718,256
1765303581.478432,1719,256
1765303581.481671,1720,256
1765303581.481754,1721,256
1765303581.486236,1722,256
1765303581.486964,1723,256
1765303581.491608,1724,256
1765303581.492867,1725,256
1765303581.496001,1726,256
1765303581.508579,1727,256
1765303581.514768,1728,256
1765303581.517797,1729,256
1765303581.518794,1730,256
1765303581.528432,1731,256
1765303581.528923,1732,256
1765303581.538335,1733,256
1765303581.546188,1734,256
1765303581.548603,1735,256
1765303581.558117,1736,256
1765303581.560567,1737,256
1765303581.561387,1738,256
1765303581.582167,1739,256
1765303581.600029,1740,256
1765303581.601791,1741,256
1765303581.604787,1742,256
1765303581.605685,1743,256
1765303581.610729,1744,256
1765303581.624352,1745,256
1765303581.629730,1746,256
1765303581.633790,1747,256
1765303581.634413,1748,256
1765303581.634801,1749,256
1765303581.635919,1750,256
1765303581.642070,1751,256
1765303581.643548,1752,256
1765303581.644145,1753,256
1765303581.644424,1754,256
1765303581.644561,1755,256
1765303581.657793,1756,256
1765303581.659026,1757,256
1765303581.662128,1758,256
1765303581.670790,1759,256
1765303581.673390,1760,256
1765303581.674157,1761,256
1765303581.676547,1762,256
1765303581.678204,1763,256
1765303581.693726,1764,256
1765303581.702300,1765,256
1765303581.705248,1766,256
1765303581.711491,1767,256
1765303581.718879,1768,256
1765303581.724719,1769,256
1765303581.728097,1770,256
1765303581.738617,1771,256
1765303581.746032,1772,256
1765303581.746520,1773,256
1765303581.746894,1774,256
1765303581.747940,1775,256
1765303581.748015,1776,256
1765303581.749803,1777,256
1765303581.753225,1778,256
1765303581.759103,1779,256
1765303581.760138,1780,256
1765303581.762419,1781,256
1765303581.774633,1782,256
1765303581.778979,1783,256
1765303581.780388,1784,256
1765303581.784375,1785,256
1765303581.795920,1786,256
1765303581.796697,1787,256
1765303581.799016,1788,256
1765303581.801431,1789,256
1765303581.803366,1790,256
1765303581.806293,1791,256
1765303581.807112,1792,256
1765303581.814154,1793,256
1765303581.818308,1794,256
1765303581.819943,1795,256
1765303581.822141,1796,256
1765303581.825741,1797,256
1765303581.835910,1798,256
1765303581.847651,1799,256
1765303581.851357,1800,256
1765303581.851809,1801,256
1765303581.854246,1802,256
1765303581.856682,1803,256
1765303581.862031,1804,256
1765303581.873053,1805,256
1765303581.883475,1806,256
1765303581.890137,1807,256
1765303581.896092,1808,256
1765303581.909120,1809,256
1765303581.912682,1810,256
1765303581.920920,1811,256
1765303581.945317,1812,256
1765303581.946468,1813,256
1765303581.950978,1814,256
1765303581.951903,1815,256
1765303581.956437,1816,256
1765303581.958809,1817,256
1765303581.959653,1818,256
1765303581.965755,1819,256
1765303581.969994,1820,256
1765303581.978957,1821,256
1765303581.980336,1822,256
1765303581.981889,1823,256
1765303581.983030,1824,256
1765303581.988675,1825,256
1765303581.989994,1826,256
1765303581.996330,1827,256
1765303582.001954,1828,256
1765303582.002639,1829,256
1765303582.004153,1830,256
1765303582.006299,1831,256
1765303582.017589,1832,256
1765303582.019627,1833,256
1765303582.022087,1834,256
1765303582.022510,1835,256
1765303582.022722,1836,256
1765303582.025288,1837,256
1765303582.025428,1838,256
1765303582.030582,1839,256
1765303582.036780,1840,256
1765303582.038675,1841,256
1765303582.041392,1842,256
1765303582.046515,1843,256
1765303582.058401,1844,256
1765303582.068670,1845,256
1765303582.079694,1846,256
1765303582.081417,1847,256
1765303582.086314,1848,256
1765303582.094449,1849,256
1765303582.097250,1850,256
1765303582.101801,1851,256
1765303582.103229,1852,256
1765303582.106003,1853,256
1765303582.112317,1854,256
1765303582.117219,1855,256
1765303582.123931,1856,256
1765303582.130805,1857,256
1765303582.133761,1858,256
1765303582.135048,1859,256
1765303582.135149,1860,256
1765303582.137550,1861,256
1765303582.142092,1862,256
1765303582.147155,1863,256
1765303582.149577,1864,256
1765303582.150299,1865,256
1765303582.162375,1866,256
1765303582.172549,1867,256
1765303582.179012,1868,256
1765303582.182256,1869,256
1765303582.194688,1870,256
1765303582.202603,1871,256
1765303582.209912,1872,256
1765303582.212736,1873,256
1765303582.212862,1874,256
1765303582.215250,1875,256
1765303582.217665,1876,256
1765303582.223552,1877,256
1765303582.232008,1878,256
1765303582.232772,1879,256
1765303582.242588,1880,256
1765303582.245528,1881,256
1765303582.251485,1882,256
1765303582.257079,1883,256
1765303582.260538,1884,256
1765303582.269849,1885,256
1765303582.297941,1886,256
1765303582.300689,1887,256
1765303582.304826,1888,256
1765303582.312102,1889,256
1765303582.312273,1890,256
1765303582.315001,1891,256
1765303582.316082,1892,256
1765303582.317766,1893,256
1765303582.317872,1894,256
1765303582.323581,1895,256
1765303582.329792,1896,256
1765303582.329988,1897,256
1765303582.337342,1898,256
1765303582.339737,1899,256
1765303582.340099,1900,256
1765303582.344826,1901,256
1765303582.345340,1902,256
1765303582.364733,1903,256
1765303582.365868,1904,256
1765303582.373227,1905,256
1765303582.377227,1906,256
1765303582.388808,1907,256
1765303582.392528,1908,256
1765303582.393892,1909,256
1765303582.399693,1910,256
1765303582.400322,1911,256
1765303582.406746,1912,256
1765303582.407240,1913,256
1765303582.413391,1914,256
1765303582.413809,1915,256
1765303582.422564,1916,256
1765303582.431392,1917,256
1765303582.435594,1918,256
1765303582.456360,1919,256
1765303582.462428,1920,256
1765303582.464174,1921,256
1765303582.467191,1922,256
1765303582.468493,1923,256
1765303582.478874,1924,256
1765303582.480783,1925,256
1765303582.482583,1926,256
1765303582.485252,1927,256
1765303582.489329,1928,256
1765303582.489380,1929,256
1765303582.489595,1930,256
1765303582.492935,1931,256
1765303582.497887,1932,256
1765303582.498143,1933,256
1765303582.503962,1934,256
1765303582.505624,1935,256
1765303582.506109,1936,256
1765303582.520085,1937,256
1765303582.526848,1938,256
1765303582.528068,1939,256
1765303582.529478,1940,256
1765303582.534304,1941,256
1765303582.537595,1942,256
1765303582.542372,1943,256
1765303582.547977,1944,256
1765303582.550645,1945,256
1765303582.562050,1946,256
1765303582.562953,1947,256
1765303582.584094,1948,256
1765303582.585703,1949,256
1765303582.588418,1950,256
1765303582.594935,1951,256
1765303582.595457,1952,256
1765303582.600344,1953,256
1765303582.608726,1954,256
1765303582.616036,1955,256
1765303582.616513,1956,256
1765303582.617039,1957,256
1765303582.631341,1958,256
1765303582.633927,1959,256
1765303582.638416,1960,256
1765303582.642498,1961,256
1765303582.648209,1962,256
1765303582.651996,1963,256
1765303582.652968,1964,256
1765303582.656009,1965,256
1765303582.657122,1966,256
1765303582.664115,1967,256
1765303582.666159,1968,256
1765303582.669561,1969,256
1765303582.674918,1970,256
1765303582.674970,1971,256
1765303582.675670,1972,256
1765303582.676913,1973,256
1765303582.678471,1974,256
1765303582.678941,1975,256
1765303582.688501,1976,256
1765303582.691785,1977,256
1765303582.697402,1978,256
1765303582.700815,1979,256
1765303582.703146,1980,256
1765303582.716527,1981,256
1765303582.721617,1982,256
1765303582.721936,1983,256
1765303582.722592,1984,256
1765303582.723846,1985,256
1765303582.725795,1986,256
1765303582.736400,1987,256
1765303582.740284,1988,256
1765303582.746877,1989,256
1765303582.750807,1990,256
1765303582.762793,1991,256
1765303582.772519,1992,256
1765303582.781581,1993,256
1765303582.782122,1994,256
1765303582.784877,1995,256
1765303582.786154,1996,256
1765303582.792848,1997,256
1765303582.798942,1998,256
1765303582.799395,1999,256
1765303582.806366,2000,256
1765303582.808767,2001,256
1765303582.816874,2002,256
1765303582.824464,2003,256
1765303582.834658,2004,256
1765303582.837778,2005,256
1765303582.841550,2006,256
1765303582.844224,2007,256
1765303582.847543,2008,256
1765303582.861521,2009,256
1765303582.862943,2010,256
1765303582.867845,2011,256
1765303582.874308,2012,256
1765303582.880501,2013,256
1765303582.882380,2014,256
1765303582.890371,2015,256
1765303582.905749,2016,256
1765303582.909963,2017,256
1765303582.925009,2018,256
1765303582.929753,2019,256
1765303582.932783,2020,256
1765303582.935097,2021,256
1765303582.935235,2022,256
1765303582.936811,2023,256
1765303582.940880,2024,256
1765303582.948927,2025,256
1765303582.959332,2026,256
1765303582.972054,2027,256
1765303582.982198,2028,256
1765303582.982924,2029,256
1765303582.989372,2030,256
1765303582.991503,2031,256
1765303582.993429,2032,256
1765303582.993885,2033,256
1765303583.003443,2034,256
1765303583.008103,2035,256
1765303583.018626,2036,256
1765303583.019538,2037,256
1765303583.026904,2038,256
1765303583.039725,2039,256
1765303583.045871,2040,256
1765303583.048933,2041,256
1765303583.051417,2042,256
1765303583.053054,2043,256
1765303583.060187,2044,256
1765303583.063691,2045,256
1765303583.069931,2046,256
1765303583.071749,2047,256
1765303583.076959,2048,256
1765303583.086745,2049,256
1765303583.087013,2050,256
1765303583.090542,2051,256
1765303583.091201,2052,256
1765303583.096275,2053,256
1765303583.097124,2054,256
1765303583.099840,2055,256
1765303583.102843,2056,256
1765303583.103132,2057,256
1765303583.105633,2058,256
1765303583.113953,2059,256
1765303583.123966,2060,256
1765303583.131086,2061,256
1765303583.131963,2062,256
1765303583.132605,2063,256
1765303583.134031,2064,256
1765303583.151659,2065,256
1765303583.152069,2066,256
1765303583.156025,2067,256
1765303583.156223,2068,256
1765303583.170249,2069,256
1765303583.181303,2070,256
1765303583.181583,2071,256
1765303583.187604,2072,256
1765303583.193146,2073,256
1765303583.195607,2074,256
1765303583.199180,2075,256
1765303583.200195,2076,256
1765303583.203271,2077,256
1765303583.206602,2078,256
1765303583.207636,2079,256
1765303583.223313,2080,256
1765303583.223784,2081,256
1765303583.227149,2082,256
1765303583.232674,2083,256
1765303583.233270,2084,256
1765303583.236439,2085,256
1765303583.246861,2086,256
1765303583.273535,2087,256
1765303583.276133,2088,256
1765303583.281282,2089,256
1765303583.287448,2090,256
1765303583.289202,2091,256
1765303583.292047,2092,256
1765303583.294184,2093,256
1765303583.300858,2094,256
1765303583.301000,2095,256
1765303583.306563,2096,256
1765303583.308580,2097,256
1765303583.315022,2098,256
1765303583.316553,2099,256
1765303583.322777,2100,256
1765303583.339955,2101,256
1765303583.342464,2102,256
1765303583.343419,2103,256
1765303583.348495,2104,256
1765303583.364437,2105,256
1765303583.382191,2106,256
1765303583.415683,2107,256
1765303583.416801,2108,256
1765303583.420191,2109,256
1765303583.422413,2110,256
1765303583.430945,2111,256
1765303583.439009,2112,256
1765303583.439970,2113,256
1765303583.440176,2114,256
1765303583.449450,2115,256
1765303583.453530,2116,256
1765303583.462302,2117,256
1765303583.465744,2118,256
1765303583.468357,2119,256
1765303583.474091,2120,256
1765303583.477146,2121,256
1765303583.477177,2122,256
1765303583.494068,2123,256
1765303583.494452,2124,256
1765303583.495181,2125,256
1765303583.504277,2126,256
1765303583.504369,2127,256
1765303583.505315,2128,256
1765303583.519671,2129,256
1765303583.522797,2130,256
1765303583.538685,2131,256
1765303583.543620,2132,256
1765303583.547810,2133,256
1765303583.557139,2134,256
1765303583.559394,2135,256
1765303583.562409,2136,256
1765303583.577727,2137,256
1765303583.579682,2138,256
1765303583.586082,2139,256
1765303583.596889,2140,256
1765303583.597440,2141,256
1765303583.600861,2142,256
1765303583.611059,2143,256
1765303583.625741,2144,256
1765303583.627498,2145,256
1765303583.629829,2146,256
1765303583.641748,2147,256
1765303583.648456,2148,256
1765303583.651355,2149,256
1765303583.664257,2150,256
1765303583.666663,2151,256
1765303583.667377,2152,256
1765303583.670964,2153,256
1765303583.673978,2154,256
1765303583.675818,2155,256
1765303583.687931,2156,256
1765303583.692133,2157,256
1765303583.692459,2158,256
1765303583.692877,2159,256
1765303583.698586,2160,256
1765303583.714064,2161,256
1765303583.722803,2162,256
1765303583.727744,2163,256
1765303583.734723,2164,256
1765303583.739456,2165,256
1765303583.755357,2166,256
1765303583.757078,2167,256
1765303583.763542,2168,256
1765303583.767729,2169,256
1765303583.768116,2170,256
1765303583.768908,2171,256
1765303583.769307,2172,256
1765303583.771555,2173,256
1765303583.779598,2174,256
1765303583.782097,2175,256
1765303583.788419,2176,256
1765303583.789456,2177,256
1765303583.802551,2178,256
1765303583.804589,2179,256
1765303583.807413,2180,256
1765303583.811127,2181,256
1765303583.814521,2182,256
1765303583.815622,2183,256
1765303583.815861,2184,256
1765303583.831239,2185,256
1765303583.841365,2186,256
1765303583.843586,2187,256
1765303583.846119,2188,256
1765303583.854766,2189,256
1765303583.858949,2190,256
1765303583.861115,2191,256
1765303583.866158,2192,256
1765303583.867136,2193,256
1765303583.873768,2194,256
1765303583.877392,2195,256
1765303583.878682,2196,256
1765303583.880188,2197,256
1765303583.883785,2198,256
1765303583.885481,2199,256
1765303583.888201,2200,256
1765303583.888402,2201,256
1765303583.890993,2202,256
1765303583.893392,2203,256
1765303583.901607,2204,256
1765303583.902174,2205,256
1765303583.904185,2206,256
1765303583.907748,2207,256
1765303583.910162,2208,256
1765303583.917314,2209,256
1765303583.920200,2210,256
1765303583.921427,2211,256
1765303583.925913,2212,256
1765303583.926729,2213,256
1765303583.932193,2214,256
1765303583.937424,2215,256
1765303583.939065,2216,256
1765303583.943941,2217,256
1765303583.944449,2218,256
1765303583.945221,2219,256
1765303583.954775,2220,256
1765303583.963552,2221,256
1765303583.967292,2222,256
1765303583.974134,2223,256
1765303583.988488,2224,256
1765303583.993266,2225,256
1765303583.997847,2226,256
1765303584.005411,2227,256
1765303584.025093,2228,256
1765303584.031578,2229,256
1765303584.040619,2230,256
1765303584.052652,2231,256
1765303584.059082,2232,256
1765303584.076673,2233,256
1765303584.078817,2234,256
1765303584.079899,2235,256
1765303584.081839,2236,256
1765303584.083328,2237,256
1765303584.093997,2238,256
1765303584.095847,2239,256
1765303584.098639,2240,256
1765303584.112344,2241,256
1765303584.116874,2242,256
1765303584.119179,2243,256
1765303584.120942,2244,256
1765303584.121180,2245,256
1765303584.135741,2246,256
1765303584.142662,2247,256
1765303584.149593,2248,256
1765303584.153583,2249,256
1765303584.154302,2250,256
1765303584.163496,2251,256
1765303584.168403,2252,256
1765303584.175887,2253,256
1765303584.190590,2254,256
1765303584.194932,2255,256
1765303584.195348,2256,256
1765303584.198868,2257,256
1765303584.205342,2258,256
1765303584.208321,2259,256
1765303584.210233,2260,256
1765303584.231650,2261,256
1765303584.233120,2262,256
1765303584.234821,2263,256
1765303584.235696,2264,256
1765303584.243693,2265,256
1765303584.246409,2266,256
1765303584.249832,2267,256
1765303584.253289,2268,256
1765303584.260389,2269,256
1765303584.271425,2270,256
1765303584.274101,2271,256
1765303584.295160,2272,256
1765303584.300194,2273,256
1765303584.311398,2274,256
1765303584.311492,2275,256
1765303584.314450,2276,256
1765303584.315810,2277,256
1765303584.321302,2278,256
1765303584.327343,2279,256
1765303584.331020,2280,256
1765303584.336835,2281,256
1765303584.339857,2282,256
1765303584.347573,2283,256
1765303584.350801,2284,256
1765303584.355452,2285,256
1765303584.357158,2286,256
1765303584.358891,2287,256
1765303584.359170,2288,256
1765303584.363650,2289,256
1765303584.368392,2290,256
1765303584.385647,2291,256
1765303584.387697,2292,256
1765303584.395042,2293,256
1765303584.407180,2294,256
1765303584.410280,2295,256
1765303584.415579,2296,256
1765303584.415691,2297,256
1765303584.420926,2298,256
1765303584.447688,2299,256
1765303584.451007,2300,256
1765303584.462735,2301,256
1765303584.464413,2302,256
1765303584.495271,2303,256
1765303584.502725,2304,256
1765303584.510928,2305,256
1765303584.527292,2306,256
1765303584.530248,2307,256
1765303584.531932,2308,256
1765303584.547323,2309,256
1765303584.547406,2310,256
1765303584.562691,2311,256
1765303584.565719,2312,256
1765303584.572806,2313,256
1765303584.574217,2314,256
1765303584.574525,2315,256
1765303584.576388,2316,256
1765303584.577770,2317,256
1765303584.577941,2318,256
1765303584.581853,2319,256
1765303584.587868,2320,256
1765303584.609577,2321,256
1765303584.613551,2322,256
1765303584.613598,2323,256
1765303584.613703,2324,256
1765303584.623919,2325,256
1765303584.630530,2326,256
1765303584.631648,2327,256
1765303584.631692,2328,256
1765303584.635420,2329,256
1765303584.645225,2330,256
1765303584.646577,2331,256
1765303584.661883,2332,256
1765303584.664479,2333,256
1765303584.675287,2334,256
1765303584.677579,2335,256
1765303584.689433,2336,256
1765303584.690887,2337,256
1765303584.693934,2338,256
1765303584.695806,2339,256
1765303584.696402,2340,256
1765303584.698980,2341,256
1765303584.703053,2342,256
1765303584.703526,2343,256
1765303584.709616,2344,256
1765303584.716867,2345,256
1765303584.729082,2346,256
1765303584.729189,2347,256
1765303584.734581,2348,256
1765303584.739682,2349,256
1765303584.744017,2350,256
1765303584.744792,2351,256
1765303584.745597,2352,256
1765303584.764039,2353,256
1765303584.768333,2354,256
1765303584.772198,2355,256
1765303584.781568,2356,256
1765303584.783092,2357,256
1765303584.809219,2358,256
1765303584.814731,2359,256
1765303584.817089,2360,256
1765303584.817420,2361,256
1765303584.820091,2362,256
1765303584.821823,2363,256
1765303584.825338,2364,256
1765303584.828981,2365,256
1765303584.829982,2366,256
1765303584.830053,2367,256
1765303584.831579,2368,256
1765303584.832550,2369,256
1765303584.839134,2370,256
1765303584.846594,2371,256
1765303584.847009,2372,256
1765303584.848005,2373,256
1765303584.862295,2374,256
1765303584.862453,2375,256
1765303584.864046,2376,256
1765303584.865531,2377,256
1765303584.868239,2378,256
1765303584.871222,2379,256
1765303584.871959,2380,256
1765303584.874107,2381,256
1765303584.880832,2382,256
1765303584.884281,2383,256
1765303584.885031,2384,256
1765303584.886725,2385,256
1765303584.897216,2386,256
1765303584.898258,2387,256
1765303584.909600,2388,256
1765303584.911892,2389,256
1765303584.920861,2390,256
1765303584.921476,2391,256
1765303584.921541,2392,256
1765303584.924566,2393,256
1765303584.932212,2394,256
1765303584.942786,2395,256
1765303584.946941,2396,256
1765303584.947336,2397,256
1765303584.954061,2398,256
1765303584.960909,2399,256
1765303584.975561,2400,256
1765303584.998226,2401,256
1765303585.003127,2402,256
1765303585.005571,2403,256
1765303585.013735,2404,256
1765303585.014843,2405,256
1765303585.020088,2406,256
1765303585.022269,2407,256
1765303585.024773,2408,256
1765303585.030098,2409,256
1765303585.030240,2410,256
1765303585.034033,2411,256
1765303585.036113,2412,256
1765303585.036749,2413,256
1765303585.041571,2414,256
1765303585.046372,2415,256
1765303585.047595,2416,256
1765303585.049672,2417,256
1765303585.054013,2418,256
1765303585.055969,2419,256
1765303585.059325,2420,256
1765303585.059621,2421,256
1765303585.067622,2422,256
1765303585.068981,2423,256
1765303585.070415,2424,256
1765303585.073568,2425,256
1765303585.073847,2426,256
1765303585.076026,2427,256
1765303585.078466,2428,256
1765303585.080203,2429,256
1765303585.083078,2430,256
1765303585.086336,2431,256
1765303585.088163,2432,256
1765303585.090267,2433,256
1765303585.108412,2434,256
1765303585.114415,2435,256
1765303585.114753,2436,256
1765303585.115680,2437,256
1765303585.116405,2438,256
1765303585.118801,2439,256
1765303585.119446,2440,256
1765303585.122056,2441,256
1765303585.124859,2442,256
1765303585.128464,2443,256
1765303585.131124,2444,256
1765303585.134510,2445,256
1765303585.137099,2446,256
1765303585.154109,2447,256
1765303585.154279,2448,256
1765303585.155696,2449,256
1765303585.159382,2450,256
1765303585.166081,2451,256
1765303585.166988,2452,256
1765303585.185614,2453,256
1765303585.195231,2454,256
1765303585.195787,2455,256
1765303585.211082,2456,256
1765303585.221829,2457,256
1765303585.222811,2458,256
1765303585.237460,2459,256
1765303585.238489,2460,256
1765303585.239056,2461,256
1765303585.243628,2462,256
1765303585.246002,2463,256
1765303585.250439,2464,256
1765303585.251737,2465,256
1765303585.256628,2466,256
1765303585.257622,2467,256
1765303585.257946,2468,256
1765303585.267553,2469,256
1765303585.267811,2470,256
1765303585.273791,2471,256
1765303585.276974,2472,256
1765303585.279672,2473,256
1765303585.282968,2474,256
1765303585.290688,2475,256
1765303585.291967,2476,256
1765303585.292817,2477,256
1765303585.296250,2478,256
1765303585.300688,2479,256
1765303585.301257,2480,256
1765303585.305978,2481,256
1765303585.306138,2482,256
1765303585.307322,2483,256
1765303585.313484,2484,256
1765303585.319803,2485,256
1765303585.328498,2486,256
1765303585.330154,2487,256
1765303585.334176,2488,256
1765303585.340973,2489,256
1765303585.344650,2490,256
1765303585.345287,2491,256
1765303585.354697,2492,256
1765303585.361270,2493,256
1765303585.365867,2494,256
1765303585.371556,2495,256
1765303585.371855,2496,256
1765303585.379407,2497,256
1765303585.382538,2498,256
1765303585.385576,2499,256
1765303585.391634,2500,256
1765303585.392584,2501,256
1765303585.394478,2502,256
1765303585.395303,2503,256
1765303585.399761,2504,256
1765303585.409345,2505,256
1765303585.420767,2506,256
1765303585.420845,2507,256
1765303585.433867,2508,256
1765303585.435953,2509,256
1765303585.437482,2510,256
1765303585.443218,2511,256
1765303585.446694,2512,256
1765303585.447019,2513,256
1765303585.455130,2514,256
1765303585.456380,2515,256
1765303585.460646,2516,256
1765303585.461119,2517,256
1765303585.469998,2518,256
1765303585.472863,2519,256
1765303585.477078,2520,256
1765303585.484756,2521,256
1765303585.487631,2522,256
1765303585.495310,2523,256
1765303585.495802,2524,256
1765303585.498549,2525,256
1765303585.499219,2526,256
1765303585.510213,2527,256
1765303585.511504,2528,256
1765303585.514388,2529,256
1765303585.516207,2530,256
1765303585.516745,2531,256
1765303585.523292,2532,256
1765303585.523755,2533,256
1765303585.526186,2534,256
1765303585.531976,2535,256
1765303585.533612,2536,256
1765303585.537586,2537,256
1765303585.540075,2538,256
1765303585.552734,2539,256
1765303585.563805,2540,256
1765303585.566339,2541,256
1765303585.569236,2542,256
1765303585.574824,2543,256
1765303585.578165,2544,256
1765303585.578694,2545,256
1765303585.589699,2546,256
1765303585.590262,2547,256
1765303585.596054,2548,256
1765303585.601234,2549,256
1765303585.602873,2550,256
1765303585.603004,2551,256
1765303585.606418,2552,256
1765303585.615341,2553,256
1765303585.615509,2554,256
1765303585.625457,2555,256
1765303585.633782,2556,256
1765303585.638505,2557,256
1765303585.639349,2558,256
1765303585.666998,2559,256
1765303585.668348,2560,256
1765303585.669474,2561,256
1765303585.671247,2562,256
1765303585.677905,2563,256
1765303585.679386,2564,256
1765303585.681122,2565,256
1765303585.683143,2566,256
1765303585.684836,2567,256
1765303585.691995,2568,256
1765303585.695111,2569,256
1765303585.699386,2570,256
1765303585.700513,2571,256
1765303585.701246,2572,256
1765303585.703890,2573,256
1765303585.705686,2574,256
1765303585.706784,2575,256
1765303585.711567,2576,256
1765303585.712552,2577,256
1765303585.715552,2578,256
1765303585.719682,2579,256
1765303585.724115,2580,256
1765303585.725635,2581,256
1765303585.725984,2582,256
1765303585.740040,2583,256
1765303585.741324,2584,256
1765303585.742767,2585,256
1765303585.752388,2586,256
1765303585.753312,2587,256
1765303585.760292,2588,256
1765303585.764984,2589,256
1765303585.765184,2590,256
1765303585.770555,2591,256
1765303585.802946,2592,256
1765303585.803218,2593,256
1765303585.807875,2594,256
1765303585.823671,2595,256
1765303585.825204,2596,256
1765303585.825304,2597,256
1765303585.829938,2598,256
1765303585.835648,2599,256
1765303585.839473,2600,256
1765303585.846292,2601,256
1765303585.849019,2602,256
1765303585.855334,2603,256
1765303585.859813,2604,256
1765303585.867093,2605,256
1765303585.874104,2606,256
1765303585.879216,2607,256
1765303585.888850,2608,256
1765303585.889525,2609,256
1765303585.895734,2610,256
1765303585.896396,2611,256
1765303585.898890,2612,256
1765303585.899884,2613,256
1765303585.902442,2614,256
1765303585.910563,2615,256
1765303585.919749,2616,256
1765303585.927959,2617,256
1765303585.928076,2618,256
1765303585.933649,2619,256
1765303585.935959,2620,256
1765303585.936177,2621,256
1765303585.937816,2622,256
1765303585.938615,2623,256
1765303585.941980,2624,256
1765303585.942233,2625,256
1765303585.950759,2626,256
1765303585.961984,2627,256
1765303585.962726,2628,256
1765303585.969867,2629,256
1765303585.976198,2630,256
1765303585.981337,2631,256
1765303585.986476,2632,256
1765303585.988656,2633,256
1765303586.001594,2634,256
1765303586.006068,2635,256
1765303586.007631,2636,256
1765303586.008755,2637,256
1765303586.012188,2638,256
1765303586.018357,2639,256
1765303586.018517,2640,256
1765303586.024828,2641,256
1765303586.026390,2642,256
1765303586.028189,2643,256
1765303586.030081,2644,256
1765303586.030274,2645,256
1765303586.043689,2646,256
1765303586.046086,2647,256
1765303586.050009,2648,256
1765303586.052092,2649,256
1765303586.059909,2650,256
1765303586.067320,2651,256
1765303586.074047,2652,256
1765303586.081365,2653,256
1765303586.083752,2654,256
1765303586.096892,2655,256
1765303586.100599,2656,256
1765303586.101145,2657,256
1765303586.116395,2658,256
1765303586.120825,2659,256
1765303586.129547,2660,256
1765303586.135334,2661,256
1765303586.139768,2662,256
1765303586.144231,2663,256
1765303586.146823,2664,256
1765303586.155469,2665,256
1765303586.157688,2666,256
1765303586.160169,2667,256
1765303586.179894,2668,256
1765303586.194096,2669,256
1765303586.199951,2670,256
1765303586.205218,2671,256
1765303586.216601,2672,256
1765303586.218626,2673,256
1765303586.225334,2674,256
1765303586.225908,2675,256
1765303586.230010,2676,256
1765303586.233803,2677,256
1765303586.240248,2678,256
1765303586.241333,2679,256
1765303586.248844,2680,256
1765303586.251836,2681,256
1765303586.252572,2682,256
1765303586.260862,2683,256
1765303586.264237,2684,256
1765303586.267425,2685,256
1765303586.280177,2686,256
1765303586.285748,2687,256
1765303586.287491,2688,256
1765303586.291660,2689,256
1765303586.294135,2690,256
1765303586.301344,2691,256
1765303586.303999,2692,256
1765303586.304939,2693,256
1765303586.307601,2694,256
1765303586.308036,2695,256
1765303586.310819,2696,256
1765303586.311168,2697,256
1765303586.314606,2698,256
1765303586.323519,2699,256
1765303586.326990,2700,256
1765303586.327280,2701,256
1765303586.330068,2702,256
1765303586.330833,2703,256
1765303586.335869,2704,256
1765303586.337207,2705,256
1765303586.337834,2706,256
1765303586.350927,2707,256
1765303586.359518,2708,256
1765303586.367619,2709,256
1765303586.384418,2710,256
1765303586.394166,2711,256
1765303586.396138,2712,256
1765303586.396222,2713,256
1765303586.397156,2714,256
1765303586.423665,2715,256
1765303586.423943,2716,256
1765303586.431309,2717,256
1765303586.438275,2718,256
1765303586.442420,2719,256
1765303586.451550,2720,256
1765303586.453596,2721,256
1765303586.455145,2722,256
1765303586.455810,2723,256
1765303586.460383,2724,256
1765303586.465463,2725,256
1765303586.468753,2726,256
1765303586.470748,2727,256
1765303586.486919,2728,256
1765303586.487165,2729,256
1765303586.488256,2730,256
1765303586.491083,2731,256
1765303586.495621,2732,256
1765303586.501213,2733,256
1765303586.501307,2734,256
1765303586.505526,2735,256
1765303586.505837,2736,256
1765303586.505891,2737,256
1765303586.506001,2738,256
1765303586.507077,2739,256
1765303586.519662,2740,256
1765303586.538100,2741,256
1765303586.542907,2742,256
1765303586.547015,2743,256
1765303586.563915,2744,256
1765303586.573654,2745,256
1765303586.581162,2746,256
1765303586.586206,2747,256
1765303586.586396,2748,256
1765303586.591701,2749,256
1765303586.592373,2750,256
1765303586.594454,2751,256
1765303586.596646,2752,256
1765303586.600021,2753,256
1765303586.615389,2754,256
1765303586.616602,2755,256
1765303586.616629,2756,256
1765303586.617930,2757,256
1765303586.627633,2758,256
1765303586.628222,2759,256
1765303586.629911,2760,256
1765303586.640183,2761,256
1765303586.649644,2762,256
1765303586.651178,2763,256
1765303586.656297,2764,256
1765303586.660988,2765,256
1765303586.667743,2766,256
1765303586.668495,2767,256
1765303586.669980,2768,256
1765303586.685220,2769,256
1765303586.688905,2770,256
1765303586.693155,2771,256
1765303586.695618,2772,256
1765303586.702020,2773,256
1765303586.716418,2774,256
1765303586.716601,2775,256
1765303586.716868,2776,256
1765303586.717664,2777,256
1765303586.730961,2778,256
1765303586.733920,2779,256
1765303586.734759,2780,256
1765303586.736023,2781,256
1765303586.738012,2782,256
1765303586.742769,2783,256
1765303586.744324,2784,256
1765303586.745009,2785,256
1765303586.752115,2786,256
1765303586.754126,2787,256
1765303586.754209,2788,256
1765303586.754391,2789,256
1765303586.764120,2790,256
1765303586.772341,2791,256
1765303586.789312,2792,256
1765303586.798511,2793,256
1765303586.801225,2794,256
1765303586.803307,2795,256
1765303586.809886,2796,256
1765303586.809974,2797,256
1765303586.821900,2798,256
1765303586.822415,2799,256
1765303586.825632,2800,256
1765303586.827242,2801,256
1765303586.828871,2802,256
1765303586.835083,2803,256
1765303586.843066,2804,256
1765303586.844157,2805,256
1765303586.847456,2806,256
1765303586.848879,2807,256
1765303586.849576,2808,256
1765303586.853979,2809,256
1765303586.856095,2810,256
1765303586.863242,2811,256
1765303586.864051,2812,256
1765303586.865069,2813,256
1765303586.867134,2814,256
1765303586.882706,2815,256
1765303586.889695,2816,256
1765303586.890790,2817,256
1765303586.893368,2818,256
1765303586.894204,2819,256
1765303586.895946,2820,256
1765303586.898622,2821,256
1765303586.909586,2822,256
1765303586.909680,2823,256
1765303586.910253,2824,256
1765303586.911777,2825,256
1765303586.919208,2826,256
1765303586.920615,2827,256
1765303586.934350,2828,256
1765303586.934729,2829,256
1765303586.950185,2830,256
1765303586.950628,2831,256
1765303586.952683,2832,256
1765303586.966504,2833,256
1765303586.968997,2834,256
1765303586.974219,2835,256
1765303586.980928,2836,256
1765303586.985759,2837,256
1765303586.996050,2838,256
1765303586.999032,2839,256
1765303587.015092,2840,256
1765303587.028964,2841,256
1765303587.030500,2842,256
1765303587.035143,2843,256
1765303587.037049,2844,256
1765303587.046815,2845,256
1765303587.048889,2846,256
1765303587.050394,2847,256
1765303587.073010,2848,256
1765303587.079648,2849,256
1765303587.085308,2850,256
1765303587.091261,2851,256
1765303587.097665,2852,256
1765303587.098356,2853,256
1765303587.101530,2854,256
1765303587.102370,2855,256
1765303587.109638,2856,256
1765303587.109782,2857,256
1765303587.123202,2858,256
1765303587.125341,2859,256
1765303587.132815,2860,256
1765303587.134474,2861,256
1765303587.137010,2862,256
1765303587.142430,2863,256
1765303587.151973,2864,256
1765303587.154729,2865,256
1765303587.157846,2866,256
1765303587.163737,2867,256
1765303587.167363,2868,256
1765303587.168864,2869,256
1765303587.172528,2870,256
1765303587.179835,2871,256
1765303587.184008,2872,256
1765303587.185761,2873,256
1765303587.186458,2874,256
1765303587.186888,2875,256
1765303587.187702,2876,256
1765303587.188371,2877,256
1765303587.190629,2878,256
1765303587.200189,2879,256
1765303587.202052,2880,256
1765303587.213016,2881,256
1765303587.213938,2882,256
1765303587.221320,2883,256
1765303587.228591,2884,256
1765303587.232749,2885,256
1765303587.233879,2886,256
1765303587.237557,2887,256
1765303587.237679,2888,256
1765303587.246011,2889,256
1765303587.248312,2890,256
1765303587.252936,2891,256
1765303587.254175,2892,256
1765303587.255613,2893,256
1765303587.267305,2894,256
1765303587.271210,2895,256
1765303587.271491,2896,256
1765303587.272018,2897,256
1765303587.278997,2898,256
1765303587.280427,2899,256
1765303587.281119,2900,256
1765303587.286899,2901,256
1765303587.295218,2902,256
1765303587.297575,2903,256
1765303587.299093,2904,256
1765303587.307977,2905,256
1765303587.310948,2906,256
1765303587.311932,2907,256
1765303587.314181,2908,256
1765303587.322569,2909,256
1765303587.323641,2910,256
1765303587.328281,2911,256
1765303587.337264,2912,256
1765303587.348125,2913,256
1765303587.349143,2914,256
1765303587.352816,2915,256
1765303587.369758,2916,256
1765303587.382073,2917,256
1765303587.387424,2918,256
1765303587.393149,2919,256
1765303587.393829,2920,256
1765303587.405883,2921,256
1765303587.407337,2922,256
1765303587.409965,2923,256
1765303587.417669,2924,256
1765303587.418892,2925,256
1765303587.425647,2926,256
1765303587.432859,2927,256
1765303587.433519,2928,256
1765303587.434231,2929,256
1765303587.448092,2930,256
1765303587.451349,2931,256
1765303587.458740,2932,256
1765303587.459812,2933,256
1765303587.460400,2934,256
1765303587.467798,2935,256
1765303587.474233,2936,256
1765303587.474555,2937,256
1765303587.480258,2938,256
1765303587.485684,2939,256
1765303587.492839,2940,256
1765303587.496661,2941,256
1765303587.497319,2942,256
1765303587.503156,2943,256
1765303587.506284,2944,256
1765303587.512520,2945,256
1765303587.514760,2946,256
1765303587.526969,2947,256
1765303587.527249,2948,256
1765303587.532646,2949,256
1765303587.538895,2950,256
1765303587.540516,2951,256
1765303587.542552,2952,256
1765303587.548444,2953,256
1765303587.551081,2954,256
1765303587.552034,2955,256
1765303587.553050,2956,256
1765303587.556965,2957,256
1765303587.559395,2958,256
1765303587.560918,2959,256
1765303587.584612,2960,256
1765303587.585978,2961,256
1765303587.590577,2962,256
1765303587.592192,2963,256
1765303587.593677,2964,256
1765303587.596438,2965,256
1765303587.608795,2966,256
1765303587.610119,2967,256
1765303587.610262,2968,256
1765303587.621758,2969,256
1765303587.625016,2970,256
1765303587.626019,2971,256
1765303587.627950,2972,256
1765303587.631322,2973,256
1765303587.636672,2974,256
1765303587.654798,2975,256
1765303587.661446,2976,256
1765303587.671738,2977,256
1765303587.674219,2978,256
1765303587.676816,2979,256
1765303587.691140,2980,256
1765303587.699387,2981,256
1765303587.706165,2982,256
1765303587.706624,2983,256
1765303587.707009,2984,256
1765303587.708855,2985,256
1765303587.709293,2986,256
1765303587.709474,2987,256
1765303587.715230,2988,256
1765303587.720084,2989,256
1765303587.720276,2990,256
1765303587.725852,2991,256
1765303587.729003,2992,256
1765303587.729746,2993,256
1765303587.730858,2994,256
1765303587.734936,2995,256
1765303587.740817,2996,256
1765303587.750817,2997,256
1765303587.755558,2998,256
1765303587.760209,2999,256
1765303587.763235,3000,256
1765303587.769566,3001,256
1765303587.789567,3002,256
1765303587.793878,3003,256
1765303587.801223,3004,256
1765303587.812189,3005,256
1765303587.813414,3006,256
1765303587.816971,3007,256
1765303587.828245,3008,256
1765303587.831758,3009,256
1765303587.834409,3010,256
1765303587.840358,3011,256
1765303587.842082,3012,256
1765303587.851953,3013,256
1765303587.852274,3014,256
1765303587.862327,3015,256
1765303587.865734,3016,256
1765303587.872155,3017,256
1765303587.872726,3018,256
1765303587.873725,3019,256
1765303587.877008,3020,256
1765303587.881020,3021,256
1765303587.898046,3022,256
1765303587.901813,3023,256
1765303587.906841,3024,256
1765303587.918803,3025,256
1765303587.919148,3026,256
1765303587.919323,3027,256
1765303587.924971,3028,256
1765303587.925593,3029,256
1765303587.929628,3030,256
1765303587.933766,3031,256
1765303587.939854,3032,256
1765303587.948232,3033,256
1765303587.951335,3034,256
1765303587.952167,3035,256
1765303587.957098,3036,256
1765303587.958138,3037,256
1765303587.958323,3038,256
1765303587.962137,3039,256
1765303587.981280,3040,256
1765303587.981491,3041,256
1765303587.986412,3042,256
1765303587.989076,3043,256
1765303587.992844,3044,256
1765303587.993162,3045,256
1765303588.005332,3046,256
1765303588.030436,3047,256
1765303588.036372,3048,256
1765303588.037818,3049,256
1765303588.041285,3050,256
1765303588.067996,3051,256
1765303588.076609,3052,256
1765303588.079744,3053,256
1765303588.081482,3054,256
1765303588.087211,3055,256
1765303588.089240,3056,256
1765303588.109398,3057,256
1765303588.115103,3058,256
1765303588.117368,3059,256
1765303588.118435,3060,256
1765303588.131866,3061,256
1765303588.138463,3062,256
1765303588.141105,3063,256
1765303588.151949,3064,256
1765303588.168250,3065,256
1765303588.184740,3066,256
1765303588.187706,3067,256
1765303588.196547,3068,256
1765303588.201460,3069,256
1765303588.207952,3070,256
1765303588.213075,3071,256
1765303588.213176,3072,256
1765303588.214872,3073,256
1765303588.217944,3074,256
1765303588.221536,3075,256
1765303588.233070,3076,256
1765303588.235820,3077,256
1765303588.239467,3078,256
1765303588.241339,3079,256
1765303588.244746,3080,256
1765303588.250737,3081,256
1765303588.251433,3082,256
1765303588.260278,3083,256
1765303588.263861,3084,256
1765303588.265113,3085,256
1765303588.267776,3086,256
1765303588.285174,3087,256
1765303588.293201,3088,256
1765303588.301583,3089,256
1765303588.302225,3090,256
1765303588.304831,3091,256
1765303588.309665,3092,256
1765303588.310143,3093,256
1765303588.316634,3094,256
1765303588.330397,3095,256
1765303588.339290,3096,256
1765303588.339833,3097,256
1765303588.342244,3098,256
1765303588.352153,3099,256
1765303588.355177,3100,256
1765303588.355428,3101,256
1765303588.357791,3102,256
1765303588.384498,3103,256
1765303588.395097,3104,256
1765303588.399020,3105,256
1765303588.408684,3106,256
1765303588.411161,3107,256
1765303588.415611,3108,256
1765303588.415942,3109,256
1765303588.415991,3110,256
1765303588.421215,3111,256
1765303588.439493,3112,256
1765303588.440252,3113,256
1765303588.440290,3114,256
1765303588.443014,3115,256
1765303588.443347,3116,256
1765303588.454091,3117,256
1765303588.454309,3118,256
1765303588.458572,3119,256
1765303588.464539,3120,256
1765303588.475276,3121,256
1765303588.483372,3122,256
1765303588.491851,3123,256
1765303588.497536,3124,256
1765303588.501660,3125,256
1765303588.505806,3126,256
1765303588.506281,3127,256
1765303588.515883,3128,256
1765303588.518380,3129,256
1765303588.521006,3130,256
1765303588.522499,3131,256
1765303588.523878,3132,256
1765303588.524204,3133,256
1765303588.533861,3134,256
1765303588.542684,3135,256
1765303588.561554,3136,256
1765303588.562148,3137,256
1765303588.574167,3138,256
1765303588.584848,3139,256
1765303588.593034,3140,256
1765303588.594646,3141,256
1765303588.596129,3142,256
1765303588.596990,3143,256
1765303588.608671,3144,256
1765303588.608856,3145,256
1765303588.619666,3146,256
1765303588.621178,3147,256
1765303588.630563,3148,256
1765303588.631840,3149,256
1765303588.636379,3150,256
1765303588.636461,3151,256
1765303588.647369,3152,256
1765303588.650855,3153,256
1765303588.651131,3154,256
1765303588.655952,3155,256
1765303588.662163,3156,256
1765303588.662382,3157,256
1765303588.666328,3158,256
1765303588.668063,3159,256
1765303588.676935,3160,256
1765303588.679752,3161,256
1765303588.685193,3162,256
1765303588.689756,3163,256
1765303588.691825,3164,256
1765303588.692223,3165,256
1765303588.711223,3166,256
1765303588.721678,3167,256
1765303588.725322,3168,256
1765303588.725408,3169,256
1765303588.727440,3170,256
1765303588.727636,3171,256
1765303588.734915,3172,256
1765303588.741625,3173,256
1765303588.744225,3174,256
1765303588.748928,3175,256
1765303588.755619,3176,256
1765303588.766120,3177,256
1765303588.800347,3178,256
1765303588.801950,3179,256
1765303588.805918,3180,256
1765303588.815924,3181,256
1765303588.816270,3182,256
1765303588.818530,3183,256
1765303588.822951,3184,256
1765303588.823814,3185,256
1765303588.824819,3186,256
1765303588.830215,3187,256
1765303588.833482,3188,256
1765303588.858670,3189,256
1765303588.860347,3190,256
1765303588.866089,3191,256
1765303588.872097,3192,256
1765303588.872510,3193,256
1765303588.875415,3194,256
1765303588.875546,3195,256
1765303588.877027,3196,256
1765303588.880422,3197,256
1765303588.890628,3198,256
1765303588.891139,3199,256
1765303588.906455,3200,256
1765303588.910159,3201,256
1765303588.910443,3202,256
1765303588.913979,3203,256
1765303588.917078,3204,256
1765303588.920869,3205,256
1765303588.921230,3206,256
1765303588.924751,3207,256
1765303588.932927,3208,256
1765303588.938646,3209,256
1765303588.941473,3210,256
1765303588.943406,3211,256
1765303588.944227,3212,256
1765303588.944701,3213,256
1765303588.946995,3214,256
1765303588.949676,3215,256
1765303588.955522,3216,256
1765303588.962607,3217,256
1765303588.967188,3218,256
1765303588.968439,3219,256
1765303588.977119,3220,256
1765303588.977659,3221,256
1765303588.979092,3222,256
1765303588.980412,3223,256
1765303588.988278,3224,256
1765303588.989696,3225,256
1765303588.991261,3226,256
1765303588.991593,3227,256
1765303588.998734,3228,256
1765303588.999513,3229,256
1765303589.003625,3230,256
1765303589.003734,3231,256
1765303589.004795,3232,256
1765303589.005491,3233,256
1765303589.011274,3234,256
1765303589.029007,3235,256
1765303589.035591,3236,256
1765303589.041291,3237,256
1765303589.042335,3238,256
1765303589.048661,3239,256
1765303589.048867,3240,256
1765303589.063267,3241,256
1765303589.064412,3242,256
1765303589.075841,3243,256
1765303589.076191,3244,256
1765303589.085273,3245,256
1765303589.085518,3246,256
1765303589.093321,3247,256
1765303589.096029,3248,256
1765303589.104487,3249,256
1765303589.108278,3250,256
1765303589.112298,3251,256
1765303589.112450,3252,256
1765303589.116074,3253,256
1765303589.126942,3254,256
1765303589.128377,3255,256
1765303589.132186,3256,256
1765303589.148852,3257,256
1765303589.153416,3258,256
1765303589.154383,3259,256
1765303589.158875,3260,256
1765303589.161817,3261,256
1765303589.176727,3262,256
1765303589.186814,3263,256
1765303589.194971,3264,256
1765303589.202274,3265,256
1765303589.202974,3266,256
1765303589.206105,3267,256
1765303589.216413,3268,256
1765303589.222883,3269,256
1765303589.227453,3270,256
1765303589.229995,3271,256
1765303589.240099,3272,256
1765303589.240296,3273,256
1765303589.250038,3274,256
1765303589.251398,3275,256
1765303589.255434,3276,256
1765303589.256445,3277,256
1765303589.258504,3278,256
1765303589.260277,3279,256
1765303589.262995,3280,256
1765303589.272106,3281,256
1765303589.273741,3282,256
1765303589.277171,3283,256
1765303589.280483,3284,256
1765303589.281289,3285,256
1765303589.284287,3286,256
1765303589.285079,3287,256
1765303589.285294,3288,256
1765303589.297928,3289,256
1765303589.314442,3290,256
1765303589.318492,3291,256
1765303589.329022,3292,256
1765303589.333263,3293,256
1765303589.337725,3294,256
1765303589.342767,3295,256
1765303589.346926,3296,256
1765303589.354277,3297,256
1765303589.354956,3298,256
1765303589.365613,3299,256
1765303589.371434,3300,256
1765303589.373044,3301,256
1765303589.377146,3302,256
1765303589.382601,3303,256
1765303589.384154,3304,256
1765303589.388200,3305,256
1765303589.388333,3306,256
1765303589.389822,3307,256
1765303589.391278,3308,256
1765303589.395806,3309,256
1765303589.405841,3310,256
1765303589.410306,3311,256
1765303589.416501,3312,256
1765303589.451394,3313,256
1765303589.453847,3314,256
1765303589.473205,3315,256
1765303589.474374,3316,256
1765303589.479482,3317,256
1765303589.481577,3318,256
1765303589.490045,3319,256
1765303589.490530,3320,256
1765303589.493345,3321,256
1765303589.493558,3322,256
1765303589.500556,3323,256
1765303589.504090,3324,256
1765303589.510191,3325,256
1765303589.516296,3326,256
1765303589.521904,3327,256
1765303589.524583,3328,256
1765303589.526173,3329,256
1765303589.526253,3330,256
1765303589.531052,3331,256
1765303589.540101,3332,256
1765303589.540221,3333,256
1765303589.541996,3334,256
1765303589.544894,3335,256
1765303589.545661,3336,256
1765303589.547673,3337,256
1765303589.548625,3338,256
1765303589.550727,3339,256
1765303589.597321,3340,256
1765303589.597682,3341,256
1765303589.600985,3342,256
1765303589.602225,3343,256
1765303589.608177,3344,256
1765303589.611339,3345,256
1765303589.611742,3346,256
1765303589.615325,3347,256
1765303589.617334,3348,256
1765303589.618589,3349,256
1765303589.622913,3350,256
1765303589.631756,3351,256
1765303589.635058,3352,256
1765303589.637289,3353,256
1765303589.640154,3354,256
1765303589.645678,3355,256
1765303589.650310,3356,256
1765303589.661381,3357,256
1765303589.687697,3358,256
1765303589.691328,3359,256
1765303589.694759,3360,256
1765303589.701377,3361,256
1765303589.705791,3362,256
1765303589.712119,3363,256
1765303589.713188,3364,256
1765303589.717172,3365,256
1765303589.719986,3366,256
1765303589.722424,3367,256
1765303589.729704,3368,256
1765303589.730428,3369,256
1765303589.737514,3370,256
1765303589.738060,3371,256
1765303589.739767,3372,256
1765303589.745438,3373,256
1765303589.757903,3374,256
1765303589.769479,3375,256
1765303589.769989,3376,256
1765303589.773270,3377,256
1765303589.775192,3378,256
1765303589.777159,3379,256
1765303589.779968,3380,256
1765303589.794297,3381,256
1765303589.797634,3382,256
1765303589.797976,3383,256
1765303589.808951,3384,256
1765303589.810680,3385,256
1765303589.811104,3386,256
1765303589.811138,3387,256
1765303589.811917,3388,256
1765303589.816677,3389,256
1765303589.817356,3390,256
1765303589.822284,3391,256
1765303589.824217,3392,256
1765303589.824950,3393,256
1765303589.839979,3394,256
1765303589.841876,3395,256
1765303589.842262,3396,256
1765303589.846006,3397,256
1765303589.852289,3398,256
1765303589.867304,3399,256
1765303589.868750,3400,256
1765303589.869163,3401,256
1765303589.870670,3402,256
1765303589.872828,3403,256
1765303589.873551,3404,256
1765303589.873654,3405,256
1765303589.877496,3406,256
1765303589.877804,3407,256
1765303589.888484,3408,256
1765303589.892794,3409,256
1765303589.893600,3410,256
1765303589.897113,3411,256
1765303589.899822,3412,256
1765303589.909399,3413,256
1765303589.923927,3414,256
1765303589.937217,3415,256
1765303589.940789,3416,256
1765303589.943615,3417,256
1765303589.949878,3418,256
1765303589.951398,3419,256
1765303589.957977,3420,256
1765303589.960111,3421,256
1765303589.961039,3422,256
1765303589.963117,3423,256
1765303589.964068,3424,256
1765303589.976609,3425,256
1765303589.992560,3426,256
1765303589.994423,3427,256
1765303589.997045,3428,256
1765303590.009742,3429,256
1765303590.011721,3430,256
1765303590.016240,3431,256
1765303590.031034,3432,256
1765303590.035961,3433,256
1765303590.038737,3434,256
1765303590.039275,3435,256
1765303590.040438,3436,256
1765303590.048301,3437,256
1765303590.048639,3438,256
1765303590.051259,3439,256
1765303590.056130,3440,256
1765303590.058696,3441,256
1765303590.066608,3442,256
1765303590.066803,3443,256
1765303590.067246,3444,256
1765303590.072958,3445,256
1765303590.075929,3446,256
1765303590.076105,3447,256
1765303590.080297,3448,256
1765303590.082328,3449,256
1765303590.086359,3450,256
1765303590.098302,3451,256
1765303590.109521,3452,256
1765303590.126961,3453,256
1765303590.134098,3454,256
1765303590.136357,3455,256
1765303590.143116,3456,256
1765303590.155170,3457,256
1765303590.160036,3458,256
1765303590.162771,3459,256
1765303590.163021,3460,256
1765303590.166681,3461,256
1765303590.172468,3462,256
1765303590.194737,3463,256
1765303590.198050,3464,256
1765303590.199848,3465,256
1765303590.206322,3466,256
1765303590.208888,3467,256
1765303590.213481,3468,256
1765303590.220528,3469,256
1765303590.223148,3470,256
1765303590.223332,3471,256
1765303590.225950,3472,256
1765303590.230035,3473,256
1765303590.230556,3474,256
1765303590.238757,3475,256
1765303590.241642,3476,256
1765303590.242544,3477,256
1765303590.242599,3478,256
1765303590.244173,3479,256
1765303590.246732,3480,256
1765303590.247283,3481,256
1765303590.252441,3482,256
1765303590.254338,3483,256
1765303590.273209,3484,256
1765303590.274794,3485,256
1765303590.275385,3486,256
1765303590.293864,3487,256
1765303590.294051,3488,256
1765303590.295362,3489,256
1765303590.296732,3490,256
1765303590.300361,3491,256
1765303590.301408,3492,256
1765303590.309043,3493,256
1765303590.313586,3494,256
1765303590.315336,3495,256
1765303590.320776,3496,256
1765303590.321028,3497,256
1765303590.321794,3498,256
1765303590.333702,3499,256
1765303590.335586,3500,256
1765303590.336546,3501,256
1765303590.351704,3502,256
1765303590.375948,3503,256
1765303590.377782,3504,256
1765303590.390819,3505,256
1765303590.394270,3506,256
1765303590.404734,3507,256
1765303590.414498,3508,256
1765303590.417742,3509,256
1765303590.438755,3510,256
1765303590.439585,3511,256
1765303590.441283,3512,256
1765303590.441561,3513,256
1765303590.456968,3514,256
1765303590.468198,3515,256
1765303590.475379,3516,256
1765303590.475691,3517,256
1765303590.476645,3518,256
1765303590.487326,3519,256
1765303590.490485,3520,256
1765303590.494327,3521,256
1765303590.497836,3522,256
1765303590.504181,3523,256
1765303590.505192,3524,256
1765303590.506119,3525,256
1765303590.510459,3526,256
1765303590.510728,3527,256
1765303590.527536,3528,256
1765303590.528663,3529,256
1765303590.530797,3530,256
1765303590.539660,3531,256
1765303590.541397,3532,256
1765303590.550888,3533,256
1765303590.551147,3534,256
1765303590.555872,3535,256
1765303590.560169,3536,256
1765303590.561569,3537,256
1765303590.563113,3538,256
1765303590.566172,3539,256
1765303590.587579,3540,256
1765303590.589370,3541,256
1765303590.598972,3542,256
1765303590.599206,3543,256
1765303590.601774,3544,256
1765303590.607445,3545,256
1765303590.616888,3546,256
1765303590.623941,3547,256
1765303590.631723,3548,256
1765303590.643084,3549,256
1765303590.643248,3550,256
1765303590.644032,3551,256
1765303590.665809,3552,256
1765303590.676451,3553,256
1765303590.677418,3554,256
1765303590.681680,3555,256
1765303590.684599,3556,256
1765303590.685054,3557,256
1765303590.692176,3558,256
1765303590.698487,3559,256
1765303590.706863,3560,256
1765303590.708038,3561,256
1765303590.716962,3562,256
1765303590.727923,3563,256
1765303590.728552,3564,256
1765303590.737754,3565,256
1765303590.738292,3566,256
1765303590.740010,3567,256
1765303590.741454,3568,256
1765303590.771891,3569,256
1765303590.772222,3570,256
1765303590.775102,3571,256
1765303590.780462,3572,256
1765303590.784784,3573,256
1765303590.785051,3574,256
1765303590.788176,3575,256
1765303590.796740,3576,256
1765303590.798027,3577,256
1765303590.799282,3578,256
1765303590.808526,3579,256
1765303590.812105,3580,256
1765303590.818313,3581,256
1765303590.819320,3582,256
1765303590.827519,3583,256
1765303590.827728,3584,256
1765303590.829371,3585,256
1765303590.832510,3586,256
1765303590.836931,3587,256
1765303590.843339,3588,256
1765303590.844635,3589,256
1765303590.845136,3590,256
1765303590.859107,3591,256
1765303590.863533,3592,256
1765303590.870872,3593,256
1765303590.884196,3594,256
1765303590.886564,3595,256
1765303590.903177,3596,256
1765303590.904781,3597,256
1765303590.905092,3598,256
1765303590.907883,3599,256
1765303590.913816,3600,256
1765303590.917794,3601,256
1765303590.928202,3602,256
1765303590.933685,3603,256
1765303590.934356,3604,256
1765303590.936174,3605,256
1765303590.943220,3606,256
1765303590.948184,3607,256
1765303590.948347,3608,256
1765303590.952199,3609,256
1765303590.954894,3610,256
1765303590.955506,3611,256
1765303590.961830,3612,256
1765303590.962203,3613,256
1765303590.965556,3614,256
1765303590.969328,3615,256
1765303590.984918,3616,256
1765303590.985817,3617,256
1765303590.991758,3618,256
1765303590.997069,3619,256
1765303590.997635,3620,256
1765303591.001259,3621,256
1765303591.002820,3622,256
1765303591.004939,3623,256
1765303591.012672,3624,256
1765303591.026742,3625,256
1765303591.033497,3626,256
1765303591.037289,3627,256
1765303591.043847,3628,256
1765303591.043924,3629,256
1765303591.050549,3630,256
1765303591.053030,3631,256
1765303591.054092,3632,256
1765303591.055733,3633,256
1765303591.059164,3634,256
1765303591.061919,3635,256
1765303591.062067,3636,256
1765303591.062097,3637,256
1765303591.062629,3638,256
1765303591.072737,3639,256
1765303591.076068,3640,256
1765303591.077726,3641,256
1765303591.078542,3642,256
1765303591.081585,3643,256
1765303591.081775,3644,256
1765303591.086096,3645,256
1765303591.086143,3646,256
1765303591.095794,3647,256
1765303591.096177,3648,256
1765303591.096204,3649,256
1765303591.097821,3650,256
1765303591.102480,3651,256
1765303591.104327,3652,256
1765303591.104523,3653,256
1765303591.104706,3654,256
1765303591.106765,3655,256
1765303591.113456,3656,256
1765303591.115430,3657,256
1765303591.115839,3658,256
1765303591.119296,3659,256
1765303591.121515,3660,256
1765303591.128520,3661,256
1765303591.146047,3662,256
1765303591.151215,3663,256
1765303591.152352,3664,256
1765303591.153342,3665,256
1765303591.160809,3666,256
1765303591.164028,3667,256
1765303591.170139,3668,256
1765303591.170291,3669,256
1765303591.172618,3670,256
1765303591.182655,3671,256
1765303591.190028,3672,256
1765303591.191183,3673,256
1765303591.202267,3674,256
1765303591.206040,3675,256
1765303591.208426,3676,256
1765303591.214905,3677,256
1765303591.221902,3678,256
1765303591.223264,3679,256
1765303591.227600,3680,256
1765303591.230167,3681,256
1765303591.232766,3682,256
1765303591.234982,3683,256
1765303591.255265,3684,256
1765303591.256774,3685,256
1765303591.260173,3686,256
1765303591.265639,3687,256
1765303591.271886,3688,256
1765303591.276326,3689,256
1765303591.280932,3690,256
1765303591.293373,3691,256
1765303591.295227,3692,256
1765303591.308527,3693,256
1765303591.310549,3694,256
1765303591.319621,3695,256
1765303591.320974,3696,256
1765303591.325861,3697,256
1765303591.332554,3698,256
1765303591.333101,3699,256
1765303591.360307,3700,256
1765303591.364560,3701,256
1765303591.365739,3702,256
1765303591.367739,3703,256
1765303591.369641,3704,256
1765303591.370893,3705,256
1765303591.379595,3706,256
1765303591.384140,3707,256
1765303591.389242,3708,256
1765303591.394177,3709,256
1765303591.398196,3710,256
1765303591.399741,3711,256
1765303591.404253,3712,256
1765303591.407021,3713,256
1765303591.407790,3714,256
1765303591.413702,3715,256
1765303591.413819,3716,256
1765303591.416049,3717,256
1765303591.418736,3718,256
1765303591.423565,3719,256
1765303591.439862,3720,256
1765303591.444341,3721,256
1765303591.447250,3722,256
1765303591.448210,3723,256
1765303591.459929,3724,256
1765303591.460837,3725,256
1765303591.469878,3726,256
1765303591.482310,3727,256
1765303591.484054,3728,256
1765303591.488973,3729,256
1765303591.489543,3730,256
1765303591.492749,3731,256
1765303591.494323,3732,256
1765303591.500569,3733,256
1765303591.502790,3734,256
1765303591.504601,3735,256
1765303591.505287,3736,256
1765303591.512763,3737,256
1765303591.515533,3738,256
1765303591.520317,3739,256
1765303591.529620,3740,256
1765303591.530378,3741,256
1765303591.531674,3742,256
1765303591.536311,3743,256
1765303591.555824,3744,256
1765303591.577517,3745,256
1765303591.579613,3746,256
1765303591.583504,3747,256
1765303591.583828,3748,256
1765303591.601423,3749,256
1765303591.607455,3750,256
1765303591.615624,3751,256
1765303591.618661,3752,256
1765303591.623795,3753,256
1765303591.623992,3754,256
1765303591.626845,3755,256
1765303591.649384,3756,256
1765303591.674247,3757,256
1765303591.691686,3758,256
1765303591.693142,3759,256
1765303591.699251,3760,256
1765303591.699536,3761,256
1765303591.700773,3762,256
1765303591.702909,3763,256
1765303591.703245,3764,256
1765303591.710783,3765,256
1765303591.716967,3766,256
1765303591.719337,3767,256
1765303591.721758,3768,256
1765303591.722582,3769,256
1765303591.722652,3770,256
1765303591.727111,3771,256
1765303591.734350,3772,256
1765303591.737814,3773,256
1765303591.749600,3774,256
1765303591.754987,3775,256
1765303591.759240,3776,256
1765303591.766845,3777,256
1765303591.775450,3778,256
1765303591.782784,3779,256
1765303591.784180,3780,256
1765303591.791666,3781,256
1765303591.793871,3782,256
1765303591.796270,3783,256
1765303591.803466,3784,256
1765303591.807798,3785,256
1765303591.808383,3786,256
1765303591.809618,3787,256
1765303591.812940,3788,256
1765303591.819787,3789,256
1765303591.831384,3790,256
1765303591.834604,3791,256
1765303591.839759,3792,256
1765303591.845119,3793,256
1765303591.846902,3794,256
1765303591.849870,3795,256
1765303591.850059,3796,256
1765303591.850103,3797,256
1765303591.861340,3798,256
1765303591.876281,3799,256
1765303591.880900,3800,256
1765303591.890925,3801,256
1765303591.898244,3802,256
1765303591.899259,3803,256
1765303591.902859,3804,256
1765303591.909238,3805,256
1765303591.915828,3806,256
1765303591.926362,3807,256
1765303591.929176,3808,256
1765303591.935160,3809,256
1765303591.940584,3810,256
1765303591.946323,3811,256
1765303591.952404,3812,256
1765303591.952599,3813,256
1765303591.953157,3814,256
1765303591.954012,3815,256
1765303591.954647,3816,256
1765303591.955594,3817,256
1765303591.974155,3818,256
1765303591.976889,3819,256
1765303591.982809,3820,256
1765303591.984555,3821,256
1765303591.992452,3822,256
1765303592.003643,3823,256
1765303592.007011,3824,256
1765303592.008419,3825,256
1765303592.026756,3826,256
1765303592.054472,3827,256
1765303592.076595,3828,256
1765303592.078543,3829,256
1765303592.080811,3830,256
1765303592.081474,3831,256
1765303592.081870,3832,256
1765303592.085217,3833,256
1765303592.089694,3834,256
1765303592.095590,3835,256
1765303592.095766,3836,256
1765303592.097930,3837,256
1765303592.100859,3838,256
1765303592.106675,3839,256
1765303592.118833,3840,256
1765303592.129615,3841,256
1765303592.133016,3842,256
1765303592.140449,3843,256
1765303592.140671,3844,256
1765303592.145125,3845,256
1765303592.147365,3846,256
1765303592.147632,3847,256
1765303592.148296,3848,256
1765303592.149011,3849,256
1765303592.150151,3850,256
1765303592.153327,3851,256
1765303592.153520,3852,256
1765303592.161286,3853,256
1765303592.171666,3854,256
1765303592.175300,3855,256
1765303592.183993,3856,256
1765303592.187024,3857,256
1765303592.194267,3858,256
1765303592.204046,3859,256
1765303592.211550,3860,256
1765303592.215798,3861,256
1765303592.215909,3862,256
1765303592.216932,3863,256
1765303592.217445,3864,256
1765303592.217898,3865,256
1765303592.220325,3866,256
1765303592.234324,3867,256
1765303592.237450,3868,256
1765303592.249224,3869,256
1765303592.250057,3870,256
1765303592.253183,3871,256
1765303592.255177,3872,256
1765303592.257156,3873,256
1765303592.262801,3874,256
1765303592.271738,3875,256
1765303592.278229,3876,256
1765303592.283256,3877,256
1765303592.289485,3878,256
1765303592.294739,3879,256
1765303592.299561,3880,256
1765303592.302382,3881,256
1765303592.304182,3882,256
1765303592.312026,3883,256
1765303592.312534,3884,256
1765303592.317239,3885,256
1765303592.321420,3886,256
1765303592.323228,3887,256
1765303592.324631,3888,256
1765303592.328397,3889,256
1765303592.331948,3890,256
1765303592.332022,3891,256
1765303592.358459,3892,256
1765303592.361959,3893,256
1765303592.363828,3894,256
1765303592.373332,3895,256
1765303592.373370,3896,256
1765303592.374719,3897,256
1765303592.381751,3898,256
1765303592.382629,3899,256
1765303592.395866,3900,256
1765303592.399841,3901,256
1765303592.401153,3902,256
1765303592.403106,3903,256
1765303592.416240,3904,256
1765303592.422865,3905,256
1765303592.426026,3906,256
1765303592.430841,3907,256
1765303592.431246,3908,256
1765303592.435618,3909,256
1765303592.438537,3910,256
1765303592.442319,3911,256
1765303592.466902,3912,256
1765303592.466978,3913,256
1765303592.471145,3914,256
1765303592.479506,3915,256
1765303592.480347,3916,256
1765303592.488078,3917,256
1765303592.492015,3918,256
1765303592.493144,3919,256
1765303592.499942,3920,256
1765303592.502184,3921,256
1765303592.503092,3922,256
1765303592.509808,3923,256
1765303592.513536,3924,256
1765303592.519955,3925,256
1765303592.523288,3926,256
1765303592.523707,3927,256
1765303592.524824,3928,256
1765303592.536763,3929,256
1765303592.540069,3930,256
1765303592.554706,3931,256
1765303592.557928,3932,256
1765303592.560223,3933,256
1765303592.573919,3934,256
1765303592.587899,3935,256
1765303592.589812,3936,256
1765303592.590799,3937,256
1765303592.591570,3938,256
1765303592.595363,3939,256
1765303592.599255,3940,256
1765303592.600120,3941,256
1765303592.605197,3942,256
1765303592.609396,3943,256
1765303592.609726,3944,256
1765303592.623344,3945,256
1765303592.626781,3946,256
1765303592.627246,3947,256
1765303592.656318,3948,256
1765303592.656391,3949,256
1765303592.671628,3950,256
1765303592.673834,3951,256
1765303592.675744,3952,256
1765303592.675982,3953,256
1765303592.690657,3954,256
1765303592.692714,3955,256
1765303592.702515,3956,256
1765303592.705355,3957,256
1765303592.718957,3958,256
1765303592.722255,3959,256
1765303592.724299,3960,256
1765303592.724697,3961,256
1765303592.725080,3962,256
1765303592.725746,3963,256
1765303592.727814,3964,256
1765303592.729447,3965,256
1765303592.737033,3966,256
1765303592.743173,3967,256
1765303592.748259,3968,256
1765303592.758909,3969,256
1765303592.774859,3970,256
1765303592.777177,3971,256
1765303592.800070,3972,256
1765303592.800231,3973,256
1765303592.801135,3974,256
1765303592.808405,3975,256
1765303592.811682,3976,256
1765303592.829395,3977,256
1765303592.839499,3978,256
1765303592.843460,3979,256
1765303592.844981,3980,256
1765303592.846328,3981,256
1765303592.850842,3982,256
1765303592.854937,3983,256
1765303592.855574,3984,256
1765303592.875808,3985,256
1765303592.887245,3986,256
1765303592.890531,3987,256
1765303592.896248,3988,256
1765303592.896389,3989,256
1765303592.914890,3990,256
1765303592.924809,3991,256
1765303592.931976,3992,256
1765303592.939359,3993,256
1765303592.943531,3994,256
1765303592.947269,3995,256
1765303592.950259,3996,256
1765303592.952846,3997,256
1765303592.954319,3998,256
1765303592.957650,3999,256
1765303592.957962,4000,256
1765303592.959559,4001,256
1765303592.962485,4002,256
1765303592.969897,4003,256
1765303592.972551,4004,256
1765303592.972660,4005,256
1765303592.981637,4006,256
1765303592.986884,4007,256
1765303592.989533,4008,256
1765303592.996018,4009,256
1765303593.000295,4010,256
1765303593.016705,4011,256
1765303593.018823,4012,256
1765303593.018913,4013,256
1765303593.019728,4014,256
1765303593.021104,4015,256
1765303593.022483,4016,256
1765303593.042623,4017,256
1765303593.045974,4018,256
1765303593.059488,4019,256
1765303593.060893,4020,256
1765303593.064386,4021,256
1765303593.066356,4022,256
1765303593.066525,4023,256
1765303593.067318,4024,256
1765303593.067477,4025,256
1765303593.067609,4026,256
1765303593.076976,4027,256
1765303593.080464,4028,256
1765303593.095271,4029,256
1765303593.096336,4030,256
1765303593.109649,4031,256
1765303593.112374,4032,256
1765303593.118076,4033,256
1765303593.133030,4034,256
1765303593.138205,4035,256
1765303593.146673,4036,256
1765303593.147100,4037,256
1765303593.148800,4038,256
1765303593.148959,4039,256
1765303593.149178,4040,256
1765303593.160633,4041,256
1765303593.165220,4042,256
1765303593.169450,4043,256
1765303593.176301,4044,256
1765303593.176504,4045,256
1765303593.181011,4046,256
1765303593.183348,4047,256
1765303593.188023,4048,256
1765303593.189808,4049,256
1765303593.192840,4050,256
1765303593.197854,4051,256
1765303593.199272,4052,256
1765303593.203799,4053,256
1765303593.208259,4054,256
1765303593.212868,4055,256
1765303593.213484,4056,256
1765303593.232276,4057,256
1765303593.233603,4058,256
1765303593.234880,4059,256
1765303593.241663,4060,256
1765303593.241834,4061,256
1765303593.243975,4062,256
1765303593.250512,4063,256
1765303593.253887,4064,256
1765303593.260999,4065,256
1765303593.277410,4066,256
1765303593.286536,4067,256
1765303593.293547,4068,256
1765303593.296629,4069,256
1765303593.297696,4070,256
1765303593.303293,4071,256
1765303593.303558,4072,256
1765303593.304654,4073,256
1765303593.315754,4074,256
1765303593.324598,4075,256
1765303593.324862,4076,256
1765303593.331886,4077,256
1765303593.332734,4078,256
1765303593.332788,4079,256
1765303593.333598,4080,256
1765303593.336756,4081,256
1765303593.342012,4082,256
1765303593.343243,4083,256
1765303593.346660,4084,256
1765303593.352272,4085,256
1765303593.355062,4086,256
1765303593.358402,4087,256
1765303593.360875,4088,256
1765303593.365947,4089,256
1765303593.375210,4090,256
1765303593.383169,4091,256
1765303593.383312,4092,256
1765303593.386329,4093,256
1765303593.391698,4094,256
1765303593.392995,4095,256
1765303593.394068,4096,256
1765303593.400803,4097,256
1765303593.401438,4098,256
1765303593.403344,4099,256
1765303593.411901,4100,256
1765303593.412942,4101,256
1765303593.414416,4102,256
1765303593.417757,4103,256
1765303593.421255,4104,256
1765303593.428544,4105,256
1765303593.429316,4106,256
1765303593.429561,4107,256
1765303593.430473,4108,256
1765303593.437828,4109,256
1765303593.438362,4110,256
1765303593.445616,4111,256
1765303593.447495,4112,256
1765303593.454728,4113,256
1765303593.466451,4114,256
1765303593.470356,4115,256
1765303593.477740,4116,256
1765303593.483701,4117,256
1765303593.484115,4118,256
1765303593.485044,4119,256
1765303593.490190,4120,256
1765303593.496960,4121,256
1765303593.498141,4122,256
1765303593.498799,4123,256
1765303593.498891,4124,256
1765303593.505015,4125,256
1765303593.508728,4126,256
1765303593.515803,4127,256
1765303593.523820,4128,256
1765303593.524286,4129,256
1765303593.538809,4130,256
1765303593.544595,4131,256
1765303593.548424,4132,256
1765303593.551897,4133,256
1765303593.562498,4134,256
1765303593.565408,4135,256
1765303593.570630,4136,256
1765303593.580807,4137,256
1765303593.583782,4138,256
1765303593.592658,4139,256
1765303593.592998,4140,256
1765303593.603229,4141,256
1765303593.606866,4142,256
1765303593.610765,4143,256
1765303593.613833,4144,256
1765303593.626250,4145,256
1765303593.634471,4146,256
1765303593.641424,4147,256
1765303593.645299,4148,256
1765303593.646690,4149,256
1765303593.647249,4150,256
1765303593.659279,4151,256
1765303593.659887,4152,256
1765303593.671597,4153,256
1765303593.674807,4154,256
1765303593.675516,4155,256
1765303593.676495,4156,256
1765303593.679952,4157,256
1765303593.684256,4158,256
1765303593.691238,4159,256
1765303593.697652,4160,256
1765303593.707667,4161,256
1765303593.712248,4162,256
1765303593.723994,4163,256
1765303593.724113,4164,256
1765303593.731755,4165,256
1765303593.733058,4166,256
1765303593.740621,4167,256
1765303593.741666,4168,256
1765303593.749798,4169,256
1765303593.751544,4170,256
1765303593.765182,4171,256
1765303593.765692,4172,256
1765303593.769043,4173,256
1765303593.772971,4174,256
1765303593.778250,4175,256
1765303593.778852,4176,256
1765303593.790010,4177,256
1765303593.790826,4178,256
1765303593.795177,4179,256
1765303593.796806,4180,256
1765303593.798483,4181,256
1765303593.800105,4182,256
1765303593.811291,4183,256
1765303593.811444,4184,256
1765303593.812736,4185,256
1765303593.822480,4186,256
1765303593.822969,4187,256
1765303593.823023,4188,256
1765303593.838381,4189,256
1765303593.843229,4190,256
1765303593.852478,4191,256
1765303593.861431,4192,256
1765303593.862505,4193,256
1765303593.866630,4194,256
1765303593.877185,4195,256
1765303593.882945,4196,256
1765303593.885170,4197,256
1765303593.885991,4198,256
1765303593.887398,4199,256
1765303593.888095,4200,256
1765303593.890974,4201,256
1765303593.893659,4202,256
1765303593.896149,4203,256
1765303593.897660,4204,256
1765303593.901539,4205,256
1765303593.916322,4206,256
1765303593.920820,4207,256
1765303593.920880,4208,256
1765303593.923483,4209,256
1765303593.926434,4210,256
1765303593.928544,4211,256
1765303593.930856,4212,256
1765303593.935028,4213,256
1765303593.944810,4214,256
1765303593.950003,4215,256
1765303593.962064,4216,256
1765303593.969557,4217,256
1765303593.970171,4218,256
1765303593.971004,4219,256
1765303593.973023,4220,256
1765303593.976549,4221,256
1765303593.987041,4222,256
1765303593.990010,4223,256
1765303593.990678,4224,256
1765303593.997592,4225,256
1765303594.000337,4226,256
1765303594.009761,4227,256
1765303594.011065,4228,256
1765303594.011322,4229,256
1765303594.011925,4230,256
1765303594.014199,4231,256
1765303594.019663,4232,256
1765303594.020950,4233,256
1765303594.031801,4234,256
1765303594.032927,4235,256
1765303594.033758,4236,256
1765303594.035697,4237,256
1765303594.059485,4238,256
1765303594.060898,4239,256
1765303594.064369,4240,256
1765303594.075763,4241,256
1765303594.077648,4242,256
1765303594.083220,4243,256
1765303594.084988,4244,256
1765303594.086145,4245,256
1765303594.087965,4246,256
1765303594.095085,4247,256
1765303594.095484,4248,256
1765303594.095794,4249,256
1765303594.101362,4250,256
1765303594.107505,4251,256
1765303594.108050,4252,256
1765303594.116436,4253,256
1765303594.118235,4254,256
1765303594.121659,4255,256
1765303594.129999,4256,256
1765303594.131121,4257,256
1765303594.131182,4258,256
1765303594.133117,4259,256
1765303594.142948,4260,256
1765303594.146878,4261,256
1765303594.148886,4262,256
1765303594.153522,4263,256
1765303594.158266,4264,256
1765303594.159222,4265,256
1765303594.163360,4266,256
1765303594.168332,4267,256
1765303594.168454,4268,256
1765303594.169020,4269,256
1765303594.169620,4270,256
1765303594.182394,4271,256
1765303594.183358,4272,256
1765303594.186402,4273,256
1765303594.186548,4274,256
1765303594.195584,4275,256
1765303594.196936,4276,256
1765303594.198869,4277,256
1765303594.216421,4278,256
1765303594.217255,4279,256
1765303594.224681,4280,256
1765303594.226188,4281,256
1765303594.232605,4282,256
1765303594.237445,4283,256
1765303594.256873,4284,256
1765303594.256996,4285,256
1765303594.257022,4286,256
1765303594.257403,4287,256
1765303594.258185,4288,256
1765303594.259891,4289,256
1765303594.269637,4290,256
1765303594.274892,4291,256
1765303594.281084,4292,256
1765303594.283944,4293,256
1765303594.284061,4294,256
1765303594.284365,4295,256
1765303594.285795,4296,256
1765303594.287979,4297,256
1765303594.291111,4298,256
1765303594.298865,4299,256
1765303594.300731,4300,256
1765303594.303923,4301,256
1765303594.305158,4302,256
1765303594.309142,4303,256
1765303594.315591,4304,256
1765303594.316630,4305,256
1765303594.320275,4306,256
1765303594.329824,4307,256
1765303594.334393,4308,256
1765303594.334488,4309,256
1765303594.338875,4310,256
1765303594.344829,4311,256
1765303594.347082,4312,256
1765303594.353942,4313,256
1765303594.363089,4314,256
1765303594.383836,4315,256
1765303594.391299,4316,256
1765303594.395118,4317,256
1765303594.398395,4318,256
1765303594.407496,4319,256
1765303594.413292,4320,256
1765303594.423677,4321,256
1765303594.425018,4322,256
1765303594.426413,4323,256
1765303594.428318,4324,256
1765303594.433764,4325,256
1765303594.439559,4326,256
1765303594.443499,4327,256
1765303594.446744,4328,256
1765303594.446892,4329,256
1765303594.452849,4330,256
1765303594.453176,4331,256
1765303594.461174,4332,256
1765303594.469081,4333,256
1765303594.472490,4334,256
1765303594.477136,4335,256
1765303594.477679,4336,256
1765303594.477750,4337,256
1765303594.482925,4338,256
1765303594.489001,4339,256
1765303594.491846,4340,256
1765303594.493766,4341,256
1765303594.496637,4342,256
1765303594.500850,4343,256
1765303594.502777,4344,256
1765303594.505302,4345,256
1765303594.506611,4346,256
1765303594.508237,4347,256
1765303594.520705,4348,256
1765303594.524242,4349,256
1765303594.535384,4350,256
1765303594.547839,4351,256
1765303594.551931,4352,256
1765303594.556991,4353,256
1765303594.562090,4354,256
1765303594.566408,4355,256
1765303594.572903,4356,256
1765303594.574847,4357,256
1765303594.579822,4358,256
1765303594.584591,4359,256
1765303594.585837,4360,256
1765303594.591979,4361,256
1765303594.597623,4362,256
1765303594.603954,4363,256
1765303594.606740,4364,256
1765303594.618431,4365,256
1765303594.624948,4366,256
1765303594.627145,4367,256
1765303594.627309,4368,256
1765303594.628976,4369,256
1765303594.647971,4370,256
1765303594.650667,4371,256
1765303594.655845,4372,256
1765303594.658059,4373,256
1765303594.658856,4374,256
1765303594.667668,4375,256
1765303594.667871,4376,256
1765303594.671483,4377,256
1765303594.677055,4378,256
1765303594.678941,4379,256
1765303594.682421,4380,256
1765303594.683057,4381,256
1765303594.688358,4382,256
1765303594.691732,4383,256
1765303594.695387,4384,256
1765303594.698185,4385,256
1765303594.698824,4386,256
1765303594.699786,4387,256
1765303594.703741,4388,256
1765303594.713598,4389,256
1765303594.719587,4390,256
1765303594.736156,4391,256
1765303594.736609,4392,256
1765303594.740702,4393,256
1765303594.742140,4394,256
1765303594.751702,4395,256
1765303594.757142,4396,256
1765303594.760289,4397,256
1765303594.769517,4398,256
1765303594.773448,4399,256
1765303594.780344,4400,256
1765303594.781078,4401,256
1765303594.783862,4402,256
1765303594.797337,4403,256
1765303594.799641,4404,256
1765303594.801045,4405,256
1765303594.802727,4406,256
1765303594.809929,4407,256
1765303594.824983,4408,256
1765303594.828526,4409,256
1765303594.839878,4410,256
1765303594.842147,4411,256
1765303594.844012,4412,256
1765303594.847530,4413,256
1765303594.849199,4414,256
1765303594.860094,4415,256
1765303594.869192,4416,256
1765303594.875387,4417,256
1765303594.877753,4418,256
1765303594.880539,4419,256
1765303594.885943,4420,256
1765303594.899321,4421,256
1765303594.902430,4422,256
1765303594.907301,4423,256
1765303594.917606,4424,256
1765303594.922222,4425,256
1765303594.922723,4426,256
1765303594.923127,4427,256
1765303594.925139,4428,256
1765303594.936643,4429,256
1765303594.940811,4430,256
1765303594.944421,4431,256
1765303594.953024,4432,256
1765303594.957219,4433,256
1765303594.959752,4434,256
1765303594.966905,4435,256
1765303594.981769,4436,256
1765303594.985503,4437,256
1765303594.986703,4438,256
1765303594.989568,4439,256
1765303594.993333,4440,256
1765303595.000072,4441,256
1765303595.001130,4442,256
1765303595.002141,4443,256
1765303595.009196,4444,256
1765303595.009824,4445,256
1765303595.022722,4446,256
1765303595.044815,4447,256
1765303595.045147,4448,256
1765303595.045453,4449,256
1765303595.046229,4450,256
1765303595.060964,4451,256
1765303595.066339,4452,256
1765303595.072865,4453,256
1765303595.076431,4454,256
1765303595.076541,4455,256
1765303595.080833,4456,256
1765303595.083206,4457,256
1765303595.086205,4458,256
1765303595.089357,4459,256
1765303595.090320,4460,256
1765303595.097304,4461,256
1765303595.101518,4462,256
1765303595.101831,4463,256
1765303595.102077,4464,256
1765303595.104218,4465,256
1765303595.105514,4466,256
1765303595.113199,4467,256
1765303595.113740,4468,256
1765303595.120267,4469,256
1765303595.122047,4470,256
1765303595.124965,4471,256
1765303595.132076,4472,256
1765303595.133601,4473,256
1765303595.136222,4474,256
1765303595.139286,4475,256
1765303595.147193,4476,256
1765303595.150555,4477,256
1765303595.163646,4478,256
1765303595.167269,4479,256
1765303595.169346,4480,256
1765303595.170803,4481,256
1765303595.172796,4482,256
1765303595.173690,4483,256
1765303595.174564,4484,256
1765303595.175103,4485,256
1765303595.186490,4486,256
1765303595.190346,4487,256
1765303595.193356,4488,256
1765303595.198273,4489,256
1765303595.200077,4490,256
1765303595.202075,4491,256
1765303595.202191,4492,256
1765303595.208814,4493,256
1765303595.216117,4494,256
1765303595.219929,4495,256
1765303595.221399,4496,256
1765303595.229430,4497,256
1765303595.230131,4498,256
1765303595.233995,4499,256
1765303595.234776,4500,256
1765303595.236884,4501,256
1765303595.244396,4502,256
1765303595.246806,4503,256
1765303595.254955,4504,256
1765303595.259857,4505,256
1765303595.266485,4506,256
1765303595.272062,4507,256
1765303595.273952,4508,256
1765303595.285042,4509,256
1765303595.285857,4510,256
1765303595.286991,4511,256
1765303595.288724,4512,256
1765303595.294210,4513,256
1765303595.307105,4514,256
1765303595.307206,4515,256
1765303595.308757,4516,256
1765303595.317147,4517,256
1765303595.317291,4518,256
1765303595.317341,4519,256
1765303595.325788,4520,256
1765303595.329837,4521,256
1765303595.331393,4522,256
1765303595.337368,4523,256
1765303595.343646,4524,256
1765303595.348606,4525,256
1765303595.349349,4526,256
1765303595.355587,4527,256
1765303595.361778,4528,256
1765303595.362399,4529,256
1765303595.364822,4530,256
1765303595.370281,4531,256
1765303595.371083,4532,256
1765303595.378576,4533,256
1765303595.382696,4534,256
1765303595.382908,4535,256
1765303595.386389,4536,256
1765303595.386735,4537,256
1765303595.396369,4538,256
1765303595.397519,4539,256
1765303595.401026,4540,256
1765303595.404754,4541,256
1765303595.409155,4542,256
1765303595.411498,4543,256
1765303595.415652,4544,256
1765303595.422044,4545,256
1765303595.437407,4546,256
1765303595.441674,4547,256
1765303595.442744,4548,256
1765303595.445585,4549,256
1765303595.446903,4550,256
1765303595.447376,4551,256
1765303595.447410,4552,256
1765303595.448007,4553,256
1765303595.448297,4554,256
1765303595.449061,4555,256
1765303595.449634,4556,256
1765303595.451508,4557,256
1765303595.454166,4558,256
1765303595.457172,4559,256
1765303595.463355,4560,256
1765303595.463763,4561,256
1765303595.471111,4562,256
1765303595.479096,4563,256
1765303595.493532,4564,256
1765303595.502448,4565,256
1765303595.518042,4566,256
1765303595.532539,4567,256
1765303595.535610,4568,256
1765303595.542851,4569,256
1765303595.547407,4570,256
1765303595.548535,4571,256
1765303595.555591,4572,256
1765303595.555672,4573,256
1765303595.556161,4574,256
1765303595.559363,4575,256
1765303595.559834,4576,256
1765303595.565689,4577,256
1765303595.571143,4578,256
1765303595.592477,4579,256
1765303595.597183,4580,256
1765303595.608755,4581,256
1765303595.614213,4582,256
1765303595.621156,4583,256
1765303595.622072,4584,256
1765303595.625293,4585,256
1765303595.629826,4586,256
1765303595.630155,4587,256
1765303595.637193,4588,256
1765303595.644200,4589,256
1765303595.652627,4590,256
1765303595.652804,4591,256
1765303595.680748,4592,256
1765303595.681383,4593,256
1765303595.700879,4594,256
1765303595.702802,4595,256
1765303595.712285,4596,256
1765303595.715789,4597,256
1765303595.716549,4598,256
1765303595.719807,4599,256
1765303595.723530,4600,256
1765303595.737966,4601,256
1765303595.747455,4602,256
1765303595.749344,4603,256
1765303595.752035,4604,256
1765303595.766659,4605,256
1765303595.770481,4606,256
1765303595.771790,4607,256
1765303595.780291,4608,256
1765303595.807733,4609,256
1765303595.809111,4610,256
1765303595.815854,4611,256
1765303595.817670,4612,256
1765303595.825401,4613,256
1765303595.827849,4614,256
1765303595.828555,4615,256
1765303595.836612,4616,256
1765303595.840336,4617,256
1765303595.841861,4618,256
1765303595.844061,4619,256
1765303595.844442,4620,256
1765303595.844576,4621,256
1765303595.857471,4622,256
1765303595.859953,4623,256
1765303595.866748,4624,256
1765303595.874289,4625,256
1765303595.879901,4626,256
1765303595.893336,4627,256
1765303595.893594,4628,256
1765303595.895846,4629,256
1765303595.905354,4630,256
1765303595.907102,4631,256
1765303595.920796,4632,256
1765303595.927758,4633,256
1765303595.943162,4634,256
1765303595.944086,4635,256
1765303595.949345,4636,256
1765303595.957277,4637,256
1765303595.958508,4638,256
1765303595.962868,4639,256
1765303595.967031,4640,256
1765303595.972370,4641,256
1765303595.974249,4642,256
1765303595.982427,4643,256
1765303595.993660,4644,256
1765303596.001239,4645,256
1765303596.002826,4646,256
1765303596.009964,4647,256
1765303596.025824,4648,256
1765303596.051783,4649,256
1765303596.054933,4650,256
1765303596.055732,4651,256
1765303596.058054,4652,256
1765303596.061328,4653,256
1765303596.067507,4654,256
1765303596.068882,4655,256
1765303596.069619,4656,256
1765303596.074023,4657,256
1765303596.075799,4658,256
1765303596.081391,4659,256
1765303596.082873,4660,256
1765303596.087382,4661,256
1765303596.099277,4662,256
1765303596.104002,4663,256
1765303596.109799,4664,256
1765303596.120687,4665,256
1765303596.125839,4666,256
1765303596.127049,4667,256
1765303596.144244,4668,256
1765303596.145894,4669,256
1765303596.149765,4670,256
1765303596.153913,4671,256
1765303596.154849,4672,256
1765303596.155867,4673,256
1765303596.163565,4674,256
1765303596.172470,4675,256
1765303596.190542,4676,256
1765303596.191693,4677,256
1765303596.193633,4678,256
1765303596.195875,4679,256
1765303596.197641,4680,256
1765303596.198983,4681,256
1765303596.204454,4682,256
1765303596.211755,4683,256
1765303596.214197,4684,256
1765303596.233548,4685,256
1765303596.253601,4686,256
1765303596.263016,4687,256
1765303596.263200,4688,256
1765303596.263241,4689,256
1765303596.280780,4690,256
1765303596.282525,4691,256
1765303596.287416,4692,256
1765303596.308102,4693,256
1765303596.309107,4694,256
1765303596.314240,4695,256
1765303596.314415,4696,256
1765303596.315933,4697,256
1765303596.329326,4698,256
1765303596.333997,4699,256
1765303596.338746,4700,256
1765303596.347106,4701,256
1765303596.348145,4702,256
1765303596.359480,4703,256
1765303596.366447,4704,256
1765303596.384338,4705,256
1765303596.393605,4706,256
1765303596.398302,4707,256
1765303596.398625,4708,256
1765303596.405488,4709,256
1765303596.407980,4710,256
1765303596.409478,4711,256
1765303596.410182,4712,256
1765303596.410281,4713,256
1765303596.411571,4714,256
1765303596.416931,4715,256
1765303596.422414,4716,256
1765303596.438311,4717,256
1765303596.439742,4718,256
1765303596.445249,4719,256
1765303596.447384,4720,256
1765303596.453597,4721,256
1765303596.468240,4722,256
1765303596.468822,4723,256
1765303596.478046,4724,256
1765303596.490005,4725,256
1765303596.492904,4726,256
1765303596.493594,4727,256
1765303596.512520,4728,256
1765303596.513748,4729,256
1765303596.524138,4730,256
1765303596.524738,4731,256
1765303596.531244,4732,256
1765303596.531385,4733,256
1765303596.538876,4734,256
1765303596.539733,4735,256
1765303596.540268,4736,256
1765303596.546671,4737,256
1765303596.549775,4738,256
1765303596.560032,4739,256
1765303596.560389,4740,256
1765303596.562837,4741,256
1765303596.569132,4742,256
1765303596.579360,4743,256
1765303596.580692,4744,256
1765303596.583508,4745,256
1765303596.600578,4746,256
1765303596.605356,4747,256
1765303596.613474,4748,256
1765303596.615357,4749,256
1765303596.618679,4750,256
1765303596.619466,4751,256
1765303596.619497,4752,256
1765303596.622247,4753,256
1765303596.625060,4754,256
1765303596.628874,4755,256
1765303596.631794,4756,256
1765303596.632501,4757,256
1765303596.633209,4758,256
1765303596.637391,4759,256
1765303596.641352,4760,256
1765303596.643283,4761,256
1765303596.651133,4762,256
1765303596.661154,4763,256
1765303596.675017,4764,256
1765303596.691027,4765,256
1765303596.692355,4766,256
1765303596.692501,4767,256
1765303596.693938,4768,256
1765303596.695637,4769,256
1765303596.695779,4770,256
1765303596.700377,4771,256
1765303596.715848,4772,256
1765303596.717557,4773,256
1765303596.725413,4774,256
1765303596.737242,4775,256
1765303596.738564,4776,256
1765303596.749470,4777,256
1765303596.761997,4778,256
1765303596.767124,4779,256
1765303596.769727,4780,256
1765303596.785757,4781,256
1765303596.786485,4782,256
1765303596.808186,4783,256
1765303596.808875,4784,256
1765303596.810769,4785,256
1765303596.813164,4786,256
1765303596.814744,4787,256
1765303596.817021,4788,256
1765303596.817995,4789,256
1765303596.819422,4790,256
1765303596.824287,4791,256
1765303596.824439,4792,256
1765303596.828873,4793,256
1765303596.835212,4794,256
1765303596.835518,4795,256
1765303596.842197,4796,256
1765303596.845782,4797,256
1765303596.846870,4798,256
1765303596.847446,4799,256
1765303596.853384,4800,256
1765303596.860825,4801,256
1765303596.862289,4802,256
1765303596.869909,4803,256
1765303596.870072,4804,256
1765303596.871855,4805,256
1765303596.872236,4806,256
1765303596.884460,4807,256
1765303596.891060,4808,256
1765303596.895149,4809,256
1765303596.895220,4810,256
1765303596.901541,4811,256
1765303596.909534,4812,256
1765303596.910813,4813,256
1765303596.912152,4814,256
1765303596.917889,4815,256
1765303596.923778,4816,256
1765303596.924011,4817,256
1765303596.927340,4818,256
1765303596.927867,4819,256
1765303596.929670,4820,256
1765303596.930705,4821,256
1765303596.932193,4822,256
1765303596.939384,4823,256
1765303596.949531,4824,256
1765303596.949890,4825,256
1765303596.950186,4826,256
1765303596.951645,4827,256
1765303596.966276,4828,256
1765303596.970437,4829,256
1765303596.977555,4830,256
1765303596.977638,4831,256
1765303596.989582,4832,256
1765303596.991595,4833,256
1765303596.993906,4834,256
1765303597.007151,4835,256
1765303597.007931,4836,256
1765303597.013143,4837,256
1765303597.024453,4838,256
1765303597.028579,4839,256
1765303597.043391,4840,256
1765303597.044629,4841,256
1765303597.047883,4842,256
1765303597.063529,4843,256
1765303597.063936,4844,256
1765303597.073395,4845,256
1765303597.091095,4846,256
1765303597.096469,4847,256
1765303597.098395,4848,256
1765303597.101803,4849,256
1765303597.102345,4850,256
1765303597.103164,4851,256
1765303597.105858,4852,256
1765303597.114995,4853,256
1765303597.135947,4854,256
1765303597.141240,4855,256
1765303597.148775,4856,256
1765303597.151769,4857,256
1765303597.154611,4858,256
1765303597.155902,4859,256
1765303597.156118,4860,256
1765303597.162760,4861,256
1765303597.163055,4862,256
1765303597.163758,4863,256
1765303597.164011,4864,256
1765303597.169475,4865,256
1765303597.174005,4866,256
1765303597.177171,4867,256
1765303597.183981,4868,256
1765303597.184091,4869,256
1765303597.187687,4870,256
1765303597.195362,4871,256
1765303597.197927,4872,256
1765303597.204630,4873,256
1765303597.209862,4874,256
1765303597.215756,4875,256
1765303597.226763,4876,256
1765303597.227284,4877,256
1765303597.232254,4878,256
1765303597.235450,4879,256
1765303597.240594,4880,256
1765303597.240760,4881,256
1765303597.252898,4882,256
1765303597.254907,4883,256
1765303597.259012,4884,256
1765303597.264418,4885,256
1765303597.266901,4886,256
1765303597.277640,4887,256
1765303597.279572,4888,256
1765303597.288590,4889,256
1765303597.303551,4890,256
1765303597.304750,4891,256
1765303597.311748,4892,256
1765303597.312861,4893,256
1765303597.317288,4894,256
1765303597.335202,4895,256
1765303597.336326,4896,256
1765303597.347872,4897,256
1765303597.355123,4898,256
1765303597.358306,4899,256
1765303597.359579,4900,256
1765303597.365887,4901,256
1765303597.384447,4902,256
1765303597.386330,4903,256
1765303597.391195,4904,256
1765303597.409479,4905,256
1765303597.409872,4906,256
1765303597.426192,4907,256
1765303597.430782,4908,256
1765303597.435595,4909,256
1765303597.436337,4910,256
1765303597.444791,4911,256
1765303597.445185,4912,256
1765303597.448390,4913,256
1765303597.453303,4914,256
1765303597.455463,4915,256
1765303597.455577,4916,256
1765303597.456572,4917,256
1765303597.458525,4918,256
1765303597.464900,4919,256
1765303597.465549,4920,256
1765303597.468835,4921,256
1765303597.470228,4922,256
1765303597.471611,4923,256
1765303597.476696,4924,256
1765303597.512565,4925,256
1765303597.516201,4926,256
1765303597.537148,4927,256
1765303597.537624,4928,256
1765303597.538202,4929,256
1765303597.539966,4930,256
1765303597.543353,4931,256
1765303597.543994,4932,256
1765303597.544073,4933,256
1765303597.545293,4934,256
1765303597.546140,4935,256
1765303597.569597,4936,256
1765303597.571768,4937,256
1765303597.574728,4938,256
1765303597.575577,4939,256
1765303597.576799,4940,256
1765303597.586128,4941,256
1765303597.597659,4942,256
1765303597.598246,4943,256
1765303597.599367,4944,256
1765303597.599590,4945,256
1765303597.609256,4946,256
1765303597.613414,4947,256
1765303597.614646,4948,256
1765303597.625944,4949,256
1765303597.629463,4950,256
1765303597.634142,4951,256
1765303597.637528,4952,256
1765303597.654204,4953,256
1765303597.655299,4954,256
1765303597.657249,4955,256
1765303597.663834,4956,256
1765303597.669768,4957,256
1765303597.675732,4958,256
1765303597.688659,4959,256
1765303597.690975,4960,256
1765303597.691109,4961,256
1765303597.696758,4962,256
1765303597.696934,4963,256
1765303597.700487,4964,256
1765303597.701196,4965,256
1765303597.707142,4966,256
1765303597.709268,4967,256
1765303597.710628,4968,256
1765303597.729551,4969,256
1765303597.732272,4970,256
1765303597.733454,4971,256
1765303597.736623,4972,256
1765303597.744865,4973,256
1765303597.746033,4974,256
1765303597.750101,4975,256
1765303597.750523,4976,256
1765303597.752765,4977,256
1765303597.754507,4978,256
1765303597.759456,4979,256
1765303597.769843,4980,256
1765303597.775504,4981,256
1765303597.778864,4982,256
1765303597.781172,4983,256
1765303597.792492,4984,256
1765303597.795858,4985,256
1765303597.803834,4986,256
1765303597.805839,4987,256
1765303597.813847,4988,256
1765303597.817069,4989,256
1765303597.823142,4990,256
1765303597.825141,4991,256
