t_recv,seq,bytes,t_send,latency_ms
1765303572.867344,1,256,1765303572.835398,31.946
1765303572.867702,2,256,1765303572.836274,31.428
1765303572.873910,3,256,1765303572.842543,31.367
1765303572.874670,4,256,1765303572.842885,31.785
1765303572.880302,5,256,1765303572.848928,31.374
1765303572.881205,6,256,1765303572.849825,31.381
1765303572.882979,7,256,1765303572.851580,31.399
1765303572.883373,8,256,1765303572.852056,31.317
1765303572.886551,9,256,1765303572.854836,31.714
1765303572.888798,10,256,1765303572.857405,31.393
1765303572.890841,11,256,1765303572.859304,31.537
1765303572.901284,12,256,1765303572.869813,31.470
1765303572.906818,13,256,1765303572.875402,31.416
1765303572.909403,14,256,1765303572.877890,31.512
1765303572.911999,15,256,1765303572.880630,31.368
1765303572.914986,16,256,1765303572.883405,31.581
1765303572.917088,17,256,1765303572.885722,31.366
1765303572.921976,18,256,1765303572.890559,31.416
1765303572.923982,19,256,1765303572.892605,31.377
1765303572.924654,20,256,1765303572.893310,31.344
1765303572.932507,21,256,1765303572.901028,31.480
1765303572.938173,22,256,1765303572.906720,31.453
1765303572.938532,23,256,1765303572.907127,31.405
1765303572.939005,24,256,1765303572.907495,31.510
1765303572.940719,25,256,1765303572.909289,31.431
1765303572.951477,26,256,1765303572.920048,31.430
1765303572.958675,27,256,1765303572.926970,31.705
1765303572.960642,28,256,1765303572.929281,31.361
1765303572.975126,29,256,1765303572.943631,31.495
1765303572.980305,30,256,1765303572.948832,31.473
1765303572.981406,31,256,1765303572.950053,31.353
1765303572.981855,32,256,1765303572.950467,31.388
1765303572.990682,33,256,1765303572.959297,31.385
1765303572.991545,34,256,1765303572.960201,31.344
1765303572.994408,35,256,1765303572.963022,31.386
1765303572.994871,36,256,1765303572.963055,31.816
1765303572.997842,37,256,1765303572.966465,31.377
1765303572.998509,38,256,1765303572.967153,31.357
1765303573.000098,39,256,1765303572.968594,31.504
1765303573.004182,40,256,1765303572.972807,31.375
1765303573.008935,41,256,1765303572.977532,31.403
1765303573.011863,42,256,1765303572.980373,31.489
1765303573.018389,43,256,1765303572.986967,31.422
1765303573.044376,44,256,1765303573.012976,31.400
1765303573.051850,45,256,1765303573.020425,31.425
1765303573.052921,46,256,1765303573.021547,31.374
1765303573.053422,47,256,1765303573.021580,31.843
1765303573.054006,48,256,1765303573.022636,31.370
1765303573.090387,49,256,1765303573.058950,31.436
1765303573.092212,50,256,1765303573.060839,31.373
1765303573.098399,51,256,1765303573.067021,31.378
1765303573.099511,52,256,1765303573.067986,31.525
1765303573.099967,53,256,1765303573.068473,31.494
1765303573.110312,54,256,1765303573.078866,31.445
1765303573.112605,55,256,1765303573.081159,31.445
1765303573.118794,56,256,1765303573.087348,31.447
1765303573.120157,57,256,1765303573.088628,31.528
1765303573.124450,58,256,1765303573.093043,31.407
1765303573.131351,59,256,1765303573.099934,31.417
1765303573.134681,60,256,1765303573.102983,31.697
1765303573.138050,61,256,1765303573.106622,31.428
1765303573.139423,62,256,1765303573.108007,31.416
1765303573.145979,63,256,1765303573.114340,31.639
1765303573.146450,64,256,1765303573.115085,31.365
1765303573.146938,65,256,1765303573.115153,31.785
1765303573.148252,66,256,1765303573.116856,31.395
1765303573.150208,67,256,1765303573.118822,31.386
1765303573.159428,68,256,1765303573.128025,31.403
1765303573.161889,69,256,1765303573.130423,31.466
1765303573.162768,70,256,1765303573.131400,31.368
1765303573.167502,71,256,1765303573.135951,31.551
1765303573.173643,72,256,1765303573.142212,31.431
1765303573.175271,73,256,1765303573.143743,31.528
1765303573.179942,74,256,1765303573.148526,31.415
1765303573.180429,75,256,1765303573.148788,31.641
1765303573.186248,76,256,1765303573.154845,31.403
1765303573.186919,77,256,1765303573.155512,31.407
1765303573.190825,78,256,1765303573.159022,31.803
1765303573.196445,79,256,1765303573.165013,31.431
1765303573.197678,80,256,1765303573.166258,31.420
1765303573.203136,81,256,1765303573.171735,31.401
1765303573.204516,82,256,1765303573.173182,31.334
1765303573.207122,83,256,1765303573.175728,31.394
1765303573.208106,84,256,1765303573.176729,31.376
1765303573.213246,85,256,1765303573.181672,31.574
1765303573.217625,86,256,1765303573.186234,31.391
1765303573.220576,87,256,1765303573.189194,31.382
1765303573.234683,88,256,1765303573.203235,31.448
1765303573.235820,89,256,1765303573.204388,31.432
1765303573.251188,90,256,1765303573.219736,31.453
1765303573.286836,91,256,1765303573.255113,31.723
1765303573.297585,92,256,1765303573.266035,31.551
1765303573.308327,93,256,1765303573.276891,31.436
1765303573.317083,94,256,1765303573.285561,31.523
1765303573.318210,95,256,1765303573.286687,31.523
1765303573.327621,96,256,1765303573.295920,31.701
1765303573.331622,97,256,1765303573.300063,31.559
1765303573.332783,98,256,1765303573.301371,31.412
1765303573.338725,99,256,1765303573.307276,31.450
1765303573.342456,100,256,1765303573.310796,31.659
1765303573.352896,101,256,1765303573.321488,31.408
1765303573.358686,102,256,1765303573.327260,31.426
1765303573.359128,103,256,1765303573.327521,31.607
1765303573.362971,104,256,1765303573.331320,31.651
1765303573.366612,105,256,1765303573.335181,31.432
1765303573.368804,106,256,1765303573.337427,31.377
1765303573.370673,107,256,1765303573.339295,31.378
1765303573.372721,108,256,1765303573.341276,31.445
1765303573.373200,109,256,1765303573.341372,31.828
1765303573.374562,110,256,1765303573.343192,31.370
1765303573.376931,111,256,1765303573.345559,31.373
1765303573.395824,112,256,1765303573.364374,31.451
1765303573.403300,113,256,1765303573.371636,31.665
1765303573.405143,114,256,1765303573.373794,31.348
1765303573.405654,115,256,1765303573.374167,31.487
1765303573.409356,116,256,1765303573.377648,31.708
1765303573.412954,117,256,1765303573.381574,31.380
1765303573.416399,118,256,1765303573.385031,31.367
1765303573.418021,119,256,1765303573.386633,31.388
1765303573.418479,120,256,1765303573.386892,31.587
1765303573.425005,121,256,1765303573.392705,32.300
1765303573.430619,122,256,1765303573.399122,31.497
1765303573.434792,123,256,1765303573.403390,31.402
1765303573.435996,124,256,1765303573.404634,31.361
1765303573.442396,125,256,1765303573.411027,31.369
1765303573.443844,126,256,1765303573.412453,31.391
1765303573.450543,127,256,1765303573.419072,31.471
1765303573.455699,128,256,1765303573.424189,31.511
1765303573.456140,129,256,1765303573.424355,31.785
1765303573.456859,130,256,1765303573.425480,31.379
1765303573.459908,131,256,1765303573.428427,31.481
1765303573.460738,132,256,1765303573.429362,31.376
1765303573.464204,133,256,1765303573.432689,31.515
1765303573.468534,134,256,1765303573.437123,31.411
1765303573.477051,135,256,1765303573.445658,31.393
1765303573.481273,136,256,1765303573.449880,31.393
1765303573.484657,137,256,1765303573.453179,31.478
1765303573.486837,138,256,1765303573.455384,31.452
1765303573.487366,139,256,1765303573.455988,31.378
1765303573.493378,140,256,1765303573.461914,31.464
1765303573.501412,141,256,1765303573.469984,31.429
1765303573.506456,142,256,1765303573.475017,31.438
1765303573.511195,143,256,1765303573.479707,31.488
1765303573.512845,144,256,1765303573.481450,31.394
1765303573.515398,145,256,1765303573.484020,31.379
1765303573.532008,146,256,1765303573.500497,31.511
1765303573.534598,147,256,1765303573.503135,31.462
1765303573.536232,148,256,1765303573.504860,31.372
1765303573.537042,149,256,1765303573.505587,31.455
1765303573.542600,150,256,1765303573.511225,31.375
1765303573.545841,151,256,1765303573.514446,31.395
1765303573.548433,152,256,1765303573.517016,31.418
1765303573.550945,153,256,1765303573.519539,31.406
1765303573.552719,154,256,1765303573.521287,31.432
1765303573.557041,155,256,1765303573.525641,31.400
1765303573.563991,156,256,1765303573.532632,31.358
1765303573.568635,157,256,1765303573.537280,31.354
1765303573.578374,158,256,1765303573.547025,31.349
1765303573.584213,159,256,1765303573.552840,31.373
1765303573.599031,160,256,1765303573.567621,31.409
1765303573.599421,161,256,1765303573.567905,31.516
1765303573.609387,162,256,1765303573.577996,31.390
1765303573.610788,163,256,1765303573.579326,31.462
1765303573.611236,164,256,1765303573.579921,31.315
1765303573.613925,165,256,1765303573.582594,31.331
1765303573.619744,166,256,1765303573.588338,31.407
1765303573.620147,167,256,1765303573.588716,31.431
1765303573.622213,168,256,1765303573.590806,31.407
1765303573.625036,169,256,1765303573.593678,31.358
1765303573.649857,170,256,1765303573.618318,31.539
1765303573.657369,171,256,1765303573.625587,31.782
1765303573.658394,172,256,1765303573.626893,31.500
1765303573.669682,173,256,1765303573.637994,31.688
1765303573.671728,174,256,1765303573.640379,31.348
1765303573.686192,175,256,1765303573.654785,31.406
1765303573.694754,176,256,1765303573.663239,31.515
1765303573.702904,177,256,1765303573.671568,31.335
1765303573.714409,178,256,1765303573.683058,31.351
1765303573.716223,179,256,1765303573.684874,31.349
1765303573.721978,180,256,1765303573.690600,31.379
1765303573.724039,181,256,1765303573.692693,31.346
1765303573.730811,182,256,1765303573.699406,31.405
1765303573.731377,183,256,1765303573.699450,31.927
1765303573.732809,184,256,1765303573.701441,31.367
1765303573.734581,185,256,1765303573.703266,31.314
1765303573.736184,186,256,1765303573.704805,31.379
1765303573.737003,187,256,1765303573.705673,31.330
1765303573.737787,188,256,1765303573.705980,31.807
1765303573.749792,189,256,1765303573.718065,31.727
1765303573.752870,190,256,1765303573.721488,31.382
1765303573.753367,191,256,1765303573.721842,31.525
1765303573.770889,192,256,1765303573.739428,31.461
1765303573.778040,193,256,1765303573.746651,31.389
1765303573.785220,194,256,1765303573.753837,31.383
1765303573.786805,195,256,1765303573.755406,31.400
1765303573.787716,196,256,1765303573.756368,31.348
1765303573.788789,197,256,1765303573.757455,31.334
1765303573.789232,198,256,1765303573.757931,31.300
1765303573.802862,199,256,1765303573.771452,31.410
1765303573.808944,200,256,1765303573.777559,31.385
1765303573.816190,201,256,1765303573.784801,31.389
1765303573.821398,202,256,1765303573.790036,31.363
1765303573.821852,203,256,1765303573.790301,31.551
1765303573.822331,204,256,1765303573.790673,31.658
1765303573.830293,205,256,1765303573.798741,31.552
1765303573.830713,206,256,1765303573.799026,31.687
1765303573.836384,207,256,1765303573.805004,31.379
1765303573.840211,208,256,1765303573.808872,31.338
1765303573.843380,209,256,1765303573.811957,31.424
1765303573.844273,210,256,1765303573.812891,31.383
1765303573.844724,211,256,1765303573.813350,31.373
1765303573.854989,212,256,1765303573.823573,31.416
1765303573.862133,213,256,1765303573.830729,31.404
1765303573.862627,214,256,1765303573.830809,31.818
1765303573.874719,215,256,1765303573.843263,31.456
1765303573.875857,216,256,1765303573.844529,31.328
1765303573.892261,217,256,1765303573.860889,31.371
1765303573.906886,218,256,1765303573.875507,31.378
1765303573.907791,219,256,1765303573.876465,31.326
1765303573.912985,220,256,1765303573.881613,31.372
1765303573.918277,221,256,1765303573.886873,31.404
1765303573.920430,222,256,1765303573.889067,31.362
1765303573.920887,223,256,1765303573.889377,31.510
1765303573.921572,224,256,1765303573.890254,31.317
1765303573.930504,225,256,1765303573.898739,31.765
1765303573.930947,226,256,1765303573.899294,31.653
1765303573.935169,227,256,1765303573.903779,31.390
1765303573.937601,228,256,1765303573.906222,31.378
1765303573.940996,229,256,1765303573.909542,31.454
1765303573.945140,230,256,1765303573.913756,31.384
1765303573.949592,231,256,1765303573.918223,31.369
1765303573.952984,232,256,1765303573.921553,31.431
1765303573.953867,233,256,1765303573.922453,31.414
1765303573.958552,234,256,1765303573.927069,31.483
1765303573.963932,235,256,1765303573.932535,31.396
1765303573.966857,236,256,1765303573.935448,31.409
1765303573.981964,237,256,1765303573.950555,31.409
1765303573.997379,238,256,1765303573.965971,31.407
1765303573.998996,239,256,1765303573.967599,31.397
1765303574.002995,240,256,1765303573.971647,31.348
1765303574.008334,241,256,1765303573.976953,31.381
1765303574.013450,242,256,1765303573.982017,31.433
1765303574.018352,243,256,1765303573.986487,31.865
1765303574.034398,244,256,1765303574.003057,31.341
1765303574.043326,245,256,1765303574.011938,31.388
1765303574.050440,246,256,1765303574.019065,31.375
1765303574.055989,247,256,1765303574.024621,31.368
1765303574.057506,248,256,1765303574.025752,31.754
1765303574.063368,249,256,1765303574.031721,31.647
1765303574.069770,250,256,1765303574.038394,31.376
1765303574.084802,251,256,1765303574.053354,31.449
1765303574.091545,252,256,1765303574.060148,31.397
1765303574.102827,253,256,1765303574.071349,31.478
1765303574.110936,254,256,1765303574.079319,31.617
1765303574.111504,255,256,1765303574.079537,31.967
1765303574.112277,256,256,1765303574.080947,31.330
1765303574.116360,257,256,1765303574.084986,31.374
1765303574.123390,258,256,1765303574.091988,31.402
1765303574.127741,259,256,1765303574.096231,31.510
1765303574.137238,260,256,1765303574.105842,31.396
1765303574.141633,261,256,1765303574.110234,31.399
1765303574.150867,262,256,1765303574.119150,31.717
1765303574.155556,263,256,1765303574.123706,31.850
1765303574.156381,264,256,1765303574.124858,31.523
1765303574.175109,265,256,1765303574.143637,31.472
1765303574.188221,266,256,1765303574.156800,31.421
1765303574.191688,267,256,1765303574.160004,31.684
1765303574.195433,268,256,1765303574.164012,31.421
1765303574.201588,269,256,1765303574.170059,31.528
1765303574.204795,270,256,1765303574.172568,32.228
1765303574.204912,271,256,1765303574.173141,31.770
1765303574.208272,272,256,1765303574.176894,31.378
1765303574.216168,273,256,1765303574.184445,31.723
1765303574.216935,274,256,1765303574.185133,31.803
1765303574.217396,275,256,1765303574.185312,32.085
1765303574.219752,276,256,1765303574.188395,31.356
1765303574.220537,277,256,1765303574.188537,32.000
1765303574.230124,278,256,1765303574.198415,31.709
1765303574.233925,279,256,1765303574.202366,31.559
1765303574.246243,280,256,1765303574.214822,31.421
1765303574.247408,281,256,1765303574.216031,31.378
1765303574.252383,282,256,1765303574.220948,31.434
1765303574.262848,283,256,1765303574.231421,31.427
1765303574.264564,284,256,1765303574.232903,31.660
1765303574.283180,285,256,1765303574.251284,31.896
1765303574.288867,286,256,1765303574.257399,31.468
1765303574.293966,287,256,1765303574.262547,31.418
1765303574.300496,288,256,1765303574.269056,31.440
1765303574.301253,289,256,1765303574.269937,31.317
1765303574.308377,290,256,1765303574.276998,31.379
1765303574.314906,291,256,1765303574.283393,31.512
1765303574.318264,292,256,1765303574.286793,31.472
1765303574.318698,293,256,1765303574.286982,31.716
1765303574.322375,294,256,1765303574.290948,31.427
1765303574.325269,295,256,1765303574.293774,31.495
1765303574.329975,296,256,1765303574.298368,31.607
1765303574.342435,297,256,1765303574.311022,31.413
1765303574.343405,298,256,1765303574.312072,31.333
1765303574.354451,299,256,1765303574.322923,31.528
1765303574.368005,300,256,1765303574.336621,31.384
1765303574.368444,301,256,1765303574.337000,31.444
1765303574.369959,302,256,1765303574.338592,31.366
1765303574.376571,303,256,1765303574.345013,31.558
1765303574.379198,304,256,1765303574.347862,31.336
1765303574.386988,305,256,1765303574.355506,31.482
1765303574.390609,306,256,1765303574.359258,31.351
1765303574.395703,307,256,1765303574.364338,31.365
1765303574.398280,308,256,1765303574.366842,31.438
1765303574.400528,309,256,1765303574.368840,31.688
1765303574.410460,310,256,1765303574.379074,31.386
1765303574.415511,311,256,1765303574.384111,31.399
1765303574.417339,312,256,1765303574.385956,31.383
1765303574.420933,313,256,1765303574.389593,31.340
1765303574.422591,314,256,1765303574.391263,31.328
1765303574.427135,315,256,1765303574.395606,31.529
1765303574.429754,316,256,1765303574.398341,31.412
1765303574.431791,317,256,1765303574.400312,31.479
1765303574.432168,318,256,1765303574.400717,31.451
1765303574.443106,319,256,1765303574.411737,31.368
1765303574.444638,320,256,1765303574.413301,31.337
1765303574.445352,321,256,1765303574.413443,31.909
1765303574.448426,322,256,1765303574.417037,31.389
1765303574.460921,323,256,1765303574.429178,31.743
1765303574.469169,324,256,1765303574.437724,31.446
1765303574.474343,325,256,1765303574.442962,31.380
1765303574.476785,326,256,1765303574.445317,31.467
1765303574.479828,327,256,1765303574.448386,31.442
1765303574.482089,328,256,1765303574.450738,31.351
1765303574.492287,329,256,1765303574.460842,31.445
1765303574.495468,330,256,1765303574.464070,31.398
1765303574.505930,331,256,1765303574.474255,31.676
1765303574.509034,332,256,1765303574.477489,31.544
1765303574.511163,333,256,1765303574.479789,31.374
1765303574.523169,334,256,1765303574.491793,31.375
1765303574.535077,335,256,1765303574.503541,31.536
1765303574.535427,336,256,1765303574.503627,31.801
1765303574.539365,337,256,1765303574.507833,31.532
1765303574.542247,338,256,1765303574.510855,31.392
1765303574.547419,339,256,1765303574.516044,31.375
1765303574.547866,340,256,1765303574.516276,31.590
1765303574.553568,341,256,1765303574.521883,31.685
1765303574.554219,342,256,1765303574.522829,31.390
1765303574.564387,343,256,1765303574.532987,31.400
1765303574.567972,344,256,1765303574.536646,31.326
1765303574.584521,345,256,1765303574.552955,31.566
1765303574.595964,346,256,1765303574.564571,31.392
1765303574.598742,347,256,1765303574.567341,31.401
1765303574.599751,348,256,1765303574.568358,31.393
1765303574.605639,349,256,1765303574.574122,31.518
1765303574.606463,350,256,1765303574.574859,31.604
1765303574.610899,351,256,1765303574.579496,31.403
1765303574.631876,352,256,1765303574.600314,31.561
1765303574.632505,353,256,1765303574.601136,31.369
1765303574.634989,354,256,1765303574.603655,31.334
1765303574.649696,355,256,1765303574.618273,31.423
1765303574.650097,356,256,1765303574.618336,31.761
1765303574.650632,357,256,1765303574.618725,31.907
1765303574.654875,358,256,1765303574.623514,31.361
1765303574.662516,359,256,1765303574.630740,31.776
1765303574.663276,360,256,1765303574.631675,31.601
1765303574.664586,361,256,1765303574.633183,31.403
1765303574.671115,362,256,1765303574.639247,31.868
1765303574.675821,363,256,1765303574.644241,31.580
1765303574.680030,364,256,1765303574.648527,31.503
1765303574.681195,365,256,1765303574.649818,31.377
1765303574.687401,366,256,1765303574.656006,31.395
1765303574.688056,367,256,1765303574.656645,31.411
1765303574.695967,368,256,1765303574.664470,31.497
1765303574.697180,369,256,1765303574.665646,31.533
1765303574.701296,370,256,1765303574.669831,31.465
1765303574.711091,371,256,1765303574.679532,31.559
1765303574.711525,372,256,1765303574.679647,31.878
1765303574.713550,373,256,1765303574.681039,32.512
1765303574.720046,374,256,1765303574.688444,31.602
1765303574.721636,375,256,1765303574.690164,31.472
1765303574.723794,376,256,1765303574.692255,31.539
1765303574.724689,377,256,1765303574.693135,31.554
1765303574.735948,378,256,1765303574.704393,31.555
1765303574.743400,379,256,1765303574.711840,31.560
1765303574.744314,380,256,1765303574.712459,31.855
1765303574.746181,381,256,1765303574.714638,31.543
1765303574.747874,382,256,1765303574.716216,31.658
1765303574.761402,383,256,1765303574.729800,31.603
1765303574.766162,384,256,1765303574.734506,31.656
1765303574.767151,385,256,1765303574.735380,31.771
1765303574.767599,386,256,1765303574.735528,32.071
1765303574.769914,387,256,1765303574.738479,31.435
1765303574.778332,388,256,1765303574.746774,31.558
1765303574.781612,389,256,1765303574.750018,31.594
1765303574.786999,390,256,1765303574.755515,31.485
1765303574.795237,391,256,1765303574.763643,31.594
1765303574.803837,392,256,1765303574.772052,31.785
1765303574.810841,393,256,1765303574.778996,31.845
1765303574.819004,394,256,1765303574.787451,31.553
1765303574.821560,395,256,1765303574.790129,31.431
1765303574.839761,396,256,1765303574.808283,31.478
1765303574.842308,397,256,1765303574.810766,31.542
1765303574.844569,398,256,1765303574.813084,31.485
1765303574.850128,399,256,1765303574.818649,31.479
1765303574.858957,400,256,1765303574.827572,31.386
1765303574.880256,401,256,1765303574.848730,31.526
1765303574.881125,402,256,1765303574.849765,31.360
1765303574.898651,403,256,1765303574.867090,31.561
1765303574.902746,404,256,1765303574.871335,31.411
1765303574.905232,405,256,1765303574.873807,31.425
1765303574.909859,406,256,1765303574.878228,31.631
1765303574.913030,407,256,1765303574.881605,31.425
1765303574.913826,408,256,1765303574.882490,31.336
1765303574.924827,409,256,1765303574.893275,31.552
1765303574.938150,410,256,1765303574.906704,31.445
1765303574.950602,411,256,1765303574.919198,31.404
1765303574.951268,412,256,1765303574.919956,31.312
1765303574.957925,413,256,1765303574.926464,31.461
1765303574.964913,414,256,1765303574.933513,31.400
1765303574.969297,415,256,1765303574.937881,31.417
1765303574.974056,416,256,1765303574.942537,31.519
1765303574.979347,417,256,1765303574.947845,31.501
1765303574.980919,418,256,1765303574.949523,31.396
1765303574.990999,419,256,1765303574.959369,31.630
1765303574.998586,420,256,1765303574.967176,31.410
1765303575.004033,421,256,1765303574.972540,31.493
1765303575.012413,422,256,1765303574.980659,31.754
1765303575.012844,423,256,1765303574.980873,31.971
1765303575.021089,424,256,1765303574.989574,31.514
1765303575.034927,425,256,1765303575.003402,31.525
1765303575.038740,426,256,1765303575.007282,31.458
1765303575.057948,427,256,1765303575.026465,31.483
1765303575.061612,428,256,1765303575.030266,31.347
1765303575.062058,429,256,1765303575.030294,31.764
1765303575.070300,430,256,1765303575.038897,31.403
1765303575.074851,431,256,1765303575.043465,31.386
1765303575.076403,432,256,1765303575.044566,31.837
1765303575.077180,433,256,1765303575.044990,32.190
1765303575.081217,434,256,1765303575.049806,31.411
1765303575.085516,435,256,1765303575.054157,31.359
1765303575.089181,436,256,1765303575.057770,31.411
1765303575.093147,437,256,1765303575.061763,31.384
1765303575.093638,438,256,1765303575.062153,31.485
1765303575.094066,439,256,1765303575.062536,31.531
1765303575.099775,440,256,1765303575.068457,31.318
1765303575.123235,441,256,1765303575.091785,31.450
1765303575.130480,442,256,1765303575.098865,31.615
1765303575.131458,443,256,1765303575.099983,31.474
1765303575.145529,444,256,1765303575.114030,31.499
1765303575.148715,445,256,1765303575.117188,31.527
1765303575.155189,446,256,1765303575.123647,31.541
1765303575.155563,447,256,1765303575.123692,31.872
1765303575.157912,448,256,1765303575.126493,31.419
1765303575.162949,449,256,1765303575.131538,31.411
1765303575.168074,450,256,1765303575.136548,31.526
1765303575.169469,451,256,1765303575.137973,31.496
1765303575.170347,452,256,1765303575.138877,31.470
1765303575.190443,453,256,1765303575.158985,31.458
1765303575.192179,454,256,1765303575.160829,31.350
1765303575.195807,455,256,1765303575.164489,31.318
1765303575.198193,456,256,1765303575.166500,31.693
1765303575.198664,457,256,1765303575.166643,32.021
1765303575.212245,458,256,1765303575.180878,31.367
1765303575.223465,459,256,1765303575.192075,31.390
1765303575.224188,460,256,1765303575.192778,31.410
1765303575.239585,461,256,1765303575.208132,31.453
1765303575.244670,462,256,1765303575.213334,31.337
1765303575.249603,463,256,1765303575.217949,31.654
1765303575.255394,464,256,1765303575.223667,31.727
1765303575.255829,465,256,1765303575.224042,31.786
1765303575.256298,466,256,1765303575.224689,31.609
1765303575.256943,467,256,1765303575.225596,31.347
1765303575.259788,468,256,1765303575.228388,31.400
1765303575.260178,469,256,1765303575.228583,31.595
1765303575.261339,470,256,1765303575.229589,31.750
1765303575.263731,471,256,1765303575.232118,31.613
1765303575.278886,472,256,1765303575.247517,31.369
1765303575.281509,473,256,1765303575.250051,31.458
1765303575.282090,474,256,1765303575.250714,31.377
1765303575.284768,475,256,1765303575.253372,31.396
1765303575.292254,476,256,1765303575.260813,31.441
1765303575.293190,477,256,1765303575.261827,31.362
1765303575.294153,478,256,1765303575.262788,31.366
1765303575.299974,479,256,1765303575.268235,31.739
1765303575.300525,480,256,1765303575.269171,31.353
1765303575.310133,481,256,1765303575.278671,31.461
1765303575.316215,482,256,1765303575.284698,31.517
1765303575.326045,483,256,1765303575.294489,31.556
1765303575.331357,484,256,1765303575.299952,31.405
1765303575.336476,485,256,1765303575.305001,31.475
1765303575.336931,486,256,1765303575.305343,31.588
1765303575.343268,487,256,1765303575.311724,31.544
1765303575.352089,488,256,1765303575.320701,31.389
1765303575.353735,489,256,1765303575.322419,31.316
1765303575.363819,490,256,1765303575.332308,31.511
1765303575.364242,491,256,1765303575.332476,31.766
1765303575.371095,492,256,1765303575.339567,31.528
1765303575.374750,493,256,1765303575.343215,31.535
1765303575.378422,494,256,1765303575.346879,31.542
1765303575.378828,495,256,1765303575.347120,31.708
1765303575.379312,496,256,1765303575.347684,31.627
1765303575.383945,497,256,1765303575.352425,31.520
1765303575.387246,498,256,1765303575.355770,31.475
1765303575.407439,499,256,1765303575.375885,31.554
1765303575.410785,500,256,1765303575.379408,31.377
1765303575.415254,501,256,1765303575.383777,31.478
1765303575.415830,502,256,1765303575.384494,31.336
1765303575.428571,503,256,1765303575.397050,31.522
1765303575.428926,504,256,1765303575.397179,31.747
1765303575.429471,505,256,1765303575.397491,31.980
1765303575.432026,506,256,1765303575.400624,31.403
1765303575.440774,507,256,1765303575.409242,31.532
1765303575.454218,508,256,1765303575.422724,31.494
1765303575.466831,509,256,1765303575.435285,31.546
1765303575.469404,510,256,1765303575.437908,31.496
1765303575.472869,511,256,1765303575.441421,31.448
1765303575.474745,512,256,1765303575.443343,31.402
1765303575.489842,513,256,1765303575.458422,31.420
1765303575.492814,514,256,1765303575.460860,31.954
1765303575.500975,515,256,1765303575.469482,31.493
1765303575.504310,516,256,1765303575.472804,31.506
1765303575.521108,517,256,1765303575.489638,31.470
1765303575.528139,518,256,1765303575.496644,31.494
1765303575.528852,519,256,1765303575.497375,31.477
1765303575.529552,520,256,1765303575.498044,31.508
1765303575.535083,521,256,1765303575.503623,31.460
1765303575.537347,522,256,1765303575.505922,31.425
1765303575.540742,523,256,1765303575.509303,31.440
1765303575.541257,524,256,1765303575.509913,31.344
1765303575.546342,525,256,1765303575.514782,31.559
1765303575.550642,526,256,1765303575.519250,31.393
1765303575.554750,527,256,1765303575.523378,31.373
1765303575.559226,528,256,1765303575.527730,31.496
1765303575.561864,529,256,1765303575.530524,31.340
1765303575.562337,530,256,1765303575.530570,31.767
1765303575.579592,531,256,1765303575.547345,32.248
1765303575.586146,532,256,1765303575.554726,31.420
1765303575.592855,533,256,1765303575.561498,31.356
1765303575.594986,534,256,1765303575.563530,31.456
1765303575.598895,535,256,1765303575.567493,31.402
1765303575.599339,536,256,1765303575.567596,31.743
1765303575.603338,537,256,1765303575.571805,31.533
1765303575.607601,538,256,1765303575.576067,31.534
1765303575.610777,539,256,1765303575.578438,32.339
1765303575.623853,540,256,1765303575.592432,31.421
1765303575.626168,541,256,1765303575.594723,31.445
1765303575.627574,542,256,1765303575.596179,31.395
1765303575.629480,543,256,1765303575.598078,31.401
1765303575.632504,544,256,1765303575.601063,31.441
1765303575.637142,545,256,1765303575.605742,31.401
1765303575.637583,546,256,1765303575.605842,31.741
1765303575.641248,547,256,1765303575.609795,31.453
1765303575.641729,548,256,1765303575.610010,31.719
1765303575.644028,549,256,1765303575.612628,31.399
1765303575.647297,550,256,1765303575.615868,31.430
1765303575.654551,551,256,1765303575.623112,31.439
1765303575.658388,552,256,1765303575.626744,31.644
1765303575.662417,553,256,1765303575.630957,31.460
1765303575.676957,554,256,1765303575.645564,31.393
1765303575.677377,555,256,1765303575.645717,31.660
1765303575.677850,556,256,1765303575.645755,32.094
1765303575.678507,557,256,1765303575.646382,32.125
1765303575.681004,558,256,1765303575.649617,31.387
1765303575.686785,559,256,1765303575.655324,31.461
1765303575.687673,560,256,1765303575.656308,31.365
1765303575.689606,561,256,1765303575.658143,31.463
1765303575.697137,562,256,1765303575.665593,31.545
1765303575.708875,563,256,1765303575.677470,31.405
1765303575.710705,564,256,1765303575.679256,31.449
1765303575.711165,565,256,1765303575.679317,31.848
1765303575.718107,566,256,1765303575.686722,31.385
1765303575.719494,567,256,1765303575.688030,31.464
1765303575.721694,568,256,1765303575.690233,31.461
1765303575.729762,569,256,1765303575.698222,31.539
1765303575.736994,570,256,1765303575.705434,31.560
1765303575.738282,571,256,1765303575.706854,31.428
1765303575.744484,572,256,1765303575.712876,31.608
1765303575.745618,573,256,1765303575.714181,31.437
1765303575.755052,574,256,1765303575.723575,31.478
1765303575.755634,575,256,1765303575.724166,31.468
1765303575.767203,576,256,1765303575.735675,31.528
1765303575.770666,577,256,1765303575.739268,31.398
1765303575.772407,578,256,1765303575.740998,31.409
1765303575.776072,579,256,1765303575.744535,31.537
1765303575.788323,580,256,1765303575.756824,31.500
1765303575.794162,581,256,1765303575.762703,31.459
1765303575.795959,582,256,1765303575.764508,31.451
1765303575.802989,583,256,1765303575.771240,31.749
1765303575.807784,584,256,1765303575.776237,31.546
1765303575.810253,585,256,1765303575.778736,31.517
1765303575.814557,586,256,1765303575.783065,31.492
1765303575.814982,587,256,1765303575.783155,31.826
1765303575.825571,588,256,1765303575.794192,31.379
1765303575.841252,589,256,1765303575.809734,31.518
1765303575.841964,590,256,1765303575.810323,31.641
1765303575.849153,591,256,1765303575.817765,31.388
1765303575.853624,592,256,1765303575.822228,31.395
1765303575.860671,593,256,1765303575.829202,31.468
1765303575.862628,594,256,1765303575.831008,31.620
1765303575.870781,595,256,1765303575.839137,31.644
1765303575.882438,596,256,1765303575.850962,31.476
1765303575.882835,597,256,1765303575.851280,31.555
1765303575.886054,598,256,1765303575.854667,31.387
1765303575.897871,599,256,1765303575.866372,31.499
1765303575.908410,600,256,1765303575.876935,31.474
1765303575.909613,601,256,1765303575.877859,31.754
1765303575.913397,602,256,1765303575.881943,31.453
1765303575.913844,603,256,1765303575.882358,31.486
1765303575.916072,604,256,1765303575.884717,31.355
1765303575.916801,605,256,1765303575.885374,31.427
1765303575.917303,606,256,1765303575.885839,31.464
1765303575.945830,607,256,1765303575.914367,31.463
1765303575.946901,608,256,1765303575.915518,31.383
1765303575.950847,609,256,1765303575.919420,31.426
1765303575.955855,610,256,1765303575.924500,31.356
1765303575.963040,611,256,1765303575.931535,31.506
1765303575.966351,612,256,1765303575.934931,31.420
1765303575.971029,613,256,1765303575.939663,31.365
1765303575.972332,614,256,1765303575.940827,31.506
1765303575.981797,615,256,1765303575.950095,31.702
1765303575.995284,616,256,1765303575.963840,31.444
1765303575.995706,617,256,1765303575.963951,31.755
1765303576.001827,618,256,1765303575.970360,31.467
1765303576.014626,619,256,1765303575.983153,31.472
1765303576.020308,620,256,1765303575.988786,31.521
1765303576.025182,621,256,1765303575.993658,31.524
1765303576.026304,622,256,1765303575.994874,31.430
1765303576.026866,623,256,1765303575.995018,31.848
1765303576.031034,624,256,1765303575.999516,31.517
1765303576.036139,625,256,1765303576.004437,31.701
1765303576.042855,626,256,1765303576.011282,31.573
1765303576.046317,627,256,1765303576.014852,31.466
1765303576.052884,628,256,1765303576.020909,31.976
1765303576.053901,629,256,1765303576.022472,31.429
1765303576.067071,630,256,1765303576.035599,31.473
1765303576.068151,631,256,1765303576.036785,31.365
1765303576.074662,632,256,1765303576.043240,31.422
1765303576.075620,633,256,1765303576.044090,31.530
1765303576.079598,634,256,1765303576.048179,31.419
1765303576.080107,635,256,1765303576.048289,31.818
1765303576.086169,636,256,1765303576.054663,31.505
1765303576.088903,637,256,1765303576.057082,31.821
1765303576.090819,638,256,1765303576.059400,31.420
1765303576.093560,639,256,1765303576.062063,31.497
1765303576.093966,640,256,1765303576.062515,31.451
1765303576.094768,641,256,1765303576.063346,31.422
1765303576.099581,642,256,1765303576.068199,31.381
1765303576.104999,643,256,1765303576.073510,31.489
1765303576.117991,644,256,1765303576.086388,31.604
1765303576.118333,645,256,1765303576.086690,31.643
1765303576.118818,646,256,1765303576.087003,31.815
1765303576.130733,647,256,1765303576.099215,31.518
1765303576.135152,648,256,1765303576.103632,31.519
1765303576.135603,649,256,1765303576.104221,31.382
1765303576.138847,650,256,1765303576.107377,31.470
1765303576.139299,651,256,1765303576.107643,31.656
1765303576.146409,652,256,1765303576.114846,31.563
1765303576.150977,653,256,1765303576.119521,31.456
1765303576.153535,654,256,1765303576.122068,31.466
1765303576.157918,655,256,1765303576.126440,31.478
1765303576.158308,656,256,1765303576.126969,31.339
1765303576.171924,657,256,1765303576.140393,31.531
1765303576.183629,658,256,1765303576.152080,31.550
1765303576.183990,659,256,1765303576.152572,31.419
1765303576.185689,660,256,1765303576.153839,31.850
1765303576.187821,661,256,1765303576.156367,31.454
1765303576.195098,662,256,1765303576.163540,31.558
1765303576.205524,663,256,1765303576.173800,31.724
1765303576.217640,664,256,1765303576.186126,31.513
1765303576.218991,665,256,1765303576.187521,31.470
1765303576.242919,666,256,1765303576.211398,31.521
1765303576.251865,667,256,1765303576.220244,31.621
1765303576.259699,668,256,1765303576.228165,31.533
1765303576.260241,669,256,1765303576.228842,31.398
1765303576.267333,670,256,1765303576.235687,31.645
1765303576.270637,671,256,1765303576.239220,31.417
1765303576.275927,672,256,1765303576.244456,31.471
1765303576.278561,673,256,1765303576.247132,31.429
1765303576.288493,674,256,1765303576.256970,31.523
1765303576.291548,675,256,1765303576.259767,31.781
1765303576.296209,676,256,1765303576.264703,31.506
1765303576.297653,677,256,1765303576.266192,31.461
1765303576.299141,678,256,1765303576.267736,31.404
1765303576.304444,679,256,1765303576.272963,31.480
1765303576.310590,680,256,1765303576.279077,31.513
1765303576.310979,681,256,1765303576.279204,31.775
1765303576.311463,682,256,1765303576.279530,31.933
1765303576.318989,683,256,1765303576.287479,31.510
1765303576.319613,684,256,1765303576.288244,31.368
1765303576.326391,685,256,1765303576.294853,31.538
1765303576.331131,686,256,1765303576.299250,31.881
1765303576.335500,687,256,1765303576.303979,31.521
1765303576.336365,688,256,1765303576.304844,31.521
1765303576.338831,689,256,1765303576.307290,31.541
1765303576.340087,690,256,1765303576.308582,31.506
1765303576.344942,691,256,1765303576.313456,31.486
1765303576.346021,692,256,1765303576.314594,31.427
1765303576.350358,693,256,1765303576.318461,31.896
1765303576.357538,694,256,1765303576.326060,31.478
1765303576.363788,695,256,1765303576.332302,31.486
1765303576.379326,696,256,1765303576.347481,31.845
1765303576.382503,697,256,1765303576.350969,31.534
1765303576.383116,698,256,1765303576.351706,31.410
1765303576.384441,699,256,1765303576.352993,31.448
1765303576.390157,700,256,1765303576.358692,31.464
1765303576.391598,701,256,1765303576.360156,31.443
1765303576.395399,702,256,1765303576.363904,31.495
1765303576.401777,703,256,1765303576.370253,31.524
1765303576.410080,704,256,1765303576.378625,31.455
1765303576.410509,705,256,1765303576.379013,31.496
1765303576.413005,706,256,1765303576.381615,31.390
1765303576.416269,707,256,1765303576.384902,31.367
1765303576.418020,708,256,1765303576.386545,31.475
1765303576.418767,709,256,1765303576.387416,31.351
1765303576.421809,710,256,1765303576.390428,31.382
1765303576.422909,711,256,1765303576.391551,31.358
1765303576.431553,712,256,1765303576.400169,31.384
1765303576.444247,713,256,1765303576.412804,31.443
1765303576.445486,714,256,1765303576.414134,31.352
1765303576.447539,715,256,1765303576.416123,31.416
1765303576.449155,716,256,1765303576.417369,31.787
1765303576.449585,717,256,1765303576.417421,32.164
1765303576.450956,718,256,1765303576.419545,31.410
1765303576.458747,719,256,1765303576.427264,31.483
1765303576.466408,720,256,1765303576.434973,31.435
1765303576.467369,721,256,1765303576.435797,31.572
1765303576.469246,722,256,1765303576.437869,31.377
1765303576.474389,723,256,1765303576.442971,31.419
1765303576.476620,724,256,1765303576.445211,31.409
1765303576.485867,725,256,1765303576.454433,31.435
1765303576.486316,726,256,1765303576.454506,31.810
1765303576.487029,727,256,1765303576.454671,32.357
1765303576.501166,728,256,1765303576.469691,31.475
1765303576.510779,729,256,1765303576.479335,31.444
1765303576.520190,730,256,1765303576.488633,31.557
1765303576.521070,731,256,1765303576.489594,31.475
1765303576.525889,732,256,1765303576.494260,31.629
1765303576.527308,733,256,1765303576.495730,31.578
1765303576.541953,734,256,1765303576.510307,31.646
1765303576.556159,735,256,1765303576.524482,31.677
1765303576.557347,736,256,1765303576.525840,31.507
1765303576.559141,737,256,1765303576.527517,31.624
1765303576.563246,738,256,1765303576.531858,31.387
1765303576.574481,739,256,1765303576.542934,31.547
1765303576.578307,740,256,1765303576.546665,31.641
1765303576.582551,741,256,1765303576.550879,31.672
1765303576.593745,742,256,1765303576.562228,31.517
1765303576.594124,743,256,1765303576.562718,31.405
1765303576.599783,744,256,1765303576.568129,31.654
1765303576.601994,745,256,1765303576.570484,31.511
1765303576.602432,746,256,1765303576.570727,31.705
1765303576.619375,747,256,1765303576.587916,31.459
1765303576.622495,748,256,1765303576.591059,31.436
1765303576.632203,749,256,1765303576.600673,31.530
1765303576.635835,750,256,1765303576.604005,31.831
1765303576.642741,751,256,1765303576.611289,31.452
1765303576.644031,752,256,1765303576.612674,31.356
1765303576.646292,753,256,1765303576.614918,31.374
1765303576.650104,754,256,1765303576.618663,31.441
1765303576.659980,755,256,1765303576.628400,31.581
1765303576.662319,756,256,1765303576.630805,31.514
1765303576.674706,757,256,1765303576.643023,31.683
1765303576.681127,758,256,1765303576.649652,31.475
1765303576.686279,759,256,1765303576.654856,31.423
1765303576.691013,760,256,1765303576.659573,31.440
1765303576.693364,761,256,1765303576.661925,31.439
1765303576.697604,762,256,1765303576.666158,31.445
1765303576.700346,763,256,1765303576.668927,31.420
1765303576.705566,764,256,1765303576.674145,31.422
1765303576.714041,765,256,1765303576.682653,31.388
1765303576.728084,766,256,1765303576.696606,31.478
1765303576.748326,767,256,1765303576.716853,31.473
1765303576.752313,768,256,1765303576.720770,31.542
1765303576.757361,769,256,1765303576.725876,31.485
1765303576.760834,770,256,1765303576.729377,31.457
1765303576.762331,771,256,1765303576.730843,31.488
1765303576.763757,772,256,1765303576.732286,31.470
1765303576.764223,773,256,1765303576.732736,31.487
1765303576.764662,774,256,1765303576.732835,31.827
1765303576.765127,775,256,1765303576.733012,32.115
1765303576.771873,776,256,1765303576.740429,31.444
1765303576.772783,777,256,1765303576.741391,31.392
1765303576.776994,778,256,1765303576.745543,31.451
1765303576.780427,779,256,1765303576.748930,31.497
1765303576.780873,780,256,1765303576.749102,31.771
1765303576.791600,781,256,1765303576.759845,31.755
1765303576.802010,782,256,1765303576.770462,31.548
1765303576.805372,783,256,1765303576.773935,31.437
1765303576.812505,784,256,1765303576.780972,31.534
1765303576.826819,785,256,1765303576.795345,31.474
1765303576.829401,786,256,1765303576.797566,31.834
1765303576.849266,787,256,1765303576.817796,31.470
1765303576.854949,788,256,1765303576.823501,31.448
1765303576.870331,789,256,1765303576.838875,31.457
1765303576.872928,790,256,1765303576.841344,31.584
1765303576.876070,791,256,1765303576.844622,31.447
1765303576.877278,792,256,1765303576.845852,31.425
1765303576.880360,793,256,1765303576.848937,31.423
1765303576.886343,794,256,1765303576.854896,31.447
1765303576.890477,795,256,1765303576.858966,31.511
1765303576.900404,796,256,1765303576.868932,31.472
1765303576.907322,797,256,1765303576.875682,31.640
1765303576.908086,798,256,1765303576.876590,31.496
1765303576.911875,799,256,1765303576.880211,31.664
1765303576.920904,800,256,1765303576.889406,31.498
1765303576.924624,801,256,1765303576.892932,31.692
1765303576.925370,802,256,1765303576.893794,31.577
1765303576.926682,803,256,1765303576.895271,31.411
1765303576.928566,804,256,1765303576.897116,31.450
1765303576.931771,805,256,1765303576.900304,31.468
1765303576.936891,806,256,1765303576.905438,31.453
1765303576.949088,807,256,1765303576.917431,31.657
1765303576.950828,808,256,1765303576.919419,31.410
1765303576.961952,809,256,1765303576.930501,31.451
1765303576.962365,810,256,1765303576.930614,31.751
1765303576.968955,811,256,1765303576.937508,31.446
1765303576.974267,812,256,1765303576.942504,31.762
1765303576.976797,813,256,1765303576.945028,31.770
1765303576.985911,814,256,1765303576.954383,31.528
1765303576.990658,815,256,1765303576.959149,31.509
1765303576.999960,816,256,1765303576.968170,31.790
1765303577.003957,817,256,1765303576.972347,31.610
1765303577.020505,818,256,1765303576.988966,31.540
1765303577.024598,819,256,1765303576.993089,31.508
1765303577.025028,820,256,1765303576.993521,31.506
1765303577.027169,821,256,1765303576.995650,31.519
1765303577.027664,822,256,1765303576.996179,31.485
1765303577.036675,823,256,1765303577.005139,31.536
1765303577.039731,824,256,1765303577.008227,31.504
1765303577.052736,825,256,1765303577.021149,31.586
1765303577.057899,826,256,1765303577.026288,31.611
1765303577.058215,827,256,1765303577.026490,31.725
1765303577.059290,828,256,1765303577.027864,31.426
1765303577.073561,829,256,1765303577.042009,31.552
1765303577.075526,830,256,1765303577.043994,31.532
1765303577.075938,831,256,1765303577.044186,31.752
1765303577.076743,832,256,1765303577.045260,31.483
1765303577.085053,833,256,1765303577.053268,31.785
1765303577.090969,834,256,1765303577.059407,31.561
1765303577.091689,835,256,1765303577.060242,31.447
1765303577.107185,836,256,1765303577.075663,31.522
1765303577.111026,837,256,1765303577.079545,31.481
1765303577.113365,838,256,1765303577.081692,31.674
1765303577.117734,839,256,1765303577.086287,31.447
1765303577.134554,840,256,1765303577.103032,31.522
1765303577.145730,841,256,1765303577.114310,31.420
1765303577.151136,842,256,1765303577.119683,31.454
1765303577.161918,843,256,1765303577.130394,31.524
1765303577.163893,844,256,1765303577.132347,31.546
1765303577.164993,845,256,1765303577.133457,31.537
1765303577.168591,846,256,1765303577.137105,31.486
1765303577.170682,847,256,1765303577.138916,31.766
1765303577.172739,848,256,1765303577.141234,31.506
1765303577.178033,849,256,1765303577.146495,31.538
1765303577.192814,850,256,1765303577.160879,31.936
1765303577.193705,851,256,1765303577.162268,31.436
1765303577.201110,852,256,1765303577.169262,31.848
1765303577.201236,853,256,1765303577.169424,31.812
1765303577.206763,854,256,1765303577.174899,31.864
1765303577.209602,855,256,1765303577.177597,32.004
1765303577.209867,856,256,1765303577.177683,32.184
1765303577.214204,857,256,1765303577.182562,31.643
1765303577.214509,858,256,1765303577.182682,31.827
1765303577.222079,859,256,1765303577.190416,31.663
1765303577.230767,860,256,1765303577.199081,31.686
1765303577.235088,861,256,1765303577.203690,31.399
1765303577.238310,862,256,1765303577.206815,31.495
1765303577.243287,863,256,1765303577.211857,31.430
1765303577.244093,864,256,1765303577.212430,31.663
1765303577.246203,865,256,1765303577.214757,31.446
1765303577.248950,866,256,1765303577.217566,31.384
1765303577.252913,867,256,1765303577.221516,31.397
1765303577.253392,868,256,1765303577.221948,31.444
1765303577.254779,869,256,1765303577.223389,31.390
1765303577.255765,870,256,1765303577.224320,31.445
1765303577.261240,871,256,1765303577.229667,31.574
1765303577.268687,872,256,1765303577.237092,31.595
1765303577.287517,873,256,1765303577.256034,31.483
1765303577.295452,874,256,1765303577.263905,31.547
1765303577.298140,875,256,1765303577.266692,31.448
1765303577.306243,876,256,1765303577.274706,31.537
1765303577.313354,877,256,1765303577.281828,31.526
1765303577.314311,878,256,1765303577.282884,31.427
1765303577.319837,879,256,1765303577.288332,31.505
1765303577.322696,880,256,1765303577.291185,31.511
1765303577.324997,881,256,1765303577.293542,31.455
1765303577.333089,882,256,1765303577.301537,31.552
1765303577.337125,883,256,1765303577.305627,31.498
1765303577.339281,884,256,1765303577.307737,31.543
1765303577.341138,885,256,1765303577.309647,31.492
1765303577.342676,886,256,1765303577.311062,31.614
1765303577.353002,887,256,1765303577.321434,31.568
1765303577.359068,888,256,1765303577.327503,31.564
1765303577.365104,889,256,1765303577.333518,31.587
1765303577.367679,890,256,1765303577.336128,31.551
1765303577.380240,891,256,1765303577.348603,31.637
1765303577.390916,892,256,1765303577.359446,31.470
1765303577.397930,893,256,1765303577.366319,31.612
1765303577.407004,894,256,1765303577.375533,31.471
1765303577.412354,895,256,1765303577.380880,31.474
1765303577.432898,896,256,1765303577.401486,31.412
1765303577.436240,897,256,1765303577.404862,31.378
1765303577.436684,898,256,1765303577.404957,31.728
1765303577.440323,899,256,1765303577.408984,31.339
1765303577.441227,900,256,1765303577.409302,31.925
1765303577.443168,901,256,1765303577.411738,31.430
1765303577.458035,902,256,1765303577.426656,31.379
1765303577.468326,903,256,1765303577.436908,31.418
1765303577.469246,904,256,1765303577.437844,31.402
1765303577.470163,905,256,1765303577.438750,31.413
1765303577.473803,906,256,1765303577.442406,31.397
1765303577.474750,907,256,1765303577.443336,31.414
1765303577.478858,908,256,1765303577.447459,31.399
1765303577.479762,909,256,1765303577.448291,31.472
1765303577.484051,910,256,1765303577.452553,31.498
1765303577.485807,911,256,1765303577.454424,31.383
1765303577.492376,912,256,1765303577.460694,31.682
1765303577.494613,913,256,1765303577.463114,31.499
1765303577.495824,914,256,1765303577.464206,31.618
1765303577.523368,915,256,1765303577.491952,31.416
1765303577.524357,916,256,1765303577.492670,31.687
1765303577.528408,917,256,1765303577.497015,31.392
1765303577.528884,918,256,1765303577.497068,31.815
1765303577.530365,919,256,1765303577.498343,32.023
1765303577.537906,920,256,1765303577.506499,31.407
1765303577.543387,921,256,1765303577.511971,31.416
1765303577.548404,922,256,1765303577.517031,31.373
1765303577.553675,923,256,1765303577.522184,31.491
1765303577.555504,924,256,1765303577.523717,31.786
1765303577.562907,925,256,1765303577.531456,31.451
1765303577.565041,926,256,1765303577.533535,31.506
1765303577.569259,927,256,1765303577.537835,31.423
1765303577.569750,928,256,1765303577.537884,31.865
1765303577.573290,929,256,1765303577.541688,31.602
1765303577.589937,930,256,1765303577.558333,31.605
1765303577.596297,931,256,1765303577.564680,31.616
1765303577.596678,932,256,1765303577.565220,31.458
1765303577.600086,933,256,1765303577.568592,31.495
1765303577.600521,934,256,1765303577.569039,31.482
1765303577.604656,935,256,1765303577.573132,31.524
1765303577.605777,936,256,1765303577.574354,31.422
1765303577.614535,937,256,1765303577.583039,31.496
1765303577.615055,938,256,1765303577.583683,31.372
1765303577.619436,939,256,1765303577.587880,31.556
1765303577.619841,940,256,1765303577.588047,31.794
1765303577.629910,941,256,1765303577.598328,31.581
1765303577.634333,942,256,1765303577.602831,31.502
1765303577.636574,943,256,1765303577.604919,31.654
1765303577.638578,944,256,1765303577.607013,31.565
1765303577.642108,945,256,1765303577.610464,31.644
1765303577.642884,946,256,1765303577.611288,31.596
1765303577.643662,947,256,1765303577.612137,31.525
1765303577.660805,948,256,1765303577.629130,31.675
1765303577.663649,949,256,1765303577.632095,31.554
1765303577.674863,950,256,1765303577.643036,31.826
1765303577.677310,951,256,1765303577.645778,31.532
1765303577.679469,952,256,1765303577.647948,31.521
1765303577.687622,953,256,1765303577.656027,31.595
1765303577.695885,954,256,1765303577.664327,31.558
1765303577.697402,955,256,1765303577.665926,31.476
1765303577.700466,956,256,1765303577.668943,31.523
1765303577.712684,957,256,1765303577.681106,31.577
1765303577.729050,958,256,1765303577.697525,31.525
1765303577.730493,959,256,1765303577.698973,31.520
1765303577.735906,960,256,1765303577.704278,31.628
1765303577.741046,961,256,1765303577.709438,31.608
1765303577.748743,962,256,1765303577.717169,31.574
1765303577.749191,963,256,1765303577.717574,31.617
1765303577.750554,964,256,1765303577.719086,31.468
1765303577.751078,965,256,1765303577.719376,31.703
1765303577.754390,966,256,1765303577.722583,31.807
1765303577.773116,967,256,1765303577.741561,31.555
1765303577.783100,968,256,1765303577.751545,31.554
1765303577.789109,969,256,1765303577.757571,31.538
1765303577.790449,970,256,1765303577.759001,31.448
1765303577.795319,971,256,1765303577.763736,31.583
1765303577.801276,972,256,1765303577.769737,31.539
1765303577.804179,973,256,1765303577.772549,31.630
1765303577.808110,974,256,1765303577.776610,31.500
1765303577.808533,975,256,1765303577.776826,31.707
1765303577.813242,976,256,1765303577.781740,31.503
1765303577.824613,977,256,1765303577.793031,31.582
1765303577.829483,978,256,1765303577.797955,31.527
1765303577.837583,979,256,1765303577.805965,31.618
1765303577.855646,980,256,1765303577.824016,31.630
1765303577.858773,981,256,1765303577.827139,31.633
1765303577.874474,982,256,1765303577.842845,31.628
1765303577.878451,983,256,1765303577.846846,31.605
1765303577.880992,984,256,1765303577.849565,31.427
1765303577.884514,985,256,1765303577.852974,31.539
1765303577.895898,986,256,1765303577.864338,31.559
1765303577.907044,987,256,1765303577.875551,31.493
1765303577.907408,988,256,1765303577.875742,31.667
1765303577.912676,989,256,1765303577.881025,31.650
1765303577.923819,990,256,1765303577.891869,31.950
1765303577.928594,991,256,1765303577.897155,31.440
1765303577.944259,992,256,1765303577.912748,31.511
1765303577.952476,993,256,1765303577.920948,31.528
1765303577.959706,994,256,1765303577.928054,31.652
1765303577.960591,995,256,1765303577.929131,31.461
1765303577.963218,996,256,1765303577.931698,31.519
1765303577.965875,997,256,1765303577.934388,31.487
1765303577.983510,998,256,1765303577.951913,31.597
1765303577.987050,999,256,1765303577.955446,31.604
1765303577.988795,1000,256,1765303577.956986,31.810
1765303577.989673,1001,256,1765303577.958147,31.527
1765303577.990769,1002,256,1765303577.959344,31.425
1765303577.996073,1003,256,1765303577.964343,31.730
1765303577.996305,1004,256,1765303577.964735,31.570
1765303578.001675,1005,256,1765303577.970005,31.670
1765303578.003771,1006,256,1765303577.972124,31.647
1765303578.010784,1007,256,1765303577.979215,31.569
1765303578.025302,1008,256,1765303577.993736,31.566
1765303578.029671,1009,256,1765303577.998059,31.613
1765303578.043156,1010,256,1765303578.011723,31.433
1765303578.053236,1011,256,1765303578.021470,31.766
1765303578.058033,1012,256,1765303578.026645,31.388
1765303578.066017,1013,256,1765303578.034578,31.440
1765303578.069307,1014,256,1765303578.037895,31.411
1765303578.071477,1015,256,1765303578.040102,31.375
1765303578.072135,1016,256,1765303578.040735,31.400
1765303578.076934,1017,256,1765303578.045492,31.442
1765303578.078019,1018,256,1765303578.046586,31.433
1765303578.081335,1019,256,1765303578.049917,31.418
1765303578.091321,1020,256,1765303578.059451,31.870
1765303578.113466,1021,256,1765303578.081947,31.519
1765303578.117243,1022,256,1765303578.085768,31.475
1765303578.118523,1023,256,1765303578.087039,31.484
1765303578.125633,1024,256,1765303578.093835,31.799
1765303578.127846,1025,256,1765303578.096419,31.428
1765303578.132659,1026,256,1765303578.101182,31.476
1765303578.138054,1027,256,1765303578.106590,31.465
1765303578.146741,1028,256,1765303578.115225,31.515
1765303578.147177,1029,256,1765303578.115365,31.812
1765303578.147917,1030,256,1765303578.116402,31.515
1765303578.149172,1031,256,1765303578.117754,31.418
1765303578.149631,1032,256,1765303578.118195,31.436
1765303578.156900,1033,256,1765303578.125453,31.447
1765303578.166003,1034,256,1765303578.134350,31.654
1765303578.166233,1035,256,1765303578.134495,31.739
1765303578.169981,1036,256,1765303578.138455,31.525
1765303578.182524,1037,256,1765303578.150974,31.550
1765303578.184827,1038,256,1765303578.153093,31.733
1765303578.195174,1039,256,1765303578.163597,31.577
1765303578.199212,1040,256,1765303578.167681,31.531
1765303578.206511,1041,256,1765303578.174839,31.672
1765303578.208480,1042,256,1765303578.176677,31.802
1765303578.211380,1043,256,1765303578.179814,31.566
1765303578.213564,1044,256,1765303578.182096,31.468
1765303578.222739,1045,256,1765303578.191024,31.715
1765303578.224032,1046,256,1765303578.192494,31.538
1765303578.226644,1047,256,1765303578.195027,31.617
1765303578.238543,1048,256,1765303578.206767,31.777
1765303578.241954,1049,256,1765303578.210251,31.703
1765303578.254400,1050,256,1765303578.222704,31.696
1765303578.261794,1051,256,1765303578.229800,31.995
1765303578.268564,1052,256,1765303578.236937,31.627
1765303578.273824,1053,256,1765303578.242246,31.579
1765303578.283418,1054,256,1765303578.251719,31.698
1765303578.283642,1055,256,1765303578.252200,31.442
1765303578.285448,1056,256,1765303578.253789,31.658
1765303578.288331,1057,256,1765303578.256429,31.902
1765303578.288480,1058,256,1765303578.256608,31.871
1765303578.295839,1059,256,1765303578.264181,31.658
1765303578.297649,1060,256,1765303578.265953,31.696
1765303578.301548,1061,256,1765303578.269963,31.585
1765303578.301977,1062,256,1765303578.270501,31.476
1765303578.308209,1063,256,1765303578.276560,31.649
1765303578.310970,1064,256,1765303578.279387,31.582
1765303578.314206,1065,256,1765303578.282426,31.780
1765303578.314642,1066,256,1765303578.283245,31.397
1765303578.321440,1067,256,1765303578.289957,31.483
1765303578.330276,1068,256,1765303578.298820,31.456
1765303578.331952,1069,256,1765303578.300534,31.418
1765303578.336852,1070,256,1765303578.305309,31.543
1765303578.337932,1071,256,1765303578.306316,31.616
1765303578.339188,1072,256,1765303578.307745,31.442
1765303578.339992,1073,256,1765303578.308328,31.664
1765303578.341802,1074,256,1765303578.310334,31.468
1765303578.342669,1075,256,1765303578.311108,31.561
1765303578.345585,1076,256,1765303578.313986,31.598
1765303578.357477,1077,256,1765303578.325991,31.485
1765303578.358150,1078,256,1765303578.326723,31.427
1765303578.361412,1079,256,1765303578.330010,31.402
1765303578.372324,1080,256,1765303578.340863,31.460
1765303578.376375,1081,256,1765303578.344694,31.682
1765303578.376653,1082,256,1765303578.344818,31.836
1765303578.378406,1083,256,1765303578.346878,31.528
1765303578.379245,1084,256,1765303578.347729,31.516
1765303578.393249,1085,256,1765303578.361315,31.934
1765303578.393681,1086,256,1765303578.362080,31.600
1765303578.394540,1087,256,1765303578.363044,31.496
1765303578.394955,1088,256,1765303578.363095,31.860
1765303578.395343,1089,256,1765303578.363627,31.715
1765303578.395995,1090,256,1765303578.364647,31.348
1765303578.419504,1091,256,1765303578.388087,31.417
1765303578.427596,1092,256,1765303578.396052,31.544
1765303578.432432,1093,256,1765303578.400945,31.486
1765303578.439933,1094,256,1765303578.408321,31.611
1765303578.440193,1095,256,1765303578.408833,31.360
1765303578.441705,1096,256,1765303578.410335,31.371
1765303578.443566,1097,256,1765303578.412200,31.366
1765303578.450294,1098,256,1765303578.418914,31.380
1765303578.453228,1099,256,1765303578.421851,31.378
1765303578.455843,1100,256,1765303578.424472,31.370
1765303578.471815,1101,256,1765303578.440423,31.392
1765303578.484408,1102,256,1765303578.453005,31.404
1765303578.489524,1103,256,1765303578.458118,31.406
1765303578.494818,1104,256,1765303578.463343,31.476
1765303578.500218,1105,256,1765303578.468792,31.426
1765303578.511804,1106,256,1765303578.480410,31.395
1765303578.513243,1107,256,1765303578.481858,31.385
1765303578.529328,1108,256,1765303578.497936,31.393
1765303578.531206,1109,256,1765303578.499813,31.394
1765303578.531695,1110,256,1765303578.500113,31.581
1765303578.533261,1111,256,1765303578.501905,31.356
1765303578.534822,1112,256,1765303578.503238,31.584
1765303578.540851,1113,256,1765303578.509481,31.370
1765303578.551762,1114,256,1765303578.520411,31.351
1765303578.553607,1115,256,1765303578.521935,31.671
1765303578.557157,1116,256,1765303578.525740,31.417
1765303578.560564,1117,256,1765303578.529180,31.384
1765303578.562325,1118,256,1765303578.530737,31.588
1765303578.564886,1119,256,1765303578.533496,31.390
1765303578.567025,1120,256,1765303578.535485,31.540
1765303578.575393,1121,256,1765303578.544032,31.361
1765303578.582843,1122,256,1765303578.550962,31.881
1765303578.586421,1123,256,1765303578.554845,31.577
1765303578.588613,1124,256,1765303578.557100,31.512
1765303578.589221,1125,256,1765303578.557748,31.473
1765303578.589613,1126,256,1765303578.557937,31.675
1765303578.599440,1127,256,1765303578.567984,31.456
1765303578.602386,1128,256,1765303578.570932,31.454
1765303578.614013,1129,256,1765303578.582540,31.473
1765303578.618706,1130,256,1765303578.587230,31.476
1765303578.622116,1131,256,1765303578.590681,31.435
1765303578.623726,1132,256,1765303578.592350,31.376
1765303578.633841,1133,256,1765303578.602359,31.481
1765303578.635450,1134,256,1765303578.604021,31.429
1765303578.649162,1135,256,1765303578.617727,31.435
1765303578.658407,1136,256,1765303578.626901,31.506
1765303578.659129,1137,256,1765303578.627046,32.083
1765303578.660462,1138,256,1765303578.629050,31.412
1765303578.663028,1139,256,1765303578.631653,31.375
1765303578.665704,1140,256,1765303578.634193,31.510
1765303578.668564,1141,256,1765303578.637154,31.410
1765303578.670458,1142,256,1765303578.639080,31.379
1765303578.671874,1143,256,1765303578.640533,31.341
1765303578.674441,1144,256,1765303578.642845,31.596
1765303578.679593,1145,256,1765303578.648149,31.443
1765303578.680615,1146,256,1765303578.649252,31.363
1765303578.681501,1147,256,1765303578.650102,31.399
1765303578.682317,1148,256,1765303578.650916,31.402
1765303578.690661,1149,256,1765303578.659285,31.376
1765303578.697745,1150,256,1765303578.666378,31.367
1765303578.698216,1151,256,1765303578.666497,31.720
1765303578.698664,1152,256,1765303578.666903,31.761
1765303578.699473,1153,256,1765303578.668131,31.342
1765303578.706319,1154,256,1765303578.674935,31.384
1765303578.709679,1155,256,1765303578.678319,31.359
1765303578.721634,1156,256,1765303578.690249,31.385
1765303578.724461,1157,256,1765303578.693082,31.379
1765303578.729302,1158,256,1765303578.697849,31.453
1765303578.730120,1159,256,1765303578.698704,31.416
1765303578.730777,1160,256,1765303578.699436,31.342
1765303578.757756,1161,256,1765303578.726257,31.499
1765303578.760505,1162,256,1765303578.729093,31.412
1765303578.762014,1163,256,1765303578.730401,31.613
1765303578.774311,1164,256,1765303578.742507,31.804
1765303578.778767,1165,256,1765303578.747289,31.478
1765303578.784906,1166,256,1765303578.753343,31.564
1765303578.789826,1167,256,1765303578.758245,31.582
1765303578.800563,1168,256,1765303578.769079,31.483
1765303578.802453,1169,256,1765303578.770898,31.556
1765303578.815615,1170,256,1765303578.784022,31.593
1765303578.816822,1171,256,1765303578.785401,31.421
1765303578.826230,1172,256,1765303578.794772,31.457
1765303578.832802,1173,256,1765303578.801033,31.769
1765303578.837408,1174,256,1765303578.805875,31.533
1765303578.861799,1175,256,1765303578.830272,31.527
1765303578.864560,1176,256,1765303578.832741,31.819
1765303578.867289,1177,256,1765303578.835867,31.422
1765303578.868852,1178,256,1765303578.837401,31.452
1765303578.869227,1179,256,1765303578.837740,31.487
1765303578.871914,1180,256,1765303578.840519,31.394
1765303578.875399,1181,256,1765303578.843905,31.494
1765303578.878410,1182,256,1765303578.847014,31.396
1765303578.878866,1183,256,1765303578.847215,31.651
1765303578.892706,1184,256,1765303578.860948,31.758
1765303578.896433,1185,256,1765303578.864951,31.482
1765303578.907401,1186,256,1765303578.875969,31.432
1765303578.911914,1187,256,1765303578.880445,31.470
1765303578.917081,1188,256,1765303578.885552,31.529
1765303578.917869,1189,256,1765303578.886488,31.381
1765303578.922173,1190,256,1765303578.890723,31.450
1765303578.924550,1191,256,1765303578.893038,31.512
1765303578.924982,1192,256,1765303578.893418,31.564
1765303578.936293,1193,256,1765303578.904855,31.438
1765303578.937526,1194,256,1765303578.906147,31.379
1765303578.942514,1195,256,1765303578.911088,31.426
1765303578.944092,1196,256,1765303578.912642,31.450
1765303578.947330,1197,256,1765303578.915896,31.434
1765303578.948044,1198,256,1765303578.916659,31.385
1765303578.951686,1199,256,1765303578.920228,31.458
1765303578.953505,1200,256,1765303578.922083,31.422
1765303578.954706,1201,256,1765303578.923300,31.406
1765303578.966745,1202,256,1765303578.935258,31.487
1765303578.968023,1203,256,1765303578.936591,31.432
1765303578.968619,1204,256,1765303578.937217,31.402
1765303578.972462,1205,256,1765303578.941078,31.385
1765303578.975047,1206,256,1765303578.943660,31.386
1765303578.979689,1207,256,1765303578.948226,31.463
1765303578.982019,1208,256,1765303578.950227,31.792
1765303578.983785,1209,256,1765303578.952296,31.489
1765303578.986998,1210,256,1765303578.955375,31.623
1765303578.993888,1211,256,1765303578.962359,31.529
1765303579.004022,1212,256,1765303578.972157,31.865
1765303579.009647,1213,256,1765303578.978047,31.600
1765303579.010512,1214,256,1765303578.978799,31.713
1765303579.020197,1215,256,1765303578.988463,31.734
1765303579.022968,1216,256,1765303578.991215,31.753
1765303579.036585,1217,256,1765303579.005090,31.495
1765303579.042603,1218,256,1765303579.011156,31.447
1765303579.043058,1219,256,1765303579.011388,31.670
1765303579.043509,1220,256,1765303579.011849,31.659
1765303579.043975,1221,256,1765303579.012014,31.961
1765303579.048504,1222,256,1765303579.017028,31.476
1765303579.050633,1223,256,1765303579.019199,31.435
1765303579.058859,1224,256,1765303579.027417,31.442
1765303579.071805,1225,256,1765303579.039959,31.845
1765303579.074942,1226,256,1765303579.043382,31.560
1765303579.075342,1227,256,1765303579.043536,31.806
1765303579.077627,1228,256,1765303579.046134,31.493
1765303579.080470,1229,256,1765303579.049046,31.424
1765303579.094939,1230,256,1765303579.063376,31.563
1765303579.097358,1231,256,1765303579.065860,31.498
1765303579.097698,1232,256,1765303579.066121,31.578
1765303579.104150,1233,256,1765303579.072757,31.393
1765303579.111815,1234,256,1765303579.080314,31.501
1765303579.113885,1235,256,1765303579.082406,31.480
1765303579.128649,1236,256,1765303579.097138,31.511
1765303579.129046,1237,256,1765303579.097373,31.673
1765303579.134181,1238,256,1765303579.102757,31.424
1765303579.136180,1239,256,1765303579.104679,31.501
1765303579.138619,1240,256,1765303579.107024,31.595
1765303579.139042,1241,256,1765303579.107533,31.509
1765303579.142967,1242,256,1765303579.111531,31.435
1765303579.154218,1243,256,1765303579.122815,31.403
1765303579.159201,1244,256,1765303579.127757,31.444
1765303579.165258,1245,256,1765303579.133857,31.400
1765303579.169124,1246,256,1765303579.137577,31.547
1765303579.179830,1247,256,1765303579.148441,31.390
1765303579.180922,1248,256,1765303579.149462,31.460
1765303579.181977,1249,256,1765303579.150495,31.482
1765303579.185530,1250,256,1765303579.153854,31.677
1765303579.189888,1251,256,1765303579.158251,31.637
1765303579.194168,1252,256,1765303579.162799,31.369
1765303579.195402,1253,256,1765303579.163820,31.582
1765303579.196149,1254,256,1765303579.164804,31.345
1765303579.204630,1255,256,1765303579.172758,31.872
1765303579.205761,1256,256,1765303579.174220,31.541
1765303579.210728,1257,256,1765303579.179079,31.650
1765303579.216596,1258,256,1765303579.185009,31.587
1765303579.218045,1259,256,1765303579.186502,31.543
1765303579.223579,1260,256,1765303579.191340,32.239
1765303579.233811,1261,256,1765303579.202289,31.523
1765303579.236936,1262,256,1765303579.205449,31.487
1765303579.249337,1263,256,1765303579.217892,31.446
1765303579.255544,1264,256,1765303579.223881,31.662
1765303579.259581,1265,256,1765303579.227995,31.586
1765303579.270498,1266,256,1765303579.239009,31.489
1765303579.272599,1267,256,1765303579.241160,31.439
1765303579.275750,1268,256,1765303579.244232,31.518
1765303579.282807,1269,256,1765303579.251168,31.639
1765303579.283316,1270,256,1765303579.251949,31.368
1765303579.289078,1271,256,1765303579.257572,31.506
1765303579.294656,1272,256,1765303579.262901,31.756
1765303579.295088,1273,256,1765303579.263432,31.657
1765303579.300476,1274,256,1765303579.268896,31.579
1765303579.304442,1275,256,1765303579.272685,31.757
1765303579.311213,1276,256,1765303579.279646,31.566
1765303579.317546,1277,256,1765303579.285971,31.575
1765303579.321043,1278,256,1765303579.289511,31.532
1765303579.324520,1279,256,1765303579.293096,31.424
1765303579.325763,1280,256,1765303579.294081,31.682
1765303579.330326,1281,256,1765303579.298871,31.454
1765303579.336226,1282,256,1765303579.304746,31.480
1765303579.351536,1283,256,1765303579.320041,31.495
1765303579.354946,1284,256,1765303579.323515,31.431
1765303579.369477,1285,256,1765303579.337733,31.744
1765303579.370611,1286,256,1765303579.339153,31.457
1765303579.374310,1287,256,1765303579.342769,31.540
1765303579.377212,1288,256,1765303579.345762,31.450
1765303579.378666,1289,256,1765303579.347259,31.407
1765303579.388099,1290,256,1765303579.356374,31.726
1765303579.388564,1291,256,1765303579.356476,32.087
1765303579.389895,1292,256,1765303579.358495,31.400
1765303579.399126,1293,256,1765303579.367209,31.917
1765303579.401255,1294,256,1765303579.369774,31.480
1765303579.413951,1295,256,1765303579.382511,31.440
1765303579.415263,1296,256,1765303579.383098,32.165
1765303579.415922,1297,256,1765303579.384290,31.632
1765303579.417421,1298,256,1765303579.385966,31.455
1765303579.418619,1299,256,1765303579.387170,31.449
1765303579.420011,1300,256,1765303579.388536,31.475
1765303579.429456,1301,256,1765303579.398032,31.424
1765303579.444270,1302,256,1765303579.412735,31.535
1765303579.444578,1303,256,1765303579.412828,31.749
1765303579.450118,1304,256,1765303579.418629,31.489
1765303579.450549,1305,256,1765303579.419039,31.509
1765303579.458393,1306,256,1765303579.426980,31.412
1765303579.468238,1307,256,1765303579.436769,31.469
1765303579.471547,1308,256,1765303579.440009,31.538
1765303579.474489,1309,256,1765303579.443062,31.427
1765303579.479484,1310,256,1765303579.448007,31.476
1765303579.482309,1311,256,1765303579.450846,31.463
1765303579.484618,1312,256,1765303579.453175,31.444
1765303579.486184,1313,256,1765303579.454677,31.507
1765303579.488311,1314,256,1765303579.456856,31.456
1765303579.506423,1315,256,1765303579.474484,31.939
1765303579.512093,1316,256,1765303579.480527,31.566
1765303579.513387,1317,256,1765303579.481970,31.418
1765303579.522882,1318,256,1765303579.491323,31.559
1765303579.523320,1319,256,1765303579.491967,31.353
1765303579.524648,1320,256,1765303579.493134,31.514
1765303579.533359,1321,256,1765303579.501508,31.851
1765303579.535682,1322,256,1765303579.504191,31.491
1765303579.540332,1323,256,1765303579.508779,31.553
1765303579.540746,1324,256,1765303579.509012,31.734
1765303579.545514,1325,256,1765303579.513971,31.543
1765303579.548272,1326,256,1765303579.516775,31.497
1765303579.555074,1327,256,1765303579.523593,31.481
1765303579.556548,1328,256,1765303579.525096,31.451
1765303579.570568,1329,256,1765303579.539044,31.524
1765303579.570977,1330,256,1765303579.539572,31.406
1765303579.574731,1331,256,1765303579.543258,31.472
1765303579.581336,1332,256,1765303579.549828,31.508
1765303579.587594,1333,256,1765303579.556163,31.432
1765303579.593666,1334,256,1765303579.562041,31.625
1765303579.610563,1335,256,1765303579.579023,31.540
1765303579.622401,1336,256,1765303579.590925,31.476
1765303579.628843,1337,256,1765303579.597423,31.420
1765303579.632360,1338,256,1765303579.600963,31.398
1765303579.647485,1339,256,1765303579.616025,31.460
1765303579.653327,1340,256,1765303579.621960,31.367
1765303579.661625,1341,256,1765303579.630264,31.362
1765303579.662166,1342,256,1765303579.630543,31.623
1765303579.664337,1343,256,1765303579.632829,31.508
1765303579.669439,1344,256,1765303579.638055,31.384
1765303579.671339,1345,256,1765303579.639859,31.481
1765303579.674893,1346,256,1765303579.643512,31.381
1765303579.676365,1347,256,1765303579.645014,31.351
1765303579.678226,1348,256,1765303579.646818,31.408
1765303579.682698,1349,256,1765303579.651314,31.383
1765303579.687679,1350,256,1765303579.656158,31.521
1765303579.689685,1351,256,1765303579.658258,31.427
1765303579.692897,1352,256,1765303579.661516,31.381
1765303579.693349,1353,256,1765303579.661549,31.801
1765303579.695726,1354,256,1765303579.664391,31.335
1765303579.698713,1355,256,1765303579.667370,31.343
1765303579.703815,1356,256,1765303579.672124,31.691
1765303579.709733,1357,256,1765303579.678316,31.417
1765303579.713166,1358,256,1765303579.681736,31.430
1765303579.733379,1359,256,1765303579.701944,31.435
1765303579.733912,1360,256,1765303579.702590,31.322
1765303579.737611,1361,256,1765303579.706094,31.517
1765303579.753497,1362,256,1765303579.721972,31.525
1765303579.753783,1363,256,1765303579.722030,31.753
1765303579.757196,1364,256,1765303579.725796,31.399
1765303579.771700,1365,256,1765303579.740278,31.422
1765303579.774720,1366,256,1765303579.743340,31.380
1765303579.776501,1367,256,1765303579.745147,31.355
1765303579.777564,1368,256,1765303579.746159,31.405
1765303579.781762,1369,256,1765303579.750412,31.350
1765303579.782787,1370,256,1765303579.751459,31.328
1765303579.787171,1371,256,1765303579.755777,31.394
1765303579.792840,1372,256,1765303579.761238,31.602
1765303579.793154,1373,256,1765303579.761277,31.876
1765303579.793607,1374,256,1765303579.761379,32.228
1765303579.795079,1375,256,1765303579.763696,31.384
1765303579.795624,1376,256,1765303579.764069,31.555
1765303579.796078,1377,256,1765303579.764403,31.674
1765303579.798087,1378,256,1765303579.766716,31.370
1765303579.802252,1379,256,1765303579.770779,31.473
1765303579.815197,1380,256,1765303579.783809,31.388
1765303579.823821,1381,256,1765303579.791852,31.970
1765303579.826751,1382,256,1765303579.795335,31.416
1765303579.828530,1383,256,1765303579.797120,31.410
1765303579.843399,1384,256,1765303579.811572,31.826
1765303579.851180,1385,256,1765303579.819730,31.450
1765303579.856234,1386,256,1765303579.824795,31.439
1765303579.856659,1387,256,1765303579.824955,31.704
1765303579.866028,1388,256,1765303579.834567,31.461
1765303579.867437,1389,256,1765303579.836027,31.410
1765303579.870945,1390,256,1765303579.839473,31.471
1765303579.879836,1391,256,1765303579.848294,31.542
1765303579.883865,1392,256,1765303579.852347,31.518
1765303579.889313,1393,256,1765303579.857892,31.422
1765303579.892264,1394,256,1765303579.860694,31.570
1765303579.894956,1395,256,1765303579.863549,31.407
1765303579.895576,1396,256,1765303579.864115,31.461
1765303579.898513,1397,256,1765303579.867121,31.392
1765303579.908902,1398,256,1765303579.877456,31.446
1765303579.917290,1399,256,1765303579.885824,31.466
1765303579.919460,1400,256,1765303579.887370,32.090
1765303579.922872,1401,256,1765303579.891419,31.453
1765303579.935615,1402,256,1765303579.904174,31.441
1765303579.945460,1403,256,1765303579.913909,31.551
1765303579.947598,1404,256,1765303579.916135,31.462
1765303579.950275,1405,256,1765303579.918783,31.492
1765303579.964563,1406,256,1765303579.933082,31.481
1765303579.968690,1407,256,1765303579.937224,31.466
1765303579.969474,1408,256,1765303579.937875,31.598
1765303579.977421,1409,256,1765303579.945804,31.617
1765303579.982377,1410,256,1765303579.950978,31.399
1765303579.992453,1411,256,1765303579.960738,31.715
1765303579.997595,1412,256,1765303579.966065,31.530
1765303579.998453,1413,256,1765303579.966978,31.475
1765303580.000414,1414,256,1765303579.968951,31.463
1765303580.001034,1415,256,1765303579.969617,31.416
1765303580.011432,1416,256,1765303579.979905,31.527
1765303580.011822,1417,256,1765303579.980383,31.439
1765303580.013924,1418,256,1765303579.982492,31.432
1765303580.016028,1419,256,1765303579.984226,31.802
1765303580.016778,1420,256,1765303579.984573,32.205
1765303580.021930,1421,256,1765303579.990428,31.502
1765303580.022398,1422,256,1765303579.990554,31.844
1765303580.030348,1423,256,1765303579.998910,31.438
1765303580.030771,1424,256,1765303579.999053,31.718
1765303580.039458,1425,256,1765303580.008064,31.393
1765303580.040766,1426,256,1765303580.009363,31.403
1765303580.044303,1427,256,1765303580.012924,31.379
1765303580.046151,1428,256,1765303580.014775,31.376
1765303580.067786,1429,256,1765303580.036419,31.367
1765303580.079319,1430,256,1765303580.047902,31.417
1765303580.081058,1431,256,1765303580.049647,31.411
1765303580.111896,1432,256,1765303580.080205,31.691
1765303580.122051,1433,256,1765303580.090344,31.707
1765303580.124776,1434,256,1765303580.093213,31.563
1765303580.125885,1435,256,1765303580.094307,31.577
1765303580.129030,1436,256,1765303580.097474,31.556
1765303580.130811,1437,256,1765303580.099115,31.696
1765303580.131159,1438,256,1765303580.099446,31.712
1765303580.134132,1439,256,1765303580.102574,31.558
1765303580.134733,1440,256,1765303580.103358,31.374
1765303580.147692,1441,256,1765303580.116106,31.586
1765303580.149389,1442,256,1765303580.117984,31.406
1765303580.152987,1443,256,1765303580.121563,31.424
1765303580.163398,1444,256,1765303580.131841,31.556
1765303580.180243,1445,256,1765303580.148746,31.497
1765303580.186556,1446,256,1765303580.155131,31.425
1765303580.188543,1447,256,1765303580.156975,31.568
1765303580.190916,1448,256,1765303580.159488,31.428
1765303580.196959,1449,256,1765303580.165313,31.646
1765303580.197965,1450,256,1765303580.166531,31.434
1765303580.198890,1451,256,1765303580.167329,31.561
1765303580.202043,1452,256,1765303580.170415,31.628
1765303580.210886,1453,256,1765303580.179141,31.744
1765303580.211432,1454,256,1765303580.179945,31.486
1765303580.213802,1455,256,1765303580.182281,31.521
1765303580.215397,1456,256,1765303580.183916,31.481
1765303580.218008,1457,256,1765303580.186357,31.651
1765303580.228612,1458,256,1765303580.196879,31.733
1765303580.232306,1459,256,1765303580.200549,31.757
1765303580.232538,1460,256,1765303580.200649,31.888
1765303580.251976,1461,256,1765303580.220191,31.786
1765303580.252186,1462,256,1765303580.220579,31.608
1765303580.258382,1463,256,1765303580.226531,31.851
1765303580.266848,1464,256,1765303580.235255,31.593
1765303580.278912,1465,256,1765303580.247125,31.787
1765303580.281463,1466,256,1765303580.249810,31.653
1765303580.282933,1467,256,1765303580.251140,31.792
1765303580.283628,1468,256,1765303580.251608,32.019
1765303580.283808,1469,256,1765303580.251825,31.983
1765303580.284458,1470,256,1765303580.252407,32.052
1765303580.287543,1471,256,1765303580.256051,31.493
1765303580.292507,1472,256,1765303580.260905,31.603
1765303580.295525,1473,256,1765303580.263904,31.621
1765303580.295757,1474,256,1765303580.263939,31.818
1765303580.297594,1475,256,1765303580.265917,31.677
1765303580.302603,1476,256,1765303580.270734,31.869
1765303580.304803,1477,256,1765303580.272992,31.811
1765303580.305434,1478,256,1765303580.273820,31.614
1765303580.306882,1479,256,1765303580.275133,31.749
1765303580.329304,1480,256,1765303580.297593,31.711
1765303580.332815,1481,256,1765303580.300995,31.820
1765303580.341923,1482,256,1765303580.310248,31.675
1765303580.346762,1483,256,1765303580.314990,31.771
1765303580.352781,1484,256,1765303580.321257,31.524
1765303580.365902,1485,256,1765303580.334299,31.604
1765303580.370413,1486,256,1765303580.339034,31.380
1765303580.371301,1487,256,1765303580.339783,31.518
1765303580.372528,1488,256,1765303580.341114,31.414
1765303580.373976,1489,256,1765303580.342606,31.370
1765303580.375246,1490,256,1765303580.343832,31.414
1765303580.384862,1491,256,1765303580.353479,31.383
1765303580.385335,1492,256,1765303580.353779,31.556
1765303580.388402,1493,256,1765303580.356797,31.605
1765303580.394856,1494,256,1765303580.363162,31.695
1765303580.405401,1495,256,1765303580.374018,31.383
1765303580.415369,1496,256,1765303580.383832,31.537
1765303580.418442,1497,256,1765303580.386941,31.500
1765303580.420698,1498,256,1765303580.389206,31.492
1765303580.421330,1499,256,1765303580.389912,31.418
1765303580.428423,1500,256,1765303580.396744,31.678
1765303580.429267,1501,256,1765303580.397838,31.430
1765303580.432096,1502,256,1765303580.400735,31.362
1765303580.439773,1503,256,1765303580.408142,31.631
1765303580.442578,1504,256,1765303580.411045,31.533
1765303580.444763,1505,256,1765303580.413129,31.634
1765303580.448078,1506,256,1765303580.416490,31.589
1765303580.451560,1507,256,1765303580.420145,31.415
1765303580.452026,1508,256,1765303580.420448,31.578
1765303580.454287,1509,256,1765303580.422687,31.600
1765303580.454588,1510,256,1765303580.423178,31.410
1765303580.462069,1511,256,1765303580.430614,31.456
1765303580.463394,1512,256,1765303580.431242,32.152
1765303580.468335,1513,256,1765303580.436592,31.743
1765303580.468567,1514,256,1765303580.436879,31.688
1765303580.473945,1515,256,1765303580.442504,31.440
1765303580.487138,1516,256,1765303580.455526,31.612
1765303580.487385,1517,256,1765303580.455899,31.486
1765303580.487828,1518,256,1765303580.456086,31.743
1765303580.491606,1519,256,1765303580.460027,31.579
1765303580.506418,1520,256,1765303580.474995,31.424
1765303580.506868,1521,256,1765303580.475345,31.523
1765303580.513221,1522,256,1765303580.481815,31.406
1765303580.519304,1523,256,1765303580.487818,31.486
1765303580.523446,1524,256,1765303580.492105,31.341
1765303580.527466,1525,256,1765303580.496061,31.405
1765303580.536941,1526,256,1765303580.505510,31.431
1765303580.543335,1527,256,1765303580.511620,31.716
1765303580.545745,1528,256,1765303580.514443,31.303
1765303580.546249,1529,256,1765303580.514723,31.526
1765303580.548318,1530,256,1765303580.516964,31.354
1765303580.566528,1531,256,1765303580.535193,31.335
1765303580.568480,1532,256,1765303580.537148,31.331
1765303580.569789,1533,256,1765303580.538445,31.343
1765303580.571580,1534,256,1765303580.540210,31.370
1765303580.591723,1535,256,1765303580.560299,31.425
1765303580.594590,1536,256,1765303580.563158,31.432
1765303580.597508,1537,256,1765303580.566123,31.386
1765303580.600377,1538,256,1765303580.569012,31.365
1765303580.609169,1539,256,1765303580.577790,31.379
1765303580.610511,1540,256,1765303580.579168,31.343
1765303580.613668,1541,256,1765303580.582317,31.351
1765303580.616321,1542,256,1765303580.584969,31.353
1765303580.619989,1543,256,1765303580.588667,31.322
1765303580.626592,1544,256,1765303580.595213,31.380
1765303580.644910,1545,256,1765303580.613478,31.431
1765303580.646103,1546,256,1765303580.614717,31.386
1765303580.651372,1547,256,1765303580.620013,31.359
1765303580.660919,1548,256,1765303580.629541,31.378
1765303580.667785,1549,256,1765303580.636369,31.416
1765303580.668725,1550,256,1765303580.637342,31.383
1765303580.669157,1551,256,1765303580.637497,31.660
1765303580.670972,1552,256,1765303580.639618,31.353
1765303580.672068,1553,256,1765303580.640726,31.342
1765303580.682081,1554,256,1765303580.650702,31.379
1765303580.684517,1555,256,1765303580.653141,31.376
1765303580.709921,1556,256,1765303580.678426,31.495
1765303580.715129,1557,256,1765303580.683761,31.368
1765303580.724427,1558,256,1765303580.693016,31.411
1765303580.726798,1559,256,1765303580.695399,31.399
1765303580.733908,1560,256,1765303580.702508,31.399
1765303580.753905,1561,256,1765303580.721957,31.948
1765303580.754115,1562,256,1765303580.722085,32.031
1765303580.754773,1563,256,1765303580.723289,31.483
1765303580.759774,1564,256,1765303580.727901,31.873
1765303580.760172,1565,256,1765303580.728297,31.875
1765303580.760651,1566,256,1765303580.728802,31.850
1765303580.761160,1567,256,1765303580.728877,32.283
1765303580.762674,1568,256,1765303580.730992,31.682
1765303580.770217,1569,256,1765303580.738748,31.469
1765303580.770730,1570,256,1765303580.739402,31.327
1765303580.772241,1571,256,1765303580.740881,31.360
1765303580.779702,1572,256,1765303580.748223,31.479
1765303580.788306,1573,256,1765303580.756728,31.578
1765303580.795107,1574,256,1765303580.763692,31.415
1765303580.801595,1575,256,1765303580.769980,31.615
1765303580.803367,1576,256,1765303580.771742,31.626
1765303580.811937,1577,256,1765303580.780242,31.695
1765303580.812377,1578,256,1765303580.780949,31.428
1765303580.817695,1579,256,1765303580.786161,31.534
1765303580.818776,1580,256,1765303580.787134,31.642
1765303580.824067,1581,256,1765303580.792598,31.469
1765303580.832499,1582,256,1765303580.800676,31.824
1765303580.834389,1583,256,1765303580.802882,31.507
1765303580.837924,1584,256,1765303580.806477,31.447
1765303580.850444,1585,256,1765303580.819021,31.423
1765303580.852355,1586,256,1765303580.820971,31.384
1765303580.858422,1587,256,1765303580.826977,31.445
1765303580.866856,1588,256,1765303580.835362,31.494
1765303580.873985,1589,256,1765303580.842471,31.514
1765303580.879645,1590,256,1765303580.847814,31.831
1765303580.880780,1591,256,1765303580.849076,31.705
1765303580.887781,1592,256,1765303580.856203,31.578
1765303580.894365,1593,256,1765303580.862824,31.540
1765303580.902419,1594,256,1765303580.870886,31.533
1765303580.907876,1595,256,1765303580.876417,31.458
1765303580.908827,1596,256,1765303580.877338,31.489
1765303580.913757,1597,256,1765303580.882194,31.563
1765303580.917100,1598,256,1765303580.885576,31.524
1765303580.924071,1599,256,1765303580.892653,31.418
1765303580.925898,1600,256,1765303580.894374,31.523
1765303580.931078,1601,256,1765303580.899674,31.404
1765303580.932103,1602,256,1765303580.900640,31.462
1765303580.933838,1603,256,1765303580.902089,31.749
1765303580.938326,1604,256,1765303580.906788,31.538
1765303580.938652,1605,256,1765303580.907143,31.509
1765303580.943376,1606,256,1765303580.911750,31.626
1765303580.956003,1607,256,1765303580.924500,31.504
1765303580.960384,1608,256,1765303580.928813,31.571
1765303580.960852,1609,256,1765303580.929508,31.344
1765303580.962810,1610,256,1765303580.931367,31.443
1765303580.966743,1611,256,1765303580.935357,31.386
1765303580.975310,1612,256,1765303580.943766,31.544
1765303580.981406,1613,256,1765303580.949980,31.426
1765303580.989226,1614,256,1765303580.957858,31.367
1765303580.997899,1615,256,1765303580.966481,31.418
1765303581.009360,1616,256,1765303580.977856,31.504
1765303581.010914,1617,256,1765303580.979105,31.809
1765303581.013483,1618,256,1765303580.981986,31.497
1765303581.016351,1619,256,1765303580.984687,31.664
1765303581.017525,1620,256,1765303580.985995,31.531
1765303581.020320,1621,256,1765303580.988816,31.504
1765303581.032452,1622,256,1765303581.000929,31.523
1765303581.040382,1623,256,1765303581.008845,31.536
1765303581.041678,1624,256,1765303581.010047,31.631
1765303581.046911,1625,256,1765303581.015380,31.531
1765303581.055077,1626,256,1765303581.023597,31.480
1765303581.056263,1627,256,1765303581.024747,31.516
1765303581.056966,1628,256,1765303581.025579,31.386
1765303581.062725,1629,256,1765303581.031301,31.424
1765303581.063261,1630,256,1765303581.031724,31.537
1765303581.064064,1631,256,1765303581.032629,31.435
1765303581.065378,1632,256,1765303581.033904,31.474
1765303581.065762,1633,256,1765303581.034182,31.580
1765303581.081017,1634,256,1765303581.049385,31.631
1765303581.081497,1635,256,1765303581.050026,31.471
1765303581.082582,1636,256,1765303581.051214,31.368
1765303581.089252,1637,256,1765303581.057613,31.639
1765303581.090320,1638,256,1765303581.058851,31.469
1765303581.107836,1639,256,1765303581.076371,31.466
1765303581.112948,1640,256,1765303581.081476,31.472
1765303581.113493,1641,256,1765303581.081815,31.677
1765303581.118821,1642,256,1765303581.087317,31.504
1765303581.121671,1643,256,1765303581.089843,31.829
1765303581.122056,1644,256,1765303581.090594,31.462
1765303581.123532,1645,256,1765303581.092056,31.476
1765303581.124228,1646,256,1765303581.092743,31.486
1765303581.126207,1647,256,1765303581.094748,31.459
1765303581.126571,1648,256,1765303581.095199,31.372
1765303581.127833,1649,256,1765303581.096466,31.367
1765303581.134618,1650,256,1765303581.103110,31.507
1765303581.141966,1651,256,1765303581.110303,31.663
1765303581.142193,1652,256,1765303581.110447,31.746
1765303581.151014,1653,256,1765303581.119322,31.692
1765303581.153485,1654,256,1765303581.122112,31.373
1765303581.157532,1655,256,1765303581.125701,31.831
1765303581.158287,1656,256,1765303581.126830,31.457
1765303581.162957,1657,256,1765303581.131462,31.494
1765303581.176876,1658,256,1765303581.145451,31.425
1765303581.177304,1659,256,1765303581.145665,31.638
1765303581.177768,1660,256,1765303581.146065,31.703
1765303581.178239,1661,256,1765303581.146538,31.701
1765303581.183651,1662,256,1765303581.152142,31.508
1765303581.188089,1663,256,1765303581.156543,31.546
1765303581.189795,1664,256,1765303581.158443,31.352
1765303581.198442,1665,256,1765303581.165688,32.754
1765303581.199473,1666,256,1765303581.168092,31.381
1765303581.200004,1667,256,1765303581.168196,31.808
1765303581.206931,1668,256,1765303581.175312,31.619
1765303581.211613,1669,256,1765303581.180189,31.423
1765303581.212888,1670,256,1765303581.181436,31.452
1765303581.219103,1671,256,1765303581.187660,31.444
1765303581.225334,1672,256,1765303581.193775,31.559
1765303581.227422,1673,256,1765303581.195864,31.559
1765303581.241972,1674,256,1765303581.210514,31.458
1765303581.242592,1675,256,1765303581.211147,31.445
1765303581.281435,1676,256,1765303581.249516,31.919
1765303581.282106,1677,256,1765303581.250640,31.466
1765303581.283506,1678,256,1765303581.252059,31.447
1765303581.284468,1679,256,1765303581.252970,31.498
1765303581.295239,1680,256,1765303581.263663,31.576
1765303581.296221,1681,256,1765303581.264748,31.473
1765303581.296985,1682,256,1765303581.265528,31.457
1765303581.313225,1683,256,1765303581.281492,31.733
1765303581.318514,1684,256,1765303581.287079,31.435
1765303581.323703,1685,256,1765303581.292237,31.466
1765303581.327277,1686,256,1765303581.295656,31.621
1765303581.330632,1687,256,1765303581.299162,31.471
1765303581.332358,1688,256,1765303581.300820,31.538
1765303581.336759,1689,256,1765303581.305259,31.499
1765303581.337163,1690,256,1765303581.305570,31.594
1765303581.339916,1691,256,1765303581.308485,31.430
1765303581.340896,1692,256,1765303581.309471,31.425
1765303581.348347,1693,256,1765303581.316822,31.525
1765303581.356930,1694,256,1765303581.325438,31.492
1765303581.357313,1695,256,1765303581.325609,31.703
1765303581.362605,1696,256,1765303581.331119,31.486
1765303581.366631,1697,256,1765303581.335078,31.552
1765303581.380373,1698,256,1765303581.348881,31.492
1765303581.389501,1699,256,1765303581.357998,31.503
1765303581.404988,1700,256,1765303581.373467,31.521
1765303581.415802,1701,256,1765303581.384222,31.580
1765303581.416205,1702,256,1765303581.384738,31.467
1765303581.428679,1703,256,1765303581.396883,31.795
1765303581.435121,1704,256,1765303581.403584,31.537
1765303581.435683,1705,256,1765303581.404274,31.409
1765303581.437514,1706,256,1765303581.406112,31.401
1765303581.442806,1707,256,1765303581.411004,31.803
1765303581.447347,1708,256,1765303581.415864,31.483
1765303581.451204,1709,256,1765303581.419470,31.734
1765303581.451642,1710,256,1765303581.419833,31.809
1765303581.453083,1711,256,1765303581.421685,31.398
1765303581.457391,1712,256,1765303581.425860,31.531
1765303581.460608,1713,256,1765303581.429005,31.603
1765303581.467108,1714,256,1765303581.435579,31.529
1765303581.478990,1715,256,1765303581.447516,31.473
1765303581.482632,1716,256,1765303581.451038,31.594
1765303581.485029,1717,256,1765303581.453634,31.395
1765303581.503548,1718,256,1765303581.472142,31.405
1765303581.510322,1719,256,1765303581.478432,31.890
1765303581.513123,1720,256,1765303581.481671,31.452
1765303581.513583,1721,256,1765303581.481754,31.829
1765303581.517732,1722,256,1765303581.486236,31.497
1765303581.518316,1723,256,1765303581.486964,31.352
1765303581.522983,1724,256,1765303581.491608,31.374
1765303581.524263,1725,256,1765303581.492867,31.396
1765303581.527376,1726,256,1765303581.496001,31.375
1765303581.539975,1727,256,1765303581.508579,31.397
1765303581.546220,1728,256,1765303581.514768,31.452
1765303581.549265,1729,256,1765303581.517797,31.468
1765303581.550180,1730,256,1765303581.518794,31.386
1765303581.559828,1731,256,1765303581.528432,31.396
1765303581.560298,1732,256,1765303581.528923,31.375
1765303581.569766,1733,256,1765303581.538335,31.431
1765303581.577729,1734,256,1765303581.546188,31.541
1765303581.580133,1735,256,1765303581.548603,31.530
1765303581.589614,1736,256,1765303581.558117,31.497
1765303581.591912,1737,256,1765303581.560567,31.345
1765303581.592789,1738,256,1765303581.561387,31.402
1765303581.613600,1739,256,1765303581.582167,31.433
1765303581.631406,1740,256,1765303581.600029,31.377
1765303581.633201,1741,256,1765303581.601791,31.410
1765303581.636150,1742,256,1765303581.604787,31.363
1765303581.637058,1743,256,1765303581.605685,31.373
1765303581.642121,1744,256,1765303581.610729,31.393
1765303581.655764,1745,256,1765303581.624352,31.413
1765303581.661115,1746,256,1765303581.629730,31.384
1765303581.665251,1747,256,1765303581.633790,31.461
1765303581.665719,1748,256,1765303581.634413,31.306
1765303581.666188,1749,256,1765303581.634801,31.387
1765303581.667259,1750,256,1765303581.635919,31.340
1765303581.673495,1751,256,1765303581.642070,31.424
1765303581.674951,1752,256,1765303581.643548,31.403
1765303581.675768,1753,256,1765303581.644145,31.623
1765303581.676523,1754,256,1765303581.644424,32.099
1765303581.676993,1755,256,1765303581.644561,32.432
1765303581.689341,1756,256,1765303581.657793,31.549
1765303581.690416,1757,256,1765303581.659026,31.391
1765303581.693479,1758,256,1765303581.662128,31.350
1765303581.702194,1759,256,1765303581.670790,31.404
1765303581.704774,1760,256,1765303581.673390,31.384
1765303581.705526,1761,256,1765303581.674157,31.369
1765303581.707951,1762,256,1765303581.676547,31.404
1765303581.709603,1763,256,1765303581.678204,31.399
1765303581.725549,1764,256,1765303581.693726,31.824
1765303581.733724,1765,256,1765303581.702300,31.424
1765303581.736649,1766,256,1765303581.705248,31.401
1765303581.742857,1767,256,1765303581.711491,31.366
1765303581.750298,1768,256,1765303581.718879,31.419
1765303581.756113,1769,256,1765303581.724719,31.394
1765303581.759480,1770,256,1765303581.728097,31.382
1765303581.769984,1771,256,1765303581.738617,31.367
1765303581.777506,1772,256,1765303581.746032,31.474
1765303581.777886,1773,256,1765303581.746520,31.366
1765303581.778315,1774,256,1765303581.746894,31.422
1765303581.779399,1775,256,1765303581.747940,31.459
1765303581.779860,1776,256,1765303581.748015,31.845
1765303581.781104,1777,256,1765303581.749803,31.300
1765303581.784553,1778,256,1765303581.753225,31.328
1765303581.790508,1779,256,1765303581.759103,31.404
1765303581.791451,1780,256,1765303581.760138,31.313
1765303581.793814,1781,256,1765303581.762419,31.395
1765303581.806199,1782,256,1765303581.774633,31.566
1765303581.810550,1783,256,1765303581.778979,31.572
1765303581.811785,1784,256,1765303581.780388,31.397
1765303581.815840,1785,256,1765303581.784375,31.466
1765303581.827338,1786,256,1765303581.795920,31.419
1765303581.828001,1787,256,1765303581.796697,31.304
1765303581.830387,1788,256,1765303581.799016,31.371
1765303581.832783,1789,256,1765303581.801431,31.352
1765303581.834758,1790,256,1765303581.803366,31.392
1765303581.837757,1791,256,1765303581.806293,31.463
1765303581.838448,1792,256,1765303581.807112,31.336
1765303581.845661,1793,256,1765303581.814154,31.507
1765303581.849761,1794,256,1765303581.818308,31.453
1765303581.851289,1795,256,1765303581.819943,31.346
1765303581.853495,1796,256,1765303581.822141,31.354
1765303581.857149,1797,256,1765303581.825741,31.409
1765303581.867286,1798,256,1765303581.835910,31.376
1765303581.879127,1799,256,1765303581.847651,31.476
1765303581.882792,1800,256,1765303581.851357,31.435
1765303581.883198,1801,256,1765303581.851809,31.390
1765303581.885624,1802,256,1765303581.854246,31.378
1765303581.888089,1803,256,1765303581.856682,31.407
1765303581.893407,1804,256,1765303581.862031,31.376
1765303581.904445,1805,256,1765303581.873053,31.392
1765303581.914912,1806,256,1765303581.883475,31.438
1765303581.921949,1807,256,1765303581.890137,31.812
1765303581.927799,1808,256,1765303581.896092,31.707
1765303581.941025,1809,256,1765303581.909120,31.904
1765303581.944291,1810,256,1765303581.912682,31.609
1765303581.952744,1811,256,1765303581.920920,31.823
1765303581.976924,1812,256,1765303581.945317,31.607
1765303581.978019,1813,256,1765303581.946468,31.551
1765303581.982673,1814,256,1765303581.950978,31.695
1765303581.983378,1815,256,1765303581.951903,31.475
1765303581.987973,1816,256,1765303581.956437,31.537
1765303581.990307,1817,256,1765303581.958809,31.499
1765303581.991042,1818,256,1765303581.959653,31.389
1765303581.997276,1819,256,1765303581.965755,31.521
1765303582.001578,1820,256,1765303581.969994,31.584
1765303582.010430,1821,256,1765303581.978957,31.473
1765303582.011732,1822,256,1765303581.980336,31.396
1765303582.013261,1823,256,1765303581.981889,31.372
1765303582.014649,1824,256,1765303581.983030,31.619
1765303582.020150,1825,256,1765303581.988675,31.476
1765303582.021428,1826,256,1765303581.989994,31.434
1765303582.027722,1827,256,1765303581.996330,31.392
1765303582.033502,1828,256,1765303582.001954,31.548
1765303582.033976,1829,256,1765303582.002639,31.338
1765303582.035541,1830,256,1765303582.004153,31.389
1765303582.037647,1831,256,1765303582.006299,31.348
1765303582.049102,1832,256,1765303582.017589,31.513
1765303582.051110,1833,256,1765303582.019627,31.483
1765303582.053475,1834,256,1765303582.022087,31.387
1765303582.053920,1835,256,1765303582.022510,31.410
1765303582.054627,1836,256,1765303582.022722,31.905
1765303582.056658,1837,256,1765303582.025288,31.369
1765303582.057079,1838,256,1765303582.025428,31.651
1765303582.061976,1839,256,1765303582.030582,31.394
1765303582.068557,1840,256,1765303582.036780,31.776
1765303582.070062,1841,256,1765303582.038675,31.387
1765303582.072890,1842,256,1765303582.041392,31.497
1765303582.078226,1843,256,1765303582.046515,31.712
1765303582.089933,1844,256,1765303582.058401,31.533
1765303582.100249,1845,256,1765303582.068670,31.578
1765303582.111187,1846,256,1765303582.079694,31.493
1765303582.112874,1847,256,1765303582.081417,31.457
1765303582.117904,1848,256,1765303582.086314,31.590
1765303582.125923,1849,256,1765303582.094449,31.474
1765303582.128796,1850,256,1765303582.097250,31.546
1765303582.133218,1851,256,1765303582.101801,31.417
1765303582.134800,1852,256,1765303582.103229,31.571
1765303582.137517,1853,256,1765303582.106003,31.514
1765303582.143914,1854,256,1765303582.112317,31.596
1765303582.148646,1855,256,1765303582.117219,31.427
1765303582.155830,1856,256,1765303582.123931,31.899
1765303582.162255,1857,256,1765303582.130805,31.450
1765303582.165193,1858,256,1765303582.133761,31.432
1765303582.166412,1859,256,1765303582.135048,31.364
1765303582.166893,1860,256,1765303582.135149,31.744
1765303582.169229,1861,256,1765303582.137550,31.678
1765303582.173545,1862,256,1765303582.142092,31.452
1765303582.178762,1863,256,1765303582.147155,31.608
1765303582.181028,1864,256,1765303582.149577,31.451
1765303582.181630,1865,256,1765303582.150299,31.331
1765303582.193815,1866,256,1765303582.162375,31.440
1765303582.203934,1867,256,1765303582.172549,31.386
1765303582.210407,1868,256,1765303582.179012,31.395
1765303582.213734,1869,256,1765303582.182256,31.478
1765303582.226108,1870,256,1765303582.194688,31.420
1765303582.234029,1871,256,1765303582.202603,31.425
1765303582.241296,1872,256,1765303582.209912,31.384
1765303582.244389,1873,256,1765303582.212736,31.653
1765303582.244651,1874,256,1765303582.212862,31.789
1765303582.246625,1875,256,1765303582.215250,31.376
1765303582.249341,1876,256,1765303582.217665,31.676
1765303582.255396,1877,256,1765303582.223552,31.844
1765303582.263569,1878,256,1765303582.232008,31.561
1765303582.264141,1879,256,1765303582.232772,31.369
1765303582.274199,1880,256,1765303582.242588,31.610
1765303582.277017,1881,256,1765303582.245528,31.490
1765303582.283105,1882,256,1765303582.251485,31.620
1765303582.288506,1883,256,1765303582.257079,31.427
1765303582.291984,1884,256,1765303582.260538,31.446
1765303582.301342,1885,256,1765303582.269849,31.493
1765303582.329365,1886,256,1765303582.297941,31.425
1765303582.332113,1887,256,1765303582.300689,31.424
1765303582.336337,1888,256,1765303582.304826,31.512
1765303582.343627,1889,256,1765303582.312102,31.525
1765303582.344055,1890,256,1765303582.312273,31.783
1765303582.346505,1891,256,1765303582.315001,31.504
1765303582.347508,1892,256,1765303582.316082,31.426
1765303582.349189,1893,256,1765303582.317766,31.423
1765303582.349625,1894,256,1765303582.317872,31.753
1765303582.355073,1895,256,1765303582.323581,31.492
1765303582.361282,1896,256,1765303582.329792,31.490
1765303582.361703,1897,256,1765303582.329988,31.715
1765303582.368859,1898,256,1765303582.337342,31.517
1765303582.371175,1899,256,1765303582.339737,31.437
1765303582.371726,1900,256,1765303582.340099,31.627
1765303582.376357,1901,256,1765303582.344826,31.532
1765303582.376673,1902,256,1765303582.345340,31.333
1765303582.396293,1903,256,1765303582.364733,31.561
1765303582.397311,1904,256,1765303582.365868,31.443
1765303582.404694,1905,256,1765303582.373227,31.468
1765303582.408643,1906,256,1765303582.377227,31.416
1765303582.420374,1907,256,1765303582.388808,31.565
1765303582.423937,1908,256,1765303582.392528,31.409
1765303582.425322,1909,256,1765303582.393892,31.430
1765303582.431159,1910,256,1765303582.399693,31.466
1765303582.431721,1911,256,1765303582.400322,31.399
1765303582.438197,1912,256,1765303582.406746,31.451
1765303582.438594,1913,256,1765303582.407240,31.353
1765303582.445181,1914,256,1765303582.413391,31.790
1765303582.445643,1915,256,1765303582.413809,31.835
1765303582.454005,1916,256,1765303582.422564,31.441
1765303582.462959,1917,256,1765303582.431392,31.567
1765303582.467036,1918,256,1765303582.435594,31.442
1765303582.487766,1919,256,1765303582.456360,31.406
1765303582.493823,1920,256,1765303582.462428,31.395
1765303582.495532,1921,256,1765303582.464174,31.358
1765303582.498545,1922,256,1765303582.467191,31.355
1765303582.499822,1923,256,1765303582.468493,31.329
1765303582.510306,1924,256,1765303582.478874,31.432
1765303582.512174,1925,256,1765303582.480783,31.392
1765303582.513899,1926,256,1765303582.482583,31.316
1765303582.516612,1927,256,1765303582.485252,31.360
1765303582.520741,1928,256,1765303582.489329,31.413
1765303582.521175,1929,256,1765303582.489380,31.796
1765303582.521699,1930,256,1765303582.489595,32.104
1765303582.524369,1931,256,1765303582.492935,31.434
1765303582.529274,1932,256,1765303582.497887,31.387
1765303582.529742,1933,256,1765303582.498143,31.600
1765303582.535350,1934,256,1765303582.503962,31.388
1765303582.537163,1935,256,1765303582.505624,31.540
1765303582.537635,1936,256,1765303582.506109,31.525
1765303582.551541,1937,256,1765303582.520085,31.456
1765303582.558197,1938,256,1765303582.526848,31.349
1765303582.559470,1939,256,1765303582.528068,31.403
1765303582.560872,1940,256,1765303582.529478,31.394
1765303582.565714,1941,256,1765303582.534304,31.410
1765303582.569169,1942,256,1765303582.537595,31.574
1765303582.573767,1943,256,1765303582.542372,31.395
1765303582.579434,1944,256,1765303582.547977,31.457
1765303582.582001,1945,256,1765303582.550645,31.356
1765303582.593434,1946,256,1765303582.562050,31.384
1765303582.594332,1947,256,1765303582.562953,31.379
1765303582.615534,1948,256,1765303582.584094,31.440
1765303582.617081,1949,256,1765303582.585703,31.378
1765303582.619809,1950,256,1765303582.588418,31.392
1765303582.626387,1951,256,1765303582.594935,31.453
1765303582.626814,1952,256,1765303582.595457,31.357
1765303582.631697,1953,256,1765303582.600344,31.353
1765303582.640102,1954,256,1765303582.608726,31.375
1765303582.647408,1955,256,1765303582.616036,31.373
1765303582.647859,1956,256,1765303582.616513,31.346
1765303582.648365,1957,256,1765303582.617039,31.325
1765303582.662737,1958,256,1765303582.631341,31.395
1765303582.665538,1959,256,1765303582.633927,31.611
1765303582.669792,1960,256,1765303582.638416,31.377
1765303582.673895,1961,256,1765303582.642498,31.397
1765303582.679613,1962,256,1765303582.648209,31.404
1765303582.683475,1963,256,1765303582.651996,31.479
1765303582.684301,1964,256,1765303582.652968,31.333
1765303582.687651,1965,256,1765303582.656009,31.642
1765303582.688496,1966,256,1765303582.657122,31.374
1765303582.695822,1967,256,1765303582.664115,31.708
1765303582.697823,1968,256,1765303582.666159,31.664
1765303582.700973,1969,256,1765303582.669561,31.412
1765303582.706370,1970,256,1765303582.674918,31.452
1765303582.707217,1971,256,1765303582.674970,32.247
1765303582.707938,1972,256,1765303582.675670,32.268
1765303582.709069,1973,256,1765303582.676913,32.156
1765303582.710283,1974,256,1765303582.678471,31.812
1765303582.710855,1975,256,1765303582.678941,31.914
1765303582.720332,1976,256,1765303582.688501,31.831
1765303582.723207,1977,256,1765303582.691785,31.422
1765303582.728960,1978,256,1765303582.697402,31.558
1765303582.732385,1979,256,1765303582.700815,31.570
1765303582.734498,1980,256,1765303582.703146,31.351
1765303582.747993,1981,256,1765303582.716527,31.466
1765303582.753335,1982,256,1765303582.721617,31.718
1765303582.753736,1983,256,1765303582.721936,31.800
1765303582.754231,1984,256,1765303582.722592,31.639
1765303582.755286,1985,256,1765303582.723846,31.440
1765303582.757273,1986,256,1765303582.725795,31.478
1765303582.767807,1987,256,1765303582.736400,31.407
1765303582.771972,1988,256,1765303582.740284,31.688
1765303582.778232,1989,256,1765303582.746877,31.356
1765303582.782338,1990,256,1765303582.750807,31.531
1765303582.794195,1991,256,1765303582.762793,31.403
1765303582.803950,1992,256,1765303582.772519,31.431
1765303582.812982,1993,256,1765303582.781581,31.400
1765303582.813501,1994,256,1765303582.782122,31.379
1765303582.816340,1995,256,1765303582.784877,31.463
1765303582.817522,1996,256,1765303582.786154,31.368
1765303582.824324,1997,256,1765303582.792848,31.476
1765303582.830441,1998,256,1765303582.798942,31.499
1765303582.830908,1999,256,1765303582.799395,31.513
1765303582.837812,2000,256,1765303582.806366,31.446
1765303582.840172,2001,256,1765303582.808767,31.406
1765303582.848465,2002,256,1765303582.816874,31.591
1765303582.855984,2003,256,1765303582.824464,31.521
1765303582.866307,2004,256,1765303582.834658,31.649
1765303582.869523,2005,256,1765303582.837778,31.746
1765303582.873330,2006,256,1765303582.841550,31.780
1765303582.876028,2007,256,1765303582.844224,31.803
1765303582.879039,2008,256,1765303582.847543,31.496
1765303582.893069,2009,256,1765303582.861521,31.548
1765303582.894598,2010,256,1765303582.862943,31.655
1765303582.899570,2011,256,1765303582.867845,31.725
1765303582.905850,2012,256,1765303582.874308,31.542
1765303582.912227,2013,256,1765303582.880501,31.725
1765303582.914036,2014,256,1765303582.882380,31.656
1765303582.921967,2015,256,1765303582.890371,31.596
1765303582.937288,2016,256,1765303582.905749,31.538
1765303582.941490,2017,256,1765303582.909963,31.528
1765303582.956550,2018,256,1765303582.925009,31.541
1765303582.961264,2019,256,1765303582.929753,31.512
1765303582.964254,2020,256,1765303582.932783,31.471
1765303582.966589,2021,256,1765303582.935097,31.493
1765303582.967019,2022,256,1765303582.935235,31.784
1765303582.968446,2023,256,1765303582.936811,31.635
1765303582.972410,2024,256,1765303582.940880,31.530
1765303582.980469,2025,256,1765303582.948927,31.542
1765303582.990965,2026,256,1765303582.959332,31.633
1765303583.003934,2027,256,1765303582.972054,31.881
1765303583.013804,2028,256,1765303582.982198,31.607
1765303583.014338,2029,256,1765303582.982924,31.414
1765303583.020885,2030,256,1765303582.989372,31.512
1765303583.022991,2031,256,1765303582.991503,31.488
1765303583.024916,2032,256,1765303582.993429,31.487
1765303583.025361,2033,256,1765303582.993885,31.476
1765303583.035001,2034,256,1765303583.003443,31.558
1765303583.039574,2035,256,1765303583.008103,31.470
1765303583.050148,2036,256,1765303583.018626,31.522
1765303583.050949,2037,256,1765303583.019538,31.411
1765303583.058524,2038,256,1765303583.026904,31.620
1765303583.071258,2039,256,1765303583.039725,31.533
1765303583.077340,2040,256,1765303583.045871,31.469
1765303583.080549,2041,256,1765303583.048933,31.615
1765303583.082822,2042,256,1765303583.051417,31.404
1765303583.084456,2043,256,1765303583.053054,31.402
1765303583.091641,2044,256,1765303583.060187,31.455
1765303583.095218,2045,256,1765303583.063691,31.528
1765303583.101452,2046,256,1765303583.069931,31.520
1765303583.103165,2047,256,1765303583.071749,31.416
1765303583.108391,2048,256,1765303583.076959,31.432
1765303583.118145,2049,256,1765303583.086745,31.399
1765303583.118587,2050,256,1765303583.087013,31.574
1765303583.121933,2051,256,1765303583.090542,31.391
1765303583.122572,2052,256,1765303583.091201,31.371
1765303583.127719,2053,256,1765303583.096275,31.445
1765303583.128525,2054,256,1765303583.097124,31.401
1765303583.131200,2055,256,1765303583.099840,31.360
1765303583.134201,2056,256,1765303583.102843,31.358
1765303583.134674,2057,256,1765303583.103132,31.541
1765303583.137025,2058,256,1765303583.105633,31.392
1765303583.145335,2059,256,1765303583.113953,31.382
1765303583.155325,2060,256,1765303583.123966,31.359
1765303583.162484,2061,256,1765303583.131086,31.398
1765303583.163333,2062,256,1765303583.131963,31.370
1765303583.164125,2063,256,1765303583.132605,31.520
1765303583.165402,2064,256,1765303583.134031,31.371
1765303583.183061,2065,256,1765303583.151659,31.401
1765303583.183516,2066,256,1765303583.152069,31.447
1765303583.187603,2067,256,1765303583.156025,31.578
1765303583.187888,2068,256,1765303583.156223,31.666
1765303583.201664,2069,256,1765303583.170249,31.415
1765303583.212721,2070,256,1765303583.181303,31.419
1765303583.213130,2071,256,1765303583.181583,31.548
1765303583.219056,2072,256,1765303583.187604,31.452
1765303583.224642,2073,256,1765303583.193146,31.496
1765303583.227010,2074,256,1765303583.195607,31.403
1765303583.230805,2075,256,1765303583.199180,31.625
1765303583.231781,2076,256,1765303583.200195,31.585
1765303583.234673,2077,256,1765303583.203271,31.402
1765303583.238012,2078,256,1765303583.206602,31.410
1765303583.238996,2079,256,1765303583.207636,31.360
1765303583.254767,2080,256,1765303583.223313,31.454
1765303583.255241,2081,256,1765303583.223784,31.456
1765303583.258881,2082,256,1765303583.227149,31.732
1765303583.264315,2083,256,1765303583.232674,31.642
1765303583.264809,2084,256,1765303583.233270,31.539
1765303583.268080,2085,256,1765303583.236439,31.641
1765303583.278312,2086,256,1765303583.246861,31.451
1765303583.305156,2087,256,1765303583.273535,31.621
1765303583.307654,2088,256,1765303583.276133,31.521
1765303583.312730,2089,256,1765303583.281282,31.448
1765303583.318955,2090,256,1765303583.287448,31.507
1765303583.320649,2091,256,1765303583.289202,31.447
1765303583.323438,2092,256,1765303583.292047,31.392
1765303583.325627,2093,256,1765303583.294184,31.443
1765303583.332305,2094,256,1765303583.300858,31.447
1765303583.332758,2095,256,1765303583.301000,31.758
1765303583.337943,2096,256,1765303583.306563,31.380
1765303583.339937,2097,256,1765303583.308580,31.357
1765303583.346452,2098,256,1765303583.315022,31.431
1765303583.347872,2099,256,1765303583.316553,31.318
1765303583.354162,2100,256,1765303583.322777,31.385
1765303583.371691,2101,256,1765303583.339955,31.735
1765303583.374377,2102,256,1765303583.342464,31.913
1765303583.375023,2103,256,1765303583.343419,31.604
1765303583.380051,2104,256,1765303583.348495,31.557
1765303583.395912,2105,256,1765303583.364437,31.475
1765303583.413640,2106,256,1765303583.382191,31.449
1765303583.447192,2107,256,1765303583.415683,31.510
1765303583.448235,2108,256,1765303583.416801,31.434
1765303583.451613,2109,256,1765303583.420191,31.423
1765303583.453825,2110,256,1765303583.422413,31.412
1765303583.462843,2111,256,1765303583.430945,31.898
1765303583.470631,2112,256,1765303583.439009,31.622
1765303583.471595,2113,256,1765303583.439970,31.625
1765303583.471848,2114,256,1765303583.440176,31.672
1765303583.481100,2115,256,1765303583.449450,31.650
1765303583.485152,2116,256,1765303583.453530,31.622
1765303583.493806,2117,256,1765303583.462302,31.504
1765303583.497192,2118,256,1765303583.465744,31.449
1765303583.499835,2119,256,1765303583.468357,31.479
1765303583.505680,2120,256,1765303583.474091,31.589
1765303583.508691,2121,256,1765303583.477146,31.545
1765303583.509127,2122,256,1765303583.477177,31.950
1765303583.526887,2123,256,1765303583.494068,32.819
1765303583.527023,2124,256,1765303583.494452,32.571
1765303583.527068,2125,256,1765303583.495181,31.888
1765303583.537871,2126,256,1765303583.504277,33.593
1765303583.538120,2127,256,1765303583.504369,33.751
1765303583.538170,2128,256,1765303583.505315,32.855
1765303583.551314,2129,256,1765303583.519671,31.643
1765303583.554965,2130,256,1765303583.522797,32.168
1765303583.570306,2131,256,1765303583.538685,31.621
1765303583.575213,2132,256,1765303583.543620,31.593
1765303583.579257,2133,256,1765303583.547810,31.446
1765303583.588578,2134,256,1765303583.557139,31.439
1765303583.590887,2135,256,1765303583.559394,31.492
1765303583.593879,2136,256,1765303583.562409,31.470
1765303583.609210,2137,256,1765303583.577727,31.484
1765303583.611454,2138,256,1765303583.579682,31.772
1765303583.617718,2139,256,1765303583.586082,31.636
1765303583.628603,2140,256,1765303583.596889,31.714
1765303583.629028,2141,256,1765303583.597440,31.588
1765303583.632299,2142,256,1765303583.600861,31.439
1765303583.642520,2143,256,1765303583.611059,31.461
1765303583.657273,2144,256,1765303583.625741,31.532
1765303583.658939,2145,256,1765303583.627498,31.441
1765303583.661255,2146,256,1765303583.629829,31.425
1765303583.673274,2147,256,1765303583.641748,31.525
1765303583.679887,2148,256,1765303583.648456,31.431
1765303583.682855,2149,256,1765303583.651355,31.500
1765303583.695763,2150,256,1765303583.664257,31.506
1765303583.698112,2151,256,1765303583.666663,31.448
1765303583.698829,2152,256,1765303583.667377,31.452
1765303583.702420,2153,256,1765303583.670964,31.456
1765303583.705633,2154,256,1765303583.673978,31.655
1765303583.707290,2155,256,1765303583.675818,31.473
1765303583.719364,2156,256,1765303583.687931,31.432
1765303583.723572,2157,256,1765303583.692133,31.439
1765303583.724011,2158,256,1765303583.692459,31.552
1765303583.724452,2159,256,1765303583.692877,31.575
1765303583.730324,2160,256,1765303583.698586,31.739
1765303583.745490,2161,256,1765303583.714064,31.425
1765303583.754380,2162,256,1765303583.722803,31.577
1765303583.759239,2163,256,1765303583.727744,31.495
1765303583.766216,2164,256,1765303583.734723,31.494
1765303583.770942,2165,256,1765303583.739456,31.486
1765303583.786940,2166,256,1765303583.755357,31.583
1765303583.788486,2167,256,1765303583.757078,31.409
1765303583.795184,2168,256,1765303583.763542,31.642
1765303583.799117,2169,256,1765303583.767729,31.389
1765303583.799905,2170,256,1765303583.768116,31.789
1765303583.800691,2171,256,1765303583.768908,31.782
1765303583.801164,2172,256,1765303583.769307,31.857
1765303583.802926,2173,256,1765303583.771555,31.370
1765303583.810970,2174,256,1765303583.779598,31.372
1765303583.813468,2175,256,1765303583.782097,31.371
1765303583.819793,2176,256,1765303583.788419,31.374
1765303583.821157,2177,256,1765303583.789456,31.702
1765303583.833914,2178,256,1765303583.802551,31.363
1765303583.835980,2179,256,1765303583.804589,31.391
1765303583.838773,2180,256,1765303583.807413,31.360
1765303583.842537,2181,256,1765303583.811127,31.410
1765303583.845898,2182,256,1765303583.814521,31.377
1765303583.846944,2183,256,1765303583.815622,31.322
1765303583.847417,2184,256,1765303583.815861,31.556
1765303583.862605,2185,256,1765303583.831239,31.366
1765303583.872715,2186,256,1765303583.841365,31.350
1765303583.874952,2187,256,1765303583.843586,31.366
1765303583.877459,2188,256,1765303583.846119,31.340
1765303583.886128,2189,256,1765303583.854766,31.362
1765303583.890318,2190,256,1765303583.858949,31.369
1765303583.892532,2191,256,1765303583.861115,31.417
1765303583.897576,2192,256,1765303583.866158,31.418
1765303583.898440,2193,256,1765303583.867136,31.304
1765303583.905147,2194,256,1765303583.873768,31.379
1765303583.908806,2195,256,1765303583.877392,31.414
1765303583.910022,2196,256,1765303583.878682,31.340
1765303583.911512,2197,256,1765303583.880188,31.324
1765303583.915210,2198,256,1765303583.883785,31.425
1765303583.916841,2199,256,1765303583.885481,31.359
1765303583.919580,2200,256,1765303583.888201,31.379
1765303583.920012,2201,256,1765303583.888402,31.610
1765303583.922414,2202,256,1765303583.890993,31.422
1765303583.924743,2203,256,1765303583.893392,31.351
1765303583.933050,2204,256,1765303583.901607,31.443
1765303583.933652,2205,256,1765303583.902174,31.478
1765303583.935602,2206,256,1765303583.904185,31.417
1765303583.939156,2207,256,1765303583.907748,31.408
1765303583.941624,2208,256,1765303583.910162,31.463
1765303583.948726,2209,256,1765303583.917314,31.412
1765303583.951756,2210,256,1765303583.920200,31.557
1765303583.952975,2211,256,1765303583.921427,31.548
1765303583.957445,2212,256,1765303583.925913,31.532
1765303583.958223,2213,256,1765303583.926729,31.494
1765303583.963645,2214,256,1765303583.932193,31.452
1765303583.968797,2215,256,1765303583.937424,31.373
1765303583.970557,2216,256,1765303583.939065,31.493
1765303583.975497,2217,256,1765303583.943941,31.557
1765303583.975804,2218,256,1765303583.944449,31.356
1765303583.976945,2219,256,1765303583.945221,31.724
1765303583.986210,2220,256,1765303583.954775,31.434
1765303583.995087,2221,256,1765303583.963552,31.534
1765303583.998937,2222,256,1765303583.967292,31.645
1765303584.005656,2223,256,1765303583.974134,31.522
1765303584.019909,2224,256,1765303583.988488,31.420
1765303584.024945,2225,256,1765303583.993266,31.679
1765303584.029305,2226,256,1765303583.997847,31.458
1765303584.036904,2227,256,1765303584.005411,31.493
1765303584.056513,2228,256,1765303584.025093,31.420
1765303584.062940,2229,256,1765303584.031578,31.362
1765303584.072069,2230,256,1765303584.040619,31.451
1765303584.084056,2231,256,1765303584.052652,31.404
1765303584.090507,2232,256,1765303584.059082,31.425
1765303584.108278,2233,256,1765303584.076673,31.605
1765303584.110322,2234,256,1765303584.078817,31.505
1765303584.111305,2235,256,1765303584.079899,31.407
1765303584.113326,2236,256,1765303584.081839,31.487
1765303584.114739,2237,256,1765303584.083328,31.411
1765303584.125423,2238,256,1765303584.093997,31.427
1765303584.127277,2239,256,1765303584.095847,31.430
1765303584.130028,2240,256,1765303584.098639,31.389
1765303584.143868,2241,256,1765303584.112344,31.524
1765303584.148258,2242,256,1765303584.116874,31.384
1765303584.150752,2243,256,1765303584.119179,31.572
1765303584.152656,2244,256,1765303584.120942,31.713
1765303584.153052,2245,256,1765303584.121180,31.872
1765303584.167264,2246,256,1765303584.135741,31.523
1765303584.174140,2247,256,1765303584.142662,31.478
1765303584.180955,2248,256,1765303584.149593,31.362
1765303584.184942,2249,256,1765303584.153583,31.359
1765303584.185978,2250,256,1765303584.154302,31.676
1765303584.194956,2251,256,1765303584.163496,31.460
1765303584.199961,2252,256,1765303584.168403,31.558
1765303584.207370,2253,256,1765303584.175887,31.483
1765303584.222071,2254,256,1765303584.190590,31.482
1765303584.226396,2255,256,1765303584.194932,31.464
1765303584.226802,2256,256,1765303584.195348,31.454
1765303584.230649,2257,256,1765303584.198868,31.780
1765303584.236917,2258,256,1765303584.205342,31.574
1765303584.239843,2259,256,1765303584.208321,31.523
1765303584.241765,2260,256,1765303584.210233,31.532
1765303584.263245,2261,256,1765303584.231650,31.595
1765303584.264565,2262,256,1765303584.233120,31.445
1765303584.266287,2263,256,1765303584.234821,31.466
1765303584.267123,2264,256,1765303584.235696,31.427
1765303584.275323,2265,256,1765303584.243693,31.630
1765303584.277910,2266,256,1765303584.246409,31.501
1765303584.281353,2267,256,1765303584.249832,31.520
1765303584.284797,2268,256,1765303584.253289,31.508
1765303584.291866,2269,256,1765303584.260389,31.477
1765303584.302849,2270,256,1765303584.271425,31.424
1765303584.305678,2271,256,1765303584.274101,31.577
1765303584.326763,2272,256,1765303584.295160,31.603
1765303584.331707,2273,256,1765303584.300194,31.512
1765303584.342773,2274,256,1765303584.311398,31.375
1765303584.343239,2275,256,1765303584.311492,31.747
1765303584.345863,2276,256,1765303584.314450,31.413
1765303584.347196,2277,256,1765303584.315810,31.386
1765303584.352886,2278,256,1765303584.321302,31.585
1765303584.358765,2279,256,1765303584.327343,31.422
1765303584.362561,2280,256,1765303584.331020,31.541
1765303584.368260,2281,256,1765303584.336835,31.425
1765303584.371439,2282,256,1765303584.339857,31.581
1765303584.379045,2283,256,1765303584.347573,31.472
1765303584.382260,2284,256,1765303584.350801,31.458
1765303584.386953,2285,256,1765303584.355452,31.500
1765303584.388822,2286,256,1765303584.357158,31.664
1765303584.390351,2287,256,1765303584.358891,31.460
1765303584.390797,2288,256,1765303584.359170,31.627
1765303584.395093,2289,256,1765303584.363650,31.443
1765303584.399908,2290,256,1765303584.368392,31.516
1765303584.417148,2291,256,1765303584.385647,31.500
1765303584.419349,2292,256,1765303584.387697,31.652
1765303584.426940,2293,256,1765303584.395042,31.898
1765303584.438850,2294,256,1765303584.407180,31.670
1765303584.441752,2295,256,1765303584.410280,31.472
1765303584.447200,2296,256,1765303584.415579,31.621
1765303584.447544,2297,256,1765303584.415691,31.852
1765303584.452523,2298,256,1765303584.420926,31.597
1765303584.479110,2299,256,1765303584.447688,31.422
1765303584.482440,2300,256,1765303584.451007,31.433
1765303584.494215,2301,256,1765303584.462735,31.480
1765303584.495793,2302,256,1765303584.464413,31.380
1765303584.526909,2303,256,1765303584.495271,31.638
1765303584.534554,2304,256,1765303584.502725,31.828
1765303584.542384,2305,256,1765303584.510928,31.456
1765303584.558717,2306,256,1765303584.527292,31.425
1765303584.562022,2307,256,1765303584.530248,31.775
1765303584.563303,2308,256,1765303584.531932,31.371
1765303584.578816,2309,256,1765303584.547323,31.493
1765303584.579300,2310,256,1765303584.547406,31.894
1765303584.594664,2311,256,1765303584.562691,31.973
1765303584.597127,2312,256,1765303584.565719,31.408
1765303584.604297,2313,256,1765303584.572806,31.491
1765303584.605553,2314,256,1765303584.574217,31.336
1765303584.606093,2315,256,1765303584.574525,31.568
1765303584.607862,2316,256,1765303584.576388,31.474
1765303584.609120,2317,256,1765303584.577770,31.350
1765303584.609593,2318,256,1765303584.577941,31.652
1765303584.613215,2319,256,1765303584.581853,31.362
1765303584.619304,2320,256,1765303584.587868,31.437
1765303584.640993,2321,256,1765303584.609577,31.416
1765303584.644906,2322,256,1765303584.613551,31.355
1765303584.645363,2323,256,1765303584.613598,31.765
1765303584.645851,2324,256,1765303584.613703,32.148
1765303584.655337,2325,256,1765303584.623919,31.418
1765303584.661974,2326,256,1765303584.630530,31.444
1765303584.663007,2327,256,1765303584.631648,31.359
1765303584.663527,2328,256,1765303584.631692,31.835
1765303584.666808,2329,256,1765303584.635420,31.389
1765303584.676728,2330,256,1765303584.645225,31.503
1765303584.677950,2331,256,1765303584.646577,31.373
1765303584.693787,2332,256,1765303584.661883,31.904
1765303584.695863,2333,256,1765303584.664479,31.384
1765303584.706846,2334,256,1765303584.675287,31.559
1765303584.709072,2335,256,1765303584.677579,31.493
1765303584.721218,2336,256,1765303584.689433,31.785
1765303584.722313,2337,256,1765303584.690887,31.425
1765303584.725391,2338,256,1765303584.693934,31.457
1765303584.727290,2339,256,1765303584.695806,31.484
1765303584.727826,2340,256,1765303584.696402,31.424
1765303584.730416,2341,256,1765303584.698980,31.435
1765303584.734570,2342,256,1765303584.703053,31.516
1765303584.734966,2343,256,1765303584.703526,31.439
1765303584.741087,2344,256,1765303584.709616,31.471
1765303584.748644,2345,256,1765303584.716867,31.777
1765303584.760566,2346,256,1765303584.729082,31.485
1765303584.761024,2347,256,1765303584.729189,31.835
1765303584.766135,2348,256,1765303584.734581,31.554
1765303584.771951,2349,256,1765303584.739682,32.269
1765303584.775651,2350,256,1765303584.744017,31.633
1765303584.776197,2351,256,1765303584.744792,31.405
1765303584.777053,2352,256,1765303584.745597,31.456
1765303584.795995,2353,256,1765303584.764039,31.956
1765303584.799930,2354,256,1765303584.768333,31.597
1765303584.803686,2355,256,1765303584.772198,31.488
1765303584.813194,2356,256,1765303584.781568,31.626
1765303584.814519,2357,256,1765303584.783092,31.427
1765303584.840659,2358,256,1765303584.809219,31.441
1765303584.846164,2359,256,1765303584.814731,31.433
1765303584.848577,2360,256,1765303584.817089,31.487
1765303584.849026,2361,256,1765303584.817420,31.606
1765303584.851587,2362,256,1765303584.820091,31.496
1765303584.853235,2363,256,1765303584.821823,31.412
1765303584.857092,2364,256,1765303584.825338,31.754
1765303584.860425,2365,256,1765303584.828981,31.443
1765303584.861749,2366,256,1765303584.829982,31.767
1765303584.862262,2367,256,1765303584.830053,32.209
1765303584.863297,2368,256,1765303584.831579,31.718
1765303584.863943,2369,256,1765303584.832550,31.393
1765303584.870645,2370,256,1765303584.839134,31.511
1765303584.878079,2371,256,1765303584.846594,31.485
1765303584.878485,2372,256,1765303584.847009,31.476
1765303584.879411,2373,256,1765303584.848005,31.405
1765303584.893786,2374,256,1765303584.862295,31.491
1765303584.894204,2375,256,1765303584.862453,31.751
1765303584.895438,2376,256,1765303584.864046,31.392
1765303584.896894,2377,256,1765303584.865531,31.363
1765303584.899661,2378,256,1765303584.868239,31.421
1765303584.902671,2379,256,1765303584.871222,31.449
1765303584.903380,2380,256,1765303584.871959,31.421
1765303584.905490,2381,256,1765303584.874107,31.383
1765303584.912290,2382,256,1765303584.880832,31.458
1765303584.915741,2383,256,1765303584.884281,31.460
1765303584.916421,2384,256,1765303584.885031,31.390
1765303584.918136,2385,256,1765303584.886725,31.411
1765303584.928731,2386,256,1765303584.897216,31.515
1765303584.930321,2387,256,1765303584.898258,32.063
1765303584.941839,2388,256,1765303584.909600,32.239
1765303584.943424,2389,256,1765303584.911892,31.532
1765303584.952442,2390,256,1765303584.920861,31.581
1765303584.952962,2391,256,1765303584.921476,31.486
1765303584.953343,2392,256,1765303584.921541,31.801
1765303584.956865,2393,256,1765303584.924566,32.299
1765303584.964021,2394,256,1765303584.932212,31.809
1765303584.974669,2395,256,1765303584.942786,31.883
1765303584.978485,2396,256,1765303584.946941,31.545
1765303584.978916,2397,256,1765303584.947336,31.580
1765303584.985628,2398,256,1765303584.954061,31.567
1765303584.992476,2399,256,1765303584.960909,31.567
1765303585.007055,2400,256,1765303584.975561,31.494
1765303585.029720,2401,256,1765303584.998226,31.494
1765303585.034613,2402,256,1765303585.003127,31.487
1765303585.037353,2403,256,1765303585.005571,31.783
1765303585.045144,2404,256,1765303585.013735,31.409
1765303585.046203,2405,256,1765303585.014843,31.360
1765303585.051544,2406,256,1765303585.020088,31.456
1765303585.053720,2407,256,1765303585.022269,31.452
1765303585.056177,2408,256,1765303585.024773,31.404
1765303585.061584,2409,256,1765303585.030098,31.486
1765303585.061989,2410,256,1765303585.030240,31.749
1765303585.066822,2411,256,1765303585.034033,32.789
1765303585.067514,2412,256,1765303585.036113,31.400
1765303585.068104,2413,256,1765303585.036749,31.355
1765303585.072975,2414,256,1765303585.041571,31.404
1765303585.078009,2415,256,1765303585.046372,31.637
1765303585.078984,2416,256,1765303585.047595,31.389
1765303585.081141,2417,256,1765303585.049672,31.468
1765303585.085640,2418,256,1765303585.054013,31.627
1765303585.087486,2419,256,1765303585.055969,31.517
1765303585.090801,2420,256,1765303585.059325,31.477
1765303585.091352,2421,256,1765303585.059621,31.731
1765303585.099340,2422,256,1765303585.067622,31.717
1765303585.100474,2423,256,1765303585.068981,31.493
1765303585.101915,2424,256,1765303585.070415,31.500
1765303585.105101,2425,256,1765303585.073568,31.533
1765303585.105585,2426,256,1765303585.073847,31.738
1765303585.107522,2427,256,1765303585.076026,31.496
1765303585.110024,2428,256,1765303585.078466,31.558
1765303585.111855,2429,256,1765303585.080203,31.651
1765303585.114946,2430,256,1765303585.083078,31.868
1765303585.117875,2431,256,1765303585.086336,31.538
1765303585.119624,2432,256,1765303585.088163,31.461
1765303585.121829,2433,256,1765303585.090267,31.562
1765303585.140351,2434,256,1765303585.108412,31.940
1765303585.145927,2435,256,1765303585.114415,31.512
1765303585.146346,2436,256,1765303585.114753,31.594
1765303585.147100,2437,256,1765303585.115680,31.420
1765303585.147878,2438,256,1765303585.116405,31.473
1765303585.150276,2439,256,1765303585.118801,31.475
1765303585.150852,2440,256,1765303585.119446,31.406
1765303585.153498,2441,256,1765303585.122056,31.442
1765303585.156293,2442,256,1765303585.124859,31.434
1765303585.159981,2443,256,1765303585.128464,31.516
1765303585.162503,2444,256,1765303585.131124,31.379
1765303585.166013,2445,256,1765303585.134510,31.503
1765303585.168642,2446,256,1765303585.137099,31.543
1765303585.185638,2447,256,1765303585.154109,31.529
1765303585.186016,2448,256,1765303585.154279,31.737
1765303585.187082,2449,256,1765303585.155696,31.386
1765303585.190828,2450,256,1765303585.159382,31.446
1765303585.197553,2451,256,1765303585.166081,31.471
1765303585.198479,2452,256,1765303585.166988,31.492
1765303585.217128,2453,256,1765303585.185614,31.514
1765303585.226809,2454,256,1765303585.195231,31.578
1765303585.227221,2455,256,1765303585.195787,31.434
1765303585.242524,2456,256,1765303585.211082,31.442
1765303585.253264,2457,256,1765303585.221829,31.435
1765303585.254172,2458,256,1765303585.222811,31.361
1765303585.268873,2459,256,1765303585.237460,31.413
1765303585.269846,2460,256,1765303585.238489,31.357
1765303585.270418,2461,256,1765303585.239056,31.362
1765303585.275037,2462,256,1765303585.243628,31.408
1765303585.277374,2463,256,1765303585.246002,31.371
1765303585.281799,2464,256,1765303585.250439,31.359
1765303585.283115,2465,256,1765303585.251737,31.378
1765303585.287970,2466,256,1765303585.256628,31.343
1765303585.288951,2467,256,1765303585.257622,31.328
1765303585.289458,2468,256,1765303585.257946,31.512
1765303585.298945,2469,256,1765303585.267553,31.392
1765303585.299387,2470,256,1765303585.267811,31.576
1765303585.305161,2471,256,1765303585.273791,31.370
1765303585.308358,2472,256,1765303585.276974,31.385
1765303585.311062,2473,256,1765303585.279672,31.390
1765303585.314328,2474,256,1765303585.282968,31.360
1765303585.322097,2475,256,1765303585.290688,31.409
1765303585.323349,2476,256,1765303585.291967,31.382
1765303585.324178,2477,256,1765303585.292817,31.361
1765303585.327607,2478,256,1765303585.296250,31.357
1765303585.332075,2479,256,1765303585.300688,31.387
1765303585.332598,2480,256,1765303585.301257,31.341
1765303585.337415,2481,256,1765303585.305978,31.437
1765303585.337801,2482,256,1765303585.306138,31.663
1765303585.338696,2483,256,1765303585.307322,31.375
1765303585.344872,2484,256,1765303585.313484,31.388
1765303585.351432,2485,256,1765303585.319803,31.629
1765303585.359921,2486,256,1765303585.328498,31.423
1765303585.361533,2487,256,1765303585.330154,31.379
1765303585.365549,2488,256,1765303585.334176,31.373
1765303585.372712,2489,256,1765303585.340973,31.739
1765303585.376001,2490,256,1765303585.344650,31.352
1765303585.376614,2491,256,1765303585.345287,31.327
1765303585.386242,2492,256,1765303585.354697,31.545
1765303585.392629,2493,256,1765303585.361270,31.359
1765303585.397266,2494,256,1765303585.365867,31.399
1765303585.402936,2495,256,1765303585.371556,31.380
1765303585.403394,2496,256,1765303585.371855,31.539
1765303585.410767,2497,256,1765303585.379407,31.361
1765303585.413868,2498,256,1765303585.382538,31.330
1765303585.416888,2499,256,1765303585.385576,31.312
1765303585.422998,2500,256,1765303585.391634,31.363
1765303585.423888,2501,256,1765303585.392584,31.304
1765303585.425866,2502,256,1765303585.394478,31.388
1765303585.426674,2503,256,1765303585.395303,31.370
1765303585.431137,2504,256,1765303585.399761,31.376
1765303585.440834,2505,256,1765303585.409345,31.489
1765303585.452280,2506,256,1765303585.420767,31.512
1765303585.452646,2507,256,1765303585.420845,31.801
1765303585.465351,2508,256,1765303585.433867,31.484
1765303585.467454,2509,256,1765303585.435953,31.501
1765303585.468874,2510,256,1765303585.437482,31.392
1765303585.474650,2511,256,1765303585.443218,31.433
1765303585.478094,2512,256,1765303585.446694,31.400
1765303585.478562,2513,256,1765303585.447019,31.543
1765303585.486796,2514,256,1765303585.455130,31.667
1765303585.487826,2515,256,1765303585.456380,31.446
1765303585.492091,2516,256,1765303585.460646,31.445
1765303585.492584,2517,256,1765303585.461119,31.465
1765303585.501545,2518,256,1765303585.469998,31.547
1765303585.504455,2519,256,1765303585.472863,31.592
1765303585.508696,2520,256,1765303585.477078,31.618
1765303585.516455,2521,256,1765303585.484756,31.699
1765303585.519105,2522,256,1765303585.487631,31.474
1765303585.526896,2523,256,1765303585.495310,31.586
1765303585.527580,2524,256,1765303585.495802,31.779
1765303585.530088,2525,256,1765303585.498549,31.539
1765303585.530863,2526,256,1765303585.499219,31.644
1765303585.541727,2527,256,1765303585.510213,31.513
1765303585.542900,2528,256,1765303585.511504,31.396
1765303585.546094,2529,256,1765303585.514388,31.706
1765303585.547594,2530,256,1765303585.516207,31.386
1765303585.548099,2531,256,1765303585.516745,31.354
1765303585.554760,2532,256,1765303585.523292,31.469
1765303585.555187,2533,256,1765303585.523755,31.431
1765303585.557604,2534,256,1765303585.526186,31.418
1765303585.563533,2535,256,1765303585.531976,31.557
1765303585.565140,2536,256,1765303585.533612,31.528
1765303585.568969,2537,256,1765303585.537586,31.383
1765303585.571633,2538,256,1765303585.540075,31.558
1765303585.584422,2539,256,1765303585.552734,31.687
1765303585.595320,2540,256,1765303585.563805,31.514
1765303585.597947,2541,256,1765303585.566339,31.608
1765303585.600932,2542,256,1765303585.569236,31.696
1765303585.606341,2543,256,1765303585.574824,31.517
1765303585.609680,2544,256,1765303585.578165,31.514
1765303585.610085,2545,256,1765303585.578694,31.391
1765303585.621331,2546,256,1765303585.589699,31.632
1765303585.621628,2547,256,1765303585.590262,31.366
1765303585.627563,2548,256,1765303585.596054,31.509
1765303585.632784,2549,256,1765303585.601234,31.550
1765303585.634312,2550,256,1765303585.602873,31.439
1765303585.634753,2551,256,1765303585.603004,31.749
1765303585.637972,2552,256,1765303585.606418,31.553
1765303585.646881,2553,256,1765303585.615341,31.539
1765303585.647337,2554,256,1765303585.615509,31.828
1765303585.657091,2555,256,1765303585.625457,31.635
1765303585.665314,2556,256,1765303585.633782,31.532
1765303585.670064,2557,256,1765303585.638505,31.559
1765303585.671114,2558,256,1765303585.639349,31.765
1765303585.698431,2559,256,1765303585.666998,31.433
1765303585.699751,2560,256,1765303585.668348,31.403
1765303585.700811,2561,256,1765303585.669474,31.337
1765303585.702744,2562,256,1765303585.671247,31.497
1765303585.709311,2563,256,1765303585.677905,31.405
1765303585.710787,2564,256,1765303585.679386,31.401
1765303585.712488,2565,256,1765303585.681122,31.366
1765303585.714645,2566,256,1765303585.683143,31.502
1765303585.716207,2567,256,1765303585.684836,31.371
1765303585.723439,2568,256,1765303585.691995,31.445
1765303585.726532,2569,256,1765303585.695111,31.421
1765303585.730789,2570,256,1765303585.699386,31.403
1765303585.731918,2571,256,1765303585.700513,31.404
1765303585.732574,2572,256,1765303585.701246,31.328
1765303585.735279,2573,256,1765303585.703890,31.389
1765303585.737033,2574,256,1765303585.705686,31.347
1765303585.738290,2575,256,1765303585.706784,31.507
1765303585.743095,2576,256,1765303585.711567,31.528
1765303585.744038,2577,256,1765303585.712552,31.486
1765303585.747062,2578,256,1765303585.715552,31.510
1765303585.751276,2579,256,1765303585.719682,31.594
1765303585.755595,2580,256,1765303585.724115,31.480
1765303585.757227,2581,256,1765303585.725635,31.592
1765303585.757493,2582,256,1765303585.725984,31.508
1765303585.771512,2583,256,1765303585.740040,31.472
1765303585.772663,2584,256,1765303585.741324,31.339
1765303585.774177,2585,256,1765303585.742767,31.410
1765303585.783802,2586,256,1765303585.752388,31.414
1765303585.784749,2587,256,1765303585.753312,31.437
1765303585.791750,2588,256,1765303585.760292,31.457
1765303585.796414,2589,256,1765303585.764984,31.430
1765303585.796861,2590,256,1765303585.765184,31.677
1765303585.801995,2591,256,1765303585.770555,31.441
1765303585.834598,2592,256,1765303585.802946,31.652
1765303585.835209,2593,256,1765303585.803218,31.991
1765303585.839354,2594,256,1765303585.807875,31.479
1765303585.855296,2595,256,1765303585.823671,31.625
1765303585.856686,2596,256,1765303585.825204,31.482
1765303585.857137,2597,256,1765303585.825304,31.834
1765303585.861440,2598,256,1765303585.829938,31.502
1765303585.867199,2599,256,1765303585.835648,31.551
1765303585.871031,2600,256,1765303585.839473,31.558
1765303585.877971,2601,256,1765303585.846292,31.679
1765303585.880573,2602,256,1765303585.849019,31.554
1765303585.886913,2603,256,1765303585.855334,31.579
1765303585.891656,2604,256,1765303585.859813,31.842
1765303585.898979,2605,256,1765303585.867093,31.886
1765303585.906326,2606,256,1765303585.874104,32.221
1765303585.910855,2607,256,1765303585.879216,31.638
1765303585.920371,2608,256,1765303585.888850,31.521
1765303585.920993,2609,256,1765303585.889525,31.467
1765303585.927333,2610,256,1765303585.895734,31.599
1765303585.928371,2611,256,1765303585.896396,31.975
1765303585.930446,2612,256,1765303585.898890,31.556
1765303585.931384,2613,256,1765303585.899884,31.500
1765303585.934008,2614,256,1765303585.902442,31.566
1765303585.942479,2615,256,1765303585.910563,31.916
1765303585.951299,2616,256,1765303585.919749,31.550
1765303585.959584,2617,256,1765303585.927959,31.625
1765303585.959982,2618,256,1765303585.928076,31.907
1765303585.965221,2619,256,1765303585.933649,31.573
1765303585.967452,2620,256,1765303585.935959,31.493
1765303585.968192,2621,256,1765303585.936177,32.015
1765303585.969443,2622,256,1765303585.937816,31.626
1765303585.970074,2623,256,1765303585.938615,31.460
1765303585.973524,2624,256,1765303585.941980,31.544
1765303585.974324,2625,256,1765303585.942233,32.091
1765303585.982300,2626,256,1765303585.950759,31.541
1765303585.993488,2627,256,1765303585.961984,31.503
1765303585.994259,2628,256,1765303585.962726,31.533
1765303586.001390,2629,256,1765303585.969867,31.523
1765303586.007785,2630,256,1765303585.976198,31.587
1765303586.012860,2631,256,1765303585.981337,31.523
1765303586.018125,2632,256,1765303585.986476,31.649
1765303586.020424,2633,256,1765303585.988656,31.768
1765303586.033414,2634,256,1765303586.001594,31.820
1765303586.037687,2635,256,1765303586.006068,31.619
1765303586.039186,2636,256,1765303586.007631,31.556
1765303586.040198,2637,256,1765303586.008755,31.443
1765303586.043811,2638,256,1765303586.012188,31.623
1765303586.049919,2639,256,1765303586.018357,31.562
1765303586.050397,2640,256,1765303586.018517,31.881
1765303586.056468,2641,256,1765303586.024828,31.640
1765303586.057859,2642,256,1765303586.026390,31.469
1765303586.059673,2643,256,1765303586.028189,31.484
1765303586.061521,2644,256,1765303586.030081,31.440
1765303586.061973,2645,256,1765303586.030274,31.698
1765303586.075408,2646,256,1765303586.043689,31.719
1765303586.077529,2647,256,1765303586.046086,31.443
1765303586.081452,2648,256,1765303586.050009,31.444
1765303586.083599,2649,256,1765303586.052092,31.507
1765303586.091381,2650,256,1765303586.059909,31.472
1765303586.098840,2651,256,1765303586.067320,31.521
1765303586.105501,2652,256,1765303586.074047,31.455
1765303586.112844,2653,256,1765303586.081365,31.480
1765303586.115425,2654,256,1765303586.083752,31.674
1765303586.128347,2655,256,1765303586.096892,31.455
1765303586.132024,2656,256,1765303586.100599,31.425
1765303586.132549,2657,256,1765303586.101145,31.404
1765303586.148073,2658,256,1765303586.116395,31.679
1765303586.152370,2659,256,1765303586.120825,31.545
1765303586.161033,2660,256,1765303586.129547,31.486
1765303586.166828,2661,256,1765303586.135334,31.494
1765303586.171387,2662,256,1765303586.139768,31.619
1765303586.175906,2663,256,1765303586.144231,31.675
1765303586.178341,2664,256,1765303586.146823,31.518
1765303586.187129,2665,256,1765303586.155469,31.659
1765303586.189111,2666,256,1765303586.157688,31.422
1765303586.191659,2667,256,1765303586.160169,31.491
1765303586.211483,2668,256,1765303586.179894,31.589
1765303586.226026,2669,256,1765303586.194096,31.930
1765303586.231810,2670,256,1765303586.199951,31.858
1765303586.236901,2671,256,1765303586.205218,31.683
1765303586.248069,2672,256,1765303586.216601,31.467
1765303586.250276,2673,256,1765303586.218626,31.650
1765303586.256953,2674,256,1765303586.225334,31.619
1765303586.257282,2675,256,1765303586.225908,31.374
1765303586.261454,2676,256,1765303586.230010,31.444
1765303586.265262,2677,256,1765303586.233803,31.459
1765303586.271679,2678,256,1765303586.240248,31.431
1765303586.272764,2679,256,1765303586.241333,31.430
1765303586.280313,2680,256,1765303586.248844,31.469
1765303586.283308,2681,256,1765303586.251836,31.472
1765303586.284004,2682,256,1765303586.252572,31.432
1765303586.292377,2683,256,1765303586.260862,31.515
1765303586.295702,2684,256,1765303586.264237,31.466
1765303586.298903,2685,256,1765303586.267425,31.478
1765303586.311661,2686,256,1765303586.280177,31.484
1765303586.317477,2687,256,1765303586.285748,31.728
1765303586.318908,2688,256,1765303586.287491,31.417
1765303586.323115,2689,256,1765303586.291660,31.455
1765303586.325608,2690,256,1765303586.294135,31.472
1765303586.332881,2691,256,1765303586.301344,31.537
1765303586.335763,2692,256,1765303586.303999,31.764
1765303586.336296,2693,256,1765303586.304939,31.356
1765303586.339029,2694,256,1765303586.307601,31.427
1765303586.339501,2695,256,1765303586.308036,31.466
1765303586.342305,2696,256,1765303586.310819,31.486
1765303586.342691,2697,256,1765303586.311168,31.523
1765303586.346164,2698,256,1765303586.314606,31.558
1765303586.355103,2699,256,1765303586.323519,31.584
1765303586.358597,2700,256,1765303586.326990,31.607
1765303586.359027,2701,256,1765303586.327280,31.747
1765303586.361738,2702,256,1765303586.330068,31.670
1765303586.362391,2703,256,1765303586.330833,31.559
1765303586.367477,2704,256,1765303586.335869,31.609
1765303586.368798,2705,256,1765303586.337207,31.590
1765303586.369442,2706,256,1765303586.337834,31.608
1765303586.382578,2707,256,1765303586.350927,31.651
1765303586.391160,2708,256,1765303586.359518,31.641
1765303586.399100,2709,256,1765303586.367619,31.481
1765303586.416058,2710,256,1765303586.384418,31.640
1765303586.425884,2711,256,1765303586.394166,31.718
1765303586.427837,2712,256,1765303586.396138,31.699
1765303586.428105,2713,256,1765303586.396222,31.882
1765303586.428574,2714,256,1765303586.397156,31.418
1765303586.455274,2715,256,1765303586.423665,31.609
1765303586.455644,2716,256,1765303586.423943,31.702
1765303586.462958,2717,256,1765303586.431309,31.649
1765303586.470115,2718,256,1765303586.438275,31.841
1765303586.473905,2719,256,1765303586.442420,31.486
1765303586.483051,2720,256,1765303586.451550,31.501
1765303586.485341,2721,256,1765303586.453596,31.745
1765303586.486604,2722,256,1765303586.455145,31.459
1765303586.487332,2723,256,1765303586.455810,31.522
1765303586.491842,2724,256,1765303586.460383,31.459
1765303586.496900,2725,256,1765303586.465463,31.436
1765303586.500333,2726,256,1765303586.468753,31.580
1765303586.502259,2727,256,1765303586.470748,31.511
1765303586.518393,2728,256,1765303586.486919,31.474
1765303586.518829,2729,256,1765303586.487165,31.664
1765303586.519935,2730,256,1765303586.488256,31.678
1765303586.522457,2731,256,1765303586.491083,31.375
1765303586.527038,2732,256,1765303586.495621,31.416
1765303586.532706,2733,256,1765303586.501213,31.493
1765303586.533128,2734,256,1765303586.501307,31.821
1765303586.536985,2735,256,1765303586.505526,31.459
1765303586.537529,2736,256,1765303586.505837,31.692
1765303586.537916,2737,256,1765303586.505891,32.026
1765303586.538364,2738,256,1765303586.506001,32.363
1765303586.538929,2739,256,1765303586.507077,31.852
1765303586.551309,2740,256,1765303586.519662,31.647
1765303586.569856,2741,256,1765303586.538100,31.757
1765303586.574447,2742,256,1765303586.542907,31.541
1765303586.578791,2743,256,1765303586.547015,31.776
1765303586.595451,2744,256,1765303586.563915,31.536
1765303586.605223,2745,256,1765303586.573654,31.569
1765303586.613015,2746,256,1765303586.581162,31.853
1765303586.617821,2747,256,1765303586.586206,31.615
1765303586.618225,2748,256,1765303586.586396,31.829
1765303586.623370,2749,256,1765303586.591701,31.669
1765303586.623938,2750,256,1765303586.592373,31.566
1765303586.625934,2751,256,1765303586.594454,31.480
1765303586.628041,2752,256,1765303586.596646,31.395
1765303586.631437,2753,256,1765303586.600021,31.415
1765303586.646871,2754,256,1765303586.615389,31.482
1765303586.647968,2755,256,1765303586.616602,31.366
1765303586.648443,2756,256,1765303586.616629,31.814
1765303586.649275,2757,256,1765303586.617930,31.345
1765303586.659404,2758,256,1765303586.627633,31.771
1765303586.659780,2759,256,1765303586.628222,31.557
1765303586.661318,2760,256,1765303586.629911,31.407
1765303586.671636,2761,256,1765303586.640183,31.453
1765303586.681123,2762,256,1765303586.649644,31.479
1765303586.682581,2763,256,1765303586.651178,31.404
1765303586.687815,2764,256,1765303586.656297,31.518
1765303586.692489,2765,256,1765303586.660988,31.502
1765303586.699245,2766,256,1765303586.667743,31.503
1765303586.699913,2767,256,1765303586.668495,31.417
1765303586.701595,2768,256,1765303586.669980,31.615
1765303586.716689,2769,256,1765303586.685220,31.469
1765303586.720444,2770,256,1765303586.688905,31.538
1765303586.724738,2771,256,1765303586.693155,31.584
1765303586.727097,2772,256,1765303586.695618,31.479
1765303586.733652,2773,256,1765303586.702020,31.632
1765303586.747890,2774,256,1765303586.716418,31.473
1765303586.748429,2775,256,1765303586.716601,31.828
1765303586.748868,2776,256,1765303586.716868,32.000
1765303586.749337,2777,256,1765303586.717664,31.673
1765303586.762758,2778,256,1765303586.730961,31.797
1765303586.765348,2779,256,1765303586.733920,31.429
1765303586.766186,2780,256,1765303586.734759,31.427
1765303586.767453,2781,256,1765303586.736023,31.430
1765303586.769409,2782,256,1765303586.738012,31.396
1765303586.774207,2783,256,1765303586.742769,31.438
1765303586.775693,2784,256,1765303586.744324,31.370
1765303586.776336,2785,256,1765303586.745009,31.327
1765303586.783549,2786,256,1765303586.752115,31.435
1765303586.785594,2787,256,1765303586.754126,31.468
1765303586.785977,2788,256,1765303586.754209,31.768
1765303586.786432,2789,256,1765303586.754391,32.041
1765303586.795676,2790,256,1765303586.764120,31.556
1765303586.803821,2791,256,1765303586.772341,31.479
1765303586.820726,2792,256,1765303586.789312,31.414
1765303586.829928,2793,256,1765303586.798511,31.417
1765303586.832660,2794,256,1765303586.801225,31.435
1765303586.834740,2795,256,1765303586.803307,31.433
1765303586.841347,2796,256,1765303586.809886,31.461
1765303586.841816,2797,256,1765303586.809974,31.842
1765303586.853386,2798,256,1765303586.821900,31.486
1765303586.853826,2799,256,1765303586.822415,31.411
1765303586.857147,2800,256,1765303586.825632,31.515
1765303586.858851,2801,256,1765303586.827242,31.609
1765303586.860232,2802,256,1765303586.828871,31.361
1765303586.866686,2803,256,1765303586.835083,31.603
1765303586.874442,2804,256,1765303586.843066,31.376
1765303586.875526,2805,256,1765303586.844157,31.369
1765303586.879026,2806,256,1765303586.847456,31.570
1765303586.880247,2807,256,1765303586.848879,31.368
1765303586.880907,2808,256,1765303586.849576,31.331
1765303586.885361,2809,256,1765303586.853979,31.382
1765303586.887497,2810,256,1765303586.856095,31.402
1765303586.894638,2811,256,1765303586.863242,31.396
1765303586.895394,2812,256,1765303586.864051,31.343
1765303586.896400,2813,256,1765303586.865069,31.331
1765303586.898512,2814,256,1765303586.867134,31.378
1765303586.914199,2815,256,1765303586.882706,31.493
1765303586.921233,2816,256,1765303586.889695,31.538
1765303586.922257,2817,256,1765303586.890790,31.467
1765303586.924910,2818,256,1765303586.893368,31.542
1765303586.925657,2819,256,1765303586.894204,31.452
1765303586.927393,2820,256,1765303586.895946,31.448
1765303586.930133,2821,256,1765303586.898622,31.512
1765303586.941026,2822,256,1765303586.909586,31.441
1765303586.941459,2823,256,1765303586.909680,31.779
1765303586.941912,2824,256,1765303586.910253,31.660
1765303586.943136,2825,256,1765303586.911777,31.359
1765303586.950768,2826,256,1765303586.919208,31.560
1765303586.952003,2827,256,1765303586.920615,31.388
1765303586.965890,2828,256,1765303586.934350,31.540
1765303586.966256,2829,256,1765303586.934729,31.527
1765303586.981935,2830,256,1765303586.950185,31.750
1765303586.982273,2831,256,1765303586.950628,31.645
1765303586.984205,2832,256,1765303586.952683,31.522
1765303586.997996,2833,256,1765303586.966504,31.492
1765303587.000790,2834,256,1765303586.968997,31.794
1765303587.006027,2835,256,1765303586.974219,31.808
1765303587.012541,2836,256,1765303586.980928,31.613
1765303587.017310,2837,256,1765303586.985759,31.551
1765303587.027635,2838,256,1765303586.996050,31.585
1765303587.030907,2839,256,1765303586.999032,31.876
1765303587.046991,2840,256,1765303587.015092,31.899
1765303587.060750,2841,256,1765303587.028964,31.786
1765303587.062062,2842,256,1765303587.030500,31.561
1765303587.066814,2843,256,1765303587.035143,31.672
1765303587.068894,2844,256,1765303587.037049,31.845
1765303587.078330,2845,256,1765303587.046815,31.516
1765303587.080403,2846,256,1765303587.048889,31.514
1765303587.081863,2847,256,1765303587.050394,31.469
1765303587.104616,2848,256,1765303587.073010,31.605
1765303587.111261,2849,256,1765303587.079648,31.613
1765303587.116889,2850,256,1765303587.085308,31.580
1765303587.122825,2851,256,1765303587.091261,31.564
1765303587.129308,2852,256,1765303587.097665,31.644
1765303587.129739,2853,256,1765303587.098356,31.383
1765303587.133015,2854,256,1765303587.101530,31.485
1765303587.133752,2855,256,1765303587.102370,31.382
1765303587.141104,2856,256,1765303587.109638,31.466
1765303587.141832,2857,256,1765303587.109782,32.050
1765303587.155006,2858,256,1765303587.123202,31.804
1765303587.156868,2859,256,1765303587.125341,31.527
1765303587.164286,2860,256,1765303587.132815,31.471
1765303587.165969,2861,256,1765303587.134474,31.495
1765303587.168415,2862,256,1765303587.137010,31.405
1765303587.173909,2863,256,1765303587.142430,31.479
1765303587.183460,2864,256,1765303587.151973,31.487
1765303587.186216,2865,256,1765303587.154729,31.487
1765303587.189319,2866,256,1765303587.157846,31.472
1765303587.195185,2867,256,1765303587.163737,31.448
1765303587.198988,2868,256,1765303587.167363,31.625
1765303587.200307,2869,256,1765303587.168864,31.443
1765303587.204049,2870,256,1765303587.172528,31.521
1765303587.211342,2871,256,1765303587.179835,31.507
1765303587.216060,2872,256,1765303587.184008,32.052
1765303587.217214,2873,256,1765303587.185761,31.453
1765303587.217814,2874,256,1765303587.186458,31.355
1765303587.218285,2875,256,1765303587.186888,31.397
1765303587.219082,2876,256,1765303587.187702,31.379
1765303587.219741,2877,256,1765303587.188371,31.370
1765303587.222016,2878,256,1765303587.190629,31.388
1765303587.231773,2879,256,1765303587.200189,31.584
1765303587.233539,2880,256,1765303587.202052,31.487
1765303587.244596,2881,256,1765303587.213016,31.580
1765303587.245459,2882,256,1765303587.213938,31.521
1765303587.252765,2883,256,1765303587.221320,31.445
1765303587.260030,2884,256,1765303587.228591,31.439
1765303587.264220,2885,256,1765303587.232749,31.471
1765303587.265301,2886,256,1765303587.233879,31.422
1765303587.269020,2887,256,1765303587.237557,31.463
1765303587.269481,2888,256,1765303587.237679,31.802
1765303587.277671,2889,256,1765303587.246011,31.660
1765303587.279778,2890,256,1765303587.248312,31.467
1765303587.284448,2891,256,1765303587.252936,31.512
1765303587.285586,2892,256,1765303587.254175,31.410
1765303587.287445,2893,256,1765303587.255613,31.832
1765303587.298834,2894,256,1765303587.267305,31.529
1765303587.302804,2895,256,1765303587.271210,31.593
1765303587.303180,2896,256,1765303587.271491,31.689
1765303587.303522,2897,256,1765303587.272018,31.505
1765303587.310588,2898,256,1765303587.278997,31.591
1765303587.311793,2899,256,1765303587.280427,31.366
1765303587.312502,2900,256,1765303587.281119,31.383
1765303587.318517,2901,256,1765303587.286899,31.619
1765303587.326672,2902,256,1765303587.295218,31.453
1765303587.329264,2903,256,1765303587.297575,31.689
1765303587.330519,2904,256,1765303587.299093,31.426
1765303587.339417,2905,256,1765303587.307977,31.440
1765303587.342324,2906,256,1765303587.310948,31.375
1765303587.343269,2907,256,1765303587.311932,31.336
1765303587.346028,2908,256,1765303587.314181,31.847
1765303587.354014,2909,256,1765303587.322569,31.445
1765303587.355074,2910,256,1765303587.323641,31.432
1765303587.360158,2911,256,1765303587.328281,31.877
1765303587.368691,2912,256,1765303587.337264,31.428
1765303587.379741,2913,256,1765303587.348125,31.616
1765303587.380570,2914,256,1765303587.349143,31.428
1765303587.384334,2915,256,1765303587.352816,31.518
1765303587.401356,2916,256,1765303587.369758,31.598
1765303587.413671,2917,256,1765303587.382073,31.598
1765303587.418862,2918,256,1765303587.387424,31.438
1765303587.424570,2919,256,1765303587.393149,31.421
1765303587.425190,2920,256,1765303587.393829,31.361
1765303587.437389,2921,256,1765303587.405883,31.507
1765303587.438887,2922,256,1765303587.407337,31.550
1765303587.441341,2923,256,1765303587.409965,31.376
1765303587.449338,2924,256,1765303587.417669,31.669
1765303587.450443,2925,256,1765303587.418892,31.552
1765303587.457168,2926,256,1765303587.425647,31.522
1765303587.464314,2927,256,1765303587.432859,31.455
1765303587.464840,2928,256,1765303587.433519,31.321
1765303587.465736,2929,256,1765303587.434231,31.505
1765303587.479779,2930,256,1765303587.448092,31.688
1765303587.482868,2931,256,1765303587.451349,31.519
1765303587.490266,2932,256,1765303587.458740,31.526
1765303587.491314,2933,256,1765303587.459812,31.502
1765303587.491877,2934,256,1765303587.460400,31.477
1765303587.499440,2935,256,1765303587.467798,31.642
1765303587.506004,2936,256,1765303587.474233,31.771
1765303587.506381,2937,256,1765303587.474555,31.826
1765303587.511915,2938,256,1765303587.480258,31.657
1765303587.517137,2939,256,1765303587.485684,31.453
1765303587.524293,2940,256,1765303587.492839,31.454
1765303587.528201,2941,256,1765303587.496661,31.539
1765303587.528725,2942,256,1765303587.497319,31.406
1765303587.534700,2943,256,1765303587.503156,31.543
1765303587.537682,2944,256,1765303587.506284,31.398
1765303587.544182,2945,256,1765303587.512520,31.662
1765303587.546254,2946,256,1765303587.514760,31.494
1765303587.558751,2947,256,1765303587.526969,31.782
1765303587.559103,2948,256,1765303587.527249,31.854
1765303587.564019,2949,256,1765303587.532646,31.373
1765303587.570401,2950,256,1765303587.538895,31.506
1765303587.571913,2951,256,1765303587.540516,31.396
1765303587.574046,2952,256,1765303587.542552,31.494
1765303587.580067,2953,256,1765303587.548444,31.623
1765303587.582571,2954,256,1765303587.551081,31.489
1765303587.583748,2955,256,1765303587.552034,31.713
1765303587.584507,2956,256,1765303587.553050,31.458
1765303587.588759,2957,256,1765303587.556965,31.794
1765303587.590839,2958,256,1765303587.559395,31.445
1765303587.592310,2959,256,1765303587.560918,31.392
1765303587.616044,2960,256,1765303587.584612,31.431
1765303587.617311,2961,256,1765303587.585978,31.333
1765303587.622021,2962,256,1765303587.590577,31.444
1765303587.623735,2963,256,1765303587.592192,31.542
1765303587.625358,2964,256,1765303587.593677,31.681
1765303587.627831,2965,256,1765303587.596438,31.394
1765303587.640220,2966,256,1765303587.608795,31.425
1765303587.641478,2967,256,1765303587.610119,31.359
1765303587.641937,2968,256,1765303587.610262,31.675
1765303587.653620,2969,256,1765303587.621758,31.862
1765303587.656496,2970,256,1765303587.625016,31.481
1765303587.657705,2971,256,1765303587.626019,31.686
1765303587.659414,2972,256,1765303587.627950,31.464
1765303587.662946,2973,256,1765303587.631322,31.624
1765303587.668309,2974,256,1765303587.636672,31.637
1765303587.686322,2975,256,1765303587.654798,31.524
1765303587.692902,2976,256,1765303587.661446,31.456
1765303587.703335,2977,256,1765303587.671738,31.597
1765303587.705738,2978,256,1765303587.674219,31.519
1765303587.708302,2979,256,1765303587.676816,31.486
1765303587.722687,2980,256,1765303587.691140,31.547
1765303587.730813,2981,256,1765303587.699387,31.426
1765303587.737989,2982,256,1765303587.706165,31.824
1765303587.738360,2983,256,1765303587.706624,31.736
1765303587.738845,2984,256,1765303587.707009,31.836
1765303587.740619,2985,256,1765303587.708855,31.764
1765303587.741057,2986,256,1765303587.709293,31.764
1765303587.741748,2987,256,1765303587.709474,32.274
1765303587.746949,2988,256,1765303587.715230,31.720
1765303587.751519,2989,256,1765303587.720084,31.435
1765303587.751954,2990,256,1765303587.720276,31.678
1765303587.757434,2991,256,1765303587.725852,31.582
1765303587.760530,2992,256,1765303587.729003,31.526
1765303587.761108,2993,256,1765303587.729746,31.362
1765303587.762232,2994,256,1765303587.730858,31.374
1765303587.766521,2995,256,1765303587.734936,31.586
1765303587.772244,2996,256,1765303587.740817,31.427
1765303587.782392,2997,256,1765303587.750817,31.576
1765303587.787025,2998,256,1765303587.755558,31.468
1765303587.791965,2999,256,1765303587.760209,31.756
1765303587.794844,3000,256,1765303587.763235,31.610
1765303587.801132,3001,256,1765303587.769566,31.567
1765303587.821103,3002,256,1765303587.789567,31.535
1765303587.825320,3003,256,1765303587.793878,31.442
1765303587.832670,3004,256,1765303587.801223,31.447
1765303587.843613,3005,256,1765303587.812189,31.424
1765303587.844776,3006,256,1765303587.813414,31.362
1765303587.848361,3007,256,1765303587.816971,31.390
1765303587.859692,3008,256,1765303587.828245,31.446
1765303587.863203,3009,256,1765303587.831758,31.444
1765303587.865953,3010,256,1765303587.834409,31.544
1765303587.871785,3011,256,1765303587.840358,31.427
1765303587.873449,3012,256,1765303587.842082,31.367
1765303587.883495,3013,256,1765303587.851953,31.542
1765303587.884562,3014,256,1765303587.852274,32.288
1765303587.894100,3015,256,1765303587.862327,31.774
1765303587.897134,3016,256,1765303587.865734,31.400
1765303587.903665,3017,256,1765303587.872155,31.509
1765303587.904087,3018,256,1765303587.872726,31.360
1765303587.905040,3019,256,1765303587.873725,31.314
1765303587.908351,3020,256,1765303587.877008,31.343
1765303587.912443,3021,256,1765303587.881020,31.424
1765303587.929801,3022,256,1765303587.898046,31.756
1765303587.933337,3023,256,1765303587.901813,31.524
1765303587.938231,3024,256,1765303587.906841,31.390
1765303587.950174,3025,256,1765303587.918803,31.371
1765303587.950645,3026,256,1765303587.919148,31.497
1765303587.951138,3027,256,1765303587.919323,31.815
1765303587.956379,3028,256,1765303587.924971,31.408
1765303587.957145,3029,256,1765303587.925593,31.553
1765303587.960935,3030,256,1765303587.929628,31.307
1765303587.965085,3031,256,1765303587.933766,31.319
1765303587.971254,3032,256,1765303587.939854,31.400
1765303587.979693,3033,256,1765303587.948232,31.461
1765303587.982673,3034,256,1765303587.951335,31.338
1765303587.983515,3035,256,1765303587.952167,31.348
1765303587.988674,3036,256,1765303587.957098,31.576
1765303587.989639,3037,256,1765303587.958138,31.501
1765303587.990084,3038,256,1765303587.958323,31.761
1765303587.993510,3039,256,1765303587.962137,31.374
1765303588.013034,3040,256,1765303587.981280,31.754
1765303588.013204,3041,256,1765303587.981491,31.713
1765303588.017810,3042,256,1765303587.986412,31.398
1765303588.020596,3043,256,1765303587.989076,31.520
1765303588.024671,3044,256,1765303587.992844,31.826
1765303588.024818,3045,256,1765303587.993162,31.657
1765303588.037017,3046,256,1765303588.005332,31.684
1765303588.062169,3047,256,1765303588.030436,31.733
1765303588.068334,3048,256,1765303588.036372,31.962
1765303588.069469,3049,256,1765303588.037818,31.651
1765303588.073065,3050,256,1765303588.041285,31.779
1765303588.099488,3051,256,1765303588.067996,31.492
1765303588.108367,3052,256,1765303588.076609,31.758
1765303588.111279,3053,256,1765303588.079744,31.535
1765303588.112979,3054,256,1765303588.081482,31.497
1765303588.118984,3055,256,1765303588.087211,31.773
1765303588.120650,3056,256,1765303588.089240,31.410
1765303588.140831,3057,256,1765303588.109398,31.432
1765303588.146684,3058,256,1765303588.115103,31.581
1765303588.148877,3059,256,1765303588.117368,31.510
1765303588.149807,3060,256,1765303588.118435,31.372
1765303588.163302,3061,256,1765303588.131866,31.437
1765303588.169886,3062,256,1765303588.138463,31.422
1765303588.172754,3063,256,1765303588.141105,31.649
1765303588.184076,3064,256,1765303588.151949,32.127
1765303588.199795,3065,256,1765303588.168250,31.545
1765303588.216373,3066,256,1765303588.184740,31.634
1765303588.219299,3067,256,1765303588.187706,31.593
1765303588.228058,3068,256,1765303588.196547,31.512
1765303588.233311,3069,256,1765303588.201460,31.851
1765303588.239424,3070,256,1765303588.207952,31.472
1765303588.244570,3071,256,1765303588.213075,31.495
1765303588.244999,3072,256,1765303588.213176,31.823
1765303588.246319,3073,256,1765303588.214872,31.447
1765303588.249381,3074,256,1765303588.217944,31.437
1765303588.252924,3075,256,1765303588.221536,31.388
1765303588.264837,3076,256,1765303588.233070,31.767
1765303588.267278,3077,256,1765303588.235820,31.458
1765303588.271022,3078,256,1765303588.239467,31.556
1765303588.272793,3079,256,1765303588.241339,31.454
1765303588.276254,3080,256,1765303588.244746,31.508
1765303588.282194,3081,256,1765303588.250737,31.457
1765303588.282844,3082,256,1765303588.251433,31.411
1765303588.291701,3083,256,1765303588.260278,31.423
1765303588.295272,3084,256,1765303588.263861,31.411
1765303588.296732,3085,256,1765303588.265113,31.619
1765303588.299279,3086,256,1765303588.267776,31.502
1765303588.316664,3087,256,1765303588.285174,31.490
1765303588.324726,3088,256,1765303588.293201,31.525
1765303588.333241,3089,256,1765303588.301583,31.658
1765303588.333962,3090,256,1765303588.302225,31.737
1765303588.336362,3091,256,1765303588.304831,31.532
1765303588.341380,3092,256,1765303588.309665,31.715
1765303588.342025,3093,256,1765303588.310143,31.883
1765303588.348097,3094,256,1765303588.316634,31.463
1765303588.361998,3095,256,1765303588.330397,31.601
1765303588.370960,3096,256,1765303588.339290,31.670
1765303588.371320,3097,256,1765303588.339833,31.487
1765303588.373588,3098,256,1765303588.342244,31.344
1765303588.383671,3099,256,1765303588.352153,31.518
1765303588.386790,3100,256,1765303588.355177,31.613
1765303588.387182,3101,256,1765303588.355428,31.754
1765303588.389433,3102,256,1765303588.357791,31.642
1765303588.416075,3103,256,1765303588.384498,31.578
1765303588.426688,3104,256,1765303588.395097,31.591
1765303588.431183,3105,256,1765303588.399020,32.162
1765303588.440435,3106,256,1765303588.408684,31.751
1765303588.442500,3107,256,1765303588.411161,31.339
1765303588.447166,3108,256,1765303588.415611,31.556
1765303588.447895,3109,256,1765303588.415942,31.953
1765303588.448297,3110,256,1765303588.415991,32.306
1765303588.452907,3111,256,1765303588.421215,31.691
1765303588.470888,3112,256,1765303588.439493,31.395
1765303588.471707,3113,256,1765303588.440252,31.455
1765303588.472191,3114,256,1765303588.440290,31.901
1765303588.474471,3115,256,1765303588.443014,31.456
1765303588.474938,3116,256,1765303588.443347,31.591
1765303588.485588,3117,256,1765303588.454091,31.497
1765303588.485953,3118,256,1765303588.454309,31.643
1765303588.490104,3119,256,1765303588.458572,31.532
1765303588.495948,3120,256,1765303588.464539,31.409
1765303588.506694,3121,256,1765303588.475276,31.419
1765303588.514834,3122,256,1765303588.483372,31.463
1765303588.523365,3123,256,1765303588.491851,31.514
1765303588.529146,3124,256,1765303588.497536,31.610
1765303588.533172,3125,256,1765303588.501660,31.512
1765303588.537271,3126,256,1765303588.505806,31.465
1765303588.538004,3127,256,1765303588.506281,31.723
1765303588.547294,3128,256,1765303588.515883,31.411
1765303588.549863,3129,256,1765303588.518380,31.483
1765303588.552651,3130,256,1765303588.521006,31.645
1765303588.553842,3131,256,1765303588.522499,31.343
1765303588.555213,3132,256,1765303588.523878,31.335
1765303588.555732,3133,256,1765303588.524204,31.528
1765303588.565274,3134,256,1765303588.533861,31.413
1765303588.574232,3135,256,1765303588.542684,31.549
1765303588.593012,3136,256,1765303588.561554,31.458
1765303588.593747,3137,256,1765303588.562148,31.599
1765303588.605795,3138,256,1765303588.574167,31.628
1765303588.616289,3139,256,1765303588.584848,31.440
1765303588.624671,3140,256,1765303588.593034,31.638
1765303588.626218,3141,256,1765303588.594646,31.571
1765303588.627493,3142,256,1765303588.596129,31.364
1765303588.628325,3143,256,1765303588.596990,31.334
1765303588.640318,3144,256,1765303588.608671,31.648
1765303588.640647,3145,256,1765303588.608856,31.791
1765303588.651111,3146,256,1765303588.619666,31.445
1765303588.652823,3147,256,1765303588.621178,31.645
1765303588.662015,3148,256,1765303588.630563,31.452
1765303588.663204,3149,256,1765303588.631840,31.365
1765303588.667778,3150,256,1765303588.636379,31.398
1765303588.668200,3151,256,1765303588.636461,31.739
1765303588.678779,3152,256,1765303588.647369,31.410
1765303588.682476,3153,256,1765303588.650855,31.621
1765303588.682869,3154,256,1765303588.651131,31.738
1765303588.687374,3155,256,1765303588.655952,31.422
1765303588.693588,3156,256,1765303588.662163,31.425
1765303588.693995,3157,256,1765303588.662382,31.614
1765303588.697787,3158,256,1765303588.666328,31.459
1765303588.699449,3159,256,1765303588.668063,31.386
1765303588.708338,3160,256,1765303588.676935,31.403
1765303588.711183,3161,256,1765303588.679752,31.431
1765303588.716938,3162,256,1765303588.685193,31.745
1765303588.721378,3163,256,1765303588.689756,31.623
1765303588.723361,3164,256,1765303588.691825,31.536
1765303588.723742,3165,256,1765303588.692223,31.518
1765303588.742939,3166,256,1765303588.711223,31.716
1765303588.753233,3167,256,1765303588.721678,31.555
1765303588.756783,3168,256,1765303588.725322,31.460
1765303588.757231,3169,256,1765303588.725408,31.824
1765303588.759119,3170,256,1765303588.727440,31.678
1765303588.759486,3171,256,1765303588.727636,31.851
1765303588.766414,3172,256,1765303588.734915,31.499
1765303588.773232,3173,256,1765303588.741625,31.606
1765303588.775907,3174,256,1765303588.744225,31.682
1765303588.780339,3175,256,1765303588.748928,31.411
1765303588.787034,3176,256,1765303588.755619,31.415
1765303588.797679,3177,256,1765303588.766120,31.559
1765303588.831889,3178,256,1765303588.800347,31.542
1765303588.833375,3179,256,1765303588.801950,31.424
1765303588.837329,3180,256,1765303588.805918,31.411
1765303588.847611,3181,256,1765303588.815924,31.687
1765303588.848377,3182,256,1765303588.816270,32.107
1765303588.850207,3183,256,1765303588.818530,31.677
1765303588.854363,3184,256,1765303588.822951,31.412
1765303588.855168,3185,256,1765303588.823814,31.354
1765303588.856210,3186,256,1765303588.824819,31.391
1765303588.861799,3187,256,1765303588.830215,31.584
1765303588.865230,3188,256,1765303588.833482,31.748
1765303588.890200,3189,256,1765303588.858670,31.530
1765303588.891772,3190,256,1765303588.860347,31.426
1765303588.897577,3191,256,1765303588.866089,31.488
1765303588.903791,3192,256,1765303588.872097,31.694
1765303588.904206,3193,256,1765303588.872510,31.696
1765303588.906952,3194,256,1765303588.875415,31.537
1765303588.907351,3195,256,1765303588.875546,31.804
1765303588.908397,3196,256,1765303588.877027,31.371
1765303588.911879,3197,256,1765303588.880422,31.457
1765303588.922089,3198,256,1765303588.890628,31.461
1765303588.922494,3199,256,1765303588.891139,31.355
1765303588.938014,3200,256,1765303588.906455,31.559
1765303588.941924,3201,256,1765303588.910159,31.765
1765303588.942256,3202,256,1765303588.910443,31.814
1765303588.945447,3203,256,1765303588.913979,31.468
1765303588.948504,3204,256,1765303588.917078,31.425
1765303588.952730,3205,256,1765303588.920869,31.861
1765303588.953141,3206,256,1765303588.921230,31.912
1765303588.956164,3207,256,1765303588.924751,31.413
1765303588.964377,3208,256,1765303588.932927,31.450
1765303588.970006,3209,256,1765303588.938646,31.360
1765303588.973008,3210,256,1765303588.941473,31.535
1765303588.974820,3211,256,1765303588.943406,31.414
1765303588.975868,3212,256,1765303588.944227,31.641
1765303588.976189,3213,256,1765303588.944701,31.488
1765303588.978640,3214,256,1765303588.946995,31.645
1765303588.981203,3215,256,1765303588.949676,31.527
1765303588.986926,3216,256,1765303588.955522,31.404
1765303588.993955,3217,256,1765303588.962607,31.349
1765303588.998585,3218,256,1765303588.967188,31.397
1765303588.999907,3219,256,1765303588.968439,31.467
1765303589.008752,3220,256,1765303588.977119,31.634
1765303589.009292,3221,256,1765303588.977659,31.633
1765303589.010490,3222,256,1765303588.979092,31.398
1765303589.011767,3223,256,1765303588.980412,31.354
1765303589.019771,3224,256,1765303588.988278,31.493
1765303589.021057,3225,256,1765303588.989696,31.361
1765303589.022843,3226,256,1765303588.991261,31.581
1765303589.023100,3227,256,1765303588.991593,31.507
1765303589.030218,3228,256,1765303588.998734,31.483
1765303589.030985,3229,256,1765303588.999513,31.472
1765303589.035169,3230,256,1765303589.003625,31.544
1765303589.035472,3231,256,1765303589.003734,31.738
1765303589.036247,3232,256,1765303589.004795,31.452
1765303589.036887,3233,256,1765303589.005491,31.395
1765303589.042889,3234,256,1765303589.011274,31.615
1765303589.060740,3235,256,1765303589.029007,31.732
1765303589.067172,3236,256,1765303589.035591,31.581
1765303589.072765,3237,256,1765303589.041291,31.474
1765303589.073833,3238,256,1765303589.042335,31.498
1765303589.080236,3239,256,1765303589.048661,31.575
1765303589.080688,3240,256,1765303589.048867,31.820
1765303589.094912,3241,256,1765303589.063267,31.646
1765303589.095926,3242,256,1765303589.064412,31.514
1765303589.107390,3243,256,1765303589.075841,31.549
1765303589.107708,3244,256,1765303589.076191,31.516
1765303589.116675,3245,256,1765303589.085273,31.402
1765303589.117258,3246,256,1765303589.085518,31.740
1765303589.125062,3247,256,1765303589.093321,31.741
1765303589.127401,3248,256,1765303589.096029,31.372
1765303589.135969,3249,256,1765303589.104487,31.481
1765303589.139673,3250,256,1765303589.108278,31.395
1765303589.143726,3251,256,1765303589.112298,31.428
1765303589.144182,3252,256,1765303589.112450,31.733
1765303589.148100,3253,256,1765303589.116074,32.026
1765303589.158478,3254,256,1765303589.126942,31.536
1765303589.159846,3255,256,1765303589.128377,31.469
1765303589.163642,3256,256,1765303589.132186,31.456
1765303589.180398,3257,256,1765303589.148852,31.546
1765303589.185540,3258,256,1765303589.153416,32.124
1765303589.185880,3259,256,1765303589.154383,31.497
1765303589.190493,3260,256,1765303589.158875,31.617
1765303589.193445,3261,256,1765303589.161817,31.628
1765303589.208149,3262,256,1765303589.176727,31.422
1765303589.218238,3263,256,1765303589.186814,31.424
1765303589.226365,3264,256,1765303589.194971,31.394
1765303589.233765,3265,256,1765303589.202274,31.492
1765303589.234837,3266,256,1765303589.202974,31.864
1765303589.237604,3267,256,1765303589.206105,31.500
1765303589.248029,3268,256,1765303589.216413,31.616
1765303589.254409,3269,256,1765303589.222883,31.526
1765303589.258935,3270,256,1765303589.227453,31.481
1765303589.261439,3271,256,1765303589.229995,31.444
1765303589.272027,3272,256,1765303589.240099,31.927
1765303589.272377,3273,256,1765303589.240296,32.081
1765303589.281560,3274,256,1765303589.250038,31.523
1765303589.282892,3275,256,1765303589.251398,31.493
1765303589.286842,3276,256,1765303589.255434,31.408
1765303589.287846,3277,256,1765303589.256445,31.400
1765303589.289913,3278,256,1765303589.258504,31.409
1765303589.291847,3279,256,1765303589.260277,31.570
1765303589.294681,3280,256,1765303589.262995,31.686
1765303589.303532,3281,256,1765303589.272106,31.426
1765303589.305117,3282,256,1765303589.273741,31.376
1765303589.308931,3283,256,1765303589.277171,31.760
1765303589.311819,3284,256,1765303589.280483,31.336
1765303589.312607,3285,256,1765303589.281289,31.318
1765303589.315690,3286,256,1765303589.284287,31.403
1765303589.316416,3287,256,1765303589.285079,31.337
1765303589.316870,3288,256,1765303589.285294,31.576
1765303589.329321,3289,256,1765303589.297928,31.393
1765303589.345895,3290,256,1765303589.314442,31.453
1765303589.350142,3291,256,1765303589.318492,31.650
1765303589.360469,3292,256,1765303589.329022,31.447
1765303589.364748,3293,256,1765303589.333263,31.485
1765303589.369102,3294,256,1765303589.337725,31.377
1765303589.374186,3295,256,1765303589.342767,31.419
1765303589.378316,3296,256,1765303589.346926,31.389
1765303589.385815,3297,256,1765303589.354277,31.538
1765303589.386380,3298,256,1765303589.354956,31.424
1765303589.396982,3299,256,1765303589.365613,31.369
1765303589.402802,3300,256,1765303589.371434,31.368
1765303589.404540,3301,256,1765303589.373044,31.495
1765303589.408728,3302,256,1765303589.377146,31.582
1765303589.414104,3303,256,1765303589.382601,31.503
1765303589.415621,3304,256,1765303589.384154,31.467
1765303589.419734,3305,256,1765303589.388200,31.534
1765303589.420170,3306,256,1765303589.388333,31.837
1765303589.421357,3307,256,1765303589.389822,31.535
1765303589.422784,3308,256,1765303589.391278,31.506
1765303589.427302,3309,256,1765303589.395806,31.496
1765303589.437415,3310,256,1765303589.405841,31.574
1765303589.441685,3311,256,1765303589.410306,31.379
1765303589.448287,3312,256,1765303589.416501,31.787
1765303589.482953,3313,256,1765303589.451394,31.559
1765303589.485486,3314,256,1765303589.453847,31.639
1765303589.504990,3315,256,1765303589.473205,31.785
1765303589.505912,3316,256,1765303589.474374,31.538
1765303589.511216,3317,256,1765303589.479482,31.734
1765303589.513022,3318,256,1765303589.481577,31.445
1765303589.521579,3319,256,1765303589.490045,31.535
1765303589.522064,3320,256,1765303589.490530,31.534
1765303589.524882,3321,256,1765303589.493345,31.537
1765303589.525359,3322,256,1765303589.493558,31.802
1765303589.532054,3323,256,1765303589.500556,31.498
1765303589.535636,3324,256,1765303589.504090,31.545
1765303589.541632,3325,256,1765303589.510191,31.441
1765303589.547687,3326,256,1765303589.516296,31.390
1765303589.553356,3327,256,1765303589.521904,31.452
1765303589.556051,3328,256,1765303589.524583,31.469
1765303589.557817,3329,256,1765303589.526173,31.644
1765303589.558252,3330,256,1765303589.526253,32.000
1765303589.562750,3331,256,1765303589.531052,31.697
1765303589.571470,3332,256,1765303589.540101,31.369
1765303589.571921,3333,256,1765303589.540221,31.700
1765303589.573359,3334,256,1765303589.541996,31.363
1765303589.576364,3335,256,1765303589.544894,31.471
1765303589.577474,3336,256,1765303589.545661,31.813
1765303589.579107,3337,256,1765303589.547673,31.435
1765303589.580022,3338,256,1765303589.548625,31.397
1765303589.582083,3339,256,1765303589.550727,31.356
1765303589.628988,3340,256,1765303589.597321,31.667
1765303589.629338,3341,256,1765303589.597682,31.656
1765303589.632488,3342,256,1765303589.600985,31.503
1765303589.633965,3343,256,1765303589.602225,31.739
1765303589.639668,3344,256,1765303589.608177,31.492
1765303589.642861,3345,256,1765303589.611339,31.522
1765303589.643274,3346,256,1765303589.611742,31.532
1765303589.646909,3347,256,1765303589.615325,31.584
1765303589.648895,3348,256,1765303589.617334,31.560
1765303589.650050,3349,256,1765303589.618589,31.462
1765303589.654832,3350,256,1765303589.622913,31.919
1765303589.663307,3351,256,1765303589.631756,31.551
1765303589.666570,3352,256,1765303589.635058,31.511
1765303589.668927,3353,256,1765303589.637289,31.638
1765303589.671745,3354,256,1765303589.640154,31.591
1765303589.677819,3355,256,1765303589.645678,32.141
1765303589.682255,3356,256,1765303589.650310,31.945
1765303589.693035,3357,256,1765303589.661381,31.654
1765303589.719483,3358,256,1765303589.687697,31.786
1765303589.722865,3359,256,1765303589.691328,31.537
1765303589.726593,3360,256,1765303589.694759,31.834
1765303589.732940,3361,256,1765303589.701377,31.564
1765303589.737370,3362,256,1765303589.705791,31.579
1765303589.743663,3363,256,1765303589.712119,31.543
1765303589.744756,3364,256,1765303589.713188,31.567
1765303589.748747,3365,256,1765303589.717172,31.575
1765303589.751835,3366,256,1765303589.719986,31.849
1765303589.753914,3367,256,1765303589.722424,31.490
1765303589.761263,3368,256,1765303589.729704,31.558
1765303589.761901,3369,256,1765303589.730428,31.473
1765303589.769040,3370,256,1765303589.737514,31.525
1765303589.769419,3371,256,1765303589.738060,31.359
1765303589.771359,3372,256,1765303589.739767,31.592
1765303589.776899,3373,256,1765303589.745438,31.461
1765303589.789369,3374,256,1765303589.757903,31.465
1765303589.800968,3375,256,1765303589.769479,31.489
1765303589.801348,3376,256,1765303589.769989,31.358
1765303589.804834,3377,256,1765303589.773270,31.564
1765303589.807140,3378,256,1765303589.775192,31.948
1765303589.808564,3379,256,1765303589.777159,31.405
1765303589.811343,3380,256,1765303589.779968,31.375
1765303589.825757,3381,256,1765303589.794297,31.460
1765303589.829184,3382,256,1765303589.797634,31.550
1765303589.829507,3383,256,1765303589.797976,31.530
1765303589.840410,3384,256,1765303589.808951,31.459
1765303589.842111,3385,256,1765303589.810680,31.430
1765303589.842564,3386,256,1765303589.811104,31.461
1765303589.843040,3387,256,1765303589.811138,31.902
1765303589.843518,3388,256,1765303589.811917,31.602
1765303589.848255,3389,256,1765303589.816677,31.578
1765303589.848786,3390,256,1765303589.817356,31.430
1765303589.853824,3391,256,1765303589.822284,31.539
1765303589.855812,3392,256,1765303589.824217,31.595
1765303589.856422,3393,256,1765303589.824950,31.472
1765303589.871649,3394,256,1765303589.839979,31.670
1765303589.873349,3395,256,1765303589.841876,31.474
1765303589.874105,3396,256,1765303589.842262,31.842
1765303589.877786,3397,256,1765303589.846006,31.780
1765303589.883775,3398,256,1765303589.852289,31.486
1765303589.898798,3399,256,1765303589.867304,31.494
1765303589.900377,3400,256,1765303589.868750,31.627
1765303589.900749,3401,256,1765303589.869163,31.586
1765303589.902089,3402,256,1765303589.870670,31.420
1765303589.904281,3403,256,1765303589.872828,31.453
1765303589.905354,3404,256,1765303589.873551,31.803
1765303589.905771,3405,256,1765303589.873654,32.116
1765303589.909014,3406,256,1765303589.877496,31.518
1765303589.909415,3407,256,1765303589.877804,31.611
1765303589.919988,3408,256,1765303589.888484,31.504
1765303589.924500,3409,256,1765303589.892794,31.706
1765303589.925046,3410,256,1765303589.893600,31.446
1765303589.928548,3411,256,1765303589.897113,31.435
1765303589.931312,3412,256,1765303589.899822,31.490
1765303589.941279,3413,256,1765303589.909399,31.880
1765303589.955824,3414,256,1765303589.923927,31.897
1765303589.968832,3415,256,1765303589.937217,31.615
1765303589.972333,3416,256,1765303589.940789,31.544
1765303589.975255,3417,256,1765303589.943615,31.641
1765303589.981340,3418,256,1765303589.949878,31.461
1765303589.982775,3419,256,1765303589.951398,31.378
1765303589.989619,3420,256,1765303589.957977,31.642
1765303589.991688,3421,256,1765303589.960111,31.577
1765303589.992610,3422,256,1765303589.961039,31.570
1765303589.994748,3423,256,1765303589.963117,31.632
1765303589.995446,3424,256,1765303589.964068,31.378
1765303590.008055,3425,256,1765303589.976609,31.445
1765303590.024062,3426,256,1765303589.992560,31.502
1765303590.026053,3427,256,1765303589.994423,31.630
1765303590.028474,3428,256,1765303589.997045,31.430
1765303590.041318,3429,256,1765303590.009742,31.575
1765303590.043126,3430,256,1765303590.011721,31.405
1765303590.047856,3431,256,1765303590.016240,31.616
1765303590.062497,3432,256,1765303590.031034,31.463
1765303590.067436,3433,256,1765303590.035961,31.475
1765303590.070125,3434,256,1765303590.038737,31.389
1765303590.070631,3435,256,1765303590.039275,31.356
1765303590.071803,3436,256,1765303590.040438,31.365
1765303590.079814,3437,256,1765303590.048301,31.513
1765303590.080205,3438,256,1765303590.048639,31.566
1765303590.082732,3439,256,1765303590.051259,31.473
1765303590.088139,3440,256,1765303590.056130,32.009
1765303590.090204,3441,256,1765303590.058696,31.508
1765303590.098042,3442,256,1765303590.066608,31.433
1765303590.098506,3443,256,1765303590.066803,31.703
1765303590.098975,3444,256,1765303590.067246,31.729
1765303590.104304,3445,256,1765303590.072958,31.346
1765303590.107610,3446,256,1765303590.075929,31.681
1765303590.108014,3447,256,1765303590.076105,31.909
1765303590.111767,3448,256,1765303590.080297,31.470
1765303590.113803,3449,256,1765303590.082328,31.475
1765303590.117980,3450,256,1765303590.086359,31.621
1765303590.129866,3451,256,1765303590.098302,31.564
1765303590.140960,3452,256,1765303590.109521,31.440
1765303590.158401,3453,256,1765303590.126961,31.440
1765303590.165617,3454,256,1765303590.134098,31.519
1765303590.167795,3455,256,1765303590.136357,31.439
1765303590.174739,3456,256,1765303590.143116,31.623
1765303590.187697,3457,256,1765303590.155170,32.526
1765303590.191627,3458,256,1765303590.160036,31.591
1765303590.194163,3459,256,1765303590.162771,31.392
1765303590.194621,3460,256,1765303590.163021,31.600
1765303590.198647,3461,256,1765303590.166681,31.966
1765303590.203888,3462,256,1765303590.172468,31.419
1765303590.226152,3463,256,1765303590.194737,31.414
1765303590.229493,3464,256,1765303590.198050,31.443
1765303590.231201,3465,256,1765303590.199848,31.353
1765303590.237742,3466,256,1765303590.206322,31.420
1765303590.240378,3467,256,1765303590.208888,31.491
1765303590.245054,3468,256,1765303590.213481,31.573
1765303590.251930,3469,256,1765303590.220528,31.402
1765303590.254520,3470,256,1765303590.223148,31.372
1765303590.254968,3471,256,1765303590.223332,31.636
1765303590.257312,3472,256,1765303590.225950,31.362
1765303590.261405,3473,256,1765303590.230035,31.369
1765303590.261883,3474,256,1765303590.230556,31.328
1765303590.270206,3475,256,1765303590.238757,31.449
1765303590.273139,3476,256,1765303590.241642,31.498
1765303590.273892,3477,256,1765303590.242544,31.348
1765303590.274382,3478,256,1765303590.242599,31.783
1765303590.275509,3479,256,1765303590.244173,31.337
1765303590.278142,3480,256,1765303590.246732,31.410
1765303590.278895,3481,256,1765303590.247283,31.612
1765303590.283863,3482,256,1765303590.252441,31.422
1765303590.285789,3483,256,1765303590.254338,31.451
1765303590.304733,3484,256,1765303590.273209,31.524
1765303590.306478,3485,256,1765303590.274794,31.684
1765303590.306755,3486,256,1765303590.275385,31.370
1765303590.325433,3487,256,1765303590.293864,31.568
1765303590.325807,3488,256,1765303590.294051,31.756
1765303590.326953,3489,256,1765303590.295362,31.592
1765303590.328250,3490,256,1765303590.296732,31.518
1765303590.331920,3491,256,1765303590.300361,31.559
1765303590.332793,3492,256,1765303590.301408,31.385
1765303590.340800,3493,256,1765303590.309043,31.757
1765303590.345001,3494,256,1765303590.313586,31.415
1765303590.346788,3495,256,1765303590.315336,31.452
1765303590.352371,3496,256,1765303590.320776,31.595
1765303590.353042,3497,256,1765303590.321028,32.014
1765303590.353506,3498,256,1765303590.321794,31.712
1765303590.365314,3499,256,1765303590.333702,31.612
1765303590.367185,3500,256,1765303590.335586,31.599
1765303590.367966,3501,256,1765303590.336546,31.421
1765303590.383625,3502,256,1765303590.351704,31.921
1765303590.407797,3503,256,1765303590.375948,31.850
1765303590.409224,3504,256,1765303590.377782,31.442
1765303590.422621,3505,256,1765303590.390819,31.802
1765303590.425653,3506,256,1765303590.394270,31.383
1765303590.436382,3507,256,1765303590.404734,31.648
1765303590.446208,3508,256,1765303590.414498,31.710
1765303590.449370,3509,256,1765303590.417742,31.628
1765303590.470264,3510,256,1765303590.438755,31.509
1765303590.471434,3511,256,1765303590.439585,31.848
1765303590.472735,3512,256,1765303590.441283,31.453
1765303590.473171,3513,256,1765303590.441561,31.610
1765303590.488838,3514,256,1765303590.456968,31.870
1765303590.499758,3515,256,1765303590.468198,31.560
1765303590.506873,3516,256,1765303590.475379,31.494
1765303590.507337,3517,256,1765303590.475691,31.646
1765303590.508141,3518,256,1765303590.476645,31.497
1765303590.518856,3519,256,1765303590.487326,31.530
1765303590.521972,3520,256,1765303590.490485,31.487
1765303590.525823,3521,256,1765303590.494327,31.496
1765303590.529228,3522,256,1765303590.497836,31.392
1765303590.535671,3523,256,1765303590.504181,31.490
1765303590.536629,3524,256,1765303590.505192,31.437
1765303590.537763,3525,256,1765303590.506119,31.644
1765303590.541890,3526,256,1765303590.510459,31.430
1765303590.542343,3527,256,1765303590.510728,31.615
1765303590.559395,3528,256,1765303590.527536,31.859
1765303590.560258,3529,256,1765303590.528663,31.595
1765303590.562186,3530,256,1765303590.530797,31.389
1765303590.571088,3531,256,1765303590.539660,31.428
1765303590.572851,3532,256,1765303590.541397,31.454
1765303590.582392,3533,256,1765303590.550888,31.504
1765303590.582886,3534,256,1765303590.551147,31.739
1765303590.587399,3535,256,1765303590.555872,31.526
1765303590.591988,3536,256,1765303590.560169,31.819
1765303590.593342,3537,256,1765303590.561569,31.774
1765303590.594543,3538,256,1765303590.563113,31.430
1765303590.597648,3539,256,1765303590.566172,31.476
1765303590.619053,3540,256,1765303590.587579,31.474
1765303590.620774,3541,256,1765303590.589370,31.404
1765303590.630775,3542,256,1765303590.598972,31.803
1765303590.631509,3543,256,1765303590.599206,32.303
1765303590.643038,3544,256,1765303590.601774,41.265
1765303590.643112,3545,256,1765303590.607445,35.667
1765303590.648371,3546,256,1765303590.616888,31.483
1765303590.655567,3547,256,1765303590.623941,31.626
1765303590.663203,3548,256,1765303590.631723,31.480
1765303590.674967,3549,256,1765303590.643084,31.883
1765303590.675441,3550,256,1765303590.643248,32.193
1765303590.677318,3551,256,1765303590.644032,33.287
1765303590.697608,3552,256,1765303590.665809,31.799
1765303590.708010,3553,256,1765303590.676451,31.559
1765303590.709031,3554,256,1765303590.677418,31.613
1765303590.713516,3555,256,1765303590.681680,31.836
1765303590.716058,3556,256,1765303590.684599,31.459
1765303590.716498,3557,256,1765303590.685054,31.444
1765303590.724034,3558,256,1765303590.692176,31.858
1765303590.730086,3559,256,1765303590.698487,31.599
1765303590.738451,3560,256,1765303590.706863,31.588
1765303590.739741,3561,256,1765303590.708038,31.704
1765303590.748859,3562,256,1765303590.716962,31.897
1765303590.759482,3563,256,1765303590.727923,31.559
1765303590.760132,3564,256,1765303590.728552,31.581
1765303590.769218,3565,256,1765303590.737754,31.464
1765303590.769688,3566,256,1765303590.738292,31.395
1765303590.771499,3567,256,1765303590.740010,31.489
1765303590.773295,3568,256,1765303590.741454,31.840
1765303590.803445,3569,256,1765303590.771891,31.554
1765303590.804138,3570,256,1765303590.772222,31.916
1765303590.806742,3571,256,1765303590.775102,31.640
1765303590.812006,3572,256,1765303590.780462,31.543
1765303590.816280,3573,256,1765303590.784784,31.496
1765303590.816672,3574,256,1765303590.785051,31.621
1765303590.819663,3575,256,1765303590.788176,31.487
1765303590.828301,3576,256,1765303590.796740,31.562
1765303590.829470,3577,256,1765303590.798027,31.444
1765303590.830681,3578,256,1765303590.799282,31.400
1765303590.840383,3579,256,1765303590.808526,31.857
1765303590.843495,3580,256,1765303590.812105,31.389
1765303590.849792,3581,256,1765303590.818313,31.479
1765303590.850743,3582,256,1765303590.819320,31.423
1765303590.859210,3583,256,1765303590.827519,31.691
1765303590.859569,3584,256,1765303590.827728,31.841
1765303590.861029,3585,256,1765303590.829371,31.657
1765303590.864176,3586,256,1765303590.832510,31.666
1765303590.868452,3587,256,1765303590.836931,31.521
1765303590.875071,3588,256,1765303590.843339,31.732
1765303590.876472,3589,256,1765303590.844635,31.837
1765303590.876601,3590,256,1765303590.845136,31.465
1765303590.890905,3591,256,1765303590.859107,31.798
1765303590.895026,3592,256,1765303590.863533,31.492
1765303590.902344,3593,256,1765303590.870872,31.472
1765303590.915744,3594,256,1765303590.884196,31.548
1765303590.918029,3595,256,1765303590.886564,31.465
1765303590.934946,3596,256,1765303590.903177,31.769
1765303590.936164,3597,256,1765303590.904781,31.382
1765303590.936634,3598,256,1765303590.905092,31.542
1765303590.939462,3599,256,1765303590.907883,31.579
1765303590.945479,3600,256,1765303590.913816,31.663
1765303590.949349,3601,256,1765303590.917794,31.556
1765303590.959818,3602,256,1765303590.928202,31.615
1765303590.965249,3603,256,1765303590.933685,31.564
1765303590.965971,3604,256,1765303590.934356,31.615
1765303590.967803,3605,256,1765303590.936174,31.629
1765303590.974847,3606,256,1765303590.943220,31.627
1765303590.979963,3607,256,1765303590.948184,31.779
1765303590.980252,3608,256,1765303590.948347,31.905
1765303590.983960,3609,256,1765303590.952199,31.761
1765303590.986402,3610,256,1765303590.954894,31.508
1765303590.986982,3611,256,1765303590.955506,31.476
1765303590.993360,3612,256,1765303590.961830,31.530
1765303590.993695,3613,256,1765303590.962203,31.492
1765303590.996997,3614,256,1765303590.965556,31.441
1765303591.000909,3615,256,1765303590.969328,31.581
1765303591.016587,3616,256,1765303590.984918,31.668
1765303591.017271,3617,256,1765303590.985817,31.454
1765303591.023290,3618,256,1765303590.991758,31.532
1765303591.028746,3619,256,1765303590.997069,31.677
1765303591.029036,3620,256,1765303590.997635,31.400
1765303591.033053,3621,256,1765303591.001259,31.794
1765303591.034252,3622,256,1765303591.002820,31.432
1765303591.036413,3623,256,1765303591.004939,31.473
1765303591.044121,3624,256,1765303591.012672,31.448
1765303591.058212,3625,256,1765303591.026742,31.470
1765303591.064939,3626,256,1765303591.033497,31.441
1765303591.068662,3627,256,1765303591.037289,31.373
1765303591.075281,3628,256,1765303591.043847,31.434
1765303591.075747,3629,256,1765303591.043924,31.823
1765303591.082007,3630,256,1765303591.050549,31.458
1765303591.084418,3631,256,1765303591.053030,31.388
1765303591.085499,3632,256,1765303591.054092,31.407
1765303591.087095,3633,256,1765303591.055733,31.361
1765303591.090925,3634,256,1765303591.059164,31.760
1765303591.093398,3635,256,1765303591.061919,31.478
1765303591.093789,3636,256,1765303591.062067,31.721
1765303591.094275,3637,256,1765303591.062097,32.178
1765303591.094751,3638,256,1765303591.062629,32.121
1765303591.104165,3639,256,1765303591.072737,31.428
1765303591.107443,3640,256,1765303591.076068,31.375
1765303591.109067,3641,256,1765303591.077726,31.341
1765303591.110244,3642,256,1765303591.078542,31.702
1765303591.113058,3643,256,1765303591.081585,31.472
1765303591.113855,3644,256,1765303591.081775,32.079
1765303591.117557,3645,256,1765303591.086096,31.461
1765303591.117974,3646,256,1765303591.086143,31.832
1765303591.127296,3647,256,1765303591.095794,31.502
1765303591.127635,3648,256,1765303591.096177,31.458
1765303591.128169,3649,256,1765303591.096204,31.965
1765303591.129301,3650,256,1765303591.097821,31.480
1765303591.133966,3651,256,1765303591.102480,31.487
1765303591.135770,3652,256,1765303591.104327,31.443
1765303591.136222,3653,256,1765303591.104523,31.698
1765303591.136635,3654,256,1765303591.104706,31.929
1765303591.138266,3655,256,1765303591.106765,31.501
1765303591.144948,3656,256,1765303591.113456,31.492
1765303591.146840,3657,256,1765303591.115430,31.410
1765303591.147345,3658,256,1765303591.115839,31.506
1765303591.150852,3659,256,1765303591.119296,31.556
1765303591.153190,3660,256,1765303591.121515,31.675
1765303591.160031,3661,256,1765303591.128520,31.511
1765303591.177595,3662,256,1765303591.146047,31.548
1765303591.182673,3663,256,1765303591.151215,31.458
1765303591.183857,3664,256,1765303591.152352,31.505
1765303591.184837,3665,256,1765303591.153342,31.495
1765303591.192929,3666,256,1765303591.160809,32.120
1765303591.195433,3667,256,1765303591.164028,31.405
1765303591.202281,3668,256,1765303591.170139,32.142
1765303591.202639,3669,256,1765303591.170291,32.348
1765303591.204325,3670,256,1765303591.172618,31.707
1765303591.214035,3671,256,1765303591.182655,31.380
1765303591.221973,3672,256,1765303591.190028,31.945
1765303591.222598,3673,256,1765303591.191183,31.415
1765303591.233630,3674,256,1765303591.202267,31.363
1765303591.237467,3675,256,1765303591.206040,31.427
1765303591.239871,3676,256,1765303591.208426,31.445
1765303591.246334,3677,256,1765303591.214905,31.429
1765303591.253424,3678,256,1765303591.221902,31.522
1765303591.254637,3679,256,1765303591.223264,31.373
1765303591.258964,3680,256,1765303591.227600,31.363
1765303591.261557,3681,256,1765303591.230167,31.389
1765303591.264198,3682,256,1765303591.232766,31.432
1765303591.266436,3683,256,1765303591.234982,31.455
1765303591.286775,3684,256,1765303591.255265,31.510
1765303591.288207,3685,256,1765303591.256774,31.433
1765303591.291900,3686,256,1765303591.260173,31.727
1765303591.297077,3687,256,1765303591.265639,31.439
1765303591.303562,3688,256,1765303591.271886,31.676
1765303591.307786,3689,256,1765303591.276326,31.461
1765303591.312608,3690,256,1765303591.280932,31.676
1765303591.324934,3691,256,1765303591.293373,31.561
1765303591.326773,3692,256,1765303591.295227,31.547
1765303591.339932,3693,256,1765303591.308527,31.406
1765303591.341922,3694,256,1765303591.310549,31.373
1765303591.351037,3695,256,1765303591.319621,31.416
1765303591.352336,3696,256,1765303591.320974,31.362
1765303591.357256,3697,256,1765303591.325861,31.395
1765303591.363938,3698,256,1765303591.332554,31.384
1765303591.364431,3699,256,1765303591.333101,31.331
1765303591.391940,3700,256,1765303591.360307,31.632
1765303591.395922,3701,256,1765303591.364560,31.362
1765303591.397252,3702,256,1765303591.365739,31.513
1765303591.399276,3703,256,1765303591.367739,31.536
1765303591.401018,3704,256,1765303591.369641,31.377
1765303591.402284,3705,256,1765303591.370893,31.391
1765303591.411131,3706,256,1765303591.379595,31.536
1765303591.415559,3707,256,1765303591.384140,31.418
1765303591.420755,3708,256,1765303591.389242,31.513
1765303591.425581,3709,256,1765303591.394177,31.404
1765303591.429597,3710,256,1765303591.398196,31.401
1765303591.431201,3711,256,1765303591.399741,31.460
1765303591.435817,3712,256,1765303591.404253,31.564
1765303591.438556,3713,256,1765303591.407021,31.535
1765303591.439317,3714,256,1765303591.407790,31.527
1765303591.445144,3715,256,1765303591.413702,31.443
1765303591.445601,3716,256,1765303591.413819,31.781
1765303591.447456,3717,256,1765303591.416049,31.407
1765303591.450168,3718,256,1765303591.418736,31.432
1765303591.454928,3719,256,1765303591.423565,31.363
1765303591.471302,3720,256,1765303591.439862,31.440
1765303591.476002,3721,256,1765303591.444341,31.661
1765303591.478754,3722,256,1765303591.447250,31.504
1765303591.480313,3723,256,1765303591.448210,32.103
1765303591.491447,3724,256,1765303591.459929,31.518
1765303591.492751,3725,256,1765303591.460837,31.914
1765303591.501470,3726,256,1765303591.469878,31.591
1765303591.513843,3727,256,1765303591.482310,31.532
1765303591.515541,3728,256,1765303591.484054,31.487
1765303591.520478,3729,256,1765303591.488973,31.505
1765303591.520906,3730,256,1765303591.489543,31.363
1765303591.524243,3731,256,1765303591.492749,31.494
1765303591.525773,3732,256,1765303591.494323,31.450
1765303591.532084,3733,256,1765303591.500569,31.515
1765303591.534203,3734,256,1765303591.502790,31.412
1765303591.536126,3735,256,1765303591.504601,31.525
1765303591.536671,3736,256,1765303591.505287,31.384
1765303591.544422,3737,256,1765303591.512763,31.659
1765303591.547062,3738,256,1765303591.515533,31.529
1765303591.552282,3739,256,1765303591.520317,31.965
1765303591.561586,3740,256,1765303591.529620,31.965
1765303591.561767,3741,256,1765303591.530378,31.390
1765303591.563283,3742,256,1765303591.531674,31.609
1765303591.568240,3743,256,1765303591.536311,31.929
1765303591.587323,3744,256,1765303591.555824,31.499
1765303591.609329,3745,256,1765303591.577517,31.812
1765303591.611227,3746,256,1765303591.579613,31.614
1765303591.615458,3747,256,1765303591.583504,31.954
1765303591.615588,3748,256,1765303591.583828,31.761
1765303591.633057,3749,256,1765303591.601423,31.634
1765303591.639398,3750,256,1765303591.607455,31.943
1765303591.647180,3751,256,1765303591.615624,31.556
1765303591.650316,3752,256,1765303591.618661,31.656
1765303591.655292,3753,256,1765303591.623795,31.497
1765303591.655750,3754,256,1765303591.623992,31.758
1765303591.658331,3755,256,1765303591.626845,31.486
1765303591.680984,3756,256,1765303591.649384,31.600
1765303591.705935,3757,256,1765303591.674247,31.688
1765303591.723255,3758,256,1765303591.691686,31.569
1765303591.724799,3759,256,1765303591.693142,31.658
1765303591.730767,3760,256,1765303591.699251,31.515
1765303591.731204,3761,256,1765303591.699536,31.668
1765303591.732286,3762,256,1765303591.700773,31.513
1765303591.734368,3763,256,1765303591.702909,31.459
1765303591.734962,3764,256,1765303591.703245,31.717
1765303591.742386,3765,256,1765303591.710783,31.603
1765303591.748541,3766,256,1765303591.716967,31.574
1765303591.751035,3767,256,1765303591.719337,31.698
1765303591.753339,3768,256,1765303591.721758,31.581
1765303591.754171,3769,256,1765303591.722582,31.589
1765303591.754528,3770,256,1765303591.722652,31.876
1765303591.759017,3771,256,1765303591.727111,31.906
1765303591.765974,3772,256,1765303591.734350,31.624
1765303591.769513,3773,256,1765303591.737814,31.699
1765303591.781261,3774,256,1765303591.749600,31.661
1765303591.786782,3775,256,1765303591.754987,31.795
1765303591.791302,3776,256,1765303591.759240,32.062
1765303591.798816,3777,256,1765303591.766845,31.971
1765303591.807137,3778,256,1765303591.775450,31.687
1765303591.814524,3779,256,1765303591.782784,31.741
1765303591.815862,3780,256,1765303591.784180,31.682
1765303591.823445,3781,256,1765303591.791666,31.780
1765303591.825298,3782,256,1765303591.793871,31.427
1765303591.827868,3783,256,1765303591.796270,31.597
1765303591.834906,3784,256,1765303591.803466,31.440
1765303591.839220,3785,256,1765303591.807798,31.422
1765303591.839788,3786,256,1765303591.808383,31.405
1765303591.841030,3787,256,1765303591.809618,31.412
1765303591.844387,3788,256,1765303591.812940,31.446
1765303591.851534,3789,256,1765303591.819787,31.747
1765303591.862914,3790,256,1765303591.831384,31.530
1765303591.866141,3791,256,1765303591.834604,31.538
1765303591.871268,3792,256,1765303591.839759,31.509
1765303591.876612,3793,256,1765303591.845119,31.493
1765303591.878399,3794,256,1765303591.846902,31.497
1765303591.881439,3795,256,1765303591.849870,31.569
1765303591.881834,3796,256,1765303591.850059,31.775
1765303591.882332,3797,256,1765303591.850103,32.229
1765303591.892950,3798,256,1765303591.861340,31.610
1765303591.908030,3799,256,1765303591.876281,31.750
1765303591.912512,3800,256,1765303591.880900,31.613
1765303591.922553,3801,256,1765303591.890925,31.627
1765303591.929901,3802,256,1765303591.898244,31.657
1765303591.930659,3803,256,1765303591.899259,31.400
1765303591.934335,3804,256,1765303591.902859,31.476
1765303591.940669,3805,256,1765303591.909238,31.431
1765303591.947457,3806,256,1765303591.915828,31.629
1765303591.957859,3807,256,1765303591.926362,31.497
1765303591.960815,3808,256,1765303591.929176,31.640
1765303591.966965,3809,256,1765303591.935160,31.805
1765303591.972225,3810,256,1765303591.940584,31.641
1765303591.977899,3811,256,1765303591.946323,31.576
1765303591.983952,3812,256,1765303591.952404,31.548
1765303591.984368,3813,256,1765303591.952599,31.769
1765303591.985132,3814,256,1765303591.953157,31.975
1765303591.985596,3815,256,1765303591.954012,31.584
1765303591.986040,3816,256,1765303591.954647,31.393
1765303591.987072,3817,256,1765303591.955594,31.478
1765303592.005742,3818,256,1765303591.974155,31.586
1765303592.008433,3819,256,1765303591.976889,31.543
1765303592.014564,3820,256,1765303591.982809,31.755
1765303592.016826,3821,256,1765303591.984555,32.271
1765303592.023967,3822,256,1765303591.992452,31.514
1765303592.035638,3823,256,1765303592.003643,31.995
1765303592.038606,3824,256,1765303592.007011,31.595
1765303592.040004,3825,256,1765303592.008419,31.585
1765303592.058484,3826,256,1765303592.026756,31.728
1765303592.085966,3827,256,1765303592.054472,31.493
1765303592.108156,3828,256,1765303592.076595,31.562
1765303592.110059,3829,256,1765303592.078543,31.515
1765303592.112348,3830,256,1765303592.080811,31.536
1765303592.112967,3831,256,1765303592.081474,31.493
1765303592.113276,3832,256,1765303592.081870,31.406
1765303592.116613,3833,256,1765303592.085217,31.396
1765303592.121281,3834,256,1765303592.089694,31.588
1765303592.127078,3835,256,1765303592.095590,31.488
1765303592.127468,3836,256,1765303592.095766,31.702
1765303592.129316,3837,256,1765303592.097930,31.386
1765303592.132346,3838,256,1765303592.100859,31.487
1765303592.138183,3839,256,1765303592.106675,31.508
1765303592.150502,3840,256,1765303592.118833,31.669
1765303592.161096,3841,256,1765303592.129615,31.482
1765303592.164441,3842,256,1765303592.133016,31.425
1765303592.171958,3843,256,1765303592.140449,31.510
1765303592.172415,3844,256,1765303592.140671,31.743
1765303592.176961,3845,256,1765303592.145125,31.836
1765303592.179002,3846,256,1765303592.147365,31.637
1765303592.179369,3847,256,1765303592.147632,31.737
1765303592.179773,3848,256,1765303592.148296,31.477
1765303592.180927,3849,256,1765303592.149011,31.916
1765303592.181565,3850,256,1765303592.150151,31.414
1765303592.185091,3851,256,1765303592.153327,31.763
1765303592.185563,3852,256,1765303592.153520,32.043
1765303592.192789,3853,256,1765303592.161286,31.503
1765303592.203325,3854,256,1765303592.171666,31.659
1765303592.206866,3855,256,1765303592.175300,31.566
1765303592.215396,3856,256,1765303592.183993,31.403
1765303592.218424,3857,256,1765303592.187024,31.400
1765303592.225757,3858,256,1765303592.194267,31.491
1765303592.235725,3859,256,1765303592.204046,31.679
1765303592.243173,3860,256,1765303592.211550,31.623
1765303592.247329,3861,256,1765303592.215798,31.530
1765303592.247725,3862,256,1765303592.215909,31.816
1765303592.248299,3863,256,1765303592.216932,31.367
1765303592.249089,3864,256,1765303592.217445,31.645
1765303592.249574,3865,256,1765303592.217898,31.676
1765303592.251815,3866,256,1765303592.220325,31.490
1765303592.265892,3867,256,1765303592.234324,31.568
1765303592.268910,3868,256,1765303592.237450,31.460
1765303592.280782,3869,256,1765303592.249224,31.558
1765303592.281655,3870,256,1765303592.250057,31.598
1765303592.284570,3871,256,1765303592.253183,31.387
1765303592.286560,3872,256,1765303592.255177,31.383
1765303592.288658,3873,256,1765303592.257156,31.502
1765303592.294240,3874,256,1765303592.262801,31.439
1765303592.303398,3875,256,1765303592.271738,31.660
1765303592.309748,3876,256,1765303592.278229,31.519
1765303592.314668,3877,256,1765303592.283256,31.412
1765303592.320894,3878,256,1765303592.289485,31.408
1765303592.326171,3879,256,1765303592.294739,31.431
1765303592.331251,3880,256,1765303592.299561,31.690
1765303592.333743,3881,256,1765303592.302382,31.361
1765303592.335561,3882,256,1765303592.304182,31.379
1765303592.343632,3883,256,1765303592.312026,31.606
1765303592.344102,3884,256,1765303592.312534,31.569
1765303592.348653,3885,256,1765303592.317239,31.414
1765303592.353008,3886,256,1765303592.321420,31.588
1765303592.354863,3887,256,1765303592.323228,31.635
1765303592.355969,3888,256,1765303592.324631,31.338
1765303592.359771,3889,256,1765303592.328397,31.374
1765303592.363372,3890,256,1765303592.331948,31.424
1765303592.363981,3891,256,1765303592.332022,31.960
1765303592.390004,3892,256,1765303592.358459,31.545
1765303592.393400,3893,256,1765303592.361959,31.441
1765303592.395429,3894,256,1765303592.363828,31.601
1765303592.404780,3895,256,1765303592.373332,31.448
1765303592.405254,3896,256,1765303592.373370,31.883
1765303592.406043,3897,256,1765303592.374719,31.324
1765303592.413177,3898,256,1765303592.381751,31.426
1765303592.413947,3899,256,1765303592.382629,31.318
1765303592.427282,3900,256,1765303592.395866,31.415
1765303592.431354,3901,256,1765303592.399841,31.513
1765303592.432835,3902,256,1765303592.401153,31.681
1765303592.434520,3903,256,1765303592.403106,31.415
1765303592.447645,3904,256,1765303592.416240,31.406
1765303592.454684,3905,256,1765303592.422865,31.819
1765303592.457438,3906,256,1765303592.426026,31.412
1765303592.462263,3907,256,1765303592.430841,31.422
1765303592.462686,3908,256,1765303592.431246,31.440
1765303592.467100,3909,256,1765303592.435618,31.482
1765303592.469957,3910,256,1765303592.438537,31.420
1765303592.473879,3911,256,1765303592.442319,31.560
1765303592.498336,3912,256,1765303592.466902,31.434
1765303592.498764,3913,256,1765303592.466978,31.786
1765303592.502500,3914,256,1765303592.471145,31.355
1765303592.510859,3915,256,1765303592.479506,31.353
1765303592.511689,3916,256,1765303592.480347,31.342
1765303592.519746,3917,256,1765303592.488078,31.668
1765303592.523531,3918,256,1765303592.492015,31.516
1765303592.524681,3919,256,1765303592.493144,31.537
1765303592.531390,3920,256,1765303592.499942,31.448
1765303592.533545,3921,256,1765303592.502184,31.360
1765303592.534426,3922,256,1765303592.503092,31.334
1765303592.541196,3923,256,1765303592.509808,31.388
1765303592.544862,3924,256,1765303592.513536,31.326
1765303592.551416,3925,256,1765303592.519955,31.461
1765303592.554780,3926,256,1765303592.523288,31.491
1765303592.555478,3927,256,1765303592.523707,31.771
1765303592.556361,3928,256,1765303592.524824,31.537
1765303592.568244,3929,256,1765303592.536763,31.482
1765303592.571605,3930,256,1765303592.540069,31.536
1765303592.586332,3931,256,1765303592.554706,31.626
1765303592.589546,3932,256,1765303592.557928,31.618
1765303592.591834,3933,256,1765303592.560223,31.611
1765303592.605361,3934,256,1765303592.573919,31.442
1765303592.619398,3935,256,1765303592.587899,31.499
1765303592.621190,3936,256,1765303592.589812,31.377
1765303592.622192,3937,256,1765303592.590799,31.393
1765303592.622890,3938,256,1765303592.591570,31.320
1765303592.627066,3939,256,1765303592.595363,31.703
1765303592.630648,3940,256,1765303592.599255,31.393
1765303592.631621,3941,256,1765303592.600120,31.501
1765303592.636798,3942,256,1765303592.605197,31.601
1765303592.640906,3943,256,1765303592.609396,31.509
1765303592.641260,3944,256,1765303592.609726,31.535
1765303592.654913,3945,256,1765303592.623344,31.569
1765303592.658258,3946,256,1765303592.626781,31.477
1765303592.658681,3947,256,1765303592.627246,31.435
1765303592.687694,3948,256,1765303592.656318,31.376
1765303592.688139,3949,256,1765303592.656391,31.749
1765303592.703040,3950,256,1765303592.671628,31.412
1765303592.705225,3951,256,1765303592.673834,31.391
1765303592.707185,3952,256,1765303592.675744,31.442
1765303592.707620,3953,256,1765303592.675982,31.638
1765303592.722440,3954,256,1765303592.690657,31.782
1765303592.724243,3955,256,1765303592.692714,31.529
1765303592.734238,3956,256,1765303592.702515,31.723
1765303592.736690,3957,256,1765303592.705355,31.335
1765303592.750617,3958,256,1765303592.718957,31.660
1765303592.753899,3959,256,1765303592.722255,31.644
1765303592.755837,3960,256,1765303592.724299,31.538
1765303592.756233,3961,256,1765303592.724697,31.536
1765303592.756649,3962,256,1765303592.725080,31.570
1765303592.757311,3963,256,1765303592.725746,31.565
1765303592.759194,3964,256,1765303592.727814,31.380
1765303592.760931,3965,256,1765303592.729447,31.484
1765303592.768659,3966,256,1765303592.737033,31.626
1765303592.774847,3967,256,1765303592.743173,31.674
1765303592.779882,3968,256,1765303592.748259,31.623
1765303592.790332,3969,256,1765303592.758909,31.424
1765303592.806767,3970,256,1765303592.774859,31.908
1765303592.808988,3971,256,1765303592.777177,31.810
1765303592.831632,3972,256,1765303592.800070,31.563
1765303592.831954,3973,256,1765303592.800231,31.723
1765303592.832691,3974,256,1765303592.801135,31.557
1765303592.839996,3975,256,1765303592.808405,31.591
1765303592.843050,3976,256,1765303592.811682,31.368
1765303592.860767,3977,256,1765303592.829395,31.372
1765303592.870895,3978,256,1765303592.839499,31.396
1765303592.874899,3979,256,1765303592.843460,31.439
1765303592.876402,3980,256,1765303592.844981,31.421
1765303592.877672,3981,256,1765303592.846328,31.344
1765303592.882236,3982,256,1765303592.850842,31.394
1765303592.886315,3983,256,1765303592.854937,31.378
1765303592.886963,3984,256,1765303592.855574,31.389
1765303592.907410,3985,256,1765303592.875808,31.602
1765303592.918976,3986,256,1765303592.887245,31.731
1765303592.922071,3987,256,1765303592.890531,31.540
1765303592.927858,3988,256,1765303592.896248,31.610
1765303592.928109,3989,256,1765303592.896389,31.720
1765303592.946261,3990,256,1765303592.914890,31.371
1765303592.956236,3991,256,1765303592.924809,31.428
1765303592.963458,3992,256,1765303592.931976,31.482
1765303592.970962,3993,256,1765303592.939359,31.603
1765303592.975001,3994,256,1765303592.943531,31.471
1765303592.978662,3995,256,1765303592.947269,31.393
1765303592.981633,3996,256,1765303592.950259,31.374
1765303592.984346,3997,256,1765303592.952846,31.500
1765303592.985922,3998,256,1765303592.954319,31.604
1765303592.989154,3999,256,1765303592.957650,31.504
1765303592.989535,4000,256,1765303592.957962,31.574
1765303592.991015,4001,256,1765303592.959559,31.456
1765303592.993869,4002,256,1765303592.962485,31.384
1765303593.001445,4003,256,1765303592.969897,31.549
1765303593.004159,4004,256,1765303592.972551,31.608
1765303593.004630,4005,256,1765303592.972660,31.970
1765303593.013024,4006,256,1765303592.981637,31.387
1765303593.018471,4007,256,1765303592.986884,31.587
1765303593.021217,4008,256,1765303592.989533,31.684
1765303593.027511,4009,256,1765303592.996018,31.493
1765303593.031765,4010,256,1765303593.000295,31.470
1765303593.048326,4011,256,1765303593.016705,31.621
1765303593.050443,4012,256,1765303593.018823,31.620
1765303593.050865,4013,256,1765303593.018913,31.952
1765303593.051580,4014,256,1765303593.019728,31.851
1765303593.052439,4015,256,1765303593.021104,31.335
1765303593.053821,4016,256,1765303593.022483,31.338
1765303593.073999,4017,256,1765303593.042623,31.376
1765303593.077372,4018,256,1765303593.045974,31.398
1765303593.090905,4019,256,1765303593.059488,31.418
1765303593.092240,4020,256,1765303593.060893,31.348
1765303593.095805,4021,256,1765303593.064386,31.419
1765303593.097786,4022,256,1765303593.066356,31.430
1765303593.098246,4023,256,1765303593.066525,31.720
1765303593.098840,4024,256,1765303593.067318,31.522
1765303593.099200,4025,256,1765303593.067477,31.722
1765303593.099751,4026,256,1765303593.067609,32.142
1765303593.108376,4027,256,1765303593.076976,31.400
1765303593.111932,4028,256,1765303593.080464,31.468
1765303593.126886,4029,256,1765303593.095271,31.615
1765303593.127857,4030,256,1765303593.096336,31.521
1765303593.141306,4031,256,1765303593.109649,31.657
1765303593.143941,4032,256,1765303593.112374,31.568
1765303593.149633,4033,256,1765303593.118076,31.556
1765303593.164445,4034,256,1765303593.133030,31.414
1765303593.169719,4035,256,1765303593.138205,31.514
1765303593.178105,4036,256,1765303593.146673,31.432
1765303593.178549,4037,256,1765303593.147100,31.449
1765303593.180185,4038,256,1765303593.148800,31.385
1765303593.180686,4039,256,1765303593.148959,31.728
1765303593.181129,4040,256,1765303593.149178,31.951
1765303593.192078,4041,256,1765303593.160633,31.445
1765303593.196913,4042,256,1765303593.165220,31.693
1765303593.200909,4043,256,1765303593.169450,31.459
1765303593.207858,4044,256,1765303593.176301,31.558
1765303593.208437,4045,256,1765303593.176504,31.933
1765303593.212425,4046,256,1765303593.181011,31.413
1765303593.214746,4047,256,1765303593.183348,31.398
1765303593.219445,4048,256,1765303593.188023,31.421
1765303593.221182,4049,256,1765303593.189808,31.374
1765303593.224194,4050,256,1765303593.192840,31.354
1765303593.229594,4051,256,1765303593.197854,31.739
1765303593.230837,4052,256,1765303593.199272,31.566
1765303593.235177,4053,256,1765303593.203799,31.377
1765303593.239987,4054,256,1765303593.208259,31.728
1765303593.244610,4055,256,1765303593.212868,31.742
1765303593.245065,4056,256,1765303593.213484,31.581
1765303593.263748,4057,256,1765303593.232276,31.472
1765303593.265190,4058,256,1765303593.233603,31.587
1765303593.266382,4059,256,1765303593.234880,31.502
1765303593.273291,4060,256,1765303593.241663,31.628
1765303593.273634,4061,256,1765303593.241834,31.800
1765303593.275508,4062,256,1765303593.243975,31.533
1765303593.282082,4063,256,1765303593.250512,31.570
1765303593.285624,4064,256,1765303593.253887,31.737
1765303593.292640,4065,256,1765303593.260999,31.641
1765303593.308852,4066,256,1765303593.277410,31.443
1765303593.317904,4067,256,1765303593.286536,31.369
1765303593.325018,4068,256,1765303593.293547,31.471
1765303593.328080,4069,256,1765303593.296629,31.451
1765303593.329195,4070,256,1765303593.297696,31.499
1765303593.334865,4071,256,1765303593.303293,31.572
1765303593.335268,4072,256,1765303593.303558,31.709
1765303593.335999,4073,256,1765303593.304654,31.345
1765303593.347159,4074,256,1765303593.315754,31.405
1765303593.356009,4075,256,1765303593.324598,31.412
1765303593.356447,4076,256,1765303593.324862,31.585
1765303593.363259,4077,256,1765303593.331886,31.374
1765303593.364075,4078,256,1765303593.332734,31.341
1765303593.364563,4079,256,1765303593.332788,31.775
1765303593.365033,4080,256,1765303593.333598,31.435
1765303593.368128,4081,256,1765303593.336756,31.372
1765303593.373532,4082,256,1765303593.342012,31.519
1765303593.374583,4083,256,1765303593.343243,31.341
1765303593.378040,4084,256,1765303593.346660,31.380
1765303593.383838,4085,256,1765303593.352272,31.566
1765303593.386446,4086,256,1765303593.355062,31.384
1765303593.389867,4087,256,1765303593.358402,31.465
1765303593.392401,4088,256,1765303593.360875,31.526
1765303593.398129,4089,256,1765303593.365947,32.182
1765303593.406742,4090,256,1765303593.375210,31.532
1765303593.414649,4091,256,1765303593.383169,31.480
1765303593.415060,4092,256,1765303593.383312,31.749
1765303593.417924,4093,256,1765303593.386329,31.595
1765303593.423262,4094,256,1765303593.391698,31.563
1765303593.424682,4095,256,1765303593.392995,31.687
1765303593.425551,4096,256,1765303593.394068,31.483
1765303593.432403,4097,256,1765303593.400803,31.600
1765303593.432904,4098,256,1765303593.401438,31.466
1765303593.434846,4099,256,1765303593.403344,31.502
1765303593.443424,4100,256,1765303593.411901,31.522
1765303593.444426,4101,256,1765303593.412942,31.483
1765303593.445977,4102,256,1765303593.414416,31.561
1765303593.449466,4103,256,1765303593.417757,31.708
1765303593.452697,4104,256,1765303593.421255,31.441
1765303593.460062,4105,256,1765303593.428544,31.518
1765303593.460850,4106,256,1765303593.429316,31.534
1765303593.461293,4107,256,1765303593.429561,31.733
1765303593.461927,4108,256,1765303593.430473,31.454
1765303593.469364,4109,256,1765303593.437828,31.536
1765303593.469827,4110,256,1765303593.438362,31.465
1765303593.477229,4111,256,1765303593.445616,31.613
1765303593.478988,4112,256,1765303593.447495,31.493
1765303593.486375,4113,256,1765303593.454728,31.647
1765303593.497911,4114,256,1765303593.466451,31.460
1765303593.502420,4115,256,1765303593.470356,32.063
1765303593.509227,4116,256,1765303593.477740,31.487
1765303593.515097,4117,256,1765303593.483701,31.396
1765303593.515522,4118,256,1765303593.484115,31.407
1765303593.516416,4119,256,1765303593.485044,31.372
1765303593.521679,4120,256,1765303593.490190,31.489
1765303593.528446,4121,256,1765303593.496960,31.486
1765303593.529641,4122,256,1765303593.498141,31.500
1765303593.530272,4123,256,1765303593.498799,31.473
1765303593.530632,4124,256,1765303593.498891,31.742
1765303593.536537,4125,256,1765303593.505015,31.522
1765303593.540233,4126,256,1765303593.508728,31.505
1765303593.547353,4127,256,1765303593.515803,31.550
1765303593.555370,4128,256,1765303593.523820,31.550
1765303593.555803,4129,256,1765303593.524286,31.517
1765303593.570446,4130,256,1765303593.538809,31.637
1765303593.576198,4131,256,1765303593.544595,31.602
1765303593.580110,4132,256,1765303593.548424,31.686
1765303593.583636,4133,256,1765303593.551897,31.739
1765303593.594122,4134,256,1765303593.562498,31.624
1765303593.597037,4135,256,1765303593.565408,31.629
1765303593.602101,4136,256,1765303593.570630,31.471
1765303593.612313,4137,256,1765303593.580807,31.506
1765303593.615203,4138,256,1765303593.583782,31.421
1765303593.624080,4139,256,1765303593.592658,31.423
1765303593.624537,4140,256,1765303593.592998,31.539
1765303593.634779,4141,256,1765303593.603229,31.551
1765303593.638627,4142,256,1765303593.606866,31.761
1765303593.642559,4143,256,1765303593.610765,31.794
1765303593.645418,4144,256,1765303593.613833,31.584
1765303593.657945,4145,256,1765303593.626250,31.695
1765303593.666426,4146,256,1765303593.634471,31.955
1765303593.673094,4147,256,1765303593.641424,31.670
1765303593.676913,4148,256,1765303593.645299,31.614
1765303593.678365,4149,256,1765303593.646690,31.676
1765303593.678803,4150,256,1765303593.647249,31.554
1765303593.690754,4151,256,1765303593.659279,31.475
1765303593.691302,4152,256,1765303593.659887,31.415
1765303593.703076,4153,256,1765303593.671597,31.479
1765303593.706293,4154,256,1765303593.674807,31.486
1765303593.706914,4155,256,1765303593.675516,31.399
1765303593.707929,4156,256,1765303593.676495,31.435
1765303593.711487,4157,256,1765303593.679952,31.535
1765303593.715829,4158,256,1765303593.684256,31.573
1765303593.722667,4159,256,1765303593.691238,31.429
1765303593.729145,4160,256,1765303593.697652,31.493
1765303593.739143,4161,256,1765303593.707667,31.476
1765303593.743750,4162,256,1765303593.712248,31.502
1765303593.755629,4163,256,1765303593.723994,31.634
1765303593.756024,4164,256,1765303593.724113,31.911
1765303593.763303,4165,256,1765303593.731755,31.548
1765303593.764854,4166,256,1765303593.733058,31.796
1765303593.772250,4167,256,1765303593.740621,31.629
1765303593.773098,4168,256,1765303593.741666,31.432
1765303593.781381,4169,256,1765303593.749798,31.583
1765303593.783118,4170,256,1765303593.751544,31.574
1765303593.796911,4171,256,1765303593.765182,31.729
1765303593.797421,4172,256,1765303593.765692,31.729
1765303593.800489,4173,256,1765303593.769043,31.446
1765303593.804528,4174,256,1765303593.772971,31.558
1765303593.809941,4175,256,1765303593.778250,31.691
1765303593.810320,4176,256,1765303593.778852,31.467
1765303593.821520,4177,256,1765303593.790010,31.510
1765303593.822264,4178,256,1765303593.790826,31.438
1765303593.826844,4179,256,1765303593.795177,31.667
1765303593.828438,4180,256,1765303593.796806,31.632
1765303593.829954,4181,256,1765303593.798483,31.471
1765303593.831559,4182,256,1765303593.800105,31.454
1765303593.842858,4183,256,1765303593.811291,31.567
1765303593.843215,4184,256,1765303593.811444,31.772
1765303593.844147,4185,256,1765303593.812736,31.411
1765303593.854027,4186,256,1765303593.822480,31.547
1765303593.854395,4187,256,1765303593.822969,31.425
1765303593.854867,4188,256,1765303593.823023,31.844
1765303593.869888,4189,256,1765303593.838381,31.507
1765303593.875003,4190,256,1765303593.843229,31.774
1765303593.883987,4191,256,1765303593.852478,31.509
1765303593.893196,4192,256,1765303593.861431,31.765
1765303593.893880,4193,256,1765303593.862505,31.375
1765303593.898133,4194,256,1765303593.866630,31.504
1765303593.908584,4195,256,1765303593.877185,31.399
1765303593.914365,4196,256,1765303593.882945,31.420
1765303593.916617,4197,256,1765303593.885170,31.448
1765303593.917379,4198,256,1765303593.885991,31.388
1765303593.918812,4199,256,1765303593.887398,31.413
1765303593.919474,4200,256,1765303593.888095,31.379
1765303593.922442,4201,256,1765303593.890974,31.468
1765303593.925102,4202,256,1765303593.893659,31.443
1765303593.927660,4203,256,1765303593.896149,31.512
1765303593.929081,4204,256,1765303593.897660,31.422
1765303593.932953,4205,256,1765303593.901539,31.415
1765303593.947956,4206,256,1765303593.916322,31.634
1765303593.952547,4207,256,1765303593.920820,31.727
1765303593.952967,4208,256,1765303593.920880,32.088
1765303593.955000,4209,256,1765303593.923483,31.518
1765303593.957955,4210,256,1765303593.926434,31.521
1765303593.960215,4211,256,1765303593.928544,31.671
1765303593.962337,4212,256,1765303593.930856,31.481
1765303593.966518,4213,256,1765303593.935028,31.490
1765303593.976299,4214,256,1765303593.944810,31.489
1765303593.981518,4215,256,1765303593.950003,31.515
1765303593.993913,4216,256,1765303593.962064,31.849
1765303594.001050,4217,256,1765303593.969557,31.494
1765303594.001642,4218,256,1765303593.970171,31.471
1765303594.002443,4219,256,1765303593.971004,31.439
1765303594.004762,4220,256,1765303593.973023,31.739
1765303594.007997,4221,256,1765303593.976549,31.448
1765303594.018553,4222,256,1765303593.987041,31.512
1765303594.021565,4223,256,1765303593.990010,31.555
1765303594.022028,4224,256,1765303593.990678,31.350
1765303594.029042,4225,256,1765303593.997592,31.450
1765303594.031798,4226,256,1765303594.000337,31.460
1765303594.041291,4227,256,1765303594.009761,31.529
1765303594.042488,4228,256,1765303594.011065,31.423
1765303594.042952,4229,256,1765303594.011322,31.629
1765303594.043428,4230,256,1765303594.011925,31.503
1765303594.045643,4231,256,1765303594.014199,31.444
1765303594.051423,4232,256,1765303594.019663,31.760
1765303594.052490,4233,256,1765303594.020950,31.541
1765303594.063252,4234,256,1765303594.031801,31.451
1765303594.064410,4235,256,1765303594.032927,31.483
1765303594.065188,4236,256,1765303594.033758,31.430
1765303594.067110,4237,256,1765303594.035697,31.413
1765303594.091167,4238,256,1765303594.059485,31.683
1765303594.092687,4239,256,1765303594.060898,31.789
1765303594.095860,4240,256,1765303594.064369,31.491
1765303594.107216,4241,256,1765303594.075763,31.452
1765303594.109098,4242,256,1765303594.077648,31.450
1765303594.114866,4243,256,1765303594.083220,31.646
1765303594.116523,4244,256,1765303594.084988,31.535
1765303594.117538,4245,256,1765303594.086145,31.393
1765303594.119367,4246,256,1765303594.087965,31.402
1765303594.126680,4247,256,1765303594.095085,31.595
1765303594.126990,4248,256,1765303594.095484,31.506
1765303594.127507,4249,256,1765303594.095794,31.713
1765303594.132919,4250,256,1765303594.101362,31.557
1765303594.139052,4251,256,1765303594.107505,31.547
1765303594.139667,4252,256,1765303594.108050,31.617
1765303594.148019,4253,256,1765303594.116436,31.583
1765303594.149947,4254,256,1765303594.118235,31.711
1765303594.153143,4255,256,1765303594.121659,31.484
1765303594.161434,4256,256,1765303594.129999,31.436
1765303594.162699,4257,256,1765303594.131121,31.578
1765303594.163139,4258,256,1765303594.131182,31.957
1765303594.164521,4259,256,1765303594.133117,31.404
1765303594.174636,4260,256,1765303594.142948,31.689
1765303594.178433,4261,256,1765303594.146878,31.555
1765303594.180298,4262,256,1765303594.148886,31.411
1765303594.185066,4263,256,1765303594.153522,31.544
1765303594.189802,4264,256,1765303594.158266,31.536
1765303594.190596,4265,256,1765303594.159222,31.374
1765303594.194929,4266,256,1765303594.163360,31.569
1765303594.199865,4267,256,1765303594.168332,31.533
1765303594.200213,4268,256,1765303594.168454,31.759
1765303594.200681,4269,256,1765303594.169020,31.661
1765303594.201154,4270,256,1765303594.169620,31.535
1765303594.213961,4271,256,1765303594.182394,31.567
1765303594.214858,4272,256,1765303594.183358,31.500
1765303594.217941,4273,256,1765303594.186402,31.539
1765303594.218590,4274,256,1765303594.186548,32.042
1765303594.227187,4275,256,1765303594.195584,31.604
1765303594.228399,4276,256,1765303594.196936,31.463
1765303594.230289,4277,256,1765303594.198869,31.420
1765303594.248186,4278,256,1765303594.216421,31.765
1765303594.248620,4279,256,1765303594.217255,31.365
1765303594.256290,4280,256,1765303594.224681,31.609
1765303594.257816,4281,256,1765303594.226188,31.628
1765303594.264188,4282,256,1765303594.232605,31.583
1765303594.268966,4283,256,1765303594.237445,31.521
1765303594.288639,4284,256,1765303594.256873,31.766
1765303594.289065,4285,256,1765303594.256996,32.069
1765303594.289531,4286,256,1765303594.257022,32.510
1765303594.290006,4287,256,1765303594.257403,32.603
1765303594.290476,4288,256,1765303594.258185,32.291
1765303594.291290,4289,256,1765303594.259891,31.399
1765303594.301050,4290,256,1765303594.269637,31.413
1765303594.306313,4291,256,1765303594.274892,31.421
1765303594.312649,4292,256,1765303594.281084,31.565
1765303594.315369,4293,256,1765303594.283944,31.426
1765303594.315820,4294,256,1765303594.284061,31.760
1765303594.316275,4295,256,1765303594.284365,31.910
1765303594.317258,4296,256,1765303594.285795,31.463
1765303594.319437,4297,256,1765303594.287979,31.458
1765303594.322546,4298,256,1765303594.291111,31.435
1765303594.330248,4299,256,1765303594.298865,31.384
1765303594.332192,4300,256,1765303594.300731,31.461
1765303594.335402,4301,256,1765303594.303923,31.479
1765303594.336626,4302,256,1765303594.305158,31.469
1765303594.340535,4303,256,1765303594.309142,31.394
1765303594.347055,4304,256,1765303594.315591,31.464
1765303594.348284,4305,256,1765303594.316630,31.654
1765303594.351735,4306,256,1765303594.320275,31.460
1765303594.361255,4307,256,1765303594.329824,31.432
1765303594.366084,4308,256,1765303594.334393,31.692
1765303594.366253,4309,256,1765303594.334488,31.765
1765303594.370316,4310,256,1765303594.338875,31.440
1765303594.376510,4311,256,1765303594.344829,31.681
1765303594.378534,4312,256,1765303594.347082,31.452
1765303594.385490,4313,256,1765303594.353942,31.548
1765303594.394911,4314,256,1765303594.363089,31.821
1765303594.415521,4315,256,1765303594.383836,31.685
1765303594.422877,4316,256,1765303594.391299,31.578
1765303594.426651,4317,256,1765303594.395118,31.533
1765303594.429810,4318,256,1765303594.398395,31.415
1765303594.438978,4319,256,1765303594.407496,31.482
1765303594.444642,4320,256,1765303594.413292,31.350
1765303594.455034,4321,256,1765303594.423677,31.357
1765303594.456412,4322,256,1765303594.425018,31.393
1765303594.457762,4323,256,1765303594.426413,31.349
1765303594.459774,4324,256,1765303594.428318,31.457
1765303594.465286,4325,256,1765303594.433764,31.523
1765303594.471106,4326,256,1765303594.439559,31.546
1765303594.475187,4327,256,1765303594.443499,31.688
1765303594.478283,4328,256,1765303594.446744,31.539
1765303594.478666,4329,256,1765303594.446892,31.775
1765303594.484385,4330,256,1765303594.452849,31.536
1765303594.484756,4331,256,1765303594.453176,31.580
1765303594.492631,4332,256,1765303594.461174,31.457
1765303594.500580,4333,256,1765303594.469081,31.499
1765303594.503939,4334,256,1765303594.472490,31.449
1765303594.508834,4335,256,1765303594.477136,31.698
1765303594.509168,4336,256,1765303594.477679,31.489
1765303594.509607,4337,256,1765303594.477750,31.857
1765303594.514330,4338,256,1765303594.482925,31.404
1765303594.520426,4339,256,1765303594.489001,31.425
1765303594.523490,4340,256,1765303594.491846,31.644
1765303594.525187,4341,256,1765303594.493766,31.420
1765303594.528019,4342,256,1765303594.496637,31.383
1765303594.532279,4343,256,1765303594.500850,31.429
1765303594.534172,4344,256,1765303594.502777,31.394
1765303594.536677,4345,256,1765303594.505302,31.375
1765303594.537997,4346,256,1765303594.506611,31.386
1765303594.539588,4347,256,1765303594.508237,31.351
1765303594.552125,4348,256,1765303594.520705,31.420
1765303594.555838,4349,256,1765303594.524242,31.595
1765303594.566950,4350,256,1765303594.535384,31.565
1765303594.579902,4351,256,1765303594.547839,32.063
1765303594.583537,4352,256,1765303594.551931,31.606
1765303594.588551,4353,256,1765303594.556991,31.559
1765303594.593855,4354,256,1765303594.562090,31.766
1765303594.597877,4355,256,1765303594.566408,31.469
1765303594.604334,4356,256,1765303594.572903,31.430
1765303594.606409,4357,256,1765303594.574847,31.562
1765303594.611538,4358,256,1765303594.579822,31.715
1765303594.616269,4359,256,1765303594.584591,31.678
1765303594.617274,4360,256,1765303594.585837,31.437
1765303594.623553,4361,256,1765303594.591979,31.574
1765303594.629277,4362,256,1765303594.597623,31.654
1765303594.635547,4363,256,1765303594.603954,31.594
1765303594.638356,4364,256,1765303594.606740,31.615
1765303594.650096,4365,256,1765303594.618431,31.665
1765303594.656528,4366,256,1765303594.624948,31.580
1765303594.658790,4367,256,1765303594.627145,31.646
1765303594.659091,4368,256,1765303594.627309,31.783
1765303594.660503,4369,256,1765303594.628976,31.527
1765303594.679538,4370,256,1765303594.647971,31.567
1765303594.682091,4371,256,1765303594.650667,31.425
1765303594.687339,4372,256,1765303594.655845,31.495
1765303594.689506,4373,256,1765303594.658059,31.447
1765303594.690213,4374,256,1765303594.658856,31.357
1765303594.699360,4375,256,1765303594.667668,31.693
1765303594.699661,4376,256,1765303594.667871,31.790
1765303594.702956,4377,256,1765303594.671483,31.473
1765303594.708688,4378,256,1765303594.677055,31.633
1765303594.710331,4379,256,1765303594.678941,31.390
1765303594.713817,4380,256,1765303594.682421,31.396
1765303594.714625,4381,256,1765303594.683057,31.568
1765303594.719781,4382,256,1765303594.688358,31.423
1765303594.723182,4383,256,1765303594.691732,31.450
1765303594.726812,4384,256,1765303594.695387,31.425
1765303594.729729,4385,256,1765303594.698185,31.544
1765303594.730161,4386,256,1765303594.698824,31.337
1765303594.731391,4387,256,1765303594.699786,31.605
1765303594.735144,4388,256,1765303594.703741,31.403
1765303594.745009,4389,256,1765303594.713598,31.411
1765303594.750984,4390,256,1765303594.719587,31.397
1765303594.767657,4391,256,1765303594.736156,31.500
1765303594.768297,4392,256,1765303594.736609,31.688
1765303594.772131,4393,256,1765303594.740702,31.429
1765303594.773804,4394,256,1765303594.742140,31.664
1765303594.783217,4395,256,1765303594.751702,31.515
1765303594.788707,4396,256,1765303594.757142,31.565
1765303594.792117,4397,256,1765303594.760289,31.827
1765303594.801280,4398,256,1765303594.769517,31.763
1765303594.805106,4399,256,1765303594.773448,31.657
1765303594.812218,4400,256,1765303594.780344,31.875
1765303594.812528,4401,256,1765303594.781078,31.450
1765303594.815563,4402,256,1765303594.783862,31.701
1765303594.828995,4403,256,1765303594.797337,31.658
1765303594.831091,4404,256,1765303594.799641,31.450
1765303594.832762,4405,256,1765303594.801045,31.718
1765303594.834139,4406,256,1765303594.802727,31.412
1765303594.841733,4407,256,1765303594.809929,31.804
1765303594.856817,4408,256,1765303594.824983,31.834
1765303594.860175,4409,256,1765303594.828526,31.649
1765303594.871472,4410,256,1765303594.839878,31.594
1765303594.873497,4411,256,1765303594.842147,31.350
1765303594.875733,4412,256,1765303594.844012,31.721
1765303594.879204,4413,256,1765303594.847530,31.674
1765303594.880962,4414,256,1765303594.849199,31.763
1765303594.891628,4415,256,1765303594.860094,31.534
1765303594.900905,4416,256,1765303594.869192,31.713
1765303594.906929,4417,256,1765303594.875387,31.542
1765303594.909483,4418,256,1765303594.877753,31.731
1765303594.912115,4419,256,1765303594.880539,31.576
1765303594.917432,4420,256,1765303594.885943,31.489
1765303594.930951,4421,256,1765303594.899321,31.631
1765303594.933934,4422,256,1765303594.902430,31.504
1765303594.938826,4423,256,1765303594.907301,31.525
1765303594.949237,4424,256,1765303594.917606,31.631
1765303594.954149,4425,256,1765303594.922222,31.927
1765303594.954316,4426,256,1765303594.922723,31.594
1765303594.954755,4427,256,1765303594.923127,31.628
1765303594.956624,4428,256,1765303594.925139,31.484
1765303594.968319,4429,256,1765303594.936643,31.676
1765303594.972261,4430,256,1765303594.940811,31.450
1765303594.976046,4431,256,1765303594.944421,31.625
1765303594.984667,4432,256,1765303594.953024,31.643
1765303594.989129,4433,256,1765303594.957219,31.911
1765303594.991193,4434,256,1765303594.959752,31.441
1765303594.998392,4435,256,1765303594.966905,31.487
1765303595.013217,4436,256,1765303594.981769,31.448
1765303595.016912,4437,256,1765303594.985503,31.409
1765303595.018183,4438,256,1765303594.986703,31.480
1765303595.021055,4439,256,1765303594.989568,31.487
1765303595.025012,4440,256,1765303594.993333,31.679
1765303595.031449,4441,256,1765303595.000072,31.377
1765303595.032453,4442,256,1765303595.001130,31.323
1765303595.033467,4443,256,1765303595.002141,31.326
1765303595.040887,4444,256,1765303595.009196,31.692
1765303595.041941,4445,256,1765303595.009824,32.117
1765303595.054402,4446,256,1765303595.022722,31.681
1765303595.076245,4447,256,1765303595.044815,31.430
1765303595.076809,4448,256,1765303595.045147,31.662
1765303595.077183,4449,256,1765303595.045453,31.731
1765303595.077797,4450,256,1765303595.046229,31.568
1765303595.092618,4451,256,1765303595.060964,31.654
1765303595.097893,4452,256,1765303595.066339,31.553
1765303595.104419,4453,256,1765303595.072865,31.554
1765303595.107910,4454,256,1765303595.076431,31.479
1765303595.108444,4455,256,1765303595.076541,31.903
1765303595.112311,4456,256,1765303595.080833,31.478
1765303595.114886,4457,256,1765303595.083206,31.679
1765303595.117652,4458,256,1765303595.086205,31.447
1765303595.120739,4459,256,1765303595.089357,31.382
1765303595.121773,4460,256,1765303595.090320,31.453
1765303595.128681,4461,256,1765303595.097304,31.378
1765303595.132848,4462,256,1765303595.101518,31.330
1765303595.133360,4463,256,1765303595.101831,31.530
1765303595.133821,4464,256,1765303595.102077,31.744
1765303595.135633,4465,256,1765303595.104218,31.415
1765303595.136881,4466,256,1765303595.105514,31.367
1765303595.144745,4467,256,1765303595.113199,31.546
1765303595.145154,4468,256,1765303595.113740,31.414
1765303595.151740,4469,256,1765303595.120267,31.474
1765303595.153564,4470,256,1765303595.122047,31.517
1765303595.156503,4471,256,1765303595.124965,31.538
1765303595.163543,4472,256,1765303595.132076,31.466
1765303595.165008,4473,256,1765303595.133601,31.407
1765303595.168020,4474,256,1765303595.136222,31.799
1765303595.171137,4475,256,1765303595.139286,31.850
1765303595.178797,4476,256,1765303595.147193,31.603
1765303595.182215,4477,256,1765303595.150555,31.660
1765303595.195161,4478,256,1765303595.163646,31.514
1765303595.198768,4479,256,1765303595.167269,31.498
1765303595.200935,4480,256,1765303595.169346,31.590
1765303595.202445,4481,256,1765303595.170803,31.642
1765303595.204294,4482,256,1765303595.172796,31.498
1765303595.205338,4483,256,1765303595.173690,31.648
1765303595.206102,4484,256,1765303595.174564,31.538
1765303595.206601,4485,256,1765303595.175103,31.498
1765303595.218073,4486,256,1765303595.186490,31.583
1765303595.222075,4487,256,1765303595.190346,31.728
1765303595.224893,4488,256,1765303595.193356,31.537
1765303595.229892,4489,256,1765303595.198273,31.620
1765303595.231647,4490,256,1765303595.200077,31.570
1765303595.233691,4491,256,1765303595.202075,31.616
1765303595.234044,4492,256,1765303595.202191,31.853
1765303595.240278,4493,256,1765303595.208814,31.463
1765303595.247593,4494,256,1765303595.216117,31.476
1765303595.251346,4495,256,1765303595.219929,31.417
1765303595.252761,4496,256,1765303595.221399,31.363
1765303595.260951,4497,256,1765303595.229430,31.521
1765303595.261497,4498,256,1765303595.230131,31.366
1765303595.265553,4499,256,1765303595.233995,31.558
1765303595.266412,4500,256,1765303595.234776,31.636
1765303595.268484,4501,256,1765303595.236884,31.600
1765303595.276012,4502,256,1765303595.244396,31.616
1765303595.278396,4503,256,1765303595.246806,31.590
1765303595.286471,4504,256,1765303595.254955,31.516
1765303595.291448,4505,256,1765303595.259857,31.591
1765303595.297897,4506,256,1765303595.266485,31.412
1765303595.303631,4507,256,1765303595.272062,31.569
1765303595.305468,4508,256,1765303595.273952,31.517
1765303595.316566,4509,256,1765303595.285042,31.524
1765303595.317289,4510,256,1765303595.285857,31.432
1765303595.318349,4511,256,1765303595.286991,31.357
1765303595.320149,4512,256,1765303595.288724,31.425
1765303595.325889,4513,256,1765303595.294210,31.679
1765303595.338531,4514,256,1765303595.307105,31.426
1765303595.339006,4515,256,1765303595.307206,31.800
1765303595.340173,4516,256,1765303595.308757,31.416
1765303595.348599,4517,256,1765303595.317147,31.452
1765303595.349052,4518,256,1765303595.317291,31.761
1765303595.349494,4519,256,1765303595.317341,32.154
1765303595.357254,4520,256,1765303595.325788,31.466
1765303595.361291,4521,256,1765303595.329837,31.454
1765303595.362841,4522,256,1765303595.331393,31.448
1765303595.368946,4523,256,1765303595.337368,31.578
1765303595.375076,4524,256,1765303595.343646,31.430
1765303595.380467,4525,256,1765303595.348606,31.861
1765303595.381782,4526,256,1765303595.349349,32.432
1765303595.387110,4527,256,1765303595.355587,31.524
1765303595.393523,4528,256,1765303595.361778,31.744
1765303595.394156,4529,256,1765303595.362399,31.757
1765303595.396468,4530,256,1765303595.364822,31.646
1765303595.401919,4531,256,1765303595.370281,31.638
1765303595.402625,4532,256,1765303595.371083,31.542
1765303595.410208,4533,256,1765303595.378576,31.632
1765303595.414541,4534,256,1765303595.382696,31.845
1765303595.414825,4535,256,1765303595.382908,31.917
1765303595.417932,4536,256,1765303595.386389,31.542
1765303595.418318,4537,256,1765303595.386735,31.583
1765303595.428207,4538,256,1765303595.396369,31.838
1765303595.428995,4539,256,1765303595.397519,31.476
1765303595.432590,4540,256,1765303595.401026,31.564
1765303595.436503,4541,256,1765303595.404754,31.749
1765303595.440736,4542,256,1765303595.409155,31.581
1765303595.443022,4543,256,1765303595.411498,31.524
1765303595.447194,4544,256,1765303595.415652,31.542
1765303595.453538,4545,256,1765303595.422044,31.494
1765303595.468886,4546,256,1765303595.437407,31.479
1765303595.473175,4547,256,1765303595.441674,31.502
1765303595.474358,4548,256,1765303595.442744,31.614
1765303595.477038,4549,256,1765303595.445585,31.452
1765303595.478338,4550,256,1765303595.446903,31.435
1765303595.478803,4551,256,1765303595.447376,31.427
1765303595.479280,4552,256,1765303595.447410,31.870
1765303595.479756,4553,256,1765303595.448007,31.749
1765303595.480247,4554,256,1765303595.448297,31.951
1765303595.480696,4555,256,1765303595.449061,31.635
1765303595.481582,4556,256,1765303595.449634,31.949
1765303595.482993,4557,256,1765303595.451508,31.485
1765303595.485648,4558,256,1765303595.454166,31.482
1765303595.488833,4559,256,1765303595.457172,31.662
1765303595.495008,4560,256,1765303595.463355,31.653
1765303595.495286,4561,256,1765303595.463763,31.523
1765303595.502886,4562,256,1765303595.471111,31.775
1765303595.510765,4563,256,1765303595.479096,31.669
1765303595.525435,4564,256,1765303595.493532,31.903
1765303595.534321,4565,256,1765303595.502448,31.873
1765303595.549622,4566,256,1765303595.518042,31.580
1765303595.564561,4567,256,1765303595.532539,32.022
1765303595.567342,4568,256,1765303595.535610,31.732
1765303595.574420,4569,256,1765303595.542851,31.569
1765303595.578833,4570,256,1765303595.547407,31.426
1765303595.579977,4571,256,1765303595.548535,31.442
1765303595.587112,4572,256,1765303595.555591,31.521
1765303595.587524,4573,256,1765303595.555672,31.852
1765303595.587952,4574,256,1765303595.556161,31.791
1765303595.590858,4575,256,1765303595.559363,31.495
1765303595.591631,4576,256,1765303595.559834,31.796
1765303595.597332,4577,256,1765303595.565689,31.643
1765303595.602696,4578,256,1765303595.571143,31.554
1765303595.623950,4579,256,1765303595.592477,31.473
1765303595.629968,4580,256,1765303595.597183,32.785
1765303595.640326,4581,256,1765303595.608755,31.571
1765303595.645731,4582,256,1765303595.614213,31.518
1765303595.652630,4583,256,1765303595.621156,31.474
1765303595.653479,4584,256,1765303595.622072,31.407
1765303595.656759,4585,256,1765303595.625293,31.466
1765303595.661314,4586,256,1765303595.629826,31.488
1765303595.661779,4587,256,1765303595.630155,31.623
1765303595.669101,4588,256,1765303595.637193,31.908
1765303595.675793,4589,256,1765303595.644200,31.593
1765303595.684109,4590,256,1765303595.652627,31.482
1765303595.684561,4591,256,1765303595.652804,31.756
1765303595.712366,4592,256,1765303595.680748,31.617
1765303595.712793,4593,256,1765303595.681383,31.411
1765303595.732350,4594,256,1765303595.700879,31.471
1765303595.734415,4595,256,1765303595.702802,31.613
1765303595.744136,4596,256,1765303595.712285,31.850
1765303595.747400,4597,256,1765303595.715789,31.611
1765303595.748502,4598,256,1765303595.716549,31.954
1765303595.751219,4599,256,1765303595.719807,31.412
1765303595.754928,4600,256,1765303595.723530,31.398
1765303595.769454,4601,256,1765303595.737966,31.487
1765303595.778976,4602,256,1765303595.747455,31.521
1765303595.781167,4603,256,1765303595.749344,31.823
1765303595.783439,4604,256,1765303595.752035,31.404
1765303595.798294,4605,256,1765303595.766659,31.634
1765303595.802005,4606,256,1765303595.770481,31.524
1765303595.803277,4607,256,1765303595.771790,31.487
1765303595.812035,4608,256,1765303595.780291,31.744
1765303595.839260,4609,256,1765303595.807733,31.527
1765303595.840656,4610,256,1765303595.809111,31.545
1765303595.847351,4611,256,1765303595.815854,31.497
1765303595.849127,4612,256,1765303595.817670,31.457
1765303595.856941,4613,256,1765303595.825401,31.540
1765303595.859287,4614,256,1765303595.827849,31.438
1765303595.859964,4615,256,1765303595.828555,31.409
1765303595.868119,4616,256,1765303595.836612,31.506
1765303595.871837,4617,256,1765303595.840336,31.501
1765303595.873337,4618,256,1765303595.841861,31.476
1765303595.875528,4619,256,1765303595.844061,31.467
1765303595.875959,4620,256,1765303595.844442,31.517
1765303595.876437,4621,256,1765303595.844576,31.862
1765303595.889011,4622,256,1765303595.857471,31.540
1765303595.891342,4623,256,1765303595.859953,31.389
1765303595.898289,4624,256,1765303595.866748,31.540
1765303595.905882,4625,256,1765303595.874289,31.593
1765303595.911361,4626,256,1765303595.879901,31.460
1765303595.925187,4627,256,1765303595.893336,31.852
1765303595.925312,4628,256,1765303595.893594,31.718
1765303595.927688,4629,256,1765303595.895846,31.842
1765303595.937288,4630,256,1765303595.905354,31.934
1765303595.938761,4631,256,1765303595.907102,31.659
1765303595.952289,4632,256,1765303595.920796,31.493
1765303595.959233,4633,256,1765303595.927758,31.475
1765303595.974692,4634,256,1765303595.943162,31.530
1765303595.975697,4635,256,1765303595.944086,31.611
1765303595.980797,4636,256,1765303595.949345,31.452
1765303595.989079,4637,256,1765303595.957277,31.802
1765303595.989934,4638,256,1765303595.958508,31.426
1765303595.994315,4639,256,1765303595.962868,31.447
1765303595.998471,4640,256,1765303595.967031,31.441
1765303596.003864,4641,256,1765303595.972370,31.493
1765303596.005728,4642,256,1765303595.974249,31.478
1765303596.013914,4643,256,1765303595.982427,31.487
1765303596.025192,4644,256,1765303595.993660,31.532
1765303596.033017,4645,256,1765303596.001239,31.778
1765303596.034275,4646,256,1765303596.002826,31.448
1765303596.041681,4647,256,1765303596.009964,31.717
1765303596.057389,4648,256,1765303596.025824,31.565
1765303596.083405,4649,256,1765303596.051783,31.622
1765303596.086573,4650,256,1765303596.054933,31.640
1765303596.087394,4651,256,1765303596.055732,31.662
1765303596.089606,4652,256,1765303596.058054,31.552
1765303596.092875,4653,256,1765303596.061328,31.546
1765303596.099141,4654,256,1765303596.067507,31.634
1765303596.100373,4655,256,1765303596.068882,31.491
1765303596.101146,4656,256,1765303596.069619,31.527
1765303596.105577,4657,256,1765303596.074023,31.555
1765303596.107535,4658,256,1765303596.075799,31.736
1765303596.113031,4659,256,1765303596.081391,31.641
1765303596.114420,4660,256,1765303596.082873,31.547
1765303596.118930,4661,256,1765303596.087382,31.549
1765303596.131144,4662,256,1765303596.099277,31.868
1765303596.135784,4663,256,1765303596.104002,31.782
1765303596.141834,4664,256,1765303596.109799,32.036
1765303596.152349,4665,256,1765303596.120687,31.663
1765303596.157277,4666,256,1765303596.125839,31.438
1765303596.158721,4667,256,1765303596.127049,31.672
1765303596.175874,4668,256,1765303596.144244,31.631
1765303596.177284,4669,256,1765303596.145894,31.390
1765303596.181245,4670,256,1765303596.149765,31.480
1765303596.185352,4671,256,1765303596.153913,31.439
1765303596.186233,4672,256,1765303596.154849,31.383
1765303596.187276,4673,256,1765303596.155867,31.409
1765303596.194987,4674,256,1765303596.163565,31.422
1765303596.204013,4675,256,1765303596.172470,31.543
1765303596.222217,4676,256,1765303596.190542,31.676
1765303596.223242,4677,256,1765303596.191693,31.549
1765303596.225034,4678,256,1765303596.193633,31.401
1765303596.227450,4679,256,1765303596.195875,31.575
1765303596.229249,4680,256,1765303596.197641,31.608
1765303596.230767,4681,256,1765303596.198983,31.784
1765303596.235936,4682,256,1765303596.204454,31.482
1765303596.243268,4683,256,1765303596.211755,31.513
1765303596.245641,4684,256,1765303596.214197,31.444
1765303596.265166,4685,256,1765303596.233548,31.618
1765303596.285136,4686,256,1765303596.253601,31.535
1765303596.294773,4687,256,1765303596.263016,31.757
1765303596.295046,4688,256,1765303596.263200,31.847
1765303596.295485,4689,256,1765303596.263241,32.244
1765303596.312668,4690,256,1765303596.280780,31.888
1765303596.314204,4691,256,1765303596.282525,31.679
1765303596.319026,4692,256,1765303596.287416,31.610
1765303596.339695,4693,256,1765303596.308102,31.593
1765303596.340501,4694,256,1765303596.309107,31.394
1765303596.346214,4695,256,1765303596.314240,31.974
1765303596.346472,4696,256,1765303596.314415,32.057
1765303596.347696,4697,256,1765303596.315933,31.763
1765303596.360887,4698,256,1765303596.329326,31.561
1765303596.365427,4699,256,1765303596.333997,31.430
1765303596.370174,4700,256,1765303596.338746,31.429
1765303596.378577,4701,256,1765303596.347106,31.470
1765303596.379477,4702,256,1765303596.348145,31.332
1765303596.391164,4703,256,1765303596.359480,31.684
1765303596.397879,4704,256,1765303596.366447,31.433
1765303596.415938,4705,256,1765303596.384338,31.600
1765303596.425287,4706,256,1765303596.393605,31.682
1765303596.429771,4707,256,1765303596.398302,31.468
1765303596.430214,4708,256,1765303596.398625,31.589
1765303596.437024,4709,256,1765303596.405488,31.536
1765303596.439440,4710,256,1765303596.407980,31.460
1765303596.440902,4711,256,1765303596.409478,31.424
1765303596.441616,4712,256,1765303596.410182,31.434
1765303596.442090,4713,256,1765303596.410281,31.809
1765303596.442991,4714,256,1765303596.411571,31.420
1765303596.448347,4715,256,1765303596.416931,31.416
1765303596.453983,4716,256,1765303596.422414,31.570
1765303596.469915,4717,256,1765303596.438311,31.604
1765303596.471296,4718,256,1765303596.439742,31.554
1765303596.476793,4719,256,1765303596.445249,31.544
1765303596.479006,4720,256,1765303596.447384,31.622
1765303596.485465,4721,256,1765303596.453597,31.868
1765303596.499814,4722,256,1765303596.468240,31.574
1765303596.500248,4723,256,1765303596.468822,31.427
1765303596.509973,4724,256,1765303596.478046,31.927
1765303596.521705,4725,256,1765303596.490005,31.700
1765303596.524515,4726,256,1765303596.492904,31.611
1765303596.525198,4727,256,1765303596.493594,31.603
1765303596.544203,4728,256,1765303596.512520,31.682
1765303596.545308,4729,256,1765303596.513748,31.560
1765303596.555890,4730,256,1765303596.524138,31.751
1765303596.556259,4731,256,1765303596.524738,31.521
1765303596.562893,4732,256,1765303596.531244,31.650
1765303596.563284,4733,256,1765303596.531385,31.899
1765303596.570462,4734,256,1765303596.538876,31.586
1765303596.571134,4735,256,1765303596.539733,31.401
1765303596.571922,4736,256,1765303596.540268,31.654
1765303596.578207,4737,256,1765303596.546671,31.535
1765303596.581235,4738,256,1765303596.549775,31.460
1765303596.591599,4739,256,1765303596.560032,31.567
1765303596.592390,4740,256,1765303596.560389,32.001
1765303596.594246,4741,256,1765303596.562837,31.410
1765303596.600796,4742,256,1765303596.569132,31.664
1765303596.611228,4743,256,1765303596.579360,31.868
1765303596.612562,4744,256,1765303596.580692,31.870
1765303596.615014,4745,256,1765303596.583508,31.506
1765303596.632145,4746,256,1765303596.600578,31.568
1765303596.636848,4747,256,1765303596.605356,31.493
1765303596.645077,4748,256,1765303596.613474,31.603
1765303596.646823,4749,256,1765303596.615357,31.466
1765303596.650571,4750,256,1765303596.618679,31.892
1765303596.651021,4751,256,1765303596.619466,31.555
1765303596.651509,4752,256,1765303596.619497,32.012
1765303596.653782,4753,256,1765303596.622247,31.535
1765303596.656550,4754,256,1765303596.625060,31.489
1765303596.660330,4755,256,1765303596.628874,31.456
1765303596.663318,4756,256,1765303596.631794,31.524
1765303596.664084,4757,256,1765303596.632501,31.583
1765303596.664856,4758,256,1765303596.633209,31.647
1765303596.668802,4759,256,1765303596.637391,31.411
1765303596.672772,4760,256,1765303596.641352,31.420
1765303596.674704,4761,256,1765303596.643283,31.420
1765303596.682678,4762,256,1765303596.651133,31.545
1765303596.692869,4763,256,1765303596.661154,31.715
1765303596.706557,4764,256,1765303596.675017,31.539
1765303596.722604,4765,256,1765303596.691027,31.577
1765303596.723921,4766,256,1765303596.692355,31.566
1765303596.724277,4767,256,1765303596.692501,31.776
1765303596.725800,4768,256,1765303596.693938,31.862
1765303596.727064,4769,256,1765303596.695637,31.427
1765303596.727544,4770,256,1765303596.695779,31.765
1765303596.731854,4771,256,1765303596.700377,31.476
1765303596.747464,4772,256,1765303596.715848,31.615
1765303596.749169,4773,256,1765303596.717557,31.612
1765303596.756967,4774,256,1765303596.725413,31.554
1765303596.768633,4775,256,1765303596.737242,31.392
1765303596.769942,4776,256,1765303596.738564,31.378
1765303596.780916,4777,256,1765303596.749470,31.447
1765303596.793559,4778,256,1765303596.761997,31.562
1765303596.798878,4779,256,1765303596.767124,31.754
1765303596.801291,4780,256,1765303596.769727,31.564
1765303596.817450,4781,256,1765303596.785757,31.693
1765303596.817847,4782,256,1765303596.786485,31.362
1765303596.839815,4783,256,1765303596.808186,31.629
1765303596.840324,4784,256,1765303596.808875,31.449
1765303596.842332,4785,256,1765303596.810769,31.563
1765303596.844603,4786,256,1765303596.813164,31.440
1765303596.846331,4787,256,1765303596.814744,31.587
1765303596.848517,4788,256,1765303596.817021,31.496
1765303596.849452,4789,256,1765303596.817995,31.458
1765303596.850852,4790,256,1765303596.819422,31.430
1765303596.855846,4791,256,1765303596.824287,31.559
1765303596.856225,4792,256,1765303596.824439,31.785
1765303596.860354,4793,256,1765303596.828873,31.481
1765303596.866729,4794,256,1765303596.835212,31.518
1765303596.867154,4795,256,1765303596.835518,31.636
1765303596.873643,4796,256,1765303596.842197,31.446
1765303596.877227,4797,256,1765303596.845782,31.446
1765303596.878762,4798,256,1765303596.846870,31.892
1765303596.879200,4799,256,1765303596.847446,31.754
1765303596.884950,4800,256,1765303596.853384,31.566
1765303596.892247,4801,256,1765303596.860825,31.422
1765303596.894083,4802,256,1765303596.862289,31.793
1765303596.901412,4803,256,1765303596.869909,31.503
1765303596.901793,4804,256,1765303596.870072,31.721
1765303596.903417,4805,256,1765303596.871855,31.563
1765303596.903836,4806,256,1765303596.872236,31.600
1765303596.916017,4807,256,1765303596.884460,31.557
1765303596.922671,4808,256,1765303596.891060,31.611
1765303596.926825,4809,256,1765303596.895149,31.677
1765303596.926984,4810,256,1765303596.895220,31.763
1765303596.933003,4811,256,1765303596.901541,31.462
1765303596.941202,4812,256,1765303596.909534,31.669
1765303596.942364,4813,256,1765303596.910813,31.551
1765303596.943535,4814,256,1765303596.912152,31.383
1765303596.949492,4815,256,1765303596.917889,31.603
1765303596.955315,4816,256,1765303596.923778,31.537
1765303596.955720,4817,256,1765303596.924011,31.710
1765303596.958976,4818,256,1765303596.927340,31.636
1765303596.959270,4819,256,1765303596.927867,31.404
1765303596.961147,4820,256,1765303596.929670,31.477
1765303596.962151,4821,256,1765303596.930705,31.446
1765303596.963641,4822,256,1765303596.932193,31.447
1765303596.971281,4823,256,1765303596.939384,31.897
1765303596.980942,4824,256,1765303596.949531,31.411
1765303596.981381,4825,256,1765303596.949890,31.491
1765303596.981864,4826,256,1765303596.950186,31.678
1765303596.983017,4827,256,1765303596.951645,31.372
1765303596.997698,4828,256,1765303596.966276,31.421
1765303597.001971,4829,256,1765303596.970437,31.534
1765303597.009115,4830,256,1765303596.977555,31.560
1765303597.009455,4831,256,1765303596.977638,31.817
1765303597.021343,4832,256,1765303596.989582,31.761
1765303597.023187,4833,256,1765303596.991595,31.593
1765303597.025495,4834,256,1765303596.993906,31.589
1765303597.038960,4835,256,1765303597.007151,31.810
1765303597.039349,4836,256,1765303597.007931,31.418
1765303597.044939,4837,256,1765303597.013143,31.796
1765303597.056143,4838,256,1765303597.024453,31.689
1765303597.060110,4839,256,1765303597.028579,31.531
1765303597.075086,4840,256,1765303597.043391,31.695
1765303597.076220,4841,256,1765303597.044629,31.591
1765303597.079547,4842,256,1765303597.047883,31.664
1765303597.095003,4843,256,1765303597.063529,31.474
1765303597.095397,4844,256,1765303597.063936,31.461
1765303597.105042,4845,256,1765303597.073395,31.647
1765303597.123439,4846,256,1765303597.091095,32.343
1765303597.128029,4847,256,1765303597.096469,31.560
1765303597.130301,4848,256,1765303597.098395,31.906
1765303597.133856,4849,256,1765303597.101803,32.053
1765303597.133987,4850,256,1765303597.102345,31.642
1765303597.135409,4851,256,1765303597.103164,32.245
1765303597.137511,4852,256,1765303597.105858,31.653
1765303597.146819,4853,256,1765303597.114995,31.824
1765303597.167776,4854,256,1765303597.135947,31.829
1765303597.172858,4855,256,1765303597.141240,31.618
1765303597.180505,4856,256,1765303597.148775,31.730
1765303597.183241,4857,256,1765303597.151769,31.473
1765303597.186181,4858,256,1765303597.154611,31.570
1765303597.187284,4859,256,1765303597.155902,31.382
1765303597.187753,4860,256,1765303597.156118,31.635
1765303597.194646,4861,256,1765303597.162760,31.886
1765303597.195118,4862,256,1765303597.163055,32.063
1765303597.195564,4863,256,1765303597.163758,31.806
1765303597.196039,4864,256,1765303597.164011,32.028
1765303597.200990,4865,256,1765303597.169475,31.515
1765303597.205545,4866,256,1765303597.174005,31.540
1765303597.208862,4867,256,1765303597.177171,31.691
1765303597.215530,4868,256,1765303597.183981,31.549
1765303597.215924,4869,256,1765303597.184091,31.834
1765303597.219021,4870,256,1765303597.187687,31.334
1765303597.226776,4871,256,1765303597.195362,31.414
1765303597.229363,4872,256,1765303597.197927,31.436
1765303597.236314,4873,256,1765303597.204630,31.684
1765303597.241255,4874,256,1765303597.209862,31.393
1765303597.247373,4875,256,1765303597.215756,31.617
1765303597.258247,4876,256,1765303597.226763,31.485
1765303597.258649,4877,256,1765303597.227284,31.365
1765303597.263740,4878,256,1765303597.232254,31.487
1765303597.267073,4879,256,1765303597.235450,31.623
1765303597.272358,4880,256,1765303597.240594,31.764
1765303597.272474,4881,256,1765303597.240760,31.714
1765303597.284510,4882,256,1765303597.252898,31.612
1765303597.287035,4883,256,1765303597.254907,32.128
1765303597.290640,4884,256,1765303597.259012,31.629
1765303597.296101,4885,256,1765303597.264418,31.682
1765303597.298436,4886,256,1765303597.266901,31.535
1765303597.309235,4887,256,1765303597.277640,31.594
1765303597.311374,4888,256,1765303597.279572,31.803
1765303597.320074,4889,256,1765303597.288590,31.485
1765303597.335308,4890,256,1765303597.303551,31.757
1765303597.336347,4891,256,1765303597.304750,31.597
1765303597.343382,4892,256,1765303597.311748,31.634
1765303597.344514,4893,256,1765303597.312861,31.652
1765303597.348983,4894,256,1765303597.317288,31.695
1765303597.366755,4895,256,1765303597.335202,31.553
1765303597.368073,4896,256,1765303597.336326,31.747
1765303597.379608,4897,256,1765303597.347872,31.736
1765303597.386664,4898,256,1765303597.355123,31.541
1765303597.389961,4899,256,1765303597.358306,31.656
1765303597.390991,4900,256,1765303597.359579,31.412
1765303597.397324,4901,256,1765303597.365887,31.437
1765303597.415895,4902,256,1765303597.384447,31.448
1765303597.417727,4903,256,1765303597.386330,31.397
1765303597.422897,4904,256,1765303597.391195,31.702
1765303597.441055,4905,256,1765303597.409479,31.576
1765303597.441412,4906,256,1765303597.409872,31.540
1765303597.457655,4907,256,1765303597.426192,31.464
1765303597.462170,4908,256,1765303597.430782,31.388
1765303597.467042,4909,256,1765303597.435595,31.447
1765303597.468267,4910,256,1765303597.436337,31.929
1765303597.476346,4911,256,1765303597.444791,31.555
1765303597.476737,4912,256,1765303597.445185,31.552
1765303597.479776,4913,256,1765303597.448390,31.385
1765303597.484938,4914,256,1765303597.453303,31.635
1765303597.487192,4915,256,1765303597.455463,31.729
1765303597.487638,4916,256,1765303597.455577,32.061
1765303597.488108,4917,256,1765303597.456572,31.537
1765303597.489953,4918,256,1765303597.458525,31.428
1765303597.496449,4919,256,1765303597.464900,31.549
1765303597.497117,4920,256,1765303597.465549,31.568
1765303597.500306,4921,256,1765303597.468835,31.471
1765303597.501839,4922,256,1765303597.470228,31.611
1765303597.503135,4923,256,1765303597.471611,31.525
1765303597.508303,4924,256,1765303597.476696,31.607
1765303597.544391,4925,256,1765303597.512565,31.826
1765303597.547991,4926,256,1765303597.516201,31.790
1765303597.568812,4927,256,1765303597.537148,31.664
1765303597.569221,4928,256,1765303597.537624,31.597
1765303597.569728,4929,256,1765303597.538202,31.526
1765303597.571560,4930,256,1765303597.539966,31.594
1765303597.575076,4931,256,1765303597.543353,31.723
1765303597.575438,4932,256,1765303597.543994,31.444
1765303597.576154,4933,256,1765303597.544073,32.081
1765303597.576931,4934,256,1765303597.545293,31.638
1765303597.577553,4935,256,1765303597.546140,31.413
1765303597.601231,4936,256,1765303597.569597,31.634
1765303597.603202,4937,256,1765303597.571768,31.434
1765303597.606240,4938,256,1765303597.574728,31.511
1765303597.606994,4939,256,1765303597.575577,31.418
1765303597.608253,4940,256,1765303597.576799,31.455
1765303597.617568,4941,256,1765303597.586128,31.440
1765303597.629198,4942,256,1765303597.597659,31.539
1765303597.629653,4943,256,1765303597.598246,31.407
1765303597.630771,4944,256,1765303597.599367,31.404
1765303597.631413,4945,256,1765303597.599590,31.822
1765303597.640700,4946,256,1765303597.609256,31.444
1765303597.644855,4947,256,1765303597.613414,31.441
1765303597.646188,4948,256,1765303597.614646,31.543
1765303597.657445,4949,256,1765303597.625944,31.501
1765303597.661106,4950,256,1765303597.629463,31.643
1765303597.665560,4951,256,1765303597.634142,31.418
1765303597.669055,4952,256,1765303597.637528,31.527
1765303597.685675,4953,256,1765303597.654204,31.470
1765303597.686770,4954,256,1765303597.655299,31.471
1765303597.688655,4955,256,1765303597.657249,31.406
1765303597.695464,4956,256,1765303597.663834,31.630
1765303597.701395,4957,256,1765303597.669768,31.627
1765303597.707440,4958,256,1765303597.675732,31.708
1765303597.720516,4959,256,1765303597.688659,31.857
1765303597.722640,4960,256,1765303597.690975,31.664
1765303597.723114,4961,256,1765303597.691109,32.006
1765303597.728395,4962,256,1765303597.696758,31.637
1765303597.728832,4963,256,1765303597.696934,31.898
1765303597.731940,4964,256,1765303597.700487,31.453
1765303597.732949,4965,256,1765303597.701196,31.753
1765303597.738902,4966,256,1765303597.707142,31.759
1765303597.740963,4967,256,1765303597.709268,31.695
1765303597.742113,4968,256,1765303597.710628,31.486
1765303597.760988,4969,256,1765303597.729551,31.437
1765303597.763814,4970,256,1765303597.732272,31.543
1765303597.765113,4971,256,1765303597.733454,31.659
1765303597.768047,4972,256,1765303597.736623,31.425
1765303597.776468,4973,256,1765303597.744865,31.603
1765303597.777557,4974,256,1765303597.746033,31.524
1765303597.781770,4975,256,1765303597.750101,31.669
1765303597.782148,4976,256,1765303597.750523,31.625
1765303597.784402,4977,256,1765303597.752765,31.637
1765303597.785952,4978,256,1765303597.754507,31.445
1765303597.791085,4979,256,1765303597.759456,31.629
1765303597.801399,4980,256,1765303597.769843,31.557
1765303597.806953,4981,256,1765303597.775504,31.449
1765303597.810319,4982,256,1765303597.778864,31.455
1765303597.812612,4983,256,1765303597.781172,31.440
1765303597.823988,4984,256,1765303597.792492,31.497
1765303597.827430,4985,256,1765303597.795858,31.572
1765303597.835207,4986,256,1765303597.803834,31.373
1765303597.837215,4987,256,1765303597.805839,31.376
1765303597.845228,4988,256,1765303597.813847,31.381
1765303597.848579,4989,256,1765303597.817069,31.510
1765303597.855219,4990,256,1765303597.823142,32.077
1765303597.856737,4991,256,1765303597.825141,31.596
