t_send,seq,bytes
1765303845.748030,1,256
1765303845.756965,2,256
1765303845.757085,3,256
1765303845.757524,4,256
1765303845.761727,5,256
1765303845.762042,6,256
1765303845.764379,7,256
1765303845.765366,8,256
1765303845.776506,9,256
1765303845.781620,10,256
1765303845.782476,11,256
1765303845.783399,12,256
1765303845.787593,13,256
1765303845.798278,14,256
1765303845.801810,15,256
1765303845.813784,16,256
1765303845.826658,17,256
1765303845.828786,18,256
1765303845.833604,19,256
1765303845.843454,20,256
1765303845.843637,21,256
1765303845.845441,22,256
1765303845.852093,23,256
1765303845.856767,24,256
1765303845.857753,25,256
1765303845.858549,26,256
1765303845.858634,27,256
1765303845.860319,28,256
1765303845.863681,29,256
1765303845.867115,30,256
1765303845.874825,31,256
1765303845.883491,32,256
1765303845.891537,33,256
1765303845.894350,34,256
1765303845.897173,35,256
1765303845.899951,36,256
1765303845.904351,37,256
1765303845.906539,38,256
1765303845.911700,39,256
1765303845.913579,40,256
1765303845.917246,41,256
1765303845.918612,42,256
1765303845.918882,43,256
1765303845.921202,44,256
1765303845.921696,45,256
1765303845.924289,46,256
1765303845.928179,47,256
1765303845.928375,48,256
1765303845.933205,49,256
1765303845.933841,50,256
1765303845.934333,51,256
1765303845.937258,52,256
1765303845.942882,53,256
1765303845.945973,54,256
1765303845.951211,55,256
1765303845.960705,56,256
1765303845.968958,57,256
1765303845.975901,58,256
1765303845.976476,59,256
1765303845.982083,60,256
1765303845.985051,61,256
1765303845.988647,62,256
1765303845.994682,63,256
1765303846.002362,64,256
1765303846.004854,65,256
1765303846.005326,66,256
1765303846.008832,67,256
1765303846.014833,68,256
1765303846.017740,69,256
1765303846.017863,70,256
1765303846.021513,71,256
1765303846.021667,72,256
1765303846.028319,73,256
1765303846.032402,74,256
1765303846.033948,75,256
1765303846.038156,76,256
1765303846.039844,77,256
1765303846.040693,78,256
1765303846.047209,79,256
1765303846.048592,80,256
1765303846.060983,81,256
1765303846.062852,82,256
1765303846.065350,83,256
1765303846.069397,84,256
1765303846.070343,85,256
1765303846.071892,86,256
1765303846.075015,87,256
1765303846.077659,88,256
1765303846.078372,89,256
1765303846.083260,90,256
1765303846.083513,91,256
1765303846.084218,92,256
1765303846.086580,93,256
1765303846.088310,94,256
1765303846.088397,95,256
1765303846.089555,96,256
1765303846.097985,97,256
1765303846.100095,98,256
1765303846.102112,99,256
1765303846.105631,100,256
1765303846.106896,101,256
1765303846.108986,102,256
1765303846.115267,103,256
1765303846.115838,104,256
1765303846.117233,105,256
1765303846.118801,106,256
1765303846.125826,107,256
1765303846.126993,108,256
1765303846.127567,109,256
1765303846.136509,110,256
1765303846.145170,111,256
1765303846.146090,112,256
1765303846.146663,113,256
1765303846.147562,114,256
1765303846.152552,115,256
1765303846.153400,116,256
1765303846.158569,117,256
1765303846.164805,118,256
1765303846.164958,119,256
1765303846.173371,120,256
1765303846.174757,121,256
1765303846.178623,122,256
1765303846.182523,123,256
1765303846.188401,124,256
1765303846.198437,125,256
1765303846.201095,126,256
1765303846.204984,127,256
1765303846.206644,128,256
1765303846.206986,129,256
1765303846.208342,130,256
1765303846.210786,131,256
1765303846.213541,132,256
1765303846.214285,133,256
1765303846.227443,134,256
1765303846.233631,135,256
1765303846.234556,136,256
1765303846.235889,137,256
1765303846.241684,138,256
1765303846.246725,139,256
1765303846.247760,140,256
1765303846.248363,141,256
1765303846.250252,142,256
1765303846.251382,143,256
1765303846.254434,144,256
1765303846.254585,145,256
1765303846.261318,146,256
1765303846.267580,147,256
1765303846.269365,148,256
1765303846.273802,149,256
1765303846.276725,150,256
1765303846.277972,151,256
1765303846.281226,152,256
1765303846.282905,153,256
1765303846.289568,154,256
1765303846.289843,155,256
1765303846.292614,156,256
1765303846.295821,157,256
1765303846.299925,158,256
1765303846.303032,159,256
1765303846.303127,160,256
1765303846.303803,161,256
1765303846.329984,162,256
1765303846.343649,163,256
1765303846.348219,164,256
1765303846.350744,165,256
1765303846.355577,166,256
1765303846.358630,167,256
1765303846.369398,168,256
1765303846.374954,169,256
1765303846.380229,170,256
1765303846.380728,171,256
1765303846.386368,172,256
1765303846.386698,173,256
1765303846.387177,174,256
1765303846.388980,175,256
1765303846.390392,176,256
1765303846.390624,177,256
1765303846.391284,178,256
1765303846.391811,179,256
1765303846.394477,180,256
1765303846.398836,181,256
1765303846.405922,182,256
1765303846.408149,183,256
1765303846.408817,184,256
1765303846.412836,185,256
1765303846.413319,186,256
1765303846.418459,187,256
1765303846.431284,188,256
1765303846.432761,189,256
1765303846.433233,190,256
1765303846.435212,191,256
1765303846.438771,192,256
1765303846.447427,193,256
1765303846.450070,194,256
1765303846.453747,195,256
1765303846.463497,196,256
1765303846.463640,197,256
1765303846.468366,198,256
1765303846.470464,199,256
1765303846.481123,200,256
1765303846.484499,201,256
1765303846.485885,202,256
1765303846.486800,203,256
1765303846.495679,204,256
1765303846.497706,205,256
1765303846.499763,206,256
1765303846.509163,207,256
1765303846.513577,208,256
1765303846.520184,209,256
1765303846.525665,210,256
1765303846.528004,211,256
1765303846.528296,212,256
1765303846.530474,213,256
1765303846.533837,214,256
1765303846.539117,215,256
1765303846.548252,216,256
1765303846.549190,217,256
1765303846.551700,218,256
1765303846.551777,219,256
1765303846.558684,220,256
1765303846.565066,221,256
1765303846.565840,222,256
1765303846.567539,223,256
1765303846.567625,224,256
1765303846.572828,225,256
1765303846.573090,226,256
1765303846.575134,227,256
1765303846.575340,228,256
1765303846.582072,229,256
1765303846.584361,230,256
1765303846.594266,231,256
1765303846.600184,232,256
1765303846.610681,233,256
1765303846.618150,234,256
1765303846.622870,235,256
1765303846.623053,236,256
1765303846.641671,237,256
1765303846.642227,238,256
1765303846.643163,239,256
1765303846.644008,240,256
1765303846.645449,241,256
1765303846.646840,242,256
1765303846.648948,243,256
1765303846.652567,244,256
1765303846.656141,245,256
1765303846.659561,246,256
1765303846.660983,247,256
1765303846.665421,248,256
1765303846.671217,249,256
1765303846.677456,250,256
1765303846.678319,251,256
1765303846.678428,252,256
1765303846.678813,253,256
1765303846.682277,254,256
1765303846.691842,255,256
1765303846.692232,256,256
1765303846.694416,257,256
1765303846.699830,258,256
1765303846.701420,259,256
1765303846.703807,260,256
1765303846.704023,261,256
1765303846.707700,262,256
1765303846.714791,263,256
1765303846.720996,264,256
1765303846.722150,265,256
1765303846.731147,266,256
1765303846.733483,267,256
1765303846.733608,268,256
1765303846.734690,269,256
1765303846.737634,270,256
1765303846.749901,271,256
1765303846.757883,272,256
1765303846.758023,273,256
1765303846.758177,274,256
1765303846.759163,275,256
1765303846.764156,276,256
1765303846.764384,277,256
1765303846.765845,278,256
1765303846.766198,279,256
1765303846.766279,280,256
1765303846.771490,281,256
1765303846.778911,282,256
1765303846.784145,283,256
1765303846.792757,284,256
1765303846.794700,285,256
1765303846.803641,286,256
1765303846.805324,287,256
1765303846.807940,288,256
1765303846.808734,289,256
1765303846.811146,290,256
1765303846.817800,291,256
1765303846.818563,292,256
1765303846.819014,293,256
1765303846.819603,294,256
1765303846.820406,295,256
1765303846.825598,296,256
1765303846.829795,297,256
1765303846.831300,298,256
1765303846.836659,299,256
1765303846.841086,300,256
1765303846.846846,301,256
1765303846.854406,302,256
1765303846.857318,303,256
1765303846.865385,304,256
1765303846.883807,305,256
1765303846.885236,306,256
1765303846.885985,307,256
1765303846.886361,308,256
1765303846.886802,309,256
1765303846.901990,310,256
1765303846.902555,311,256
1765303846.903221,312,256
1765303846.905649,313,256
1765303846.906278,314,256
1765303846.912392,315,256
1765303846.913371,316,256
1765303846.913539,317,256
1765303846.914016,318,256
1765303846.918356,319,256
1765303846.918513,320,256
1765303846.920239,321,256
1765303846.923786,322,256
1765303846.928665,323,256
1765303846.930176,324,256
1765303846.931064,325,256
1765303846.934115,326,256
1765303846.938682,327,256
1765303846.939400,328,256
1765303846.939733,329,256
1765303846.943415,330,256
1765303846.943903,331,256
1765303846.952825,332,256
1765303846.954124,333,256
1765303846.955547,334,256
1765303846.957091,335,256
1765303846.957651,336,256
1765303846.957732,337,256
1765303846.960444,338,256
1765303846.960868,339,256
1765303846.963084,340,256
1765303846.971544,341,256
1765303846.973036,342,256
1765303846.974049,343,256
1765303846.974985,344,256
1765303846.976316,345,256
1765303846.978843,346,256
1765303846.982640,347,256
1765303846.984086,348,256
1765303846.985138,349,256
1765303846.988338,350,256
1765303846.997762,351,256
1765303846.999705,352,256
1765303847.002672,353,256
1765303847.004447,354,256
1765303847.011546,355,256
1765303847.017742,356,256
1765303847.022252,357,256
1765303847.022350,358,256
1765303847.022594,359,256
1765303847.025056,360,256
1765303847.026777,361,256
1765303847.031099,362,256
1765303847.034177,363,256
1765303847.048906,364,256
1765303847.050785,365,256
1765303847.054309,366,256
1765303847.054738,367,256
1765303847.060598,368,256
1765303847.063240,369,256
1765303847.063876,370,256
1765303847.064171,371,256
1765303847.075745,372,256
1765303847.080106,373,256
1765303847.080634,374,256
1765303847.081727,375,256
1765303847.084080,376,256
1765303847.088107,377,256
1765303847.091479,378,256
1765303847.092021,379,256
1765303847.092505,380,256
1765303847.100953,381,256
1765303847.102265,382,256
1765303847.104264,383,256
1765303847.106811,384,256
1765303847.109867,385,256
1765303847.111134,386,256
1765303847.112027,387,256
1765303847.112811,388,256
1765303847.114232,389,256
1765303847.116242,390,256
1765303847.124014,391,256
1765303847.124935,392,256
1765303847.127783,393,256
1765303847.132622,394,256
1765303847.133621,395,256
1765303847.135796,396,256
1765303847.137795,397,256
1765303847.143603,398,256
1765303847.149318,399,256
1765303847.149628,400,256
1765303847.151707,401,256
1765303847.155463,402,256
1765303847.158231,403,256
1765303847.159490,404,256
1765303847.159947,405,256
1765303847.162242,406,256
1765303847.162393,407,256
1765303847.163295,408,256
1765303847.170821,409,256
1765303847.172973,410,256
1765303847.177445,411,256
1765303847.178586,412,256
1765303847.180173,413,256
1765303847.180650,414,256
1765303847.182862,415,256
1765303847.186944,416,256
1765303847.187304,417,256
1765303847.192815,418,256
1765303847.194320,419,256
1765303847.198349,420,256
1765303847.198604,421,256
1765303847.203984,422,256
1765303847.204516,423,256
1765303847.208660,424,256
1765303847.211402,425,256
1765303847.220222,426,256
1765303847.222319,427,256
1765303847.223580,428,256
1765303847.231188,429,256
1765303847.246156,430,256
1765303847.246786,431,256
1765303847.248329,432,256
1765303847.250313,433,256
1765303847.259673,434,256
1765303847.262435,435,256
1765303847.275145,436,256
1765303847.279328,437,256
1765303847.286609,438,256
1765303847.290950,439,256
1765303847.291731,440,256
1765303847.297771,441,256
1765303847.300235,442,256
1765303847.312789,443,256
1765303847.316406,444,256
1765303847.318582,445,256
1765303847.320540,446,256
1765303847.320728,447,256
1765303847.326279,448,256
1765303847.331774,449,256
1765303847.332522,450,256
1765303847.335185,451,256
1765303847.338318,452,256
1765303847.349494,453,256
1765303847.351275,454,256
1765303847.360602,455,256
1765303847.372096,456,256
1765303847.373547,457,256
1765303847.374189,458,256
1765303847.376062,459,256
1765303847.380804,460,256
1765303847.383238,461,256
1765303847.391131,462,256
1765303847.402849,463,256
1765303847.409076,464,256
1765303847.409271,465,256
1765303847.413361,466,256
1765303847.415339,467,256
1765303847.416511,468,256
1765303847.419072,469,256
1765303847.419147,470,256
1765303847.421819,471,256
1765303847.424110,472,256
1765303847.432721,473,256
1765303847.440951,474,256
1765303847.442652,475,256
1765303847.444070,476,256
1765303847.444157,477,256
1765303847.445944,478,256
1765303847.450946,479,256
1765303847.456002,480,256
1765303847.459169,481,256
1765303847.461434,482,256
1765303847.461996,483,256
1765303847.462824,484,256
1765303847.463731,485,256
1765303847.466832,486,256
1765303847.467495,487,256
1765303847.467618,488,256
1765303847.467725,489,256
1765303847.470373,490,256
1765303847.476197,491,256
1765303847.477573,492,256
1765303847.483916,493,256
1765303847.484625,494,256
1765303847.487779,495,256
1765303847.488547,496,256
1765303847.488787,497,256
1765303847.492210,498,256
1765303847.495156,499,256
1765303847.501779,500,256
1765303847.507446,501,256
1765303847.508193,502,256
1765303847.509364,503,256
1765303847.512183,504,256
1765303847.514187,505,256
1765303847.515949,506,256
1765303847.517239,507,256
1765303847.524002,508,256
1765303847.525333,509,256
1765303847.529549,510,256
1765303847.529739,511,256
1765303847.532579,512,256
1765303847.533803,513,256
1765303847.536022,514,256
1765303847.537796,515,256
1765303847.541288,516,256
1765303847.549793,517,256
1765303847.550229,518,256
1765303847.553664,519,256
1765303847.559326,520,256
1765303847.569534,521,256
1765303847.574545,522,256
1765303847.585675,523,256
1765303847.586407,524,256
1765303847.587000,525,256
1765303847.587838,526,256
1765303847.593111,527,256
1765303847.593979,528,256
1765303847.596745,529,256
1765303847.600228,530,256
1765303847.600441,531,256
1765303847.602985,532,256
1765303847.604700,533,256
1765303847.605057,534,256
1765303847.605587,535,256
1765303847.606304,536,256
1765303847.606725,537,256
1765303847.610059,538,256
1765303847.610449,539,256
1765303847.611066,540,256
1765303847.612579,541,256
1765303847.613147,542,256
1765303847.616741,543,256
1765303847.618799,544,256
1765303847.622745,545,256
1765303847.625002,546,256
1765303847.628374,547,256
1765303847.635659,548,256
1765303847.635853,549,256
1765303847.638932,550,256
1765303847.644138,551,256
1765303847.644627,552,256
1765303847.645957,553,256
1765303847.647331,554,256
1765303847.648686,555,256
1765303847.649760,556,256
1765303847.651034,557,256
1765303847.651593,558,256
1765303847.657571,559,256
1765303847.658900,560,256
1765303847.665838,561,256
1765303847.673874,562,256
1765303847.675928,563,256
1765303847.678865,564,256
1765303847.680561,565,256
1765303847.685188,566,256
1765303847.691566,567,256
1765303847.693794,568,256
1765303847.697407,569,256
1765303847.702694,570,256
1765303847.705764,571,256
1765303847.705939,572,256
1765303847.706984,573,256
1765303847.712742,574,256
1765303847.717128,575,256
1765303847.718613,576,256
1765303847.721149,577,256
1765303847.724595,578,256
1765303847.728463,579,256
1765303847.731569,580,256
1765303847.733783,581,256
1765303847.737002,582,256
1765303847.737251,583,256
1765303847.737291,584,256
1765303847.740149,585,256
1765303847.741190,586,256
1765303847.743239,587,256
1765303847.744688,588,256
1765303847.745361,589,256
1765303847.749471,590,256
1765303847.749653,591,256
1765303847.750180,592,256
1765303847.750609,593,256
1765303847.751683,594,256
1765303847.754949,595,256
1765303847.767263,596,256
1765303847.774137,597,256
1765303847.785031,598,256
1765303847.789796,599,256
1765303847.794574,600,256
1765303847.796631,601,256
1765303847.798880,602,256
1765303847.801736,603,256
1765303847.802057,604,256
1765303847.806263,605,256
1765303847.808760,606,256
1765303847.811189,607,256
1765303847.812813,608,256
1765303847.818114,609,256
1765303847.828598,610,256
1765303847.829092,611,256
1765303847.830546,612,256
1765303847.839940,613,256
1765303847.843372,614,256
1765303847.843917,615,256
1765303847.846283,616,256
1765303847.847208,617,256
1765303847.847917,618,256
1765303847.848214,619,256
1765303847.850973,620,256
1765303847.851060,621,256
1765303847.857400,622,256
1765303847.859707,623,256
1765303847.871240,624,256
1765303847.873897,625,256
1765303847.876089,626,256
1765303847.876163,627,256
1765303847.876758,628,256
1765303847.878401,629,256
1765303847.879133,630,256
1765303847.881091,631,256
1765303847.882162,632,256
1765303847.882725,633,256
1765303847.888347,634,256
1765303847.889364,635,256
1765303847.892344,636,256
1765303847.898991,637,256
1765303847.902442,638,256
1765303847.902955,639,256
1765303847.905193,640,256
1765303847.906061,641,256
1765303847.907769,642,256
1765303847.907985,643,256
1765303847.909999,644,256
1765303847.915075,645,256
1765303847.919527,646,256
1765303847.920772,647,256
1765303847.938443,648,256
1765303847.938603,649,256
1765303847.939170,650,256
1765303847.939377,651,256
1765303847.949331,652,256
1765303847.949863,653,256
1765303847.954807,654,256
1765303847.963090,655,256
1765303847.963434,656,256
1765303847.964208,657,256
1765303847.964373,658,256
1765303847.966384,659,256
1765303847.971196,660,256
1765303847.975466,661,256
1765303847.978511,662,256
1765303847.982546,663,256
1765303848.017526,664,256
1765303848.018803,665,256
1765303848.022854,666,256
1765303848.024911,667,256
1765303848.025272,668,256
1765303848.025345,669,256
1765303848.030792,670,256
1765303848.034338,671,256
1765303848.037022,672,256
1765303848.040541,673,256
1765303848.045700,674,256
1765303848.047455,675,256
1765303848.049211,676,256
1765303848.052160,677,256
1765303848.055825,678,256
1765303848.056129,679,256
1765303848.056975,680,256
1765303848.057540,681,256
1765303848.062081,682,256
1765303848.067347,683,256
1765303848.069483,684,256
1765303848.075203,685,256
1765303848.078531,686,256
1765303848.083857,687,256
1765303848.084319,688,256
1765303848.089125,689,256
1765303848.092625,690,256
1765303848.097481,691,256
1765303848.099027,692,256
1765303848.118033,693,256
1765303848.119870,694,256
1765303848.125772,695,256
1765303848.129931,696,256
1765303848.130675,697,256
1765303848.150339,698,256
1765303848.158836,699,256
1765303848.162764,700,256
1765303848.175745,701,256
1765303848.177848,702,256
1765303848.177973,703,256
1765303848.184380,704,256
1765303848.184617,705,256
1765303848.191155,706,256
1765303848.191284,707,256
1765303848.191492,708,256
1765303848.192036,709,256
1765303848.197212,710,256
1765303848.200945,711,256
1765303848.203776,712,256
1765303848.206132,713,256
1765303848.206308,714,256
1765303848.206827,715,256
1765303848.209290,716,256
1765303848.214030,717,256
1765303848.217909,718,256
1765303848.221411,719,256
1765303848.226511,720,256
1765303848.241779,721,256
1765303848.255768,722,256
1765303848.256548,723,256
1765303848.256835,724,256
1765303848.257493,725,256
1765303848.262303,726,256
1765303848.266217,727,256
1765303848.267986,728,256
1765303848.272042,729,256
1765303848.273498,730,256
1765303848.277292,731,256
1765303848.284198,732,256
1765303848.286174,733,256
1765303848.287732,734,256
1765303848.288062,735,256
1765303848.290430,736,256
1765303848.293478,737,256
1765303848.294231,738,256
1765303848.296068,739,256
1765303848.298391,740,256
1765303848.306056,741,256
1765303848.306165,742,256
1765303848.313613,743,256
1765303848.327946,744,256
1765303848.327994,745,256
1765303848.329625,746,256
1765303848.330005,747,256
1765303848.330699,748,256
1765303848.334322,749,256
1765303848.346624,750,256
1765303848.370243,751,256
1765303848.381752,752,256
1765303848.384476,753,256
1765303848.384960,754,256
1765303848.389097,755,256
1765303848.390886,756,256
1765303848.404849,757,256
1765303848.406020,758,256
1765303848.406619,759,256
1765303848.409177,760,256
1765303848.411741,761,256
1765303848.412220,762,256
1765303848.412302,763,256
1765303848.413671,764,256
1765303848.415083,765,256
1765303848.418545,766,256
1765303848.419092,767,256
1765303848.420232,768,256
1765303848.420289,769,256
1765303848.420914,770,256
1765303848.423147,771,256
1765303848.429193,772,256
1765303848.430824,773,256
1765303848.435257,774,256
1765303848.435966,775,256
1765303848.439557,776,256
1765303848.439643,777,256
1765303848.449964,778,256
1765303848.451633,779,256
1765303848.454147,780,256
1765303848.454342,781,256
1765303848.456730,782,256
1765303848.460788,783,256
1765303848.466065,784,256
1765303848.469429,785,256
1765303848.471241,786,256
1765303848.474619,787,256
1765303848.476982,788,256
1765303848.477674,789,256
1765303848.482106,790,256
1765303848.494244,791,256
1765303848.494705,792,256
1765303848.496609,793,256
1765303848.496788,794,256
1765303848.499840,795,256
1765303848.505751,796,256
1765303848.508093,797,256
1765303848.509567,798,256
1765303848.509616,799,256
1765303848.513851,800,256
1765303848.514802,801,256
1765303848.521021,802,256
1765303848.524336,803,256
1765303848.532210,804,256
1765303848.534600,805,256
1765303848.535455,806,256
1765303848.535522,807,256
1765303848.536787,808,256
1765303848.537466,809,256
1765303848.540611,810,256
1765303848.542013,811,256
1765303848.546546,812,256
1765303848.549251,813,256
1765303848.550802,814,256
1765303848.564799,815,256
1765303848.566891,816,256
1765303848.568462,817,256
1765303848.571526,818,256
1765303848.578415,819,256
1765303848.580380,820,256
1765303848.580689,821,256
1765303848.589424,822,256
1765303848.589806,823,256
1765303848.591174,824,256
1765303848.597459,825,256
1765303848.600917,826,256
1765303848.603677,827,256
1765303848.618130,828,256
1765303848.628553,829,256
1765303848.629734,830,256
1765303848.633166,831,256
1765303848.642243,832,256
1765303848.643790,833,256
1765303848.644654,834,256
1765303848.645274,835,256
1765303848.651083,836,256
1765303848.677950,837,256
1765303848.683180,838,256
1765303848.687820,839,256
1765303848.689969,840,256
1765303848.692861,841,256
1765303848.693037,842,256
1765303848.697541,843,256
1765303848.701183,844,256
1765303848.705091,845,256
1765303848.710809,846,256
1765303848.712093,847,256
1765303848.712505,848,256
1765303848.717836,849,256
1765303848.722963,850,256
1765303848.723195,851,256
1765303848.723897,852,256
1765303848.727725,853,256
1765303848.738337,854,256
1765303848.738920,855,256
1765303848.740183,856,256
1765303848.744965,857,256
1765303848.748907,858,256
1765303848.750108,859,256
1765303848.752027,860,256
1765303848.756657,861,256
1765303848.761559,862,256
1765303848.763849,863,256
1765303848.766422,864,256
1765303848.778309,865,256
1765303848.788380,866,256
1765303848.795846,867,256
1765303848.799741,868,256
1765303848.803939,869,256
1765303848.807937,870,256
1765303848.812025,871,256
1765303848.815492,872,256
1765303848.816238,873,256
1765303848.816365,874,256
1765303848.820962,875,256
1765303848.824872,876,256
1765303848.827591,877,256
1765303848.832405,878,256
1765303848.833074,879,256
1765303848.834822,880,256
1765303848.835646,881,256
1765303848.842481,882,256
1765303848.844437,883,256
1765303848.847361,884,256
1765303848.847487,885,256
1765303848.850914,886,256
1765303848.857880,887,256
1765303848.858898,888,256
1765303848.858996,889,256
1765303848.863844,890,256
1765303848.866362,891,256
1765303848.869227,892,256
1765303848.873158,893,256
1765303848.873259,894,256
1765303848.874879,895,256
1765303848.879239,896,256
1765303848.884064,897,256
1765303848.884853,898,256
1765303848.885844,899,256
1765303848.886730,900,256
1765303848.888196,901,256
1765303848.893705,902,256
1765303848.895741,903,256
1765303848.896947,904,256
1765303848.897283,905,256
1765303848.902241,906,256
1765303848.903258,907,256
1765303848.904948,908,256
1765303848.906889,909,256
1765303848.908299,910,256
1765303848.908592,911,256
1765303848.910426,912,256
1765303848.916442,913,256
1765303848.919369,914,256
1765303848.919863,915,256
1765303848.923058,916,256
1765303848.930306,917,256
1765303848.931360,918,256
1765303848.932509,919,256
1765303848.933859,920,256
1765303848.939858,921,256
1765303848.940927,922,256
1765303848.943435,923,256
1765303848.952300,924,256
1765303848.963646,925,256
1765303848.974818,926,256
1765303848.975201,927,256
1765303848.978880,928,256
1765303848.982255,929,256
1765303848.982474,930,256
1765303848.982782,931,256
1765303848.988094,932,256
1765303848.988232,933,256
1765303848.998677,934,256
1765303849.000972,935,256
1765303849.001079,936,256
1765303849.008581,937,256
1765303849.031014,938,256
1765303849.037971,939,256
1765303849.044394,940,256
1765303849.052614,941,256
1765303849.054763,942,256
1765303849.054923,943,256
1765303849.061505,944,256
1765303849.062564,945,256
1765303849.069076,946,256
1765303849.069433,947,256
1765303849.074235,948,256
1765303849.074335,949,256
1765303849.075796,950,256
1765303849.079516,951,256
1765303849.081228,952,256
1765303849.081441,953,256
1765303849.097349,954,256
1765303849.099088,955,256
1765303849.100410,956,256
1765303849.102734,957,256
1765303849.107909,958,256
1765303849.110458,959,256
1765303849.111307,960,256
1765303849.112176,961,256
1765303849.117269,962,256
1765303849.118006,963,256
1765303849.123781,964,256
1765303849.129234,965,256
1765303849.129441,966,256
1765303849.135660,967,256
1765303849.141486,968,256
1765303849.148001,969,256
1765303849.148425,970,256
1765303849.152130,971,256
1765303849.156857,972,256
1765303849.159363,973,256
1765303849.159762,974,256
1765303849.162611,975,256
1765303849.165153,976,256
1765303849.165323,977,256
1765303849.166160,978,256
1765303849.170213,979,256
1765303849.172929,980,256
1765303849.176648,981,256
1765303849.178876,982,256
1765303849.179582,983,256
1765303849.180535,984,256
1765303849.182843,985,256
1765303849.182998,986,256
1765303849.192171,987,256
1765303849.192964,988,256
1765303849.195481,989,256
1765303849.199301,990,256
1765303849.199456,991,256
1765303849.200935,992,256
1765303849.204023,993,256
1765303849.206930,994,256
1765303849.211770,995,256
1765303849.216895,996,256
1765303849.217345,997,256
1765303849.218172,998,256
1765303849.218582,999,256
1765303849.220159,1000,256
1765303849.223631,1001,256
1765303849.224902,1002,256
1765303849.226855,1003,256
1765303849.227489,1004,256
1765303849.231496,1005,256
1765303849.233340,1006,256
1765303849.248763,1007,256
1765303849.249243,1008,256
1765303849.250671,1009,256
1765303849.252966,1010,256
1765303849.254480,1011,256
1765303849.255529,1012,256
1765303849.256387,1013,256
1765303849.259260,1014,256
1765303849.262287,1015,256
1765303849.262392,1016,256
1765303849.263610,1017,256
1765303849.266593,1018,256
1765303849.268142,1019,256
1765303849.273928,1020,256
1765303849.275419,1021,256
1765303849.277257,1022,256
1765303849.279242,1023,256
1765303849.279598,1024,256
1765303849.280888,1025,256
1765303849.282302,1026,256
1765303849.282937,1027,256
1765303849.283182,1028,256
1765303849.286302,1029,256
1765303849.292038,1030,256
1765303849.296253,1031,256
1765303849.302225,1032,256
1765303849.302416,1033,256
1765303849.303954,1034,256
1765303849.308232,1035,256
1765303849.309790,1036,256
1765303849.310628,1037,256
1765303849.310847,1038,256
1765303849.313622,1039,256
1765303849.314904,1040,256
1765303849.315589,1041,256
1765303849.320135,1042,256
1765303849.321135,1043,256
1765303849.323234,1044,256
1765303849.324756,1045,256
1765303849.333170,1046,256
1765303849.334326,1047,256
1765303849.337856,1048,256
1765303849.340610,1049,256
1765303849.342364,1050,256
1765303849.343421,1051,256
1765303849.357822,1052,256
1765303849.358787,1053,256
1765303849.361114,1054,256
1765303849.361239,1055,256
1765303849.363824,1056,256
1765303849.364008,1057,256
1765303849.370559,1058,256
1765303849.372299,1059,256
1765303849.375995,1060,256
1765303849.385183,1061,256
1765303849.388456,1062,256
1765303849.390464,1063,256
1765303849.391346,1064,256
1765303849.393764,1065,256
1765303849.394737,1066,256
1765303849.395319,1067,256
1765303849.398101,1068,256
1765303849.398289,1069,256
1765303849.401767,1070,256
1765303849.402254,1071,256
1765303849.406027,1072,256
1765303849.406227,1073,256
1765303849.408042,1074,256
1765303849.408501,1075,256
1765303849.411511,1076,256
1765303849.415765,1077,256
1765303849.415920,1078,256
1765303849.418935,1079,256
1765303849.420837,1080,256
1765303849.425704,1081,256
1765303849.426130,1082,256
1765303849.426528,1083,256
1765303849.426942,1084,256
1765303849.427510,1085,256
1765303849.433471,1086,256
1765303849.434858,1087,256
1765303849.436090,1088,256
1765303849.436572,1089,256
1765303849.437309,1090,256
1765303849.440025,1091,256
1765303849.440151,1092,256
1765303849.441552,1093,256
1765303849.443907,1094,256
1765303849.446985,1095,256
1765303849.447502,1096,256
1765303849.455338,1097,256
1765303849.455683,1098,256
1765303849.456130,1099,256
1765303849.456165,1100,256
1765303849.463067,1101,256
1765303849.471371,1102,256
1765303849.471514,1103,256
1765303849.471546,1104,256
1765303849.472067,1105,256
1765303849.472319,1106,256
1765303849.475292,1107,256
1765303849.477807,1108,256
1765303849.487131,1109,256
1765303849.489755,1110,256
1765303849.491186,1111,256
1765303849.497854,1112,256
1765303849.499723,1113,256
1765303849.499799,1114,256
1765303849.502650,1115,256
1765303849.509207,1116,256
1765303849.511437,1117,256
1765303849.518178,1118,256
1765303849.522897,1119,256
1765303849.524210,1120,256
1765303849.524354,1121,256
1765303849.525566,1122,256
1765303849.525949,1123,256
1765303849.526960,1124,256
1765303849.530183,1125,256
1765303849.530756,1126,256
1765303849.531200,1127,256
1765303849.535609,1128,256
1765303849.540334,1129,256
1765303849.540579,1130,256
1765303849.541795,1131,256
1765303849.544053,1132,256
1765303849.544137,1133,256
1765303849.544291,1134,256
1765303849.545994,1135,256
1765303849.549032,1136,256
1765303849.553899,1137,256
1765303849.554960,1138,256
1765303849.557808,1139,256
1765303849.558885,1140,256
1765303849.566421,1141,256
1765303849.566871,1142,256
1765303849.568281,1143,256
1765303849.583080,1144,256
1765303849.588415,1145,256
1765303849.589891,1146,256
1765303849.592192,1147,256
1765303849.592753,1148,256
1765303849.593126,1149,256
1765303849.595484,1150,256
1765303849.599085,1151,256
1765303849.600773,1152,256
1765303849.602841,1153,256
1765303849.613172,1154,256
1765303849.616911,1155,256
1765303849.623216,1156,256
1765303849.623523,1157,256
1765303849.624072,1158,256
1765303849.624106,1159,256
1765303849.625620,1160,256
1765303849.626920,1161,256
1765303849.627537,1162,256
1765303849.629163,1163,256
1765303849.630934,1164,256
1765303849.631857,1165,256
1765303849.631989,1166,256
1765303849.638921,1167,256
1765303849.639800,1168,256
1765303849.640668,1169,256
1765303849.641282,1170,256
1765303849.642865,1171,256
1765303849.643190,1172,256
1765303849.646324,1173,256
1765303849.648531,1174,256
1765303849.648960,1175,256
1765303849.650203,1176,256
1765303849.653531,1177,256
1765303849.654791,1178,256
1765303849.658155,1179,256
1765303849.659095,1180,256
1765303849.662819,1181,256
1765303849.664336,1182,256
1765303849.669518,1183,256
1765303849.672596,1184,256
1765303849.675675,1185,256
1765303849.686997,1186,256
1765303849.690463,1187,256
1765303849.690794,1188,256
1765303849.700549,1189,256
1765303849.705887,1190,256
1765303849.706623,1191,256
1765303849.708249,1192,256
1765303849.710628,1193,256
1765303849.710865,1194,256
1765303849.713842,1195,256
1765303849.716567,1196,256
1765303849.719006,1197,256
1765303849.719945,1198,256
1765303849.722483,1199,256
1765303849.722993,1200,256
1765303849.725347,1201,256
1765303849.725645,1202,256
1765303849.729054,1203,256
1765303849.730891,1204,256
1765303849.731787,1205,256
1765303849.735803,1206,256
1765303849.736755,1207,256
1765303849.737492,1208,256
1765303849.744672,1209,256
1765303849.745252,1210,256
1765303849.748364,1211,256
1765303849.751088,1212,256
1765303849.756352,1213,256
1765303849.757079,1214,256
1765303849.767442,1215,256
1765303849.768919,1216,256
1765303849.769312,1217,256
1765303849.771282,1218,256
1765303849.771715,1219,256
1765303849.774380,1220,256
1765303849.774773,1221,256
1765303849.776498,1222,256
1765303849.780205,1223,256
1765303849.786058,1224,256
1765303849.786265,1225,256
1765303849.791495,1226,256
1765303849.792732,1227,256
1765303849.794307,1228,256
1765303849.795316,1229,256
1765303849.795857,1230,256
1765303849.799233,1231,256
1765303849.804833,1232,256
1765303849.810187,1233,256
1765303849.814764,1234,256
1765303849.821440,1235,256
1765303849.822866,1236,256
1765303849.823040,1237,256
1765303849.825011,1238,256
1765303849.831086,1239,256
1765303849.834176,1240,256
1765303849.835189,1241,256
1765303849.836209,1242,256
1765303849.837007,1243,256
1765303849.842300,1244,256
1765303849.847755,1245,256
1765303849.849728,1246,256
1765303849.851879,1247,256
1765303849.857000,1248,256
1765303849.858346,1249,256
1765303849.859898,1250,256
1765303849.862918,1251,256
1765303849.863057,1252,256
1765303849.863091,1253,256
1765303849.866859,1254,256
1765303849.874192,1255,256
1765303849.875638,1256,256
1765303849.878655,1257,256
1765303849.883157,1258,256
1765303849.885066,1259,256
1765303849.886372,1260,256
1765303849.887944,1261,256
1765303849.890423,1262,256
1765303849.892036,1263,256
1765303849.896759,1264,256
1765303849.901567,1265,256
1765303849.905753,1266,256
1765303849.906546,1267,256
1765303849.906584,1268,256
1765303849.906678,1269,256
1765303849.906720,1270,256
1765303849.909289,1271,256
1765303849.909886,1272,256
1765303849.911686,1273,256
1765303849.911809,1274,256
1765303849.921731,1275,256
1765303849.924170,1276,256
1765303849.924469,1277,256
1765303849.926413,1278,256
1765303849.936772,1279,256
1765303849.937276,1280,256
1765303849.943975,1281,256
1765303849.946850,1282,256
1765303849.946937,1283,256
1765303849.949995,1284,256
1765303849.952179,1285,256
1765303849.953095,1286,256
1765303849.961302,1287,256
1765303849.961593,1288,256
1765303849.962927,1289,256
1765303849.964517,1290,256
1765303849.970316,1291,256
1765303849.975310,1292,256
1765303849.979309,1293,256
1765303849.982148,1294,256
1765303849.984460,1295,256
1765303849.985773,1296,256
1765303849.986870,1297,256
1765303849.990160,1298,256
1765303849.994743,1299,256
1765303849.994836,1300,256
1765303849.997833,1301,256
1765303849.998076,1302,256
1765303850.001364,1303,256
1765303850.004929,1304,256
1765303850.013181,1305,256
1765303850.021982,1306,256
1765303850.028869,1307,256
1765303850.036359,1308,256
1765303850.037194,1309,256
1765303850.042494,1310,256
1765303850.045963,1311,256
1765303850.046144,1312,256
1765303850.051040,1313,256
1765303850.051221,1314,256
1765303850.053928,1315,256
1765303850.054390,1316,256
1765303850.059268,1317,256
1765303850.062808,1318,256
1765303850.064913,1319,256
1765303850.069801,1320,256
1765303850.071546,1321,256
1765303850.076477,1322,256
1765303850.077878,1323,256
1765303850.080222,1324,256
1765303850.080703,1325,256
1765303850.084455,1326,256
1765303850.092857,1327,256
1765303850.100190,1328,256
1765303850.105088,1329,256
1765303850.107972,1330,256
1765303850.113501,1331,256
1765303850.116217,1332,256
1765303850.116398,1333,256
1765303850.117314,1334,256
1765303850.121114,1335,256
1765303850.121698,1336,256
1765303850.122431,1337,256
1765303850.123621,1338,256
1765303850.126972,1339,256
1765303850.127257,1340,256
1765303850.131523,1341,256
1765303850.138188,1342,256
1765303850.138804,1343,256
1765303850.150189,1344,256
1765303850.151255,1345,256
1765303850.154201,1346,256
1765303850.154359,1347,256
1765303850.158207,1348,256
1765303850.159459,1349,256
1765303850.161847,1350,256
1765303850.163599,1351,256
1765303850.164326,1352,256
1765303850.166295,1353,256
1765303850.167496,1354,256
1765303850.167774,1355,256
1765303850.169780,1356,256
1765303850.171554,1357,256
1765303850.173315,1358,256
1765303850.173362,1359,256
1765303850.180836,1360,256
1765303850.189149,1361,256
1765303850.189311,1362,256
1765303850.192805,1363,256
1765303850.205403,1364,256
1765303850.205892,1365,256
1765303850.209846,1366,256
1765303850.214082,1367,256
1765303850.215137,1368,256
1765303850.215176,1369,256
1765303850.217487,1370,256
1765303850.219491,1371,256
1765303850.224899,1372,256
1765303850.228104,1373,256
1765303850.228927,1374,256
1765303850.229165,1375,256
1765303850.231668,1376,256
1765303850.233051,1377,256
1765303850.235115,1378,256
1765303850.235250,1379,256
1765303850.235738,1380,256
1765303850.239038,1381,256
1765303850.240688,1382,256
1765303850.247752,1383,256
1765303850.250380,1384,256
1765303850.253611,1385,256
1765303850.253778,1386,256
1765303850.253976,1387,256
1765303850.258805,1388,256
1765303850.263482,1389,256
1765303850.267060,1390,256
1765303850.271599,1391,256
1765303850.278215,1392,256
1765303850.281913,1393,256
1765303850.282067,1394,256
1765303850.283533,1395,256
1765303850.287591,1396,256
1765303850.293145,1397,256
1765303850.294065,1398,256
1765303850.299814,1399,256
1765303850.302593,1400,256
1765303850.304585,1401,256
1765303850.307397,1402,256
1765303850.310626,1403,256
1765303850.312066,1404,256
1765303850.312733,1405,256
1765303850.323372,1406,256
1765303850.326759,1407,256
1765303850.327868,1408,256
1765303850.328561,1409,256
1765303850.329026,1410,256
1765303850.330637,1411,256
1765303850.334284,1412,256
1765303850.336564,1413,256
1765303850.338851,1414,256
1765303850.339521,1415,256
1765303850.349852,1416,256
1765303850.352923,1417,256
1765303850.357587,1418,256
1765303850.361184,1419,256
1765303850.361927,1420,256
1765303850.367458,1421,256
1765303850.368925,1422,256
1765303850.370278,1423,256
1765303850.374818,1424,256
1765303850.375887,1425,256
1765303850.375968,1426,256
1765303850.378555,1427,256
1765303850.382574,1428,256
1765303850.384980,1429,256
1765303850.387095,1430,256
1765303850.387946,1431,256
1765303850.399980,1432,256
1765303850.401510,1433,256
1765303850.409868,1434,256
1765303850.414877,1435,256
1765303850.415551,1436,256
1765303850.415721,1437,256
1765303850.417277,1438,256
1765303850.417650,1439,256
1765303850.422501,1440,256
1765303850.431884,1441,256
1765303850.447268,1442,256
1765303850.447869,1443,256
1765303850.449605,1444,256
1765303850.454702,1445,256
1765303850.458474,1446,256
1765303850.460094,1447,256
1765303850.462332,1448,256
1765303850.467842,1449,256
1765303850.470630,1450,256
1765303850.473143,1451,256
1765303850.473286,1452,256
1765303850.477810,1453,256
1765303850.478757,1454,256
1765303850.481930,1455,256
1765303850.482343,1456,256
1765303850.482556,1457,256
1765303850.482970,1458,256
1765303850.486677,1459,256
1765303850.486858,1460,256
1765303850.490221,1461,256
1765303850.490755,1462,256
1765303850.492487,1463,256
1765303850.503107,1464,256
1765303850.503239,1465,256
1765303850.507156,1466,256
1765303850.515041,1467,256
1765303850.517777,1468,256
1765303850.519358,1469,256
1765303850.526823,1470,256
1765303850.530967,1471,256
1765303850.535610,1472,256
1765303850.536376,1473,256
1765303850.538531,1474,256
1765303850.540610,1475,256
1765303850.540746,1476,256
1765303850.551585,1477,256
1765303850.554725,1478,256
1765303850.556061,1479,256
1765303850.557219,1480,256
1765303850.561293,1481,256
1765303850.563685,1482,256
1765303850.571612,1483,256
1765303850.573563,1484,256
1765303850.579843,1485,256
1765303850.580905,1486,256
1765303850.585374,1487,256
1765303850.590096,1488,256
1765303850.590463,1489,256
1765303850.594563,1490,256
1765303850.595669,1491,256
1765303850.596630,1492,256
1765303850.600589,1493,256
1765303850.608064,1494,256
1765303850.610369,1495,256
1765303850.611046,1496,256
1765303850.611869,1497,256
1765303850.611978,1498,256
1765303850.612693,1499,256
1765303850.614939,1500,256
1765303850.616388,1501,256
1765303850.616592,1502,256
1765303850.616888,1503,256
1765303850.627425,1504,256
1765303850.627658,1505,256
1765303850.631900,1506,256
1765303850.638037,1507,256
1765303850.640917,1508,256
1765303850.644007,1509,256
1765303850.645908,1510,256
1765303850.647632,1511,256
1765303850.652944,1512,256
1765303850.654899,1513,256
1765303850.655065,1514,256
1765303850.655679,1515,256
1765303850.656235,1516,256
1765303850.657272,1517,256
1765303850.660011,1518,256
1765303850.671189,1519,256
1765303850.677823,1520,256
1765303850.677967,1521,256
1765303850.688099,1522,256
1765303850.689255,1523,256
1765303850.693023,1524,256
1765303850.695771,1525,256
1765303850.698644,1526,256
1765303850.699140,1527,256
1765303850.699867,1528,256
1765303850.703392,1529,256
1765303850.704473,1530,256
1765303850.706633,1531,256
1765303850.708932,1532,256
1765303850.712976,1533,256
1765303850.721582,1534,256
1765303850.730438,1535,256
1765303850.732818,1536,256
1765303850.733486,1537,256
1765303850.735953,1538,256
1765303850.736101,1539,256
1765303850.736139,1540,256
1765303850.737980,1541,256
1765303850.738733,1542,256
1765303850.743896,1543,256
1765303850.746089,1544,256
1765303850.753906,1545,256
1765303850.754726,1546,256
1765303850.756741,1547,256
1765303850.758265,1548,256
1765303850.769282,1549,256
1765303850.776268,1550,256
1765303850.779925,1551,256
1765303850.784269,1552,256
1765303850.790123,1553,256
1765303850.806430,1554,256
1765303850.812410,1555,256
1765303850.814067,1556,256
1765303850.817775,1557,256
1765303850.821046,1558,256
1765303850.821663,1559,256
1765303850.834287,1560,256
1765303850.836716,1561,256
1765303850.842833,1562,256
1765303850.848072,1563,256
1765303850.849163,1564,256
1765303850.850693,1565,256
1765303850.851193,1566,256
1765303850.862056,1567,256
1765303850.868766,1568,256
1765303850.874251,1569,256
1765303850.874347,1570,256
1765303850.875819,1571,256
1765303850.879365,1572,256
1765303850.880132,1573,256
1765303850.881696,1574,256
1765303850.881955,1575,256
1765303850.887813,1576,256
1765303850.889011,1577,256
1765303850.891936,1578,256
1765303850.900076,1579,256
1765303850.906820,1580,256
1765303850.913512,1581,256
1765303850.920540,1582,256
1765303850.923156,1583,256
1765303850.925007,1584,256
1765303850.933659,1585,256
1765303850.936577,1586,256
1765303850.939630,1587,256
1765303850.944263,1588,256
1765303850.946870,1589,256
1765303850.948600,1590,256
1765303850.961405,1591,256
1765303850.965289,1592,256
1765303850.971472,1593,256
1765303850.974773,1594,256
1765303850.980697,1595,256
1765303850.985444,1596,256
1765303850.990834,1597,256
1765303850.991360,1598,256
1765303850.993294,1599,256
1765303850.994519,1600,256
1765303850.999074,1601,256
1765303851.004659,1602,256
1765303851.004748,1603,256
1765303851.006843,1604,256
1765303851.007474,1605,256
1765303851.008215,1606,256
1765303851.009105,1607,256
1765303851.013502,1608,256
1765303851.016259,1609,256
1765303851.017455,1610,256
1765303851.028532,1611,256
1765303851.030952,1612,256
1765303851.031142,1613,256
1765303851.032760,1614,256
1765303851.034424,1615,256
1765303851.035335,1616,256
1765303851.035490,1617,256
1765303851.043128,1618,256
1765303851.049041,1619,256
1765303851.053054,1620,256
1765303851.058833,1621,256
1765303851.060368,1622,256
1765303851.060523,1623,256
1765303851.061831,1624,256
1765303851.079488,1625,256
1765303851.083221,1626,256
1765303851.085068,1627,256
1765303851.086577,1628,256
1765303851.089501,1629,256
1765303851.097126,1630,256
1765303851.105222,1631,256
1765303851.106559,1632,256
1765303851.111782,1633,256
1765303851.112574,1634,256
1765303851.112703,1635,256
1765303851.114826,1636,256
1765303851.115269,1637,256
1765303851.119872,1638,256
1765303851.134452,1639,256
1765303851.134832,1640,256
1765303851.136026,1641,256
1765303851.136848,1642,256
1765303851.141873,1643,256
1765303851.144763,1644,256
1765303851.145320,1645,256
1765303851.148894,1646,256
1765303851.150116,1647,256
1765303851.153496,1648,256
1765303851.160852,1649,256
1765303851.163852,1650,256
1765303851.167628,1651,256
1765303851.170808,1652,256
1765303851.172740,1653,256
1765303851.172968,1654,256
1765303851.173355,1655,256
1765303851.176186,1656,256
1765303851.184115,1657,256
1765303851.194005,1658,256
1765303851.194088,1659,256
1765303851.196664,1660,256
1765303851.211599,1661,256
1765303851.219327,1662,256
1765303851.224100,1663,256
1765303851.225812,1664,256
1765303851.226683,1665,256
1765303851.230022,1666,256
1765303851.235704,1667,256
1765303851.239060,1668,256
1765303851.241395,1669,256
1765303851.244521,1670,256
1765303851.248707,1671,256
1765303851.249041,1672,256
1765303851.251490,1673,256
1765303851.256753,1674,256
1765303851.258378,1675,256
1765303851.270846,1676,256
1765303851.271204,1677,256
1765303851.272026,1678,256
1765303851.274223,1679,256
1765303851.282037,1680,256
1765303851.283763,1681,256
1765303851.287536,1682,256
1765303851.290245,1683,256
1765303851.296390,1684,256
1765303851.300302,1685,256
1765303851.300650,1686,256
1765303851.304534,1687,256
1765303851.311555,1688,256
1765303851.317771,1689,256
1765303851.319923,1690,256
1765303851.320426,1691,256
1765303851.320637,1692,256
1765303851.325494,1693,256
1765303851.325627,1694,256
1765303851.329396,1695,256
1765303851.333217,1696,256
1765303851.334607,1697,256
1765303851.336019,1698,256
1765303851.336256,1699,256
1765303851.338408,1700,256
1765303851.339892,1701,256
1765303851.340020,1702,256
1765303851.340607,1703,256
1765303851.342290,1704,256
1765303851.343911,1705,256
1765303851.345914,1706,256
1765303851.353399,1707,256
1765303851.355163,1708,256
1765303851.362743,1709,256
1765303851.363147,1710,256
1765303851.369945,1711,256
1765303851.371829,1712,256
1765303851.373780,1713,256
1765303851.376211,1714,256
1765303851.376313,1715,256
1765303851.378378,1716,256
1765303851.384060,1717,256
1765303851.387845,1718,256
1765303851.393896,1719,256
1765303851.394354,1720,256
1765303851.394421,1721,256
1765303851.395595,1722,256
1765303851.396499,1723,256
1765303851.396597,1724,256
1765303851.399094,1725,256
1765303851.402127,1726,256
1765303851.407270,1727,256
1765303851.407584,1728,256
1765303851.409815,1729,256
1765303851.409936,1730,256
1765303851.411141,1731,256
1765303851.414813,1732,256
1765303851.415630,1733,256
1765303851.421335,1734,256
1765303851.421403,1735,256
1765303851.424774,1736,256
1765303851.425972,1737,256
1765303851.426055,1738,256
1765303851.426729,1739,256
1765303851.427999,1740,256
1765303851.429738,1741,256
1765303851.431350,1742,256
1765303851.433529,1743,256
1765303851.433663,1744,256
1765303851.438395,1745,256
1765303851.439795,1746,256
1765303851.440449,1747,256
1765303851.441563,1748,256
1765303851.447058,1749,256
1765303851.447787,1750,256
1765303851.447819,1751,256
1765303851.449080,1752,256
1765303851.454435,1753,256
1765303851.459249,1754,256
1765303851.459340,1755,256
1765303851.463994,1756,256
1765303851.465419,1757,256
1765303851.468201,1758,256
1765303851.469090,1759,256
1765303851.475682,1760,256
1765303851.477583,1761,256
1765303851.491909,1762,256
1765303851.497827,1763,256
1765303851.498923,1764,256
1765303851.501672,1765,256
1765303851.503320,1766,256
1765303851.504046,1767,256
1765303851.511939,1768,256
1765303851.512812,1769,256
1765303851.513826,1770,256
1765303851.516506,1771,256
1765303851.520415,1772,256
1765303851.521907,1773,256
1765303851.524358,1774,256
1765303851.526029,1775,256
1765303851.531543,1776,256
1765303851.535733,1777,256
1765303851.545486,1778,256
1765303851.554292,1779,256
1765303851.558205,1780,256
1765303851.558732,1781,256
1765303851.560334,1782,256
1765303851.571217,1783,256
1765303851.574845,1784,256
1765303851.578992,1785,256
1765303851.584002,1786,256
1765303851.585981,1787,256
1765303851.586238,1788,256
1765303851.586582,1789,256
1765303851.589429,1790,256
1765303851.594146,1791,256
1765303851.594287,1792,256
1765303851.599011,1793,256
1765303851.605873,1794,256
1765303851.606009,1795,256
1765303851.610955,1796,256
1765303851.617781,1797,256
1765303851.621223,1798,256
1765303851.622887,1799,256
1765303851.625017,1800,256
1765303851.625847,1801,256
1765303851.628578,1802,256
1765303851.632051,1803,256
1765303851.636679,1804,256
1765303851.640128,1805,256
1765303851.643840,1806,256
1765303851.658185,1807,256
1765303851.659215,1808,256
1765303851.660118,1809,256
1765303851.673193,1810,256
1765303851.675670,1811,256
1765303851.680222,1812,256
1765303851.684690,1813,256
1765303851.685759,1814,256
1765303851.691843,1815,256
1765303851.695343,1816,256
1765303851.696036,1817,256
1765303851.697266,1818,256
1765303851.704769,1819,256
1765303851.714642,1820,256
1765303851.715121,1821,256
1765303851.716062,1822,256
1765303851.719137,1823,256
1765303851.720092,1824,256
1765303851.723036,1825,256
1765303851.725811,1826,256
1765303851.733761,1827,256
1765303851.737812,1828,256
1765303851.738430,1829,256
1765303851.738567,1830,256
1765303851.747117,1831,256
1765303851.747449,1832,256
1765303851.751704,1833,256
1765303851.753653,1834,256
1765303851.754267,1835,256
1765303851.757502,1836,256
1765303851.758969,1837,256
1765303851.759536,1838,256
1765303851.770965,1839,256
1765303851.771596,1840,256
1765303851.776872,1841,256
1765303851.780992,1842,256
1765303851.784436,1843,256
1765303851.788750,1844,256
1765303851.791837,1845,256
1765303851.791965,1846,256
1765303851.796660,1847,256
1765303851.797619,1848,256
1765303851.798739,1849,256
1765303851.801929,1850,256
1765303851.814426,1851,256
1765303851.815949,1852,256
1765303851.822332,1853,256
1765303851.824217,1854,256
1765303851.828747,1855,256
1765303851.831042,1856,256
1765303851.835571,1857,256
1765303851.837197,1858,256
1765303851.841326,1859,256
1765303851.849516,1860,256
1765303851.851410,1861,256
1765303851.856829,1862,256
1765303851.858873,1863,256
1765303851.862412,1864,256
1765303851.863614,1865,256
1765303851.864130,1866,256
1765303851.865197,1867,256
1765303851.867652,1868,256
1765303851.869918,1869,256
1765303851.870858,1870,256
1765303851.875292,1871,256
1765303851.875965,1872,256
1765303851.880316,1873,256
1765303851.883520,1874,256
1765303851.886361,1875,256
1765303851.890923,1876,256
1765303851.897288,1877,256
1765303851.897647,1878,256
1765303851.898923,1879,256
1765303851.899535,1880,256
1765303851.902633,1881,256
1765303851.904111,1882,256
1765303851.905476,1883,256
1765303851.908384,1884,256
1765303851.913633,1885,256
1765303851.918631,1886,256
1765303851.918783,1887,256
1765303851.918813,1888,256
1765303851.921100,1889,256
1765303851.922246,1890,256
1765303851.926311,1891,256
1765303851.928176,1892,256
1765303851.928607,1893,256
1765303851.931915,1894,256
1765303851.937442,1895,256
1765303851.943744,1896,256
1765303851.945756,1897,256
1765303851.955006,1898,256
1765303851.965682,1899,256
1765303851.966686,1900,256
1765303851.967165,1901,256
1765303851.973735,1902,256
1765303851.979011,1903,256
1765303851.980494,1904,256
1765303851.980874,1905,256
1765303851.981243,1906,256
1765303851.990099,1907,256
1765303851.993802,1908,256
1765303851.997661,1909,256
1765303851.998834,1910,256
1765303852.003833,1911,256
1765303852.008687,1912,256
1765303852.016885,1913,256
1765303852.017040,1914,256
1765303852.018014,1915,256
1765303852.018224,1916,256
1765303852.032032,1917,256
1765303852.038958,1918,256
1765303852.039719,1919,256
1765303852.041768,1920,256
1765303852.052597,1921,256
1765303852.057702,1922,256
1765303852.058389,1923,256
1765303852.058682,1924,256
1765303852.059772,1925,256
1765303852.062881,1926,256
1765303852.065186,1927,256
1765303852.067444,1928,256
1765303852.068314,1929,256
1765303852.070300,1930,256
1765303852.075040,1931,256
1765303852.082251,1932,256
1765303852.083287,1933,256
1765303852.090484,1934,256
1765303852.090695,1935,256
1765303852.101947,1936,256
1765303852.108760,1937,256
1765303852.112805,1938,256
1765303852.117285,1939,256
1765303852.118859,1940,256
1765303852.122749,1941,256
1765303852.124844,1942,256
1765303852.129528,1943,256
1765303852.131979,1944,256
1765303852.137364,1945,256
1765303852.144990,1946,256
1765303852.149037,1947,256
1765303852.153581,1948,256
1765303852.154875,1949,256
1765303852.158114,1950,256
1765303852.162699,1951,256
1765303852.169157,1952,256
1765303852.169932,1953,256
1765303852.170339,1954,256
1765303852.172327,1955,256
1765303852.174449,1956,256
1765303852.176927,1957,256
1765303852.178125,1958,256
1765303852.182830,1959,256
1765303852.185393,1960,256
1765303852.189982,1961,256
1765303852.190596,1962,256
1765303852.200902,1963,256
1765303852.203640,1964,256
1765303852.204218,1965,256
1765303852.206315,1966,256
1765303852.208010,1967,256
1765303852.210760,1968,256
1765303852.211918,1969,256
1765303852.218779,1970,256
1765303852.218944,1971,256
1765303852.220223,1972,256
1765303852.220612,1973,256
1765303852.222084,1974,256
1765303852.227313,1975,256
1765303852.232092,1976,256
1765303852.234947,1977,256
1765303852.241672,1978,256
1765303852.242441,1979,256
1765303852.245138,1980,256
1765303852.246513,1981,256
1765303852.252125,1982,256
1765303852.261013,1983,256
1765303852.264626,1984,256
1765303852.267029,1985,256
1765303852.267366,1986,256
1765303852.269884,1987,256
1765303852.283789,1988,256
1765303852.285091,1989,256
1765303852.289046,1990,256
1765303852.296171,1991,256
1765303852.298171,1992,256
1765303852.301148,1993,256
1765303852.305007,1994,256
1765303852.305535,1995,256
1765303852.310567,1996,256
1765303852.311772,1997,256
1765303852.317398,1998,256
1765303852.320382,1999,256
1765303852.321945,2000,256
1765303852.326818,2001,256
1765303852.334440,2002,256
1765303852.336124,2003,256
1765303852.337165,2004,256
1765303852.337681,2005,256
1765303852.337705,2006,256
1765303852.338864,2007,256
1765303852.339126,2008,256
1765303852.344522,2009,256
1765303852.352232,2010,256
1765303852.354064,2011,256
1765303852.354193,2012,256
1765303852.363190,2013,256
1765303852.363320,2014,256
1765303852.367046,2015,256
1765303852.373958,2016,256
1765303852.376214,2017,256
1765303852.377286,2018,256
1765303852.385792,2019,256
1765303852.400609,2020,256
1765303852.402921,2021,256
1765303852.403615,2022,256
1765303852.403802,2023,256
1765303852.406067,2024,256
1765303852.406358,2025,256
1765303852.408339,2026,256
1765303852.419098,2027,256
1765303852.424049,2028,256
1765303852.427645,2029,256
1765303852.432944,2030,256
1765303852.433430,2031,256
1765303852.437212,2032,256
1765303852.437327,2033,256
1765303852.438832,2034,256
1765303852.445099,2035,256
1765303852.460335,2036,256
1765303852.465269,2037,256
1765303852.467211,2038,256
1765303852.472241,2039,256
1765303852.485722,2040,256
1765303852.486589,2041,256
1765303852.486614,2042,256
1765303852.488616,2043,256
1765303852.491762,2044,256
1765303852.492107,2045,256
1765303852.493260,2046,256
1765303852.499701,2047,256
1765303852.502420,2048,256
1765303852.504703,2049,256
1765303852.508081,2050,256
1765303852.511880,2051,256
1765303852.513525,2052,256
1765303852.514616,2053,256
1765303852.514786,2054,256
1765303852.515241,2055,256
1765303852.518258,2056,256
1765303852.520911,2057,256
1765303852.521768,2058,256
1765303852.521802,2059,256
1765303852.525917,2060,256
1765303852.526216,2061,256
1765303852.528005,2062,256
1765303852.528845,2063,256
1765303852.530408,2064,256
1765303852.532783,2065,256
1765303852.544935,2066,256
1765303852.547659,2067,256
1765303852.552013,2068,256
1765303852.552760,2069,256
1765303852.560279,2070,256
1765303852.564851,2071,256
1765303852.564977,2072,256
1765303852.569752,2073,256
1765303852.573299,2074,256
1765303852.574984,2075,256
1765303852.576760,2076,256
1765303852.577321,2077,256
1765303852.580261,2078,256
1765303852.584147,2079,256
1765303852.584266,2080,256
1765303852.590611,2081,256
1765303852.594077,2082,256
1765303852.597807,2083,256
1765303852.597946,2084,256
1765303852.601482,2085,256
1765303852.602359,2086,256
1765303852.607199,2087,256
1765303852.611197,2088,256
1765303852.611474,2089,256
1765303852.614908,2090,256
1765303852.615652,2091,256
1765303852.616813,2092,256
1765303852.633697,2093,256
1765303852.641658,2094,256
1765303852.641990,2095,256
1765303852.649047,2096,256
1765303852.660765,2097,256
1765303852.671193,2098,256
1765303852.673866,2099,256
1765303852.676829,2100,256
1765303852.678304,2101,256
1765303852.678971,2102,256
1765303852.683374,2103,256
1765303852.685928,2104,256
1765303852.691901,2105,256
1765303852.692253,2106,256
1765303852.697373,2107,256
1765303852.705065,2108,256
1765303852.709613,2109,256
1765303852.713307,2110,256
1765303852.718153,2111,256
1765303852.720740,2112,256
1765303852.727214,2113,256
1765303852.734701,2114,256
1765303852.735897,2115,256
1765303852.741014,2116,256
1765303852.742913,2117,256
1765303852.758927,2118,256
1765303852.759217,2119,256
1765303852.759396,2120,256
1765303852.762515,2121,256
1765303852.765111,2122,256
1765303852.765923,2123,256
1765303852.775274,2124,256
1765303852.780398,2125,256
1765303852.782863,2126,256
1765303852.791286,2127,256
1765303852.791561,2128,256
1765303852.792442,2129,256
1765303852.797828,2130,256
1765303852.797996,2131,256
1765303852.812302,2132,256
1765303852.821659,2133,256
1765303852.826941,2134,256
1765303852.827360,2135,256
1765303852.828645,2136,256
1765303852.832250,2137,256
1765303852.837870,2138,256
1765303852.838300,2139,256
1765303852.838828,2140,256
1765303852.841567,2141,256
1765303852.842415,2142,256
1765303852.844027,2143,256
1765303852.847488,2144,256
1765303852.847675,2145,256
1765303852.849815,2146,256
1765303852.857855,2147,256
1765303852.862346,2148,256
1765303852.862748,2149,256
1765303852.863731,2150,256
1765303852.866689,2151,256
1765303852.874108,2152,256
1765303852.881876,2153,256
1765303852.882425,2154,256
1765303852.885045,2155,256
1765303852.887350,2156,256
1765303852.890254,2157,256
1765303852.892094,2158,256
1765303852.902806,2159,256
1765303852.907809,2160,256
1765303852.912000,2161,256
1765303852.916261,2162,256
1765303852.916758,2163,256
1765303852.921014,2164,256
1765303852.924066,2165,256
1765303852.929900,2166,256
1765303852.930984,2167,256
1765303852.941949,2168,256
1765303852.944776,2169,256
1765303852.945221,2170,256
1765303852.954206,2171,256
1765303852.954921,2172,256
1765303852.958271,2173,256
1765303852.960452,2174,256
1765303852.963895,2175,256
1765303852.965265,2176,256
1765303852.967479,2177,256
1765303852.968453,2178,256
1765303852.977810,2179,256
1765303852.979421,2180,256
1765303852.979515,2181,256
1765303852.982271,2182,256
1765303852.983937,2183,256
1765303853.000783,2184,256
1765303853.002320,2185,256
1765303853.006657,2186,256
1765303853.006781,2187,256
1765303853.009136,2188,256
1765303853.009343,2189,256
1765303853.010210,2190,256
1765303853.010672,2191,256
1765303853.012267,2192,256
1765303853.015641,2193,256
1765303853.017568,2194,256
1765303853.018864,2195,256
1765303853.019086,2196,256
1765303853.019227,2197,256
1765303853.020912,2198,256
1765303853.031876,2199,256
1765303853.034501,2200,256
1765303853.039745,2201,256
1765303853.044666,2202,256
1765303853.046352,2203,256
1765303853.047581,2204,256
1765303853.047875,2205,256
1765303853.049641,2206,256
1765303853.052748,2207,256
1765303853.059383,2208,256
1765303853.059952,2209,256
1765303853.061482,2210,256
1765303853.063738,2211,256
1765303853.064161,2212,256
1765303853.069820,2213,256
1765303853.079505,2214,256
1765303853.079640,2215,256
1765303853.084933,2216,256
1765303853.091003,2217,256
1765303853.097328,2218,256
1765303853.098881,2219,256
1765303853.118783,2220,256
1765303853.121534,2221,256
1765303853.122197,2222,256
1765303853.124453,2223,256
1765303853.127536,2224,256
1765303853.131438,2225,256
1765303853.131499,2226,256
1765303853.134562,2227,256
1765303853.136449,2228,256
1765303853.138554,2229,256
1765303853.142278,2230,256
1765303853.143445,2231,256
1765303853.146272,2232,256
1765303853.149328,2233,256
1765303853.155898,2234,256
1765303853.163211,2235,256
1765303853.163285,2236,256
1765303853.163413,2237,256
1765303853.171153,2238,256
1765303853.173107,2239,256
1765303853.181760,2240,256
1765303853.185828,2241,256
1765303853.186037,2242,256
1765303853.192541,2243,256
1765303853.195942,2244,256
1765303853.209935,2245,256
1765303853.210752,2246,256
1765303853.213032,2247,256
1765303853.214140,2248,256
1765303853.216751,2249,256
1765303853.217068,2250,256
1765303853.228758,2251,256
1765303853.230988,2252,256
1765303853.234842,2253,256
1765303853.240987,2254,256
1765303853.244068,2255,256
1765303853.245375,2256,256
1765303853.246894,2257,256
1765303853.251122,2258,256
1765303853.252913,2259,256
1765303853.253806,2260,256
1765303853.254790,2261,256
1765303853.256855,2262,256
1765303853.260872,2263,256
1765303853.263912,2264,256
1765303853.271407,2265,256
1765303853.272604,2266,256
1765303853.279508,2267,256
1765303853.288763,2268,256
1765303853.289459,2269,256
1765303853.291744,2270,256
1765303853.303065,2271,256
1765303853.304259,2272,256
1765303853.304944,2273,256
1765303853.307687,2274,256
1765303853.309247,2275,256
1765303853.309990,2276,256
1765303853.310486,2277,256
1765303853.312989,2278,256
1765303853.313160,2279,256
1765303853.318995,2280,256
1765303853.323832,2281,256
1765303853.324225,2282,256
1765303853.324420,2283,256
1765303853.327890,2284,256
1765303853.333500,2285,256
1765303853.333604,2286,256
1765303853.334854,2287,256
1765303853.338732,2288,256
1765303853.342841,2289,256
1765303853.343843,2290,256
1765303853.345093,2291,256
1765303853.354383,2292,256
1765303853.358984,2293,256
1765303853.360870,2294,256
1765303853.367089,2295,256
1765303853.380054,2296,256
1765303853.380263,2297,256
1765303853.381843,2298,256
1765303853.382810,2299,256
1765303853.385206,2300,256
1765303853.389180,2301,256
1765303853.389795,2302,256
1765303853.398320,2303,256
1765303853.399894,2304,256
1765303853.409302,2305,256
1765303853.409707,2306,256
1765303853.411641,2307,256
1765303853.414961,2308,256
1765303853.416684,2309,256
1765303853.418332,2310,256
1765303853.433865,2311,256
1765303853.438835,2312,256
1765303853.443486,2313,256
1765303853.452547,2314,256
1765303853.453849,2315,256
1765303853.456242,2316,256
1765303853.457588,2317,256
1765303853.459869,2318,256
1765303853.460078,2319,256
1765303853.460748,2320,256
1765303853.467622,2321,256
1765303853.471609,2322,256
1765303853.472911,2323,256
1765303853.477138,2324,256
1765303853.477182,2325,256
1765303853.479106,2326,256
1765303853.480291,2327,256
1765303853.486761,2328,256
1765303853.489956,2329,256
1765303853.496767,2330,256
1765303853.499742,2331,256
1765303853.507914,2332,256
1765303853.510114,2333,256
1765303853.512895,2334,256
1765303853.523983,2335,256
1765303853.533096,2336,256
1765303853.539870,2337,256
1765303853.543127,2338,256
1765303853.545832,2339,256
1765303853.548158,2340,256
1765303853.549598,2341,256
1765303853.550415,2342,256
1765303853.552657,2343,256
1765303853.552742,2344,256
1765303853.552758,2345,256
1765303853.552985,2346,256
1765303853.555424,2347,256
1765303853.555546,2348,256
1765303853.556840,2349,256
1765303853.560609,2350,256
1765303853.578439,2351,256
1765303853.580155,2352,256
1765303853.580606,2353,256
1765303853.585676,2354,256
1765303853.589732,2355,256
1765303853.590628,2356,256
1765303853.603660,2357,256
1765303853.611921,2358,256
1765303853.614739,2359,256
1765303853.615412,2360,256
1765303853.617431,2361,256
1765303853.619133,2362,256
1765303853.620615,2363,256
1765303853.624661,2364,256
1765303853.625887,2365,256
1765303853.627106,2366,256
1765303853.627135,2367,256
1765303853.631905,2368,256
1765303853.638780,2369,256
1765303853.643704,2370,256
1765303853.644939,2371,256
1765303853.647024,2372,256
1765303853.647173,2373,256
1765303853.648961,2374,256
1765303853.653669,2375,256
1765303853.654371,2376,256
1765303853.656201,2377,256
1765303853.657611,2378,256
1765303853.660309,2379,256
1765303853.662848,2380,256
1765303853.663664,2381,256
1765303853.667680,2382,256
1765303853.670749,2383,256
1765303853.671477,2384,256
1765303853.678125,2385,256
1765303853.679063,2386,256
1765303853.679544,2387,256
1765303853.681400,2388,256
1765303853.681530,2389,256
1765303853.688224,2390,256
1765303853.693329,2391,256
1765303853.697495,2392,256
1765303853.701320,2393,256
1765303853.701845,2394,256
1765303853.706519,2395,256
1765303853.711737,2396,256
1765303853.715161,2397,256
1765303853.715286,2398,256
1765303853.715334,2399,256
1765303853.715858,2400,256
1765303853.718355,2401,256
1765303853.726543,2402,256
1765303853.728748,2403,256
1765303853.732519,2404,256
1765303853.736660,2405,256
1765303853.737806,2406,256
1765303853.744951,2407,256
1765303853.747199,2408,256
1765303853.752623,2409,256
1765303853.761589,2410,256
1765303853.762318,2411,256
1765303853.768277,2412,256
1765303853.771273,2413,256
1765303853.775603,2414,256
1765303853.780828,2415,256
1765303853.784827,2416,256
1765303853.797481,2417,256
1765303853.803046,2418,256
1765303853.805272,2419,256
1765303853.808235,2420,256
1765303853.818693,2421,256
1765303853.819690,2422,256
1765303853.823174,2423,256
1765303853.826516,2424,256
1765303853.832619,2425,256
1765303853.842756,2426,256
1765303853.849366,2427,256
1765303853.850388,2428,256
1765303853.852167,2429,256
1765303853.855769,2430,256
1765303853.855955,2431,256
1765303853.856004,2432,256
1765303853.859323,2433,256
1765303853.860956,2434,256
1765303853.862786,2435,256
1765303853.863439,2436,256
1765303853.863723,2437,256
1765303853.865260,2438,256
1765303853.869509,2439,256
1765303853.872600,2440,256
1765303853.879998,2441,256
1765303853.884303,2442,256
1765303853.893453,2443,256
1765303853.898741,2444,256
1765303853.899297,2445,256
1765303853.909704,2446,256
1765303853.909972,2447,256
1765303853.911735,2448,256
1765303853.919046,2449,256
1765303853.922673,2450,256
1765303853.924525,2451,256
1765303853.929283,2452,256
1765303853.931642,2453,256
1765303853.935839,2454,256
1765303853.936697,2455,256
1765303853.937873,2456,256
1765303853.943004,2457,256
1765303853.944785,2458,256
1765303853.947299,2459,256
1765303853.948423,2460,256
1765303853.957644,2461,256
1765303853.959923,2462,256
1765303853.962310,2463,256
1765303853.963817,2464,256
1765303853.964468,2465,256
1765303853.964649,2466,256
1765303853.964669,2467,256
1765303853.965893,2468,256
1765303853.972070,2469,256
1765303853.985167,2470,256
1765303853.985437,2471,256
1765303853.985721,2472,256
1765303853.986237,2473,256
1765303853.988282,2474,256
1765303853.992295,2475,256
1765303853.994899,2476,256
1765303853.995892,2477,256
1765303853.995985,2478,256
1765303854.002220,2479,256
1765303854.002541,2480,256
1765303854.004461,2481,256
1765303854.005356,2482,256
1765303854.006659,2483,256
1765303854.007295,2484,256
1765303854.009407,2485,256
1765303854.010783,2486,256
1765303854.011070,2487,256
1765303854.012237,2488,256
1765303854.012297,2489,256
1765303854.014968,2490,256
1765303854.034208,2491,256
1765303854.041115,2492,256
1765303854.044147,2493,256
1765303854.055099,2494,256
1765303854.058745,2495,256
1765303854.066433,2496,256
1765303854.068735,2497,256
1765303854.075760,2498,256
1765303854.081044,2499,256
1765303854.082525,2500,256
1765303854.084000,2501,256
1765303854.089393,2502,256
1765303854.091784,2503,256
1765303854.094032,2504,256
1765303854.094173,2505,256
1765303854.100615,2506,256
1765303854.106870,2507,256
1765303854.110371,2508,256
1765303854.114566,2509,256
1765303854.115402,2510,256
1765303854.115802,2511,256
1765303854.118594,2512,256
1765303854.118772,2513,256
1765303854.122305,2514,256
1765303854.125437,2515,256
1765303854.142078,2516,256
1765303854.146847,2517,256
1765303854.158546,2518,256
1765303854.161522,2519,256
1765303854.163888,2520,256
1765303854.163961,2521,256
1765303854.164650,2522,256
1765303854.175463,2523,256
1765303854.180757,2524,256
1765303854.181381,2525,256
1765303854.186430,2526,256
1765303854.186561,2527,256
1765303854.196492,2528,256
1765303854.197387,2529,256
1765303854.204298,2530,256
1765303854.204678,2531,256
1765303854.206129,2532,256
1765303854.206365,2533,256
1765303854.211844,2534,256
1765303854.213436,2535,256
1765303854.219265,2536,256
1765303854.220949,2537,256
1765303854.224970,2538,256
1765303854.225549,2539,256
1765303854.227553,2540,256
1765303854.228886,2541,256
1765303854.229200,2542,256
1765303854.229467,2543,256
1765303854.231393,2544,256
1765303854.233907,2545,256
1765303854.237502,2546,256
1765303854.245211,2547,256
1765303854.247888,2548,256
1765303854.254327,2549,256
1765303854.254469,2550,256
1765303854.256222,2551,256
1765303854.257414,2552,256
1765303854.258026,2553,256
1765303854.269215,2554,256
1765303854.272340,2555,256
1765303854.272741,2556,256
1765303854.273119,2557,256
1765303854.274180,2558,256
1765303854.274309,2559,256
1765303854.275702,2560,256
1765303854.275956,2561,256
1765303854.276485,2562,256
1765303854.279804,2563,256
1765303854.279876,2564,256
1765303854.281263,2565,256
1765303854.284739,2566,256
1765303854.287450,2567,256
1765303854.288231,2568,256
1765303854.288372,2569,256
1765303854.293146,2570,256
1765303854.293353,2571,256
1765303854.294895,2572,256
1765303854.295915,2573,256
1765303854.298012,2574,256
1765303854.298233,2575,256
1765303854.299412,2576,256
1765303854.301156,2577,256
1765303854.307744,2578,256
1765303854.311994,2579,256
1765303854.313012,2580,256
1765303854.313159,2581,256
1765303854.316027,2582,256
1765303854.317575,2583,256
1765303854.325536,2584,256
1765303854.327569,2585,256
1765303854.334497,2586,256
1765303854.336768,2587,256
1765303854.337995,2588,256
1765303854.340470,2589,256
1765303854.341409,2590,256
1765303854.341933,2591,256
1765303854.342562,2592,256
1765303854.343877,2593,256
1765303854.345807,2594,256
1765303854.355875,2595,256
1765303854.357790,2596,256
1765303854.357961,2597,256
1765303854.358536,2598,256
1765303854.364506,2599,256
1765303854.379088,2600,256
1765303854.399054,2601,256
1765303854.399476,2602,256
1765303854.401000,2603,256
1765303854.403690,2604,256
1765303854.409041,2605,256
1765303854.428015,2606,256
1765303854.430006,2607,256
1765303854.440529,2608,256
1765303854.441892,2609,256
1765303854.444403,2610,256
1765303854.444825,2611,256
1765303854.450945,2612,256
1765303854.453251,2613,256
1765303854.456934,2614,256
1765303854.457100,2615,256
1765303854.458594,2616,256
1765303854.460747,2617,256
1765303854.461813,2618,256
1765303854.465524,2619,256
1765303854.467973,2620,256
1765303854.470871,2621,256
1765303854.476162,2622,256
1765303854.483572,2623,256
1765303854.484915,2624,256
1765303854.490915,2625,256
1765303854.491089,2626,256
1765303854.492670,2627,256
1765303854.496512,2628,256
1765303854.501918,2629,256
1765303854.502911,2630,256
1765303854.511143,2631,256
1765303854.512120,2632,256
1765303854.514021,2633,256
1765303854.514844,2634,256
1765303854.519249,2635,256
1765303854.519728,2636,256
1765303854.527131,2637,256
1765303854.530669,2638,256
1765303854.531816,2639,256
1765303854.535342,2640,256
1765303854.535930,2641,256
1765303854.536449,2642,256
1765303854.539027,2643,256
1765303854.547018,2644,256
1765303854.554401,2645,256
1765303854.555298,2646,256
1765303854.556593,2647,256
1765303854.568696,2648,256
1765303854.569973,2649,256
1765303854.575889,2650,256
1765303854.577194,2651,256
1765303854.582865,2652,256
1765303854.585317,2653,256
1765303854.587095,2654,256
1765303854.587144,2655,256
1765303854.590397,2656,256
1765303854.593884,2657,256
1765303854.594006,2658,256
1765303854.594317,2659,256
1765303854.597743,2660,256
1765303854.598533,2661,256
1765303854.601162,2662,256
1765303854.604098,2663,256
1765303854.604985,2664,256
1765303854.606099,2665,256
1765303854.611097,2666,256
1765303854.615730,2667,256
1765303854.619525,2668,256
1765303854.627237,2669,256
1765303854.634202,2670,256
1765303854.636546,2671,256
1765303854.641831,2672,256
1765303854.645806,2673,256
1765303854.658443,2674,256
1765303854.659274,2675,256
1765303854.659894,2676,256
1765303854.660068,2677,256
1765303854.666845,2678,256
1765303854.670267,2679,256
1765303854.670929,2680,256
1765303854.675615,2681,256
1765303854.675834,2682,256
1765303854.677251,2683,256
1765303854.678248,2684,256
1765303854.680127,2685,256
1765303854.681182,2686,256
1765303854.681224,2687,256
1765303854.681470,2688,256
1765303854.684084,2689,256
1765303854.686728,2690,256
1765303854.687978,2691,256
1765303854.688852,2692,256
1765303854.691633,2693,256
1765303854.698989,2694,256
1765303854.699327,2695,256
1765303854.705855,2696,256
1765303854.709169,2697,256
1765303854.709298,2698,256
1765303854.715492,2699,256
1765303854.717222,2700,256
1765303854.725248,2701,256
1765303854.727263,2702,256
1765303854.732678,2703,256
1765303854.737794,2704,256
1765303854.738639,2705,256
1765303854.739622,2706,256
1765303854.739758,2707,256
1765303854.741354,2708,256
1765303854.747468,2709,256
1765303854.748044,2710,256
1765303854.749599,2711,256
1765303854.752319,2712,256
1765303854.753495,2713,256
1765303854.757014,2714,256
1765303854.759152,2715,256
1765303854.764434,2716,256
1765303854.766742,2717,256
1765303854.768401,2718,256
1765303854.769902,2719,256
1765303854.775579,2720,256
1765303854.777677,2721,256
1765303854.792731,2722,256
1765303854.794508,2723,256
1765303854.796569,2724,256
1765303854.806206,2725,256
1765303854.819786,2726,256
1765303854.822279,2727,256
1765303854.828390,2728,256
1765303854.830146,2729,256
1765303854.834108,2730,256
1765303854.842137,2731,256
1765303854.849139,2732,256
1765303854.850498,2733,256
1765303854.853045,2734,256
1765303854.861371,2735,256
1765303854.861725,2736,256
1765303854.863291,2737,256
1765303854.863696,2738,256
1765303854.870037,2739,256
1765303854.874476,2740,256
1765303854.874666,2741,256
1765303854.875201,2742,256
1765303854.880422,2743,256
1765303854.880850,2744,256
1765303854.886055,2745,256
1765303854.888216,2746,256
1765303854.888639,2747,256
1765303854.896543,2748,256
1765303854.899297,2749,256
1765303854.899671,2750,256
1765303854.905602,2751,256
1765303854.905886,2752,256
1765303854.913489,2753,256
1765303854.914890,2754,256
1765303854.915168,2755,256
1765303854.916149,2756,256
1765303854.916572,2757,256
1765303854.925868,2758,256
1765303854.932072,2759,256
1765303854.934892,2760,256
1765303854.935284,2761,256
1765303854.940147,2762,256
1765303854.943749,2763,256
1765303854.944527,2764,256
1765303854.953018,2765,256
1765303854.955342,2766,256
1765303854.962005,2767,256
1765303854.969080,2768,256
1765303854.969437,2769,256
1765303854.988384,2770,256
1765303854.991606,2771,256
1765303855.000523,2772,256
1765303855.008627,2773,256
1765303855.016241,2774,256
1765303855.017280,2775,256
1765303855.018888,2776,256
1765303855.019053,2777,256
1765303855.021217,2778,256
1765303855.025832,2779,256
1765303855.030226,2780,256
1765303855.037822,2781,256
1765303855.041316,2782,256
1765303855.042122,2783,256
1765303855.048432,2784,256
1765303855.048790,2785,256
1765303855.051838,2786,256
1765303855.057665,2787,256
1765303855.059666,2788,256
1765303855.059763,2789,256
1765303855.060513,2790,256
1765303855.064280,2791,256
1765303855.071019,2792,256
1765303855.072508,2793,256
1765303855.078359,2794,256
1765303855.079492,2795,256
1765303855.080560,2796,256
1765303855.082370,2797,256
1765303855.084492,2798,256
1765303855.085919,2799,256
1765303855.086814,2800,256
1765303855.089151,2801,256
1765303855.089275,2802,256
1765303855.089322,2803,256
1765303855.092385,2804,256
1765303855.097273,2805,256
1765303855.098847,2806,256
1765303855.099079,2807,256
1765303855.101081,2808,256
1765303855.101744,2809,256
1765303855.102151,2810,256
1765303855.102912,2811,256
1765303855.108701,2812,256
1765303855.114486,2813,256
1765303855.121334,2814,256
1765303855.123030,2815,256
1765303855.123199,2816,256
1765303855.124241,2817,256
1765303855.125981,2818,256
1765303855.131909,2819,256
1765303855.139919,2820,256
1765303855.149150,2821,256
1765303855.153097,2822,256
1765303855.157191,2823,256
1765303855.157656,2824,256
1765303855.157961,2825,256
1765303855.161899,2826,256
1765303855.166882,2827,256
1765303855.171774,2828,256
1765303855.173437,2829,256
1765303855.177740,2830,256
1765303855.179626,2831,256
1765303855.180559,2832,256
1765303855.185545,2833,256
1765303855.188162,2834,256
1765303855.189092,2835,256
1765303855.189521,2836,256
1765303855.190922,2837,256
1765303855.191109,2838,256
1765303855.195471,2839,256
1765303855.195935,2840,256
1765303855.204767,2841,256
1765303855.206869,2842,256
1765303855.207340,2843,256
1765303855.213099,2844,256
1765303855.215580,2845,256
1765303855.216456,2846,256
1765303855.216537,2847,256
1765303855.218303,2848,256
1765303855.219680,2849,256
1765303855.225366,2850,256
1765303855.226659,2851,256
1765303855.230794,2852,256
1765303855.239013,2853,256
1765303855.245918,2854,256
1765303855.249099,2855,256
1765303855.252242,2856,256
1765303855.253494,2857,256
1765303855.256420,2858,256
1765303855.258179,2859,256
1765303855.258435,2860,256
1765303855.261976,2861,256
1765303855.263659,2862,256
1765303855.266910,2863,256
1765303855.268728,2864,256
1765303855.279384,2865,256
1765303855.288157,2866,256
1765303855.291015,2867,256
1765303855.299693,2868,256
1765303855.303884,2869,256
1765303855.309877,2870,256
1765303855.310365,2871,256
1765303855.316266,2872,256
1765303855.321291,2873,256
1765303855.331144,2874,256
1765303855.335061,2875,256
1765303855.337196,2876,256
1765303855.337342,2877,256
1765303855.338186,2878,256
1765303855.338298,2879,256
1765303855.346672,2880,256
1765303855.349123,2881,256
1765303855.349392,2882,256
1765303855.356877,2883,256
1765303855.357161,2884,256
1765303855.360586,2885,256
1765303855.361188,2886,256
1765303855.361228,2887,256
1765303855.361433,2888,256
1765303855.361937,2889,256
1765303855.368633,2890,256
1765303855.368786,2891,256
1765303855.370094,2892,256
1765303855.377522,2893,256
1765303855.379222,2894,256
1765303855.379923,2895,256
1765303855.380740,2896,256
1765303855.382303,2897,256
1765303855.397310,2898,256
1765303855.397830,2899,256
1765303855.404512,2900,256
1765303855.408514,2901,256
1765303855.411748,2902,256
1765303855.421969,2903,256
1765303855.426185,2904,256
1765303855.427096,2905,256
1765303855.434307,2906,256
1765303855.437856,2907,256
1765303855.439168,2908,256
1765303855.439757,2909,256
1765303855.448176,2910,256
1765303855.460272,2911,256
1765303855.463957,2912,256
1765303855.465827,2913,256
1765303855.469109,2914,256
1765303855.472250,2915,256
1765303855.472477,2916,256
1765303855.473744,2917,256
1765303855.476604,2918,256
1765303855.480972,2919,256
1765303855.485033,2920,256
1765303855.485974,2921,256
1765303855.489844,2922,256
1765303855.490474,2923,256
1765303855.490979,2924,256
1765303855.494860,2925,256
1765303855.498942,2926,256
1765303855.502118,2927,256
1765303855.511432,2928,256
1765303855.515305,2929,256
1765303855.515469,2930,256
1765303855.515981,2931,256
1765303855.519742,2932,256
1765303855.521178,2933,256
1765303855.523371,2934,256
1765303855.523727,2935,256
1765303855.523905,2936,256
1765303855.527531,2937,256
1765303855.528189,2938,256
1765303855.533877,2939,256
1765303855.541741,2940,256
1765303855.550652,2941,256
1765303855.553674,2942,256
1765303855.558339,2943,256
1765303855.563855,2944,256
1765303855.563988,2945,256
1765303855.564033,2946,256
1765303855.568609,2947,256
1765303855.579691,2948,256
1765303855.585018,2949,256
1765303855.592796,2950,256
1765303855.598900,2951,256
1765303855.599315,2952,256
1765303855.602096,2953,256
1765303855.605098,2954,256
1765303855.605228,2955,256
1765303855.611838,2956,256
1765303855.613305,2957,256
1765303855.623468,2958,256
1765303855.627973,2959,256
1765303855.630896,2960,256
1765303855.632862,2961,256
1765303855.641850,2962,256
1765303855.642996,2963,256
1765303855.647248,2964,256
1765303855.648798,2965,256
1765303855.651117,2966,256
1765303855.651223,2967,256
1765303855.657686,2968,256
1765303855.658237,2969,256
1765303855.660283,2970,256
1765303855.661349,2971,256
1765303855.664224,2972,256
1765303855.666040,2973,256
1765303855.666312,2974,256
1765303855.667289,2975,256
1765303855.667459,2976,256
1765303855.671508,2977,256
1765303855.672701,2978,256
1765303855.676517,2979,256
1765303855.677253,2980,256
1765303855.678411,2981,256
1765303855.682876,2982,256
1765303855.684250,2983,256
1765303855.689117,2984,256
1765303855.693801,2985,256
1765303855.695768,2986,256
1765303855.698145,2987,256
1765303855.698304,2988,256
1765303855.701441,2989,256
1765303855.703986,2990,256
1765303855.704486,2991,256
1765303855.709377,2992,256
1765303855.722736,2993,256
1765303855.725550,2994,256
1765303855.729682,2995,256
1765303855.733304,2996,256
1765303855.734314,2997,256
1765303855.734566,2998,256
1765303855.741006,2999,256
1765303855.742357,3000,256
1765303855.742426,3001,256
1765303855.745203,3002,256
1765303855.746483,3003,256
1765303855.748510,3004,256
1765303855.760566,3005,256
1765303855.760797,3006,256
1765303855.761095,3007,256
1765303855.762222,3008,256
1765303855.763675,3009,256
1765303855.764308,3010,256
1765303855.764909,3011,256
1765303855.766151,3012,256
1765303855.769348,3013,256
1765303855.769644,3014,256
1765303855.770396,3015,256
1765303855.776242,3016,256
1765303855.777037,3017,256
1765303855.787942,3018,256
1765303855.788052,3019,256
1765303855.790865,3020,256
1765303855.792143,3021,256
1765303855.797487,3022,256
1765303855.798239,3023,256
1765303855.804087,3024,256
1765303855.805751,3025,256
1765303855.811440,3026,256
1765303855.815278,3027,256
1765303855.816191,3028,256
1765303855.820854,3029,256
1765303855.820978,3030,256
1765303855.821272,3031,256
1765303855.821561,3032,256
1765303855.831589,3033,256
1765303855.834486,3034,256
1765303855.839427,3035,256
1765303855.843796,3036,256
1765303855.845385,3037,256
1765303855.845893,3038,256
1765303855.849746,3039,256
1765303855.850056,3040,256
1765303855.850523,3041,256
1765303855.853746,3042,256
1765303855.853822,3043,256
1765303855.859749,3044,256
1765303855.860757,3045,256
1765303855.863973,3046,256
1765303855.867594,3047,256
1765303855.872681,3048,256
1765303855.873481,3049,256
1765303855.878361,3050,256
1765303855.881205,3051,256
1765303855.882775,3052,256
1765303855.887564,3053,256
1765303855.894023,3054,256
1765303855.895641,3055,256
1765303855.896742,3056,256
1765303855.897677,3057,256
1765303855.900722,3058,256
1765303855.902028,3059,256
1765303855.904584,3060,256
1765303855.918775,3061,256
1765303855.921411,3062,256
1765303855.923965,3063,256
1765303855.927608,3064,256
1765303855.928382,3065,256
1765303855.928421,3066,256
1765303855.929427,3067,256
1765303855.930621,3068,256
1765303855.933205,3069,256
1765303855.938202,3070,256
1765303855.943484,3071,256
1765303855.946566,3072,256
1765303855.950189,3073,256
1765303855.951432,3074,256
1765303855.952100,3075,256
1765303855.957017,3076,256
1765303855.957376,3077,256
1765303855.957407,3078,256
1765303855.957649,3079,256
1765303855.958876,3080,256
1765303855.960734,3081,256
1765303855.975687,3082,256
1765303855.978749,3083,256
1765303855.985409,3084,256
1765303855.989197,3085,256
1765303855.994758,3086,256
1765303855.995681,3087,256
1765303855.996875,3088,256
1765303855.997707,3089,256
1765303856.008603,3090,256
1765303856.009869,3091,256
1765303856.011976,3092,256
1765303856.012348,3093,256
1765303856.012379,3094,256
1765303856.016684,3095,256
1765303856.019494,3096,256
1765303856.021219,3097,256
1765303856.021843,3098,256
1765303856.023638,3099,256
1765303856.028453,3100,256
1765303856.028576,3101,256
1765303856.031744,3102,256
1765303856.033156,3103,256
1765303856.035886,3104,256
1765303856.035962,3105,256
1765303856.046876,3106,256
1765303856.048998,3107,256
1765303856.049136,3108,256
1765303856.050883,3109,256
1765303856.055355,3110,256
1765303856.057501,3111,256
1765303856.057734,3112,256
1765303856.059641,3113,256
1765303856.060649,3114,256
1765303856.060758,3115,256
1765303856.067201,3116,256
1765303856.069391,3117,256
1765303856.073573,3118,256
1765303856.073996,3119,256
1765303856.075834,3120,256
1765303856.076180,3121,256
1765303856.078433,3122,256
1765303856.085753,3123,256
1765303856.088351,3124,256
1765303856.088499,3125,256
1765303856.089262,3126,256
1765303856.089319,3127,256
1765303856.090920,3128,256
1765303856.100418,3129,256
1765303856.104099,3130,256
1765303856.104776,3131,256
1765303856.109065,3132,256
1765303856.109251,3133,256
1765303856.116806,3134,256
1765303856.118866,3135,256
1765303856.121054,3136,256
1765303856.126739,3137,256
1765303856.133650,3138,256
1765303856.135246,3139,256
1765303856.144704,3140,256
1765303856.161062,3141,256
1765303856.163955,3142,256
1765303856.166458,3143,256
1765303856.167284,3144,256
1765303856.167548,3145,256
1765303856.171253,3146,256
1765303856.174023,3147,256
1765303856.175375,3148,256
1765303856.175848,3149,256
1765303856.177622,3150,256
1765303856.180446,3151,256
1765303856.181995,3152,256
1765303856.182211,3153,256
1765303856.183637,3154,256
1765303856.185554,3155,256
1765303856.190135,3156,256
1765303856.195946,3157,256
1765303856.201520,3158,256
1765303856.206236,3159,256
1765303856.207581,3160,256
1765303856.211970,3161,256
1765303856.214767,3162,256
1765303856.219352,3163,256
1765303856.220567,3164,256
1765303856.229046,3165,256
1765303856.229741,3166,256
1765303856.233925,3167,256
1765303856.238255,3168,256
1765303856.239570,3169,256
1765303856.242721,3170,256
1765303856.245744,3171,256
1765303856.246972,3172,256
1765303856.251960,3173,256
1765303856.253494,3174,256
1765303856.255679,3175,256
1765303856.255718,3176,256
1765303856.256559,3177,256
1765303856.261897,3178,256
1765303856.264405,3179,256
1765303856.266917,3180,256
1765303856.271327,3181,256
1765303856.274433,3182,256
1765303856.280672,3183,256
1765303856.280933,3184,256
1765303856.281254,3185,256
1765303856.282974,3186,256
1765303856.285416,3187,256
1765303856.287255,3188,256
1765303856.288319,3189,256
1765303856.291021,3190,256
1765303856.291393,3191,256
1765303856.293414,3192,256
1765303856.293740,3193,256
1765303856.297366,3194,256
1765303856.301643,3195,256
1765303856.304090,3196,256
1765303856.309370,3197,256
1765303856.309723,3198,256
1765303856.317537,3199,256
1765303856.326333,3200,256
1765303856.329550,3201,256
1765303856.331994,3202,256
1765303856.339369,3203,256
1765303856.339511,3204,256
1765303856.353476,3205,256
1765303856.359985,3206,256
1765303856.362037,3207,256
1765303856.365966,3208,256
1765303856.368133,3209,256
1765303856.370113,3210,256
1765303856.377788,3211,256
1765303856.382179,3212,256
1765303856.386809,3213,256
1765303856.388682,3214,256
1765303856.391639,3215,256
1765303856.395110,3216,256
1765303856.395236,3217,256
1765303856.397287,3218,256
1765303856.411045,3219,256
1765303856.412901,3220,256
1765303856.414558,3221,256
1765303856.417015,3222,256
1765303856.418967,3223,256
1765303856.422612,3224,256
1765303856.422986,3225,256
1765303856.423052,3226,256
1765303856.423384,3227,256
1765303856.426395,3228,256
1765303856.432758,3229,256
1765303856.434904,3230,256
1765303856.436427,3231,256
1765303856.439814,3232,256
1765303856.441402,3233,256
1765303856.445019,3234,256
1765303856.446765,3235,256
1765303856.453405,3236,256
1765303856.458279,3237,256
1765303856.458488,3238,256
1765303856.459460,3239,256
1765303856.460864,3240,256
1765303856.462996,3241,256
1765303856.467194,3242,256
1765303856.474037,3243,256
1765303856.475960,3244,256
1765303856.478243,3245,256
1765303856.479748,3246,256
1765303856.479870,3247,256
1765303856.481367,3248,256
1765303856.481964,3249,256
1765303856.486204,3250,256
1765303856.491067,3251,256
1765303856.492494,3252,256
1765303856.495626,3253,256
1765303856.495699,3254,256
1765303856.498098,3255,256
1765303856.502821,3256,256
1765303856.507144,3257,256
1765303856.508734,3258,256
1765303856.515671,3259,256
1765303856.520910,3260,256
1765303856.522250,3261,256
1765303856.523432,3262,256
1765303856.531066,3263,256
1765303856.532464,3264,256
1765303856.535001,3265,256
1765303856.539872,3266,256
1765303856.542226,3267,256
1765303856.543724,3268,256
1765303856.545391,3269,256
1765303856.554390,3270,256
1765303856.559647,3271,256
1765303856.565335,3272,256
1765303856.568846,3273,256
1765303856.578957,3274,256
1765303856.579136,3275,256
1765303856.581890,3276,256
1765303856.582052,3277,256
1765303856.583773,3278,256
1765303856.588593,3279,256
1765303856.589035,3280,256
1765303856.593014,3281,256
1765303856.594063,3282,256
1765303856.597740,3283,256
1765303856.599247,3284,256
1765303856.610948,3285,256
1765303856.611484,3286,256
1765303856.615433,3287,256
1765303856.616114,3288,256
1765303856.620216,3289,256
1765303856.620327,3290,256
1765303856.628388,3291,256
1765303856.633297,3292,256
1765303856.643456,3293,256
1765303856.643694,3294,256
1765303856.644932,3295,256
1765303856.656763,3296,256
1765303856.658016,3297,256
1765303856.660464,3298,256
1765303856.662385,3299,256
1765303856.667793,3300,256
1765303856.668741,3301,256
1765303856.672880,3302,256
1765303856.673487,3303,256
1765303856.676862,3304,256
1765303856.677250,3305,256
1765303856.681075,3306,256
1765303856.684232,3307,256
1765303856.685388,3308,256
1765303856.685594,3309,256
1765303856.686155,3310,256
1765303856.689646,3311,256
1765303856.699477,3312,256
1765303856.702130,3313,256
1765303856.707143,3314,256
1765303856.707832,3315,256
1765303856.708505,3316,256
1765303856.710397,3317,256
1765303856.713638,3318,256
1765303856.716993,3319,256
1765303856.718431,3320,256
1765303856.721410,3321,256
1765303856.722740,3322,256
1765303856.723467,3323,256
1765303856.725328,3324,256
1765303856.728951,3325,256
1765303856.730291,3326,256
1765303856.730608,3327,256
1765303856.732275,3328,256
1765303856.734831,3329,256
1765303856.752085,3330,256
1765303856.755623,3331,256
1765303856.762335,3332,256
1765303856.769828,3333,256
1765303856.772018,3334,256
1765303856.772666,3335,256
1765303856.777069,3336,256
1765303856.780606,3337,256
1765303856.780687,3338,256
1765303856.781038,3339,256
1765303856.783677,3340,256
1765303856.797281,3341,256
1765303856.804928,3342,256
1765303856.812816,3343,256
1765303856.813319,3344,256
1765303856.820015,3345,256
1765303856.822588,3346,256
1765303856.823296,3347,256
1765303856.826515,3348,256
1765303856.831071,3349,256
1765303856.833170,3350,256
1765303856.837065,3351,256
1765303856.837428,3352,256
1765303856.840824,3353,256
1765303856.841986,3354,256
1765303856.849686,3355,256
1765303856.850982,3356,256
1765303856.853390,3357,256
1765303856.855537,3358,256
1765303856.856762,3359,256
1765303856.857419,3360,256
1765303856.858286,3361,256
1765303856.861987,3362,256
1765303856.869629,3363,256
1765303856.869803,3364,256
1765303856.871514,3365,256
1765303856.876862,3366,256
1765303856.880629,3367,256
1765303856.885339,3368,256
1765303856.887517,3369,256
1765303856.889534,3370,256
1765303856.889661,3371,256
1765303856.890440,3372,256
1765303856.892597,3373,256
1765303856.893389,3374,256
1765303856.897610,3375,256
1765303856.904156,3376,256
1765303856.904506,3377,256
1765303856.912129,3378,256
1765303856.913845,3379,256
1765303856.917380,3380,256
1765303856.923740,3381,256
1765303856.927693,3382,256
1765303856.928910,3383,256
1765303856.929252,3384,256
1765303856.932959,3385,256
1765303856.945244,3386,256
1765303856.946244,3387,256
1765303856.947212,3388,256
1765303856.947386,3389,256
1765303856.949900,3390,256
1765303856.956362,3391,256
1765303856.962830,3392,256
1765303856.967838,3393,256
1765303856.976523,3394,256
1765303856.980402,3395,256
1765303856.983223,3396,256
1765303856.983785,3397,256
1765303856.985843,3398,256
1765303856.988385,3399,256
1765303856.989406,3400,256
1765303856.991755,3401,256
1765303856.994903,3402,256
1765303856.998889,3403,256
1765303856.999057,3404,256
1765303857.001806,3405,256
1765303857.001948,3406,256
1765303857.009351,3407,256
1765303857.009920,3408,256
1765303857.014401,3409,256
1765303857.018955,3410,256
1765303857.024080,3411,256
1765303857.025318,3412,256
1765303857.030570,3413,256
1765303857.032868,3414,256
1765303857.033975,3415,256
1765303857.036943,3416,256
1765303857.037153,3417,256
1765303857.038601,3418,256
1765303857.041961,3419,256
1765303857.042757,3420,256
1765303857.043771,3421,256
1765303857.044772,3422,256
1765303857.046105,3423,256
1765303857.049248,3424,256
1765303857.052898,3425,256
1765303857.055844,3426,256
1765303857.059872,3427,256
1765303857.072740,3428,256
1765303857.074889,3429,256
1765303857.076135,3430,256
1765303857.077498,3431,256
1765303857.078857,3432,256
1765303857.081300,3433,256
1765303857.081485,3434,256
1765303857.085490,3435,256
1765303857.090330,3436,256
1765303857.090542,3437,256
1765303857.090921,3438,256
1765303857.093338,3439,256
1765303857.094947,3440,256
1765303857.101703,3441,256
1765303857.101873,3442,256
1765303857.106907,3443,256
1765303857.107039,3444,256
1765303857.107390,3445,256
1765303857.110743,3446,256
1765303857.121373,3447,256
1765303857.125564,3448,256
1765303857.125918,3449,256
1765303857.128597,3450,256
1765303857.131421,3451,256
1765303857.131995,3452,256
1765303857.138873,3453,256
1765303857.139405,3454,256
1765303857.148516,3455,256
1765303857.149878,3456,256
1765303857.149989,3457,256
1765303857.151872,3458,256
1765303857.154339,3459,256
1765303857.157500,3460,256
1765303857.166145,3461,256
1765303857.166421,3462,256
1765303857.170717,3463,256
1765303857.172293,3464,256
1765303857.176030,3465,256
1765303857.177131,3466,256
1765303857.178744,3467,256
1765303857.179507,3468,256
1765303857.182916,3469,256
1765303857.183373,3470,256
1765303857.188211,3471,256
1765303857.188380,3472,256
1765303857.189037,3473,256
1765303857.190358,3474,256
1765303857.191957,3475,256
1765303857.193142,3476,256
1765303857.197493,3477,256
1765303857.201527,3478,256
1765303857.202902,3479,256
1765303857.203736,3480,256
1765303857.205872,3481,256
1765303857.205979,3482,256
1765303857.210087,3483,256
1765303857.212435,3484,256
1765303857.215583,3485,256
1765303857.221745,3486,256
1765303857.228974,3487,256
1765303857.235033,3488,256
1765303857.236348,3489,256
1765303857.238383,3490,256
1765303857.245245,3491,256
1765303857.245403,3492,256
1765303857.246114,3493,256
1765303857.247358,3494,256
1765303857.249108,3495,256
1765303857.249310,3496,256
1765303857.249819,3497,256
1765303857.257175,3498,256
1765303857.257872,3499,256
1765303857.264269,3500,256
1765303857.264817,3501,256
1765303857.265700,3502,256
1765303857.266768,3503,256
1765303857.268150,3504,256
1765303857.268399,3505,256
1765303857.268985,3506,256
1765303857.270677,3507,256
1765303857.274764,3508,256
1765303857.275950,3509,256
1765303857.277837,3510,256
1765303857.278507,3511,256
1765303857.284986,3512,256
1765303857.288664,3513,256
1765303857.293732,3514,256
1765303857.295055,3515,256
1765303857.302437,3516,256
1765303857.308514,3517,256
1765303857.315935,3518,256
1765303857.317218,3519,256
1765303857.320580,3520,256
1765303857.325557,3521,256
1765303857.325694,3522,256
1765303857.327871,3523,256
1765303857.329828,3524,256
1765303857.332087,3525,256
1765303857.343405,3526,256
1765303857.347702,3527,256
1765303857.353059,3528,256
1765303857.354025,3529,256
1765303857.357696,3530,256
1765303857.362080,3531,256
1765303857.363634,3532,256
1765303857.364271,3533,256
1765303857.367851,3534,256
1765303857.368387,3535,256
1765303857.373966,3536,256
1765303857.377246,3537,256
1765303857.381235,3538,256
1765303857.384876,3539,256
1765303857.386003,3540,256
1765303857.395002,3541,256
1765303857.398983,3542,256
1765303857.399628,3543,256
1765303857.399978,3544,256
1765303857.400532,3545,256
1765303857.404670,3546,256
1765303857.406388,3547,256
1765303857.406958,3548,256
1765303857.406997,3549,256
1765303857.413694,3550,256
1765303857.419778,3551,256
1765303857.420912,3552,256
1765303857.424411,3553,256
1765303857.425278,3554,256
1765303857.428094,3555,256
1765303857.429659,3556,256
1765303857.441916,3557,256
1765303857.443652,3558,256
1765303857.450179,3559,256
1765303857.450311,3560,256
1765303857.456751,3561,256
1765303857.465165,3562,256
1765303857.465303,3563,256
1765303857.469745,3564,256
1765303857.472397,3565,256
1765303857.473110,3566,256
1765303857.473683,3567,256
1765303857.476001,3568,256
1765303857.477135,3569,256
1765303857.477646,3570,256
1765303857.481867,3571,256
1765303857.484920,3572,256
1765303857.486521,3573,256
1765303857.490647,3574,256
1765303857.491434,3575,256
1765303857.491995,3576,256
1765303857.493503,3577,256
1765303857.499880,3578,256
1765303857.504797,3579,256
1765303857.505859,3580,256
1765303857.514400,3581,256
1765303857.517332,3582,256
1765303857.523571,3583,256
1765303857.523679,3584,256
1765303857.526313,3585,256
1765303857.538870,3586,256
1765303857.546821,3587,256
1765303857.546901,3588,256
1765303857.546916,3589,256
1765303857.547428,3590,256
1765303857.547454,3591,256
1765303857.552026,3592,256
1765303857.553221,3593,256
1765303857.554132,3594,256
1765303857.559024,3595,256
1765303857.565421,3596,256
1765303857.565567,3597,256
1765303857.568878,3598,256
1765303857.569620,3599,256
1765303857.573105,3600,256
1765303857.573965,3601,256
1765303857.577353,3602,256
1765303857.578006,3603,256
1765303857.584725,3604,256
1765303857.586968,3605,256
1765303857.589077,3606,256
1765303857.590877,3607,256
1765303857.597994,3608,256
1765303857.601578,3609,256
1765303857.602012,3610,256
1765303857.610590,3611,256
1765303857.618467,3612,256
1765303857.620919,3613,256
1765303857.623930,3614,256
1765303857.626530,3615,256
1765303857.629873,3616,256
1765303857.632118,3617,256
1765303857.634906,3618,256
1765303857.638898,3619,256
1765303857.643988,3620,256
1765303857.653491,3621,256
1765303857.659805,3622,256
1765303857.662894,3623,256
1765303857.666612,3624,256
1765303857.676283,3625,256
1765303857.682084,3626,256
1765303857.682955,3627,256
1765303857.682992,3628,256
1765303857.683260,3629,256
1765303857.684877,3630,256
1765303857.685385,3631,256
1765303857.697149,3632,256
1765303857.697287,3633,256
1765303857.702638,3634,256
1765303857.705188,3635,256
1765303857.706305,3636,256
1765303857.715216,3637,256
1765303857.718137,3638,256
1765303857.728491,3639,256
1765303857.730751,3640,256
1765303857.730996,3641,256
1765303857.733987,3642,256
1765303857.734911,3643,256
1765303857.735180,3644,256
1765303857.738331,3645,256
1765303857.739243,3646,256
1765303857.751196,3647,256
1765303857.751338,3648,256
1765303857.751641,3649,256
1765303857.759344,3650,256
1765303857.774251,3651,256
1765303857.775878,3652,256
1765303857.776578,3653,256
1765303857.780773,3654,256
1765303857.787875,3655,256
1765303857.793134,3656,256
1765303857.793472,3657,256
1765303857.795268,3658,256
1765303857.799520,3659,256
1765303857.799930,3660,256
1765303857.801864,3661,256
1765303857.802265,3662,256
1765303857.808175,3663,256
1765303857.812854,3664,256
1765303857.821042,3665,256
1765303857.823054,3666,256
1765303857.825445,3667,256
1765303857.834122,3668,256
1765303857.838169,3669,256
1765303857.839692,3670,256
1765303857.841897,3671,256
1765303857.850802,3672,256
1765303857.855885,3673,256
1765303857.860259,3674,256
1765303857.863818,3675,256
1765303857.867980,3676,256
1765303857.868130,3677,256
1765303857.871123,3678,256
1765303857.872902,3679,256
1765303857.873167,3680,256
1765303857.874218,3681,256
1765303857.874284,3682,256
1765303857.876673,3683,256
1765303857.879770,3684,256
1765303857.880416,3685,256
1765303857.893212,3686,256
1765303857.895899,3687,256
1765303857.899508,3688,256
1765303857.900554,3689,256
1765303857.901872,3690,256
1765303857.905095,3691,256
1765303857.907578,3692,256
1765303857.909362,3693,256
1765303857.909470,3694,256
1765303857.910856,3695,256
1765303857.911879,3696,256
1765303857.912010,3697,256
1765303857.912089,3698,256
1765303857.924052,3699,256
1765303857.925186,3700,256
1765303857.929205,3701,256
1765303857.936459,3702,256
1765303857.940268,3703,256
1765303857.946581,3704,256
1765303857.952367,3705,256
1765303857.954092,3706,256
1765303857.954237,3707,256
1765303857.960848,3708,256
1765303857.961441,3709,256
1765303857.966530,3710,256
1765303857.968524,3711,256
1765303857.970358,3712,256
1765303857.974776,3713,256
1765303857.974847,3714,256
1765303857.981077,3715,256
1765303857.981209,3716,256
1765303857.983649,3717,256
1765303857.993585,3718,256
1765303857.997878,3719,256
1765303857.997972,3720,256
1765303857.998246,3721,256
1765303858.001949,3722,256
1765303858.002018,3723,256
1765303858.002784,3724,256
1765303858.003858,3725,256
1765303858.004142,3726,256
1765303858.007215,3727,256
1765303858.009835,3728,256
1765303858.012063,3729,256
1765303858.013805,3730,256
1765303858.018669,3731,256
1765303858.023382,3732,256
1765303858.028586,3733,256
1765303858.030538,3734,256
1765303858.039826,3735,256
1765303858.039924,3736,256
1765303858.043596,3737,256
1765303858.056434,3738,256
1765303858.059757,3739,256
1765303858.062110,3740,256
1765303858.062494,3741,256
1765303858.072857,3742,256
1765303858.073085,3743,256
1765303858.075968,3744,256
1765303858.076854,3745,256
1765303858.080175,3746,256
1765303858.082929,3747,256
1765303858.084057,3748,256
1765303858.086235,3749,256
1765303858.087848,3750,256
1765303858.088749,3751,256
1765303858.089690,3752,256
1765303858.091378,3753,256
1765303858.096390,3754,256
1765303858.102967,3755,256
1765303858.105836,3756,256
1765303858.107067,3757,256
1765303858.112812,3758,256
1765303858.115433,3759,256
1765303858.116147,3760,256
1765303858.116349,3761,256
1765303858.118315,3762,256
1765303858.120297,3763,256
1765303858.121959,3764,256
1765303858.122182,3765,256
1765303858.123329,3766,256
1765303858.134150,3767,256
1765303858.134889,3768,256
1765303858.142381,3769,256
1765303858.143856,3770,256
1765303858.150778,3771,256
1765303858.153852,3772,256
1765303858.156022,3773,256
1765303858.159330,3774,256
1765303858.160191,3775,256
1765303858.160227,3776,256
1765303858.160426,3777,256
1765303858.168865,3778,256
1765303858.169243,3779,256
1765303858.170754,3780,256
1765303858.171893,3781,256
1765303858.172519,3782,256
1765303858.176920,3783,256
1765303858.177785,3784,256
1765303858.186025,3785,256
1765303858.194400,3786,256
1765303858.199465,3787,256
1765303858.202697,3788,256
1765303858.204488,3789,256
1765303858.207564,3790,256
1765303858.209802,3791,256
1765303858.210763,3792,256
1765303858.213387,3793,256
1765303858.213589,3794,256
1765303858.216847,3795,256
1765303858.219361,3796,256
1765303858.219521,3797,256
1765303858.225170,3798,256
1765303858.225768,3799,256
1765303858.230695,3800,256
1765303858.230778,3801,256
1765303858.235984,3802,256
1765303858.247969,3803,256
1765303858.252905,3804,256
1765303858.255366,3805,256
1765303858.256339,3806,256
1765303858.257063,3807,256
1765303858.262515,3808,256
1765303858.264305,3809,256
1765303858.265861,3810,256
1765303858.266216,3811,256
1765303858.273698,3812,256
1765303858.276870,3813,256
1765303858.283173,3814,256
1765303858.285292,3815,256
1765303858.285369,3816,256
1765303858.291235,3817,256
1765303858.298756,3818,256
1765303858.299943,3819,256
1765303858.300391,3820,256
1765303858.301685,3821,256
1765303858.302405,3822,256
1765303858.302593,3823,256
1765303858.302722,3824,256
1765303858.308952,3825,256
1765303858.313210,3826,256
1765303858.314394,3827,256
1765303858.315837,3828,256
1765303858.322359,3829,256
1765303858.329895,3830,256
1765303858.334192,3831,256
1765303858.334502,3832,256
1765303858.335798,3833,256
1765303858.335926,3834,256
1765303858.340080,3835,256
1765303858.340967,3836,256
1765303858.342960,3837,256
1765303858.344871,3838,256
1765303858.349318,3839,256
1765303858.351761,3840,256
1765303858.353065,3841,256
1765303858.356898,3842,256
1765303858.357122,3843,256
1765303858.358601,3844,256
1765303858.359694,3845,256
1765303858.359846,3846,256
1765303858.366179,3847,256
1765303858.372601,3848,256
1765303858.374661,3849,256
1765303858.374700,3850,256
1765303858.375840,3851,256
1765303858.379745,3852,256
1765303858.387190,3853,256
1765303858.389923,3854,256
1765303858.395681,3855,256
1765303858.397410,3856,256
1765303858.402386,3857,256
1765303858.407180,3858,256
1765303858.407365,3859,256
1765303858.412360,3860,256
1765303858.416914,3861,256
1765303858.422872,3862,256
1765303858.425574,3863,256
1765303858.432842,3864,256
1765303858.435048,3865,256
1765303858.435956,3866,256
1765303858.443330,3867,256
1765303858.444157,3868,256
1765303858.444179,3869,256
1765303858.449846,3870,256
1765303858.454378,3871,256
1765303858.459067,3872,256
1765303858.462181,3873,256
1765303858.462368,3874,256
1765303858.466310,3875,256
1765303858.472083,3876,256
1765303858.479092,3877,256
1765303858.480026,3878,256
1765303858.480416,3879,256
1765303858.484946,3880,256
1765303858.486222,3881,256
1765303858.489245,3882,256
1765303858.492238,3883,256
1765303858.506365,3884,256
1765303858.506499,3885,256
1765303858.506986,3886,256
1765303858.507220,3887,256
1765303858.511534,3888,256
1765303858.513923,3889,256
1765303858.513983,3890,256
1765303858.517897,3891,256
1765303858.518135,3892,256
1765303858.520450,3893,256
1765303858.523870,3894,256
1765303858.532116,3895,256
1765303858.534915,3896,256
1765303858.535049,3897,256
1765303858.535083,3898,256
1765303858.535551,3899,256
1765303858.538878,3900,256
1765303858.548813,3901,256
1765303858.553380,3902,256
1765303858.554062,3903,256
1765303858.555052,3904,256
1765303858.563319,3905,256
1765303858.564204,3906,256
1765303858.565151,3907,256
1765303858.566282,3908,256
1765303858.566524,3909,256
1765303858.567227,3910,256
1765303858.570447,3911,256
1765303858.570963,3912,256
1765303858.571101,3913,256
1765303858.573793,3914,256
1765303858.580395,3915,256
1765303858.581748,3916,256
1765303858.584214,3917,256
1765303858.590415,3918,256
1765303858.591127,3919,256
1765303858.591404,3920,256
1765303858.592698,3921,256
1765303858.595504,3922,256
1765303858.597149,3923,256
1765303858.602391,3924,256
1765303858.602494,3925,256
1765303858.611680,3926,256
1765303858.614642,3927,256
1765303858.617233,3928,256
1765303858.617777,3929,256
1765303858.619195,3930,256
1765303858.622467,3931,256
1765303858.628333,3932,256
1765303858.629313,3933,256
1765303858.632550,3934,256
1765303858.641791,3935,256
1765303858.642156,3936,256
1765303858.644084,3937,256
1765303858.644468,3938,256
1765303858.644725,3939,256
1765303858.649749,3940,256
1765303858.650667,3941,256
1765303858.652594,3942,256
1765303858.656925,3943,256
1765303858.659050,3944,256
1765303858.660904,3945,256
1765303858.660960,3946,256
1765303858.663930,3947,256
1765303858.667615,3948,256
1765303858.671563,3949,256
1765303858.673812,3950,256
1765303858.675039,3951,256
1765303858.681473,3952,256
1765303858.682891,3953,256
1765303858.683188,3954,256
1765303858.684852,3955,256
1765303858.686641,3956,256
1765303858.691938,3957,256
1765303858.693643,3958,256
1765303858.694311,3959,256
1765303858.697936,3960,256
1765303858.702290,3961,256
1765303858.702466,3962,256
1765303858.711568,3963,256
1765303858.714876,3964,256
1765303858.717224,3965,256
1765303858.719321,3966,256
1765303858.724876,3967,256
1765303858.738601,3968,256
1765303858.738751,3969,256
1765303858.741521,3970,256
1765303858.752942,3971,256
1765303858.754161,3972,256
1765303858.756104,3973,256
1765303858.757297,3974,256
1765303858.760101,3975,256
1765303858.761407,3976,256
1765303858.769263,3977,256
1765303858.771257,3978,256
1765303858.772009,3979,256
1765303858.772229,3980,256
1765303858.775376,3981,256
1765303858.778031,3982,256
1765303858.781794,3983,256
1765303858.782862,3984,256
1765303858.787555,3985,256
1765303858.788333,3986,256
1765303858.789453,3987,256
1765303858.789580,3988,256
1765303858.799760,3989,256
1765303858.800972,3990,256
1765303858.803229,3991,256
1765303858.803504,3992,256
1765303858.805162,3993,256
1765303858.805860,3994,256
1765303858.807889,3995,256
1765303858.815531,3996,256
1765303858.818089,3997,256
1765303858.821720,3998,256
1765303858.843512,3999,256
1765303858.845552,4000,256
1765303858.845919,4001,256
1765303858.846012,4002,256
1765303858.848858,4003,256
1765303858.851140,4004,256
1765303858.852605,4005,256
1765303858.857283,4006,256
1765303858.862250,4007,256
1765303858.868636,4008,256
1765303858.874046,4009,256
1765303858.881882,4010,256
1765303858.882216,4011,256
1765303858.883338,4012,256
1765303858.886304,4013,256
1765303858.892508,4014,256
1765303858.895088,4015,256
1765303858.898839,4016,256
1765303858.900136,4017,256
1765303858.901870,4018,256
1765303858.902007,4019,256
1765303858.902879,4020,256
1765303858.906236,4021,256
1765303858.911434,4022,256
1765303858.911727,4023,256
1765303858.911751,4024,256
1765303858.916318,4025,256
1765303858.928013,4026,256
1765303858.935695,4027,256
1765303858.936009,4028,256
1765303858.941933,4029,256
1765303858.944820,4030,256
1765303858.947414,4031,256
1765303858.949568,4032,256
1765303858.956350,4033,256
1765303858.967769,4034,256
1765303858.968488,4035,256
1765303858.972356,4036,256
1765303858.972537,4037,256
1765303858.977540,4038,256
1765303858.977812,4039,256
1765303858.984081,4040,256
1765303858.987586,4041,256
1765303858.989541,4042,256
1765303858.993055,4043,256
1765303858.996292,4044,256
1765303858.996461,4045,256
1765303858.996698,4046,256
1765303859.021068,4047,256
1765303859.023252,4048,256
1765303859.027875,4049,256
1765303859.030305,4050,256
1765303859.033765,4051,256
1765303859.041867,4052,256
1765303859.042242,4053,256
1765303859.044981,4054,256
1765303859.049118,4055,256
1765303859.055208,4056,256
1765303859.060320,4057,256
1765303859.064268,4058,256
1765303859.065686,4059,256
1765303859.073299,4060,256
1765303859.075314,4061,256
1765303859.085875,4062,256
1765303859.085959,4063,256
1765303859.094536,4064,256
1765303859.097503,4065,256
1765303859.100092,4066,256
1765303859.100220,4067,256
1765303859.108606,4068,256
1765303859.110602,4069,256
1765303859.112344,4070,256
1765303859.112524,4071,256
1765303859.113384,4072,256
1765303859.113962,4073,256
1765303859.121554,4074,256
1765303859.124877,4075,256
1765303859.141542,4076,256
1765303859.143522,4077,256
1765303859.144467,4078,256
1765303859.148421,4079,256
1765303859.151527,4080,256
1765303859.154288,4081,256
1765303859.159299,4082,256
1765303859.159587,4083,256
1765303859.160444,4084,256
1765303859.161753,4085,256
1765303859.162348,4086,256
1765303859.166883,4087,256
1765303859.167040,4088,256
1765303859.168880,4089,256
1765303859.169375,4090,256
1765303859.172091,4091,256
1765303859.172391,4092,256
1765303859.173364,4093,256
1765303859.174361,4094,256
1765303859.176001,4095,256
1765303859.177517,4096,256
1765303859.177691,4097,256
1765303859.178834,4098,256
1765303859.180673,4099,256
1765303859.185955,4100,256
1765303859.186255,4101,256
1765303859.186928,4102,256
1765303859.187371,4103,256
1765303859.192526,4104,256
1765303859.196381,4105,256
1765303859.197434,4106,256
1765303859.199051,4107,256
1765303859.199209,4108,256
1765303859.200043,4109,256
1765303859.200489,4110,256
1765303859.201845,4111,256
1765303859.203069,4112,256
1765303859.215369,4113,256
1765303859.215847,4114,256
1765303859.216062,4115,256
1765303859.216870,4116,256
1765303859.223129,4117,256
1765303859.225680,4118,256
1765303859.227646,4119,256
1765303859.228119,4120,256
1765303859.230557,4121,256
1765303859.230669,4122,256
1765303859.233210,4123,256
1765303859.233850,4124,256
1765303859.235300,4125,256
1765303859.235516,4126,256
1765303859.237785,4127,256
1765303859.240106,4128,256
1765303859.248776,4129,256
1765303859.254406,4130,256
1765303859.256241,4131,256
1765303859.257207,4132,256
1765303859.258748,4133,256
1765303859.269452,4134,256
1765303859.270869,4135,256
1765303859.283033,4136,256
1765303859.288084,4137,256
1765303859.292222,4138,256
1765303859.294028,4139,256
1765303859.295785,4140,256
1765303859.297109,4141,256
1765303859.298005,4142,256
1765303859.303902,4143,256
1765303859.310165,4144,256
1765303859.312797,4145,256
1765303859.315893,4146,256
1765303859.321702,4147,256
1765303859.322919,4148,256
1765303859.325463,4149,256
1765303859.327749,4150,256
1765303859.328793,4151,256
1765303859.330407,4152,256
1765303859.331699,4153,256
1765303859.337155,4154,256
1765303859.342291,4155,256
1765303859.344491,4156,256
1765303859.349361,4157,256
1765303859.362395,4158,256
1765303859.362616,4159,256
1765303859.362778,4160,256
1765303859.367461,4161,256
1765303859.367647,4162,256
1765303859.367829,4163,256
1765303859.373801,4164,256
1765303859.375147,4165,256
1765303859.376981,4166,256
1765303859.377170,4167,256
1765303859.378141,4168,256
1765303859.381770,4169,256
1765303859.382851,4170,256
1765303859.392125,4171,256
1765303859.397693,4172,256
1765303859.400914,4173,256
1765303859.408311,4174,256
1765303859.409898,4175,256
1765303859.413291,4176,256
1765303859.415544,4177,256
1765303859.415956,4178,256
1765303859.422337,4179,256
1765303859.422513,4180,256
1765303859.424402,4181,256
1765303859.424576,4182,256
1765303859.429756,4183,256
1765303859.430499,4184,256
1765303859.432771,4185,256
1765303859.433141,4186,256
1765303859.439132,4187,256
1765303859.441987,4188,256
1765303859.447573,4189,256
1765303859.447763,4190,256
1765303859.456196,4191,256
1765303859.456297,4192,256
1765303859.457435,4193,256
1765303859.458456,4194,256
1765303859.459161,4195,256
1765303859.464043,4196,256
1765303859.466929,4197,256
1765303859.468013,4198,256
1765303859.468463,4199,256
1765303859.477910,4200,256
1765303859.478424,4201,256
1765303859.480933,4202,256
1765303859.484823,4203,256
1765303859.491681,4204,256
1765303859.501968,4205,256
1765303859.509383,4206,256
1765303859.512034,4207,256
1765303859.515148,4208,256
1765303859.515356,4209,256
1765303859.515490,4210,256
1765303859.515682,4211,256
1765303859.520511,4212,256
1765303859.524289,4213,256
1765303859.526308,4214,256
1765303859.528584,4215,256
1765303859.531011,4216,256
1765303859.531595,4217,256
1765303859.534771,4218,256
1765303859.534941,4219,256
1765303859.536271,4220,256
1765303859.536731,4221,256
1765303859.537866,4222,256
1765303859.539051,4223,256
1765303859.552462,4224,256
1765303859.554494,4225,256
1765303859.557270,4226,256
1765303859.559311,4227,256
1765303859.562654,4228,256
1765303859.577391,4229,256
1765303859.582149,4230,256
1765303859.592932,4231,256
1765303859.594061,4232,256
1765303859.603666,4233,256
1765303859.615416,4234,256
1765303859.616616,4235,256
1765303859.619915,4236,256
1765303859.622363,4237,256
1765303859.624173,4238,256
1765303859.630342,4239,256
1765303859.639977,4240,256
1765303859.642188,4241,256
1765303859.645591,4242,256
1765303859.646959,4243,256
1765303859.648912,4244,256
1765303859.654587,4245,256
1765303859.658863,4246,256
1765303859.665839,4247,256
1765303859.666327,4248,256
1765303859.668426,4249,256
1765303859.672894,4250,256
1765303859.677438,4251,256
1765303859.680297,4252,256
1765303859.682897,4253,256
1765303859.684752,4254,256
1765303859.685137,4255,256
1765303859.687225,4256,256
1765303859.689260,4257,256
1765303859.689610,4258,256
1765303859.697025,4259,256
1765303859.699656,4260,256
1765303859.700143,4261,256
1765303859.701725,4262,256
1765303859.706557,4263,256
1765303859.707000,4264,256
1765303859.712238,4265,256
1765303859.715841,4266,256
1765303859.716656,4267,256
1765303859.718137,4268,256
1765303859.719706,4269,256
1765303859.720668,4270,256
1765303859.722161,4271,256
1765303859.725124,4272,256
1765303859.731644,4273,256
1765303859.732659,4274,256
1765303859.732796,4275,256
1765303859.733349,4276,256
1765303859.740121,4277,256
1765303859.743688,4278,256
1765303859.750476,4279,256
1765303859.750964,4280,256
1765303859.753741,4281,256
1765303859.758942,4282,256
1765303859.772814,4283,256
1765303859.776770,4284,256
1765303859.779337,4285,256
1765303859.782495,4286,256
1765303859.783447,4287,256
1765303859.783656,4288,256
1765303859.783836,4289,256
1765303859.785308,4290,256
1765303859.788384,4291,256
1765303859.791397,4292,256
1765303859.791715,4293,256
1765303859.793465,4294,256
1765303859.794955,4295,256
1765303859.798030,4296,256
1765303859.798395,4297,256
1765303859.800524,4298,256
1765303859.805922,4299,256
1765303859.809255,4300,256
1765303859.812111,4301,256
1765303859.812887,4302,256
1765303859.813029,4303,256
1765303859.815895,4304,256
1765303859.816296,4305,256
1765303859.817090,4306,256
1765303859.818917,4307,256
1765303859.820305,4308,256
1765303859.821400,4309,256
1765303859.826001,4310,256
1765303859.826503,4311,256
1765303859.830741,4312,256
1765303859.834819,4313,256
1765303859.835105,4314,256
1765303859.846843,4315,256
1765303859.847154,4316,256
1765303859.847422,4317,256
1765303859.850363,4318,256
1765303859.850968,4319,256
1765303859.858135,4320,256
1765303859.860926,4321,256
1765303859.869972,4322,256
1765303859.870438,4323,256
1765303859.883851,4324,256
1765303859.887875,4325,256
1765303859.890791,4326,256
1765303859.895706,4327,256
1765303859.897869,4328,256
1765303859.898845,4329,256
1765303859.903485,4330,256
1765303859.904058,4331,256
1765303859.904258,4332,256
1765303859.912151,4333,256
1765303859.918803,4334,256
1765303859.924273,4335,256
1765303859.927248,4336,256
1765303859.930726,4337,256
1765303859.933266,4338,256
1765303859.939125,4339,256
1765303859.940745,4340,256
1765303859.941834,4341,256
1765303859.942573,4342,256
1765303859.944580,4343,256
1765303859.952673,4344,256
1765303859.957530,4345,256
1765303859.963761,4346,256
1765303859.965136,4347,256
1765303859.970468,4348,256
1765303859.973023,4349,256
1765303859.975564,4350,256
1765303859.978674,4351,256
1765303859.985754,4352,256
1765303859.988781,4353,256
1765303859.992808,4354,256
1765303859.994455,4355,256
1765303859.996493,4356,256
1765303859.997913,4357,256
1765303860.001611,4358,256
1765303860.003354,4359,256
1765303860.015580,4360,256
1765303860.017966,4361,256
1765303860.022302,4362,256
1765303860.028421,4363,256
1765303860.033685,4364,256
1765303860.033896,4365,256
1765303860.043279,4366,256
1765303860.050742,4367,256
1765303860.050934,4368,256
1765303860.057386,4369,256
1765303860.059048,4370,256
1765303860.066321,4371,256
1765303860.078743,4372,256
1765303860.082248,4373,256
1765303860.082750,4374,256
1765303860.084607,4375,256
1765303860.088918,4376,256
1765303860.090190,4377,256
1765303860.091860,4378,256
1765303860.092019,4379,256
1765303860.092134,4380,256
1765303860.092934,4381,256
1765303860.098008,4382,256
1765303860.099000,4383,256
1765303860.100797,4384,256
1765303860.113849,4385,256
1765303860.115336,4386,256
1765303860.116558,4387,256
1765303860.116724,4388,256
1765303860.118488,4389,256
1765303860.118597,4390,256
1765303860.119123,4391,256
1765303860.120944,4392,256
1765303860.121474,4393,256
1765303860.125381,4394,256
1765303860.130386,4395,256
1765303860.133576,4396,256
1765303860.135849,4397,256
1765303860.139660,4398,256
1765303860.145891,4399,256
1765303860.157388,4400,256
1765303860.157862,4401,256
1765303860.158643,4402,256
1765303860.165612,4403,256
1765303860.167768,4404,256
1765303860.171040,4405,256
1765303860.172203,4406,256
1765303860.175201,4407,256
1765303860.177006,4408,256
1765303860.180122,4409,256
1765303860.180779,4410,256
1765303860.185807,4411,256
1765303860.185934,4412,256
1765303860.188221,4413,256
1765303860.189769,4414,256
1765303860.190130,4415,256
1765303860.193758,4416,256
1765303860.195550,4417,256
1765303860.196783,4418,256
1765303860.197237,4419,256
1765303860.201808,4420,256
1765303860.202690,4421,256
1765303860.204603,4422,256
1765303860.206789,4423,256
1765303860.209875,4424,256
1765303860.222951,4425,256
1765303860.224175,4426,256
1765303860.224623,4427,256
1765303860.225837,4428,256
1765303860.227019,4429,256
1765303860.229468,4430,256
1765303860.235890,4431,256
1765303860.236147,4432,256
1765303860.246081,4433,256
1765303860.249192,4434,256
1765303860.249353,4435,256
1765303860.251224,4436,256
1765303860.253010,4437,256
1765303860.253850,4438,256
1765303860.259218,4439,256
1765303860.261022,4440,256
1765303860.270539,4441,256
1765303860.272503,4442,256
1765303860.276464,4443,256
1765303860.278754,4444,256
1765303860.280270,4445,256
1765303860.284644,4446,256
1765303860.286658,4447,256
1765303860.288309,4448,256
1765303860.292134,4449,256
1765303860.293935,4450,256
1765303860.296407,4451,256
1765303860.302485,4452,256
1765303860.305804,4453,256
1765303860.306454,4454,256
1765303860.306687,4455,256
1765303860.308072,4456,256
1765303860.308528,4457,256
1765303860.309495,4458,256
1765303860.310906,4459,256
1765303860.313643,4460,256
1765303860.317635,4461,256
1765303860.321447,4462,256
1765303860.327942,4463,256
1765303860.328797,4464,256
1765303860.329116,4465,256
1765303860.330851,4466,256
1765303860.332695,4467,256
1765303860.340065,4468,256
1765303860.342905,4469,256
1765303860.343469,4470,256
1765303860.344144,4471,256
1765303860.349589,4472,256
1765303860.351169,4473,256
1765303860.351397,4474,256
1765303860.358245,4475,256
1765303860.359332,4476,256
1765303860.370889,4477,256
1765303860.372833,4478,256
1765303860.378056,4479,256
1765303860.381214,4480,256
1765303860.381320,4481,256
1765303860.389632,4482,256
1765303860.391360,4483,256
1765303860.393617,4484,256
1765303860.393767,4485,256
1765303860.395703,4486,256
1765303860.397318,4487,256
1765303860.398617,4488,256
1765303860.399460,4489,256
1765303860.400301,4490,256
1765303860.403783,4491,256
1765303860.406089,4492,256
1765303860.421261,4493,256
1765303860.424568,4494,256
1765303860.426940,4495,256
1765303860.431654,4496,256
1765303860.434695,4497,256
1765303860.443240,4498,256
1765303860.443631,4499,256
1765303860.445254,4500,256
1765303860.446570,4501,256
1765303860.449746,4502,256
1765303860.451453,4503,256
1765303860.452842,4504,256
1765303860.454858,4505,256
1765303860.464479,4506,256
1765303860.464723,4507,256
1765303860.467043,4508,256
1765303860.471029,4509,256
1765303860.475600,4510,256
1765303860.485646,4511,256
1765303860.489310,4512,256
1765303860.494473,4513,256
1765303860.502064,4514,256
1765303860.505291,4515,256
1765303860.508668,4516,256
1765303860.513498,4517,256
1765303860.516465,4518,256
1765303860.520457,4519,256
1765303860.521497,4520,256
1765303860.537004,4521,256
1765303860.543957,4522,256
1765303860.549815,4523,256
1765303860.552732,4524,256
1765303860.555022,4525,256
1765303860.557598,4526,256
1765303860.558963,4527,256
1765303860.561175,4528,256
1765303860.561227,4529,256
1765303860.561832,4530,256
1765303860.572060,4531,256
1765303860.574405,4532,256
1765303860.576304,4533,256
1765303860.576363,4534,256
1765303860.577268,4535,256
1765303860.581960,4536,256
1765303860.587193,4537,256
1765303860.594174,4538,256
1765303860.594544,4539,256
1765303860.596118,4540,256
1765303860.598161,4541,256
1765303860.601909,4542,256
1765303860.602410,4543,256
1765303860.602829,4544,256
1765303860.603195,4545,256
1765303860.608480,4546,256
1765303860.608613,4547,256
1765303860.610409,4548,256
1765303860.611408,4549,256
1765303860.621532,4550,256
1765303860.623295,4551,256
1765303860.624161,4552,256
1765303860.629113,4553,256
1765303860.633045,4554,256
1765303860.635305,4555,256
1765303860.646153,4556,256
1765303860.647367,4557,256
1765303860.648360,4558,256
1765303860.656249,4559,256
1765303860.658377,4560,256
1765303860.659393,4561,256
1765303860.661510,4562,256
1765303860.662258,4563,256
1765303860.665064,4564,256
1765303860.665326,4565,256
1765303860.668444,4566,256
1765303860.670087,4567,256
1765303860.672567,4568,256
1765303860.673068,4569,256
1765303860.673213,4570,256
1765303860.676874,4571,256
1765303860.677922,4572,256
1765303860.678665,4573,256
1765303860.688811,4574,256
1765303860.689234,4575,256
1765303860.692701,4576,256
1765303860.693371,4577,256
1765303860.693969,4578,256
1765303860.697484,4579,256
1765303860.699046,4580,256
1765303860.699733,4581,256
1765303860.700826,4582,256
1765303860.704694,4583,256
1765303860.708334,4584,256
1765303860.710118,4585,256
1765303860.712690,4586,256
1765303860.712753,4587,256
1765303860.712769,4588,256
1765303860.717294,4589,256
1765303860.717325,4590,256
1765303860.726590,4591,256
1765303860.726826,4592,256
1765303860.729818,4593,256
1765303860.731554,4594,256
1765303860.732571,4595,256
1765303860.734981,4596,256
1765303860.739185,4597,256
1765303860.743135,4598,256
1765303860.743676,4599,256
1765303860.744282,4600,256
1765303860.745886,4601,256
1765303860.746028,4602,256
1765303860.750209,4603,256
1765303860.755494,4604,256
1765303860.758560,4605,256
1765303860.763655,4606,256
1765303860.764996,4607,256
1765303860.769369,4608,256
1765303860.770343,4609,256
1765303860.773035,4610,256
1765303860.780597,4611,256
1765303860.781879,4612,256
1765303860.783159,4613,256
1765303860.786478,4614,256
1765303860.794189,4615,256
1765303860.806083,4616,256
1765303860.808275,4617,256
1765303860.814254,4618,256
1765303860.817596,4619,256
1765303860.821012,4620,256
1765303860.822460,4621,256
1765303860.823598,4622,256
1765303860.825973,4623,256
1765303860.826337,4624,256
1765303860.831816,4625,256
1765303860.831965,4626,256
1765303860.836866,4627,256
1765303860.837522,4628,256
1765303860.838833,4629,256
1765303860.839144,4630,256
1765303860.842832,4631,256
1765303860.850029,4632,256
1765303860.853169,4633,256
1765303860.854847,4634,256
1765303860.862449,4635,256
1765303860.864770,4636,256
1765303860.867896,4637,256
1765303860.874073,4638,256
1765303860.874207,4639,256
1765303860.880940,4640,256
1765303860.882944,4641,256
1765303860.884242,4642,256
1765303860.884436,4643,256
1765303860.885808,4644,256
1765303860.889213,4645,256
1765303860.892371,4646,256
1765303860.893235,4647,256
1765303860.898981,4648,256
1765303860.905669,4649,256
1765303860.907852,4650,256
1765303860.908438,4651,256
1765303860.912166,4652,256
1765303860.916282,4653,256
1765303860.920488,4654,256
1765303860.922226,4655,256
1765303860.926920,4656,256
1765303860.929798,4657,256
1765303860.942906,4658,256
1765303860.946591,4659,256
1765303860.946737,4660,256
1765303860.947547,4661,256
1765303860.951669,4662,256
1765303860.961569,4663,256
1765303860.972783,4664,256
1765303860.974470,4665,256
1765303860.977205,4666,256
1765303860.977702,4667,256
1765303860.980288,4668,256
1765303860.980479,4669,256
1765303860.985232,4670,256
1765303860.989037,4671,256
1765303860.990926,4672,256
1765303860.995447,4673,256
1765303860.998268,4674,256
1765303860.999602,4675,256
1765303861.003539,4676,256
1765303861.003956,4677,256
1765303861.008137,4678,256
1765303861.009694,4679,256
1765303861.009862,4680,256
1765303861.011334,4681,256
1765303861.019282,4682,256
1765303861.021083,4683,256
1765303861.022189,4684,256
1765303861.024752,4685,256
1765303861.025877,4686,256
1765303861.026006,4687,256
1765303861.026746,4688,256
1765303861.031836,4689,256
1765303861.034465,4690,256
1765303861.035406,4691,256
1765303861.044279,4692,256
1765303861.046502,4693,256
1765303861.052896,4694,256
1765303861.053735,4695,256
1765303861.058125,4696,256
1765303861.064245,4697,256
1765303861.065352,4698,256
1765303861.066414,4699,256
1765303861.066556,4700,256
1765303861.066938,4701,256
1765303861.067092,4702,256
1765303861.068514,4703,256
1765303861.071745,4704,256
1765303861.076366,4705,256
1765303861.076499,4706,256
1765303861.079632,4707,256
1765303861.080866,4708,256
1765303861.096444,4709,256
1765303861.101318,4710,256
1765303861.101867,4711,256
1765303861.104465,4712,256
1765303861.104791,4713,256
1765303861.118995,4714,256
1765303861.120171,4715,256
1765303861.121016,4716,256
1765303861.126343,4717,256
1765303861.128982,4718,256
1765303861.130879,4719,256
1765303861.131546,4720,256
1765303861.133971,4721,256
1765303861.143674,4722,256
1765303861.150938,4723,256
1765303861.154563,4724,256
1765303861.156312,4725,256
1765303861.157480,4726,256
1765303861.159992,4727,256
1765303861.160926,4728,256
1765303861.161165,4729,256
1765303861.163264,4730,256
1765303861.163726,4731,256
1765303861.164955,4732,256
1765303861.169456,4733,256
1765303861.170367,4734,256
1765303861.171262,4735,256
1765303861.173672,4736,256
1765303861.181931,4737,256
1765303861.186798,4738,256
1765303861.189013,4739,256
1765303861.190155,4740,256
1765303861.192513,4741,256
1765303861.193561,4742,256
1765303861.197739,4743,256
1765303861.197798,4744,256
1765303861.199656,4745,256
1765303861.202421,4746,256
1765303861.206675,4747,256
1765303861.211071,4748,256
1765303861.211612,4749,256
1765303861.213819,4750,256
1765303861.218901,4751,256
1765303861.220232,4752,256
1765303861.221345,4753,256
1765303861.222190,4754,256
1765303861.229162,4755,256
1765303861.231292,4756,256
1765303861.232506,4757,256
1765303861.238128,4758,256
1765303861.240101,4759,256
1765303861.253000,4760,256
1765303861.256526,4761,256
1765303861.260448,4762,256
1765303861.272270,4763,256
1765303861.272530,4764,256
1765303861.276841,4765,256
1765303861.277208,4766,256
1765303861.278788,4767,256
1765303861.281753,4768,256
1765303861.287295,4769,256
1765303861.290861,4770,256
1765303861.293493,4771,256
1765303861.300542,4772,256
1765303861.314614,4773,256
1765303861.315263,4774,256
1765303861.316140,4775,256
1765303861.316736,4776,256
1765303861.317253,4777,256
1765303861.317288,4778,256
1765303861.318177,4779,256
1765303861.321764,4780,256
1765303861.322968,4781,256
1765303861.325736,4782,256
1765303861.332893,4783,256
1765303861.337987,4784,256
1765303861.338259,4785,256
1765303861.343928,4786,256
1765303861.355798,4787,256
1765303861.369364,4788,256
1765303861.372870,4789,256
1765303861.375749,4790,256
1765303861.377074,4791,256
1765303861.378397,4792,256
1765303861.382696,4793,256
1765303861.382999,4794,256
1765303861.383841,4795,256
1765303861.389212,4796,256
1765303861.389832,4797,256
1765303861.389865,4798,256
1765303861.390759,4799,256
1765303861.392437,4800,256
1765303861.392885,4801,256
1765303861.397887,4802,256
1765303861.399024,4803,256
1765303861.407967,4804,256
1765303861.408702,4805,256
1765303861.408917,4806,256
1765303861.409246,4807,256
1765303861.412782,4808,256
1765303861.424891,4809,256
1765303861.427154,4810,256
1765303861.433086,4811,256
1765303861.434831,4812,256
1765303861.439958,4813,256
1765303861.442598,4814,256
1765303861.444458,4815,256
1765303861.444885,4816,256
1765303861.447605,4817,256
1765303861.448825,4818,256
1765303861.455853,4819,256
1765303861.457182,4820,256
1765303861.460599,4821,256
1765303861.461343,4822,256
1765303861.470964,4823,256
1765303861.473307,4824,256
1765303861.475493,4825,256
1765303861.480372,4826,256
1765303861.483496,4827,256
1765303861.486205,4828,256
1765303861.488137,4829,256
1765303861.492840,4830,256
1765303861.501079,4831,256
1765303861.502287,4832,256
1765303861.502729,4833,256
1765303861.509212,4834,256
1765303861.512232,4835,256
1765303861.513974,4836,256
1765303861.517785,4837,256
1765303861.522591,4838,256
1765303861.523644,4839,256
1765303861.530256,4840,256
1765303861.530796,4841,256
1765303861.531830,4842,256
1765303861.533657,4843,256
1765303861.538271,4844,256
1765303861.544572,4845,256
1765303861.545610,4846,256
1765303861.548889,4847,256
1765303861.552645,4848,256
1765303861.555982,4849,256
1765303861.556680,4850,256
1765303861.559760,4851,256
1765303861.568483,4852,256
1765303861.570241,4853,256
1765303861.572887,4854,256
1765303861.574489,4855,256
1765303861.576114,4856,256
1765303861.576650,4857,256
1765303861.577664,4858,256
1765303861.580317,4859,256
1765303861.583607,4860,256
1765303861.585919,4861,256
1765303861.599752,4862,256
1765303861.600238,4863,256
1765303861.602353,4864,256
1765303861.603669,4865,256
1765303861.604717,4866,256
1765303861.605084,4867,256
1765303861.612632,4868,256
1765303861.616571,4869,256
1765303861.619370,4870,256
1765303861.625479,4871,256
1765303861.628365,4872,256
1765303861.628544,4873,256
1765303861.631157,4874,256
1765303861.634049,4875,256
1765303861.640295,4876,256
1765303861.649081,4877,256
1765303861.654381,4878,256
1765303861.657776,4879,256
1765303861.673784,4880,256
1765303861.676691,4881,256
1765303861.678554,4882,256
1765303861.679955,4883,256
1765303861.680496,4884,256
1765303861.680848,4885,256
1765303861.683172,4886,256
1765303861.685431,4887,256
1765303861.692057,4888,256
1765303861.695761,4889,256
1765303861.697405,4890,256
1765303861.697562,4891,256
1765303861.697604,4892,256
1765303861.697991,4893,256
1765303861.703202,4894,256
1765303861.703388,4895,256
1765303861.704250,4896,256
1765303861.705579,4897,256
1765303861.705997,4898,256
1765303861.706795,4899,256
1765303861.712645,4900,256
1765303861.720179,4901,256
1765303861.726385,4902,256
1765303861.730645,4903,256
1765303861.734384,4904,256
1765303861.735417,4905,256
1765303861.736889,4906,256
1765303861.737242,4907,256
1765303861.737844,4908,256
1765303861.747211,4909,256
1765303861.747367,4910,256
1765303861.751305,4911,256
1765303861.754360,4912,256
1765303861.755754,4913,256
1765303861.758250,4914,256
1765303861.765222,4915,256
1765303861.766478,4916,256
1765303861.771482,4917,256
1765303861.774508,4918,256
1765303861.776450,4919,256
1765303861.776906,4920,256
1765303861.776950,4921,256
1765303861.781915,4922,256
1765303861.794704,4923,256
1765303861.798621,4924,256
1765303861.801905,4925,256
1765303861.802065,4926,256
1765303861.804669,4927,256
1765303861.805039,4928,256
1765303861.813028,4929,256
1765303861.815669,4930,256
1765303861.815867,4931,256
1765303861.817587,4932,256
1765303861.818246,4933,256
1765303861.818555,4934,256
1765303861.820817,4935,256
1765303861.820902,4936,256
1765303861.829742,4937,256
1765303861.835647,4938,256
1765303861.837502,4939,256
1765303861.838905,4940,256
1765303861.839012,4941,256
1765303861.839982,4942,256
1765303861.840053,4943,256
1765303861.842581,4944,256
1765303861.845651,4945,256
1765303861.852867,4946,256
1765303861.864744,4947,256
1765303861.869505,4948,256
1765303861.872200,4949,256
1765303861.875100,4950,256
1765303861.876879,4951,256
1765303861.879951,4952,256
1765303861.881702,4953,256
1765303861.888745,4954,256
1765303861.889876,4955,256
1765303861.898513,4956,256
1765303861.898965,4957,256
1765303861.901490,4958,256
1765303861.908315,4959,256
1765303861.909226,4960,256
1765303861.909302,4961,256
1765303861.910408,4962,256
1765303861.911216,4963,256
1765303861.911939,4964,256
1765303861.911985,4965,256
1765303861.921456,4966,256
1765303861.927851,4967,256
1765303861.931284,4968,256
1765303861.937487,4969,256
1765303861.940106,4970,256
1765303861.944247,4971,256
1765303861.944978,4972,256
1765303861.945066,4973,256
1765303861.949901,4974,256
1765303861.950064,4975,256
1765303861.954033,4976,256
1765303861.959636,4977,256
1765303861.966095,4978,256
1765303861.969116,4979,256
1765303861.978458,4980,256
1765303861.983660,4981,256
1765303861.985413,4982,256
1765303861.991705,4983,256
1765303861.994896,4984,256
1765303862.001610,4985,256
1765303862.003835,4986,256
1765303862.006512,4987,256
1765303862.009384,4988,256
1765303862.011932,4989,256
1765303862.013974,4990,256
1765303862.014809,4991,256
1765303862.017796,4992,256
1765303862.020462,4993,256
1765303862.030834,4994,256
1765303862.031542,4995,256
1765303862.039752,4996,256
1765303862.041856,4997,256
1765303862.042501,4998,256
1765303862.042871,4999,256
1765303862.043157,5000,256
1765303862.045244,5001,256
1765303862.047415,5002,256
1765303862.049307,5003,256
1765303862.054035,5004,256
1765303862.061240,5005,256
1765303862.063133,5006,256
1765303862.069700,5007,256
1765303862.069884,5008,256
1765303862.071735,5009,256
1765303862.077571,5010,256
1765303862.078907,5011,256
1765303862.087934,5012,256
1765303862.090835,5013,256
1765303862.092930,5014,256
1765303862.096023,5015,256
1765303862.099941,5016,256
1765303862.103527,5017,256
1765303862.117313,5018,256
1765303862.120356,5019,256
1765303862.122931,5020,256
1765303862.124390,5021,256
1765303862.124908,5022,256
1765303862.126659,5023,256
1765303862.128212,5024,256
1765303862.129510,5025,256
1765303862.130527,5026,256
1765303862.132437,5027,256
1765303862.134910,5028,256
1765303862.135102,5029,256
1765303862.135815,5030,256
1765303862.145776,5031,256
1765303862.148428,5032,256
1765303862.151387,5033,256
1765303862.151757,5034,256
1765303862.152965,5035,256
1765303862.161859,5036,256
1765303862.168528,5037,256
1765303862.168815,5038,256
1765303862.169462,5039,256
1765303862.170964,5040,256
1765303862.171947,5041,256
1765303862.172837,5042,256
1765303862.182694,5043,256
1765303862.184793,5044,256
1765303862.185037,5045,256
1765303862.186263,5046,256
1765303862.193287,5047,256
1765303862.197843,5048,256
1765303862.202667,5049,256
1765303862.203007,5050,256
1765303862.205178,5051,256
1765303862.207016,5052,256
1765303862.207057,5053,256
1765303862.207214,5054,256
1765303862.208942,5055,256
1765303862.210362,5056,256
1765303862.212852,5057,256
1765303862.217665,5058,256
1765303862.221346,5059,256
1765303862.227234,5060,256
1765303862.230026,5061,256
1765303862.238609,5062,256
1765303862.239988,5063,256
1765303862.244274,5064,256
1765303862.244355,5065,256
1765303862.246780,5066,256
1765303862.260438,5067,256
1765303862.261400,5068,256
1765303862.264839,5069,256
1765303862.268799,5070,256
1765303862.272257,5071,256
1765303862.279860,5072,256
1765303862.280156,5073,256
1765303862.280201,5074,256
1765303862.280543,5075,256
1765303862.287803,5076,256
1765303862.287992,5077,256
1765303862.290301,5078,256
1765303862.291121,5079,256
1765303862.292623,5080,256
1765303862.293036,5081,256
1765303862.295219,5082,256
1765303862.298075,5083,256
1765303862.301557,5084,256
1765303862.317107,5085,256
1765303862.320095,5086,256
1765303862.322963,5087,256
1765303862.324874,5088,256
1765303862.326342,5089,256
1765303862.340258,5090,256
1765303862.340589,5091,256
1765303862.345913,5092,256
1765303862.346388,5093,256
1765303862.347892,5094,256
1765303862.348115,5095,256
1765303862.350447,5096,256
1765303862.354173,5097,256
1765303862.354732,5098,256
1765303862.362361,5099,256
1765303862.367296,5100,256
1765303862.370748,5101,256
1765303862.377926,5102,256
1765303862.379755,5103,256
1765303862.388243,5104,256
1765303862.389179,5105,256
1765303862.391853,5106,256
1765303862.392358,5107,256
1765303862.393146,5108,256
1765303862.404317,5109,256
1765303862.406761,5110,256
1765303862.406862,5111,256
1765303862.407400,5112,256
1765303862.407436,5113,256
1765303862.407565,5114,256
1765303862.412148,5115,256
1765303862.420833,5116,256
1765303862.423047,5117,256
1765303862.426966,5118,256
1765303862.433928,5119,256
1765303862.435032,5120,256
1765303862.439608,5121,256
1765303862.440782,5122,256
1765303862.443666,5123,256
1765303862.444164,5124,256
1765303862.445956,5125,256
1765303862.448363,5126,256
1765303862.450329,5127,256
1765303862.450984,5128,256
1765303862.453930,5129,256
1765303862.454872,5130,256
1765303862.464844,5131,256
1765303862.473228,5132,256
1765303862.475661,5133,256
1765303862.476533,5134,256
1765303862.479507,5135,256
1765303862.484496,5136,256
1765303862.489961,5137,256
1765303862.497982,5138,256
1765303862.507136,5139,256
1765303862.516602,5140,256
1765303862.516795,5141,256
1765303862.517336,5142,256
1765303862.519462,5143,256
1765303862.519730,5144,256
1765303862.524068,5145,256
1765303862.525363,5146,256
1765303862.525723,5147,256
1765303862.538477,5148,256
1765303862.542624,5149,256
1765303862.545963,5150,256
1765303862.551192,5151,256
1765303862.555341,5152,256
1765303862.558379,5153,256
1765303862.563496,5154,256
1765303862.568904,5155,256
1765303862.569570,5156,256
1765303862.572456,5157,256
1765303862.574129,5158,256
1765303862.579315,5159,256
1765303862.582680,5160,256
1765303862.583416,5161,256
1765303862.583947,5162,256
1765303862.587098,5163,256
1765303862.595523,5164,256
1765303862.599536,5165,256
1765303862.600858,5166,256
1765303862.601815,5167,256
1765303862.604836,5168,256
1765303862.607379,5169,256
1765303862.608102,5170,256
1765303862.612596,5171,256
1765303862.612965,5172,256
1765303862.614300,5173,256
1765303862.614429,5174,256
1765303862.618526,5175,256
1765303862.619847,5176,256
1765303862.622351,5177,256
1765303862.625967,5178,256
1765303862.626864,5179,256
1765303862.635991,5180,256
1765303862.636269,5181,256
1765303862.639100,5182,256
1765303862.643625,5183,256
1765303862.650970,5184,256
1765303862.651109,5185,256
1765303862.651864,5186,256
1765303862.659795,5187,256
1765303862.676622,5188,256
1765303862.681960,5189,256
1765303862.682073,5190,256
1765303862.682370,5191,256
1765303862.685808,5192,256
1765303862.688688,5193,256
1765303862.694885,5194,256
1765303862.698751,5195,256
1765303862.699983,5196,256
1765303862.700862,5197,256
1765303862.705115,5198,256
1765303862.718221,5199,256
1765303862.718345,5200,256
1765303862.718370,5201,256
1765303862.721113,5202,256
1765303862.722272,5203,256
1765303862.732412,5204,256
1765303862.734537,5205,256
1765303862.735144,5206,256
1765303862.737449,5207,256
1765303862.740597,5208,256
1765303862.741420,5209,256
1765303862.742311,5210,256
1765303862.743199,5211,256
1765303862.743354,5212,256
1765303862.748659,5213,256
1765303862.759270,5214,256
1765303862.759756,5215,256
1765303862.761214,5216,256
1765303862.765965,5217,256
1765303862.771307,5218,256
1765303862.780216,5219,256
1765303862.783263,5220,256
1765303862.784775,5221,256
1765303862.787695,5222,256
1765303862.789111,5223,256
1765303862.795734,5224,256
1765303862.814254,5225,256
1765303862.814961,5226,256
1765303862.815560,5227,256
1765303862.819816,5228,256
1765303862.823080,5229,256
1765303862.823800,5230,256
1765303862.826029,5231,256
1765303862.826827,5232,256
1765303862.827869,5233,256
1765303862.838517,5234,256
1765303862.844800,5235,256
1765303862.845585,5236,256
1765303862.847796,5237,256
1765303862.850928,5238,256
1765303862.859598,5239,256
1765303862.865790,5240,256
1765303862.873222,5241,256
1765303862.876476,5242,256
1765303862.878463,5243,256
1765303862.878941,5244,256
1765303862.881550,5245,256
1765303862.888514,5246,256
1765303862.890726,5247,256
1765303862.893879,5248,256
1765303862.898605,5249,256
1765303862.898809,5250,256
1765303862.898998,5251,256
1765303862.900596,5252,256
1765303862.901618,5253,256
1765303862.901965,5254,256
1765303862.903365,5255,256
1765303862.907080,5256,256
1765303862.907958,5257,256
1765303862.909143,5258,256
1765303862.910183,5259,256
1765303862.911008,5260,256
1765303862.925762,5261,256
1765303862.931128,5262,256
1765303862.937197,5263,256
1765303862.945910,5264,256
1765303862.948965,5265,256
1765303862.950490,5266,256
1765303862.953340,5267,256
1765303862.956047,5268,256
1765303862.963788,5269,256
1765303862.964318,5270,256
1765303862.965614,5271,256
1765303862.966314,5272,256
1765303862.969439,5273,256
1765303862.974272,5274,256
1765303862.977894,5275,256
1765303862.982302,5276,256
1765303862.983593,5277,256
1765303862.988337,5278,256
1765303862.989838,5279,256
1765303862.990368,5280,256
1765303862.992848,5281,256
1765303862.993464,5282,256
1765303862.993730,5283,256
1765303862.995485,5284,256
1765303862.998479,5285,256
1765303862.999295,5286,256
1765303863.000329,5287,256
1765303863.000958,5288,256
1765303863.005447,5289,256
1765303863.007987,5290,256
1765303863.008170,5291,256
1765303863.024168,5292,256
1765303863.032412,5293,256
1765303863.037440,5294,256
1765303863.040934,5295,256
1765303863.043550,5296,256
1765303863.044981,5297,256
1765303863.052604,5298,256
1765303863.054100,5299,256
1765303863.054210,5300,256
1765303863.061208,5301,256
1765303863.065926,5302,256
1765303863.071329,5303,256
1765303863.074477,5304,256
1765303863.075260,5305,256
1765303863.077026,5306,256
1765303863.086678,5307,256
1765303863.089764,5308,256
1765303863.095649,5309,256
1765303863.096265,5310,256
1765303863.101525,5311,256
1765303863.102166,5312,256
1765303863.106326,5313,256
1765303863.106725,5314,256
1765303863.110141,5315,256
1765303863.111248,5316,256
1765303863.119097,5317,256
1765303863.122302,5318,256
1765303863.125099,5319,256
1765303863.129100,5320,256
1765303863.132447,5321,256
1765303863.135152,5322,256
1765303863.136770,5323,256
1765303863.137225,5324,256
1765303863.137741,5325,256
1765303863.146428,5326,256
1765303863.150186,5327,256
1765303863.152422,5328,256
1765303863.154118,5329,256
1765303863.162521,5330,256
1765303863.165822,5331,256
1765303863.165937,5332,256
1765303863.175344,5333,256
1765303863.175527,5334,256
1765303863.179317,5335,256
1765303863.179482,5336,256
1765303863.180068,5337,256
1765303863.190429,5338,256
1765303863.195627,5339,256
1765303863.208166,5340,256
1765303863.208329,5341,256
1765303863.210038,5342,256
1765303863.210179,5343,256
1765303863.213240,5344,256
1765303863.216396,5345,256
1765303863.217610,5346,256
1765303863.218340,5347,256
1765303863.225438,5348,256
1765303863.229840,5349,256
1765303863.230169,5350,256
1765303863.236075,5351,256
1765303863.239474,5352,256
1765303863.242531,5353,256
1765303863.245590,5354,256
1765303863.249575,5355,256
1765303863.251203,5356,256
1765303863.266208,5357,256
1765303863.270170,5358,256
1765303863.270894,5359,256
1765303863.276011,5360,256
1765303863.283079,5361,256
1765303863.283293,5362,256
1765303863.287045,5363,256
1765303863.289505,5364,256
1765303863.297634,5365,256
1765303863.299205,5366,256
1765303863.300780,5367,256
1765303863.305437,5368,256
1765303863.316797,5369,256
1765303863.319489,5370,256
1765303863.320591,5371,256
1765303863.321080,5372,256
1765303863.326650,5373,256
1765303863.326884,5374,256
1765303863.332749,5375,256
1765303863.337464,5376,256
1765303863.341886,5377,256
1765303863.343228,5378,256
1765303863.344962,5379,256
1765303863.348076,5380,256
1765303863.348246,5381,256
1765303863.348590,5382,256
1765303863.349902,5383,256
1765303863.351769,5384,256
1765303863.352219,5385,256
1765303863.356793,5386,256
1765303863.375910,5387,256
1765303863.379555,5388,256
1765303863.379742,5389,256
1765303863.380243,5390,256
1765303863.382044,5391,256
1765303863.388442,5392,256
1765303863.392819,5393,256
1765303863.406136,5394,256
1765303863.407889,5395,256
1765303863.411083,5396,256
1765303863.411242,5397,256
1765303863.411993,5398,256
1765303863.412038,5399,256
1765303863.413963,5400,256
1765303863.417327,5401,256
1765303863.421467,5402,256
1765303863.434201,5403,256
1765303863.434962,5404,256
1765303863.444791,5405,256
1765303863.454415,5406,256
1765303863.454575,5407,256
1765303863.454746,5408,256
1765303863.462454,5409,256
1765303863.462855,5410,256
1765303863.468279,5411,256
1765303863.470557,5412,256
1765303863.474429,5413,256
1765303863.478937,5414,256
1765303863.479124,5415,256
1765303863.480070,5416,256
1765303863.481575,5417,256
1765303863.482865,5418,256
1765303863.489865,5419,256
1765303863.491763,5420,256
1765303863.495841,5421,256
1765303863.498516,5422,256
1765303863.499409,5423,256
1765303863.499472,5424,256
1765303863.507575,5425,256
1765303863.510523,5426,256
1765303863.511831,5427,256
1765303863.516449,5428,256
1765303863.516536,5429,256
1765303863.518159,5430,256
1765303863.526422,5431,256
1765303863.531729,5432,256
1765303863.532218,5433,256
1765303863.532515,5434,256
1765303863.534496,5435,256
1765303863.539614,5436,256
1765303863.541408,5437,256
1765303863.547908,5438,256
1765303863.549096,5439,256
1765303863.551628,5440,256
1765303863.557194,5441,256
1765303863.557362,5442,256
1765303863.561093,5443,256
1765303863.561960,5444,256
1765303863.562376,5445,256
1765303863.564754,5446,256
1765303863.564919,5447,256
1765303863.564960,5448,256
1765303863.568434,5449,256
1765303863.580920,5450,256
1765303863.584819,5451,256
1765303863.590594,5452,256
1765303863.591850,5453,256
1765303863.598368,5454,256
1765303863.605217,5455,256
1765303863.605457,5456,256
1765303863.609348,5457,256
1765303863.615546,5458,256
1765303863.620603,5459,256
1765303863.622335,5460,256
1765303863.625981,5461,256
1765303863.634979,5462,256
1765303863.636504,5463,256
1765303863.639323,5464,256
1765303863.645987,5465,256
1765303863.648554,5466,256
1765303863.653101,5467,256
1765303863.655410,5468,256
1765303863.656219,5469,256
1765303863.658460,5470,256
1765303863.661330,5471,256
1765303863.664108,5472,256
1765303863.664691,5473,256
1765303863.665288,5474,256
1765303863.666153,5475,256
1765303863.670996,5476,256
1765303863.671319,5477,256
1765303863.672097,5478,256
1765303863.677376,5479,256
1765303863.682259,5480,256
1765303863.683889,5481,256
1765303863.689405,5482,256
1765303863.689696,5483,256
1765303863.701532,5484,256
1765303863.704324,5485,256
1765303863.705289,5486,256
1765303863.707122,5487,256
1765303863.713485,5488,256
1765303863.714469,5489,256
1765303863.716168,5490,256
1765303863.717019,5491,256
1765303863.720947,5492,256
1765303863.721680,5493,256
1765303863.722534,5494,256
1765303863.723530,5495,256
1765303863.734630,5496,256
1765303863.742726,5497,256
1765303863.743388,5498,256
1765303863.743987,5499,256
1765303863.745572,5500,256
1765303863.746972,5501,256
1765303863.754163,5502,256
1765303863.763143,5503,256
1765303863.766368,5504,256
1765303863.772209,5505,256
1765303863.774485,5506,256
1765303863.778359,5507,256
1765303863.779924,5508,256
1765303863.781271,5509,256
1765303863.785530,5510,256
1765303863.787521,5511,256
1765303863.789928,5512,256
1765303863.792536,5513,256
1765303863.794944,5514,256
1765303863.795084,5515,256
1765303863.795660,5516,256
1765303863.798205,5517,256
1765303863.798389,5518,256
1765303863.799593,5519,256
1765303863.800999,5520,256
1765303863.804800,5521,256
1765303863.805602,5522,256
1765303863.807873,5523,256
1765303863.808955,5524,256
1765303863.817191,5525,256
1765303863.821395,5526,256
1765303863.823811,5527,256
1765303863.824070,5528,256
1765303863.830550,5529,256
1765303863.841822,5530,256
1765303863.845888,5531,256
1765303863.847934,5532,256
1765303863.848118,5533,256
1765303863.852986,5534,256
1765303863.853182,5535,256
1765303863.855580,5536,256
1765303863.861783,5537,256
1765303863.869826,5538,256
1765303863.872514,5539,256
1765303863.873739,5540,256
1765303863.880890,5541,256
1765303863.881014,5542,256
1765303863.882775,5543,256
1765303863.883980,5544,256
1765303863.885614,5545,256
1765303863.891150,5546,256
1765303863.891448,5547,256
1765303863.891910,5548,256
1765303863.894028,5549,256
1765303863.897072,5550,256
1765303863.898910,5551,256
1765303863.900132,5552,256
1765303863.906613,5553,256
1765303863.919704,5554,256
1765303863.925006,5555,256
1765303863.929575,5556,256
1765303863.930231,5557,256
1765303863.934049,5558,256
1765303863.939281,5559,256
1765303863.939981,5560,256
1765303863.946927,5561,256
1765303863.951507,5562,256
1765303863.953512,5563,256
1765303863.956549,5564,256
1765303863.957752,5565,256
1765303863.960551,5566,256
1765303863.963347,5567,256
1765303863.965559,5568,256
1765303863.970456,5569,256
1765303863.979753,5570,256
1765303863.984457,5571,256
1765303863.984663,5572,256
1765303863.985486,5573,256
1765303863.985609,5574,256
1765303863.998896,5575,256
1765303864.005159,5576,256
1765303864.005307,5577,256
1765303864.009195,5578,256
1765303864.011983,5579,256
1765303864.014619,5580,256
1765303864.020911,5581,256
1765303864.023201,5582,256
1765303864.028167,5583,256
1765303864.033457,5584,256
1765303864.034129,5585,256
1765303864.039761,5586,256
1765303864.040194,5587,256
1765303864.040891,5588,256
1765303864.044994,5589,256
1765303864.047792,5590,256
1765303864.050085,5591,256
1765303864.052346,5592,256
1765303864.054869,5593,256
1765303864.055941,5594,256
1765303864.062911,5595,256
1765303864.067424,5596,256
1765303864.075980,5597,256
1765303864.079477,5598,256
1765303864.081908,5599,256
1765303864.087441,5600,256
1765303864.089462,5601,256
1765303864.090447,5602,256
1765303864.093768,5603,256
1765303864.094840,5604,256
1765303864.094996,5605,256
1765303864.096896,5606,256
1765303864.097042,5607,256
1765303864.097845,5608,256
1765303864.104954,5609,256
1765303864.105749,5610,256
1765303864.112219,5611,256
1765303864.112290,5612,256
1765303864.120817,5613,256
1765303864.126668,5614,256
1765303864.129606,5615,256
1765303864.131341,5616,256
1765303864.134094,5617,256
1765303864.149802,5618,256
1765303864.150722,5619,256
1765303864.153745,5620,256
1765303864.158628,5621,256
1765303864.162573,5622,256
1765303864.163127,5623,256
1765303864.163535,5624,256
1765303864.168144,5625,256
1765303864.169197,5626,256
1765303864.172678,5627,256
1765303864.173301,5628,256
1765303864.177257,5629,256
1765303864.182292,5630,256
1765303864.186248,5631,256
1765303864.189744,5632,256
1765303864.191809,5633,256
1765303864.197533,5634,256
1765303864.200912,5635,256
1765303864.207035,5636,256
1765303864.207249,5637,256
1765303864.210528,5638,256
1765303864.211162,5639,256
1765303864.216346,5640,256
1765303864.217119,5641,256
1765303864.220311,5642,256
1765303864.220415,5643,256
1765303864.222883,5644,256
1765303864.236383,5645,256
1765303864.241438,5646,256
1765303864.247206,5647,256
1765303864.248014,5648,256
1765303864.248284,5649,256
1765303864.259944,5650,256
1765303864.262039,5651,256
1765303864.268783,5652,256
1765303864.269091,5653,256
1765303864.271602,5654,256
1765303864.272097,5655,256
1765303864.278645,5656,256
1765303864.285331,5657,256
1765303864.287735,5658,256
1765303864.290095,5659,256
1765303864.291005,5660,256
1765303864.293155,5661,256
1765303864.295762,5662,256
1765303864.297202,5663,256
1765303864.299628,5664,256
1765303864.300272,5665,256
1765303864.303295,5666,256
1765303864.310199,5667,256
1765303864.312938,5668,256
1765303864.314840,5669,256
1765303864.323491,5670,256
1765303864.324197,5671,256
1765303864.325826,5672,256
1765303864.326909,5673,256
1765303864.344575,5674,256
1765303864.344867,5675,256
1765303864.347494,5676,256
1765303864.356200,5677,256
1765303864.358618,5678,256
1765303864.367863,5679,256
1765303864.368485,5680,256
1765303864.370211,5681,256
1765303864.372687,5682,256
1765303864.374575,5683,256
1765303864.381320,5684,256
1765303864.382841,5685,256
1765303864.383143,5686,256
1765303864.384408,5687,256
1765303864.384668,5688,256
1765303864.385335,5689,256
1765303864.385835,5690,256
1765303864.386805,5691,256
1765303864.389374,5692,256
1765303864.390909,5693,256
1765303864.397466,5694,256
1765303864.400445,5695,256
1765303864.400639,5696,256
1765303864.403553,5697,256
1765303864.403653,5698,256
1765303864.407677,5699,256
1765303864.407836,5700,256
1765303864.414417,5701,256
1765303864.415608,5702,256
1765303864.417955,5703,256
1765303864.419441,5704,256
1765303864.427560,5705,256
1765303864.427831,5706,256
1765303864.429596,5707,256
1765303864.437144,5708,256
1765303864.444487,5709,256
1765303864.449389,5710,256
1765303864.452679,5711,256
1765303864.455470,5712,256
1765303864.461376,5713,256
1765303864.463076,5714,256
1765303864.463233,5715,256
1765303864.464316,5716,256
1765303864.470125,5717,256
1765303864.480338,5718,256
1765303864.480644,5719,256
1765303864.482438,5720,256
1765303864.482660,5721,256
1765303864.483871,5722,256
1765303864.485478,5723,256
1765303864.486207,5724,256
1765303864.488214,5725,256
1765303864.488347,5726,256
1765303864.492412,5727,256
1765303864.492939,5728,256
1765303864.495467,5729,256
1765303864.497740,5730,256
1765303864.498982,5731,256
1765303864.501939,5732,256
1765303864.502741,5733,256
1765303864.503141,5734,256
1765303864.503412,5735,256
1765303864.504906,5736,256
1765303864.504929,5737,256
1765303864.505408,5738,256
1765303864.507343,5739,256
1765303864.510584,5740,256
1765303864.514933,5741,256
1765303864.515736,5742,256
1765303864.528899,5743,256
1765303864.531935,5744,256
1765303864.536885,5745,256
1765303864.539412,5746,256
1765303864.546080,5747,256
1765303864.546482,5748,256
1765303864.549403,5749,256
1765303864.554590,5750,256
1765303864.554742,5751,256
1765303864.557951,5752,256
1765303864.565350,5753,256
1765303864.565681,5754,256
1765303864.566436,5755,256
1765303864.566737,5756,256
1765303864.570743,5757,256
1765303864.570958,5758,256
1765303864.573667,5759,256
1765303864.573781,5760,256
1765303864.573995,5761,256
1765303864.580073,5762,256
1765303864.592879,5763,256
1765303864.600668,5764,256
1765303864.601225,5765,256
1765303864.601822,5766,256
1765303864.602935,5767,256
1765303864.606073,5768,256
1765303864.606588,5769,256
1765303864.607449,5770,256
1765303864.608817,5771,256
1765303864.613099,5772,256
1765303864.621830,5773,256
1765303864.628022,5774,256
1765303864.633757,5775,256
1765303864.636180,5776,256
1765303864.638906,5777,256
1765303864.643614,5778,256
1765303864.651063,5779,256
1765303864.651410,5780,256
1765303864.652917,5781,256
1765303864.659206,5782,256
1765303864.662746,5783,256
1765303864.669703,5784,256
1765303864.686000,5785,256
1765303864.688619,5786,256
1765303864.688814,5787,256
1765303864.688957,5788,256
1765303864.691083,5789,256
1765303864.695244,5790,256
1765303864.695755,5791,256
1765303864.698181,5792,256
1765303864.699011,5793,256
1765303864.700015,5794,256
1765303864.702996,5795,256
1765303864.712082,5796,256
1765303864.716111,5797,256
1765303864.719859,5798,256
1765303864.725947,5799,256
1765303864.726093,5800,256
1765303864.728072,5801,256
1765303864.736722,5802,256
1765303864.742229,5803,256
1765303864.756849,5804,256
1765303864.757814,5805,256
1765303864.760944,5806,256
1765303864.761072,5807,256
1765303864.763566,5808,256
1765303864.766006,5809,256
1765303864.767348,5810,256
1765303864.775349,5811,256
1765303864.778309,5812,256
1765303864.779004,5813,256
1765303864.787813,5814,256
1765303864.787881,5815,256
1765303864.789856,5816,256
1765303864.791807,5817,256
1765303864.802597,5818,256
1765303864.807437,5819,256
1765303864.809980,5820,256
1765303864.812022,5821,256
1765303864.816076,5822,256
1765303864.825135,5823,256
1765303864.825679,5824,256
1765303864.828027,5825,256
1765303864.829396,5826,256
1765303864.832060,5827,256
1765303864.834475,5828,256
1765303864.834612,5829,256
1765303864.847517,5830,256
1765303864.847644,5831,256
1765303864.851737,5832,256
1765303864.854694,5833,256
1765303864.854855,5834,256
1765303864.860224,5835,256
1765303864.874674,5836,256
1765303864.877946,5837,256
1765303864.878110,5838,256
1765303864.878977,5839,256
1765303864.880142,5840,256
1765303864.884153,5841,256
1765303864.891275,5842,256
1765303864.895134,5843,256
1765303864.896805,5844,256
1765303864.900553,5845,256
1765303864.903889,5846,256
1765303864.910810,5847,256
1765303864.918377,5848,256
1765303864.918613,5849,256
1765303864.919415,5850,256
1765303864.922838,5851,256
1765303864.926245,5852,256
1765303864.927503,5853,256
1765303864.936913,5854,256
1765303864.937382,5855,256
1765303864.942242,5856,256
1765303864.944679,5857,256
1765303864.953893,5858,256
1765303864.966998,5859,256
1765303864.969453,5860,256
1765303864.970362,5861,256
1765303864.973855,5862,256
1765303864.975884,5863,256
1765303864.976023,5864,256
1765303864.979406,5865,256
1765303864.979546,5866,256
1765303864.980272,5867,256
1765303864.988929,5868,256
1765303864.991265,5869,256
1765303865.001847,5870,256
1765303865.006875,5871,256
1765303865.011737,5872,256
1765303865.012855,5873,256
1765303865.019132,5874,256
1765303865.019691,5875,256
1765303865.024096,5876,256
1765303865.026458,5877,256
1765303865.031918,5878,256
1765303865.031997,5879,256
1765303865.032013,5880,256
1765303865.032652,5881,256
1765303865.033321,5882,256
1765303865.035825,5883,256
1765303865.037372,5884,256
1765303865.043506,5885,256
1765303865.048451,5886,256
1765303865.049039,5887,256
1765303865.049738,5888,256
1765303865.052622,5889,256
1765303865.069448,5890,256
1765303865.070222,5891,256
1765303865.083181,5892,256
1765303865.086927,5893,256
1765303865.092920,5894,256
1765303865.093410,5895,256
1765303865.093892,5896,256
1765303865.101558,5897,256
1765303865.104196,5898,256
1765303865.105999,5899,256
1765303865.113314,5900,256
1765303865.123978,5901,256
1765303865.130340,5902,256
1765303865.134403,5903,256
1765303865.142542,5904,256
1765303865.142786,5905,256
1765303865.143029,5906,256
1765303865.144321,5907,256
1765303865.146607,5908,256
1765303865.151769,5909,256
1765303865.154186,5910,256
1765303865.155164,5911,256
1765303865.157748,5912,256
1765303865.160334,5913,256
1765303865.161042,5914,256
1765303865.164032,5915,256
1765303865.164795,5916,256
1765303865.167579,5917,256
1765303865.169850,5918,256
1765303865.170077,5919,256
1765303865.174371,5920,256
1765303865.176574,5921,256
1765303865.182682,5922,256
1765303865.183914,5923,256
1765303865.192240,5924,256
1765303865.193267,5925,256
1765303865.193370,5926,256
1765303865.193576,5927,256
1765303865.196025,5928,256
1765303865.196154,5929,256
1765303865.201063,5930,256
1765303865.201994,5931,256
1765303865.204279,5932,256
1765303865.207850,5933,256
1765303865.208849,5934,256
1765303865.212859,5935,256
1765303865.213511,5936,256
1765303865.214793,5937,256
1765303865.215838,5938,256
1765303865.217453,5939,256
1765303865.223294,5940,256
1765303865.224359,5941,256
1765303865.225724,5942,256
1765303865.225750,5943,256
1765303865.226521,5944,256
1765303865.248657,5945,256
1765303865.250181,5946,256
1765303865.252156,5947,256
1765303865.253617,5948,256
1765303865.253774,5949,256
1765303865.256989,5950,256
1765303865.261830,5951,256
1765303865.261926,5952,256
1765303865.268983,5953,256
1765303865.275541,5954,256
1765303865.276987,5955,256
1765303865.283893,5956,256
1765303865.289147,5957,256
1765303865.291022,5958,256
1765303865.304154,5959,256
1765303865.304410,5960,256
1765303865.309898,5961,256
1765303865.310809,5962,256
1765303865.310917,5963,256
1765303865.314967,5964,256
1765303865.325608,5965,256
1765303865.332343,5966,256
1765303865.333180,5967,256
1765303865.334905,5968,256
1765303865.336613,5969,256
1765303865.347033,5970,256
1765303865.347245,5971,256
1765303865.350300,5972,256
1765303865.357526,5973,256
1765303865.357795,5974,256
1765303865.360757,5975,256
1765303865.365772,5976,256
1765303865.366360,5977,256
1765303865.376499,5978,256
1765303865.376564,5979,256
1765303865.377913,5980,256
1765303865.378829,5981,256
1765303865.382511,5982,256
1765303865.383072,5983,256
1765303865.387978,5984,256
1765303865.392928,5985,256
1765303865.396349,5986,256
1765303865.398522,5987,256
1765303865.404351,5988,256
1765303865.406405,5989,256
1765303865.408000,5990,256
1765303865.408545,5991,256
1765303865.408684,5992,256
1765303865.411100,5993,256
1765303865.411364,5994,256
1765303865.420734,5995,256
1765303865.421789,5996,256
1765303865.425505,5997,256
1765303865.428713,5998,256
1765303865.435864,5999,256
1765303865.440431,6000,256
1765303865.443012,6001,256
1765303865.447136,6002,256
1765303865.448354,6003,256
1765303865.463033,6004,256
1765303865.463182,6005,256
1765303865.468294,6006,256
1765303865.468991,6007,256
1765303865.477814,6008,256
1765303865.480684,6009,256
1765303865.480955,6010,256
1765303865.486036,6011,256
1765303865.487241,6012,256
1765303865.489463,6013,256
1765303865.490093,6014,256
1765303865.493383,6015,256
1765303865.493693,6016,256
1765303865.494427,6017,256
1765303865.498914,6018,256
1765303865.499098,6019,256
1765303865.505877,6020,256
1765303865.509560,6021,256
1765303865.515378,6022,256
1765303865.517653,6023,256
1765303865.524756,6024,256
1765303865.526425,6025,256
1765303865.531834,6026,256
1765303865.536538,6027,256
1765303865.538629,6028,256
1765303865.541433,6029,256
1765303865.546574,6030,256
1765303865.547173,6031,256
1765303865.548929,6032,256
1765303865.549216,6033,256
1765303865.556101,6034,256
1765303865.558363,6035,256
1765303865.559102,6036,256
1765303865.559812,6037,256
1765303865.561923,6038,256
1765303865.565185,6039,256
1765303865.565290,6040,256
1765303865.565855,6041,256
1765303865.566200,6042,256
1765303865.570542,6043,256
1765303865.571623,6044,256
1765303865.574860,6045,256
1765303865.576572,6046,256
1765303865.579607,6047,256
1765303865.586055,6048,256
1765303865.591375,6049,256
1765303865.591945,6050,256
1765303865.593807,6051,256
1765303865.593877,6052,256
1765303865.599783,6053,256
1765303865.602927,6054,256
1765303865.606368,6055,256
1765303865.614944,6056,256
1765303865.615098,6057,256
1765303865.628592,6058,256
1765303865.628802,6059,256
1765303865.629600,6060,256
1765303865.630445,6061,256
1765303865.636027,6062,256
1765303865.638594,6063,256
1765303865.644963,6064,256
1765303865.653517,6065,256
1765303865.657912,6066,256
1765303865.662265,6067,256
1765303865.662326,6068,256
1765303865.674877,6069,256
1765303865.676692,6070,256
1765303865.677120,6071,256
1765303865.682196,6072,256
1765303865.684501,6073,256
1765303865.690057,6074,256
1765303865.692241,6075,256
1765303865.696250,6076,256
1765303865.697874,6077,256
1765303865.701067,6078,256
1765303865.706297,6079,256
1765303865.713160,6080,256
1765303865.714424,6081,256
1765303865.715263,6082,256
1765303865.718610,6083,256
1765303865.720217,6084,256
1765303865.725523,6085,256
1765303865.725726,6086,256
1765303865.726922,6087,256
1765303865.730015,6088,256
1765303865.732284,6089,256
1765303865.733217,6090,256
1765303865.734689,6091,256
1765303865.738091,6092,256
1765303865.739919,6093,256
1765303865.740688,6094,256
1765303865.741234,6095,256
1765303865.748462,6096,256
1765303865.752818,6097,256
1765303865.754746,6098,256
1765303865.760329,6099,256
1765303865.761740,6100,256
1765303865.766249,6101,256
1765303865.768394,6102,256
1765303865.769163,6103,256
1765303865.771008,6104,256
1765303865.774174,6105,256
1765303865.774821,6106,256
1765303865.780610,6107,256
1765303865.785087,6108,256
1765303865.786251,6109,256
1765303865.788153,6110,256
1765303865.788281,6111,256
1765303865.790049,6112,256
1765303865.793873,6113,256
1765303865.795401,6114,256
1765303865.796792,6115,256
1765303865.797045,6116,256
1765303865.800688,6117,256
1765303865.805889,6118,256
1765303865.807893,6119,256
1765303865.810071,6120,256
1765303865.812565,6121,256
1765303865.818312,6122,256
1765303865.818452,6123,256
1765303865.821511,6124,256
1765303865.827730,6125,256
1765303865.828497,6126,256
1765303865.841547,6127,256
1765303865.844133,6128,256
1765303865.845718,6129,256
1765303865.848556,6130,256
1765303865.849247,6131,256
1765303865.851485,6132,256
1765303865.852615,6133,256
1765303865.855902,6134,256
1765303865.858081,6135,256
1765303865.859354,6136,256
1765303865.861227,6137,256
1765303865.861923,6138,256
1765303865.862244,6139,256
1765303865.863921,6140,256
1765303865.865108,6141,256
1765303865.871820,6142,256
1765303865.871989,6143,256
1765303865.875361,6144,256
1765303865.880399,6145,256
1765303865.880456,6146,256
1765303865.880859,6147,256
1765303865.889338,6148,256
1765303865.891833,6149,256
1765303865.899883,6150,256
1765303865.905520,6151,256
1765303865.910917,6152,256
1765303865.911142,6153,256
1765303865.912850,6154,256
1765303865.912927,6155,256
1765303865.920334,6156,256
1765303865.920449,6157,256
1765303865.930767,6158,256
1765303865.936999,6159,256
1765303865.941587,6160,256
1765303865.945310,6161,256
1765303865.947765,6162,256
1765303865.948754,6163,256
1765303865.949104,6164,256
1765303865.950692,6165,256
1765303865.950993,6166,256
1765303865.955243,6167,256
1765303865.955432,6168,256
1765303865.956220,6169,256
1765303865.957913,6170,256
1765303865.961361,6171,256
1765303865.963196,6172,256
1765303865.964844,6173,256
1765303865.965361,6174,256
1765303865.968127,6175,256
1765303865.969389,6176,256
1765303865.971420,6177,256
1765303865.971551,6178,256
1765303865.973419,6179,256
1765303865.974040,6180,256
1765303865.980620,6181,256
1765303865.991177,6182,256
1765303865.992998,6183,256
1765303865.995369,6184,256
1765303865.995702,6185,256
1765303865.998344,6186,256
1765303865.998517,6187,256
1765303866.004250,6188,256
1765303866.004737,6189,256
1765303866.005044,6190,256
1765303866.011811,6191,256
1765303866.013693,6192,256
1765303866.013783,6193,256
1765303866.018238,6194,256
1765303866.019905,6195,256
1765303866.020959,6196,256
1765303866.026296,6197,256
1765303866.028979,6198,256
1765303866.031082,6199,256
1765303866.035523,6200,256
1765303866.037431,6201,256
1765303866.037646,6202,256
1765303866.040950,6203,256
1765303866.043418,6204,256
1765303866.045655,6205,256
1765303866.053765,6206,256
1765303866.055544,6207,256
1765303866.056429,6208,256
1765303866.056675,6209,256
1765303866.058353,6210,256
1765303866.069285,6211,256
1765303866.072078,6212,256
1765303866.072993,6213,256
1765303866.087218,6214,256
1765303866.089236,6215,256
1765303866.089840,6216,256
1765303866.090018,6217,256
1765303866.091761,6218,256
1765303866.107535,6219,256
1765303866.110746,6220,256
1765303866.111281,6221,256
1765303866.113621,6222,256
1765303866.114679,6223,256
1765303866.117380,6224,256
1765303866.117956,6225,256
1765303866.121727,6226,256
1765303866.127522,6227,256
1765303866.132652,6228,256
1765303866.136045,6229,256
1765303866.140053,6230,256
1765303866.145020,6231,256
1765303866.149150,6232,256
1765303866.154084,6233,256
1765303866.155634,6234,256
1765303866.157462,6235,256
1765303866.161841,6236,256
1765303866.163900,6237,256
1765303866.168864,6238,256
1765303866.181944,6239,256
1765303866.184223,6240,256
1765303866.189585,6241,256
1765303866.192629,6242,256
1765303866.196004,6243,256
1765303866.196147,6244,256
1765303866.199804,6245,256
1765303866.211674,6246,256
1765303866.216805,6247,256
1765303866.217587,6248,256
1765303866.218851,6249,256
1765303866.223166,6250,256
1765303866.224157,6251,256
1765303866.224908,6252,256
1765303866.226404,6253,256
1765303866.228245,6254,256
1765303866.230766,6255,256
1765303866.232756,6256,256
1765303866.234703,6257,256
1765303866.235431,6258,256
1765303866.238142,6259,256
1765303866.246559,6260,256
1765303866.250219,6261,256
1765303866.260750,6262,256
1765303866.261417,6263,256
1765303866.269027,6264,256
1765303866.271633,6265,256
1765303866.273035,6266,256
1765303866.277008,6267,256
1765303866.281304,6268,256
1765303866.283103,6269,256
1765303866.289248,6270,256
1765303866.289451,6271,256
1765303866.293521,6272,256
1765303866.295400,6273,256
1765303866.301055,6274,256
1765303866.301130,6275,256
1765303866.301732,6276,256
1765303866.302814,6277,256
1765303866.303731,6278,256
1765303866.308148,6279,256
1765303866.310920,6280,256
1765303866.311949,6281,256
1765303866.312860,6282,256
1765303866.313873,6283,256
1765303866.313997,6284,256
1765303866.320301,6285,256
1765303866.321015,6286,256
1765303866.324446,6287,256
1765303866.324936,6288,256
1765303866.328601,6289,256
1765303866.328740,6290,256
1765303866.328793,6291,256
1765303866.329174,6292,256
1765303866.333167,6293,256
1765303866.337917,6294,256
1765303866.339489,6295,256
1765303866.345648,6296,256
1765303866.347342,6297,256
1765303866.347520,6298,256
1765303866.349620,6299,256
1765303866.352331,6300,256
1765303866.352512,6301,256
1765303866.353506,6302,256
1765303866.360237,6303,256
1765303866.360415,6304,256
1765303866.360909,6305,256
1765303866.370816,6306,256
1765303866.372961,6307,256
1765303866.376157,6308,256
1765303866.377693,6309,256
1765303866.383334,6310,256
1765303866.385683,6311,256
1765303866.386177,6312,256
1765303866.396108,6313,256
1765303866.398929,6314,256
1765303866.400342,6315,256
1765303866.401189,6316,256
1765303866.403971,6317,256
1765303866.413772,6318,256
1765303866.413894,6319,256
1765303866.417134,6320,256
1765303866.423075,6321,256
1765303866.425910,6322,256
1765303866.426794,6323,256
1765303866.430642,6324,256
1765303866.433198,6325,256
1765303866.433723,6326,256
1765303866.435314,6327,256
1765303866.437502,6328,256
1765303866.439550,6329,256
1765303866.447034,6330,256
1765303866.448673,6331,256
1765303866.455256,6332,256
1765303866.456425,6333,256
1765303866.456880,6334,256
1765303866.462312,6335,256
1765303866.465015,6336,256
1765303866.466745,6337,256
1765303866.471314,6338,256
1765303866.472492,6339,256
1765303866.472731,6340,256
1765303866.477193,6341,256
1765303866.477595,6342,256
1765303866.478020,6343,256
1765303866.480888,6344,256
1765303866.487262,6345,256
1765303866.487730,6346,256
1765303866.494972,6347,256
1765303866.500633,6348,256
1765303866.501777,6349,256
1765303866.504922,6350,256
1765303866.507481,6351,256
1765303866.507842,6352,256
1765303866.514635,6353,256
1765303866.518169,6354,256
1765303866.522883,6355,256
1765303866.531278,6356,256
1765303866.533043,6357,256
1765303866.541629,6358,256
1765303866.542184,6359,256
1765303866.544531,6360,256
1765303866.560860,6361,256
1765303866.567565,6362,256
1765303866.572960,6363,256
1765303866.576184,6364,256
1765303866.579056,6365,256
1765303866.580272,6366,256
1765303866.583318,6367,256
1765303866.590290,6368,256
1765303866.596773,6369,256
1765303866.596851,6370,256
1765303866.603783,6371,256
1765303866.606323,6372,256
1765303866.607622,6373,256
1765303866.614336,6374,256
1765303866.616025,6375,256
1765303866.617044,6376,256
1765303866.619932,6377,256
1765303866.622786,6378,256
1765303866.626401,6379,256
1765303866.628489,6380,256
1765303866.638183,6381,256
1765303866.638999,6382,256
1765303866.654763,6383,256
1765303866.655818,6384,256
1765303866.658202,6385,256
1765303866.664399,6386,256
1765303866.668967,6387,256
1765303866.669108,6388,256
1765303866.670614,6389,256
1765303866.671866,6390,256
1765303866.672724,6391,256
1765303866.673683,6392,256
1765303866.674401,6393,256
1765303866.677936,6394,256
1765303866.681263,6395,256
1765303866.681938,6396,256
1765303866.684646,6397,256
1765303866.685340,6398,256
1765303866.685471,6399,256
1765303866.697419,6400,256
1765303866.698239,6401,256
1765303866.701355,6402,256
1765303866.701922,6403,256
1765303866.701939,6404,256
1765303866.702379,6405,256
1765303866.711248,6406,256
1765303866.722521,6407,256
1765303866.729952,6408,256
1765303866.730315,6409,256
1765303866.731452,6410,256
1765303866.738130,6411,256
1765303866.741102,6412,256
1765303866.743202,6413,256
1765303866.745871,6414,256
1765303866.746408,6415,256
1765303866.754826,6416,256
1765303866.759919,6417,256
1765303866.763245,6418,256
1765303866.767460,6419,256
1765303866.769894,6420,256
1765303866.770801,6421,256
1765303866.773248,6422,256
1765303866.777176,6423,256
1765303866.780119,6424,256
1765303866.790344,6425,256
1765303866.791809,6426,256
1765303866.798773,6427,256
1765303866.801259,6428,256
1765303866.808837,6429,256
1765303866.809901,6430,256
1765303866.810285,6431,256
1765303866.819195,6432,256
1765303866.820411,6433,256
1765303866.820624,6434,256
1765303866.829881,6435,256
1765303866.831774,6436,256
1765303866.833798,6437,256
1765303866.839115,6438,256
1765303866.845109,6439,256
1765303866.862537,6440,256
1765303866.863014,6441,256
1765303866.865231,6442,256
1765303866.869630,6443,256
1765303866.872088,6444,256
1765303866.873289,6445,256
1765303866.880424,6446,256
1765303866.883098,6447,256
1765303866.886212,6448,256
1765303866.886336,6449,256
1765303866.886554,6450,256
1765303866.890259,6451,256
1765303866.897693,6452,256
1765303866.899905,6453,256
1765303866.902051,6454,256
1765303866.906566,6455,256
1765303866.907048,6456,256
1765303866.915828,6457,256
1765303866.918109,6458,256
1765303866.921216,6459,256
1765303866.924656,6460,256
1765303866.925499,6461,256
1765303866.932252,6462,256
1765303866.941024,6463,256
1765303866.941489,6464,256
1765303866.945775,6465,256
1765303866.946330,6466,256
1765303866.948672,6467,256
1765303866.949689,6468,256
1765303866.951030,6469,256
1765303866.954764,6470,256
1765303866.954895,6471,256
1765303866.955067,6472,256
1765303866.957661,6473,256
1765303866.959677,6474,256
1765303866.964827,6475,256
1765303866.965284,6476,256
1765303866.982143,6477,256
1765303866.984110,6478,256
1765303866.985663,6479,256
1765303866.990854,6480,256
1765303866.994580,6481,256
1765303866.997156,6482,256
1765303867.006644,6483,256
1765303867.008868,6484,256
1765303867.012370,6485,256
1765303867.027900,6486,256
1765303867.028793,6487,256
1765303867.029442,6488,256
1765303867.033442,6489,256
1765303867.041894,6490,256
1765303867.044172,6491,256
1765303867.048880,6492,256
1765303867.049014,6493,256
1765303867.050046,6494,256
1765303867.053875,6495,256
1765303867.063073,6496,256
1765303867.064851,6497,256
1765303867.074864,6498,256
1765303867.076726,6499,256
1765303867.077338,6500,256
1765303867.078478,6501,256
1765303867.078556,6502,256
1765303867.082827,6503,256
1765303867.084946,6504,256
1765303867.087397,6505,256
1765303867.091807,6506,256
1765303867.093872,6507,256
1765303867.096903,6508,256
1765303867.097051,6509,256
1765303867.100983,6510,256
1765303867.105725,6511,256
1765303867.107798,6512,256
1765303867.108131,6513,256
1765303867.117988,6514,256
1765303867.118696,6515,256
1765303867.119263,6516,256
1765303867.128035,6517,256
1765303867.128472,6518,256
1765303867.129980,6519,256
1765303867.132066,6520,256
1765303867.133015,6521,256
1765303867.134253,6522,256
1765303867.136528,6523,256
1765303867.136694,6524,256
1765303867.138279,6525,256
1765303867.138999,6526,256
1765303867.145632,6527,256
1765303867.148262,6528,256
1765303867.152551,6529,256
1765303867.154997,6530,256
1765303867.155257,6531,256
1765303867.157397,6532,256
1765303867.158800,6533,256
1765303867.162291,6534,256
1765303867.167284,6535,256
1765303867.174303,6536,256
1765303867.175207,6537,256
1765303867.176697,6538,256
1765303867.182741,6539,256
1765303867.183373,6540,256
1765303867.187401,6541,256
1765303867.190897,6542,256
1765303867.197920,6543,256
1765303867.198310,6544,256
1765303867.215921,6545,256
1765303867.216758,6546,256
1765303867.217317,6547,256
1765303867.222482,6548,256
1765303867.223282,6549,256
1765303867.226960,6550,256
1765303867.228586,6551,256
1765303867.229884,6552,256
1765303867.230458,6553,256
1765303867.230881,6554,256
1765303867.232462,6555,256
1765303867.241676,6556,256
1765303867.243129,6557,256
1765303867.245337,6558,256
1765303867.250735,6559,256
1765303867.254638,6560,256
1765303867.254965,6561,256
1765303867.259949,6562,256
1765303867.260071,6563,256
1765303867.269380,6564,256
1765303867.271686,6565,256
1765303867.272157,6566,256
1765303867.276488,6567,256
1765303867.279483,6568,256
1765303867.284547,6569,256
1765303867.289271,6570,256
1765303867.293278,6571,256
1765303867.294743,6572,256
1765303867.301414,6573,256
1765303867.304068,6574,256
1765303867.305394,6575,256
1765303867.315611,6576,256
1765303867.326031,6577,256
1765303867.332788,6578,256
1765303867.340184,6579,256
1765303867.344034,6580,256
1765303867.346634,6581,256
1765303867.347161,6582,256
1765303867.348771,6583,256
1765303867.349095,6584,256
1765303867.360079,6585,256
1765303867.361123,6586,256
1765303867.361557,6587,256
1765303867.365226,6588,256
1765303867.380515,6589,256
1765303867.380697,6590,256
1765303867.382782,6591,256
1765303867.385478,6592,256
1765303867.388820,6593,256
1765303867.396268,6594,256
1765303867.407917,6595,256
1765303867.410649,6596,256
1765303867.412936,6597,256
1765303867.413397,6598,256
1765303867.416697,6599,256
1765303867.421989,6600,256
1765303867.424243,6601,256
1765303867.429004,6602,256
1765303867.432922,6603,256
1765303867.435251,6604,256
1765303867.439092,6605,256
1765303867.439203,6606,256
1765303867.439328,6607,256
1765303867.439687,6608,256
1765303867.441864,6609,256
1765303867.442376,6610,256
1765303867.444608,6611,256
1765303867.444775,6612,256
1765303867.448066,6613,256
1765303867.451924,6614,256
1765303867.459378,6615,256
1765303867.465043,6616,256
1765303867.468143,6617,256
1765303867.469285,6618,256
1765303867.471219,6619,256
1765303867.488163,6620,256
1765303867.491213,6621,256
1765303867.499349,6622,256
1765303867.501212,6623,256
1765303867.502064,6624,256
1765303867.505297,6625,256
1765303867.505404,6626,256
1765303867.506951,6627,256
1765303867.510967,6628,256
1765303867.518084,6629,256
1765303867.521248,6630,256
1765303867.522370,6631,256
1765303867.523678,6632,256
1765303867.524895,6633,256
1765303867.531279,6634,256
1765303867.531442,6635,256
1765303867.534416,6636,256
1765303867.536110,6637,256
1765303867.538076,6638,256
1765303867.542999,6639,256
1765303867.544942,6640,256
1765303867.546397,6641,256
1765303867.549380,6642,256
1765303867.553279,6643,256
1765303867.557597,6644,256
1765303867.561303,6645,256
1765303867.561651,6646,256
1765303867.565721,6647,256
1765303867.567748,6648,256
1765303867.570448,6649,256
1765303867.574006,6650,256
1765303867.575012,6651,256
1765303867.581273,6652,256
1765303867.586302,6653,256
1765303867.589468,6654,256
1765303867.597878,6655,256
1765303867.598302,6656,256
1765303867.599224,6657,256
1765303867.603096,6658,256
1765303867.603822,6659,256
1765303867.616230,6660,256
1765303867.624495,6661,256
1765303867.634909,6662,256
1765303867.639406,6663,256
1765303867.640134,6664,256
1765303867.640193,6665,256
1765303867.645845,6666,256
1765303867.649147,6667,256
1765303867.655039,6668,256
1765303867.668745,6669,256
1765303867.672346,6670,256
1765303867.672441,6671,256
1765303867.673288,6672,256
1765303867.676875,6673,256
1765303867.691677,6674,256
1765303867.691922,6675,256
1765303867.694857,6676,256
1765303867.695073,6677,256
1765303867.702562,6678,256
1765303867.704050,6679,256
1765303867.706226,6680,256
1765303867.718256,6681,256
1765303867.719214,6682,256
1765303867.734329,6683,256
1765303867.734723,6684,256
1765303867.735883,6685,256
1765303867.737566,6686,256
1765303867.739885,6687,256
1765303867.743453,6688,256
1765303867.744815,6689,256
1765303867.745080,6690,256
1765303867.746959,6691,256
1765303867.750780,6692,256
1765303867.751358,6693,256
1765303867.752074,6694,256
1765303867.757645,6695,256
1765303867.759575,6696,256
1765303867.760549,6697,256
1765303867.761910,6698,256
1765303867.763702,6699,256
1765303867.765398,6700,256
1765303867.768289,6701,256
1765303867.768958,6702,256
1765303867.772562,6703,256
1765303867.776279,6704,256
1765303867.779134,6705,256
1765303867.780433,6706,256
1765303867.781962,6707,256
1765303867.782024,6708,256
1765303867.782659,6709,256
1765303867.790980,6710,256
1765303867.796415,6711,256
1765303867.802885,6712,256
1765303867.803206,6713,256
1765303867.819685,6714,256
1765303867.829559,6715,256
1765303867.829973,6716,256
1765303867.830848,6717,256
1765303867.831900,6718,256
1765303867.835494,6719,256
1765303867.839266,6720,256
1765303867.841814,6721,256
1765303867.844814,6722,256
1765303867.852996,6723,256
1765303867.855783,6724,256
1765303867.859700,6725,256
1765303867.860455,6726,256
1765303867.860492,6727,256
1765303867.861636,6728,256
1765303867.864782,6729,256
1765303867.865148,6730,256
1765303867.869157,6731,256
1765303867.875324,6732,256
1765303867.880584,6733,256
1765303867.883584,6734,256
1765303867.888682,6735,256
1765303867.888921,6736,256
1765303867.891216,6737,256
1765303867.898152,6738,256
1765303867.898412,6739,256
1765303867.901280,6740,256
1765303867.903311,6741,256
1765303867.907108,6742,256
1765303867.907757,6743,256
1765303867.913728,6744,256
1765303867.914042,6745,256
1765303867.919892,6746,256
1765303867.925419,6747,256
1765303867.925674,6748,256
1765303867.936072,6749,256
1765303867.937966,6750,256
1765303867.940530,6751,256
1765303867.944595,6752,256
1765303867.951154,6753,256
1765303867.951822,6754,256
1765303867.952031,6755,256
1765303867.952140,6756,256
1765303867.957648,6757,256
1765303867.963887,6758,256
1765303867.965954,6759,256
1765303867.983858,6760,256
1765303867.984797,6761,256
1765303867.986993,6762,256
1765303867.988636,6763,256
1765303867.989853,6764,256
1765303867.990349,6765,256
1765303867.991668,6766,256
1765303867.992129,6767,256
1765303867.992394,6768,256
1765303867.995848,6769,256
1765303868.000642,6770,256
1765303868.000897,6771,256
1765303868.007468,6772,256
1765303868.008658,6773,256
1765303868.010404,6774,256
1765303868.011664,6775,256
1765303868.013893,6776,256
1765303868.014030,6777,256
1765303868.014240,6778,256
1765303868.016203,6779,256
1765303868.019623,6780,256
1765303868.028514,6781,256
1765303868.031214,6782,256
1765303868.034874,6783,256
1765303868.038623,6784,256
1765303868.040913,6785,256
1765303868.044023,6786,256
1765303868.044612,6787,256
1765303868.048395,6788,256
1765303868.058991,6789,256
1765303868.059205,6790,256
1765303868.059226,6791,256
1765303868.061566,6792,256
1765303868.064888,6793,256
1765303868.065014,6794,256
1765303868.065038,6795,256
1765303868.066426,6796,256
1765303868.070623,6797,256
1765303868.073132,6798,256
1765303868.073274,6799,256
1765303868.076165,6800,256
1765303868.082363,6801,256
1765303868.086790,6802,256
1765303868.088753,6803,256
1765303868.092950,6804,256
1765303868.093698,6805,256
1765303868.096820,6806,256
1765303868.097681,6807,256
1765303868.097855,6808,256
1765303868.098272,6809,256
1765303868.099775,6810,256
1765303868.101038,6811,256
1765303868.106236,6812,256
1765303868.109787,6813,256
1765303868.111706,6814,256
1765303868.113680,6815,256
1765303868.117415,6816,256
1765303868.122268,6817,256
1765303868.123065,6818,256
1765303868.124199,6819,256
1765303868.125222,6820,256
1765303868.126086,6821,256
1765303868.134105,6822,256
1765303868.135854,6823,256
1765303868.142493,6824,256
1765303868.144190,6825,256
1765303868.145736,6826,256
1765303868.147249,6827,256
1765303868.152780,6828,256
1765303868.154356,6829,256
1765303868.155105,6830,256
1765303868.162965,6831,256
1765303868.170861,6832,256
1765303868.173837,6833,256
1765303868.174131,6834,256
1765303868.175988,6835,256
1765303868.182913,6836,256
1765303868.183157,6837,256
1765303868.184952,6838,256
1765303868.187528,6839,256
1765303868.197316,6840,256
1765303868.207309,6841,256
1765303868.218167,6842,256
1765303868.218630,6843,256
1765303868.219100,6844,256
1765303868.226877,6845,256
1765303868.234869,6846,256
1765303868.239906,6847,256
1765303868.242917,6848,256
1765303868.243333,6849,256
1765303868.243707,6850,256
1765303868.244857,6851,256
1765303868.251685,6852,256
1765303868.263729,6853,256
1765303868.267044,6854,256
1765303868.267318,6855,256
1765303868.267462,6856,256
1765303868.272967,6857,256
1765303868.279632,6858,256
1765303868.279798,6859,256
1765303868.281245,6860,256
1765303868.288603,6861,256
1765303868.291394,6862,256
1765303868.291907,6863,256
1765303868.297794,6864,256
1765303868.303114,6865,256
1765303868.304749,6866,256
1765303868.305842,6867,256
1765303868.307000,6868,256
1765303868.316432,6869,256
1765303868.323586,6870,256
1765303868.326670,6871,256
1765303868.329167,6872,256
1765303868.334756,6873,256
1765303868.343804,6874,256
1765303868.344043,6875,256
1765303868.344890,6876,256
1765303868.355946,6877,256
1765303868.358432,6878,256
1765303868.359649,6879,256
1765303868.359812,6880,256
1765303868.364223,6881,256
1765303868.369391,6882,256
1765303868.370682,6883,256
1765303868.387105,6884,256
1765303868.396301,6885,256
1765303868.400739,6886,256
1765303868.405300,6887,256
1765303868.407907,6888,256
1765303868.407979,6889,256
1765303868.408799,6890,256
1765303868.410732,6891,256
1765303868.414401,6892,256
1765303868.414670,6893,256
1765303868.416734,6894,256
1765303868.416799,6895,256
1765303868.419595,6896,256
1765303868.422171,6897,256
1765303868.423170,6898,256
1765303868.426069,6899,256
1765303868.428782,6900,256
1765303868.435329,6901,256
1765303868.435606,6902,256
1765303868.436957,6903,256
1765303868.443309,6904,256
1765303868.444930,6905,256
1765303868.445599,6906,256
1765303868.453544,6907,256
1765303868.461080,6908,256
1765303868.466772,6909,256
1765303868.469940,6910,256
1765303868.471226,6911,256
1765303868.475265,6912,256
1765303868.480252,6913,256
1765303868.483865,6914,256
1765303868.484056,6915,256
1765303868.488896,6916,256
1765303868.497158,6917,256
1765303868.505028,6918,256
1765303868.506772,6919,256
1765303868.511214,6920,256
1765303868.516182,6921,256
1765303868.519143,6922,256
1765303868.521580,6923,256
1765303868.525659,6924,256
1765303868.532963,6925,256
1765303868.533057,6926,256
1765303868.540376,6927,256
1765303868.543432,6928,256
1765303868.543915,6929,256
1765303868.550479,6930,256
1765303868.551488,6931,256
1765303868.552311,6932,256
1765303868.553758,6933,256
1765303868.554505,6934,256
1765303868.556417,6935,256
1765303868.560302,6936,256
1765303868.570911,6937,256
1765303868.571682,6938,256
1765303868.585424,6939,256
1765303868.587523,6940,256
1765303868.589135,6941,256
1765303868.591063,6942,256
1765303868.593136,6943,256
1765303868.593892,6944,256
1765303868.599524,6945,256
1765303868.599598,6946,256
1765303868.604398,6947,256
1765303868.609608,6948,256
1765303868.610728,6949,256
1765303868.618469,6950,256
1765303868.620602,6951,256
1765303868.624405,6952,256
1765303868.631184,6953,256
1765303868.636317,6954,256
1765303868.636837,6955,256
1765303868.637804,6956,256
1765303868.649020,6957,256
1765303868.653635,6958,256
1765303868.654593,6959,256
1765303868.655506,6960,256
1765303868.658893,6961,256
1765303868.660865,6962,256
1765303868.663031,6963,256
1765303868.664373,6964,256
1765303868.673012,6965,256
1765303868.678334,6966,256
1765303868.680657,6967,256
1765303868.683786,6968,256
1765303868.686129,6969,256
1765303868.686296,6970,256
1765303868.687587,6971,256
1765303868.697846,6972,256
1765303868.703179,6973,256
1765303868.708968,6974,256
1765303868.709057,6975,256
1765303868.711700,6976,256
1765303868.714104,6977,256
1765303868.715667,6978,256
1765303868.717374,6979,256
1765303868.719830,6980,256
1765303868.728085,6981,256
1765303868.729314,6982,256
1765303868.730542,6983,256
1765303868.732493,6984,256
1765303868.761578,6985,256
1765303868.765950,6986,256
1765303868.766865,6987,256
1765303868.770910,6988,256
1765303868.772817,6989,256
1765303868.773081,6990,256
1765303868.775057,6991,256
1765303868.775258,6992,256
1765303868.779287,6993,256
1765303868.779464,6994,256
1765303868.781001,6995,256
1765303868.784268,6996,256
1765303868.785079,6997,256
1765303868.788934,6998,256
1765303868.794695,6999,256
1765303868.794879,7000,256
1765303868.794906,7001,256
1765303868.799200,7002,256
1765303868.799681,7003,256
1765303868.805623,7004,256
1765303868.806028,7005,256
1765303868.813799,7006,256
1765303868.824459,7007,256
1765303868.825653,7008,256
1765303868.827848,7009,256
1765303868.828702,7010,256
1765303868.829067,7011,256
1765303868.831872,7012,256
1765303868.832162,7013,256
1765303868.838850,7014,256
1765303868.840341,7015,256
1765303868.843981,7016,256
1765303868.845664,7017,256
1765303868.847838,7018,256
1765303868.856130,7019,256
1765303868.859562,7020,256
1765303868.859696,7021,256
1765303868.861304,7022,256
1765303868.861883,7023,256
1765303868.866999,7024,256
1765303868.874985,7025,256
1765303868.879338,7026,256
1765303868.889374,7027,256
1765303868.889881,7028,256
1765303868.890158,7029,256
1765303868.892853,7030,256
1765303868.896898,7031,256
1765303868.902745,7032,256
1765303868.904201,7033,256
1765303868.912885,7034,256
1765303868.917946,7035,256
1765303868.918380,7036,256
1765303868.922446,7037,256
1765303868.927631,7038,256
1765303868.928879,7039,256
1765303868.929062,7040,256
1765303868.930768,7041,256
1765303868.931548,7042,256
1765303868.938078,7043,256
1765303868.940013,7044,256
1765303868.944178,7045,256
1765303868.944956,7046,256
1765303868.945420,7047,256
1765303868.951428,7048,256
1765303868.956976,7049,256
1765303868.963542,7050,256
1765303868.967315,7051,256
1765303868.972556,7052,256
1765303868.975913,7053,256
1765303868.976281,7054,256
1765303868.980233,7055,256
1765303868.989050,7056,256
1765303868.990964,7057,256
1765303869.005503,7058,256
1765303869.008555,7059,256
1765303869.010652,7060,256
1765303869.013901,7061,256
1765303869.015703,7062,256
1765303869.017193,7063,256
1765303869.018607,7064,256
1765303869.024723,7065,256
1765303869.028208,7066,256
1765303869.033694,7067,256
1765303869.039141,7068,256
1765303869.047918,7069,256
1765303869.050983,7070,256
1765303869.051055,7071,256
1765303869.053676,7072,256
1765303869.059953,7073,256
1765303869.073114,7074,256
1765303869.073653,7075,256
1765303869.074115,7076,256
1765303869.078753,7077,256
1765303869.087753,7078,256
1765303869.094301,7079,256
1765303869.097184,7080,256
1765303869.097599,7081,256
1765303869.099252,7082,256
1765303869.101213,7083,256
1765303869.105066,7084,256
1765303869.107466,7085,256
1765303869.107989,7086,256
1765303869.112574,7087,256
1765303869.116608,7088,256
1765303869.120188,7089,256
1765303869.121212,7090,256
1765303869.122321,7091,256
1765303869.132279,7092,256
1765303869.132692,7093,256
1765303869.133527,7094,256
1765303869.137875,7095,256
1765303869.139121,7096,256
1765303869.139856,7097,256
1765303869.141168,7098,256
1765303869.149027,7099,256
1765303869.150339,7100,256
1765303869.150806,7101,256
1765303869.151807,7102,256
1765303869.153413,7103,256
1765303869.153589,7104,256
1765303869.155852,7105,256
1765303869.162812,7106,256
1765303869.164395,7107,256
1765303869.165204,7108,256
1765303869.165277,7109,256
1765303869.166026,7110,256
1765303869.168511,7111,256
1765303869.174687,7112,256
1765303869.174862,7113,256
1765303869.178820,7114,256
1765303869.182297,7115,256
1765303869.184871,7116,256
1765303869.186413,7117,256
1765303869.188995,7118,256
1765303869.193362,7119,256
1765303869.193461,7120,256
1765303869.198306,7121,256
1765303869.198963,7122,256
1765303869.199601,7123,256
1765303869.202656,7124,256
1765303869.220959,7125,256
1765303869.221141,7126,256
1765303869.225764,7127,256
1765303869.230054,7128,256
1765303869.233797,7129,256
1765303869.243886,7130,256
1765303869.245173,7131,256
1765303869.246505,7132,256
1765303869.247784,7133,256
1765303869.256010,7134,256
1765303869.256080,7135,256
1765303869.265667,7136,256
1765303869.274326,7137,256
1765303869.275627,7138,256
1765303869.290280,7139,256
1765303869.300704,7140,256
1765303869.303776,7141,256
1765303869.303884,7142,256
1765303869.305478,7143,256
1765303869.310418,7144,256
1765303869.310487,7145,256
1765303869.311126,7146,256
1765303869.311595,7147,256
1765303869.314187,7148,256
1765303869.315216,7149,256
1765303869.318552,7150,256
1765303869.321832,7151,256
1765303869.326592,7152,256
1765303869.326757,7153,256
1765303869.326803,7154,256
1765303869.330790,7155,256
1765303869.335042,7156,256
1765303869.335280,7157,256
1765303869.342695,7158,256
1765303869.350645,7159,256
1765303869.355138,7160,256
1765303869.355370,7161,256
1765303869.358890,7162,256
1765303869.361940,7163,256
1765303869.362618,7164,256
1765303869.362991,7165,256
1765303869.363902,7166,256
1765303869.364039,7167,256
1765303869.364065,7168,256
1765303869.364487,7169,256
1765303869.369870,7170,256
1765303869.371564,7171,256
1765303869.382671,7172,256
1765303869.382836,7173,256
1765303869.383799,7174,256
1765303869.384775,7175,256
1765303869.389853,7176,256
1765303869.393783,7177,256
1765303869.403248,7178,256
1765303869.411860,7179,256
1765303869.413832,7180,256
1765303869.430889,7181,256
1765303869.435976,7182,256
1765303869.440770,7183,256
1765303869.445737,7184,256
1765303869.446106,7185,256
1765303869.454962,7186,256
1765303869.456887,7187,256
1765303869.457171,7188,256
1765303869.461456,7189,256
1765303869.462857,7190,256
1765303869.463868,7191,256
1765303869.471116,7192,256
1765303869.476036,7193,256
1765303869.486769,7194,256
1765303869.487471,7195,256
1765303869.491839,7196,256
1765303869.492866,7197,256
1765303869.493526,7198,256
1765303869.493820,7199,256
1765303869.497525,7200,256
1765303869.497808,7201,256
1765303869.500360,7202,256
1765303869.508610,7203,256
1765303869.515798,7204,256
1765303869.519782,7205,256
1765303869.527160,7206,256
1765303869.528040,7207,256
1765303869.528733,7208,256
1765303869.534279,7209,256
1765303869.535754,7210,256
1765303869.538861,7211,256
1765303869.540035,7212,256
1765303869.541523,7213,256
1765303869.548582,7214,256
1765303869.548691,7215,256
1765303869.550499,7216,256
1765303869.550729,7217,256
1765303869.551529,7218,256
1765303869.559027,7219,256
1765303869.563750,7220,256
1765303869.567699,7221,256
1765303869.569628,7222,256
1765303869.578794,7223,256
1765303869.582885,7224,256
1765303869.590354,7225,256
1765303869.599080,7226,256
1765303869.600192,7227,256
1765303869.604717,7228,256
1765303869.605516,7229,256
1765303869.606665,7230,256
1765303869.607005,7231,256
1765303869.608462,7232,256
1765303869.612164,7233,256
1765303869.612207,7234,256
1765303869.614792,7235,256
1765303869.615151,7236,256
1765303869.618361,7237,256
1765303869.622587,7238,256
1765303869.624021,7239,256
1765303869.629910,7240,256
1765303869.634923,7241,256
1765303869.635580,7242,256
1765303869.641485,7243,256
1765303869.643402,7244,256
1765303869.646152,7245,256
1765303869.648327,7246,256
1765303869.648730,7247,256
1765303869.653809,7248,256
1765303869.656208,7249,256
1765303869.659996,7250,256
1765303869.663987,7251,256
1765303869.669042,7252,256
1765303869.672297,7253,256
1765303869.673079,7254,256
1765303869.673329,7255,256
1765303869.676000,7256,256
1765303869.676866,7257,256
1765303869.686451,7258,256
1765303869.689750,7259,256
1765303869.692590,7260,256
1765303869.699300,7261,256
1765303869.700737,7262,256
1765303869.712546,7263,256
1765303869.714217,7264,256
1765303869.714385,7265,256
1765303869.722785,7266,256
1765303869.723449,7267,256
1765303869.728175,7268,256
1765303869.732063,7269,256
1765303869.736305,7270,256
1765303869.736906,7271,256
1765303869.742598,7272,256
1765303869.745654,7273,256
1765303869.748555,7274,256
1765303869.749013,7275,256
1765303869.751922,7276,256
1765303869.754346,7277,256
1765303869.758321,7278,256
1765303869.762261,7279,256
1765303869.769113,7280,256
1765303869.778489,7281,256
1765303869.781000,7282,256
1765303869.792788,7283,256
1765303869.798068,7284,256
1765303869.801208,7285,256
1765303869.802183,7286,256
1765303869.803246,7287,256
1765303869.804200,7288,256
1765303869.815032,7289,256
1765303869.818457,7290,256
1765303869.818520,7291,256
1765303869.832893,7292,256
1765303869.833040,7293,256
1765303869.837399,7294,256
1765303869.840044,7295,256
1765303869.843391,7296,256
1765303869.845379,7297,256
1765303869.852216,7298,256
1765303869.864697,7299,256
1765303869.866274,7300,256
1765303869.869205,7301,256
1765303869.870726,7302,256
1765303869.883395,7303,256
1765303869.884748,7304,256
1765303869.884808,7305,256
1765303869.885995,7306,256
1765303869.888786,7307,256
1765303869.894975,7308,256
1765303869.896797,7309,256
1765303869.903284,7310,256
1765303869.905962,7311,256
1765303869.908863,7312,256
1765303869.910892,7313,256
1765303869.916735,7314,256
1765303869.919188,7315,256
1765303869.919320,7316,256
1765303869.921209,7317,256
1765303869.921999,7318,256
1765303869.928328,7319,256
1765303869.930178,7320,256
1765303869.930319,7321,256
1765303869.930745,7322,256
1765303869.931246,7323,256
1765303869.938842,7324,256
1765303869.939880,7325,256
1765303869.942985,7326,256
1765303869.944680,7327,256
1765303869.955884,7328,256
1765303869.963299,7329,256
1765303869.974148,7330,256
1765303869.974537,7331,256
1765303869.975779,7332,256
1765303869.979008,7333,256
1765303869.980975,7334,256
1765303869.981106,7335,256
1765303869.988575,7336,256
1765303869.992125,7337,256
1765303869.996789,7338,256
1765303869.999753,7339,256
1765303870.009797,7340,256
1765303870.018370,7341,256
1765303870.021870,7342,256
1765303870.027864,7343,256
1765303870.030610,7344,256
1765303870.031221,7345,256
1765303870.035123,7346,256
1765303870.038091,7347,256
1765303870.039037,7348,256
1765303870.041045,7349,256
1765303870.055800,7350,256
1765303870.056140,7351,256
1765303870.060057,7352,256
1765303870.060246,7353,256
1765303870.061167,7354,256
1765303870.064755,7355,256
1765303870.068809,7356,256
1765303870.078024,7357,256
1765303870.079225,7358,256
1765303870.088983,7359,256
1765303870.094378,7360,256
1765303870.095617,7361,256
1765303870.097064,7362,256
1765303870.105015,7363,256
1765303870.114914,7364,256
1765303870.118815,7365,256
1765303870.121362,7366,256
1765303870.124755,7367,256
1765303870.129164,7368,256
1765303870.129630,7369,256
1765303870.130020,7370,256
1765303870.136163,7371,256
1765303870.136836,7372,256
1765303870.142380,7373,256
1765303870.145565,7374,256
1765303870.148852,7375,256
1765303870.153614,7376,256
1765303870.154010,7377,256
1765303870.158837,7378,256
1765303870.163741,7379,256
1765303870.166059,7380,256
1765303870.169934,7381,256
1765303870.170143,7382,256
1765303870.177471,7383,256
1765303870.178880,7384,256
1765303870.181495,7385,256
1765303870.188635,7386,256
1765303870.193617,7387,256
1765303870.194410,7388,256
1765303870.200193,7389,256
1765303870.205833,7390,256
1765303870.214319,7391,256
1765303870.215865,7392,256
1765303870.217085,7393,256
1765303870.218844,7394,256
1765303870.222371,7395,256
1765303870.226822,7396,256
1765303870.226954,7397,256
1765303870.227684,7398,256
1765303870.234353,7399,256
1765303870.236297,7400,256
1765303870.238281,7401,256
1765303870.242353,7402,256
1765303870.247637,7403,256
1765303870.262889,7404,256
1765303870.263961,7405,256
1765303870.270606,7406,256
1765303870.279696,7407,256
1765303870.287145,7408,256
1765303870.292795,7409,256
1765303870.296408,7410,256
1765303870.297716,7411,256
1765303870.314817,7412,256
1765303870.316989,7413,256
1765303870.320357,7414,256
1765303870.324724,7415,256
1765303870.326773,7416,256
1765303870.328989,7417,256
1765303870.338478,7418,256
1765303870.341850,7419,256
1765303870.349260,7420,256
1765303870.349312,7421,256
1765303870.349402,7422,256
1765303870.355684,7423,256
1765303870.356817,7424,256
1765303870.358471,7425,256
1765303870.364856,7426,256
1765303870.366450,7427,256
1765303870.369877,7428,256
1765303870.372666,7429,256
1765303870.373502,7430,256
1765303870.375736,7431,256
1765303870.375856,7432,256
1765303870.379736,7433,256
1765303870.380672,7434,256
1765303870.384257,7435,256
1765303870.387873,7436,256
1765303870.389966,7437,256
1765303870.390384,7438,256
1765303870.398509,7439,256
1765303870.401474,7440,256
1765303870.405779,7441,256
1765303870.406447,7442,256
1765303870.408083,7443,256
1765303870.408347,7444,256
1765303870.413327,7445,256
1765303870.419129,7446,256
1765303870.422514,7447,256
1765303870.423228,7448,256
1765303870.423269,7449,256
1765303870.427200,7450,256
1765303870.429435,7451,256
1765303870.437233,7452,256
1765303870.440199,7453,256
1765303870.441573,7454,256
1765303870.442962,7455,256
1765303870.444007,7456,256
1765303870.446254,7457,256
1765303870.446500,7458,256
1765303870.446775,7459,256
1765303870.448271,7460,256
1765303870.448292,7461,256
1765303870.453068,7462,256
1765303870.465374,7463,256
1765303870.466367,7464,256
1765303870.468867,7465,256
1765303870.468994,7466,256
1765303870.473385,7467,256
1765303870.478696,7468,256
1765303870.478869,7469,256
1765303870.479188,7470,256
1765303870.486818,7471,256
1765303870.491079,7472,256
1765303870.491971,7473,256
1765303870.492935,7474,256
1765303870.495940,7475,256
1765303870.496740,7476,256
1765303870.503992,7477,256
1765303870.509990,7478,256
1765303870.512677,7479,256
1765303870.522292,7480,256
1765303870.529287,7481,256
1765303870.534345,7482,256
1765303870.535954,7483,256
1765303870.536485,7484,256
1765303870.539113,7485,256
1765303870.555264,7486,256
1765303870.555421,7487,256
1765303870.563908,7488,256
1765303870.570990,7489,256
1765303870.571755,7490,256
1765303870.573632,7491,256
1765303870.576175,7492,256
1765303870.576691,7493,256
1765303870.584684,7494,256
1765303870.590378,7495,256
1765303870.592441,7496,256
1765303870.593930,7497,256
1765303870.596783,7498,256
1765303870.597043,7499,256
1765303870.599314,7500,256
1765303870.601932,7501,256
1765303870.606689,7502,256
1765303870.612212,7503,256
1765303870.613752,7504,256
1765303870.613912,7505,256
1765303870.614763,7506,256
1765303870.616602,7507,256
1765303870.617221,7508,256
1765303870.617467,7509,256
1765303870.620483,7510,256
1765303870.620574,7511,256
1765303870.623012,7512,256
1765303870.623114,7513,256
1765303870.624294,7514,256
1765303870.624782,7515,256
1765303870.626573,7516,256
1765303870.630673,7517,256
1765303870.635127,7518,256
1765303870.646754,7519,256
1765303870.646884,7520,256
1765303870.647863,7521,256
1765303870.652229,7522,256
1765303870.653984,7523,256
1765303870.654549,7524,256
1765303870.655544,7525,256
1765303870.655669,7526,256
1765303870.656621,7527,256
1765303870.656761,7528,256
1765303870.657853,7529,256
1765303870.662610,7530,256
1765303870.664226,7531,256
1765303870.666848,7532,256
1765303870.667260,7533,256
1765303870.678612,7534,256
1765303870.679863,7535,256
1765303870.682609,7536,256
1765303870.693331,7537,256
1765303870.697748,7538,256
1765303870.701767,7539,256
1765303870.704141,7540,256
1765303870.707030,7541,256
1765303870.708355,7542,256
1765303870.711601,7543,256
1765303870.715875,7544,256
1765303870.720845,7545,256
1765303870.720910,7546,256
1765303870.722025,7547,256
1765303870.723343,7548,256
1765303870.728095,7549,256
1765303870.729040,7550,256
1765303870.741355,7551,256
1765303870.741426,7552,256
