t_recv,seq,bytes,t_send,latency_ms
1765652495.039156,1,256,1765652495.017296,21.860
1765652495.039344,2,256,1765652495.017708,21.636
1765652495.039741,3,256,1765652495.018833,20.907
1765652495.042173,4,256,1765652495.021124,21.049
1765652495.042429,5,256,1765652495.021250,21.178
1765652495.045747,6,256,1765652495.024741,21.006
1765652495.049945,7,256,1765652495.028954,20.992
1765652495.050218,8,256,1765652495.029061,21.156
1765652495.053042,9,256,1765652495.032149,20.893
1765652495.058051,10,256,1765652495.037045,21.007
1765652495.070723,11,256,1765652495.049730,20.993
1765652495.072546,12,256,1765652495.051692,20.853
1765652495.076933,13,256,1765652495.055913,21.020
1765652495.078236,14,256,1765652495.057331,20.905
1765652495.095595,15,256,1765652495.074624,20.971
1765652495.103552,16,256,1765652495.082642,20.911
1765652495.107499,17,256,1765652495.086635,20.864
1765652495.109493,18,256,1765652495.088645,20.849
1765652495.114418,19,256,1765652495.093510,20.909
1765652495.115507,20,256,1765652495.094638,20.869
1765652495.121511,21,256,1765652495.100405,21.106
1765652495.122020,22,256,1765652495.101204,20.816
1765652495.125436,23,256,1765652495.104568,20.869
1765652495.126413,24,256,1765652495.105584,20.829
1765652495.130026,25,256,1765652495.109200,20.827
1765652495.130596,26,256,1765652495.109808,20.788
1765652495.132739,27,256,1765652495.111612,21.127
1765652495.138846,28,256,1765652495.117416,21.429
1765652495.139122,29,256,1765652495.117572,21.550
1765652495.148956,30,256,1765652495.127958,20.999
1765652495.152934,31,256,1765652495.132028,20.906
1765652495.154921,32,256,1765652495.134047,20.874
1765652495.155672,33,256,1765652495.134869,20.803
1765652495.159714,34,256,1765652495.138824,20.890
1765652495.160490,35,256,1765652495.139140,21.350
1765652495.163013,36,256,1765652495.142150,20.863
1765652495.164498,37,256,1765652495.143651,20.847
1765652495.167289,38,256,1765652495.146448,20.841
1765652495.171159,39,256,1765652495.150256,20.903
1765652495.178830,40,256,1765652495.157967,20.863
1765652495.179334,41,256,1765652495.158543,20.791
1765652495.179997,42,256,1765652495.159214,20.783
1765652495.183831,43,256,1765652495.162990,20.841
1765652495.190426,44,256,1765652495.169485,20.941
1765652495.192568,45,256,1765652495.171745,20.823
1765652495.193419,46,256,1765652495.172527,20.892
1765652495.193739,47,256,1765652495.172622,21.117
1765652495.194612,48,256,1765652495.173742,20.870
1765652495.195483,49,256,1765652495.174626,20.857
1765652495.195858,50,256,1765652495.174798,21.061
1765652495.197964,51,256,1765652495.177120,20.844
1765652495.202024,52,256,1765652495.180915,21.109
1765652495.205284,53,256,1765652495.184391,20.893
1765652495.206312,54,256,1765652495.185458,20.855
1765652495.209368,55,256,1765652495.188498,20.870
1765652495.210507,56,256,1765652495.189651,20.857
1765652495.212488,57,256,1765652495.191641,20.847
1765652495.217260,58,256,1765652495.196324,20.936
1765652495.217570,59,256,1765652495.196470,21.100
1765652495.217979,60,256,1765652495.196648,21.332
1765652495.218411,61,256,1765652495.197045,21.366
1765652495.222999,62,256,1765652495.201946,21.054
1765652495.224204,63,256,1765652495.203222,20.982
1765652495.224956,64,256,1765652495.203413,21.542
1765652495.226604,65,256,1765652495.205673,20.930
1765652495.227575,66,256,1765652495.206673,20.902
1765652495.230193,67,256,1765652495.209259,20.934
1765652495.233706,68,256,1765652495.212652,21.054
1765652495.235954,69,256,1765652495.214908,21.046
1765652495.236978,70,256,1765652495.216058,20.920
1765652495.238528,71,256,1765652495.217644,20.885
1765652495.241543,72,256,1765652495.220616,20.927
1765652495.242815,73,256,1765652495.221745,21.071
1765652495.244554,74,256,1765652495.223490,21.064
1765652495.248887,75,256,1765652495.227797,21.090
1765652495.249105,76,256,1765652495.228173,20.932
1765652495.249444,77,256,1765652495.228566,20.878
1765652495.253926,78,256,1765652495.233006,20.920
1765652495.257708,79,256,1765652495.236717,20.991
1765652495.263516,80,256,1765652495.242623,20.892
1765652495.263937,81,256,1765652495.243059,20.878
1765652495.274315,82,256,1765652495.252988,21.327
1765652495.275073,83,256,1765652495.253998,21.075
1765652495.275474,84,256,1765652495.254460,21.013
1765652495.277147,85,256,1765652495.256245,20.902
1765652495.279016,86,256,1765652495.258146,20.871
1765652495.283925,87,256,1765652495.262917,21.008
1765652495.286522,88,256,1765652495.265617,20.905
1765652495.289468,89,256,1765652495.268355,21.113
1765652495.292692,90,256,1765652495.271662,21.030
1765652495.295434,91,256,1765652495.274536,20.897
1765652495.296138,92,256,1765652495.275264,20.874
1765652495.303141,93,256,1765652495.282188,20.953
1765652495.310807,94,256,1765652495.289841,20.966
1765652495.314510,95,256,1765652495.293462,21.048
1765652495.314948,96,256,1765652495.293720,21.228
1765652495.315565,97,256,1765652495.294455,21.109
1765652495.316323,98,256,1765652495.295343,20.980
1765652495.318684,99,256,1765652495.297735,20.948
1765652495.321304,100,256,1765652495.300285,21.020
1765652495.329732,101,256,1765652495.308713,21.019
1765652495.331254,102,256,1765652495.310400,20.854
1765652495.332432,103,256,1765652495.311622,20.810
1765652495.338030,104,256,1765652495.316967,21.063
1765652495.339784,105,256,1765652495.318798,20.987
1765652495.340081,106,256,1765652495.318836,21.245
1765652495.348964,107,256,1765652495.328134,20.830
1765652495.352280,108,256,1765652495.331476,20.804
1765652495.352921,109,256,1765652495.332118,20.802
1765652495.353323,110,256,1765652495.332448,20.875
1765652495.354888,111,256,1765652495.334069,20.820
1765652495.356506,112,256,1765652495.335678,20.828
1765652495.357025,113,256,1765652495.336178,20.847
1765652495.359975,114,256,1765652495.339037,20.939
1765652495.361164,115,256,1765652495.340304,20.860
1765652495.361631,116,256,1765652495.340806,20.825
1765652495.362084,117,256,1765652495.341239,20.845
1765652495.362615,118,256,1765652495.341786,20.829
1765652495.364341,119,256,1765652495.343490,20.851
1765652495.373388,120,256,1765652495.352454,20.934
1765652495.375526,121,256,1765652495.354671,20.855
1765652495.382643,122,256,1765652495.361773,20.870
1765652495.386484,123,256,1765652495.365570,20.914
1765652495.393989,124,256,1765652495.373080,20.910
1765652495.394799,125,256,1765652495.373924,20.875
1765652495.396865,126,256,1765652495.375951,20.914
1765652495.397181,127,256,1765652495.376343,20.838
1765652495.398773,128,256,1765652495.377928,20.845
1765652495.400626,129,256,1765652495.379581,21.045
1765652495.401647,130,256,1765652495.380860,20.787
1765652495.403122,131,256,1765652495.382298,20.825
1765652495.414012,132,256,1765652495.392949,21.063
1765652495.414193,133,256,1765652495.393294,20.898
1765652495.431500,134,256,1765652495.410421,21.079
1765652495.435568,135,256,1765652495.414506,21.062
1765652495.444980,136,256,1765652495.423953,21.027
1765652495.447894,137,256,1765652495.426967,20.927
1765652495.448201,138,256,1765652495.427082,21.120
1765652495.451427,139,256,1765652495.430343,21.084
1765652495.458795,140,256,1765652495.437892,20.903
1765652495.464801,141,256,1765652495.443854,20.947
1765652495.468170,142,256,1765652495.447285,20.885
1765652495.476852,143,256,1765652495.455971,20.880
1765652495.477225,144,256,1765652495.456267,20.958
1765652495.485145,145,256,1765652495.464098,21.047
1765652495.485465,146,256,1765652495.464449,21.016
1765652495.489141,147,256,1765652495.468284,20.857
1765652495.491334,148,256,1765652495.470291,21.043
1765652495.507279,149,256,1765652495.486394,20.885
1765652495.514359,150,256,1765652495.493401,20.957
1765652495.517614,151,256,1765652495.496748,20.866
1765652495.520248,152,256,1765652495.499442,20.806
1765652495.526060,153,256,1765652495.505192,20.867
1765652495.535673,154,256,1765652495.514583,21.091
1765652495.538472,155,256,1765652495.517626,20.846
1765652495.539033,156,256,1765652495.518231,20.802
1765652495.554504,157,256,1765652495.533567,20.937
1765652495.554831,158,256,1765652495.534015,20.817
1765652495.557957,159,256,1765652495.537074,20.883
1765652495.567616,160,256,1765652495.546690,20.926
1765652495.573996,161,256,1765652495.553033,20.963
1765652495.574699,162,256,1765652495.553859,20.840
1765652495.577976,163,256,1765652495.557055,20.921
1765652495.583416,164,256,1765652495.562418,20.998
1765652495.588861,165,256,1765652495.567879,20.981
1765652495.592335,166,256,1765652495.571410,20.925
1765652495.593437,167,256,1765652495.572476,20.962
1765652495.595392,168,256,1765652495.574399,20.993
1765652495.596968,169,256,1765652495.576099,20.869
1765652495.597362,170,256,1765652495.576183,21.179
1765652495.599697,171,256,1765652495.578804,20.892
1765652495.601551,172,256,1765652495.580559,20.992
1765652495.601923,173,256,1765652495.581067,20.856
1765652495.602272,174,256,1765652495.581383,20.888
1765652495.604133,175,256,1765652495.583183,20.950
1765652495.604443,176,256,1765652495.583597,20.847
1765652495.612535,177,256,1765652495.591549,20.986
1765652495.617771,178,256,1765652495.596821,20.950
1765652495.620237,179,256,1765652495.599318,20.919
1765652495.620945,180,256,1765652495.600052,20.893
1765652495.623651,181,256,1765652495.602696,20.954
1765652495.624882,182,256,1765652495.603947,20.935
1765652495.635616,183,256,1765652495.614758,20.858
1765652495.637855,184,256,1765652495.616964,20.891
1765652495.641762,185,256,1765652495.620708,21.054
1765652495.643870,186,256,1765652495.622969,20.901
1765652495.646765,187,256,1765652495.625862,20.903
1765652495.650975,188,256,1765652495.629990,20.985
1765652495.654249,189,256,1765652495.633249,21.001
1765652495.660067,190,256,1765652495.639096,20.971
1765652495.666555,191,256,1765652495.645440,21.115
1765652495.677649,192,256,1765652495.656606,21.043
1765652495.693062,193,256,1765652495.671970,21.093
1765652495.697275,194,256,1765652495.676295,20.980
1765652495.697680,195,256,1765652495.676489,21.192
1765652495.698567,196,256,1765652495.677637,20.930
1765652495.709912,197,256,1765652495.688554,21.358
1765652495.721485,198,256,1765652495.700363,21.122
1765652495.723937,199,256,1765652495.702846,21.091
1765652495.724214,200,256,1765652495.703115,21.099
1765652495.725738,201,256,1765652495.704688,21.050
1765652495.728737,202,256,1765652495.707899,20.838
1765652495.730562,203,256,1765652495.709684,20.878
1765652495.732568,204,256,1765652495.711751,20.817
1765652495.732937,205,256,1765652495.711923,21.014
1765652495.735945,206,256,1765652495.715125,20.820
1765652495.739096,207,256,1765652495.718255,20.842
1765652495.740648,208,256,1765652495.719626,21.022
1765652495.741067,209,256,1765652495.720245,20.822
1765652495.753073,210,256,1765652495.732199,20.873
1765652495.758385,211,256,1765652495.737335,21.050
1765652495.762275,212,256,1765652495.741230,21.046
1765652495.772304,213,256,1765652495.751417,20.887
1765652495.773268,214,256,1765652495.752403,20.865
1765652495.775160,215,256,1765652495.754309,20.851
1765652495.779510,216,256,1765652495.758618,20.892
1765652495.780616,217,256,1765652495.759753,20.864
1765652495.784552,218,256,1765652495.763694,20.858
1765652495.795413,219,256,1765652495.774482,20.931
1765652495.796849,220,256,1765652495.775949,20.899
1765652495.798284,221,256,1765652495.777388,20.896
1765652495.799103,222,256,1765652495.778223,20.881
1765652495.800649,223,256,1765652495.779729,20.921
1765652495.801832,224,256,1765652495.780956,20.876
1765652495.803425,225,256,1765652495.782512,20.913
1765652495.806766,226,256,1765652495.785867,20.899
1765652495.814217,227,256,1765652495.793258,20.959
1765652495.818349,228,256,1765652495.797489,20.859
1765652495.827366,229,256,1765652495.806423,20.943
1765652495.829595,230,256,1765652495.808692,20.903
1765652495.829974,231,256,1765652495.808765,21.209
1765652495.836927,232,256,1765652495.816019,20.908
1765652495.843755,233,256,1765652495.822493,21.262
1765652495.844679,234,256,1765652495.823788,20.891
1765652495.846084,235,256,1765652495.825272,20.812
1765652495.848090,236,256,1765652495.827286,20.804
1765652495.848482,237,256,1765652495.827349,21.133
1765652495.848872,238,256,1765652495.827413,21.459
1765652495.849273,239,256,1765652495.827832,21.441
1765652495.856200,240,256,1765652495.835308,20.891
1765652495.859400,241,256,1765652495.838569,20.832
1765652495.864477,242,256,1765652495.843596,20.881
1765652495.865278,243,256,1765652495.844081,21.197
1765652495.866398,244,256,1765652495.845473,20.925
1765652495.868408,245,256,1765652495.847495,20.913
1765652495.872436,246,256,1765652495.851529,20.907
1765652495.873359,247,256,1765652495.852461,20.898
1765652495.876449,248,256,1765652495.855481,20.968
1765652495.877483,249,256,1765652495.856511,20.972
1765652495.878803,250,256,1765652495.857884,20.919
1765652495.882148,251,256,1765652495.861192,20.955
1765652495.884027,252,256,1765652495.863080,20.947
1765652495.887521,253,256,1765652495.866561,20.960
1765652495.889799,254,256,1765652495.868821,20.978
1765652495.891884,255,256,1765652495.870996,20.887
1765652495.892851,256,256,1765652495.872009,20.843
1765652495.895228,257,256,1765652495.874307,20.921
1765652495.898632,258,256,1765652495.877683,20.949
1765652495.906003,259,256,1765652495.885063,20.940
1765652495.908356,260,256,1765652495.887130,21.227
1765652495.910810,261,256,1765652495.889853,20.957
1765652495.920318,262,256,1765652495.899417,20.901
1765652495.929802,263,256,1765652495.908961,20.841
1765652495.931945,264,256,1765652495.911144,20.800
1765652495.938856,265,256,1765652495.917948,20.908
1765652495.939206,266,256,1765652495.918141,21.065
1765652495.939642,267,256,1765652495.918859,20.783
1765652495.940041,268,256,1765652495.919227,20.814
1765652495.941322,269,256,1765652495.920470,20.852
1765652495.955392,270,256,1765652495.934556,20.836
1765652495.958429,271,256,1765652495.937612,20.818
1765652495.959104,272,256,1765652495.938321,20.783
1765652495.962546,273,256,1765652495.941642,20.904
1765652495.963181,274,256,1765652495.942355,20.826
1765652495.967676,275,256,1765652495.946836,20.839
1765652495.968278,276,256,1765652495.947486,20.792
1765652495.972908,277,256,1765652495.951846,21.062
1765652495.973315,278,256,1765652495.952517,20.798
1765652495.973697,279,256,1765652495.952779,20.918
1765652495.980177,280,256,1765652495.959324,20.853
1765652495.980556,281,256,1765652495.959668,20.888
1765652495.981953,282,256,1765652495.961136,20.816
1765652495.986669,283,256,1765652495.965833,20.835
1765652495.990114,284,256,1765652495.969306,20.809
1765652495.995287,285,256,1765652495.974411,20.876
1765652495.997657,286,256,1765652495.976829,20.828
1765652495.998038,287,256,1765652495.976918,21.120
1765652495.999669,288,256,1765652495.978867,20.801
1765652496.000055,289,256,1765652495.978924,21.132
1765652496.001617,290,256,1765652495.980824,20.793
1765652496.002464,291,256,1765652495.981679,20.785
1765652496.005216,292,256,1765652495.984339,20.877
1765652496.005799,293,256,1765652495.984980,20.819
1765652496.006187,294,256,1765652495.985390,20.797
1765652496.007633,295,256,1765652495.986800,20.833
1765652496.010001,296,256,1765652495.988791,21.210
1765652496.016322,297,256,1765652495.995462,20.860
1765652496.016745,298,256,1765652495.995752,20.993
1765652496.029866,299,256,1765652496.008950,20.917
1765652496.032958,300,256,1765652496.012073,20.885
1765652496.034468,301,256,1765652496.013625,20.844
1765652496.039368,302,256,1765652496.018506,20.862
1765652496.044014,303,256,1765652496.023152,20.861
1765652496.049705,304,256,1765652496.028837,20.868
1765652496.053363,305,256,1765652496.032477,20.886
1765652496.053943,306,256,1765652496.033121,20.822
1765652496.056275,307,256,1765652496.035417,20.858
1765652496.060644,308,256,1765652496.039772,20.873
1765652496.065030,309,256,1765652496.044142,20.888
1765652496.068998,310,256,1765652496.048135,20.864
1765652496.070197,311,256,1765652496.049352,20.845
1765652496.076096,312,256,1765652496.055245,20.851
1765652496.083677,313,256,1765652496.062670,21.008
1765652496.085259,314,256,1765652496.064368,20.890
1765652496.085631,315,256,1765652496.064515,21.115
1765652496.087288,316,256,1765652496.066406,20.881
1765652496.090001,317,256,1765652496.069146,20.855
1765652496.090813,318,256,1765652496.069982,20.831
1765652496.111291,319,256,1765652496.090314,20.977
1765652496.111703,320,256,1765652496.090839,20.864
1765652496.112096,321,256,1765652496.091288,20.808
1765652496.114951,322,256,1765652496.094014,20.938
1765652496.115252,323,256,1765652496.094318,20.934
1765652496.117393,324,256,1765652496.096530,20.864
1765652496.118726,325,256,1765652496.097836,20.890
1765652496.126090,326,256,1765652496.105103,20.987
1765652496.130441,327,256,1765652496.109565,20.876
1765652496.134962,328,256,1765652496.114048,20.915
1765652496.135765,329,256,1765652496.114969,20.796
1765652496.139484,330,256,1765652496.118522,20.962
1765652496.139796,331,256,1765652496.118630,21.166
1765652496.145990,332,256,1765652496.124677,21.313
1765652496.146951,333,256,1765652496.125968,20.983
1765652496.148419,334,256,1765652496.127383,21.036
1765652496.151464,335,256,1765652496.130485,20.979
1765652496.151807,336,256,1765652496.130664,21.143
1765652496.154480,337,256,1765652496.133528,20.951
1765652496.160055,338,256,1765652496.139021,21.034
1765652496.160412,339,256,1765652496.139256,21.156
1765652496.162455,340,256,1765652496.141432,21.023
1765652496.163296,341,256,1765652496.142341,20.955
1765652496.168696,342,256,1765652496.147716,20.981
1765652496.169799,343,256,1765652496.148781,21.019
1765652496.171245,344,256,1765652496.150332,20.913
1765652496.171589,345,256,1765652496.150431,21.158
1765652496.172049,346,256,1765652496.151085,20.963
1765652496.175676,347,256,1765652496.154746,20.931
1765652496.176580,348,256,1765652496.155626,20.955
1765652496.178270,349,256,1765652496.157442,20.828
1765652496.181530,350,256,1765652496.160615,20.915
1765652496.184513,351,256,1765652496.163647,20.865
1765652496.189775,352,256,1765652496.168766,21.009
1765652496.197409,353,256,1765652496.176408,21.001
1765652496.200886,354,256,1765652496.179974,20.912
1765652496.205184,355,256,1765652496.184200,20.985
1765652496.210614,356,256,1765652496.189760,20.854
1765652496.212560,357,256,1765652496.191738,20.822
1765652496.213486,358,256,1765652496.192701,20.785
1765652496.214474,359,256,1765652496.193692,20.782
1765652496.220037,360,256,1765652496.199106,20.931
1765652496.220770,361,256,1765652496.199956,20.814
1765652496.225874,362,256,1765652496.204905,20.969
1765652496.231711,363,256,1765652496.210806,20.905
1765652496.233280,364,256,1765652496.212388,20.892
1765652496.239302,365,256,1765652496.218394,20.908
1765652496.239621,366,256,1765652496.218663,20.959
1765652496.243627,367,256,1765652496.222665,20.962
1765652496.248581,368,256,1765652496.227585,20.995
1765652496.249222,369,256,1765652496.227876,21.345
1765652496.252223,370,256,1765652496.231288,20.936
1765652496.257365,371,256,1765652496.236242,21.123
1765652496.264184,372,256,1765652496.243243,20.940
1765652496.264535,373,256,1765652496.243468,21.067
1765652496.267907,374,256,1765652496.246909,20.999
1765652496.268997,375,256,1765652496.248049,20.949
1765652496.269427,376,256,1765652496.248547,20.881
1765652496.273487,377,256,1765652496.252565,20.923
1765652496.275117,378,256,1765652496.254216,20.901
1765652496.280445,379,256,1765652496.259457,20.988
1765652496.281049,380,256,1765652496.260131,20.918
1765652496.283003,381,256,1765652496.262049,20.954
1765652496.290849,382,256,1765652496.269881,20.968
1765652496.292430,383,256,1765652496.271471,20.959
1765652496.292770,384,256,1765652496.271831,20.939
1765652496.293783,385,256,1765652496.272856,20.927
1765652496.302058,386,256,1765652496.280962,21.096
1765652496.304423,387,256,1765652496.283366,21.057
1765652496.308019,388,256,1765652496.287043,20.976
1765652496.311071,389,256,1765652496.290090,20.981
1765652496.313003,390,256,1765652496.292082,20.921
1765652496.315561,391,256,1765652496.294726,20.835
1765652496.319238,392,256,1765652496.298265,20.972
1765652496.320907,393,256,1765652496.299806,21.101
1765652496.321452,394,256,1765652496.300476,20.976
1765652496.321766,395,256,1765652496.300551,21.214
1765652496.328505,396,256,1765652496.307501,21.004
1765652496.330039,397,256,1765652496.309096,20.943
1765652496.331317,398,256,1765652496.310349,20.968
1765652496.334274,399,256,1765652496.313306,20.968
1765652496.334632,400,256,1765652496.313394,21.238
1765652496.340421,401,256,1765652496.319469,20.952
1765652496.343357,402,256,1765652496.322392,20.964
1765652496.348431,403,256,1765652496.327461,20.971
1765652496.350559,404,256,1765652496.329354,21.204
1765652496.356831,405,256,1765652496.335907,20.924
1765652496.366524,406,256,1765652496.345656,20.868
1765652496.368764,407,256,1765652496.347810,20.954
1765652496.370500,408,256,1765652496.349057,21.443
1765652496.376452,409,256,1765652496.355496,20.956
1765652496.378108,410,256,1765652496.357185,20.923
1765652496.381806,411,256,1765652496.360811,20.995
1765652496.382444,412,256,1765652496.361615,20.829
1765652496.385127,413,256,1765652496.364174,20.953
1765652496.388563,414,256,1765652496.367466,21.097
1765652496.388863,415,256,1765652496.368035,20.828
1765652496.395907,416,256,1765652496.374830,21.078
1765652496.408324,417,256,1765652496.387322,21.001
1765652496.409071,418,256,1765652496.388160,20.911
1765652496.409469,419,256,1765652496.388420,21.049
1765652496.414722,420,256,1765652496.393770,20.952
1765652496.416834,421,256,1765652496.395871,20.963
1765652496.421658,422,256,1765652496.400663,20.995
1765652496.422587,423,256,1765652496.401726,20.861
1765652496.428324,424,256,1765652496.407327,20.998
1765652496.431588,425,256,1765652496.410642,20.946
1765652496.437754,426,256,1765652496.416755,20.999
1765652496.438599,427,256,1765652496.417770,20.828
1765652496.443114,428,256,1765652496.422223,20.891
1765652496.447319,429,256,1765652496.426271,21.048
1765652496.448223,430,256,1765652496.427366,20.857
1765652496.450058,431,256,1765652496.428821,21.236
1765652496.457489,432,256,1765652496.436511,20.977
1765652496.457820,433,256,1765652496.436734,21.086
1765652496.458830,434,256,1765652496.437970,20.859
1765652496.465208,435,256,1765652496.444345,20.863
1765652496.467726,436,256,1765652496.446903,20.823
1765652496.472515,437,256,1765652496.451686,20.828
1765652496.473996,438,256,1765652496.453187,20.809
1765652496.474767,439,256,1765652496.453987,20.781
1765652496.475168,440,256,1765652496.454094,21.074
1765652496.484293,441,256,1765652496.463257,21.036
1765652496.489168,442,256,1765652496.468186,20.982
1765652496.499576,443,256,1765652496.478578,20.998
1765652496.499943,444,256,1765652496.479107,20.835
1765652496.507746,445,256,1765652496.486693,21.053
1765652496.511536,446,256,1765652496.490502,21.034
1765652496.513562,447,256,1765652496.492661,20.902
1765652496.513895,448,256,1765652496.492874,21.021
1765652496.525499,449,256,1765652496.504432,21.067
1765652496.530834,450,256,1765652496.509879,20.955
1765652496.536792,451,256,1765652496.515771,21.021
1765652496.539896,452,256,1765652496.518919,20.977
1765652496.541892,453,256,1765652496.521047,20.845
1765652496.547180,454,256,1765652496.526252,20.928
1765652496.548290,455,256,1765652496.527431,20.859
1765652496.558428,456,256,1765652496.537477,20.951
1765652496.558756,457,256,1765652496.537582,21.173
1765652496.561598,458,256,1765652496.540601,20.997
1765652496.562841,459,256,1765652496.541862,20.979
1765652496.563214,460,256,1765652496.541951,21.263
1765652496.564766,461,256,1765652496.543898,20.868
1765652496.565147,462,256,1765652496.544225,20.921
1765652496.565566,463,256,1765652496.544266,21.300
1765652496.576183,464,256,1765652496.555262,20.921
1765652496.576917,465,256,1765652496.556098,20.819
1765652496.585597,466,256,1765652496.564713,20.883
1765652496.589437,467,256,1765652496.568562,20.875
1765652496.597674,468,256,1765652496.576749,20.925
1765652496.598542,469,256,1765652496.577726,20.816
1765652496.598952,470,256,1765652496.577825,21.127
1765652496.600556,471,256,1765652496.579742,20.814
1765652496.611308,472,256,1765652496.590361,20.947
1765652496.611823,473,256,1765652496.590962,20.861
1765652496.613944,474,256,1765652496.593033,20.911
1765652496.614989,475,256,1765652496.594074,20.915
1765652496.616350,476,256,1765652496.595408,20.942
1765652496.622158,477,256,1765652496.601238,20.919
1765652496.629337,478,256,1765652496.608411,20.926
1765652496.634013,479,256,1765652496.613024,20.989
1765652496.634456,480,256,1765652496.613600,20.855
1765652496.637619,481,256,1765652496.616591,21.028
1765652496.639152,482,256,1765652496.618241,20.911
1765652496.640203,483,256,1765652496.619276,20.926
1765652496.647678,484,256,1765652496.626796,20.882
1765652496.649967,485,256,1765652496.629049,20.918
1765652496.654354,486,256,1765652496.633406,20.948
1765652496.654749,487,256,1765652496.633548,21.201
1765652496.656898,488,256,1765652496.636002,20.897
1765652496.661801,489,256,1765652496.640848,20.953
1765652496.664420,490,256,1765652496.643368,21.052
1765652496.666864,491,256,1765652496.645943,20.921
1765652496.669514,492,256,1765652496.648617,20.898
1765652496.671053,493,256,1765652496.650173,20.881
1765652496.672537,494,256,1765652496.651594,20.943
1765652496.681201,495,256,1765652496.660326,20.876
1765652496.681717,496,256,1765652496.660873,20.844
1765652496.691571,497,256,1765652496.670636,20.935
1765652496.695137,498,256,1765652496.674219,20.918
1765652496.699325,499,256,1765652496.678410,20.915
1765652496.700613,500,256,1765652496.679761,20.852
1765652496.705405,501,256,1765652496.684358,21.047
1765652496.706486,502,256,1765652496.685594,20.892
1765652496.706806,503,256,1765652496.685770,21.036
1765652496.708412,504,256,1765652496.687491,20.920
1765652496.709350,505,256,1765652496.688460,20.890
1765652496.713086,506,256,1765652496.692138,20.948
1765652496.717987,507,256,1765652496.697013,20.973
1765652496.721794,508,256,1765652496.700814,20.980
1765652496.726007,509,256,1765652496.704911,21.096
1765652496.727975,510,256,1765652496.707029,20.947
1765652496.730662,511,256,1765652496.709774,20.888
1765652496.736049,512,256,1765652496.715046,21.003
1765652496.736864,513,256,1765652496.715905,20.959
1765652496.738479,514,256,1765652496.717559,20.921
1765652496.741143,515,256,1765652496.720185,20.958
1765652496.742084,516,256,1765652496.721185,20.899
1765652496.744653,517,256,1765652496.723742,20.911
1765652496.752586,518,256,1765652496.731609,20.977
1765652496.755823,519,256,1765652496.734550,21.273
1765652496.759000,520,256,1765652496.738074,20.926
1765652496.762577,521,256,1765652496.741683,20.894
1765652496.765337,522,256,1765652496.744457,20.880
1765652496.772304,523,256,1765652496.751356,20.948
1765652496.772657,524,256,1765652496.751511,21.146
1765652496.779044,525,256,1765652496.758151,20.894
1765652496.779989,526,256,1765652496.759152,20.836
1765652496.788346,527,256,1765652496.767447,20.898
1765652496.796440,528,256,1765652496.775546,20.895
1765652496.796861,529,256,1765652496.775834,21.027
1765652496.801176,530,256,1765652496.780319,20.856
1765652496.805988,531,256,1765652496.785133,20.856
1765652496.808015,532,256,1765652496.787146,20.869
1765652496.811300,533,256,1765652496.790442,20.858
1765652496.812264,534,256,1765652496.791279,20.985
1765652496.812896,535,256,1765652496.791946,20.950
1765652496.815044,536,256,1765652496.794235,20.809
1765652496.815714,537,256,1765652496.794920,20.794
1765652496.818076,538,256,1765652496.797214,20.862
1765652496.820495,539,256,1765652496.799538,20.957
1765652496.821340,540,256,1765652496.800329,21.010
1765652496.823421,541,256,1765652496.802555,20.865
1765652496.825532,542,256,1765652496.804440,21.092
1765652496.827923,543,256,1765652496.807052,20.870
1765652496.829203,544,256,1765652496.808259,20.944
1765652496.836884,545,256,1765652496.815896,20.988
1765652496.837143,546,256,1765652496.815988,21.155
1765652496.837526,547,256,1765652496.816368,21.158
1765652496.838451,548,256,1765652496.817245,21.206
1765652496.845067,549,256,1765652496.823961,21.106
1765652496.855437,550,256,1765652496.834418,21.019
1765652496.855718,551,256,1765652496.834612,21.106
1765652496.858619,552,256,1765652496.837745,20.874
1765652496.866817,553,256,1765652496.845841,20.976
1765652496.872556,554,256,1765652496.851544,21.012
1765652496.873698,555,256,1765652496.852600,21.098
1765652496.874288,556,256,1765652496.853428,20.859
1765652496.880269,557,256,1765652496.859156,21.113
1765652496.884130,558,256,1765652496.863107,21.023
1765652496.884504,559,256,1765652496.863634,20.870
1765652496.887316,560,256,1765652496.866268,21.048
1765652496.887582,561,256,1765652496.866555,21.027
1765652496.891517,562,256,1765652496.870559,20.959
1765652496.895872,563,256,1765652496.874950,20.922
1765652496.899040,564,256,1765652496.878139,20.902
1765652496.907365,565,256,1765652496.886469,20.896
1765652496.908240,566,256,1765652496.887396,20.844
1765652496.909035,567,256,1765652496.888241,20.795
1765652496.909853,568,256,1765652496.888673,21.180
1765652496.910259,569,256,1765652496.889383,20.876
1765652496.914099,570,256,1765652496.893140,20.958
1765652496.914481,571,256,1765652496.893612,20.869
1765652496.916322,572,256,1765652496.895453,20.869
1765652496.917480,573,256,1765652496.896594,20.885
1765652496.920909,574,256,1765652496.900019,20.890
1765652496.923808,575,256,1765652496.902713,21.095
1765652496.924850,576,256,1765652496.903969,20.881
1765652496.925992,577,256,1765652496.905164,20.828
1765652496.929076,578,256,1765652496.908154,20.922
1765652496.936101,579,256,1765652496.915148,20.954
1765652496.939252,580,256,1765652496.918360,20.893
1765652496.940914,581,256,1765652496.920034,20.880
1765652496.943603,582,256,1765652496.922536,21.067
1765652496.953438,583,256,1765652496.932493,20.945
1765652496.956593,584,256,1765652496.935569,21.024
1765652496.964850,585,256,1765652496.943911,20.940
1765652496.965457,586,256,1765652496.944592,20.866
1765652496.968561,587,256,1765652496.947416,21.145
1765652496.975213,588,256,1765652496.953659,21.554
1765652496.979540,589,256,1765652496.958390,21.150
1765652496.985575,590,256,1765652496.964564,21.011
1765652496.993120,591,256,1765652496.972204,20.916
1765652496.999929,592,256,1765652496.978917,21.012
1765652497.000203,593,256,1765652496.979066,21.137
1765652497.001807,594,256,1765652496.980827,20.979
1765652497.014186,595,256,1765652496.993302,20.883
1765652497.016368,596,256,1765652496.995525,20.844
1765652497.018138,597,256,1765652496.997299,20.838
1765652497.020604,598,256,1765652496.999738,20.866
1765652497.023560,599,256,1765652497.002702,20.858
1765652497.027095,600,256,1765652497.005886,21.210
1765652497.037361,601,256,1765652497.016413,20.948
1765652497.041742,602,256,1765652497.020541,21.202
1765652497.052174,603,256,1765652497.031257,20.917
1765652497.052555,604,256,1765652497.031657,20.899
1765652497.054901,605,256,1765652497.033992,20.909
1765652497.060680,606,256,1765652497.039803,20.877
1765652497.061455,607,256,1765652497.040524,20.932
1765652497.061757,608,256,1765652497.040956,20.801
1765652497.062142,609,256,1765652497.041004,21.138
1765652497.063078,610,256,1765652497.042262,20.817
1765652497.067747,611,256,1765652497.046851,20.895
1765652497.068208,612,256,1765652497.047391,20.817
1765652497.068963,613,256,1765652497.048123,20.840
1765652497.073077,614,256,1765652497.052157,20.921
1765652497.076559,615,256,1765652497.055277,21.283
1765652497.077329,616,256,1765652497.056399,20.930
1765652497.078657,617,256,1765652497.057766,20.891
1765652497.081494,618,256,1765652497.060483,21.011
1765652497.085819,619,256,1765652497.064911,20.908
1765652497.086364,620,256,1765652497.065578,20.785
1765652497.087385,621,256,1765652497.066520,20.865
1765652497.088394,622,256,1765652497.067265,21.129
1765652497.091346,623,256,1765652497.070363,20.982
1765652497.092621,624,256,1765652497.071750,20.871
1765652497.098780,625,256,1765652497.077635,21.145
1765652497.104157,626,256,1765652497.083243,20.914
1765652497.106367,627,256,1765652497.085491,20.876
1765652497.107789,628,256,1765652497.086876,20.913
1765652497.110635,629,256,1765652497.089726,20.909
1765652497.111998,630,256,1765652497.091133,20.865
1765652497.115177,631,256,1765652497.094308,20.869
1765652497.115551,632,256,1765652497.094624,20.927
1765652497.115971,633,256,1765652497.095166,20.805
1765652497.116592,634,256,1765652497.095809,20.783
1765652497.118451,635,256,1765652497.097621,20.830
1765652497.119137,636,256,1765652497.098341,20.796
1765652497.126539,637,256,1765652497.105205,21.334
1765652497.131835,638,256,1765652497.110902,20.933
1765652497.136297,639,256,1765652497.115394,20.903
1765652497.137675,640,256,1765652497.116819,20.856
1765652497.140688,641,256,1765652497.119835,20.854
1765652497.149833,642,256,1765652497.128819,21.014
1765652497.155543,643,256,1765652497.134617,20.926
1765652497.159850,644,256,1765652497.138963,20.887
1765652497.160638,645,256,1765652497.139765,20.873
1765652497.164598,646,256,1765652497.143270,21.328
1765652497.171880,647,256,1765652497.150952,20.928
1765652497.172453,648,256,1765652497.151602,20.851
1765652497.192650,649,256,1765652497.171621,21.029
1765652497.193137,650,256,1765652497.172270,20.868
1765652497.195716,651,256,1765652497.174786,20.930
1765652497.196030,652,256,1765652497.175173,20.857
1765652497.196844,653,256,1765652497.175884,20.960
1765652497.200873,654,256,1765652497.180009,20.864
1765652497.203158,655,256,1765652497.182241,20.917
1765652497.203979,656,256,1765652497.183082,20.898
1765652497.207840,657,256,1765652497.186902,20.939
1765652497.212114,658,256,1765652497.191068,21.046
1765652497.213192,659,256,1765652497.192318,20.875
1765652497.214106,660,256,1765652497.193072,21.034
1765652497.222590,661,256,1765652497.201712,20.878
1765652497.227632,662,256,1765652497.206719,20.914
1765652497.227971,663,256,1765652497.207154,20.816
1765652497.234272,664,256,1765652497.213082,21.191
1765652497.244308,665,256,1765652497.223305,21.003
1765652497.246001,666,256,1765652497.225034,20.968
1765652497.246294,667,256,1765652497.225506,20.788
1765652497.255199,668,256,1765652497.234179,21.020
1765652497.255517,669,256,1765652497.234632,20.885
1765652497.259478,670,256,1765652497.238481,20.998
1765652497.261119,671,256,1765652497.240161,20.958
1765652497.268234,672,256,1765652497.247242,20.992
1765652497.271641,673,256,1765652497.250728,20.913
1765652497.277594,674,256,1765652497.256592,21.002
1765652497.277961,675,256,1765652497.257060,20.901
1765652497.280197,676,256,1765652497.259232,20.965
1765652497.282298,677,256,1765652497.261482,20.817
1765652497.283111,678,256,1765652497.262185,20.926
1765652497.293991,679,256,1765652497.273075,20.916
1765652497.295942,680,256,1765652497.275089,20.853
1765652497.302044,681,256,1765652497.281061,20.983
1765652497.304389,682,256,1765652497.283531,20.857
1765652497.306205,683,256,1765652497.285387,20.818
1765652497.308337,684,256,1765652497.287469,20.868
1765652497.314294,685,256,1765652497.293411,20.883
1765652497.323015,686,256,1765652497.302180,20.835
1765652497.323432,687,256,1765652497.302437,20.996
1765652497.325501,688,256,1765652497.304689,20.812
1765652497.330117,689,256,1765652497.309185,20.932
1765652497.331996,690,256,1765652497.311155,20.841
1765652497.332738,691,256,1765652497.311829,20.909
1765652497.333154,692,256,1765652497.311989,21.165
1765652497.335390,693,256,1765652497.314596,20.794
1765652497.343486,694,256,1765652497.322461,21.025
1765652497.343777,695,256,1765652497.322892,20.885
1765652497.344125,696,256,1765652497.322928,21.197
1765652497.345253,697,256,1765652497.324417,20.836
1765652497.345941,698,256,1765652497.325159,20.782
1765652497.346720,699,256,1765652497.325920,20.800
1765652497.352435,700,256,1765652497.331575,20.860
1765652497.353276,701,256,1765652497.332465,20.811
1765652497.354061,702,256,1765652497.333270,20.791
1765652497.361022,703,256,1765652497.340089,20.933
1765652497.364502,704,256,1765652497.343417,21.085
1765652497.364901,705,256,1765652497.344051,20.850
1765652497.366919,706,256,1765652497.346100,20.818
1765652497.369819,707,256,1765652497.348937,20.882
1765652497.373341,708,256,1765652497.352460,20.881
1765652497.376281,709,256,1765652497.355447,20.834
1765652497.376635,710,256,1765652497.355766,20.869
1765652497.378328,711,256,1765652497.357149,21.179
1765652497.380336,712,256,1765652497.359365,20.971
1765652497.383057,713,256,1765652497.362176,20.881
1765652497.384569,714,256,1765652497.363695,20.874
1765652497.386217,715,256,1765652497.365394,20.823
1765652497.386603,716,256,1765652497.365449,21.155
1765652497.387282,717,256,1765652497.366478,20.804
1765652497.387786,718,256,1765652497.366988,20.798
1765652497.388998,719,256,1765652497.368186,20.813
1765652497.391054,720,256,1765652497.370225,20.828
1765652497.397726,721,256,1765652497.376840,20.886
1765652497.405115,722,256,1765652497.384239,20.876
1765652497.407438,723,256,1765652497.386484,20.954
1765652497.411663,724,256,1765652497.390664,20.999
1765652497.413650,725,256,1765652497.392760,20.890
1765652497.421556,726,256,1765652497.400605,20.951
1765652497.422913,727,256,1765652497.402063,20.850
1765652497.434416,728,256,1765652497.413385,21.031
1765652497.435905,729,256,1765652497.414998,20.907
1765652497.438276,730,256,1765652497.417392,20.884
1765652497.443899,731,256,1765652497.422875,21.024
1765652497.444289,732,256,1765652497.423368,20.922
1765652497.445313,733,256,1765652497.424384,20.930
1765652497.447485,734,256,1765652497.426627,20.858
1765652497.449892,735,256,1765652497.429049,20.843
1765652497.450272,736,256,1765652497.429453,20.818
1765652497.457605,737,256,1765652497.436665,20.940
1765652497.466103,738,256,1765652497.445209,20.894
1765652497.475709,739,256,1765652497.454815,20.893
1765652497.476020,740,256,1765652497.454897,21.123
1765652497.476437,741,256,1765652497.454935,21.502
1765652497.476976,742,256,1765652497.456151,20.825
1765652497.482522,743,256,1765652497.461629,20.893
1765652497.490297,744,256,1765652497.469425,20.872
1765652497.490672,745,256,1765652497.469550,21.122
1765652497.492973,746,256,1765652497.472014,20.959
1765652497.493355,747,256,1765652497.472304,21.051
1765652497.499863,748,256,1765652497.478960,20.903
1765652497.506368,749,256,1765652497.485224,21.144
1765652497.516064,750,256,1765652497.495207,20.857
1765652497.516447,751,256,1765652497.495550,20.897
1765652497.519685,752,256,1765652497.498743,20.942
1765652497.520360,753,256,1765652497.499526,20.835
1765652497.523757,754,256,1765652497.502903,20.854
1765652497.524557,755,256,1765652497.503628,20.929
1765652497.525250,756,256,1765652497.504417,20.833
1765652497.525838,757,256,1765652497.505047,20.791
1765652497.526547,758,256,1765652497.505758,20.789
1765652497.527144,759,256,1765652497.506344,20.800
1765652497.533082,760,256,1765652497.512240,20.842
1765652497.541831,761,256,1765652497.520971,20.861
1765652497.546404,762,256,1765652497.525499,20.905
1765652497.551579,763,256,1765652497.530657,20.923
1765652497.552398,764,256,1765652497.531259,21.140
1765652497.553781,765,256,1765652497.532963,20.819
1765652497.556278,766,256,1765652497.535413,20.865
1765652497.564283,767,256,1765652497.543328,20.955
1765652497.564557,768,256,1765652497.543430,21.127
1765652497.570647,769,256,1765652497.549671,20.976
1765652497.571880,770,256,1765652497.550977,20.904
1765652497.576562,771,256,1765652497.555584,20.979
1765652497.594432,772,256,1765652497.573488,20.944
1765652497.597552,773,256,1765652497.576614,20.938
1765652497.604475,774,256,1765652497.583546,20.928
1765652497.605591,775,256,1765652497.584660,20.931
1765652497.606655,776,256,1765652497.585819,20.835
1765652497.607472,777,256,1765652497.586602,20.869
1765652497.607826,778,256,1765652497.586691,21.135
1765652497.609400,779,256,1765652497.588593,20.808
1765652497.609782,780,256,1765652497.588655,21.127
1765652497.614844,781,256,1765652497.593668,21.176
1765652497.618311,782,256,1765652497.597482,20.829
1765652497.620492,783,256,1765652497.599600,20.891
1765652497.622288,784,256,1765652497.601441,20.847
1765652497.626577,785,256,1765652497.605758,20.819
1765652497.628462,786,256,1765652497.607626,20.836
1765652497.633600,787,256,1765652497.612769,20.830
1765652497.643557,788,256,1765652497.622658,20.898
1765652497.645225,789,256,1765652497.624266,20.959
1765652497.645715,790,256,1765652497.624781,20.934
1765652497.647107,791,256,1765652497.626237,20.870
1765652497.653382,792,256,1765652497.632517,20.865
1765652497.666688,793,256,1765652497.645724,20.964
1765652497.670725,794,256,1765652497.649850,20.875
1765652497.672353,795,256,1765652497.651312,21.041
1765652497.672500,796,256,1765652497.651633,20.868
1765652497.675532,797,256,1765652497.654666,20.866
1765652497.676918,798,256,1765652497.656066,20.853
1765652497.681398,799,256,1765652497.660314,21.084
1765652497.685771,800,256,1765652497.664730,21.040
1765652497.696967,801,256,1765652497.676113,20.854
1765652497.697334,802,256,1765652497.676199,21.134
1765652497.698545,803,256,1765652497.677443,21.101
1765652497.703048,804,256,1765652497.682162,20.886
1765652497.704430,805,256,1765652497.683625,20.805
1765652497.714164,806,256,1765652497.692807,21.357
1765652497.714473,807,256,1765652497.693675,20.798
1765652497.720577,808,256,1765652497.699553,21.023
1765652497.722309,809,256,1765652497.701233,21.076
1765652497.728506,810,256,1765652497.707558,20.948
1765652497.731216,811,256,1765652497.710366,20.850
1765652497.732545,812,256,1765652497.711735,20.811
1765652497.734023,813,256,1765652497.713184,20.839
1765652497.734988,814,256,1765652497.714033,20.955
1765652497.739951,815,256,1765652497.718879,21.071
1765652497.741589,816,256,1765652497.720514,21.076
1765652497.748455,817,256,1765652497.727535,20.920
1765652497.750864,818,256,1765652497.729941,20.923
1765652497.755826,819,256,1765652497.734848,20.978
1765652497.757267,820,256,1765652497.736209,21.057
1765652497.764156,821,256,1765652497.743135,21.021
1765652497.765621,822,256,1765652497.744252,21.369
1765652497.772095,823,256,1765652497.751101,20.994
1765652497.772816,824,256,1765652497.751987,20.829
1765652497.780611,825,256,1765652497.759530,21.081
1765652497.783506,826,256,1765652497.762453,21.053
1765652497.787222,827,256,1765652497.766239,20.983
1765652497.793243,828,256,1765652497.772212,21.031
1765652497.796521,829,256,1765652497.775439,21.082
1765652497.818222,830,256,1765652497.797263,20.958
1765652497.823664,831,256,1765652497.802407,21.258
1765652497.824088,832,256,1765652497.803243,20.844
1765652497.828797,833,256,1765652497.807989,20.807
1765652497.829856,834,256,1765652497.809073,20.783
1765652497.830421,835,256,1765652497.809618,20.803
1765652497.831598,836,256,1765652497.810768,20.830
1765652497.832696,837,256,1765652497.811866,20.831
1765652497.836273,838,256,1765652497.815127,21.146
1765652497.836638,839,256,1765652497.815385,21.253
1765652497.839048,840,256,1765652497.818191,20.858
1765652497.848347,841,256,1765652497.827387,20.960
1765652497.860029,842,256,1765652497.839092,20.937
1765652497.862458,843,256,1765652497.841528,20.929
1765652497.867028,844,256,1765652497.846085,20.943
1765652497.870193,845,256,1765652497.849259,20.934
1765652497.875989,846,256,1765652497.855068,20.921
1765652497.876405,847,256,1765652497.855221,21.184
1765652497.877949,848,256,1765652497.857043,20.905
1765652497.882464,849,256,1765652497.861584,20.880
1765652497.890412,850,256,1765652497.869307,21.105
1765652497.893842,851,256,1765652497.872949,20.893
1765652497.894931,852,256,1765652497.873883,21.048
1765652497.898852,853,256,1765652497.877893,20.958
1765652497.899747,854,256,1765652497.878843,20.904
1765652497.903328,855,256,1765652497.882360,20.968
1765652497.907717,856,256,1765652497.886858,20.859
1765652497.909193,857,256,1765652497.888331,20.863
1765652497.912842,858,256,1765652497.891460,21.381
1765652497.915093,859,256,1765652497.894082,21.012
1765652497.915407,860,256,1765652497.894344,21.064
1765652497.915855,861,256,1765652497.894799,21.056
1765652497.920448,862,256,1765652497.899428,21.020
1765652497.922091,863,256,1765652497.901125,20.966
1765652497.922457,864,256,1765652497.901230,21.227
1765652497.927468,865,256,1765652497.906484,20.984
1765652497.929561,866,256,1765652497.908577,20.984
1765652497.932353,867,256,1765652497.911345,21.008
1765652497.936655,868,256,1765652497.915715,20.940
1765652497.937565,869,256,1765652497.916642,20.924
1765652497.941758,870,256,1765652497.920538,21.220
1765652497.950055,871,256,1765652497.929136,20.919
1765652497.952188,872,256,1765652497.931284,20.905
1765652497.954174,873,256,1765652497.933282,20.892
1765652497.955037,874,256,1765652497.934160,20.877
1765652497.958586,875,256,1765652497.937649,20.937
1765652497.961198,876,256,1765652497.940323,20.875
1765652497.965791,877,256,1765652497.944858,20.934
1765652497.971888,878,256,1765652497.950993,20.895
1765652497.974235,879,256,1765652497.953295,20.939
1765652497.978362,880,256,1765652497.957341,21.021
1765652497.978701,881,256,1765652497.957542,21.159
1765652497.979082,882,256,1765652497.957800,21.282
1765652497.979493,883,256,1765652497.958305,21.188
1765652497.979904,884,256,1765652497.958643,21.261
1765652497.980263,885,256,1765652497.959329,20.934
1765652497.981496,886,256,1765652497.960555,20.941
1765652497.986232,887,256,1765652497.965269,20.963
1765652497.988808,888,256,1765652497.967841,20.967
1765652497.993201,889,256,1765652497.972304,20.898
1765652497.996090,890,256,1765652497.975158,20.931
1765652497.997266,891,256,1765652497.976324,20.942
1765652497.997719,892,256,1765652497.976558,21.161
1765652497.998112,893,256,1765652497.976610,21.503
1765652498.001385,894,256,1765652497.980421,20.964
1765652498.003076,895,256,1765652497.982156,20.921
1765652498.009762,896,256,1765652497.988798,20.964
1765652498.010131,897,256,1765652497.989222,20.910
1765652498.011105,898,256,1765652497.990222,20.883
1765652498.013983,899,256,1765652497.993102,20.881
1765652498.017690,900,256,1765652497.996786,20.905
1765652498.022977,901,256,1765652498.002024,20.953
1765652498.023850,902,256,1765652498.002923,20.927
1765652498.024575,903,256,1765652498.003776,20.799
1765652498.030027,904,256,1765652498.009127,20.900
1765652498.033664,905,256,1765652498.012733,20.931
1765652498.034036,906,256,1765652498.013227,20.809
1765652498.037776,907,256,1765652498.016899,20.877
1765652498.041991,908,256,1765652498.021089,20.903
1765652498.049089,909,256,1765652498.028219,20.870
1765652498.049515,910,256,1765652498.028584,20.932
1765652498.052843,911,256,1765652498.031891,20.952
1765652498.055039,912,256,1765652498.034125,20.915
1765652498.060663,913,256,1765652498.039728,20.935
1765652498.061882,914,256,1765652498.041031,20.851
1765652498.062260,915,256,1765652498.041195,21.065
1765652498.063169,916,256,1765652498.042336,20.833
1765652498.067276,917,256,1765652498.046279,20.998
1765652498.072576,918,256,1765652498.051583,20.993
1765652498.076959,919,256,1765652498.055951,21.008
1765652498.082022,920,256,1765652498.060951,21.071
1765652498.088034,921,256,1765652498.066970,21.065
1765652498.090511,922,256,1765652498.069472,21.039
1765652498.091286,923,256,1765652498.070312,20.973
1765652498.091834,924,256,1765652498.070873,20.961
1765652498.094302,925,256,1765652498.073403,20.899
1765652498.098271,926,256,1765652498.077312,20.959
1765652498.102109,927,256,1765652498.081065,21.044
1765652498.104856,928,256,1765652498.083866,20.990
1765652498.107780,929,256,1765652498.086750,21.030
1765652498.108120,930,256,1765652498.086944,21.176
1765652498.110899,931,256,1765652498.089819,21.080
1765652498.114758,932,256,1765652498.093752,21.006
1765652498.128324,933,256,1765652498.107318,21.006
1765652498.128677,934,256,1765652498.107556,21.121
1765652498.132568,935,256,1765652498.111565,21.003
1765652498.138630,936,256,1765652498.117598,21.033
1765652498.139906,937,256,1765652498.118835,21.070
1765652498.144575,938,256,1765652498.123526,21.049
1765652498.144827,939,256,1765652498.123707,21.120
1765652498.149511,940,256,1765652498.128638,20.873
1765652498.151914,941,256,1765652498.130970,20.944
1765652498.152393,942,256,1765652498.131503,20.890
1765652498.154295,943,256,1765652498.133358,20.937
1765652498.154700,944,256,1765652498.133649,21.051
1765652498.159539,945,256,1765652498.138587,20.952
1765652498.161883,946,256,1765652498.140947,20.936
1765652498.165149,947,256,1765652498.144216,20.934
1765652498.167843,948,256,1765652498.146957,20.885
1765652498.169426,949,256,1765652498.148182,21.244
1765652498.170838,950,256,1765652498.149965,20.873
1765652498.175541,951,256,1765652498.154215,21.326
1765652498.176412,952,256,1765652498.155547,20.865
1765652498.178506,953,256,1765652498.157555,20.951
1765652498.179119,954,256,1765652498.158254,20.865
1765652498.179912,955,256,1765652498.159063,20.849
1765652498.180717,956,256,1765652498.159392,21.324
1765652498.181056,957,256,1765652498.159859,21.196
1765652498.182031,958,256,1765652498.161167,20.864
1765652498.183634,959,256,1765652498.162707,20.927
1765652498.187653,960,256,1765652498.166718,20.935
1765652498.193058,961,256,1765652498.172103,20.954
1765652498.194455,962,256,1765652498.173405,21.050
1765652498.194743,963,256,1765652498.173697,21.046
1765652498.195539,964,256,1765652498.174192,21.347
1765652498.211072,965,256,1765652498.190027,21.045
1765652498.213583,966,256,1765652498.192338,21.246
1765652498.214658,967,256,1765652498.193496,21.162
1765652498.227118,968,256,1765652498.206163,20.956
1765652498.228338,969,256,1765652498.207400,20.938
1765652498.237701,970,256,1765652498.216746,20.955
1765652498.240316,971,256,1765652498.219362,20.954
1765652498.243433,972,256,1765652498.222551,20.881
1765652498.251950,973,256,1765652498.231061,20.889
1765652498.257066,974,256,1765652498.236146,20.919
1765652498.257928,975,256,1765652498.237114,20.814
1765652498.260759,976,256,1765652498.239881,20.878
1765652498.263414,977,256,1765652498.242566,20.848
1765652498.265629,978,256,1765652498.244513,21.116
1765652498.279704,979,256,1765652498.258792,20.912
1765652498.280418,980,256,1765652498.258915,21.503
1765652498.287698,981,256,1765652498.266714,20.984
1765652498.287975,982,256,1765652498.266889,21.086
1765652498.295081,983,256,1765652498.274154,20.928
1765652498.296852,984,256,1765652498.275836,21.016
1765652498.299562,985,256,1765652498.278637,20.925
1765652498.299879,986,256,1765652498.278754,21.125
1765652498.309637,987,256,1765652498.288471,21.167
1765652498.312137,988,256,1765652498.291143,20.994
1765652498.313412,989,256,1765652498.292427,20.985
1765652498.317231,990,256,1765652498.296239,20.992
1765652498.317587,991,256,1765652498.296788,20.799
1765652498.319972,992,256,1765652498.299107,20.864
1765652498.324627,993,256,1765652498.303731,20.896
1765652498.328576,994,256,1765652498.307562,21.014
1765652498.330772,995,256,1765652498.309801,20.971
1765652498.331941,996,256,1765652498.311026,20.916
1765652498.335239,997,256,1765652498.314124,21.115
1765652498.340692,998,256,1765652498.319638,21.054
1765652498.345587,999,256,1765652498.324596,20.991
1765652498.348639,1000,256,1765652498.327602,21.037
1765652498.354243,1001,256,1765652498.333230,21.013
1765652498.359437,1002,256,1765652498.337983,21.454
1765652498.361524,1003,256,1765652498.340572,20.952
1765652498.371216,1004,256,1765652498.350207,21.009
1765652498.379017,1005,256,1765652498.358052,20.964
1765652498.379441,1006,256,1765652498.358170,21.271
1765652498.380793,1007,256,1765652498.359869,20.924
1765652498.390146,1008,256,1765652498.369116,21.030
1765652498.392189,1009,256,1765652498.371094,21.095
1765652498.408826,1010,256,1765652498.387852,20.973
1765652498.412434,1011,256,1765652498.391415,21.019
1765652498.415077,1012,256,1765652498.394143,20.934
1765652498.421753,1013,256,1765652498.400582,21.171
1765652498.428076,1014,256,1765652498.407177,20.899
1765652498.429538,1015,256,1765652498.408685,20.853
1765652498.430799,1016,256,1765652498.409927,20.872
1765652498.435002,1017,256,1765652498.414119,20.882
1765652498.440010,1018,256,1765652498.419133,20.878
1765652498.440407,1019,256,1765652498.419268,21.139
1765652498.440765,1020,256,1765652498.419784,20.981
1765652498.447869,1021,256,1765652498.426983,20.886
1765652498.453400,1022,256,1765652498.432494,20.906
1765652498.456596,1023,256,1765652498.435527,21.069
1765652498.469511,1024,256,1765652498.448423,21.087
1765652498.470187,1025,256,1765652498.448607,21.580
1765652498.474179,1026,256,1765652498.453158,21.021
1765652498.474504,1027,256,1765652498.453300,21.204
1765652498.475361,1028,256,1765652498.454080,21.281
1765652498.479584,1029,256,1765652498.458541,21.043
1765652498.490456,1030,256,1765652498.469465,20.991
1765652498.491148,1031,256,1765652498.470254,20.893
1765652498.491542,1032,256,1765652498.470326,21.216
1765652498.494404,1033,256,1765652498.473468,20.936
1765652498.505169,1034,256,1765652498.484047,21.122
1765652498.507684,1035,256,1765652498.486617,21.066
1765652498.508029,1036,256,1765652498.486775,21.253
1765652498.511675,1037,256,1765652498.490668,21.008
1765652498.516943,1038,256,1765652498.495682,21.260
1765652498.522120,1039,256,1765652498.501214,20.906
1765652498.522514,1040,256,1765652498.501410,21.104
1765652498.525239,1041,256,1765652498.504133,21.106
1765652498.527640,1042,256,1765652498.506656,20.984
1765652498.528018,1043,256,1765652498.506821,21.197
1765652498.530051,1044,256,1765652498.509188,20.864
1765652498.530389,1045,256,1765652498.509244,21.145
1765652498.530852,1046,256,1765652498.510019,20.834
1765652498.533536,1047,256,1765652498.512642,20.895
1765652498.537368,1048,256,1765652498.516477,20.892
1765652498.538957,1049,256,1765652498.517914,21.043
1765652498.541314,1050,256,1765652498.520401,20.913
1765652498.543911,1051,256,1765652498.523078,20.833
1765652498.546442,1052,256,1765652498.525566,20.876
1765652498.547720,1053,256,1765652498.526853,20.867
1765652498.550269,1054,256,1765652498.529078,21.190
1765652498.552252,1055,256,1765652498.531349,20.903
1765652498.552570,1056,256,1765652498.531617,20.954
1765652498.553169,1057,256,1765652498.532369,20.800
1765652498.554079,1058,256,1765652498.533292,20.787
1765652498.555503,1059,256,1765652498.534664,20.839
1765652498.558182,1060,256,1765652498.537219,20.963
1765652498.560175,1061,256,1765652498.539288,20.888
1765652498.560511,1062,256,1765652498.539394,21.117
1765652498.563017,1063,256,1765652498.541873,21.144
1765652498.567551,1064,256,1765652498.546625,20.925
1765652498.574593,1065,256,1765652498.553540,21.053
1765652498.575304,1066,256,1765652498.554388,20.916
1765652498.582342,1067,256,1765652498.561272,21.070
1765652498.593049,1068,256,1765652498.572112,20.937
1765652498.598277,1069,256,1765652498.577301,20.976
1765652498.604471,1070,256,1765652498.583425,21.045
1765652498.605824,1071,256,1765652498.584954,20.870
1765652498.608768,1072,256,1765652498.587873,20.895
1765652498.612126,1073,256,1765652498.591135,20.992
1765652498.615500,1074,256,1765652498.594558,20.942
1765652498.623020,1075,256,1765652498.602079,20.941
1765652498.623861,1076,256,1765652498.602961,20.900
1765652498.624229,1077,256,1765652498.603267,20.963
1765652498.624627,1078,256,1765652498.603647,20.981
1765652498.625009,1079,256,1765652498.604101,20.908
1765652498.628237,1080,256,1765652498.607303,20.933
1765652498.629945,1081,256,1765652498.609005,20.940
1765652498.630272,1082,256,1765652498.609468,20.804
1765652498.632649,1083,256,1765652498.611821,20.828
1765652498.635145,1084,256,1765652498.614160,20.985
1765652498.638993,1085,256,1765652498.617998,20.994
1765652498.663866,1086,256,1765652498.642505,21.360
1765652498.664063,1087,256,1765652498.642580,21.483
1765652498.664453,1088,256,1765652498.643032,21.421
1765652498.664869,1089,256,1765652498.643259,21.610
1765652498.667057,1090,256,1765652498.646011,21.046
1765652498.674242,1091,256,1765652498.653391,20.851
1765652498.675803,1092,256,1765652498.654971,20.833
1765652498.678713,1093,256,1765652498.657861,20.852
1765652498.679569,1094,256,1765652498.658627,20.942
1765652498.684312,1095,256,1765652498.663369,20.943
1765652498.684695,1096,256,1765652498.663838,20.858
1765652498.685857,1097,256,1765652498.664991,20.866
1765652498.691134,1098,256,1765652498.670238,20.896
1765652498.692930,1099,256,1765652498.671798,21.133
1765652498.694471,1100,256,1765652498.673420,21.050
1765652498.694952,1101,256,1765652498.674139,20.813
1765652498.697650,1102,256,1765652498.676842,20.808
1765652498.706553,1103,256,1765652498.685522,21.031
1765652498.708593,1104,256,1765652498.687743,20.850
1765652498.711854,1105,256,1765652498.690968,20.886
1765652498.721906,1106,256,1765652498.700894,21.012
1765652498.723452,1107,256,1765652498.702427,21.025
1765652498.726141,1108,256,1765652498.705206,20.935
1765652498.727712,1109,256,1765652498.706699,21.013
1765652498.728958,1110,256,1765652498.707961,20.997
1765652498.729685,1111,256,1765652498.708909,20.776
1765652498.730191,1112,256,1765652498.709402,20.789
1765652498.737180,1113,256,1765652498.716224,20.956
1765652498.739124,1114,256,1765652498.718308,20.816
1765652498.739517,1115,256,1765652498.718468,21.049
1765652498.742870,1116,256,1765652498.722072,20.797
1765652498.748431,1117,256,1765652498.727563,20.868
1765652498.753930,1118,256,1765652498.733061,20.870
1765652498.754984,1119,256,1765652498.734164,20.820
1765652498.756317,1120,256,1765652498.735505,20.812
1765652498.760136,1121,256,1765652498.739267,20.869
1765652498.767716,1122,256,1765652498.746896,20.821
1765652498.773532,1123,256,1765652498.752695,20.837
1765652498.782221,1124,256,1765652498.761250,20.971
1765652498.783978,1125,256,1765652498.763172,20.806
1765652498.786624,1126,256,1765652498.765749,20.875
1765652498.791162,1127,256,1765652498.770327,20.835
1765652498.796463,1128,256,1765652498.775651,20.812
1765652498.797278,1129,256,1765652498.776503,20.775
1765652498.799616,1130,256,1765652498.778795,20.820
1765652498.803926,1131,256,1765652498.783082,20.844
1765652498.804747,1132,256,1765652498.783969,20.778
1765652498.811420,1133,256,1765652498.790573,20.847
1765652498.811769,1134,256,1765652498.790905,20.864
1765652498.812601,1135,256,1765652498.791831,20.770
1765652498.817918,1136,256,1765652498.797049,20.869
1765652498.824411,1137,256,1765652498.803495,20.916
1765652498.825078,1138,256,1765652498.804275,20.803
1765652498.826573,1139,256,1765652498.805718,20.855
1765652498.826987,1140,256,1765652498.805984,21.003
1765652498.827753,1141,256,1765652498.806904,20.848
1765652498.830385,1142,256,1765652498.809492,20.893
1765652498.830679,1143,256,1765652498.809521,21.158
1765652498.831406,1144,256,1765652498.810604,20.802
1765652498.833983,1145,256,1765652498.813171,20.812
1765652498.838011,1146,256,1765652498.817184,20.827
1765652498.838592,1147,256,1765652498.817740,20.851
1765652498.838947,1148,256,1765652498.817833,21.115
1765652498.843598,1149,256,1765652498.822734,20.864
1765652498.846107,1150,256,1765652498.825279,20.828
1765652498.849060,1151,256,1765652498.828212,20.848
1765652498.853241,1152,256,1765652498.832392,20.849
1765652498.853730,1153,256,1765652498.832887,20.843
1765652498.868171,1154,256,1765652498.847268,20.903
1765652498.868556,1155,256,1765652498.847493,21.063
1765652498.869872,1156,256,1765652498.849058,20.814
1765652498.872965,1157,256,1765652498.852104,20.861
1765652498.877465,1158,256,1765652498.856606,20.859
1765652498.883225,1159,256,1765652498.862340,20.885
1765652498.883906,1160,256,1765652498.863080,20.825
1765652498.892722,1161,256,1765652498.871897,20.825
1765652498.893797,1162,256,1765652498.872974,20.823
1765652498.894922,1163,256,1765652498.874112,20.810
1765652498.895538,1164,256,1765652498.874728,20.809
1765652498.899203,1165,256,1765652498.878392,20.812
1765652498.903085,1166,256,1765652498.882257,20.828
1765652498.903438,1167,256,1765652498.882568,20.870
1765652498.906589,1168,256,1765652498.885783,20.805
1765652498.910333,1169,256,1765652498.889519,20.814
1765652498.912409,1170,256,1765652498.891587,20.822
1765652498.913837,1171,256,1765652498.893047,20.789
1765652498.914363,1172,256,1765652498.893521,20.843
1765652498.918327,1173,256,1765652498.897498,20.828
1765652498.920096,1174,256,1765652498.899315,20.782
1765652498.920867,1175,256,1765652498.900068,20.799
1765652498.924196,1176,256,1765652498.903394,20.802
1765652498.927899,1177,256,1765652498.907082,20.817
1765652498.928704,1178,256,1765652498.907782,20.922
1765652498.929060,1179,256,1765652498.907913,21.147
1765652498.930087,1180,256,1765652498.909299,20.789
1765652498.930983,1181,256,1765652498.910197,20.786
1765652498.931779,1182,256,1765652498.910632,21.147
1765652498.934366,1183,256,1765652498.913529,20.836
1765652498.936166,1184,256,1765652498.915331,20.836
1765652498.947662,1185,256,1765652498.926833,20.829
1765652498.952191,1186,256,1765652498.930976,21.215
1765652498.952554,1187,256,1765652498.931334,21.220
1765652498.953346,1188,256,1765652498.932349,20.997
1765652498.954126,1189,256,1765652498.933329,20.797
1765652498.965675,1190,256,1765652498.944790,20.886
1765652498.968322,1191,256,1765652498.947449,20.873
1765652498.973089,1192,256,1765652498.952213,20.876
1765652498.974773,1193,256,1765652498.953971,20.802
1765652498.976988,1194,256,1765652498.956160,20.828
1765652498.977401,1195,256,1765652498.956597,20.804
1765652498.977782,1196,256,1765652498.956639,21.144
1765652498.978364,1197,256,1765652498.957525,20.838
1765652498.982559,1198,256,1765652498.961643,20.916
1765652498.984183,1199,256,1765652498.963077,21.106
1765652498.984709,1200,256,1765652498.963871,20.838
1765652498.991534,1201,256,1765652498.970672,20.862
1765652498.995872,1202,256,1765652498.975001,20.871
1765652498.996694,1203,256,1765652498.975892,20.802
1765652499.004023,1204,256,1765652498.983084,20.939
1765652499.004343,1205,256,1765652498.983233,21.109
1765652499.006559,1206,256,1765652498.985706,20.853
1765652499.011589,1207,256,1765652498.990694,20.896
1765652499.015034,1208,256,1765652498.994202,20.832
1765652499.015425,1209,256,1765652498.994338,21.087
1765652499.022148,1210,256,1765652499.001234,20.914
1765652499.022798,1211,256,1765652499.001945,20.854
1765652499.025482,1212,256,1765652499.004591,20.891
1765652499.026526,1213,256,1765652499.005610,20.916
1765652499.033492,1214,256,1765652499.012487,21.004
1765652499.033758,1215,256,1765652499.012787,20.970
1765652499.041142,1216,256,1765652499.020144,20.997
1765652499.046875,1217,256,1765652499.025954,20.922
1765652499.048528,1218,256,1765652499.027660,20.868
1765652499.049689,1219,256,1765652499.028574,21.115
1765652499.054520,1220,256,1765652499.033591,20.929
1765652499.058578,1221,256,1765652499.037630,20.948
1765652499.061172,1222,256,1765652499.040232,20.940
1765652499.063600,1223,256,1765652499.042739,20.861
1765652499.067033,1224,256,1765652499.046148,20.886
1765652499.070927,1225,256,1765652499.050000,20.926
1765652499.072958,1226,256,1765652499.051762,21.196
1765652499.074300,1227,256,1765652499.053405,20.895
1765652499.075640,1228,256,1765652499.054747,20.893
1765652499.076624,1229,256,1765652499.055715,20.909
1765652499.080287,1230,256,1765652499.059059,21.228
1765652499.080615,1231,256,1765652499.059182,21.433
1765652499.081017,1232,256,1765652499.059226,21.791
1765652499.083339,1233,256,1765652499.062485,20.854
1765652499.087826,1234,256,1765652499.066926,20.900
1765652499.088562,1235,256,1765652499.067755,20.807
1765652499.102144,1236,256,1765652499.081146,20.998
1765652499.106320,1237,256,1765652499.085335,20.984
1765652499.107389,1238,256,1765652499.086517,20.872
1765652499.107927,1239,256,1765652499.087122,20.805
1765652499.113490,1240,256,1765652499.092512,20.978
1765652499.113962,1241,256,1765652499.093148,20.814
1765652499.117317,1242,256,1765652499.096424,20.893
1765652499.117961,1243,256,1765652499.096973,20.988
1765652499.120159,1244,256,1765652499.099220,20.939
1765652499.120939,1245,256,1765652499.100085,20.854
1765652499.121334,1246,256,1765652499.100363,20.971
1765652499.122646,1247,256,1765652499.101447,21.199
1765652499.132152,1248,256,1765652499.111088,21.064
1765652499.132440,1249,256,1765652499.111398,21.042
1765652499.132819,1250,256,1765652499.111441,21.378
1765652499.137671,1251,256,1765652499.116571,21.100
1765652499.138842,1252,256,1765652499.117981,20.861
1765652499.140115,1253,256,1765652499.119229,20.887
1765652499.142103,1254,256,1765652499.121208,20.895
1765652499.146421,1255,256,1765652499.125478,20.944
1765652499.148652,1256,256,1765652499.127774,20.877
1765652499.151471,1257,256,1765652499.130487,20.984
1765652499.157180,1258,256,1765652499.136230,20.949
1765652499.158339,1259,256,1765652499.136860,21.479
1765652499.160509,1260,256,1765652499.139644,20.865
1765652499.166958,1261,256,1765652499.145982,20.976
1765652499.169308,1262,256,1765652499.148417,20.891
1765652499.169690,1263,256,1765652499.148770,20.920
1765652499.173713,1264,256,1765652499.152799,20.914
1765652499.177601,1265,256,1765652499.156723,20.878
1765652499.187197,1266,256,1765652499.166303,20.894
1765652499.188101,1267,256,1765652499.167279,20.821
1765652499.190365,1268,256,1765652499.169528,20.836
1765652499.190806,1269,256,1765652499.169991,20.814
1765652499.194992,1270,256,1765652499.174158,20.834
1765652499.196777,1271,256,1765652499.175934,20.843
1765652499.199181,1272,256,1765652499.178354,20.828
1765652499.211812,1273,256,1765652499.190910,20.903
1765652499.218987,1274,256,1765652499.198100,20.886
1765652499.222254,1275,256,1765652499.201354,20.900
1765652499.224591,1276,256,1765652499.203755,20.836
1765652499.225551,1277,256,1765652499.204606,20.945
1765652499.226537,1278,256,1765652499.205696,20.841
1765652499.228982,1279,256,1765652499.208126,20.856
1765652499.229918,1280,256,1765652499.209105,20.813
1765652499.232430,1281,256,1765652499.211555,20.875
1765652499.236792,1282,256,1765652499.215866,20.927
1765652499.241261,1283,256,1765652499.220361,20.900
1765652499.241638,1284,256,1765652499.220828,20.810
1765652499.252670,1285,256,1765652499.231709,20.961
1765652499.254902,1286,256,1765652499.234041,20.861
1765652499.255414,1287,256,1765652499.234571,20.844
1765652499.258215,1288,256,1765652499.237328,20.886
1765652499.258574,1289,256,1765652499.237597,20.977
1765652499.258966,1290,256,1765652499.237786,21.180
1765652499.260716,1291,256,1765652499.239782,20.935
1765652499.260975,1292,256,1765652499.239880,21.095
1765652499.261447,1293,256,1765652499.240394,21.053
1765652499.261910,1294,256,1765652499.241123,20.787
1765652499.262757,1295,256,1765652499.241802,20.954
1765652499.264703,1296,256,1765652499.243867,20.836
1765652499.267812,1297,256,1765652499.246917,20.895
1765652499.272355,1298,256,1765652499.251446,20.909
1765652499.273032,1299,256,1765652499.252179,20.854
1765652499.288050,1300,256,1765652499.267108,20.941
1765652499.293835,1301,256,1765652499.272893,20.942
1765652499.299365,1302,256,1765652499.278413,20.952
1765652499.300576,1303,256,1765652499.279694,20.882
1765652499.301965,1304,256,1765652499.281098,20.867
1765652499.305832,1305,256,1765652499.284970,20.862
1765652499.308289,1306,256,1765652499.287344,20.945
1765652499.310915,1307,256,1765652499.290045,20.870
1765652499.311555,1308,256,1765652499.290735,20.820
1765652499.313223,1309,256,1765652499.292234,20.989
1765652499.314459,1310,256,1765652499.293561,20.898
1765652499.316286,1311,256,1765652499.295407,20.880
1765652499.316670,1312,256,1765652499.295549,21.122
1765652499.317924,1313,256,1765652499.297103,20.821
1765652499.319956,1314,256,1765652499.299106,20.850
1765652499.321080,1315,256,1765652499.300240,20.839
1765652499.324430,1316,256,1765652499.303543,20.887
1765652499.324777,1317,256,1765652499.303644,21.133
1765652499.325147,1318,256,1765652499.304295,20.853
1765652499.332424,1319,256,1765652499.311565,20.859
1765652499.333557,1320,256,1765652499.312722,20.835
1765652499.334712,1321,256,1765652499.313813,20.899
1765652499.338051,1322,256,1765652499.316843,21.208
1765652499.338988,1323,256,1765652499.318166,20.822
1765652499.339857,1324,256,1765652499.318698,21.159
1765652499.353619,1325,256,1765652499.332728,20.891
1765652499.353938,1326,256,1765652499.332813,21.125
1765652499.354510,1327,256,1765652499.333675,20.835
1765652499.355745,1328,256,1765652499.334913,20.832
1765652499.367619,1329,256,1765652499.346720,20.898
1765652499.376309,1330,256,1765652499.355403,20.906
1765652499.376651,1331,256,1765652499.355804,20.847
1765652499.377810,1332,256,1765652499.357012,20.798
1765652499.380790,1333,256,1765652499.359966,20.824
1765652499.392714,1334,256,1765652499.371721,20.992
1765652499.401301,1335,256,1765652499.380099,21.202
1765652499.401858,1336,256,1765652499.380986,20.872
1765652499.405010,1337,256,1765652499.384112,20.898
1765652499.406672,1338,256,1765652499.385845,20.827
1765652499.409691,1339,256,1765652499.388809,20.881
1765652499.412534,1340,256,1765652499.391650,20.884
1765652499.418990,1341,256,1765652499.398025,20.965
1765652499.434684,1342,256,1765652499.413727,20.957
1765652499.443207,1343,256,1765652499.422240,20.967
1765652499.450682,1344,256,1765652499.429714,20.969
1765652499.458859,1345,256,1765652499.437973,20.886
1765652499.466522,1346,256,1765652499.445555,20.967
1765652499.472713,1347,256,1765652499.451782,20.931
1765652499.480542,1348,256,1765652499.459553,20.990
1765652499.481060,1349,256,1765652499.460189,20.871
1765652499.489953,1350,256,1765652499.469032,20.921
1765652499.491991,1351,256,1765652499.471170,20.821
1765652499.495894,1352,256,1765652499.474978,20.916
1765652499.496802,1353,256,1765652499.475817,20.984
1765652499.497182,1354,256,1765652499.475914,21.269
1765652499.500706,1355,256,1765652499.479861,20.844
1765652499.503951,1356,256,1765652499.483018,20.933
1765652499.506257,1357,256,1765652499.485392,20.864
1765652499.515799,1358,256,1765652499.494925,20.874
1765652499.520035,1359,256,1765652499.499153,20.882
1765652499.525614,1360,256,1765652499.504547,21.066
1765652499.527086,1361,256,1765652499.506201,20.886
1765652499.530253,1362,256,1765652499.509312,20.941
1765652499.547917,1363,256,1765652499.526621,21.296
1765652499.549756,1364,256,1765652499.528873,20.883
1765652499.565565,1365,256,1765652499.544650,20.915
1765652499.566435,1366,256,1765652499.545363,21.072
1765652499.572329,1367,256,1765652499.551235,21.094
1765652499.577841,1368,256,1765652499.556977,20.864
1765652499.579536,1369,256,1765652499.558705,20.831
1765652499.581117,1370,256,1765652499.560202,20.915
1765652499.581505,1371,256,1765652499.560310,21.196
1765652499.581933,1372,256,1765652499.560771,21.161
1765652499.583250,1373,256,1765652499.562408,20.843
1765652499.590432,1374,256,1765652499.569515,20.917
1765652499.593407,1375,256,1765652499.572517,20.890
1765652499.597863,1376,256,1765652499.577049,20.815
1765652499.598244,1377,256,1765652499.577116,21.128
1765652499.602469,1378,256,1765652499.581645,20.825
1765652499.603551,1379,256,1765652499.582696,20.855
1765652499.605988,1380,256,1765652499.585152,20.836
1765652499.607166,1381,256,1765652499.586382,20.784
1765652499.607623,1382,256,1765652499.586789,20.835
1765652499.609545,1383,256,1765652499.588662,20.883
1765652499.626996,1384,256,1765652499.606067,20.929
1765652499.628431,1385,256,1765652499.607485,20.946
1765652499.628765,1386,256,1765652499.607989,20.777
1765652499.632757,1387,256,1765652499.611841,20.917
1765652499.636317,1388,256,1765652499.615364,20.953
1765652499.637122,1389,256,1765652499.615939,21.183
1765652499.638309,1390,256,1765652499.617436,20.873
1765652499.640251,1391,256,1765652499.619410,20.841
1765652499.641992,1392,256,1765652499.621058,20.934
1765652499.644428,1393,256,1765652499.623528,20.900
1765652499.651818,1394,256,1765652499.630928,20.890
1765652499.653625,1395,256,1765652499.632779,20.845
1765652499.653980,1396,256,1765652499.633154,20.826
1765652499.654413,1397,256,1765652499.633488,20.925
1765652499.660418,1398,256,1765652499.639513,20.904
1765652499.664225,1399,256,1765652499.643369,20.855
1765652499.667055,1400,256,1765652499.646125,20.931
1765652499.667928,1401,256,1765652499.647153,20.774
1765652499.674071,1402,256,1765652499.653099,20.972
1765652499.674763,1403,256,1765652499.653761,21.002
1765652499.676856,1404,256,1765652499.655896,20.959
1765652499.679417,1405,256,1765652499.657527,21.889
1765652499.679468,1406,256,1765652499.657997,21.471
1765652499.685521,1407,256,1765652499.664680,20.842
1765652499.692266,1408,256,1765652499.671409,20.857
1765652499.693786,1409,256,1765652499.672942,20.844
1765652499.703842,1410,256,1765652499.682971,20.871
1765652499.705186,1411,256,1765652499.684149,21.037
1765652499.705570,1412,256,1765652499.684463,21.107
1765652499.711227,1413,256,1765652499.690288,20.939
1765652499.713438,1414,256,1765652499.692567,20.871
1765652499.719393,1415,256,1765652499.698467,20.926
1765652499.719668,1416,256,1765652499.698730,20.938
1765652499.722318,1417,256,1765652499.701385,20.933
1765652499.722685,1418,256,1765652499.701864,20.821
1765652499.724436,1419,256,1765652499.703601,20.835
1765652499.727677,1420,256,1765652499.706804,20.874
1765652499.731435,1421,256,1765652499.710126,21.309
1765652499.731864,1422,256,1765652499.710723,21.141
1765652499.739453,1423,256,1765652499.718505,20.947
1765652499.740990,1424,256,1765652499.720159,20.831
1765652499.741824,1425,256,1765652499.720772,21.052
1765652499.742643,1426,256,1765652499.721777,20.866
1765652499.743329,1427,256,1765652499.722495,20.834
1765652499.743777,1428,256,1765652499.722990,20.787
1765652499.748004,1429,256,1765652499.727187,20.818
1765652499.749391,1430,256,1765652499.728493,20.897
1765652499.751040,1431,256,1765652499.730214,20.826
1765652499.765744,1432,256,1765652499.744865,20.879
1765652499.766798,1433,256,1765652499.745899,20.898
1765652499.768988,1434,256,1765652499.748161,20.827
1765652499.780762,1435,256,1765652499.759812,20.950
1765652499.783821,1436,256,1765652499.762863,20.958
1765652499.786584,1437,256,1765652499.765589,20.994
1765652499.789893,1438,256,1765652499.768885,21.008
1765652499.790187,1439,256,1765652499.769301,20.886
1765652499.792691,1440,256,1765652499.771756,20.935
1765652499.793051,1441,256,1765652499.771945,21.106
1765652499.801838,1442,256,1765652499.780859,20.980
1765652499.805883,1443,256,1765652499.784861,21.023
1765652499.806165,1444,256,1765652499.785194,20.971
1765652499.807310,1445,256,1765652499.786414,20.896
1765652499.809106,1446,256,1765652499.788255,20.851
1765652499.812212,1447,256,1765652499.791265,20.948
1765652499.820324,1448,256,1765652499.799359,20.965
1765652499.822347,1449,256,1765652499.801412,20.934
1765652499.825049,1450,256,1765652499.804096,20.953
1765652499.834085,1451,256,1765652499.813208,20.877
1765652499.845655,1452,256,1765652499.824170,21.485
1765652499.852642,1453,256,1765652499.831432,21.209
1765652499.853424,1454,256,1765652499.832524,20.900
1765652499.858639,1455,256,1765652499.837676,20.962
1765652499.859569,1456,256,1765652499.838472,21.097
1765652499.865387,1457,256,1765652499.844420,20.967
1765652499.869102,1458,256,1765652499.848167,20.935
1765652499.871348,1459,256,1765652499.850409,20.939
1765652499.874244,1460,256,1765652499.853309,20.936
1765652499.874604,1461,256,1765652499.853524,21.080
1765652499.876142,1462,256,1765652499.855218,20.925
1765652499.877006,1463,256,1765652499.855813,21.194
1765652499.882355,1464,256,1765652499.861431,20.924
1765652499.882690,1465,256,1765652499.861862,20.828
1765652499.883071,1466,256,1765652499.861933,21.138
1765652499.889733,1467,256,1765652499.868763,20.970
1765652499.892676,1468,256,1765652499.871797,20.879
1765652499.893049,1469,256,1765652499.872190,20.859
1765652499.898363,1470,256,1765652499.877183,21.180
1765652499.899460,1471,256,1765652499.878544,20.916
1765652499.900199,1472,256,1765652499.879356,20.843
1765652499.901798,1473,256,1765652499.880199,21.599
1765652499.905142,1474,256,1765652499.883955,21.188
1765652499.909799,1475,256,1765652499.888805,20.993
1765652499.913329,1476,256,1765652499.892399,20.930
1765652499.926537,1477,256,1765652499.905402,21.135
1765652499.935758,1478,256,1765652499.914801,20.957
1765652499.936830,1479,256,1765652499.915838,20.992
1765652499.937158,1480,256,1765652499.916003,21.154
1765652499.937900,1481,256,1765652499.916874,21.026
1765652499.940665,1482,256,1765652499.919709,20.956
1765652499.945036,1483,256,1765652499.923777,21.260
1765652499.949098,1484,256,1765652499.928155,20.943
1765652499.952477,1485,256,1765652499.931472,21.005
1765652499.956113,1486,256,1765652499.935116,20.997
1765652499.956880,1487,256,1765652499.935685,21.195
1765652499.961157,1488,256,1765652499.940189,20.968
1765652499.963161,1489,256,1765652499.942220,20.941
1765652499.963551,1490,256,1765652499.942327,21.224
1765652499.964315,1491,256,1765652499.942620,21.695
1765652499.964702,1492,256,1765652499.943668,21.034
1765652499.967423,1493,256,1765652499.946481,20.942
1765652499.967813,1494,256,1765652499.946827,20.985
1765652499.971085,1495,256,1765652499.949830,21.254
1765652499.977854,1496,256,1765652499.956868,20.986
1765652499.980601,1497,256,1765652499.959361,21.240
1765652499.988457,1498,256,1765652499.967523,20.934
1765652499.990932,1499,256,1765652499.969968,20.964
1765652499.995161,1500,256,1765652499.974152,21.009
1765652499.995824,1501,256,1765652499.974933,20.890
1765652499.996678,1502,256,1765652499.975863,20.815
1765652499.997547,1503,256,1765652499.976705,20.842
1765652500.001451,1504,256,1765652499.980142,21.309
1765652500.003180,1505,256,1765652499.982275,20.905
1765652500.003888,1506,256,1765652499.982991,20.897
1765652500.005415,1507,256,1765652499.984547,20.868
1765652500.006195,1508,256,1765652499.984830,21.364
1765652500.008940,1509,256,1765652499.988051,20.890
1765652500.012068,1510,256,1765652499.991194,20.874
1765652500.013069,1511,256,1765652499.992246,20.823
1765652500.013697,1512,256,1765652499.992881,20.817
1765652500.018824,1513,256,1765652499.997388,21.436
1765652500.019121,1514,256,1765652499.997515,21.606
1765652500.019500,1515,256,1765652499.998122,21.379
1765652500.019879,1516,256,1765652499.998948,20.931
1765652500.022794,1517,256,1765652500.001837,20.957
1765652500.025043,1518,256,1765652500.004061,20.982
1765652500.028353,1519,256,1765652500.007417,20.936
1765652500.028737,1520,256,1765652500.007579,21.158
1765652500.030030,1521,256,1765652500.009079,20.951
1765652500.033355,1522,256,1765652500.012442,20.913
1765652500.036680,1523,256,1765652500.015676,21.004
1765652500.037827,1524,256,1765652500.016952,20.875
1765652500.041485,1525,256,1765652500.020551,20.934
1765652500.046527,1526,256,1765652500.025603,20.924
1765652500.049733,1527,256,1765652500.028811,20.922
1765652500.050117,1528,256,1765652500.029296,20.822
1765652500.052859,1529,256,1765652500.031756,21.103
1765652500.053152,1530,256,1765652500.032222,20.931
1765652500.053993,1531,256,1765652500.033134,20.859
1765652500.055003,1532,256,1765652500.034153,20.849
1765652500.061003,1533,256,1765652500.040089,20.914
1765652500.061638,1534,256,1765652500.040227,21.411
1765652500.063217,1535,256,1765652500.042302,20.915
1765652500.066499,1536,256,1765652500.045609,20.890
1765652500.073638,1537,256,1765652500.052608,21.030
1765652500.074879,1538,256,1765652500.053926,20.952
1765652500.078642,1539,256,1765652500.057729,20.913
1765652500.080420,1540,256,1765652500.059521,20.900
1765652500.080898,1541,256,1765652500.060067,20.831
1765652500.086631,1542,256,1765652500.065715,20.916
1765652500.087741,1543,256,1765652500.066865,20.876
1765652500.089137,1544,256,1765652500.068259,20.878
1765652500.093252,1545,256,1765652500.072333,20.919
1765652500.096790,1546,256,1765652500.075891,20.898
1765652500.104959,1547,256,1765652500.083952,21.007
1765652500.106117,1548,256,1765652500.085182,20.934
1765652500.106984,1549,256,1765652500.085437,21.547
1765652500.107265,1550,256,1765652500.086252,21.013
1765652500.107602,1551,256,1765652500.086359,21.243
1765652500.107941,1552,256,1765652500.086427,21.513
1765652500.108677,1553,256,1765652500.087227,21.450
1765652500.110015,1554,256,1765652500.089128,20.886
1765652500.112975,1555,256,1765652500.091978,20.996
1765652500.114322,1556,256,1765652500.093440,20.882
1765652500.115349,1557,256,1765652500.094462,20.887
1765652500.117459,1558,256,1765652500.096455,21.005
1765652500.118988,1559,256,1765652500.098086,20.902
1765652500.120912,1560,256,1765652500.100038,20.874
1765652500.124268,1561,256,1765652500.103250,21.018
1765652500.124619,1562,256,1765652500.103475,21.144
1765652500.136855,1563,256,1765652500.115669,21.186
1765652500.144023,1564,256,1765652500.123009,21.014
1765652500.144343,1565,256,1765652500.123213,21.130
1765652500.145179,1566,256,1765652500.124174,21.005
1765652500.146829,1567,256,1765652500.125916,20.913
1765652500.151448,1568,256,1765652500.130294,21.154
1765652500.172001,1569,256,1765652500.150957,21.044
1765652500.176120,1570,256,1765652500.155142,20.978
1765652500.181452,1571,256,1765652500.160311,21.142
1765652500.183654,1572,256,1765652500.162462,21.192
1765652500.188303,1573,256,1765652500.167320,20.982
1765652500.189503,1574,256,1765652500.168564,20.939
1765652500.194047,1575,256,1765652500.173106,20.941
1765652500.194436,1576,256,1765652500.173397,21.039
1765652500.197790,1577,256,1765652500.176769,21.021
1765652500.201673,1578,256,1765652500.180691,20.983
1765652500.204135,1579,256,1765652500.183190,20.945
1765652500.209446,1580,256,1765652500.188400,21.047
1765652500.214231,1581,256,1765652500.193207,21.024
1765652500.216642,1582,256,1765652500.195326,21.316
1765652500.218362,1583,256,1765652500.197345,21.017
1765652500.219828,1584,256,1765652500.198843,20.986
1765652500.234240,1585,256,1765652500.213242,20.997
1765652500.237515,1586,256,1765652500.216485,21.030
1765652500.238231,1587,256,1765652500.217252,20.979
1765652500.239672,1588,256,1765652500.218700,20.973
1765652500.242250,1589,256,1765652500.221045,21.204
1765652500.248582,1590,256,1765652500.227514,21.068
1765652500.249192,1591,256,1765652500.228310,20.882
1765652500.255317,1592,256,1765652500.234331,20.986
1765652500.257322,1593,256,1765652500.236272,21.050
1765652500.257793,1594,256,1765652500.236914,20.879
1765652500.264835,1595,256,1765652500.243858,20.977
1765652500.270054,1596,256,1765652500.249015,21.039
1765652500.271528,1597,256,1765652500.250568,20.961
1765652500.271841,1598,256,1765652500.250728,21.112
1765652500.272227,1599,256,1765652500.251315,20.912
1765652500.272618,1600,256,1765652500.251558,21.060
1765652500.273521,1601,256,1765652500.252643,20.878
1765652500.274053,1602,256,1765652500.253219,20.833
1765652500.292710,1603,256,1765652500.271734,20.976
1765652500.293069,1604,256,1765652500.271884,21.184
1765652500.294811,1605,256,1765652500.273885,20.926
1765652500.297150,1606,256,1765652500.276246,20.904
1765652500.298706,1607,256,1765652500.277816,20.890
1765652500.300363,1608,256,1765652500.279430,20.933
1765652500.302780,1609,256,1765652500.281878,20.901
1765652500.312547,1610,256,1765652500.291502,21.045
1765652500.315161,1611,256,1765652500.294232,20.929
1765652500.318041,1612,256,1765652500.297118,20.923
1765652500.318458,1613,256,1765652500.297614,20.844
1765652500.319665,1614,256,1765652500.298794,20.872
1765652500.320019,1615,256,1765652500.298858,21.161
1765652500.320922,1616,256,1765652500.300090,20.832
1765652500.321571,1617,256,1765652500.300747,20.824
1765652500.323087,1618,256,1765652500.302227,20.860
1765652500.323774,1619,256,1765652500.302902,20.872
1765652500.326160,1620,256,1765652500.305194,20.967
1765652500.334981,1621,256,1765652500.314039,20.942
1765652500.341794,1622,256,1765652500.320735,21.058
1765652500.345736,1623,256,1765652500.324769,20.967
1765652500.351413,1624,256,1765652500.330437,20.977
1765652500.351985,1625,256,1765652500.331067,20.918
1765652500.352342,1626,256,1765652500.331458,20.884
1765652500.354484,1627,256,1765652500.333553,20.932
1765652500.356448,1628,256,1765652500.335554,20.894
1765652500.362822,1629,256,1765652500.341874,20.948
1765652500.373535,1630,256,1765652500.352569,20.966
1765652500.379464,1631,256,1765652500.358463,21.001
1765652500.381501,1632,256,1765652500.360518,20.983
1765652500.381880,1633,256,1765652500.360631,21.249
1765652500.386560,1634,256,1765652500.365635,20.925
1765652500.392022,1635,256,1765652500.371071,20.951
1765652500.392365,1636,256,1765652500.371475,20.891
1765652500.405574,1637,256,1765652500.384584,20.989
1765652500.405890,1638,256,1765652500.385019,20.871
1765652500.407279,1639,256,1765652500.386333,20.947
1765652500.419310,1640,256,1765652500.398321,20.989
1765652500.423200,1641,256,1765652500.402250,20.950
1765652500.424643,1642,256,1765652500.403718,20.925
1765652500.425719,1643,256,1765652500.404793,20.926
1765652500.429045,1644,256,1765652500.408110,20.935
1765652500.431186,1645,256,1765652500.410232,20.954
1765652500.433349,1646,256,1765652500.412483,20.866
1765652500.434932,1647,256,1765652500.413672,21.260
1765652500.437635,1648,256,1765652500.416699,20.936
1765652500.439098,1649,256,1765652500.418081,21.016
1765652500.439464,1650,256,1765652500.418266,21.198
1765652500.443397,1651,256,1765652500.422406,20.991
1765652500.449671,1652,256,1765652500.428721,20.950
1765652500.452963,1653,256,1765652500.432096,20.868
1765652500.454623,1654,256,1765652500.433718,20.905
1765652500.455696,1655,256,1765652500.434830,20.865
1765652500.461012,1656,256,1765652500.440083,20.928
1765652500.465789,1657,256,1765652500.444865,20.923
1765652500.472471,1658,256,1765652500.451547,20.924
1765652500.475668,1659,256,1765652500.454648,21.020
1765652500.481998,1660,256,1765652500.461014,20.984
1765652500.482430,1661,256,1765652500.461628,20.801
1765652500.484407,1662,256,1765652500.463461,20.946
1765652500.487839,1663,256,1765652500.466960,20.879
1765652500.494406,1664,256,1765652500.473469,20.937
1765652500.495032,1665,256,1765652500.474157,20.875
1765652500.495603,1666,256,1765652500.474733,20.870
1765652500.496601,1667,256,1765652500.475769,20.831
1765652500.509471,1668,256,1765652500.488501,20.970
1765652500.516239,1669,256,1765652500.495307,20.932
1765652500.522864,1670,256,1765652500.501896,20.968
1765652500.525718,1671,256,1765652500.504475,21.244
1765652500.526625,1672,256,1765652500.505655,20.970
1765652500.527392,1673,256,1765652500.506429,20.963
1765652500.527987,1674,256,1765652500.507115,20.871
1765652500.530275,1675,256,1765652500.509322,20.953
1765652500.532573,1676,256,1765652500.511677,20.895
1765652500.535771,1677,256,1765652500.514879,20.892
1765652500.541689,1678,256,1765652500.520695,20.994
1765652500.544068,1679,256,1765652500.523140,20.928
1765652500.546570,1680,256,1765652500.525589,20.981
1765652500.548174,1681,256,1765652500.527254,20.919
1765652500.549703,1682,256,1765652500.528741,20.962
1765652500.550904,1683,256,1765652500.529985,20.918
1765652500.552872,1684,256,1765652500.531936,20.935
1765652500.562555,1685,256,1765652500.533082,29.473
1765652500.562637,1686,256,1765652500.533247,29.390
1765652500.562672,1687,256,1765652500.533752,28.920
1765652500.562702,1688,256,1765652500.536470,26.232
1765652500.562730,1689,256,1765652500.539397,23.333
1765652500.562761,1690,256,1765652500.539875,22.886
1765652500.562789,1691,256,1765652500.540836,21.954
1765652500.562815,1692,256,1765652500.541015,21.801
1765652500.565236,1693,256,1765652500.544347,20.889
1765652500.578002,1694,256,1765652500.557004,20.998
1765652500.587463,1695,256,1765652500.566418,21.045
1765652500.588091,1696,256,1765652500.567212,20.879
1765652500.591422,1697,256,1765652500.570363,21.059
1765652500.593690,1698,256,1765652500.572798,20.892
1765652500.596545,1699,256,1765652500.575669,20.877
1765652500.604526,1700,256,1765652500.583573,20.953
1765652500.616154,1701,256,1765652500.595251,20.904
1765652500.616547,1702,256,1765652500.595508,21.039
1765652500.619022,1703,256,1765652500.598133,20.889
1765652500.621532,1704,256,1765652500.600506,21.026
1765652500.632649,1705,256,1765652500.611709,20.940
1765652500.632981,1706,256,1765652500.611833,21.148
1765652500.633404,1707,256,1765652500.612582,20.822
1765652500.633924,1708,256,1765652500.613045,20.879
1765652500.635919,1709,256,1765652500.615038,20.881
1765652500.636804,1710,256,1765652500.615961,20.843
1765652500.640424,1711,256,1765652500.619470,20.955
1765652500.643334,1712,256,1765652500.622411,20.922
1765652500.645033,1713,256,1765652500.624111,20.922
1765652500.648009,1714,256,1765652500.627076,20.933
1765652500.649676,1715,256,1765652500.628782,20.894
1765652500.650038,1716,256,1765652500.628915,21.123
1765652500.655126,1717,256,1765652500.634199,20.926
1765652500.656228,1718,256,1765652500.635321,20.907
1765652500.660647,1719,256,1765652500.639779,20.869
1765652500.661682,1720,256,1765652500.640792,20.890
1765652500.662320,1721,256,1765652500.641370,20.950
1765652500.667696,1722,256,1765652500.646552,21.145
1765652500.668054,1723,256,1765652500.647013,21.040
1765652500.670401,1724,256,1765652500.649507,20.895
1765652500.672171,1725,256,1765652500.651248,20.923
1765652500.675052,1726,256,1765652500.654142,20.910
1765652500.676513,1727,256,1765652500.655366,21.147
1765652500.676827,1728,256,1765652500.655437,21.390
1765652500.682764,1729,256,1765652500.661727,21.037
1765652500.684402,1730,256,1765652500.663479,20.923
1765652500.685554,1731,256,1765652500.664688,20.866
1765652500.685938,1732,256,1765652500.664748,21.190
1765652500.697936,1733,256,1765652500.677020,20.916
1765652500.698246,1734,256,1765652500.677358,20.888
1765652500.698647,1735,256,1765652500.677479,21.168
1765652500.700886,1736,256,1765652500.679954,20.932
1765652500.705707,1737,256,1765652500.684811,20.896
1765652500.713515,1738,256,1765652500.692522,20.993
1765652500.713873,1739,256,1765652500.692880,20.993
1765652500.714210,1740,256,1765652500.693128,21.082
1765652500.714669,1741,256,1765652500.693436,21.233
1765652500.715530,1742,256,1765652500.694708,20.822
1765652500.719413,1743,256,1765652500.698545,20.868
1765652500.722930,1744,256,1765652500.701952,20.978
1765652500.724956,1745,256,1765652500.704073,20.883
1765652500.729497,1746,256,1765652500.708600,20.897
1765652500.729836,1747,256,1765652500.708671,21.165
1765652500.730235,1748,256,1765652500.709380,20.855
1765652500.731129,1749,256,1765652500.710228,20.901
1765652500.731946,1750,256,1765652500.711050,20.897
1765652500.732256,1751,256,1765652500.711102,21.154
1765652500.736170,1752,256,1765652500.715276,20.894
1765652500.741616,1753,256,1765652500.720497,21.118
1765652500.748969,1754,256,1765652500.727834,21.134
1765652500.750266,1755,256,1765652500.729300,20.966
1765652500.752956,1756,256,1765652500.732053,20.903
1765652500.755364,1757,256,1765652500.734387,20.977
1765652500.761514,1758,256,1765652500.740520,20.994
1765652500.761774,1759,256,1765652500.740670,21.103
1765652500.774105,1760,256,1765652500.753207,20.898
1765652500.774823,1761,256,1765652500.753990,20.833
1765652500.778827,1762,256,1765652500.757969,20.858
1765652500.779843,1763,256,1765652500.758871,20.972
1765652500.781845,1764,256,1765652500.760969,20.876
1765652500.782511,1765,256,1765652500.761586,20.925
1765652500.790399,1766,256,1765652500.769509,20.890
1765652500.790761,1767,256,1765652500.769921,20.841
1765652500.795565,1768,256,1765652500.774574,20.991
1765652500.802391,1769,256,1765652500.781435,20.956
1765652500.803944,1770,256,1765652500.783022,20.922
1765652500.808034,1771,256,1765652500.787161,20.873
1765652500.809782,1772,256,1765652500.788803,20.978
1765652500.814492,1773,256,1765652500.793486,21.006
1765652500.814785,1774,256,1765652500.793647,21.138
1765652500.815593,1775,256,1765652500.793814,21.780
1765652500.817356,1776,256,1765652500.796507,20.849
1765652500.818881,1777,256,1765652500.798038,20.844
1765652500.823039,1778,256,1765652500.802176,20.863
1765652500.823403,1779,256,1765652500.802330,21.073
1765652500.834079,1780,256,1765652500.813211,20.867
1765652500.835346,1781,256,1765652500.814089,21.258
1765652500.842321,1782,256,1765652500.821396,20.926
1765652500.850850,1783,256,1765652500.829976,20.874
1765652500.851207,1784,256,1765652500.830335,20.872
1765652500.859774,1785,256,1765652500.838869,20.905
1765652500.863514,1786,256,1765652500.842638,20.876
1765652500.863837,1787,256,1765652500.842703,21.133
1765652500.868524,1788,256,1765652500.847692,20.832
1765652500.873779,1789,256,1765652500.852881,20.899
1765652500.874098,1790,256,1765652500.852997,21.101
1765652500.877097,1791,256,1765652500.856265,20.832
1765652500.877477,1792,256,1765652500.856537,20.940
1765652500.877956,1793,256,1765652500.857148,20.808
1765652500.883165,1794,256,1765652500.862300,20.865
1765652500.886741,1795,256,1765652500.865896,20.846
1765652500.897854,1796,256,1765652500.876910,20.944
1765652500.898150,1797,256,1765652500.877102,21.049
1765652500.903588,1798,256,1765652500.882591,20.997
1765652500.910830,1799,256,1765652500.889954,20.876
1765652500.915009,1800,256,1765652500.894107,20.902
1765652500.917695,1801,256,1765652500.896748,20.946
1765652500.920067,1802,256,1765652500.899172,20.895
1765652500.923755,1803,256,1765652500.902800,20.955
1765652500.924445,1804,256,1765652500.903600,20.845
1765652500.929310,1805,256,1765652500.908465,20.845
1765652500.935869,1806,256,1765652500.914845,21.024
1765652500.936239,1807,256,1765652500.915085,21.154
1765652500.937275,1808,256,1765652500.916469,20.807
1765652500.939196,1809,256,1765652500.918331,20.865
1765652500.939562,1810,256,1765652500.918463,21.099
1765652500.941056,1811,256,1765652500.920195,20.861
1765652500.943310,1812,256,1765652500.922452,20.857
1765652500.951607,1813,256,1765652500.930408,21.199
1765652500.953277,1814,256,1765652500.932456,20.822
1765652500.954216,1815,256,1765652500.933390,20.826
1765652500.960394,1816,256,1765652500.939481,20.912
1765652500.963743,1817,256,1765652500.942822,20.921
1765652500.964906,1818,256,1765652500.944057,20.849
1765652500.966598,1819,256,1765652500.945790,20.807
1765652500.971225,1820,256,1765652500.950351,20.874
1765652500.974762,1821,256,1765652500.953926,20.837
1765652500.976875,1822,256,1765652500.955975,20.900
1765652500.977202,1823,256,1765652500.956386,20.816
1765652500.978951,1824,256,1765652500.958062,20.890
1765652500.980049,1825,256,1765652500.959236,20.813
1765652500.985444,1826,256,1765652500.964550,20.894
1765652500.988013,1827,256,1765652500.967004,21.009
1765652500.990766,1828,256,1765652500.969802,20.964
1765652500.991471,1829,256,1765652500.970654,20.817
1765652500.997479,1830,256,1765652500.976437,21.042
1765652501.001530,1831,256,1765652500.980582,20.947
1765652501.002825,1832,256,1765652500.981632,21.193
1765652501.006573,1833,256,1765652500.985682,20.891
1765652501.011177,1834,256,1765652500.990133,21.044
1765652501.012549,1835,256,1765652500.991267,21.282
1765652501.015527,1836,256,1765652500.994667,20.861
1765652501.016873,1837,256,1765652500.995973,20.900
1765652501.027830,1838,256,1765652501.006882,20.948
1765652501.028697,1839,256,1765652501.007835,20.862
1765652501.031868,1840,256,1765652501.010820,21.048
1765652501.035864,1841,256,1765652501.014910,20.955
1765652501.036354,1842,256,1765652501.015562,20.793
1765652501.042465,1843,256,1765652501.021582,20.883
1765652501.044669,1844,256,1765652501.023861,20.808
1765652501.048935,1845,256,1765652501.028007,20.928
1765652501.051804,1846,256,1765652501.030894,20.910
1765652501.055726,1847,256,1765652501.034052,21.674
1765652501.060645,1848,256,1765652501.039626,21.019
1765652501.061814,1849,256,1765652501.040970,20.844
1765652501.063348,1850,256,1765652501.042415,20.933
1765652501.064110,1851,256,1765652501.043276,20.834
1765652501.066570,1852,256,1765652501.045666,20.904
1765652501.068806,1853,256,1765652501.047888,20.918
1765652501.071598,1854,256,1765652501.050686,20.912
1765652501.072402,1855,256,1765652501.051063,21.339
1765652501.073153,1856,256,1765652501.051288,21.865
1765652501.074721,1857,256,1765652501.053740,20.981
1765652501.075043,1858,256,1765652501.053916,21.127
1765652501.077419,1859,256,1765652501.056517,20.902
1765652501.077971,1860,256,1765652501.057145,20.825
1765652501.079777,1861,256,1765652501.058926,20.851
1765652501.082021,1862,256,1765652501.061121,20.900
1765652501.085311,1863,256,1765652501.064404,20.907
1765652501.086295,1864,256,1765652501.065402,20.893
1765652501.086645,1865,256,1765652501.065460,21.185
1765652501.092657,1866,256,1765652501.071687,20.970
1765652501.096414,1867,256,1765652501.075333,21.081
1765652501.098748,1868,256,1765652501.077855,20.893
1765652501.102475,1869,256,1765652501.081423,21.052
1765652501.108859,1870,256,1765652501.087933,20.925
1765652501.127097,1871,256,1765652501.106071,21.026
1765652501.131709,1872,256,1765652501.110765,20.944
1765652501.132066,1873,256,1765652501.110843,21.223
1765652501.137095,1874,256,1765652501.116112,20.983
1765652501.138127,1875,256,1765652501.117179,20.948
1765652501.138456,1876,256,1765652501.117382,21.075
1765652501.141671,1877,256,1765652501.120776,20.895
1765652501.149020,1878,256,1765652501.128148,20.872
1765652501.158687,1879,256,1765652501.137725,20.961
1765652501.159018,1880,256,1765652501.138213,20.804
1765652501.159552,1881,256,1765652501.138680,20.872
1765652501.160140,1882,256,1765652501.139334,20.806
1765652501.165946,1883,256,1765652501.145024,20.922
1765652501.175555,1884,256,1765652501.154531,21.024
1765652501.177558,1885,256,1765652501.156556,21.002
1765652501.177865,1886,256,1765652501.156979,20.886
1765652501.179545,1887,256,1765652501.158546,20.999
1765652501.180875,1888,256,1765652501.159909,20.966
1765652501.181207,1889,256,1765652501.160094,21.112
1765652501.189989,1890,256,1765652501.169026,20.963
1765652501.190713,1891,256,1765652501.169664,21.049
1765652501.194477,1892,256,1765652501.173349,21.128
1765652501.195570,1893,256,1765652501.174512,21.058
1765652501.199754,1894,256,1765652501.178803,20.951
1765652501.200083,1895,256,1765652501.178920,21.163
1765652501.205626,1896,256,1765652501.184512,21.114
1765652501.206493,1897,256,1765652501.185466,21.028
1765652501.206783,1898,256,1765652501.185683,21.100
1765652501.208326,1899,256,1765652501.187396,20.930
1765652501.209199,1900,256,1765652501.188296,20.904
1765652501.210539,1901,256,1765652501.189417,21.122
1765652501.211144,1902,256,1765652501.190158,20.986
1765652501.211452,1903,256,1765652501.190538,20.913
1765652501.215196,1904,256,1765652501.194089,21.106
1765652501.217939,1905,256,1765652501.196728,21.212
1765652501.220314,1906,256,1765652501.199250,21.064
1765652501.220609,1907,256,1765652501.199763,20.846
1765652501.221558,1908,256,1765652501.200618,20.940
1765652501.226887,1909,256,1765652501.205994,20.893
1765652501.235896,1910,256,1765652501.214787,21.109
1765652501.238143,1911,256,1765652501.217082,21.061
1765652501.241249,1912,256,1765652501.220416,20.833
1765652501.245753,1913,256,1765652501.224894,20.859
1765652501.246552,1914,256,1765652501.225713,20.838
1765652501.252010,1915,256,1765652501.231114,20.895
1765652501.254293,1916,256,1765652501.233349,20.944
1765652501.255969,1917,256,1765652501.235101,20.868
1765652501.259832,1918,256,1765652501.238839,20.993
1765652501.260302,1919,256,1765652501.239411,20.891
1765652501.262645,1920,256,1765652501.241767,20.879
1765652501.265369,1921,256,1765652501.244453,20.917
1765652501.269342,1922,256,1765652501.248418,20.924
1765652501.275828,1923,256,1765652501.254802,21.026
1765652501.278855,1924,256,1765652501.257956,20.899
1765652501.285388,1925,256,1765652501.264445,20.943
1765652501.287603,1926,256,1765652501.266639,20.964
1765652501.287950,1927,256,1765652501.267114,20.836
1765652501.292658,1928,256,1765652501.271651,21.006
1765652501.297081,1929,256,1765652501.276011,21.070
1765652501.297281,1930,256,1765652501.276400,20.881
1765652501.299290,1931,256,1765652501.278419,20.871
1765652501.300272,1932,256,1765652501.279364,20.908
1765652501.306179,1933,256,1765652501.285173,21.006
1765652501.309537,1934,256,1765652501.288564,20.973
1765652501.310490,1935,256,1765652501.289595,20.895
1765652501.313942,1936,256,1765652501.293105,20.837
1765652501.317920,1937,256,1765652501.296956,20.964
1765652501.319435,1938,256,1765652501.298601,20.834
1765652501.322201,1939,256,1765652501.301332,20.869
1765652501.326501,1940,256,1765652501.305632,20.869
1765652501.330901,1941,256,1765652501.309929,20.972
1765652501.331141,1942,256,1765652501.310029,21.113
1765652501.332502,1943,256,1765652501.311365,21.137
1765652501.333062,1944,256,1765652501.312240,20.823
1765652501.348104,1945,256,1765652501.327231,20.873
1765652501.349123,1946,256,1765652501.328326,20.798
1765652501.350961,1947,256,1765652501.330165,20.795
1765652501.357089,1948,256,1765652501.336302,20.787
1765652501.357576,1949,256,1765652501.336801,20.775
1765652501.358044,1950,256,1765652501.337275,20.769
1765652501.364234,1951,256,1765652501.343429,20.805
1765652501.365011,1952,256,1765652501.344234,20.776
1765652501.365528,1953,256,1765652501.344737,20.791
1765652501.367817,1954,256,1765652501.346917,20.900
1765652501.368446,1955,256,1765652501.347656,20.790
1765652501.369716,1956,256,1765652501.348871,20.845
1765652501.372285,1957,256,1765652501.351486,20.799
1765652501.372693,1958,256,1765652501.351907,20.786
1765652501.373438,1959,256,1765652501.352646,20.792
1765652501.375187,1960,256,1765652501.354396,20.791
1765652501.377115,1961,256,1765652501.356272,20.843
1765652501.380921,1962,256,1765652501.360125,20.796
1765652501.383152,1963,256,1765652501.362348,20.804
1765652501.383725,1964,256,1765652501.362886,20.838
1765652501.384366,1965,256,1765652501.363574,20.792
1765652501.384991,1966,256,1765652501.364187,20.804
1765652501.386209,1967,256,1765652501.365393,20.816
1765652501.389900,1968,256,1765652501.369100,20.801
1765652501.404867,1969,256,1765652501.383930,20.937
1765652501.412158,1970,256,1765652501.391201,20.957
1765652501.412587,1971,256,1765652501.391715,20.873
1765652501.413098,1972,256,1765652501.392236,20.861
1765652501.415217,1973,256,1765652501.394355,20.862
1765652501.419001,1974,256,1765652501.398077,20.924
1765652501.422915,1975,256,1765652501.402030,20.885
1765652501.426209,1976,256,1765652501.405329,20.880
1765652501.429151,1977,256,1765652501.408159,20.992
1765652501.429928,1978,256,1765652501.409142,20.786
1765652501.430914,1979,256,1765652501.410115,20.799
1765652501.431674,1980,256,1765652501.410852,20.823
1765652501.432523,1981,256,1765652501.411700,20.822
1765652501.434405,1982,256,1765652501.413179,21.226
1765652501.440307,1983,256,1765652501.419413,20.894
1765652501.441949,1984,256,1765652501.420984,20.965
1765652501.444387,1985,256,1765652501.423560,20.826
1765652501.446948,1986,256,1765652501.426087,20.860
1765652501.451270,1987,256,1765652501.429951,21.319
1765652501.455536,1988,256,1765652501.434672,20.864
1765652501.458384,1989,256,1765652501.437513,20.871
1765652501.475282,1990,256,1765652501.454330,20.952
1765652501.475591,1991,256,1765652501.454505,21.086
1765652501.478982,1992,256,1765652501.458143,20.839
1765652501.480341,1993,256,1765652501.459540,20.801
1765652501.482732,1994,256,1765652501.461895,20.837
1765652501.484606,1995,256,1765652501.463746,20.860
1765652501.485962,1996,256,1765652501.465169,20.792
1765652501.486993,1997,256,1765652501.466220,20.773
1765652501.488501,1998,256,1765652501.467667,20.833
1765652501.496638,1999,256,1765652501.475804,20.834
1765652501.501706,2000,256,1765652501.480490,21.215
1765652501.502099,2001,256,1765652501.480978,21.121
1765652501.502496,2002,256,1765652501.481008,21.488
1765652501.504401,2003,256,1765652501.483543,20.857
1765652501.510557,2004,256,1765652501.489717,20.840
1765652501.514366,2005,256,1765652501.493531,20.835
1765652501.516138,2006,256,1765652501.495290,20.849
1765652501.517612,2007,256,1765652501.496783,20.829
1765652501.518612,2008,256,1765652501.497826,20.786
1765652501.520041,2009,256,1765652501.499191,20.849
1765652501.526685,2010,256,1765652501.505795,20.890
1765652501.528394,2011,256,1765652501.507522,20.872
1765652501.529387,2012,256,1765652501.508537,20.850
1765652501.532346,2013,256,1765652501.511524,20.822
1765652501.533709,2014,256,1765652501.512834,20.875
1765652501.534431,2015,256,1765652501.513589,20.842
1765652501.538767,2016,256,1765652501.517888,20.879
1765652501.541550,2017,256,1765652501.520620,20.930
1765652501.543434,2018,256,1765652501.522633,20.801
1765652501.545391,2019,256,1765652501.524564,20.827
1765652501.545815,2020,256,1765652501.524620,21.195
1765652501.546157,2021,256,1765652501.524860,21.297
1765652501.546556,2022,256,1765652501.525748,20.808
1765652501.551911,2023,256,1765652501.531060,20.852
1765652501.552320,2024,256,1765652501.531252,21.068
1765652501.552672,2025,256,1765652501.531819,20.853
1765652501.555466,2026,256,1765652501.534600,20.865
1765652501.565205,2027,256,1765652501.544308,20.897
1765652501.570358,2028,256,1765652501.549419,20.939
1765652501.570645,2029,256,1765652501.549829,20.816
1765652501.571456,2030,256,1765652501.550600,20.856
1765652501.574145,2031,256,1765652501.553208,20.937
1765652501.574466,2032,256,1765652501.553396,21.070
1765652501.574970,2033,256,1765652501.554162,20.808
1765652501.575824,2034,256,1765652501.555018,20.806
1765652501.577032,2035,256,1765652501.556235,20.797
1765652501.577424,2036,256,1765652501.556289,21.135
1765652501.589552,2037,256,1765652501.568551,21.001
1765652501.590857,2038,256,1765652501.569778,21.079
1765652501.596073,2039,256,1765652501.575172,20.901
1765652501.597545,2040,256,1765652501.576708,20.837
1765652501.603473,2041,256,1765652501.582509,20.963
1765652501.607697,2042,256,1765652501.586726,20.972
1765652501.608890,2043,256,1765652501.588046,20.844
1765652501.610212,2044,256,1765652501.589354,20.858
1765652501.610652,2045,256,1765652501.589602,21.050
1765652501.615784,2046,256,1765652501.594890,20.894
1765652501.616101,2047,256,1765652501.595245,20.855
1765652501.624331,2048,256,1765652501.603086,21.245
1765652501.624645,2049,256,1765652501.603695,20.950
1765652501.627425,2050,256,1765652501.606570,20.855
1765652501.628833,2051,256,1765652501.607579,21.255
1765652501.635237,2052,256,1765652501.614321,20.916
1765652501.635900,2053,256,1765652501.615059,20.842
1765652501.638217,2054,256,1765652501.617337,20.880
1765652501.656107,2055,256,1765652501.635201,20.906
1765652501.659435,2056,256,1765652501.638562,20.873
1765652501.664772,2057,256,1765652501.643856,20.916
1765652501.665632,2058,256,1765652501.644798,20.834
1765652501.666068,2059,256,1765652501.644991,21.077
1765652501.667910,2060,256,1765652501.646960,20.950
1765652501.670621,2061,256,1765652501.649207,21.414
1765652501.676615,2062,256,1765652501.655623,20.992
1765652501.676934,2063,256,1765652501.655904,21.030
1765652501.678426,2064,256,1765652501.657490,20.936
1765652501.681701,2065,256,1765652501.660103,21.598
1765652501.682056,2066,256,1765652501.660925,21.131
1765652501.685501,2067,256,1765652501.664348,21.152
1765652501.686615,2068,256,1765652501.665506,21.109
1765652501.689012,2069,256,1765652501.667976,21.036
1765652501.693683,2070,256,1765652501.672648,21.035
1765652501.693962,2071,256,1765652501.672981,20.981
1765652501.695988,2072,256,1765652501.674186,21.802
1765652501.700490,2073,256,1765652501.679403,21.088
1765652501.706804,2074,256,1765652501.685870,20.934
1765652501.714663,2075,256,1765652501.693705,20.958
1765652501.719476,2076,256,1765652501.698509,20.968
1765652501.734336,2077,256,1765652501.713317,21.019
1765652501.734628,2078,256,1765652501.713474,21.153
1765652501.735476,2079,256,1765652501.714338,21.139
1765652501.741330,2080,256,1765652501.720181,21.150
1765652501.748227,2081,256,1765652501.727266,20.961
1765652501.753059,2082,256,1765652501.731861,21.198
1765652501.753357,2083,256,1765652501.732048,21.309
1765652501.754310,2084,256,1765652501.733358,20.952
1765652501.755859,2085,256,1765652501.734957,20.902
1765652501.756242,2086,256,1765652501.735216,21.026
1765652501.759747,2087,256,1765652501.738804,20.943
1765652501.760567,2088,256,1765652501.739458,21.109
1765652501.764503,2089,256,1765652501.743391,21.111
1765652501.770141,2090,256,1765652501.749200,20.941
1765652501.775593,2091,256,1765652501.754596,20.998
1765652501.779662,2092,256,1765652501.758720,20.942
1765652501.788367,2093,256,1765652501.767209,21.158
1765652501.789112,2094,256,1765652501.768208,20.904
1765652501.792115,2095,256,1765652501.771030,21.085
1765652501.794514,2096,256,1765652501.773535,20.979
1765652501.799144,2097,256,1765652501.778149,20.995
1765652501.799716,2098,256,1765652501.778915,20.801
1765652501.802840,2099,256,1765652501.781888,20.952
1765652501.804737,2100,256,1765652501.783813,20.925
1765652501.807950,2101,256,1765652501.786850,21.101
1765652501.813347,2102,256,1765652501.792261,21.085
1765652501.816368,2103,256,1765652501.795401,20.967
1765652501.819204,2104,256,1765652501.798165,21.039
1765652501.819389,2105,256,1765652501.798208,21.181
1765652501.826278,2106,256,1765652501.805143,21.135
1765652501.833978,2107,256,1765652501.812932,21.046
1765652501.843514,2108,256,1765652501.822319,21.195
1765652501.845688,2109,256,1765652501.824601,21.087
1765652501.848774,2110,256,1765652501.827724,21.050
1765652501.848954,2111,256,1765652501.827823,21.131
1765652501.851475,2112,256,1765652501.830456,21.019
1765652501.852513,2113,256,1765652501.831438,21.075
1765652501.854030,2114,256,1765652501.832960,21.070
1765652501.854240,2115,256,1765652501.833438,20.802
1765652501.863835,2116,256,1765652501.842772,21.063
1765652501.864021,2117,256,1765652501.843205,20.815
1765652501.867564,2118,256,1765652501.846532,21.032
1765652501.869644,2119,256,1765652501.848593,21.051
1765652501.873201,2120,256,1765652501.852149,21.052
1765652501.874459,2121,256,1765652501.853473,20.985
1765652501.881019,2122,256,1765652501.859828,21.190
1765652501.886963,2123,256,1765652501.866056,20.907
1765652501.887972,2124,256,1765652501.867028,20.944
1765652501.893745,2125,256,1765652501.872769,20.976
1765652501.896453,2126,256,1765652501.875519,20.934
1765652501.897583,2127,256,1765652501.876701,20.881
1765652501.898917,2128,256,1765652501.878055,20.863
1765652501.905187,2129,256,1765652501.884176,21.010
1765652501.910256,2130,256,1765652501.889354,20.903
1765652501.911887,2131,256,1765652501.890934,20.952
1765652501.915122,2132,256,1765652501.894160,20.962
1765652501.918462,2133,256,1765652501.897441,21.021
1765652501.922037,2134,256,1765652501.901060,20.977
1765652501.924767,2135,256,1765652501.903904,20.863
1765652501.925113,2136,256,1765652501.904163,20.950
1765652501.930020,2137,256,1765652501.909142,20.879
1765652501.932978,2138,256,1765652501.912135,20.843
1765652501.934676,2139,256,1765652501.913874,20.802
1765652501.936347,2140,256,1765652501.915497,20.850
1765652501.942297,2141,256,1765652501.921370,20.926
1765652501.942657,2142,256,1765652501.921821,20.837
1765652501.947335,2143,256,1765652501.926320,21.015
1765652501.957505,2144,256,1765652501.936565,20.940
1765652501.958574,2145,256,1765652501.937680,20.893
1765652501.966030,2146,256,1765652501.945101,20.929
1765652501.970031,2147,256,1765652501.949106,20.925
1765652501.971997,2148,256,1765652501.951101,20.896
1765652501.975340,2149,256,1765652501.954412,20.928
1765652501.976055,2150,256,1765652501.955192,20.862
1765652501.979019,2151,256,1765652501.958117,20.903
1765652501.984311,2152,256,1765652501.963392,20.920
1765652501.984627,2153,256,1765652501.963761,20.866
1765652501.992468,2154,256,1765652501.971506,20.962
1765652501.992871,2155,256,1765652501.972037,20.833
1765652501.994526,2156,256,1765652501.973361,21.165
1765652501.995642,2157,256,1765652501.974401,21.241
1765652501.998002,2158,256,1765652501.977149,20.853
1765652502.000033,2159,256,1765652501.978987,21.046
1765652502.006835,2160,256,1765652501.985917,20.917
1765652502.008745,2161,256,1765652501.987879,20.866
1765652502.009113,2162,256,1765652501.987953,21.160
1765652502.010264,2163,256,1765652501.989430,20.834
1765652502.010651,2164,256,1765652501.989856,20.796
1765652502.013558,2165,256,1765652501.992693,20.865
1765652502.015554,2166,256,1765652501.994410,21.145
1765652502.015939,2167,256,1765652501.994945,20.993
1765652502.016340,2168,256,1765652501.995231,21.110
1765652502.020065,2169,256,1765652501.998968,21.097
1765652502.020704,2170,256,1765652501.999535,21.169
1765652502.021221,2171,256,1765652502.000295,20.926
1765652502.025194,2172,256,1765652502.004285,20.909
1765652502.026232,2173,256,1765652502.005343,20.890
1765652502.030404,2174,256,1765652502.009509,20.895
1765652502.031620,2175,256,1765652502.010779,20.841
1765652502.036323,2176,256,1765652502.015402,20.921
1765652502.037283,2177,256,1765652502.016400,20.883
1765652502.039522,2178,256,1765652502.018596,20.926
1765652502.041261,2179,256,1765652502.020345,20.916
1765652502.041612,2180,256,1765652502.020680,20.932
1765652502.042387,2181,256,1765652502.021540,20.848
1765652502.042953,2182,256,1765652502.021981,20.972
1765652502.045303,2183,256,1765652502.024309,20.994
1765652502.048945,2184,256,1765652502.028018,20.927
1765652502.052656,2185,256,1765652502.031745,20.911
1765652502.054487,2186,256,1765652502.033425,21.062
1765652502.060074,2187,256,1765652502.039178,20.896
1765652502.064495,2188,256,1765652502.043509,20.986
1765652502.069462,2189,256,1765652502.048561,20.901
1765652502.069764,2190,256,1765652502.048832,20.932
1765652502.073572,2191,256,1765652502.052640,20.932
1765652502.077916,2192,256,1765652502.057003,20.914
1765652502.081141,2193,256,1765652502.060298,20.844
1765652502.082584,2194,256,1765652502.061743,20.841
1765652502.085755,2195,256,1765652502.064818,20.936
1765652502.089853,2196,256,1765652502.068977,20.875
1765652502.090215,2197,256,1765652502.069311,20.904
1765652502.090637,2198,256,1765652502.069796,20.841
1765652502.091008,2199,256,1765652502.069862,21.146
1765652502.093722,2200,256,1765652502.072853,20.869
1765652502.097684,2201,256,1765652502.076785,20.899
1765652502.098039,2202,256,1765652502.076969,21.070
1765652502.101228,2203,256,1765652502.080338,20.890
1765652502.109347,2204,256,1765652502.088485,20.861
1765652502.112362,2205,256,1765652502.091492,20.869
1765652502.116236,2206,256,1765652502.095327,20.909
1765652502.116572,2207,256,1765652502.095743,20.829
1765652502.118944,2208,256,1765652502.098071,20.873
1765652502.122888,2209,256,1765652502.101740,21.148
1765652502.127003,2210,256,1765652502.106087,20.916
1765652502.136533,2211,256,1765652502.115610,20.923
1765652502.140234,2212,256,1765652502.119280,20.955
1765652502.140584,2213,256,1765652502.119387,21.197
1765652502.143987,2214,256,1765652502.123117,20.870
1765652502.145308,2215,256,1765652502.124464,20.844
1765652502.150367,2216,256,1765652502.129466,20.901
1765652502.150699,2217,256,1765652502.129549,21.150
1765652502.157197,2218,256,1765652502.136138,21.059
1765652502.159414,2219,256,1765652502.138498,20.916
1765652502.159859,2220,256,1765652502.138579,21.280
1765652502.164272,2221,256,1765652502.143353,20.919
1765652502.169408,2222,256,1765652502.148420,20.987
1765652502.170176,2223,256,1765652502.149237,20.939
1765652502.171303,2224,256,1765652502.150232,21.071
1765652502.174365,2225,256,1765652502.153268,21.097
1765652502.177012,2226,256,1765652502.156037,20.975
1765652502.184030,2227,256,1765652502.163030,21.000
1765652502.185945,2228,256,1765652502.165054,20.891
1765652502.186999,2229,256,1765652502.166161,20.838
1765652502.193930,2230,256,1765652502.173032,20.898
1765652502.194277,2231,256,1765652502.173402,20.875
1765652502.202450,2232,256,1765652502.181516,20.935
1765652502.202761,2233,256,1765652502.181638,21.122
1765652502.215093,2234,256,1765652502.194109,20.984
1765652502.215678,2235,256,1765652502.194637,21.041
1765652502.218839,2236,256,1765652502.197915,20.924
1765652502.219850,2237,256,1765652502.198962,20.887
1765652502.227775,2238,256,1765652502.206774,21.001
1765652502.230388,2239,256,1765652502.209401,20.988
1765652502.236791,2240,256,1765652502.215696,21.095
1765652502.237309,2241,256,1765652502.216396,20.913
1765652502.237671,2242,256,1765652502.216852,20.819
1765652502.238081,2243,256,1765652502.217181,20.900
1765652502.239132,2244,256,1765652502.218193,20.939
1765652502.247183,2245,256,1765652502.226239,20.944
1765652502.248950,2246,256,1765652502.228077,20.873
1765652502.251845,2247,256,1765652502.230844,21.001
1765652502.257441,2248,256,1765652502.236389,21.052
1765652502.258948,2249,256,1765652502.237998,20.950
1765652502.260735,2250,256,1765652502.239753,20.982
1765652502.261652,2251,256,1765652502.240766,20.885
1765652502.270019,2252,256,1765652502.249043,20.977
1765652502.272037,2253,256,1765652502.251093,20.944
1765652502.273266,2254,256,1765652502.252250,21.016
1765652502.277331,2255,256,1765652502.256363,20.967
1765652502.278159,2256,256,1765652502.257272,20.887
1765652502.287586,2257,256,1765652502.266392,21.194
1765652502.287983,2258,256,1765652502.266560,21.423
1765652502.294952,2259,256,1765652502.273977,20.975
1765652502.295275,2260,256,1765652502.274237,21.038
1765652502.296818,2261,256,1765652502.275993,20.825
1765652502.297584,2262,256,1765652502.276750,20.834
1765652502.301844,2263,256,1765652502.280962,20.882
1765652502.310046,2264,256,1765652502.289108,20.939
1765652502.310392,2265,256,1765652502.289474,20.918
1765652502.311132,2266,256,1765652502.290298,20.834
1765652502.311528,2267,256,1765652502.290673,20.855
1765652502.311915,2268,256,1765652502.290776,21.139
1765652502.312318,2269,256,1765652502.291138,21.180
1765652502.312736,2270,256,1765652502.291386,21.350
1765652502.317121,2271,256,1765652502.296196,20.924
1765652502.318840,2272,256,1765652502.297899,20.941
1765652502.319232,2273,256,1765652502.298395,20.837
1765652502.322025,2274,256,1765652502.301080,20.946
1765652502.322561,2275,256,1765652502.301707,20.854
1765652502.324575,2276,256,1765652502.303651,20.924
1765652502.325591,2277,256,1765652502.304725,20.866
1765652502.332367,2278,256,1765652502.311423,20.944
1765652502.336305,2279,256,1765652502.315362,20.943
1765652502.338027,2280,256,1765652502.317109,20.918
1765652502.345662,2281,256,1765652502.324137,21.525
1765652502.354822,2282,256,1765652502.333746,21.076
1765652502.356658,2283,256,1765652502.335720,20.938
1765652502.367472,2284,256,1765652502.346477,20.995
1765652502.373860,2285,256,1765652502.352847,21.013
1765652502.379994,2286,256,1765652502.359076,20.919
1765652502.383966,2287,256,1765652502.363055,20.911
1765652502.390873,2288,256,1765652502.369919,20.954
1765652502.415899,2289,256,1765652502.394709,21.189
1765652502.416411,2290,256,1765652502.395581,20.830
1765652502.417710,2291,256,1765652502.396840,20.870
1765652502.424953,2292,256,1765652502.404039,20.913
1765652502.426965,2293,256,1765652502.406089,20.877
1765652502.427338,2294,256,1765652502.406232,21.106
1765652502.435456,2295,256,1765652502.414571,20.885
1765652502.439542,2296,256,1765652502.418551,20.991
1765652502.448298,2297,256,1765652502.427352,20.947
1765652502.453281,2298,256,1765652502.432329,20.952
1765652502.453596,2299,256,1765652502.432563,21.033
1765652502.455451,2300,256,1765652502.434540,20.911
1765652502.456596,2301,256,1765652502.435694,20.902
1765652502.457789,2302,256,1765652502.436776,21.013
1765652502.460549,2303,256,1765652502.439598,20.951
1765652502.462162,2304,256,1765652502.441266,20.896
1765652502.465036,2305,256,1765652502.444123,20.913
1765652502.466857,2306,256,1765652502.445920,20.938
1765652502.469996,2307,256,1765652502.449041,20.955
1765652502.471975,2308,256,1765652502.451067,20.907
1765652502.476067,2309,256,1765652502.455102,20.964
1765652502.478410,2310,256,1765652502.457476,20.934
1765652502.479204,2311,256,1765652502.458158,21.047
1765652502.485973,2312,256,1765652502.465075,20.899
1765652502.488977,2313,256,1765652502.468066,20.911
1765652502.499111,2314,256,1765652502.477836,21.275
1765652502.501956,2315,256,1765652502.480976,20.979
1765652502.503829,2316,256,1765652502.482902,20.927
1765652502.513974,2317,256,1765652502.492963,21.011
1765652502.514244,2318,256,1765652502.493129,21.115
1765652502.514626,2319,256,1765652502.493688,20.938
1765652502.517610,2320,256,1765652502.496716,20.894
1765652502.522727,2321,256,1765652502.501643,21.084
1765652502.525549,2322,256,1765652502.504645,20.905
1765652502.529758,2323,256,1765652502.508732,21.027
1765652502.539136,2324,256,1765652502.518117,21.019
1765652502.540549,2325,256,1765652502.519621,20.927
1765652502.541519,2326,256,1765652502.520608,20.911
1765652502.542736,2327,256,1765652502.521724,21.012
1765652502.545387,2328,256,1765652502.524417,20.970
1765652502.548030,2329,256,1765652502.526921,21.109
1765652502.553262,2330,256,1765652502.532341,20.921
1765652502.557757,2331,256,1765652502.536801,20.956
1765652502.558161,2332,256,1765652502.537276,20.885
1765652502.565284,2333,256,1765652502.544314,20.971
1765652502.567581,2334,256,1765652502.546288,21.294
1765652502.573257,2335,256,1765652502.552296,20.961
1765652502.582720,2336,256,1765652502.561790,20.930
1765652502.583096,2337,256,1765652502.561929,21.168
1765652502.584033,2338,256,1765652502.563224,20.809
1765652502.585247,2339,256,1765652502.564411,20.835
1765652502.585625,2340,256,1765652502.564449,21.176
1765652502.586033,2341,256,1765652502.564592,21.441
1765652502.592637,2342,256,1765652502.571698,20.939
1765652502.592954,2343,256,1765652502.571873,21.081
1765652502.594064,2344,256,1765652502.573251,20.813
1765652502.596092,2345,256,1765652502.575195,20.897
1765652502.596937,2346,256,1765652502.576057,20.880
1765652502.597913,2347,256,1765652502.577051,20.862
1765652502.603252,2348,256,1765652502.582356,20.896
1765652502.603865,2349,256,1765652502.583016,20.849
1765652502.608013,2350,256,1765652502.587097,20.916
1765652502.609743,2351,256,1765652502.588766,20.977
1765652502.611915,2352,256,1765652502.591013,20.902
1765652502.620233,2353,256,1765652502.598591,21.642
1765652502.625802,2354,256,1765652502.604820,20.982
1765652502.626258,2355,256,1765652502.605396,20.862
1765652502.628571,2356,256,1765652502.607488,21.083
1765652502.635252,2357,256,1765652502.614353,20.899
1765652502.637265,2358,256,1765652502.616393,20.872
1765652502.638895,2359,256,1765652502.617718,21.177
1765652502.639518,2360,256,1765652502.618631,20.887
1765652502.640141,2361,256,1765652502.619311,20.829
1765652502.640528,2362,256,1765652502.619395,21.133
1765652502.641206,2363,256,1765652502.619908,21.297
1765652502.642250,2364,256,1765652502.621327,20.923
1765652502.642643,2365,256,1765652502.621484,21.160
1765652502.646495,2366,256,1765652502.625511,20.984
1765652502.649157,2367,256,1765652502.627961,21.196
1765652502.650655,2368,256,1765652502.629763,20.892
1765652502.656568,2369,256,1765652502.634924,21.644
1765652502.657949,2370,256,1765652502.636940,21.008
1765652502.658275,2371,256,1765652502.637082,21.194
1765652502.670472,2372,256,1765652502.648833,21.640
1765652502.671564,2373,256,1765652502.650438,21.126
1765652502.673241,2374,256,1765652502.652013,21.228
1765652502.674113,2375,256,1765652502.653252,20.861
1765652502.674491,2376,256,1765652502.653534,20.957
1765652502.679367,2377,256,1765652502.658362,21.005
1765652502.681604,2378,256,1765652502.660651,20.952
1765652502.690526,2379,256,1765652502.669491,21.036
1765652502.695323,2380,256,1765652502.674033,21.291
1765652502.695711,2381,256,1765652502.674477,21.233
1765652502.696225,2382,256,1765652502.675349,20.875
1765652502.697172,2383,256,1765652502.675805,21.367
1765652502.698449,2384,256,1765652502.677393,21.057
1765652502.710616,2385,256,1765652502.689502,21.114
1765652502.711849,2386,256,1765652502.690917,20.932
1765652502.719023,2387,256,1765652502.698047,20.975
1765652502.725059,2388,256,1765652502.703960,21.099
1765652502.725884,2389,256,1765652502.704901,20.983
1765652502.731254,2390,256,1765652502.710232,21.022
1765652502.734925,2391,256,1765652502.713938,20.987
1765652502.737316,2392,256,1765652502.716318,20.998
1765652502.738060,2393,256,1765652502.717187,20.873
1765652502.758973,2394,256,1765652502.737859,21.114
1765652502.760273,2395,256,1765652502.739296,20.977
1765652502.764627,2396,256,1765652502.743725,20.902
1765652502.770651,2397,256,1765652502.749696,20.955
1765652502.777085,2398,256,1765652502.756047,21.038
1765652502.778336,2399,256,1765652502.757469,20.867
1765652502.778725,2400,256,1765652502.757739,20.987
1765652502.788552,2401,256,1765652502.767515,21.037
1765652502.794476,2402,256,1765652502.772997,21.478
1765652502.797413,2403,256,1765652502.776470,20.943
1765652502.798054,2404,256,1765652502.777238,20.816
1765652502.799849,2405,256,1765652502.778941,20.908
1765652502.800156,2406,256,1765652502.779167,20.989
1765652502.800547,2407,256,1765652502.779347,21.201
1765652502.801868,2408,256,1765652502.781030,20.838
1765652502.812178,2409,256,1765652502.791227,20.951
1765652502.812496,2410,256,1765652502.791455,21.040
1765652502.826534,2411,256,1765652502.805483,21.050
1765652502.828584,2412,256,1765652502.807427,21.157
1765652502.828701,2413,256,1765652502.807906,20.794
1765652502.832163,2414,256,1765652502.811184,20.979
1765652502.832521,2415,256,1765652502.811657,20.864
1765652502.832920,2416,256,1765652502.811906,21.014
1765652502.833791,2417,256,1765652502.812965,20.826
1765652502.839193,2418,256,1765652502.818177,21.016
1765652502.839606,2419,256,1765652502.818741,20.864
1765652502.841562,2420,256,1765652502.820517,21.045
1765652502.842762,2421,256,1765652502.821814,20.948
1765652502.843592,2422,256,1765652502.822660,20.931
1765652502.847849,2423,256,1765652502.826844,21.005
1765652502.848277,2424,256,1765652502.827452,20.824
1765652502.849515,2425,256,1765652502.828562,20.953
1765652502.850413,2426,256,1765652502.829500,20.914
1765652502.852051,2427,256,1765652502.831212,20.838
1765652502.860773,2428,256,1765652502.839765,21.008
1765652502.863189,2429,256,1765652502.842248,20.941
1765652502.865878,2430,256,1765652502.844861,21.017
1765652502.867990,2431,256,1765652502.846796,21.194
1765652502.868328,2432,256,1765652502.846976,21.352
1765652502.869352,2433,256,1765652502.848441,20.911
1765652502.872771,2434,256,1765652502.851743,21.028
1765652502.873055,2435,256,1765652502.852177,20.877
1765652502.882427,2436,256,1765652502.861491,20.936
1765652502.892159,2437,256,1765652502.871222,20.937
1765652502.892534,2438,256,1765652502.871636,20.897
1765652502.892976,2439,256,1765652502.872126,20.850
1765652502.893931,2440,256,1765652502.873090,20.840
1765652502.896370,2441,256,1765652502.875463,20.907
1765652502.900484,2442,256,1765652502.879473,21.010
1765652502.900918,2443,256,1765652502.880091,20.827
1765652502.901435,2444,256,1765652502.880645,20.790
1765652502.901855,2445,256,1765652502.880876,20.980
1765652502.902656,2446,256,1765652502.881390,21.266
1765652502.905909,2447,256,1765652502.884939,20.970
1765652502.908216,2448,256,1765652502.887183,21.033
1765652502.912104,2449,256,1765652502.891061,21.042
1765652502.912542,2450,256,1765652502.891657,20.885
1765652502.912877,2451,256,1765652502.891978,20.900
1765652502.917193,2452,256,1765652502.896227,20.966
1765652502.917699,2453,256,1765652502.896510,21.188
1765652502.919744,2454,256,1765652502.898777,20.967
1765652502.931315,2455,256,1765652502.910362,20.953
1765652502.932700,2456,256,1765652502.911848,20.853
1765652502.934259,2457,256,1765652502.913391,20.868
1765652502.941673,2458,256,1765652502.920614,21.058
1765652502.944545,2459,256,1765652502.923532,21.013
1765652502.946870,2460,256,1765652502.925912,20.958
1765652502.947118,2461,256,1765652502.925958,21.160
1765652502.954812,2462,256,1765652502.933842,20.970
1765652502.965961,2463,256,1765652502.945053,20.908
1765652502.967219,2464,256,1765652502.946361,20.858
1765652502.968892,2465,256,1765652502.947852,21.039
1765652502.975585,2466,256,1765652502.954661,20.924
1765652502.980860,2467,256,1765652502.959999,20.862
1765652502.981464,2468,256,1765652502.960667,20.797
1765652502.983280,2469,256,1765652502.962423,20.857
1765652502.984149,2470,256,1765652502.963329,20.821
1765652502.984993,2471,256,1765652502.964156,20.837
1765652502.988894,2472,256,1765652502.967994,20.900
1765652502.990043,2473,256,1765652502.969217,20.826
1765652502.990841,2474,256,1765652502.969631,21.210
1765652502.991438,2475,256,1765652502.970590,20.849
1765652502.998516,2476,256,1765652502.977407,21.109
1765652503.005468,2477,256,1765652502.984536,20.932
1765652503.006256,2478,256,1765652502.985451,20.806
1765652503.006640,2479,256,1765652502.985721,20.919
1765652503.010767,2480,256,1765652502.989823,20.943
1765652503.012289,2481,256,1765652502.991330,20.958
1765652503.013525,2482,256,1765652502.992516,21.009
1765652503.019931,2483,256,1765652502.998961,20.970
1765652503.021479,2484,256,1765652503.000538,20.941
1765652503.025800,2485,256,1765652503.004821,20.978
1765652503.026125,2486,256,1765652503.004960,21.165
1765652503.027791,2487,256,1765652503.006732,21.059
1765652503.031574,2488,256,1765652503.010535,21.039
1765652503.039366,2489,256,1765652503.018412,20.954
1765652503.040460,2490,256,1765652503.019622,20.838
1765652503.049503,2491,256,1765652503.028448,21.056
1765652503.051448,2492,256,1765652503.030504,20.944
1765652503.063950,2493,256,1765652503.042752,21.198
1765652503.068137,2494,256,1765652503.047136,21.002
1765652503.076094,2495,256,1765652503.054990,21.105
1765652503.077796,2496,256,1765652503.056859,20.937
1765652503.078197,2497,256,1765652503.057032,21.164
1765652503.078580,2498,256,1765652503.057287,21.293
1765652503.083029,2499,256,1765652503.062098,20.931
1765652503.083429,2500,256,1765652503.062260,21.168
1765652503.091462,2501,256,1765652503.070432,21.030
1765652503.095516,2502,256,1765652503.074489,21.027
1765652503.095825,2503,256,1765652503.074764,21.062
1765652503.097348,2504,256,1765652503.076405,20.943
1765652503.097721,2505,256,1765652503.076558,21.163
1765652503.100188,2506,256,1765652503.079176,21.012
1765652503.101447,2507,256,1765652503.080339,21.108
1765652503.103747,2508,256,1765652503.082698,21.049
1765652503.104735,2509,256,1765652503.083577,21.158
1765652503.105753,2510,256,1765652503.084880,20.873
1765652503.111080,2511,256,1765652503.089998,21.082
1765652503.111281,2512,256,1765652503.090169,21.112
1765652503.113801,2513,256,1765652503.092631,21.170
1765652503.114148,2514,256,1765652503.092780,21.368
1765652503.128626,2515,256,1765652503.107591,21.035
1765652503.137604,2516,256,1765652503.116666,20.937
1765652503.139737,2517,256,1765652503.118878,20.859
1765652503.141525,2518,256,1765652503.120510,21.015
1765652503.143606,2519,256,1765652503.122233,21.373
1765652503.145167,2520,256,1765652503.122884,22.283
1765652503.157464,2521,256,1765652503.135958,21.506
1765652503.170913,2522,256,1765652503.147153,23.760
1765652503.171057,2523,256,1765652503.147365,23.692
1765652503.171093,2524,256,1765652503.148108,22.985
1765652503.174122,2525,256,1765652503.153095,21.027
1765652503.174776,2526,256,1765652503.153838,20.938
1765652503.186489,2527,256,1765652503.164956,21.533
1765652503.188659,2528,256,1765652503.167670,20.990
1765652503.192144,2529,256,1765652503.171151,20.994
1765652503.196515,2530,256,1765652503.174947,21.567
1765652503.203037,2531,256,1765652503.182005,21.032
1765652503.204190,2532,256,1765652503.183231,20.960
1765652503.208586,2533,256,1765652503.187414,21.172
1765652503.213468,2534,256,1765652503.191582,21.887
1765652503.216789,2535,256,1765652503.192971,23.817
1765652503.218207,2536,256,1765652503.197239,20.968
1765652503.224488,2537,256,1765652503.199052,25.436
1765652503.224811,2538,256,1765652503.199279,25.532
1765652503.224898,2539,256,1765652503.199562,25.336
1765652503.224942,2540,256,1765652503.202057,22.886
1765652503.232919,2541,256,1765652503.211922,20.996
1765652503.234481,2542,256,1765652503.213546,20.935
1765652503.236800,2543,256,1765652503.215773,21.028
1765652503.241479,2544,256,1765652503.220001,21.478
1765652503.249784,2545,256,1765652503.228776,21.009
1765652503.250559,2546,256,1765652503.229621,20.939
1765652503.254084,2547,256,1765652503.233206,20.878
1765652503.255117,2548,256,1765652503.234197,20.921
1765652503.261339,2549,256,1765652503.240391,20.948
1765652503.271481,2550,256,1765652503.250218,21.263
1765652503.273790,2551,256,1765652503.252722,21.068
1765652503.278758,2552,256,1765652503.257526,21.232
1765652503.281594,2553,256,1765652503.260666,20.927
1765652503.288392,2554,256,1765652503.267437,20.954
1765652503.290343,2555,256,1765652503.269464,20.879
1765652503.302565,2556,256,1765652503.281693,20.872
1765652503.307624,2557,256,1765652503.286770,20.854
1765652503.308531,2558,256,1765652503.287723,20.808
1765652503.320800,2559,256,1765652503.299893,20.907
1765652503.327366,2560,256,1765652503.306463,20.904
1765652503.334871,2561,256,1765652503.313956,20.915
1765652503.335858,2562,256,1765652503.315025,20.833
1765652503.342391,2563,256,1765652503.321304,21.087
1765652503.353540,2564,256,1765652503.332621,20.920
1765652503.357132,2565,256,1765652503.336266,20.866
1765652503.358766,2566,256,1765652503.337934,20.832
1765652503.361869,2567,256,1765652503.341015,20.853
1765652503.364830,2568,256,1765652503.344001,20.829
1765652503.366258,2569,256,1765652503.345439,20.819
1765652503.371365,2570,256,1765652503.350502,20.864
1765652503.389965,2571,256,1765652503.369080,20.885
1765652503.394351,2572,256,1765652503.373459,20.892
1765652503.401641,2573,256,1765652503.380695,20.946
1765652503.401959,2574,256,1765652503.381003,20.957
1765652503.407117,2575,256,1765652503.386186,20.931
1765652503.408136,2576,256,1765652503.387173,20.963
1765652503.415557,2577,256,1765652503.394593,20.965
1765652503.417447,2578,256,1765652503.396460,20.987
1765652503.418602,2579,256,1765652503.397683,20.919
1765652503.419035,2580,256,1765652503.398142,20.893
1765652503.425298,2581,256,1765652503.404314,20.985
1765652503.429948,2582,256,1765652503.409011,20.937
1765652503.430790,2583,256,1765652503.409948,20.841
1765652503.437419,2584,256,1765652503.416459,20.960
1765652503.438669,2585,256,1765652503.417842,20.827
1765652503.441569,2586,256,1765652503.420660,20.909
1765652503.442013,2587,256,1765652503.421218,20.795
1765652503.446941,2588,256,1765652503.425934,21.007
1765652503.448783,2589,256,1765652503.427902,20.882
1765652503.463974,2590,256,1765652503.443016,20.958
1765652503.474178,2591,256,1765652503.453037,21.141
1765652503.479933,2592,256,1765652503.459017,20.916
1765652503.485604,2593,256,1765652503.464694,20.910
1765652503.488286,2594,256,1765652503.467449,20.837
1765652503.493490,2595,256,1765652503.472581,20.910
1765652503.493872,2596,256,1765652503.472883,20.989
1765652503.494682,2597,256,1765652503.473649,21.034
1765652503.496564,2598,256,1765652503.475730,20.834
1765652503.497281,2599,256,1765652503.476411,20.870
1765652503.503458,2600,256,1765652503.482543,20.914
1765652503.506736,2601,256,1765652503.485865,20.871
1765652503.508404,2602,256,1765652503.487535,20.869
1765652503.512718,2603,256,1765652503.491446,21.273
1765652503.514306,2604,256,1765652503.493491,20.815
1765652503.514701,2605,256,1765652503.493570,21.130
1765652503.516220,2606,256,1765652503.495368,20.852
1765652503.516578,2607,256,1765652503.495619,20.959
1765652503.518002,2608,256,1765652503.497151,20.851
1765652503.519709,2609,256,1765652503.498841,20.868
1765652503.523539,2610,256,1765652503.502648,20.890
1765652503.524346,2611,256,1765652503.503471,20.875
1765652503.526925,2612,256,1765652503.506053,20.872
1765652503.533880,2613,256,1765652503.512883,20.997
1765652503.534252,2614,256,1765652503.513251,21.001
1765652503.541214,2615,256,1765652503.520282,20.932
1765652503.543981,2616,256,1765652503.523008,20.973
1765652503.545359,2617,256,1765652503.524302,21.056
1765652503.545939,2618,256,1765652503.525074,20.864
1765652503.549363,2619,256,1765652503.528414,20.949
1765652503.550767,2620,256,1765652503.529879,20.888
1765652503.556935,2621,256,1765652503.536029,20.906
1765652503.557671,2622,256,1765652503.536814,20.857
1765652503.558070,2623,256,1765652503.537271,20.800
1765652503.560856,2624,256,1765652503.539935,20.921
1765652503.564101,2625,256,1765652503.543077,21.024
1765652503.569831,2626,256,1765652503.548925,20.905
1765652503.573293,2627,256,1765652503.552367,20.926
1765652503.574359,2628,256,1765652503.553523,20.836
1765652503.575580,2629,256,1765652503.554737,20.843
1765652503.586127,2630,256,1765652503.565227,20.901
1765652503.587698,2631,256,1765652503.566820,20.878
1765652503.591224,2632,256,1765652503.570320,20.904
1765652503.594035,2633,256,1765652503.573191,20.844
1765652503.597137,2634,256,1765652503.575802,21.336
1765652503.603460,2635,256,1765652503.582509,20.951
1765652503.606629,2636,256,1765652503.585738,20.890
1765652503.611298,2637,256,1765652503.590293,21.005
1765652503.612873,2638,256,1765652503.591961,20.912
1765652503.613303,2639,256,1765652503.592484,20.819
1765652503.620466,2640,256,1765652503.599472,20.994
1765652503.622305,2641,256,1765652503.601411,20.894
1765652503.628302,2642,256,1765652503.607285,21.017
1765652503.631133,2643,256,1765652503.610224,20.909
1765652503.635361,2644,256,1765652503.614427,20.934
1765652503.637069,2645,256,1765652503.616151,20.918
1765652503.643208,2646,256,1765652503.622265,20.943
1765652503.645653,2647,256,1765652503.624758,20.895
1765652503.647680,2648,256,1765652503.626696,20.984
1765652503.653158,2649,256,1765652503.631956,21.202
1765652503.658628,2650,256,1765652503.637703,20.925
1765652503.661915,2651,256,1765652503.640708,21.208
1765652503.667967,2652,256,1765652503.647061,20.905
1765652503.679643,2653,256,1765652503.658678,20.965
1765652503.680913,2654,256,1765652503.659890,21.024
1765652503.681575,2655,256,1765652503.660219,21.355
1765652503.684277,2656,256,1765652503.663333,20.944
1765652503.686444,2657,256,1765652503.665526,20.918
1765652503.686816,2658,256,1765652503.665782,21.035
1765652503.690411,2659,256,1765652503.669462,20.949
1765652503.701434,2660,256,1765652503.680446,20.989
1765652503.702830,2661,256,1765652503.681944,20.886
1765652503.704289,2662,256,1765652503.683405,20.884
1765652503.707926,2663,256,1765652503.687032,20.894
1765652503.709838,2664,256,1765652503.688123,21.715
1765652503.717133,2665,256,1765652503.696175,20.958
1765652503.722617,2666,256,1765652503.701660,20.957
1765652503.723313,2667,256,1765652503.702208,21.105
1765652503.723708,2668,256,1765652503.702648,21.060
1765652503.726031,2669,256,1765652503.705188,20.843
1765652503.726411,2670,256,1765652503.705389,21.021
1765652503.739284,2671,256,1765652503.718425,20.859
1765652503.739652,2672,256,1765652503.718551,21.101
1765652503.744826,2673,256,1765652503.723880,20.946
1765652503.746941,2674,256,1765652503.726067,20.873
1765652503.747719,2675,256,1765652503.726862,20.856
1765652503.748100,2676,256,1765652503.726965,21.135
1765652503.752253,2677,256,1765652503.731352,20.901
1765652503.758007,2678,256,1765652503.736961,21.046
1765652503.761200,2679,256,1765652503.740327,20.873
1765652503.762801,2680,256,1765652503.741933,20.868
1765652503.771191,2681,256,1765652503.750223,20.968
1765652503.772387,2682,256,1765652503.751460,20.927
1765652503.773031,2683,256,1765652503.752129,20.902
1765652503.773342,2684,256,1765652503.752167,21.175
1765652503.777720,2685,256,1765652503.756833,20.886
1765652503.782364,2686,256,1765652503.761473,20.891
1765652503.783199,2687,256,1765652503.762381,20.818
1765652503.783580,2688,256,1765652503.762619,20.961
1765652503.783992,2689,256,1765652503.762670,21.322
1765652503.784614,2690,256,1765652503.763682,20.932
1765652503.785448,2691,256,1765652503.764616,20.831
1765652503.786035,2692,256,1765652503.765200,20.835
1765652503.789701,2693,256,1765652503.768868,20.832
1765652503.791165,2694,256,1765652503.770224,20.941
1765652503.793605,2695,256,1765652503.772773,20.832
1765652503.793967,2696,256,1765652503.773114,20.853
1765652503.794607,2697,256,1765652503.773809,20.797
1765652503.797719,2698,256,1765652503.776822,20.896
1765652503.799447,2699,256,1765652503.778576,20.870
1765652503.799858,2700,256,1765652503.779006,20.852
1765652503.800254,2701,256,1765652503.779168,21.086
1765652503.802898,2702,256,1765652503.782016,20.882
1765652503.804144,2703,256,1765652503.783069,21.075
1765652503.804827,2704,256,1765652503.783978,20.849
1765652503.806962,2705,256,1765652503.786112,20.851
1765652503.809345,2706,256,1765652503.788481,20.864
1765652503.812756,2707,256,1765652503.791835,20.921
1765652503.819023,2708,256,1765652503.798014,21.009
1765652503.820832,2709,256,1765652503.799917,20.915
1765652503.827665,2710,256,1765652503.806796,20.869
1765652503.828040,2711,256,1765652503.806887,21.153
1765652503.828414,2712,256,1765652503.807183,21.231
1765652503.828838,2713,256,1765652503.807848,20.990
1765652503.831136,2714,256,1765652503.810268,20.868
1765652503.835400,2715,256,1765652503.814394,21.005
1765652503.835685,2716,256,1765652503.814561,21.124
1765652503.836080,2717,256,1765652503.814796,21.284
1765652503.841900,2718,256,1765652503.821003,20.897
1765652503.846048,2719,256,1765652503.825100,20.948
1765652503.851008,2720,256,1765652503.830041,20.968
1765652503.852278,2721,256,1765652503.831326,20.952
1765652503.853722,2722,256,1765652503.832716,21.006
1765652503.855997,2723,256,1765652503.835082,20.915
1765652503.856839,2724,256,1765652503.835988,20.852
1765652503.858216,2725,256,1765652503.837384,20.832
1765652503.859281,2726,256,1765652503.838403,20.879
1765652503.861897,2727,256,1765652503.841030,20.867
1765652503.862236,2728,256,1765652503.841086,21.150
1765652503.867511,2729,256,1765652503.846493,21.018
1765652503.869692,2730,256,1765652503.848317,21.375
1765652503.890251,2731,256,1765652503.869125,21.126
1765652503.896013,2732,256,1765652503.874693,21.320
1765652503.898422,2733,256,1765652503.877262,21.159
1765652503.901026,2734,256,1765652503.879922,21.104
1765652503.903166,2735,256,1765652503.882128,21.038
1765652503.903444,2736,256,1765652503.882283,21.161
1765652503.904364,2737,256,1765652503.883472,20.892
1765652503.906071,2738,256,1765652503.885141,20.930
1765652503.908755,2739,256,1765652503.887768,20.987
1765652503.909237,2740,256,1765652503.888340,20.896
1765652503.912650,2741,256,1765652503.891715,20.935
1765652503.913049,2742,256,1765652503.891999,21.049
1765652503.918470,2743,256,1765652503.897524,20.946
1765652503.922812,2744,256,1765652503.901754,21.057
1765652503.931189,2745,256,1765652503.910044,21.145
1765652503.943646,2746,256,1765652503.922545,21.101
1765652503.945111,2747,256,1765652503.924097,21.014
1765652503.947443,2748,256,1765652503.926512,20.931
1765652503.959070,2749,256,1765652503.938077,20.992
1765652503.961711,2750,256,1765652503.940353,21.359
1765652503.963709,2751,256,1765652503.942746,20.963
1765652503.964111,2752,256,1765652503.943226,20.885
1765652503.974990,2753,256,1765652503.953991,20.998
1765652503.977224,2754,256,1765652503.956301,20.923
1765652503.978930,2755,256,1765652503.958080,20.850
1765652503.988038,2756,256,1765652503.966904,21.133
1765652503.991138,2757,256,1765652503.970169,20.969
1765652503.995574,2758,256,1765652503.974588,20.987
1765652504.000262,2759,256,1765652503.979266,20.996
1765652504.004281,2760,256,1765652503.983169,21.111
1765652504.004802,2761,256,1765652503.983955,20.847
1765652504.007651,2762,256,1765652503.986568,21.083
1765652504.008911,2763,256,1765652503.987933,20.979
1765652504.011958,2764,256,1765652503.990967,20.992
1765652504.013710,2765,256,1765652503.992717,20.993
1765652504.020144,2766,256,1765652503.999057,21.087
1765652504.025571,2767,256,1765652504.004633,20.938
1765652504.034093,2768,256,1765652504.013087,21.006
1765652504.035067,2769,256,1765652504.014033,21.034
1765652504.035417,2770,256,1765652504.014245,21.173
1765652504.037177,2771,256,1765652504.016177,20.999
1765652504.039408,2772,256,1765652504.018463,20.945
1765652504.048601,2773,256,1765652504.027630,20.972
1765652504.048971,2774,256,1765652504.027821,21.150
1765652504.049360,2775,256,1765652504.028507,20.854
1765652504.053653,2776,256,1765652504.032656,20.997
1765652504.057010,2777,256,1765652504.035984,21.026
1765652504.057704,2778,256,1765652504.036416,21.288
1765652504.059345,2779,256,1765652504.038473,20.871
1765652504.059765,2780,256,1765652504.038820,20.945
1765652504.060347,2781,256,1765652504.039420,20.927
1765652504.061705,2782,256,1765652504.040760,20.945
1765652504.064852,2783,256,1765652504.043950,20.902
1765652504.067654,2784,256,1765652504.046688,20.967
1765652504.075782,2785,256,1765652504.054820,20.962
1765652504.079201,2786,256,1765652504.058219,20.982
1765652504.081812,2787,256,1765652504.060888,20.924
1765652504.082109,2788,256,1765652504.060980,21.129
1765652504.084021,2789,256,1765652504.062629,21.393
1765652504.085038,2790,256,1765652504.064112,20.926
1765652504.092202,2791,256,1765652504.071222,20.981
1765652504.094247,2792,256,1765652504.073340,20.907
1765652504.100861,2793,256,1765652504.079872,20.989
1765652504.102468,2794,256,1765652504.081560,20.908
1765652504.110337,2795,256,1765652504.089362,20.976
1765652504.113169,2796,256,1765652504.092209,20.960
1765652504.113503,2797,256,1765652504.092673,20.830
1765652504.120408,2798,256,1765652504.099388,21.019
1765652504.127631,2799,256,1765652504.106659,20.972
1765652504.134664,2800,256,1765652504.113696,20.968
1765652504.135187,2801,256,1765652504.114322,20.864
1765652504.136015,2802,256,1765652504.115144,20.871
1765652504.137745,2803,256,1765652504.116890,20.855
1765652504.139623,2804,256,1765652504.118713,20.910
1765652504.140518,2805,256,1765652504.119482,21.036
1765652504.143239,2806,256,1765652504.122400,20.839
1765652504.144592,2807,256,1765652504.123595,20.997
1765652504.146778,2808,256,1765652504.125803,20.976
1765652504.150592,2809,256,1765652504.129408,21.184
1765652504.151083,2810,256,1765652504.130126,20.957
1765652504.157134,2811,256,1765652504.136162,20.972
1765652504.163761,2812,256,1765652504.142839,20.923
1765652504.165521,2813,256,1765652504.144517,21.004
1765652504.166116,2814,256,1765652504.145151,20.964
1765652504.167974,2815,256,1765652504.147082,20.892
1765652504.172685,2816,256,1765652504.151717,20.968
1765652504.177917,2817,256,1765652504.156879,21.037
1765652504.179345,2818,256,1765652504.158458,20.887
1765652504.183095,2819,256,1765652504.161994,21.101
1765652504.183243,2820,256,1765652504.162208,21.035
1765652504.187307,2821,256,1765652504.166322,20.985
1765652504.200728,2822,256,1765652504.179757,20.972
1765652504.201033,2823,256,1765652504.180102,20.932
1765652504.204464,2824,256,1765652504.183087,21.376
1765652504.204747,2825,256,1765652504.183509,21.238
1765652504.205585,2826,256,1765652504.184665,20.919
1765652504.207247,2827,256,1765652504.186154,21.093
1765652504.212716,2828,256,1765652504.191780,20.936
1765652504.214339,2829,256,1765652504.193433,20.907
1765652504.217409,2830,256,1765652504.196406,21.003
1765652504.217671,2831,256,1765652504.196546,21.125
1765652504.227242,2832,256,1765652504.206257,20.985
1765652504.229501,2833,256,1765652504.208645,20.856
1765652504.230769,2834,256,1765652504.209905,20.864
1765652504.232447,2835,256,1765652504.211530,20.917
1765652504.232809,2836,256,1765652504.211830,20.979
1765652504.233181,2837,256,1765652504.212113,21.067
1765652504.234012,2838,256,1765652504.212990,21.023
1765652504.249544,2839,256,1765652504.228533,21.011
1765652504.249846,2840,256,1765652504.229015,20.831
1765652504.250209,2841,256,1765652504.229048,21.162
1765652504.252943,2842,256,1765652504.232015,20.927
1765652504.255036,2843,256,1765652504.234140,20.896
1765652504.255836,2844,256,1765652504.234848,20.988
1765652504.257004,2845,256,1765652504.236099,20.906
1765652504.257355,2846,256,1765652504.236406,20.950
1765652504.261100,2847,256,1765652504.240208,20.892
1765652504.266996,2848,256,1765652504.246089,20.907
1765652504.270742,2849,256,1765652504.249751,20.991
1765652504.272748,2850,256,1765652504.251732,21.016
1765652504.276784,2851,256,1765652504.255894,20.891
1765652504.284273,2852,256,1765652504.263283,20.989
1765652504.284567,2853,256,1765652504.263696,20.871
1765652504.286442,2854,256,1765652504.265588,20.854
1765652504.295584,2855,256,1765652504.274695,20.889
1765652504.299996,2856,256,1765652504.279021,20.976
1765652504.301479,2857,256,1765652504.280629,20.850
1765652504.301848,2858,256,1765652504.280825,21.024
1765652504.304462,2859,256,1765652504.283526,20.936
1765652504.307209,2860,256,1765652504.286283,20.925
1765652504.312856,2861,256,1765652504.291879,20.977
1765652504.318406,2862,256,1765652504.297492,20.914
1765652504.321656,2863,256,1765652504.300772,20.884
1765652504.323711,2864,256,1765652504.302845,20.866
1765652504.330330,2865,256,1765652504.309388,20.942
1765652504.330636,2866,256,1765652504.309540,21.096
1765652504.331234,2867,256,1765652504.310407,20.828
1765652504.332029,2868,256,1765652504.311093,20.936
1765652504.335339,2869,256,1765652504.314429,20.910
1765652504.340052,2870,256,1765652504.319028,21.024
1765652504.341509,2871,256,1765652504.320564,20.946
1765652504.342060,2872,256,1765652504.321210,20.849
1765652504.343045,2873,256,1765652504.322171,20.875
1765652504.348408,2874,256,1765652504.327482,20.926
1765652504.349562,2875,256,1765652504.328700,20.862
1765652504.351805,2876,256,1765652504.330919,20.886
1765652504.352779,2877,256,1765652504.331957,20.823
1765652504.355023,2878,256,1765652504.334201,20.822
1765652504.355421,2879,256,1765652504.334473,20.947
1765652504.355989,2880,256,1765652504.335185,20.804
1765652504.366108,2881,256,1765652504.345210,20.898
1765652504.368904,2882,256,1765652504.348078,20.825
1765652504.369602,2883,256,1765652504.348808,20.794
1765652504.372911,2884,256,1765652504.352106,20.805
1765652504.374734,2885,256,1765652504.353826,20.907
1765652504.379661,2886,256,1765652504.358534,21.127
1765652504.381563,2887,256,1765652504.360581,20.982
1765652504.385567,2888,256,1765652504.364599,20.968
1765652504.386598,2889,256,1765652504.365749,20.849
1765652504.388413,2890,256,1765652504.367551,20.862
1765652504.391977,2891,256,1765652504.371089,20.888
1765652504.397912,2892,256,1765652504.376997,20.915
1765652504.398668,2893,256,1765652504.377459,21.209
1765652504.398846,2894,256,1765652504.377589,21.257
1765652504.412483,2895,256,1765652504.391601,20.882
1765652504.413235,2896,256,1765652504.392364,20.871
1765652504.416794,2897,256,1765652504.395916,20.877
1765652504.424317,2898,256,1765652504.403409,20.908
1765652504.425164,2899,256,1765652504.404325,20.839
1765652504.431601,2900,256,1765652504.410647,20.954
1765652504.434985,2901,256,1765652504.413767,21.218
1765652504.436421,2902,256,1765652504.415184,21.238
1765652504.437026,2903,256,1765652504.416234,20.792
1765652504.438540,2904,256,1765652504.417681,20.858
1765652504.442281,2905,256,1765652504.421408,20.872
1765652504.450083,2906,256,1765652504.429108,20.975
1765652504.462528,2907,256,1765652504.441598,20.930
1765652504.462838,2908,256,1765652504.441744,21.094
1765652504.463843,2909,256,1765652504.443027,20.817
1765652504.467670,2910,256,1765652504.446512,21.157
1765652504.477478,2911,256,1765652504.456492,20.985
1765652504.481388,2912,256,1765652504.460403,20.986
1765652504.482615,2913,256,1765652504.461681,20.934
1765652504.502655,2914,256,1765652504.481544,21.111
1765652504.504425,2915,256,1765652504.483497,20.928
1765652504.506152,2916,256,1765652504.485299,20.853
1765652504.508878,2917,256,1765652504.487663,21.215
1765652504.520141,2918,256,1765652504.498993,21.148
1765652504.528643,2919,256,1765652504.507447,21.196
1765652504.530114,2920,256,1765652504.509246,20.868
1765652504.534662,2921,256,1765652504.513775,20.887
1765652504.535758,2922,256,1765652504.514763,20.994
1765652504.541532,2923,256,1765652504.520611,20.921
1765652504.541867,2924,256,1765652504.520903,20.963
1765652504.542742,2925,256,1765652504.521913,20.828
1765652504.550529,2926,256,1765652504.529491,21.038
1765652504.551991,2927,256,1765652504.531042,20.949
1765652504.552347,2928,256,1765652504.531139,21.208
1765652504.552717,2929,256,1765652504.531178,21.539
1765652504.556715,2930,256,1765652504.535816,20.899
1765652504.557115,2931,256,1765652504.536320,20.795
1765652504.564807,2932,256,1765652504.543536,21.271
1765652504.576570,2933,256,1765652504.555539,21.031
1765652504.584134,2934,256,1765652504.563224,20.910
1765652504.584527,2935,256,1765652504.563733,20.793
1765652504.586927,2936,256,1765652504.566068,20.859
1765652504.587275,2937,256,1765652504.566128,21.147
1765652504.594354,2938,256,1765652504.573286,21.068
1765652504.597444,2939,256,1765652504.576551,20.893
1765652504.600732,2940,256,1765652504.579837,20.895
1765652504.603109,2941,256,1765652504.582253,20.856
1765652504.609125,2942,256,1765652504.588142,20.983
1765652504.609401,2943,256,1765652504.588392,21.009
1765652504.609779,2944,256,1765652504.588465,21.314
1765652504.611258,2945,256,1765652504.590413,20.845
1765652504.612762,2946,256,1765652504.591938,20.824
1765652504.616248,2947,256,1765652504.595235,21.012
1765652504.617412,2948,256,1765652504.596414,20.998
1765652504.617647,2949,256,1765652504.596571,21.076
1765652504.628956,2950,256,1765652504.607914,21.042
1765652504.629256,2951,256,1765652504.608022,21.234
1765652504.631593,2952,256,1765652504.610795,20.798
1765652504.633117,2953,256,1765652504.612333,20.784
1765652504.634516,2954,256,1765652504.613732,20.784
1765652504.635300,2955,256,1765652504.614501,20.799
1765652504.638276,2956,256,1765652504.617464,20.812
1765652504.640368,2957,256,1765652504.619538,20.831
1765652504.640974,2958,256,1765652504.620200,20.774
1765652504.641408,2959,256,1765652504.620630,20.778
1765652504.641835,2960,256,1765652504.620935,20.900
1765652504.645233,2961,256,1765652504.624455,20.778
1765652504.645627,2962,256,1765652504.624485,21.142
1765652504.646094,2963,256,1765652504.625297,20.797
1765652504.647690,2964,256,1765652504.626890,20.800
1765652504.648087,2965,256,1765652504.626918,21.169
1765652504.651530,2966,256,1765652504.630580,20.949
1765652504.651865,2967,256,1765652504.630924,20.940
1765652504.653004,2968,256,1765652504.632233,20.771
1765652504.653465,2969,256,1765652504.632380,21.084
1765652504.654234,2970,256,1765652504.633044,21.190
1765652504.654600,2971,256,1765652504.633580,21.019
1765652504.654989,2972,256,1765652504.633668,21.321
1765652504.656736,2973,256,1765652504.635913,20.824
1765652504.659856,2974,256,1765652504.638967,20.889
1765652504.663468,2975,256,1765652504.642649,20.819
1765652504.670534,2976,256,1765652504.649669,20.865
1765652504.673124,2977,256,1765652504.652297,20.827
1765652504.673873,2978,256,1765652504.653076,20.797
1765652504.674259,2979,256,1765652504.653199,21.060
1765652504.674647,2980,256,1765652504.653876,20.772
1765652504.675715,2981,256,1765652504.654939,20.776
1765652504.676493,2982,256,1765652504.655715,20.778
1765652504.677495,2983,256,1765652504.656706,20.789
1765652504.677917,2984,256,1765652504.657120,20.797
1765652504.681422,2985,256,1765652504.660455,20.966
1765652504.689194,2986,256,1765652504.668291,20.904
1765652504.689525,2987,256,1765652504.668690,20.835
1765652504.691890,2988,256,1765652504.670989,20.900
1765652504.707044,2989,256,1765652504.685905,21.139
1765652504.711968,2990,256,1765652504.690941,21.027
1765652504.713679,2991,256,1765652504.692574,21.105
1765652504.718887,2992,256,1765652504.697832,21.055
1765652504.722555,2993,256,1765652504.701336,21.220
1765652504.722735,2994,256,1765652504.701532,21.203
1765652504.723077,2995,256,1765652504.701583,21.494
1765652504.725745,2996,256,1765652504.704664,21.081
1765652504.742978,2997,256,1765652504.722096,20.882
1765652504.746977,2998,256,1765652504.726104,20.872
1765652504.747366,2999,256,1765652504.726561,20.805
1765652504.750815,3000,256,1765652504.729942,20.873
1765652504.758734,3001,256,1765652504.737850,20.883
1765652504.759550,3002,256,1765652504.738743,20.807
1765652504.766414,3003,256,1765652504.745572,20.842
1765652504.767197,3004,256,1765652504.746314,20.883
1765652504.767672,3005,256,1765652504.746895,20.777
1765652504.768094,3006,256,1765652504.747173,20.921
1765652504.770924,3007,256,1765652504.750093,20.831
1765652504.771331,3008,256,1765652504.750247,21.084
1765652504.774242,3009,256,1765652504.753406,20.837
1765652504.782211,3010,256,1765652504.761344,20.867
1765652504.785406,3011,256,1765652504.764600,20.807
1765652504.785800,3012,256,1765652504.764820,20.980
1765652504.786183,3013,256,1765652504.765399,20.784
1765652504.786572,3014,256,1765652504.765439,21.133
1765652504.789175,3015,256,1765652504.768145,21.030
1765652504.789536,3016,256,1765652504.768312,21.225
1765652504.789987,3017,256,1765652504.769186,20.801
1765652504.792083,3018,256,1765652504.771270,20.813
1765652504.793726,3019,256,1765652504.772908,20.818
1765652504.798112,3020,256,1765652504.777303,20.809
1765652504.799848,3021,256,1765652504.779047,20.801
1765652504.802923,3022,256,1765652504.782021,20.902
1765652504.810652,3023,256,1765652504.789738,20.913
1765652504.811196,3024,256,1765652504.790383,20.813
1765652504.819607,3025,256,1765652504.798690,20.917
1765652504.820266,3026,256,1765652504.799442,20.823
1765652504.823311,3027,256,1765652504.802438,20.874
1765652504.824185,3028,256,1765652504.803359,20.826
1765652504.827415,3029,256,1765652504.806574,20.841
1765652504.830033,3030,256,1765652504.809144,20.889
1765652504.833898,3031,256,1765652504.812985,20.913
1765652504.838020,3032,256,1765652504.817089,20.931
1765652504.841620,3033,256,1765652504.820708,20.912
1765652504.853030,3034,256,1765652504.831976,21.054
1765652504.872139,3035,256,1765652504.851214,20.924
1765652504.872572,3036,256,1765652504.851500,21.072
1765652504.877186,3037,256,1765652504.855691,21.495
1765652504.881552,3038,256,1765652504.860418,21.134
1765652504.881682,3039,256,1765652504.860582,21.100
1765652504.892305,3040,256,1765652504.871306,20.999
1765652504.905464,3041,256,1765652504.884039,21.425
1765652504.906668,3042,256,1765652504.885748,20.920
1765652504.909455,3043,256,1765652504.888430,21.024
1765652504.913493,3044,256,1765652504.892449,21.044
1765652504.916489,3045,256,1765652504.892652,23.838
1765652504.916648,3046,256,1765652504.893301,23.347
1765652504.917440,3047,256,1765652504.896429,21.011
1765652504.918153,3048,256,1765652504.897237,20.916
1765652504.923290,3049,256,1765652504.901896,21.393
1765652504.923871,3050,256,1765652504.902087,21.784
1765652504.924409,3051,256,1765652504.903428,20.982
1765652504.926147,3052,256,1765652504.905199,20.948
1765652504.927147,3053,256,1765652504.905806,21.341
1765652504.929348,3054,256,1765652504.908355,20.994
1765652504.940583,3055,256,1765652504.919543,21.040
1765652504.941049,3056,256,1765652504.919821,21.228
1765652504.945659,3057,256,1765652504.924625,21.034
1765652504.951419,3058,256,1765652504.930307,21.112
1765652504.954780,3059,256,1765652504.933506,21.274
1765652504.957059,3060,256,1765652504.936089,20.970
1765652504.957548,3061,256,1765652504.936642,20.906
1765652504.957943,3062,256,1765652504.936976,20.967
1765652504.962200,3063,256,1765652504.940863,21.337
1765652504.962357,3064,256,1765652504.941029,21.327
1765652504.967487,3065,256,1765652504.945142,22.345
1765652504.967647,3066,256,1765652504.945703,21.945
1765652504.973961,3067,256,1765652504.952977,20.984
1765652504.977325,3068,256,1765652504.956342,20.982
1765652504.986406,3069,256,1765652504.965417,20.989
1765652504.987976,3070,256,1765652504.967037,20.938
1765652504.991426,3071,256,1765652504.970393,21.033
1765652504.991729,3072,256,1765652504.970603,21.126
1765652504.993306,3073,256,1765652504.972421,20.885
1765652504.995982,3074,256,1765652504.975007,20.976
1765652504.997075,3075,256,1765652504.976097,20.978
1765652504.997813,3076,256,1765652504.976525,21.288
1765652504.999450,3077,256,1765652504.978506,20.945
1765652505.001047,3078,256,1765652504.980123,20.924
1765652505.011105,3079,256,1765652504.990154,20.952
1765652505.012332,3080,256,1765652504.991311,21.021
1765652505.012649,3081,256,1765652504.991506,21.143
1765652505.013958,3082,256,1765652504.992702,21.256
1765652505.018002,3083,256,1765652504.996983,21.019
1765652505.018571,3084,256,1765652504.997710,20.861
1765652505.024780,3085,256,1765652505.003852,20.927
1765652505.029280,3086,256,1765652505.008300,20.980
1765652505.030066,3087,256,1765652505.008909,21.158
1765652505.032128,3088,256,1765652505.011250,20.878
1765652505.035367,3089,256,1765652505.014473,20.894
1765652505.038264,3090,256,1765652505.017363,20.901
1765652505.041066,3091,256,1765652505.020185,20.882
1765652505.041511,3092,256,1765652505.020252,21.259
1765652505.051561,3093,256,1765652505.030671,20.890
1765652505.052674,3094,256,1765652505.031796,20.877
1765652505.056620,3095,256,1765652505.035749,20.871
1765652505.061451,3096,256,1765652505.040583,20.868
1765652505.074660,3097,256,1765652505.053840,20.820
1765652505.075033,3098,256,1765652505.054064,20.970
1765652505.077762,3099,256,1765652505.056905,20.857
1765652505.081858,3100,256,1765652505.061025,20.833
1765652505.082600,3101,256,1765652505.061801,20.799
1765652505.085603,3102,256,1765652505.064782,20.820
1765652505.086823,3103,256,1765652505.065995,20.828
1765652505.090343,3104,256,1765652505.069535,20.808
1765652505.092449,3105,256,1765652505.071560,20.889
1765652505.097726,3106,256,1765652505.076864,20.862
1765652505.104896,3107,256,1765652505.083890,21.006
1765652505.107387,3108,256,1765652505.086273,21.114
1765652505.112465,3109,256,1765652505.091259,21.206
1765652505.113259,3110,256,1765652505.092211,21.048
1765652505.116988,3111,256,1765652505.096047,20.941
1765652505.117317,3112,256,1765652505.096382,20.935
1765652505.119787,3113,256,1765652505.098917,20.870
1765652505.126439,3114,256,1765652505.104865,21.574
1765652505.128323,3115,256,1765652505.107321,21.002
1765652505.129632,3116,256,1765652505.108736,20.897
1765652505.130218,3117,256,1765652505.109392,20.826
1765652505.136931,3118,256,1765652505.116068,20.864
1765652505.141267,3119,256,1765652505.120368,20.898
1765652505.145241,3120,256,1765652505.124264,20.977
1765652505.146499,3121,256,1765652505.125571,20.928
1765652505.148275,3122,256,1765652505.127370,20.905
1765652505.148613,3123,256,1765652505.127622,20.991
1765652505.150694,3124,256,1765652505.129764,20.930
1765652505.151164,3125,256,1765652505.129856,21.308
1765652505.163231,3126,256,1765652505.142081,21.149
1765652505.165691,3127,256,1765652505.144558,21.133
1765652505.167931,3128,256,1765652505.146987,20.944
1765652505.171533,3129,256,1765652505.150321,21.212
1765652505.173832,3130,256,1765652505.152607,21.225
1765652505.174944,3131,256,1765652505.154054,20.891
1765652505.176151,3132,256,1765652505.155317,20.834
1765652505.176523,3133,256,1765652505.155589,20.934
1765652505.180914,3134,256,1765652505.159980,20.934
1765652505.181328,3135,256,1765652505.160158,21.170
1765652505.184420,3136,256,1765652505.163479,20.941
1765652505.185232,3137,256,1765652505.164371,20.861
1765652505.187314,3138,256,1765652505.166395,20.919
1765652505.188229,3139,256,1765652505.167294,20.935
1765652505.195554,3140,256,1765652505.174641,20.913
1765652505.196856,3141,256,1765652505.175944,20.912
1765652505.197645,3142,256,1765652505.176661,20.983
1765652505.200170,3143,256,1765652505.179235,20.935
1765652505.202919,3144,256,1765652505.182021,20.898
1765652505.204954,3145,256,1765652505.184040,20.915
1765652505.210927,3146,256,1765652505.190017,20.910
1765652505.211326,3147,256,1765652505.190158,21.168
1765652505.216861,3148,256,1765652505.195893,20.967
1765652505.218451,3149,256,1765652505.197547,20.905
1765652505.219417,3150,256,1765652505.198487,20.930
1765652505.221202,3151,256,1765652505.200308,20.894
1765652505.223961,3152,256,1765652505.202963,20.998
1765652505.224534,3153,256,1765652505.203609,20.926
1765652505.226341,3154,256,1765652505.205459,20.882
1765652505.227388,3155,256,1765652505.206544,20.845
1765652505.230223,3156,256,1765652505.209378,20.844
1765652505.233541,3157,256,1765652505.212595,20.946
1765652505.235850,3158,256,1765652505.214795,21.055
1765652505.241232,3159,256,1765652505.220305,20.927
1765652505.242191,3160,256,1765652505.221303,20.889
1765652505.242559,3161,256,1765652505.221387,21.172
1765652505.248955,3162,256,1765652505.227986,20.970
1765652505.249712,3163,256,1765652505.228615,21.097
1765652505.270559,3164,256,1765652505.249514,21.046
1765652505.277637,3165,256,1765652505.256634,21.003
1765652505.279611,3166,256,1765652505.258470,21.141
1765652505.279772,3167,256,1765652505.258572,21.200
1765652505.281771,3168,256,1765652505.260760,21.011
1765652505.282111,3169,256,1765652505.261206,20.905
1765652505.288300,3170,256,1765652505.267364,20.936
1765652505.288645,3171,256,1765652505.267852,20.793
1765652505.290643,3172,256,1765652505.269671,20.972
1765652505.291523,3173,256,1765652505.270528,20.995
1765652505.295040,3174,256,1765652505.274130,20.910
1765652505.298519,3175,256,1765652505.277668,20.852
1765652505.303961,3176,256,1765652505.283011,20.950
1765652505.304487,3177,256,1765652505.283590,20.897
1765652505.304795,3178,256,1765652505.283655,21.139
1765652505.325928,3179,256,1765652505.304945,20.983
1765652505.326353,3180,256,1765652505.305536,20.818
1765652505.339734,3181,256,1765652505.318817,20.917
1765652505.345038,3182,256,1765652505.324075,20.963
1765652505.346151,3183,256,1765652505.325240,20.911
1765652505.348143,3184,256,1765652505.327201,20.942
1765652505.370909,3185,256,1765652505.349742,21.167
1765652505.380719,3186,256,1765652505.359674,21.045
1765652505.383729,3187,256,1765652505.362885,20.844
1765652505.384102,3188,256,1765652505.363008,21.095
1765652505.391280,3189,256,1765652505.370263,21.017
1765652505.392009,3190,256,1765652505.370951,21.058
1765652505.393902,3191,256,1765652505.373059,20.844
1765652505.394286,3192,256,1765652505.373283,21.003
1765652505.398897,3193,256,1765652505.378053,20.844
1765652505.400652,3194,256,1765652505.379764,20.888
1765652505.404822,3195,256,1765652505.383965,20.857
1765652505.414561,3196,256,1765652505.393696,20.865
1765652505.415122,3197,256,1765652505.394316,20.806
1765652505.419178,3198,256,1765652505.398231,20.947
1765652505.420837,3199,256,1765652505.399861,20.976
1765652505.424963,3200,256,1765652505.404073,20.890
1765652505.425303,3201,256,1765652505.404195,21.108
1765652505.426665,3202,256,1765652505.405814,20.852
1765652505.431421,3203,256,1765652505.410502,20.919
1765652505.436020,3204,256,1765652505.415149,20.871
1765652505.436385,3205,256,1765652505.415392,20.993
1765652505.438419,3206,256,1765652505.417622,20.797
1765652505.439705,3207,256,1765652505.418902,20.803
1765652505.440688,3208,256,1765652505.419865,20.823
1765652505.445478,3209,256,1765652505.424555,20.923
1765652505.446754,3210,256,1765652505.425730,21.025
1765652505.447137,3211,256,1765652505.426153,20.983
1765652505.447752,3212,256,1765652505.426922,20.829
1765652505.452137,3213,256,1765652505.431241,20.896
1765652505.455317,3214,256,1765652505.434458,20.858
1765652505.460585,3215,256,1765652505.439682,20.903
1765652505.464966,3216,256,1765652505.443964,21.002
1765652505.465269,3217,256,1765652505.444104,21.165
1765652505.472970,3218,256,1765652505.452031,20.939
1765652505.484139,3219,256,1765652505.463112,21.027
1765652505.485786,3220,256,1765652505.464787,21.000
1765652505.486085,3221,256,1765652505.464955,21.130
1765652505.490063,3222,256,1765652505.469035,21.028
1765652505.494925,3223,256,1765652505.473928,20.997
1765652505.496308,3224,256,1765652505.475354,20.954
1765652505.502950,3225,256,1765652505.481839,21.111
1765652505.511041,3226,256,1765652505.490020,21.021
1765652505.512071,3227,256,1765652505.491221,20.850
1765652505.518003,3228,256,1765652505.496925,21.078
1765652505.524932,3229,256,1765652505.503820,21.112
1765652505.534486,3230,256,1765652505.513252,21.234
1765652505.539007,3231,256,1765652505.517937,21.070
1765652505.539807,3232,256,1765652505.518937,20.869
1765652505.541949,3233,256,1765652505.521089,20.861
1765652505.542315,3234,256,1765652505.521211,21.104
1765652505.545522,3235,256,1765652505.524657,20.865
1765652505.548462,3236,256,1765652505.527515,20.947
1765652505.549636,3237,256,1765652505.528710,20.926
1765652505.551618,3238,256,1765652505.530644,20.974
1765652505.551870,3239,256,1765652505.531040,20.829
1765652505.554677,3240,256,1765652505.533746,20.931
1765652505.555208,3241,256,1765652505.534368,20.840
1765652505.556915,3242,256,1765652505.536013,20.901
1765652505.561189,3243,256,1765652505.540134,21.055
1765652505.565582,3244,256,1765652505.544645,20.937
1765652505.566907,3245,256,1765652505.546017,20.890
1765652505.572360,3246,256,1765652505.551308,21.052
1765652505.576043,3247,256,1765652505.555156,20.887
1765652505.576573,3248,256,1765652505.555688,20.885
1765652505.583132,3249,256,1765652505.562052,21.080
1765652505.586690,3250,256,1765652505.565767,20.923
1765652505.588499,3251,256,1765652505.567519,20.980
1765652505.597270,3252,256,1765652505.576022,21.248
1765652505.597981,3253,256,1765652505.577027,20.954
1765652505.598800,3254,256,1765652505.577935,20.865
1765652505.599502,3255,256,1765652505.578690,20.812
1765652505.607640,3256,256,1765652505.586593,21.046
1765652505.607855,3257,256,1765652505.587005,20.850
1765652505.613350,3258,256,1765652505.592206,21.145
1765652505.620177,3259,256,1765652505.598694,21.483
1765652505.622709,3260,256,1765652505.601691,21.018
1765652505.627653,3261,256,1765652505.606546,21.107
1765652505.629284,3262,256,1765652505.608228,21.056
1765652505.631930,3263,256,1765652505.610863,21.066
1765652505.634903,3264,256,1765652505.613972,20.931
1765652505.641891,3265,256,1765652505.620937,20.953
1765652505.643730,3266,256,1765652505.622738,20.992
1765652505.644070,3267,256,1765652505.623058,21.011
1765652505.649579,3268,256,1765652505.628573,21.006
1765652505.649837,3269,256,1765652505.629001,20.836
1765652505.654432,3270,256,1765652505.633489,20.943
1765652505.654979,3271,256,1765652505.634158,20.821
1765652505.663361,3272,256,1765652505.642448,20.913
1765652505.663668,3273,256,1765652505.642798,20.870
1765652505.664065,3274,256,1765652505.642832,21.233
1765652505.667598,3275,256,1765652505.646757,20.841
1765652505.668501,3276,256,1765652505.647656,20.844
1765652505.669324,3277,256,1765652505.648535,20.789
1765652505.670281,3278,256,1765652505.649284,20.996
1765652505.672453,3279,256,1765652505.651226,21.227
1765652505.674492,3280,256,1765652505.653621,20.871
1765652505.676450,3281,256,1765652505.655570,20.880
1765652505.679595,3282,256,1765652505.658674,20.921
1765652505.694523,3283,256,1765652505.673538,20.984
1765652505.696790,3284,256,1765652505.675939,20.851
1765652505.698349,3285,256,1765652505.677457,20.892
1765652505.700111,3286,256,1765652505.679275,20.836
1765652505.700485,3287,256,1765652505.679592,20.893
1765652505.700950,3288,256,1765652505.679755,21.194
1765652505.704732,3289,256,1765652505.683788,20.944
1765652505.715606,3290,256,1765652505.694662,20.944
1765652505.716905,3291,256,1765652505.696006,20.899
1765652505.717817,3292,256,1765652505.696936,20.881
1765652505.720367,3293,256,1765652505.699434,20.934
1765652505.726608,3294,256,1765652505.705503,21.105
1765652505.727719,3295,256,1765652505.706711,21.008
1765652505.729565,3296,256,1765652505.708560,21.005
1765652505.733772,3297,256,1765652505.712849,20.923
1765652505.742459,3298,256,1765652505.721397,21.062
1765652505.744138,3299,256,1765652505.723239,20.899
1765652505.745827,3300,256,1765652505.724843,20.983
1765652505.750034,3301,256,1765652505.728658,21.376
1765652505.753076,3302,256,1765652505.732096,20.980
1765652505.753850,3303,256,1765652505.732950,20.900
1765652505.760146,3304,256,1765652505.739257,20.889
1765652505.769714,3305,256,1765652505.748761,20.953
1765652505.770076,3306,256,1765652505.748920,21.156
1765652505.774566,3307,256,1765652505.753582,20.984
1765652505.779726,3308,256,1765652505.758881,20.845
1765652505.781537,3309,256,1765652505.760460,21.076
1765652505.782485,3310,256,1765652505.761610,20.875
1765652505.782818,3311,256,1765652505.761754,21.063
1765652505.794276,3312,256,1765652505.773295,20.981
1765652505.794618,3313,256,1765652505.773471,21.147
1765652505.799017,3314,256,1765652505.778085,20.933
1765652505.799360,3315,256,1765652505.778183,21.176
1765652505.803156,3316,256,1765652505.782110,21.046
1765652505.804642,3317,256,1765652505.783440,21.202
1765652505.806334,3318,256,1765652505.785277,21.056
1765652505.808404,3319,256,1765652505.787402,21.002
1765652505.809132,3320,256,1765652505.787878,21.255
1765652505.828685,3321,256,1765652505.807640,21.045
1765652505.830817,3322,256,1765652505.809931,20.886
1765652505.835696,3323,256,1765652505.814725,20.970
1765652505.839489,3324,256,1765652505.818532,20.957
1765652505.845816,3325,256,1765652505.824873,20.943
1765652505.846738,3326,256,1765652505.825899,20.838
1765652505.848040,3327,256,1765652505.827150,20.890
1765652505.848390,3328,256,1765652505.827389,21.002
1765652505.848782,3329,256,1765652505.827500,21.282
1765652505.853336,3330,256,1765652505.832432,20.904
1765652505.854103,3331,256,1765652505.833244,20.859
1765652505.857344,3332,256,1765652505.836454,20.890
1765652505.857671,3333,256,1765652505.836545,21.126
1765652505.859614,3334,256,1765652505.838609,21.005
1765652505.863910,3335,256,1765652505.842963,20.948
1765652505.864462,3336,256,1765652505.843546,20.916
1765652505.866576,3337,256,1765652505.845623,20.952
1765652505.873302,3338,256,1765652505.852340,20.962
1765652505.875317,3339,256,1765652505.854490,20.828
1765652505.876832,3340,256,1765652505.855869,20.962
1765652505.877475,3341,256,1765652505.856634,20.841
1765652505.885017,3342,256,1765652505.864124,20.892
1765652505.887868,3343,256,1765652505.866796,21.071
1765652505.890637,3344,256,1765652505.869748,20.890
1765652505.907122,3345,256,1765652505.886131,20.991
1765652505.913555,3346,256,1765652505.892621,20.934
1765652505.914937,3347,256,1765652505.894116,20.821
1765652505.915328,3348,256,1765652505.894384,20.944
1765652505.915713,3349,256,1765652505.894494,21.219
1765652505.929744,3350,256,1765652505.908806,20.938
1765652505.930543,3351,256,1765652505.909570,20.973
1765652505.938512,3352,256,1765652505.917484,21.028
1765652505.938798,3353,256,1765652505.917620,21.178
1765652505.940107,3354,256,1765652505.919083,21.024
1765652505.944609,3355,256,1765652505.923759,20.850
1765652505.950242,3356,256,1765652505.929326,20.916
1765652505.952674,3357,256,1765652505.931697,20.977
1765652505.956326,3358,256,1765652505.935437,20.890
1765652505.957553,3359,256,1765652505.936637,20.916
1765652505.957911,3360,256,1765652505.936949,20.962
1765652505.960498,3361,256,1765652505.939624,20.875
1765652505.962840,3362,256,1765652505.941965,20.875
1765652505.963207,3363,256,1765652505.942259,20.948
1765652505.964301,3364,256,1765652505.943413,20.888
1765652505.965157,3365,256,1765652505.944264,20.893
1765652505.965651,3366,256,1765652505.944767,20.884
1765652505.971540,3367,256,1765652505.950668,20.873
1765652505.984513,3368,256,1765652505.963448,21.065
1765652505.987095,3369,256,1765652505.966248,20.847
1765652505.989582,3370,256,1765652505.968732,20.849
1765652505.995890,3371,256,1765652505.975032,20.858
1765652505.999224,3372,256,1765652505.978309,20.915
1765652506.000396,3373,256,1765652505.979205,21.191
1765652506.003413,3374,256,1765652505.982551,20.862
1765652506.013538,3375,256,1765652505.992659,20.879
1765652506.016082,3376,256,1765652505.995186,20.895
1765652506.028738,3377,256,1765652506.007845,20.892
1765652506.029097,3378,256,1765652506.008107,20.990
1765652506.033761,3379,256,1765652506.012777,20.985
1765652506.034479,3380,256,1765652506.013615,20.864
1765652506.042048,3381,256,1765652506.021098,20.951
1765652506.042853,3382,256,1765652506.022027,20.826
1765652506.044650,3383,256,1765652506.023828,20.822
1765652506.060241,3384,256,1765652506.039310,20.931
1765652506.061027,3385,256,1765652506.040191,20.836
1765652506.064121,3386,256,1765652506.043242,20.879
1765652506.065776,3387,256,1765652506.044948,20.828
1765652506.066499,3388,256,1765652506.045658,20.841
1765652506.069954,3389,256,1765652506.049099,20.855
1765652506.073745,3390,256,1765652506.052887,20.858
1765652506.076712,3391,256,1765652506.055840,20.871
1765652506.079413,3392,256,1765652506.058520,20.893
1765652506.081526,3393,256,1765652506.060676,20.850
1765652506.084545,3394,256,1765652506.063618,20.927
1765652506.085311,3395,256,1765652506.064498,20.813
1765652506.085773,3396,256,1765652506.064564,21.209
1765652506.086123,3397,256,1765652506.065007,21.116
1765652506.090816,3398,256,1765652506.069971,20.845
1765652506.093472,3399,256,1765652506.072625,20.846
1765652506.096854,3400,256,1765652506.075964,20.890
1765652506.105396,3401,256,1765652506.084472,20.924
1765652506.118623,3402,256,1765652506.097659,20.964
1765652506.123579,3403,256,1765652506.102626,20.953
1765652506.127578,3404,256,1765652506.106734,20.844
1765652506.128069,3405,256,1765652506.106907,21.162
1765652506.128854,3406,256,1765652506.107929,20.925
1765652506.136419,3407,256,1765652506.115419,21.000
1765652506.140953,3408,256,1765652506.120058,20.895
1765652506.144618,3409,256,1765652506.123762,20.856
1765652506.145000,3410,256,1765652506.124062,20.937
1765652506.145702,3411,256,1765652506.124820,20.881
1765652506.150832,3412,256,1765652506.129921,20.911
1765652506.151926,3413,256,1765652506.131028,20.898
1765652506.156197,3414,256,1765652506.135310,20.886
1765652506.164552,3415,256,1765652506.143621,20.931
1765652506.170521,3416,256,1765652506.149509,21.012
1765652506.173414,3417,256,1765652506.152500,20.914
1765652506.176776,3418,256,1765652506.155853,20.923
1765652506.185359,3419,256,1765652506.164428,20.932
1765652506.186443,3420,256,1765652506.165574,20.869
1765652506.186853,3421,256,1765652506.166001,20.852
1765652506.189548,3422,256,1765652506.168664,20.885
1765652506.192659,3423,256,1765652506.171751,20.908
1765652506.194269,3424,256,1765652506.173359,20.911
1765652506.198874,3425,256,1765652506.177870,21.003
1765652506.199286,3426,256,1765652506.178131,21.154
1765652506.200586,3427,256,1765652506.179658,20.928
1765652506.201776,3428,256,1765652506.180912,20.864
1765652506.205204,3429,256,1765652506.184186,21.019
1765652506.205457,3430,256,1765652506.184416,21.041
1765652506.209239,3431,256,1765652506.188226,21.013
1765652506.220132,3432,256,1765652506.199134,20.998
1765652506.221432,3433,256,1765652506.200493,20.940
1765652506.222523,3434,256,1765652506.201423,21.100
1765652506.227254,3435,256,1765652506.206266,20.988
1765652506.227593,3436,256,1765652506.206472,21.120
1765652506.229364,3437,256,1765652506.208430,20.934
1765652506.229707,3438,256,1765652506.208715,20.992
1765652506.238203,3439,256,1765652506.217290,20.913
1765652506.245991,3440,256,1765652506.225010,20.981
1765652506.248974,3441,256,1765652506.228066,20.908
1765652506.251947,3442,256,1765652506.231015,20.932
1765652506.261348,3443,256,1765652506.240330,21.018
1765652506.263605,3444,256,1765652506.242285,21.320
1765652506.266628,3445,256,1765652506.245690,20.938
1765652506.268697,3446,256,1765652506.247732,20.965
1765652506.269021,3447,256,1765652506.248111,20.910
1765652506.272925,3448,256,1765652506.252011,20.914
1765652506.277845,3449,256,1765652506.256901,20.944
1765652506.282686,3450,256,1765652506.261792,20.895
1765652506.292311,3451,256,1765652506.271332,20.979
1765652506.297141,3452,256,1765652506.275868,21.273
1765652506.300706,3453,256,1765652506.279715,20.991
1765652506.301075,3454,256,1765652506.280038,21.037
1765652506.302916,3455,256,1765652506.281978,20.938
1765652506.305908,3456,256,1765652506.284843,21.065
1765652506.307946,3457,256,1765652506.286985,20.961
1765652506.308303,3458,256,1765652506.287154,21.149
1765652506.312091,3459,256,1765652506.291125,20.966
1765652506.314191,3460,256,1765652506.293216,20.975
1765652506.315004,3461,256,1765652506.294088,20.916
1765652506.317797,3462,256,1765652506.296854,20.943
1765652506.322575,3463,256,1765652506.301672,20.903
1765652506.322920,3464,256,1765652506.302071,20.849
1765652506.325580,3465,256,1765652506.304734,20.846
1765652506.327878,3466,256,1765652506.307005,20.873
1765652506.334607,3467,256,1765652506.313668,20.939
1765652506.335157,3468,256,1765652506.314253,20.904
1765652506.335586,3469,256,1765652506.314516,21.070
1765652506.338566,3470,256,1765652506.317630,20.936
1765652506.351877,3471,256,1765652506.330922,20.956
1765652506.355066,3472,256,1765652506.334113,20.953
1765652506.358784,3473,256,1765652506.337488,21.296
1765652506.362708,3474,256,1765652506.341754,20.953
1765652506.364073,3475,256,1765652506.343168,20.905
1765652506.365255,3476,256,1765652506.344361,20.894
1765652506.368216,3477,256,1765652506.347210,21.005
1765652506.368879,3478,256,1765652506.348021,20.858
1765652506.372554,3479,256,1765652506.351658,20.896
1765652506.382169,3480,256,1765652506.361155,21.013
1765652506.384559,3481,256,1765652506.363588,20.971
1765652506.386497,3482,256,1765652506.365607,20.890
1765652506.388124,3483,256,1765652506.367200,20.923
1765652506.389560,3484,256,1765652506.368608,20.951
1765652506.390114,3485,256,1765652506.369257,20.857
1765652506.391311,3486,256,1765652506.370416,20.895
1765652506.393894,3487,256,1765652506.372868,21.026
1765652506.394128,3488,256,1765652506.372989,21.139
1765652506.398029,3489,256,1765652506.377099,20.930
1765652506.400088,3490,256,1765652506.379162,20.926
1765652506.404791,3491,256,1765652506.383586,21.205
1765652506.405793,3492,256,1765652506.384920,20.873
1765652506.407100,3493,256,1765652506.386216,20.884
1765652506.409091,3494,256,1765652506.388034,21.057
1765652506.409567,3495,256,1765652506.388695,20.871
1765652506.410004,3496,256,1765652506.388824,21.180
1765652506.414203,3497,256,1765652506.393121,21.082
1765652506.415025,3498,256,1765652506.393472,21.553
1765652506.415567,3499,256,1765652506.394645,20.922
1765652506.416897,3500,256,1765652506.396013,20.884
1765652506.417290,3501,256,1765652506.396154,21.136
1765652506.428696,3502,256,1765652506.407646,21.050
1765652506.432877,3503,256,1765652506.411800,21.077
1765652506.433784,3504,256,1765652506.412877,20.907
1765652506.434155,3505,256,1765652506.413120,21.035
1765652506.434540,3506,256,1765652506.413610,20.930
1765652506.438228,3507,256,1765652506.417236,20.992
1765652506.455911,3508,256,1765652506.434931,20.980
1765652506.463413,3509,256,1765652506.442531,20.882
1765652506.466598,3510,256,1765652506.445655,20.943
1765652506.467731,3511,256,1765652506.446816,20.916
1765652506.468611,3512,256,1765652506.447680,20.931
1765652506.471019,3513,256,1765652506.450096,20.923
1765652506.476205,3514,256,1765652506.455272,20.932
1765652506.477858,3515,256,1765652506.457016,20.842
1765652506.480961,3516,256,1765652506.459988,20.973
1765652506.481632,3517,256,1765652506.460759,20.873
1765652506.485760,3518,256,1765652506.464847,20.914
1765652506.488773,3519,256,1765652506.467868,20.905
1765652506.489295,3520,256,1765652506.468431,20.864
1765652506.491473,3521,256,1765652506.470532,20.941
1765652506.491770,3522,256,1765652506.470660,21.111
1765652506.493831,3523,256,1765652506.472944,20.887
1765652506.497719,3524,256,1765652506.476727,20.992
1765652506.498852,3525,256,1765652506.477930,20.922
1765652506.501693,3526,256,1765652506.480720,20.973
1765652506.507427,3527,256,1765652506.486480,20.947
1765652506.510515,3528,256,1765652506.489583,20.932
1765652506.510954,3529,256,1765652506.490099,20.855
1765652506.519199,3530,256,1765652506.498220,20.978
1765652506.519532,3531,256,1765652506.498417,21.115
1765652506.523773,3532,256,1765652506.502795,20.977
1765652506.526090,3533,256,1765652506.505197,20.894
1765652506.527883,3534,256,1765652506.506952,20.931
1765652506.528872,3535,256,1765652506.507888,20.984
1765652506.535512,3536,256,1765652506.514485,21.027
1765652506.535882,3537,256,1765652506.514661,21.221
1765652506.537612,3538,256,1765652506.516657,20.955
1765652506.540522,3539,256,1765652506.519567,20.955
1765652506.553688,3540,256,1765652506.532732,20.956
1765652506.555156,3541,256,1765652506.534286,20.870
1765652506.556842,3542,256,1765652506.535851,20.992
1765652506.560309,3543,256,1765652506.539421,20.888
1765652506.560999,3544,256,1765652506.540183,20.816
1765652506.564894,3545,256,1765652506.544041,20.853
1765652506.566334,3546,256,1765652506.544364,21.970
1765652506.571148,3547,256,1765652506.550158,20.990
1765652506.571517,3548,256,1765652506.550472,21.045
1765652506.576466,3549,256,1765652506.555483,20.983
1765652506.579429,3550,256,1765652506.558542,20.887
1765652506.583981,3551,256,1765652506.563036,20.945
1765652506.590775,3552,256,1765652506.569807,20.968
1765652506.595124,3553,256,1765652506.574195,20.929
1765652506.596126,3554,256,1765652506.575258,20.868
1765652506.608562,3555,256,1765652506.587532,21.030
1765652506.613448,3556,256,1765652506.592480,20.969
1765652506.615058,3557,256,1765652506.594171,20.886
1765652506.616531,3558,256,1765652506.595167,21.364
1765652506.619421,3559,256,1765652506.598464,20.957
1765652506.620159,3560,256,1765652506.599304,20.855
1765652506.621458,3561,256,1765652506.600619,20.838
1765652506.625214,3562,256,1765652506.604267,20.947
1765652506.631798,3563,256,1765652506.610897,20.901
1765652506.632593,3564,256,1765652506.611077,21.517
1765652506.632972,3565,256,1765652506.611353,21.619
1765652506.635208,3566,256,1765652506.614255,20.953
1765652506.635582,3567,256,1765652506.614432,21.150
1765652506.636033,3568,256,1765652506.614647,21.386
1765652506.636339,3569,256,1765652506.615360,20.978
1765652506.636788,3570,256,1765652506.615581,21.207
1765652506.639407,3571,256,1765652506.618436,20.970
1765652506.639725,3572,256,1765652506.618850,20.875
1765652506.640794,3573,256,1765652506.619969,20.825
1765652506.642633,3574,256,1765652506.621788,20.844
1765652506.643267,3575,256,1765652506.622405,20.862
1765652506.643614,3576,256,1765652506.622561,21.053
1765652506.648490,3577,256,1765652506.627558,20.932
1765652506.650160,3578,256,1765652506.629238,20.922
1765652506.651468,3579,256,1765652506.629893,21.575
1765652506.654899,3580,256,1765652506.633884,21.015
1765652506.660137,3581,256,1765652506.638990,21.147
1765652506.661753,3582,256,1765652506.640753,21.000
1765652506.665251,3583,256,1765652506.644298,20.953
1765652506.666571,3584,256,1765652506.645650,20.921
1765652506.668899,3585,256,1765652506.647935,20.964
1765652506.670885,3586,256,1765652506.649895,20.990
1765652506.671854,3587,256,1765652506.650767,21.086
1765652506.677542,3588,256,1765652506.656451,21.091
1765652506.679210,3589,256,1765652506.658267,20.943
1765652506.685916,3590,256,1765652506.664869,21.047
1765652506.687118,3591,256,1765652506.666159,20.959
1765652506.689177,3592,256,1765652506.668272,20.905
1765652506.689601,3593,256,1765652506.668555,21.046
1765652506.696686,3594,256,1765652506.675726,20.960
1765652506.697821,3595,256,1765652506.676936,20.885
1765652506.705362,3596,256,1765652506.684423,20.939
1765652506.708420,3597,256,1765652506.687420,21.000
1765652506.709763,3598,256,1765652506.688843,20.920
1765652506.711757,3599,256,1765652506.690828,20.929
1765652506.712085,3600,256,1765652506.691149,20.936
1765652506.716109,3601,256,1765652506.695217,20.891
1765652506.721854,3602,256,1765652506.700497,21.357
1765652506.722123,3603,256,1765652506.700656,21.467
1765652506.732126,3604,256,1765652506.711194,20.932
1765652506.737649,3605,256,1765652506.716625,21.025
1765652506.738435,3606,256,1765652506.717521,20.914
1765652506.740634,3607,256,1765652506.719715,20.920
1765652506.751577,3608,256,1765652506.730481,21.096
1765652506.751787,3609,256,1765652506.730607,21.180
1765652506.757327,3610,256,1765652506.736343,20.983
1765652506.768598,3611,256,1765652506.747607,20.991
1765652506.779118,3612,256,1765652506.757971,21.147
1765652506.787807,3613,256,1765652506.766727,21.079
1765652506.798747,3614,256,1765652506.777795,20.952
1765652506.799288,3615,256,1765652506.778415,20.872
1765652506.807561,3616,256,1765652506.786541,21.020
1765652506.814916,3617,256,1765652506.793940,20.976
1765652506.819573,3618,256,1765652506.798580,20.993
1765652506.828506,3619,256,1765652506.807511,20.995
1765652506.831394,3620,256,1765652506.810485,20.909
1765652506.832883,3621,256,1765652506.811993,20.890
1765652506.838859,3622,256,1765652506.817846,21.013
1765652506.841677,3623,256,1765652506.820458,21.218
1765652506.843310,3624,256,1765652506.822174,21.136
1765652506.843988,3625,256,1765652506.823006,20.982
1765652506.846180,3626,256,1765652506.825290,20.890
1765652506.847966,3627,256,1765652506.827031,20.935
1765652506.856288,3628,256,1765652506.835216,21.072
1765652506.859906,3629,256,1765652506.838940,20.967
1765652506.861963,3630,256,1765652506.840822,21.141
1765652506.864044,3631,256,1765652506.842945,21.100
1765652506.886639,3632,256,1765652506.865608,21.031
1765652506.893544,3633,256,1765652506.872471,21.074
1765652506.899101,3634,256,1765652506.878168,20.933
1765652506.903488,3635,256,1765652506.882464,21.024
1765652506.910009,3636,256,1765652506.889019,20.991
1765652506.911545,3637,256,1765652506.890558,20.987
1765652506.915667,3638,256,1765652506.894773,20.895
1765652506.916657,3639,256,1765652506.895793,20.864
1765652506.919616,3640,256,1765652506.898662,20.954
1765652506.920019,3641,256,1765652506.899187,20.833
1765652506.924023,3642,256,1765652506.902844,21.178
1765652506.925923,3643,256,1765652506.904980,20.943
1765652506.936357,3644,256,1765652506.914887,21.470
1765652506.941403,3645,256,1765652506.920290,21.113
1765652506.946629,3646,256,1765652506.925647,20.982
1765652506.948058,3647,256,1765652506.927096,20.962
1765652506.950556,3648,256,1765652506.928958,21.597
1765652506.950673,3649,256,1765652506.929687,20.987
1765652506.958595,3650,256,1765652506.937679,20.916
1765652506.958941,3651,256,1765652506.938107,20.833
1765652506.962664,3652,256,1765652506.941686,20.978
1765652506.964944,3653,256,1765652506.943840,21.104
1765652506.965767,3654,256,1765652506.944092,21.675
1765652506.968949,3655,256,1765652506.947833,21.116
1765652506.969078,3656,256,1765652506.948261,20.817
1765652506.970588,3657,256,1765652506.949505,21.083
1765652506.970742,3658,256,1765652506.949631,21.111
1765652506.977929,3659,256,1765652506.956712,21.217
1765652506.979789,3660,256,1765652506.958266,21.523
1765652506.993577,3661,256,1765652506.972033,21.545
1765652506.996274,3662,256,1765652506.975399,20.876
1765652507.004535,3663,256,1765652506.983636,20.899
1765652507.007822,3664,256,1765652506.986930,20.892
1765652507.008202,3665,256,1765652506.987119,21.082
1765652507.011869,3666,256,1765652506.990949,20.919
1765652507.026748,3667,256,1765652507.005857,20.891
1765652507.027654,3668,256,1765652507.006843,20.811
1765652507.029108,3669,256,1765652507.008231,20.877
1765652507.031867,3670,256,1765652507.010958,20.909
1765652507.044149,3671,256,1765652507.023235,20.914
1765652507.047811,3672,256,1765652507.026917,20.893
1765652507.048191,3673,256,1765652507.027339,20.852
1765652507.051090,3674,256,1765652507.030194,20.897
1765652507.063940,3675,256,1765652507.042886,21.055
1765652507.065057,3676,256,1765652507.044187,20.870
1765652507.067034,3677,256,1765652507.046080,20.954
1765652507.068790,3678,256,1765652507.047905,20.885
1765652507.069172,3679,256,1765652507.048328,20.844
1765652507.082398,3680,256,1765652507.061404,20.994
1765652507.097185,3681,256,1765652507.076249,20.936
1765652507.100398,3682,256,1765652507.079406,20.992
1765652507.104902,3683,256,1765652507.081836,23.066
1765652507.104984,3684,256,1765652507.083411,21.573
1765652507.109175,3685,256,1765652507.088026,21.149
1765652507.112504,3686,256,1765652507.091531,20.973
1765652507.112828,3687,256,1765652507.091695,21.133
1765652507.118507,3688,256,1765652507.096801,21.706
1765652507.122478,3689,256,1765652507.101455,21.023
1765652507.129498,3690,256,1765652507.106836,22.661
1765652507.133943,3691,256,1765652507.112979,20.964
1765652507.136767,3692,256,1765652507.115829,20.939
1765652507.142802,3693,256,1765652507.121765,21.037
1765652507.145285,3694,256,1765652507.124363,20.922
1765652507.150811,3695,256,1765652507.129765,21.046
1765652507.157228,3696,256,1765652507.136128,21.100
1765652507.167288,3697,256,1765652507.146168,21.120
1765652507.179434,3698,256,1765652507.158408,21.026
1765652507.185276,3699,256,1765652507.163986,21.290
1765652507.196097,3700,256,1765652507.175155,20.942
1765652507.197196,3701,256,1765652507.176283,20.913
1765652507.200677,3702,256,1765652507.179683,20.994
1765652507.207653,3703,256,1765652507.186682,20.972
1765652507.208326,3704,256,1765652507.187259,21.067
1765652507.212085,3705,256,1765652507.191111,20.973
1765652507.212969,3706,256,1765652507.192059,20.910
1765652507.213654,3707,256,1765652507.192803,20.851
1765652507.214492,3708,256,1765652507.193568,20.924
1765652507.222473,3709,256,1765652507.201446,21.027
1765652507.228567,3710,256,1765652507.207565,21.001
1765652507.229989,3711,256,1765652507.208972,21.017
1765652507.235457,3712,256,1765652507.214411,21.046
1765652507.237323,3713,256,1765652507.216411,20.911
1765652507.237691,3714,256,1765652507.216851,20.840
1765652507.241882,3715,256,1765652507.220875,21.007
1765652507.252056,3716,256,1765652507.231008,21.048
1765652507.258449,3717,256,1765652507.237482,20.967
1765652507.259438,3718,256,1765652507.238544,20.893
1765652507.262388,3719,256,1765652507.241434,20.954
1765652507.263530,3720,256,1765652507.242651,20.879
1765652507.264611,3721,256,1765652507.243724,20.888
1765652507.268545,3722,256,1765652507.247606,20.938
1765652507.278117,3723,256,1765652507.257116,21.001
1765652507.278886,3724,256,1765652507.257960,20.926
1765652507.286737,3725,256,1765652507.265806,20.931
1765652507.299838,3726,256,1765652507.278835,21.003
1765652507.302157,3727,256,1765652507.281211,20.946
1765652507.303878,3728,256,1765652507.282851,21.027
1765652507.304563,3729,256,1765652507.283214,21.349
1765652507.304956,3730,256,1765652507.283871,21.085
1765652507.312182,3731,256,1765652507.291218,20.964
1765652507.314183,3732,256,1765652507.293344,20.839
1765652507.331142,3733,256,1765652507.310045,21.097
1765652507.333723,3734,256,1765652507.312779,20.944
1765652507.334047,3735,256,1765652507.313045,21.002
1765652507.336250,3736,256,1765652507.315216,21.034
1765652507.338118,3737,256,1765652507.317180,20.938
1765652507.340412,3738,256,1765652507.319458,20.954
1765652507.340743,3739,256,1765652507.319741,21.002
1765652507.348056,3740,256,1765652507.327075,20.980
1765652507.353017,3741,256,1765652507.332130,20.887
1765652507.368500,3742,256,1765652507.347661,20.840
1765652507.368861,3743,256,1765652507.347760,21.101
1765652507.372755,3744,256,1765652507.351850,20.906
1765652507.375994,3745,256,1765652507.355104,20.891
1765652507.378160,3746,256,1765652507.357260,20.899
1765652507.378723,3747,256,1765652507.357834,20.889
1765652507.383987,3748,256,1765652507.363057,20.930
1765652507.384619,3749,256,1765652507.363741,20.879
1765652507.385003,3750,256,1765652507.364098,20.905
1765652507.389894,3751,256,1765652507.368975,20.919
1765652507.393394,3752,256,1765652507.372447,20.947
1765652507.401593,3753,256,1765652507.380480,21.112
1765652507.401838,3754,256,1765652507.380847,20.991
1765652507.419825,3755,256,1765652507.398951,20.874
1765652507.423368,3756,256,1765652507.402359,21.009
1765652507.425848,3757,256,1765652507.404768,21.080
1765652507.432853,3758,256,1765652507.411990,20.863
1765652507.433240,3759,256,1765652507.412109,21.131
1765652507.441560,3760,256,1765652507.420385,21.175
1765652507.452246,3761,256,1765652507.431332,20.914
1765652507.453542,3762,256,1765652507.432647,20.896
1765652507.461729,3763,256,1765652507.440498,21.230
1765652507.462067,3764,256,1765652507.440849,21.218
1765652507.468098,3765,256,1765652507.447222,20.877
1765652507.471932,3766,256,1765652507.451073,20.859
1765652507.473619,3767,256,1765652507.452763,20.856
1765652507.478033,3768,256,1765652507.457140,20.893
1765652507.479928,3769,256,1765652507.459067,20.861
1765652507.482837,3770,256,1765652507.461904,20.933
1765652507.483427,3771,256,1765652507.462574,20.853
1765652507.483883,3772,256,1765652507.462782,21.100
1765652507.484177,3773,256,1765652507.463237,20.940
1765652507.488282,3774,256,1765652507.467424,20.858
1765652507.495455,3775,256,1765652507.474554,20.901
1765652507.501134,3776,256,1765652507.480228,20.906
1765652507.505819,3777,256,1765652507.484881,20.939
1765652507.510474,3778,256,1765652507.489497,20.977
1765652507.512831,3779,256,1765652507.491910,20.921
1765652507.515787,3780,256,1765652507.494827,20.960
1765652507.525079,3781,256,1765652507.504184,20.894
1765652507.527259,3782,256,1765652507.506145,21.114
1765652507.536008,3783,256,1765652507.515084,20.924
1765652507.539221,3784,256,1765652507.518388,20.833
1765652507.541278,3785,256,1765652507.520411,20.866
1765652507.542040,3786,256,1765652507.520685,21.355
1765652507.542821,3787,256,1765652507.521341,21.480
1765652507.545992,3788,256,1765652507.525133,20.859
1765652507.552817,3789,256,1765652507.531837,20.981
1765652507.553154,3790,256,1765652507.531992,21.162
1765652507.559430,3791,256,1765652507.538614,20.816
1765652507.560527,3792,256,1765652507.539654,20.873
1765652507.561445,3793,256,1765652507.540580,20.865
1765652507.568476,3794,256,1765652507.547522,20.954
1765652507.575575,3795,256,1765652507.554676,20.899
1765652507.581034,3796,256,1765652507.560160,20.874
1765652507.581732,3797,256,1765652507.560918,20.814
1765652507.584593,3798,256,1765652507.563710,20.884
1765652507.586969,3799,256,1765652507.566061,20.908
1765652507.590881,3800,256,1765652507.569924,20.957
1765652507.594013,3801,256,1765652507.573115,20.898
1765652507.595941,3802,256,1765652507.575073,20.868
1765652507.598309,3803,256,1765652507.577404,20.905
1765652507.603403,3804,256,1765652507.582434,20.969
1765652507.607038,3805,256,1765652507.586079,20.959
1765652507.609318,3806,256,1765652507.588416,20.902
1765652507.610617,3807,256,1765652507.589692,20.925
1765652507.611425,3808,256,1765652507.590519,20.906
1765652507.613125,3809,256,1765652507.592235,20.890
1765652507.620774,3810,256,1765652507.599799,20.975
1765652507.626042,3811,256,1765652507.604802,21.240
1765652507.635918,3812,256,1765652507.614943,20.975
1765652507.639328,3813,256,1765652507.618227,21.102
1765652507.645813,3814,256,1765652507.624864,20.948
1765652507.646187,3815,256,1765652507.625326,20.861
1765652507.651397,3816,256,1765652507.630473,20.925
1765652507.653328,3817,256,1765652507.632334,20.995
1765652507.653762,3818,256,1765652507.632497,21.265
1765652507.654289,3819,256,1765652507.632967,21.322
1765652507.658997,3820,256,1765652507.638064,20.933
1765652507.659707,3821,256,1765652507.638844,20.863
1765652507.663302,3822,256,1765652507.642103,21.199
1765652507.665179,3823,256,1765652507.644082,21.097
1765652507.666181,3824,256,1765652507.644781,21.400
1765652507.668957,3825,256,1765652507.648025,20.933
1765652507.669325,3826,256,1765652507.648183,21.142
1765652507.672155,3827,256,1765652507.651143,21.013
1765652507.672961,3828,256,1765652507.652040,20.921
1765652507.673449,3829,256,1765652507.652490,20.960
1765652507.678417,3830,256,1765652507.657405,21.013
1765652507.678771,3831,256,1765652507.657639,21.132
1765652507.684701,3832,256,1765652507.663725,20.976
1765652507.695600,3833,256,1765652507.674641,20.959
1765652507.708299,3834,256,1765652507.687278,21.021
1765652507.711416,3835,256,1765652507.690562,20.854
1765652507.714655,3836,256,1765652507.693774,20.881
1765652507.719900,3837,256,1765652507.698980,20.920
1765652507.722634,3838,256,1765652507.701776,20.858
1765652507.723846,3839,256,1765652507.703031,20.815
1765652507.726566,3840,256,1765652507.705645,20.921
1765652507.728322,3841,256,1765652507.707306,21.016
1765652507.728603,3842,256,1765652507.707733,20.869
1765652507.731392,3843,256,1765652507.710491,20.901
1765652507.735494,3844,256,1765652507.714615,20.879
1765652507.747566,3845,256,1765652507.726446,21.120
1765652507.748462,3846,256,1765652507.727545,20.918
1765652507.748925,3847,256,1765652507.728050,20.875
1765652507.751698,3848,256,1765652507.730811,20.887
1765652507.752442,3849,256,1765652507.731546,20.896
1765652507.758523,3850,256,1765652507.737470,21.052
1765652507.760550,3851,256,1765652507.739678,20.873
1765652507.761023,3852,256,1765652507.740118,20.905
1765652507.764741,3853,256,1765652507.743762,20.979
1765652507.765085,3854,256,1765652507.744015,21.069
1765652507.769994,3855,256,1765652507.749077,20.917
1765652507.773108,3856,256,1765652507.751963,21.145
1765652507.775736,3857,256,1765652507.754780,20.956
1765652507.778087,3858,256,1765652507.757182,20.905
1765652507.786556,3859,256,1765652507.765573,20.983
1765652507.786902,3860,256,1765652507.765759,21.144
1765652507.787234,3861,256,1765652507.765966,21.268
1765652507.790865,3862,256,1765652507.769995,20.869
1765652507.795246,3863,256,1765652507.774129,21.117
1765652507.796605,3864,256,1765652507.775558,21.048
1765652507.806956,3865,256,1765652507.785998,20.958
1765652507.807262,3866,256,1765652507.786412,20.849
1765652507.810154,3867,256,1765652507.789227,20.927
1765652507.814695,3868,256,1765652507.793778,20.917
1765652507.821358,3869,256,1765652507.800319,21.039
1765652507.827503,3870,256,1765652507.806569,20.934
1765652507.828062,3871,256,1765652507.807206,20.856
1765652507.831668,3872,256,1765652507.810523,21.145
1765652507.832062,3873,256,1765652507.811228,20.835
1765652507.832704,3874,256,1765652507.811868,20.837
1765652507.837208,3875,256,1765652507.816274,20.934
1765652507.838435,3876,256,1765652507.817523,20.912
1765652507.839433,3877,256,1765652507.818520,20.913
1765652507.840678,3878,256,1765652507.819734,20.944
1765652507.843539,3879,256,1765652507.822587,20.953
1765652507.846382,3880,256,1765652507.825452,20.930
1765652507.847639,3881,256,1765652507.826738,20.901
1765652507.848027,3882,256,1765652507.826893,21.134
1765652507.848466,3883,256,1765652507.827616,20.850
1765652507.851626,3884,256,1765652507.830503,21.123
1765652507.853662,3885,256,1765652507.832829,20.833
1765652507.856869,3886,256,1765652507.835930,20.939
1765652507.860881,3887,256,1765652507.839945,20.936
1765652507.861210,3888,256,1765652507.840128,21.082
1765652507.861618,3889,256,1765652507.840173,21.445
1765652507.862010,3890,256,1765652507.840209,21.801
1765652507.862399,3891,256,1765652507.840832,21.567
1765652507.863891,3892,256,1765652507.842991,20.900
1765652507.866418,3893,256,1765652507.845540,20.878
1765652507.866789,3894,256,1765652507.845723,21.066
1765652507.867617,3895,256,1765652507.846797,20.820
1765652507.872589,3896,256,1765652507.851713,20.876
1765652507.873480,3897,256,1765652507.852612,20.868
1765652507.874834,3898,256,1765652507.853976,20.857
1765652507.884718,3899,256,1765652507.863781,20.936
1765652507.888531,3900,256,1765652507.867621,20.910
1765652507.889986,3901,256,1765652507.869092,20.894
1765652507.890314,3902,256,1765652507.869173,21.141
1765652507.890723,3903,256,1765652507.869746,20.976
1765652507.896462,3904,256,1765652507.875546,20.916
1765652507.900952,3905,256,1765652507.880071,20.881
1765652507.907013,3906,256,1765652507.886067,20.946
1765652507.909140,3907,256,1765652507.888177,20.963
1765652507.911071,3908,256,1765652507.890102,20.968
1765652507.916937,3909,256,1765652507.895828,21.109
1765652507.920815,3910,256,1765652507.899882,20.932
1765652507.926479,3911,256,1765652507.905564,20.915
1765652507.928585,3912,256,1765652507.907751,20.835
1765652507.929851,3913,256,1765652507.909018,20.833
1765652507.931335,3914,256,1765652507.910497,20.838
1765652507.938664,3915,256,1765652507.917792,20.871
1765652507.948812,3916,256,1765652507.927917,20.895
1765652507.950477,3917,256,1765652507.929620,20.857
1765652507.951676,3918,256,1765652507.930823,20.853
1765652507.952528,3919,256,1765652507.931727,20.802
1765652507.957411,3920,256,1765652507.936481,20.931
1765652507.957760,3921,256,1765652507.936956,20.804
1765652507.962070,3922,256,1765652507.941181,20.890
1765652507.962411,3923,256,1765652507.941601,20.810
1765652507.962821,3924,256,1765652507.941647,21.173
1765652507.963269,3925,256,1765652507.941676,21.593
1765652507.963644,3926,256,1765652507.942248,21.396
1765652507.963991,3927,256,1765652507.942351,21.640
1765652507.965915,3928,256,1765652507.945090,20.824
1765652507.968247,3929,256,1765652507.947348,20.899
1765652507.973994,3930,256,1765652507.953043,20.951
1765652507.976172,3931,256,1765652507.955256,20.916
1765652507.979003,3932,256,1765652507.958130,20.873
1765652507.981485,3933,256,1765652507.960623,20.862
1765652507.984699,3934,256,1765652507.963825,20.874
1765652507.985346,3935,256,1765652507.964543,20.803
1765652507.985735,3936,256,1765652507.964596,21.139
1765652507.990988,3937,256,1765652507.970166,20.823
1765652507.995170,3938,256,1765652507.974190,20.980
1765652507.997316,3939,256,1765652507.976368,20.948
1765652507.998867,3940,256,1765652507.978034,20.833
1765652508.000932,3941,256,1765652507.980056,20.876
1765652508.006029,3942,256,1765652507.985209,20.820
1765652508.006409,3943,256,1765652507.985341,21.068
1765652508.009710,3944,256,1765652507.988874,20.836
1765652508.010092,3945,256,1765652507.989110,20.982
1765652508.010535,3946,256,1765652507.989745,20.790
1765652508.015108,3947,256,1765652507.994298,20.811
1765652508.015891,3948,256,1765652507.994730,21.162
1765652508.019117,3949,256,1765652507.998237,20.880
1765652508.023440,3950,256,1765652508.002602,20.838
1765652508.025433,3951,256,1765652508.004537,20.896
1765652508.025800,3952,256,1765652508.004718,21.082
1765652508.026176,3953,256,1765652508.005145,21.030
1765652508.028543,3954,256,1765652508.007528,21.015
1765652508.029329,3955,256,1765652508.007801,21.528
1765652508.030550,3956,256,1765652508.009626,20.925
1765652508.031264,3957,256,1765652508.010158,21.106
1765652508.035160,3958,256,1765652508.014201,20.959
1765652508.045432,3959,256,1765652508.024447,20.985
1765652508.051979,3960,256,1765652508.031078,20.901
1765652508.056816,3961,256,1765652508.035591,21.225
1765652508.057973,3962,256,1765652508.036325,21.648
1765652508.058356,3963,256,1765652508.037099,21.257
1765652508.061834,3964,256,1765652508.040900,20.935
1765652508.062553,3965,256,1765652508.041739,20.814
1765652508.063410,3966,256,1765652508.042540,20.870
1765652508.074523,3967,256,1765652508.053488,21.035
1765652508.074790,3968,256,1765652508.053953,20.838
1765652508.075149,3969,256,1765652508.054144,21.005
1765652508.079711,3970,256,1765652508.058697,21.014
1765652508.085404,3971,256,1765652508.064423,20.982
1765652508.088359,3972,256,1765652508.067508,20.852
1765652508.091713,3973,256,1765652508.070768,20.945
1765652508.101338,3974,256,1765652508.080359,20.980
1765652508.103967,3975,256,1765652508.083024,20.944
1765652508.104263,3976,256,1765652508.083190,21.073
1765652508.108931,3977,256,1765652508.088056,20.875
1765652508.109972,3978,256,1765652508.089153,20.819
1765652508.113556,3979,256,1765652508.092685,20.871
1765652508.115488,3980,256,1765652508.094395,21.093
1765652508.115944,3981,256,1765652508.095149,20.796
1765652508.118887,3982,256,1765652508.098001,20.886
1765652508.120586,3983,256,1765652508.099650,20.936
1765652508.131516,3984,256,1765652508.110577,20.939
1765652508.132620,3985,256,1765652508.111746,20.874
1765652508.133847,3986,256,1765652508.112394,21.453
1765652508.134221,3987,256,1765652508.113369,20.853
1765652508.144802,3988,256,1765652508.123877,20.925
1765652508.153366,3989,256,1765652508.131879,21.487
1765652508.155118,3990,256,1765652508.133354,21.763
1765652508.157301,3991,256,1765652508.136316,20.985
1765652508.161966,3992,256,1765652508.141072,20.893
1765652508.167788,3993,256,1765652508.146897,20.890
1765652508.181761,3994,256,1765652508.160348,21.413
1765652508.187615,3995,256,1765652508.166667,20.948
1765652508.188190,3996,256,1765652508.167344,20.846
1765652508.190074,3997,256,1765652508.169238,20.837
1765652508.193884,3998,256,1765652508.172977,20.907
1765652508.197241,3999,256,1765652508.176343,20.898
1765652508.201006,4000,256,1765652508.180119,20.887
1765652508.201349,4001,256,1765652508.180197,21.152
1765652508.210280,4002,256,1765652508.189362,20.918
1765652508.212799,4003,256,1765652508.191942,20.857
1765652508.216366,4004,256,1765652508.195476,20.890
1765652508.216778,4005,256,1765652508.195945,20.833
1765652508.221895,4006,256,1765652508.200990,20.904
1765652508.236522,4007,256,1765652508.215545,20.977
1765652508.240015,4008,256,1765652508.219075,20.939
1765652508.240780,4009,256,1765652508.219504,21.276
1765652508.251967,4010,256,1765652508.231021,20.945
1765652508.257092,4011,256,1765652508.236137,20.956
1765652508.258449,4012,256,1765652508.237613,20.837
1765652508.259993,4013,256,1765652508.239139,20.854
1765652508.272885,4014,256,1765652508.251940,20.946
1765652508.275112,4015,256,1765652508.254225,20.886
1765652508.280918,4016,256,1765652508.260006,20.911
1765652508.282426,4017,256,1765652508.261532,20.894
1765652508.291369,4018,256,1765652508.270409,20.961
1765652508.299352,4019,256,1765652508.278404,20.949
1765652508.306991,4020,256,1765652508.286030,20.961
1765652508.313164,4021,256,1765652508.292180,20.983
1765652508.313721,4022,256,1765652508.292873,20.848
1765652508.318465,4023,256,1765652508.297497,20.968
1765652508.321843,4024,256,1765652508.300887,20.956
1765652508.333748,4025,256,1765652508.312806,20.942
1765652508.340193,4026,256,1765652508.319057,21.136
1765652508.346430,4027,256,1765652508.325474,20.956
1765652508.347896,4028,256,1765652508.327070,20.826
1765652508.357565,4029,256,1765652508.336626,20.938
1765652508.358284,4030,256,1765652508.337346,20.938
1765652508.358692,4031,256,1765652508.337523,21.169
1765652508.359099,4032,256,1765652508.338288,20.811
1765652508.359958,4033,256,1765652508.339151,20.807
1765652508.360545,4034,256,1765652508.339750,20.796
1765652508.363151,4035,256,1765652508.342245,20.906
1765652508.366196,4036,256,1765652508.345332,20.864
1765652508.366554,4037,256,1765652508.345680,20.875
1765652508.367505,4038,256,1765652508.346683,20.823
1765652508.368862,4039,256,1765652508.348051,20.811
1765652508.382922,4040,256,1765652508.361937,20.986
1765652508.388431,4041,256,1765652508.367507,20.924
1765652508.388747,4042,256,1765652508.367921,20.827
1765652508.399108,4043,256,1765652508.378174,20.934
1765652508.401047,4044,256,1765652508.380175,20.871
1765652508.402035,4045,256,1765652508.381180,20.855
1765652508.403801,4046,256,1765652508.382722,21.079
1765652508.404468,4047,256,1765652508.383393,21.076
1765652508.405801,4048,256,1765652508.384855,20.946
1765652508.406152,4049,256,1765652508.384954,21.197
1765652508.410518,4050,256,1765652508.389528,20.990
1765652508.412464,4051,256,1765652508.391642,20.821
1765652508.412888,4052,256,1765652508.391795,21.093
1765652508.413250,4053,256,1765652508.391862,21.389
1765652508.417357,4054,256,1765652508.396494,20.863
1765652508.417903,4055,256,1765652508.397071,20.832
1765652508.423244,4056,256,1765652508.402323,20.921
1765652508.423586,4057,256,1765652508.402456,21.129
1765652508.437709,4058,256,1765652508.416718,20.991
1765652508.440031,4059,256,1765652508.418832,21.199
1765652508.453132,4060,256,1765652508.432220,20.912
1765652508.462410,4061,256,1765652508.441449,20.961
1765652508.466449,4062,256,1765652508.445497,20.952
1765652508.467137,4063,256,1765652508.445811,21.326
1765652508.476408,4064,256,1765652508.455454,20.953
1765652508.480517,4065,256,1765652508.459494,21.023
1765652508.480790,4066,256,1765652508.459651,21.139
1765652508.481269,4067,256,1765652508.460434,20.834
1765652508.487610,4068,256,1765652508.466704,20.906
1765652508.487920,4069,256,1765652508.467055,20.864
1765652508.488424,4070,256,1765652508.467637,20.787
1765652508.493875,4071,256,1765652508.473001,20.874
1765652508.500703,4072,256,1765652508.479806,20.897
1765652508.501069,4073,256,1765652508.479994,21.075
1765652508.501916,4074,256,1765652508.481098,20.818
1765652508.503043,4075,256,1765652508.482215,20.828
1765652508.506952,4076,256,1765652508.486034,20.919
1765652508.508557,4077,256,1765652508.487677,20.880
1765652508.509221,4078,256,1765652508.488426,20.795
1765652508.511894,4079,256,1765652508.490942,20.952
1765652508.512592,4080,256,1765652508.491735,20.857
1765652508.516332,4081,256,1765652508.495348,20.983
1765652508.518998,4082,256,1765652508.498087,20.911
1765652508.524420,4083,256,1765652508.503504,20.917
1765652508.529944,4084,256,1765652508.509003,20.941
1765652508.530284,4085,256,1765652508.509477,20.807
1765652508.536003,4086,256,1765652508.515141,20.863
1765652508.554962,4087,256,1765652508.534031,20.931
1765652508.557795,4088,256,1765652508.536942,20.853
1765652508.561269,4089,256,1765652508.540408,20.861
1765652508.562121,4090,256,1765652508.541309,20.812
1765652508.563481,4091,256,1765652508.542566,20.915
1765652508.566841,4092,256,1765652508.545966,20.875
1765652508.568226,4093,256,1765652508.547390,20.837
1765652508.572798,4094,256,1765652508.551885,20.913
1765652508.574761,4095,256,1765652508.553876,20.885
1765652508.581960,4096,256,1765652508.561055,20.905
1765652508.584023,4097,256,1765652508.563165,20.859
1765652508.590907,4098,256,1765652508.570029,20.878
1765652508.592617,4099,256,1765652508.571744,20.873
1765652508.593369,4100,256,1765652508.572402,20.967
1765652508.595625,4101,256,1765652508.574832,20.793
1765652508.600420,4102,256,1765652508.579547,20.873
1765652508.606884,4103,256,1765652508.585963,20.921
1765652508.609506,4104,256,1765652508.588598,20.908
1765652508.613117,4105,256,1765652508.592250,20.867
1765652508.617996,4106,256,1765652508.597159,20.838
1765652508.625186,4107,256,1765652508.604331,20.854
1765652508.627679,4108,256,1765652508.606861,20.818
1765652508.635435,4109,256,1765652508.614391,21.044
1765652508.637716,4110,256,1765652508.616898,20.818
1765652508.638283,4111,256,1765652508.617446,20.838
1765652508.639270,4112,256,1765652508.618468,20.802
1765652508.641922,4113,256,1765652508.621090,20.832
1765652508.649894,4114,256,1765652508.629059,20.835
1765652508.652593,4115,256,1765652508.631775,20.818
1765652508.658544,4116,256,1765652508.637672,20.872
1765652508.667734,4117,256,1765652508.646770,20.964
1765652508.669023,4118,256,1765652508.648186,20.836
1765652508.671655,4119,256,1765652508.650810,20.846
1765652508.672010,4120,256,1765652508.651200,20.810
1765652508.672425,4121,256,1765652508.651238,21.188
1765652508.678528,4122,256,1765652508.657640,20.888
1765652508.682094,4123,256,1765652508.661168,20.926
1765652508.682524,4124,256,1765652508.661566,20.957
1765652508.686999,4125,256,1765652508.666101,20.898
1765652508.689635,4126,256,1765652508.668779,20.856
1765652508.692251,4127,256,1765652508.671298,20.953
1765652508.692579,4128,256,1765652508.671423,21.156
1765652508.711363,4129,256,1765652508.690420,20.942
1765652508.718219,4130,256,1765652508.697253,20.967
1765652508.718513,4131,256,1765652508.697382,21.131
1765652508.720386,4132,256,1765652508.699510,20.876
1765652508.720751,4133,256,1765652508.699543,21.209
1765652508.724143,4134,256,1765652508.703162,20.981
1765652508.724485,4135,256,1765652508.703644,20.841
1765652508.725494,4136,256,1765652508.704614,20.880
1765652508.725839,4137,256,1765652508.704698,21.141
1765652508.726264,4138,256,1765652508.704726,21.538
1765652508.736976,4139,256,1765652508.715945,21.032
1765652508.741860,4140,256,1765652508.720837,21.023
1765652508.742332,4141,256,1765652508.721431,20.901
1765652508.747327,4142,256,1765652508.726358,20.969
1765652508.748133,4143,256,1765652508.727300,20.833
1765652508.754525,4144,256,1765652508.733467,21.059
1765652508.757712,4145,256,1765652508.736769,20.943
1765652508.759062,4146,256,1765652508.738199,20.864
1765652508.761448,4147,256,1765652508.740522,20.926
1765652508.761797,4148,256,1765652508.740730,21.067
1765652508.763863,4149,256,1765652508.742988,20.875
1765652508.769365,4150,256,1765652508.748471,20.894
1765652508.776827,4151,256,1765652508.755717,21.110
1765652508.780033,4152,256,1765652508.759093,20.941
1765652508.781406,4153,256,1765652508.760436,20.970
1765652508.781745,4154,256,1765652508.760890,20.856
1765652508.783064,4155,256,1765652508.762181,20.883
1765652508.784585,4156,256,1765652508.763591,20.994
1765652508.789952,4157,256,1765652508.768757,21.195
1765652508.790292,4158,256,1765652508.768953,21.339
1765652508.790707,4159,256,1765652508.769873,20.834
1765652508.794508,4160,256,1765652508.773544,20.964
1765652508.794885,4161,256,1765652508.773783,21.102
1765652508.803596,4162,256,1765652508.782710,20.886
1765652508.804925,4163,256,1765652508.784038,20.887
1765652508.806077,4164,256,1765652508.785088,20.989
1765652508.808203,4165,256,1765652508.787314,20.889
1765652508.811813,4166,256,1765652508.790900,20.913
1765652508.814044,4167,256,1765652508.793198,20.846
1765652508.817898,4168,256,1765652508.797015,20.883
1765652508.819182,4169,256,1765652508.798308,20.874
1765652508.831521,4170,256,1765652508.810575,20.946
1765652508.834973,4171,256,1765652508.814082,20.891
1765652508.835481,4172,256,1765652508.814665,20.816
1765652508.840044,4173,256,1765652508.819146,20.898
1765652508.842225,4174,256,1765652508.821301,20.924
1765652508.847306,4175,256,1765652508.826396,20.910
1765652508.853341,4176,256,1765652508.832134,21.207
1765652508.866277,4177,256,1765652508.845323,20.954
1765652508.868548,4178,256,1765652508.847679,20.869
1765652508.870337,4179,256,1765652508.849402,20.935
1765652508.871094,4180,256,1765652508.850207,20.887
1765652508.871955,4181,256,1765652508.851061,20.894
1765652508.874006,4182,256,1765652508.852931,21.075
1765652508.875233,4183,256,1765652508.854356,20.877
1765652508.898695,4184,256,1765652508.877793,20.902
1765652508.899452,4185,256,1765652508.878598,20.854
1765652508.900054,4186,256,1765652508.879241,20.812
1765652508.900435,4187,256,1765652508.879389,21.045
1765652508.908483,4188,256,1765652508.887478,21.005
1765652508.911290,4189,256,1765652508.890342,20.948
1765652508.912801,4190,256,1765652508.891954,20.847
1765652508.915916,4191,256,1765652508.894954,20.962
1765652508.920186,4192,256,1765652508.899138,21.048
1765652508.920958,4193,256,1765652508.899857,21.101
1765652508.928082,4194,256,1765652508.907107,20.975
1765652508.929406,4195,256,1765652508.908483,20.924
1765652508.930939,4196,256,1765652508.910068,20.872
1765652508.937686,4197,256,1765652508.916783,20.904
1765652508.939287,4198,256,1765652508.918274,21.013
1765652508.941585,4199,256,1765652508.920669,20.916
1765652508.948766,4200,256,1765652508.927848,20.918
1765652508.949772,4201,256,1765652508.928909,20.863
1765652508.951151,4202,256,1765652508.930211,20.941
1765652508.954851,4203,256,1765652508.933927,20.924
1765652508.959875,4204,256,1765652508.938995,20.880
1765652508.960232,4205,256,1765652508.939394,20.838
1765652508.962590,4206,256,1765652508.941688,20.901
1765652508.973211,4207,256,1765652508.952327,20.884
1765652508.973568,4208,256,1765652508.952729,20.840
1765652508.987807,4209,256,1765652508.966790,21.017
1765652508.988193,4210,256,1765652508.967344,20.849
1765652508.993652,4211,256,1765652508.972697,20.954
1765652508.995552,4212,256,1765652508.974735,20.817
1765652508.998780,4213,256,1765652508.977855,20.925
1765652509.002592,4214,256,1765652508.980913,21.679
1765652509.005426,4215,256,1765652508.984546,20.880
1765652509.007396,4216,256,1765652508.986506,20.890
1765652509.013078,4217,256,1765652508.991888,21.189
1765652509.014226,4218,256,1765652508.993218,21.008
1765652509.014590,4219,256,1765652508.993609,20.980
1765652509.014855,4220,256,1765652508.993940,20.915
1765652509.017488,4221,256,1765652508.996487,21.002
1765652509.018513,4222,256,1765652508.997534,20.979
1765652509.019453,4223,256,1765652508.998635,20.818
1765652509.031633,4224,256,1765652509.010669,20.964
1765652509.039310,4225,256,1765652509.018436,20.874
1765652509.040105,4226,256,1765652509.019329,20.777
1765652509.041881,4227,256,1765652509.020882,20.999
1765652509.049417,4228,256,1765652509.028544,20.873
1765652509.053383,4229,256,1765652509.032480,20.904
1765652509.059465,4230,256,1765652509.038409,21.057
1765652509.060611,4231,256,1765652509.039706,20.905
1765652509.073014,4232,256,1765652509.052074,20.940
1765652509.073989,4233,256,1765652509.053110,20.879
1765652509.077693,4234,256,1765652509.056406,21.287
1765652509.079182,4235,256,1765652509.058297,20.885
1765652509.083657,4236,256,1765652509.062729,20.928
1765652509.085976,4237,256,1765652509.065086,20.890
1765652509.090912,4238,256,1765652509.070055,20.857
1765652509.091259,4239,256,1765652509.070125,21.134
1765652509.094198,4240,256,1765652509.073389,20.809
1765652509.102045,4241,256,1765652509.081158,20.887
1765652509.104524,4242,256,1765652509.083592,20.932
1765652509.104869,4243,256,1765652509.083761,21.108
1765652509.105266,4244,256,1765652509.084023,21.243
1765652509.110340,4245,256,1765652509.089443,20.897
1765652509.119027,4246,256,1765652509.098122,20.905
1765652509.119841,4247,256,1765652509.098994,20.847
1765652509.120221,4248,256,1765652509.099258,20.964
1765652509.120590,4249,256,1765652509.099312,21.278
1765652509.125759,4250,256,1765652509.104523,21.235
1765652509.128498,4251,256,1765652509.107637,20.861
1765652509.130006,4252,256,1765652509.109156,20.849
1765652509.136639,4253,256,1765652509.115749,20.890
1765652509.137263,4254,256,1765652509.116467,20.796
1765652509.142877,4255,256,1765652509.121926,20.951
1765652509.147457,4256,256,1765652509.126566,20.891
1765652509.148910,4257,256,1765652509.128016,20.894
1765652509.154198,4258,256,1765652509.132949,21.248
1765652509.154595,4259,256,1765652509.133718,20.877
1765652509.155258,4260,256,1765652509.134401,20.858
1765652509.155711,4261,256,1765652509.134854,20.857
1765652509.156442,4262,256,1765652509.135496,20.946
1765652509.162318,4263,256,1765652509.141405,20.913
1765652509.162825,4264,256,1765652509.141984,20.841
1765652509.167809,4265,256,1765652509.146891,20.918
1765652509.168943,4266,256,1765652509.148094,20.849
1765652509.170775,4267,256,1765652509.149930,20.844
1765652509.171153,4268,256,1765652509.150208,20.946
1765652509.171670,4269,256,1765652509.150882,20.788
1765652509.173739,4270,256,1765652509.152917,20.823
1765652509.174124,4271,256,1765652509.152990,21.135
1765652509.175547,4272,256,1765652509.154623,20.924
1765652509.181646,4273,256,1765652509.160715,20.931
1765652509.184275,4274,256,1765652509.163422,20.854
1765652509.187455,4275,256,1765652509.166534,20.921
1765652509.188063,4276,256,1765652509.167225,20.838
1765652509.188921,4277,256,1765652509.168055,20.866
1765652509.189276,4278,256,1765652509.168406,20.870
1765652509.189836,4279,256,1765652509.168959,20.877
1765652509.194484,4280,256,1765652509.173469,21.016
1765652509.208067,4281,256,1765652509.187140,20.927
1765652509.210907,4282,256,1765652509.190058,20.849
1765652509.221685,4283,256,1765652509.200751,20.935
1765652509.222191,4284,256,1765652509.201360,20.830
1765652509.229500,4285,256,1765652509.208535,20.965
1765652509.231704,4286,256,1765652509.210730,20.974
1765652509.233212,4287,256,1765652509.212328,20.884
1765652509.235735,4288,256,1765652509.214840,20.895
1765652509.243501,4289,256,1765652509.222520,20.981
1765652509.247461,4290,256,1765652509.226479,20.982
1765652509.250435,4291,256,1765652509.229547,20.888
1765652509.261433,4292,256,1765652509.240541,20.892
1765652509.262915,4293,256,1765652509.242068,20.847
1765652509.275834,4294,256,1765652509.254880,20.953
1765652509.278253,4295,256,1765652509.257330,20.923
1765652509.282461,4296,256,1765652509.261350,21.111
1765652509.285707,4297,256,1765652509.264759,20.947
1765652509.286611,4298,256,1765652509.265712,20.900
1765652509.288620,4299,256,1765652509.267676,20.944
1765652509.292877,4300,256,1765652509.271756,21.122
1765652509.301882,4301,256,1765652509.280886,20.996
1765652509.309697,4302,256,1765652509.288462,21.235
1765652509.312537,4303,256,1765652509.291582,20.955
1765652509.314500,4304,256,1765652509.293585,20.916
1765652509.317278,4305,256,1765652509.296346,20.932
1765652509.327825,4306,256,1765652509.306771,21.053
1765652509.331561,4307,256,1765652509.310673,20.887
1765652509.332330,4308,256,1765652509.311179,21.151
1765652509.333124,4309,256,1765652509.312139,20.985
1765652509.333910,4310,256,1765652509.312348,21.563
1765652509.334289,4311,256,1765652509.312798,21.491
1765652509.335090,4312,256,1765652509.313955,21.136
1765652509.338585,4313,256,1765652509.317681,20.904
1765652509.338957,4314,256,1765652509.317808,21.149
1765652509.339340,4315,256,1765652509.318126,21.214
1765652509.342916,4316,256,1765652509.321888,21.028
1765652509.344438,4317,256,1765652509.323625,20.813
1765652509.346400,4318,256,1765652509.325352,21.048
1765652509.349859,4319,256,1765652509.328868,20.991
1765652509.350230,4320,256,1765652509.329077,21.153
1765652509.362096,4321,256,1765652509.341148,20.948
1765652509.362449,4322,256,1765652509.341654,20.795
1765652509.363253,4323,256,1765652509.342469,20.784
1765652509.388333,4324,256,1765652509.367159,21.173
1765652509.390659,4325,256,1765652509.369738,20.921
1765652509.395160,4326,256,1765652509.374189,20.971
1765652509.413926,4327,256,1765652509.393009,20.916
1765652509.416725,4328,256,1765652509.395719,21.007
1765652509.429094,4329,256,1765652509.408023,21.071
1765652509.429869,4330,256,1765652509.408288,21.580
1765652509.430217,4331,256,1765652509.408326,21.891
1765652509.430593,4332,256,1765652509.408347,22.246
1765652509.430983,4333,256,1765652509.408366,22.617
1765652509.431364,4334,256,1765652509.408412,22.951
1765652509.431782,4335,256,1765652509.408435,23.346
1765652509.432123,4336,256,1765652509.408466,23.657
1765652509.434121,4337,256,1765652509.409369,24.752
1765652509.434506,4338,256,1765652509.412409,22.097
1765652509.437019,4339,256,1765652509.416188,20.831
1765652509.437424,4340,256,1765652509.416644,20.780
1765652509.439029,4341,256,1765652509.418223,20.806
1765652509.440904,4342,256,1765652509.420116,20.787
1765652509.442606,4343,256,1765652509.421765,20.840
1765652509.447228,4344,256,1765652509.426306,20.922
1765652509.452311,4345,256,1765652509.431443,20.868
1765652509.457695,4346,256,1765652509.436783,20.912
1765652509.460700,4347,256,1765652509.439856,20.844
1765652509.474024,4348,256,1765652509.453033,20.991
1765652509.476182,4349,256,1765652509.455297,20.884
1765652509.479043,4350,256,1765652509.458164,20.879
1765652509.481860,4351,256,1765652509.460940,20.920
1765652509.486716,4352,256,1765652509.465819,20.896
1765652509.489811,4353,256,1765652509.468917,20.894
1765652509.490201,4354,256,1765652509.468959,21.242
1765652509.490968,4355,256,1765652509.470007,20.962
1765652509.493830,4356,256,1765652509.472914,20.917
1765652509.507336,4357,256,1765652509.486344,20.992
1765652509.515018,4358,256,1765652509.493991,21.027
1765652509.518383,4359,256,1765652509.497402,20.980
1765652509.524689,4360,256,1765652509.503632,21.058
1765652509.528454,4361,256,1765652509.507466,20.988
1765652509.530499,4362,256,1765652509.509464,21.035
1765652509.530762,4363,256,1765652509.509780,20.982
1765652509.534087,4364,256,1765652509.513141,20.946
1765652509.536455,4365,256,1765652509.515450,21.005
1765652509.536769,4366,256,1765652509.515572,21.196
1765652509.538140,4367,256,1765652509.517224,20.916
1765652509.542959,4368,256,1765652509.521984,20.975
1765652509.549245,4369,256,1765652509.528297,20.949
1765652509.550940,4370,256,1765652509.530086,20.854
1765652509.555958,4371,256,1765652509.534977,20.981
1765652509.557156,4372,256,1765652509.536226,20.930
1765652509.558820,4373,256,1765652509.537885,20.935
1765652509.566554,4374,256,1765652509.545556,20.998
1765652509.569299,4375,256,1765652509.548406,20.893
1765652509.574521,4376,256,1765652509.553501,21.019
1765652509.578407,4377,256,1765652509.557488,20.919
1765652509.578729,4378,256,1765652509.557829,20.901
1765652509.582937,4379,256,1765652509.562035,20.902
1765652509.586544,4380,256,1765652509.565606,20.938
1765652509.586860,4381,256,1765652509.565781,21.079
1765652509.591220,4382,256,1765652509.569918,21.302
1765652509.595177,4383,256,1765652509.574099,21.078
1765652509.598896,4384,256,1765652509.577838,21.058
1765652509.599709,4385,256,1765652509.578813,20.895
1765652509.602328,4386,256,1765652509.581401,20.927
1765652509.602688,4387,256,1765652509.581544,21.144
1765652509.604916,4388,256,1765652509.583991,20.925
1765652509.616856,4389,256,1765652509.595896,20.960
1765652509.617391,4390,256,1765652509.596565,20.826
1765652509.621022,4391,256,1765652509.600147,20.875
1765652509.621965,4392,256,1765652509.601079,20.887
1765652509.622311,4393,256,1765652509.601338,20.973
1765652509.624287,4394,256,1765652509.603437,20.850
1765652509.624712,4395,256,1765652509.603911,20.801
1765652509.625790,4396,256,1765652509.604953,20.837
1765652509.628189,4397,256,1765652509.607322,20.867
1765652509.631403,4398,256,1765652509.610336,21.067
1765652509.631646,4399,256,1765652509.610575,21.071
1765652509.634260,4400,256,1765652509.613361,20.900
1765652509.636510,4401,256,1765652509.615512,20.998
1765652509.636794,4402,256,1765652509.615905,20.890
1765652509.638643,4403,256,1765652509.617619,21.024
1765652509.642948,4404,256,1765652509.622040,20.908
1765652509.644333,4405,256,1765652509.623392,20.941
1765652509.646659,4406,256,1765652509.625774,20.885
1765652509.649864,4407,256,1765652509.628896,20.968
1765652509.653038,4408,256,1765652509.631997,21.040
1765652509.653325,4409,256,1765652509.632195,21.130
1765652509.654830,4410,256,1765652509.633700,21.130
1765652509.659566,4411,256,1765652509.638495,21.071
1765652509.663646,4412,256,1765652509.642769,20.877
1765652509.664047,4413,256,1765652509.643003,21.043
1765652509.669965,4414,256,1765652509.649055,20.909
1765652509.670321,4415,256,1765652509.649185,21.136
1765652509.673602,4416,256,1765652509.652706,20.895
1765652509.675919,4417,256,1765652509.654827,21.091
1765652509.676152,4418,256,1765652509.655048,21.104
1765652509.677925,4419,256,1765652509.656937,20.988
1765652509.679936,4420,256,1765652509.658946,20.990
1765652509.680259,4421,256,1765652509.659309,20.950
1765652509.682971,4422,256,1765652509.662094,20.878
1765652509.683822,4423,256,1765652509.662968,20.854
1765652509.692158,4424,256,1765652509.671137,21.022
1765652509.698318,4425,256,1765652509.677387,20.931
1765652509.704466,4426,256,1765652509.683467,20.999
1765652509.708197,4427,256,1765652509.687282,20.915
1765652509.710755,4428,256,1765652509.689845,20.910
1765652509.712258,4429,256,1765652509.691384,20.874
1765652509.716426,4430,256,1765652509.695519,20.907
1765652509.729120,4431,256,1765652509.708021,21.099
1765652509.729533,4432,256,1765652509.708659,20.874
1765652509.731214,4433,256,1765652509.710077,21.137
1765652509.731585,4434,256,1765652509.710725,20.860
1765652509.737229,4435,256,1765652509.716197,21.031
1765652509.739458,4436,256,1765652509.718441,21.016
1765652509.739816,4437,256,1765652509.718723,21.093
1765652509.744126,4438,256,1765652509.723197,20.929
1765652509.744540,4439,256,1765652509.723570,20.971
1765652509.745996,4440,256,1765652509.725124,20.872
1765652509.752036,4441,256,1765652509.731137,20.899
1765652509.755054,4442,256,1765652509.734185,20.869
1765652509.757732,4443,256,1765652509.736859,20.874
1765652509.758290,4444,256,1765652509.737466,20.824
1765652509.759173,4445,256,1765652509.738204,20.969
1765652509.759513,4446,256,1765652509.738270,21.243
1765652509.760579,4447,256,1765652509.739710,20.869
1765652509.763796,4448,256,1765652509.742864,20.933
1765652509.764625,4449,256,1765652509.743709,20.916
1765652509.766672,4450,256,1765652509.745623,21.049
1765652509.779858,4451,256,1765652509.758935,20.923
1765652509.780643,4452,256,1765652509.759062,21.581
1765652509.781998,4453,256,1765652509.761099,20.899
1765652509.786894,4454,256,1765652509.765488,21.406
1765652509.786988,4455,256,1765652509.765979,21.010
1765652509.787727,4456,256,1765652509.766762,20.965
1765652509.791895,4457,256,1765652509.770928,20.967
1765652509.794867,4458,256,1765652509.773930,20.937
1765652509.798239,4459,256,1765652509.777387,20.852
1765652509.800115,4460,256,1765652509.779236,20.879
1765652509.800923,4461,256,1765652509.779693,21.230
1765652509.803845,4462,256,1765652509.782880,20.965
1765652509.818107,4463,256,1765652509.797076,21.031
1765652509.818434,4464,256,1765652509.797566,20.868
1765652509.820366,4465,256,1765652509.799297,21.069
1765652509.824407,4466,256,1765652509.803270,21.136
1765652509.824526,4467,256,1765652509.803607,20.919
1765652509.825299,4468,256,1765652509.804401,20.898
1765652509.826856,4469,256,1765652509.805924,20.932
1765652509.836120,4470,256,1765652509.815160,20.960
1765652509.836405,4471,256,1765652509.815326,21.078
1765652509.837343,4472,256,1765652509.816468,20.875
1765652509.843821,4473,256,1765652509.822881,20.940
1765652509.851975,4474,256,1765652509.830996,20.979
1765652509.852246,4475,256,1765652509.831264,20.982
1765652509.852660,4476,256,1765652509.831364,21.295
1765652509.854336,4477,256,1765652509.833383,20.952
1765652509.863682,4478,256,1765652509.842606,21.076
1765652509.864026,4479,256,1765652509.843120,20.906
1765652509.872856,4480,256,1765652509.851939,20.917
1765652509.875432,4481,256,1765652509.854548,20.884
1765652509.880020,4482,256,1765652509.858981,21.039
1765652509.885838,4483,256,1765652509.864798,21.040
1765652509.886527,4484,256,1765652509.864945,21.582
1765652509.897513,4485,256,1765652509.876598,20.915
1765652509.901723,4486,256,1765652509.880740,20.983
1765652509.908751,4487,256,1765652509.887796,20.955
1765652509.909099,4488,256,1765652509.888252,20.848
1765652509.912399,4489,256,1765652509.891526,20.873
1765652509.913656,4490,256,1765652509.892789,20.868
1765652509.915453,4491,256,1765652509.894542,20.912
1765652509.920458,4492,256,1765652509.899561,20.897
1765652509.921247,4493,256,1765652509.900249,20.998
1765652509.922002,4494,256,1765652509.901134,20.867
1765652509.923726,4495,256,1765652509.902924,20.802
1765652509.925772,4496,256,1765652509.904862,20.911
1765652509.933040,4497,256,1765652509.912162,20.878
1765652509.939426,4498,256,1765652509.918533,20.892
1765652509.942641,4499,256,1765652509.921712,20.930
1765652509.943414,4500,256,1765652509.922445,20.969
1765652509.947269,4501,256,1765652509.926393,20.877
1765652509.948660,4502,256,1765652509.927760,20.900
1765652509.951492,4503,256,1765652509.930649,20.843
1765652509.954686,4504,256,1765652509.933755,20.931
1765652509.969694,4505,256,1765652509.948366,21.328
1765652509.971348,4506,256,1765652509.950483,20.865
1765652509.971734,4507,256,1765652509.950834,20.900
1765652509.979418,4508,256,1765652509.958333,21.085
1765652509.980564,4509,256,1765652509.959732,20.832
1765652509.984693,4510,256,1765652509.963826,20.867
1765652509.987502,4511,256,1765652509.966537,20.966
1765652509.988501,4512,256,1765652509.967429,21.071
1765652509.991333,4513,256,1765652509.970392,20.940
1765652509.996567,4514,256,1765652509.975606,20.962
1765652510.005647,4515,256,1765652509.984413,21.235
1765652510.008296,4516,256,1765652509.987404,20.892
1765652510.011858,4517,256,1765652509.989918,21.939
1765652510.027362,4518,256,1765652510.006275,21.086
1765652510.028862,4519,256,1765652510.007942,20.920
1765652510.033687,4520,256,1765652510.012694,20.993
1765652510.037968,4521,256,1765652510.017029,20.939
1765652510.038783,4522,256,1765652510.017574,21.209
1765652510.039385,4523,256,1765652510.018513,20.871
1765652510.039786,4524,256,1765652510.018651,21.135
1765652510.040161,4525,256,1765652510.018985,21.177
1765652510.043353,4526,256,1765652510.021995,21.358
1765652510.045492,4527,256,1765652510.024475,21.017
1765652510.045784,4528,256,1765652510.024856,20.928
1765652510.056759,4529,256,1765652510.035777,20.983
1765652510.061359,4530,256,1765652510.040365,20.994
1765652510.077960,4531,256,1765652510.057039,20.921
1765652510.079603,4532,256,1765652510.058691,20.912
1765652510.081083,4533,256,1765652510.060226,20.857
1765652510.082235,4534,256,1765652510.061390,20.844
1765652510.085724,4535,256,1765652510.064749,20.976
1765652510.086478,4536,256,1765652510.065593,20.885
1765652510.086928,4537,256,1765652510.066112,20.816
1765652510.087416,4538,256,1765652510.066591,20.824
1765652510.088891,4539,256,1765652510.068072,20.819
1765652510.089335,4540,256,1765652510.068557,20.778
1765652510.090632,4541,256,1765652510.069744,20.888
1765652510.091684,4542,256,1765652510.070781,20.903
1765652510.100685,4543,256,1765652510.079519,21.166
1765652510.101068,4544,256,1765652510.079960,21.107
1765652510.111759,4545,256,1765652510.090784,20.975
1765652510.116954,4546,256,1765652510.095978,20.975
1765652510.119549,4547,256,1765652510.098641,20.908
1765652510.126246,4548,256,1765652510.105277,20.969
1765652510.128098,4549,256,1765652510.107135,20.963
1765652510.130674,4550,256,1765652510.109739,20.935
1765652510.138118,4551,256,1765652510.117192,20.926
1765652510.140431,4552,256,1765652510.119561,20.869
1765652510.143967,4553,256,1765652510.123088,20.879
1765652510.144783,4554,256,1765652510.123955,20.828
1765652510.149131,4555,256,1765652510.128208,20.923
1765652510.157032,4556,256,1765652510.136058,20.974
1765652510.158737,4557,256,1765652510.137861,20.877
1765652510.161399,4558,256,1765652510.140434,20.965
1765652510.162151,4559,256,1765652510.141249,20.902
1765652510.167577,4560,256,1765652510.146610,20.967
1765652510.168675,4561,256,1765652510.147512,21.163
1765652510.169142,4562,256,1765652510.148250,20.892
1765652510.174699,4563,256,1765652510.153705,20.994
1765652510.178702,4564,256,1765652510.157782,20.921
1765652510.183089,4565,256,1765652510.162133,20.956
1765652510.186471,4566,256,1765652510.165604,20.867
1765652510.192732,4567,256,1765652510.171723,21.009
1765652510.193010,4568,256,1765652510.171844,21.166
1765652510.193349,4569,256,1765652510.172402,20.947
1765652510.195766,4570,256,1765652510.174911,20.855
1765652510.196671,4571,256,1765652510.175853,20.818
1765652510.200929,4572,256,1765652510.180082,20.847
1765652510.204960,4573,256,1765652510.184057,20.902
1765652510.209721,4574,256,1765652510.188824,20.897
1765652510.215553,4575,256,1765652510.194657,20.896
1765652510.215919,4576,256,1765652510.194754,21.165
1765652510.217680,4577,256,1765652510.196814,20.866
1765652510.222838,4578,256,1765652510.201949,20.889
1765652510.229077,4579,256,1765652510.208179,20.897
1765652510.234889,4580,256,1765652510.214008,20.881
1765652510.241647,4581,256,1765652510.220677,20.970
1765652510.247255,4582,256,1765652510.226309,20.946
1765652510.250620,4583,256,1765652510.229700,20.920
1765652510.255626,4584,256,1765652510.234632,20.994
1765652510.258114,4585,256,1765652510.237126,20.988
1765652510.258434,4586,256,1765652510.237541,20.893
1765652510.260502,4587,256,1765652510.239575,20.927
1765652510.263704,4588,256,1765652510.242598,21.106
1765652510.265511,4589,256,1765652510.244634,20.877
1765652510.266262,4590,256,1765652510.245412,20.850
1765652510.267126,4591,256,1765652510.246246,20.880
1765652510.267835,4592,256,1765652510.246980,20.855
1765652510.271089,4593,256,1765652510.250115,20.974
1765652510.273844,4594,256,1765652510.252923,20.921
1765652510.279898,4595,256,1765652510.258956,20.942
1765652510.284234,4596,256,1765652510.263330,20.904
1765652510.287916,4597,256,1765652510.266827,21.089
1765652510.289478,4598,256,1765652510.268483,20.995
1765652510.291887,4599,256,1765652510.271000,20.887
1765652510.292229,4600,256,1765652510.271120,21.108
1765652510.293700,4601,256,1765652510.272874,20.826
1765652510.295111,4602,256,1765652510.274231,20.880
1765652510.298975,4603,256,1765652510.278083,20.892
1765652510.304332,4604,256,1765652510.283349,20.983
1765652510.304648,4605,256,1765652510.283755,20.894
1765652510.305628,4606,256,1765652510.284688,20.940
1765652510.310411,4607,256,1765652510.289366,21.045
1765652510.311144,4608,256,1765652510.289704,21.440
1765652510.315728,4609,256,1765652510.294760,20.968
1765652510.322245,4610,256,1765652510.301280,20.965
1765652510.326654,4611,256,1765652510.305721,20.934
1765652510.331772,4612,256,1765652510.310805,20.967
1765652510.343446,4613,256,1765652510.322474,20.971
1765652510.347154,4614,256,1765652510.326247,20.907
1765652510.349669,4615,256,1765652510.328786,20.883
1765652510.352676,4616,256,1765652510.331785,20.891
1765652510.354390,4617,256,1765652510.333367,21.024
1765652510.362543,4618,256,1765652510.341576,20.967
1765652510.363482,4619,256,1765652510.342585,20.898
1765652510.364885,4620,256,1765652510.343825,21.060
1765652510.366068,4621,256,1765652510.345161,20.906
1765652510.368840,4622,256,1765652510.347540,21.300
1765652510.369148,4623,256,1765652510.347749,21.399
1765652510.369612,4624,256,1765652510.348049,21.563
1765652510.370794,4625,256,1765652510.349887,20.908
1765652510.374242,4626,256,1765652510.353278,20.964
1765652510.376741,4627,256,1765652510.355418,21.323
1765652510.379638,4628,256,1765652510.358540,21.098
1765652510.379827,4629,256,1765652510.358670,21.156
1765652510.384417,4630,256,1765652510.363452,20.964
1765652510.387856,4631,256,1765652510.366908,20.948
1765652510.388644,4632,256,1765652510.367790,20.854
1765652510.391259,4633,256,1765652510.370281,20.978
1765652510.392406,4634,256,1765652510.371489,20.917
1765652510.403900,4635,256,1765652510.382929,20.971
1765652510.406480,4636,256,1765652510.385239,21.241
1765652510.411114,4637,256,1765652510.390151,20.964
1765652510.411835,4638,256,1765652510.390898,20.937
1765652510.412223,4639,256,1765652510.391058,21.165
1765652510.413637,4640,256,1765652510.392573,21.064
1765652510.414636,4641,256,1765652510.393717,20.918
1765652510.415440,4642,256,1765652510.394544,20.895
1765652510.415867,4643,256,1765652510.394987,20.880
1765652510.420654,4644,256,1765652510.399688,20.966
1765652510.421036,4645,256,1765652510.399858,21.177
1765652510.421426,4646,256,1765652510.400300,21.126
1765652510.435520,4647,256,1765652510.414577,20.943
1765652510.437950,4648,256,1765652510.417013,20.937
1765652510.440853,4649,256,1765652510.419348,21.505
1765652510.442255,4650,256,1765652510.421309,20.946
1765652510.442636,4651,256,1765652510.421473,21.163
1765652510.443589,4652,256,1765652510.422664,20.925
1765652510.450781,4653,256,1765652510.429832,20.948
1765652510.452540,4654,256,1765652510.431616,20.925
1765652510.453598,4655,256,1765652510.432720,20.878
1765652510.462685,4656,256,1765652510.441689,20.996
1765652510.464363,4657,256,1765652510.443453,20.910
1765652510.468268,4658,256,1765652510.447361,20.906
1765652510.473726,4659,256,1765652510.452776,20.950
1765652510.477077,4660,256,1765652510.456149,20.928
1765652510.477824,4661,256,1765652510.456881,20.944
1765652510.478555,4662,256,1765652510.457634,20.921
1765652510.491900,4663,256,1765652510.470930,20.970
1765652510.507039,4664,256,1765652510.486123,20.916
1765652510.516474,4665,256,1765652510.495573,20.901
1765652510.518064,4666,256,1765652510.497178,20.886
1765652510.518473,4667,256,1765652510.497509,20.964
1765652510.519181,4668,256,1765652510.498327,20.854
1765652510.521726,4669,256,1765652510.500790,20.937
1765652510.533481,4670,256,1765652510.512527,20.954
1765652510.544835,4671,256,1765652510.523793,21.042
1765652510.545315,4672,256,1765652510.524398,20.916
1765652510.548905,4673,256,1765652510.527917,20.988
1765652510.550472,4674,256,1765652510.529558,20.914
1765652510.550861,4675,256,1765652510.529824,21.037
1765652510.555882,4676,256,1765652510.534924,20.958
1765652510.556398,4677,256,1765652510.535497,20.901
1765652510.560001,4678,256,1765652510.539029,20.972
1765652510.561110,4679,256,1765652510.540192,20.918
1765652510.563389,4680,256,1765652510.542466,20.923
1765652510.569515,4681,256,1765652510.548567,20.949
1765652510.572877,4682,256,1765652510.551977,20.899
1765652510.577292,4683,256,1765652510.556321,20.971
1765652510.580523,4684,256,1765652510.559620,20.904
1765652510.583458,4685,256,1765652510.562460,20.998
1765652510.584216,4686,256,1765652510.563344,20.872
1765652510.585518,4687,256,1765652510.564522,20.996
1765652510.588547,4688,256,1765652510.567623,20.924
1765652510.600872,4689,256,1765652510.579850,21.022
1765652510.601213,4690,256,1765652510.580277,20.936
1765652510.621305,4691,256,1765652510.600332,20.972
1765652510.621651,4692,256,1765652510.600537,21.114
1765652510.622893,4693,256,1765652510.601879,21.013
1765652510.623434,4694,256,1765652510.602504,20.930
1765652510.623818,4695,256,1765652510.602599,21.219
1765652510.624169,4696,256,1765652510.603011,21.158
1765652510.628864,4697,256,1765652510.607861,21.003
1765652510.632124,4698,256,1765652510.611133,20.990
1765652510.634003,4699,256,1765652510.613071,20.932
1765652510.635036,4700,256,1765652510.614122,20.914
1765652510.641298,4701,256,1765652510.620240,21.058
1765652510.646880,4702,256,1765652510.625924,20.956
1765652510.647935,4703,256,1765652510.627050,20.886
1765652510.648340,4704,256,1765652510.627094,21.247
1765652510.650219,4705,256,1765652510.629248,20.972
1765652510.651510,4706,256,1765652510.630559,20.951
1765652510.651823,4707,256,1765652510.631014,20.809
1765652510.652526,4708,256,1765652510.631655,20.871
1765652510.667086,4709,256,1765652510.646097,20.989
1765652510.669464,4710,256,1765652510.648584,20.880
1765652510.672573,4711,256,1765652510.651519,21.054
1765652510.673906,4712,256,1765652510.653064,20.841
1765652510.677563,4713,256,1765652510.656701,20.863
1765652510.680074,4714,256,1765652510.659172,20.902
1765652510.685875,4715,256,1765652510.664902,20.972
1765652510.687715,4716,256,1765652510.666826,20.889
1765652510.696603,4717,256,1765652510.675550,21.053
1765652510.700018,4718,256,1765652510.678897,21.121
1765652510.703120,4719,256,1765652510.681951,21.169
1765652510.716242,4720,256,1765652510.695158,21.084
1765652510.718957,4721,256,1765652510.697988,20.969
1765652510.725637,4722,256,1765652510.704582,21.054
1765652510.731989,4723,256,1765652510.710895,21.094
1765652510.732263,4724,256,1765652510.711085,21.178
1765652510.732630,4725,256,1765652510.711135,21.495
1765652510.742559,4726,256,1765652510.721579,20.981
1765652510.742919,4727,256,1765652510.721942,20.976
1765652510.747708,4728,256,1765652510.726796,20.913
1765652510.748253,4729,256,1765652510.727461,20.793
1765652510.750481,4730,256,1765652510.729601,20.880
1765652510.751810,4731,256,1765652510.730991,20.819
1765652510.752549,4732,256,1765652510.731751,20.798
1765652510.762910,4733,256,1765652510.742021,20.889
1765652510.763262,4734,256,1765652510.742368,20.895
1765652510.766314,4735,256,1765652510.745339,20.975
1765652510.770960,4736,256,1765652510.749977,20.983
1765652510.776524,4737,256,1765652510.755498,21.026
1765652510.776857,4738,256,1765652510.756067,20.791
1765652510.777673,4739,256,1765652510.756776,20.898
1765652510.779528,4740,256,1765652510.758682,20.846
1765652510.785487,4741,256,1765652510.764575,20.912
1765652510.785817,4742,256,1765652510.764883,20.934
1765652510.790007,4743,256,1765652510.768930,21.077
1765652510.801406,4744,256,1765652510.780554,20.852
1765652510.804764,4745,256,1765652510.783909,20.855
1765652510.809850,4746,256,1765652510.788977,20.872
1765652510.811117,4747,256,1765652510.790267,20.849
1765652510.811537,4748,256,1765652510.790724,20.813
1765652510.811910,4749,256,1765652510.790967,20.943
1765652510.812312,4750,256,1765652510.791242,21.070
1765652510.826110,4751,256,1765652510.805230,20.880
1765652510.831162,4752,256,1765652510.810275,20.887
1765652510.833968,4753,256,1765652510.813064,20.905
1765652510.838061,4754,256,1765652510.816966,21.096
1765652510.844578,4755,256,1765652510.823658,20.919
1765652510.846714,4756,256,1765652510.825816,20.897
1765652510.851068,4757,256,1765652510.830181,20.888
1765652510.855946,4758,256,1765652510.834994,20.952
1765652510.856235,4759,256,1765652510.835145,21.090
1765652510.858199,4760,256,1765652510.837348,20.850
1765652510.862562,4761,256,1765652510.841659,20.903
1765652510.863467,4762,256,1765652510.841863,21.605
1765652510.872045,4763,256,1765652510.851011,21.034
1765652510.878201,4764,256,1765652510.857196,21.005
1765652510.885693,4765,256,1765652510.864811,20.882
1765652510.891704,4766,256,1765652510.870780,20.924
1765652510.892452,4767,256,1765652510.871646,20.807
1765652510.894641,4768,256,1765652510.873682,20.959
1765652510.894988,4769,256,1765652510.873766,21.222
1765652510.895341,4770,256,1765652510.874539,20.802
1765652510.895742,4771,256,1765652510.874591,21.151
1765652510.896182,4772,256,1765652510.874724,21.458
1765652510.896978,4773,256,1765652510.876110,20.868
1765652510.897637,4774,256,1765652510.876826,20.812
1765652510.902550,4775,256,1765652510.881465,21.085
1765652510.906750,4776,256,1765652510.885712,21.038
1765652510.907721,4777,256,1765652510.886863,20.859
1765652510.908289,4778,256,1765652510.887387,20.902
1765652510.909438,4779,256,1765652510.888629,20.809
1765652510.918738,4780,256,1765652510.897766,20.972
1765652510.920788,4781,256,1765652510.899886,20.902
1765652510.923551,4782,256,1765652510.902535,21.016
1765652510.924569,4783,256,1765652510.903297,21.272
1765652510.925972,4784,256,1765652510.904929,21.043
1765652510.932102,4785,256,1765652510.910964,21.137
1765652510.935312,4786,256,1765652510.914360,20.951
1765652510.945670,4787,256,1765652510.924660,21.010
1765652510.949041,4788,256,1765652510.928066,20.975
1765652510.951638,4789,256,1765652510.930575,21.063
1765652510.957366,4790,256,1765652510.936410,20.956
1765652510.961005,4791,256,1765652510.940074,20.931
1765652510.962466,4792,256,1765652510.941576,20.889
1765652510.963639,4793,256,1765652510.942685,20.954
1765652510.964962,4794,256,1765652510.944103,20.859
1765652510.967325,4795,256,1765652510.946282,21.042
1765652510.967583,4796,256,1765652510.946365,21.218
1765652510.975482,4797,256,1765652510.954537,20.945
1765652510.976614,4798,256,1765652510.955744,20.870
1765652510.979439,4799,256,1765652510.958536,20.903
1765652510.979766,4800,256,1765652510.958643,21.124
1765652510.981401,4801,256,1765652510.960547,20.854
1765652510.991189,4802,256,1765652510.970257,20.932
1765652510.991522,4803,256,1765652510.970692,20.830
1765652510.992104,4804,256,1765652510.970739,21.366
1765652511.003578,4805,256,1765652510.982424,21.154
1765652511.006553,4806,256,1765652510.985546,21.008
1765652511.009335,4807,256,1765652510.988428,20.907
1765652511.014764,4808,256,1765652510.993794,20.970
1765652511.019499,4809,256,1765652510.998577,20.922
1765652511.020338,4810,256,1765652510.999417,20.920
1765652511.021281,4811,256,1765652511.000429,20.852
1765652511.022249,4812,256,1765652511.001407,20.842
1765652511.028682,4813,256,1765652511.007798,20.884
1765652511.029844,4814,256,1765652511.009017,20.827
1765652511.030268,4815,256,1765652511.009155,21.113
1765652511.031493,4816,256,1765652511.010452,21.041
1765652511.036477,4817,256,1765652511.015429,21.048
1765652511.045115,4818,256,1765652511.024152,20.964
1765652511.054959,4819,256,1765652511.034005,20.953
1765652511.063551,4820,256,1765652511.042613,20.938
1765652511.065031,4821,256,1765652511.044150,20.880
1765652511.066729,4822,256,1765652511.045893,20.836
1765652511.070035,4823,256,1765652511.049125,20.910
1765652511.071677,4824,256,1765652511.050789,20.888
1765652511.072933,4825,256,1765652511.052058,20.876
1765652511.074543,4826,256,1765652511.053654,20.889
1765652511.075485,4827,256,1765652511.054603,20.881
1765652511.077232,4828,256,1765652511.056301,20.931
1765652511.077567,4829,256,1765652511.056431,21.136
1765652511.077950,4830,256,1765652511.057002,20.947
1765652511.079794,4831,256,1765652511.058921,20.874
1765652511.081499,4832,256,1765652511.060654,20.845
1765652511.087979,4833,256,1765652511.066941,21.038
1765652511.089301,4834,256,1765652511.068364,20.938
1765652511.094118,4835,256,1765652511.073090,21.028
1765652511.095975,4836,256,1765652511.075026,20.949
1765652511.104739,4837,256,1765652511.083790,20.949
1765652511.106939,4838,256,1765652511.086035,20.904
1765652511.107465,4839,256,1765652511.086599,20.866
1765652511.120152,4840,256,1765652511.099040,21.113
1765652511.120563,4841,256,1765652511.099624,20.939
1765652511.120928,4842,256,1765652511.099698,21.230
1765652511.121696,4843,256,1765652511.100335,21.361
1765652511.123047,4844,256,1765652511.102177,20.870
1765652511.124233,4845,256,1765652511.103328,20.905
1765652511.127005,4846,256,1765652511.106102,20.903
1765652511.129637,4847,256,1765652511.108764,20.872
1765652511.139922,4848,256,1765652511.118968,20.954
1765652511.147988,4849,256,1765652511.126727,21.261
1765652511.148902,4850,256,1765652511.128027,20.875
1765652511.154613,4851,256,1765652511.133656,20.957
1765652511.158354,4852,256,1765652511.137395,20.959
1765652511.164403,4853,256,1765652511.143319,21.084
1765652511.169364,4854,256,1765652511.148335,21.029
1765652511.178402,4855,256,1765652511.157113,21.289
1765652511.194426,4856,256,1765652511.173401,21.026
1765652511.194710,4857,256,1765652511.173704,21.006
1765652511.201936,4858,256,1765652511.180773,21.163
1765652511.202267,4859,256,1765652511.180885,21.382
1765652511.212423,4860,256,1765652511.191420,21.003
1765652511.212621,4861,256,1765652511.191491,21.131
1765652511.227291,4862,256,1765652511.206388,20.903
1765652511.228474,4863,256,1765652511.207545,20.929
1765652511.229519,4864,256,1765652511.208619,20.900
1765652511.229933,4865,256,1765652511.208756,21.177
1765652511.231437,4866,256,1765652511.210537,20.900
1765652511.234103,4867,256,1765652511.213231,20.872
1765652511.239567,4868,256,1765652511.218683,20.884
1765652511.241464,4869,256,1765652511.220636,20.828
1765652511.251046,4870,256,1765652511.230124,20.922
1765652511.253039,4871,256,1765652511.232171,20.868
1765652511.257403,4872,256,1765652511.236542,20.861
1765652511.258874,4873,256,1765652511.238073,20.801
1765652511.263892,4874,256,1765652511.243051,20.841
1765652511.264263,4875,256,1765652511.243248,21.014
1765652511.269120,4876,256,1765652511.248309,20.811
1765652511.288436,4877,256,1765652511.267447,20.989
1765652511.297722,4878,256,1765652511.276812,20.911
1765652511.300233,4879,256,1765652511.279416,20.818
1765652511.300610,4880,256,1765652511.279695,20.916
1765652511.301016,4881,256,1765652511.279971,21.045
1765652511.302229,4882,256,1765652511.281425,20.804
1765652511.303998,4883,256,1765652511.283216,20.782
1765652511.312660,4884,256,1765652511.291772,20.889
1765652511.322692,4885,256,1765652511.301724,20.968
1765652511.324403,4886,256,1765652511.303527,20.877
1765652511.325595,4887,256,1765652511.304692,20.903
1765652511.327153,4888,256,1765652511.306186,20.967
1765652511.331461,4889,256,1765652511.310551,20.909
1765652511.331769,4890,256,1765652511.310854,20.915
1765652511.336626,4891,256,1765652511.315699,20.927
1765652511.339915,4892,256,1765652511.318982,20.933
1765652511.340919,4893,256,1765652511.320090,20.829
1765652511.343028,4894,256,1765652511.322043,20.985
1765652511.343255,4895,256,1765652511.322114,21.142
1765652511.343689,4896,256,1765652511.322147,21.542
1765652511.348486,4897,256,1765652511.327476,21.010
1765652511.350090,4898,256,1765652511.329106,20.984
1765652511.352574,4899,256,1765652511.331530,21.044
1765652511.352753,4900,256,1765652511.331650,21.103
1765652511.353168,4901,256,1765652511.332317,20.851
1765652511.356528,4902,256,1765652511.335489,21.040
1765652511.362057,4903,256,1765652511.341081,20.976
1765652511.362317,4904,256,1765652511.341386,20.931
1765652511.368431,4905,256,1765652511.347403,21.028
1765652511.371498,4906,256,1765652511.350490,21.008
1765652511.371849,4907,256,1765652511.350763,21.086
1765652511.372139,4908,256,1765652511.350969,21.170
1765652511.380096,4909,256,1765652511.359159,20.936
1765652511.381294,4910,256,1765652511.360453,20.841
1765652511.381700,4911,256,1765652511.360605,21.094
1765652511.395509,4912,256,1765652511.374542,20.967
1765652511.401050,4913,256,1765652511.380045,21.005
1765652511.401571,4914,256,1765652511.380724,20.847
1765652511.404939,4915,256,1765652511.383939,21.000
1765652511.406910,4916,256,1765652511.385967,20.943
1765652511.409947,4917,256,1765652511.389047,20.899
1765652511.410507,4918,256,1765652511.389698,20.810
1765652511.411775,4919,256,1765652511.390983,20.792
1765652511.413927,4920,256,1765652511.393029,20.897
1765652511.414297,4921,256,1765652511.393491,20.807
1765652511.416854,4922,256,1765652511.395959,20.895
1765652511.418034,4923,256,1765652511.397194,20.840
1765652511.421173,4924,256,1765652511.400320,20.853
1765652511.425088,4925,256,1765652511.404197,20.891
1765652511.427778,4926,256,1765652511.406923,20.855
1765652511.438262,4927,256,1765652511.417355,20.908
1765652511.443740,4928,256,1765652511.422850,20.890
1765652511.446287,4929,256,1765652511.425232,21.055
1765652511.448918,4930,256,1765652511.428015,20.903
1765652511.460154,4931,256,1765652511.439229,20.924
1765652511.460640,4932,256,1765652511.439665,20.975
1765652511.463917,4933,256,1765652511.442988,20.929
1765652511.466909,4934,256,1765652511.446012,20.897
1765652511.467704,4935,256,1765652511.446864,20.840
1765652511.470512,4936,256,1765652511.449564,20.949
1765652511.471635,4937,256,1765652511.450793,20.842
1765652511.472006,4938,256,1765652511.450953,21.053
1765652511.475947,4939,256,1765652511.455054,20.893
1765652511.478131,4940,256,1765652511.457172,20.959
1765652511.479613,4941,256,1765652511.458724,20.889
1765652511.482802,4942,256,1765652511.461901,20.901
1765652511.493006,4943,256,1765652511.472043,20.963
1765652511.497781,4944,256,1765652511.476828,20.954
1765652511.498056,4945,256,1765652511.477153,20.903
1765652511.501130,4946,256,1765652511.480181,20.949
1765652511.502903,4947,256,1765652511.481935,20.969
1765652511.503773,4948,256,1765652511.482884,20.889
1765652511.504883,4949,256,1765652511.484044,20.839
1765652511.506263,4950,256,1765652511.485416,20.847
1765652511.511565,4951,256,1765652511.490541,21.024
1765652511.512983,4952,256,1765652511.492119,20.864
1765652511.516584,4953,256,1765652511.495644,20.940
1765652511.518486,4954,256,1765652511.497517,20.969
1765652511.522003,4955,256,1765652511.501000,21.003
1765652511.522267,4956,256,1765652511.501202,21.065
1765652511.523496,4957,256,1765652511.502263,21.233
1765652511.523856,4958,256,1765652511.502526,21.330
1765652511.530065,4959,256,1765652511.509168,20.897
1765652511.530481,4960,256,1765652511.509507,20.974
1765652511.538868,4961,256,1765652511.517795,21.073
1765652511.540326,4962,256,1765652511.519458,20.868
1765652511.541415,4963,256,1765652511.520404,21.011
1765652511.541770,4964,256,1765652511.520488,21.282
1765652511.544331,4965,256,1765652511.523453,20.877
1765652511.548244,4966,256,1765652511.527309,20.935
1765652511.556586,4967,256,1765652511.535607,20.979
1765652511.566955,4968,256,1765652511.546015,20.940
1765652511.569245,4969,256,1765652511.548368,20.877
1765652511.569613,4970,256,1765652511.548472,21.141
1765652511.570664,4971,256,1765652511.549830,20.834
1765652511.572309,4972,256,1765652511.551457,20.852
1765652511.577266,4973,256,1765652511.556363,20.903
1765652511.578975,4974,256,1765652511.558024,20.951
1765652511.580487,4975,256,1765652511.559557,20.930
1765652511.582417,4976,256,1765652511.561437,20.981
1765652511.588027,4977,256,1765652511.567144,20.884
1765652511.591463,4978,256,1765652511.570398,21.065
1765652511.592098,4979,256,1765652511.571198,20.900
1765652511.599999,4980,256,1765652511.579061,20.938
1765652511.601687,4981,256,1765652511.580686,21.001
1765652511.602231,4982,256,1765652511.581418,20.813
1765652511.602603,4983,256,1765652511.581780,20.823
1765652511.612918,4984,256,1765652511.591945,20.973
1765652511.616435,4985,256,1765652511.595008,21.428
1765652511.618223,4986,256,1765652511.597335,20.888
1765652511.621875,4987,256,1765652511.600899,20.976
1765652511.622161,4988,256,1765652511.600980,21.181
1765652511.625430,4989,256,1765652511.604213,21.217
1765652511.626536,4990,256,1765652511.605448,21.087
1765652511.636591,4991,256,1765652511.615742,20.849
1765652511.637223,4992,256,1765652511.616430,20.792
1765652511.641229,4993,256,1765652511.620333,20.896
1765652511.641810,4994,256,1765652511.620942,20.868
1765652511.644887,4995,256,1765652511.624046,20.841
1765652511.646716,4996,256,1765652511.625853,20.863
1765652511.648246,4997,256,1765652511.627400,20.846
1765652511.648885,4998,256,1765652511.628053,20.832
1765652511.651035,4999,256,1765652511.630138,20.897
1765652511.658314,5000,256,1765652511.637352,20.961
1765652511.660426,5001,256,1765652511.639522,20.905
1765652511.660833,5002,256,1765652511.639669,21.165
1765652511.663681,5003,256,1765652511.642778,20.903
1765652511.664069,5004,256,1765652511.642938,21.130
1765652511.667505,5005,256,1765652511.646649,20.856
1765652511.668899,5006,256,1765652511.647998,20.900
1765652511.669716,5007,256,1765652511.648861,20.854
1765652511.679807,5008,256,1765652511.658850,20.957
1765652511.681690,5009,256,1765652511.660669,21.020
1765652511.682471,5010,256,1765652511.661619,20.852
1765652511.682879,5011,256,1765652511.661858,21.021
1765652511.684964,5012,256,1765652511.664026,20.938
1765652511.694760,5013,256,1765652511.673802,20.958
1765652511.696947,5014,256,1765652511.676046,20.900
1765652511.704428,5015,256,1765652511.683458,20.970
1765652511.713539,5016,256,1765652511.692251,21.287
1765652511.716813,5017,256,1765652511.695868,20.945
1765652511.718352,5018,256,1765652511.696806,21.546
1765652511.729029,5019,256,1765652511.708151,20.878
1765652511.729517,5020,256,1765652511.708718,20.799
1765652511.729909,5021,256,1765652511.708764,21.145
1765652511.730644,5022,256,1765652511.709777,20.867
1765652511.734336,5023,256,1765652511.713386,20.950
1765652511.735016,5024,256,1765652511.714144,20.872
1765652511.738211,5025,256,1765652511.717320,20.891
1765652511.738581,5026,256,1765652511.717725,20.856
1765652511.739683,5027,256,1765652511.718816,20.867
1765652511.740077,5028,256,1765652511.718842,21.235
1765652511.740470,5029,256,1765652511.719342,21.128
1765652511.742212,5030,256,1765652511.721347,20.865
1765652511.747283,5031,256,1765652511.726406,20.877
1765652511.758630,5032,256,1765652511.737697,20.933
1765652511.765206,5033,256,1765652511.744260,20.946
1765652511.770084,5034,256,1765652511.749189,20.895
1765652511.780755,5035,256,1765652511.759857,20.898
1765652511.783798,5036,256,1765652511.762946,20.853
1765652511.784826,5037,256,1765652511.763980,20.846
1765652511.786824,5038,256,1765652511.765966,20.858
1765652511.787199,5039,256,1765652511.766095,21.104
1765652511.789475,5040,256,1765652511.768533,20.943
1765652511.793156,5041,256,1765652511.772206,20.950
1765652511.795011,5042,256,1765652511.773909,21.102
1765652511.795356,5043,256,1765652511.774473,20.883
1765652511.808094,5044,256,1765652511.787085,21.009
1765652511.808640,5045,256,1765652511.787776,20.864
1765652511.811428,5046,256,1765652511.790555,20.873
1765652511.811879,5047,256,1765652511.790827,21.052
1765652511.812994,5048,256,1765652511.792138,20.855
1765652511.822800,5049,256,1765652511.801838,20.963
1765652511.825391,5050,256,1765652511.804395,20.996
1765652511.828153,5051,256,1765652511.807247,20.906
1765652511.841252,5052,256,1765652511.820324,20.927
1765652511.844311,5053,256,1765652511.823397,20.914
1765652511.850403,5054,256,1765652511.829453,20.950
1765652511.860864,5055,256,1765652511.839850,21.014
1765652511.868773,5056,256,1765652511.847837,20.936
1765652511.873280,5057,256,1765652511.852416,20.863
1765652511.873652,5058,256,1765652511.852535,21.117
1765652511.876961,5059,256,1765652511.856009,20.951
1765652511.880563,5060,256,1765652511.859552,21.011
1765652511.880846,5061,256,1765652511.859771,21.075
1765652511.881267,5062,256,1765652511.859833,21.434
1765652511.886449,5063,256,1765652511.865540,20.909
1765652511.887215,5064,256,1765652511.865850,21.364
1765652511.887672,5065,256,1765652511.866756,20.916
1765652511.890172,5066,256,1765652511.869231,20.941
1765652511.892434,5067,256,1765652511.871345,21.089
1765652511.892617,5068,256,1765652511.871527,21.090
1765652511.894525,5069,256,1765652511.873461,21.063
1765652511.895291,5070,256,1765652511.874319,20.972
1765652511.899627,5071,256,1765652511.878725,20.902
1765652511.902015,5072,256,1765652511.881101,20.914
1765652511.902856,5073,256,1765652511.881979,20.877
1765652511.904977,5074,256,1765652511.884087,20.890
1765652511.907059,5075,256,1765652511.886125,20.935
1765652511.909230,5076,256,1765652511.888323,20.907
1765652511.917861,5077,256,1765652511.896894,20.967
1765652511.922159,5078,256,1765652511.901204,20.956
1765652511.923413,5079,256,1765652511.902464,20.949
1765652511.927567,5080,256,1765652511.906538,21.028
1765652511.931463,5081,256,1765652511.910415,21.048
1765652511.931709,5082,256,1765652511.910862,20.847
1765652511.932060,5083,256,1765652511.911162,20.898
1765652511.933037,5084,256,1765652511.912218,20.819
1765652511.938343,5085,256,1765652511.917418,20.926
1765652511.940399,5086,256,1765652511.919537,20.862
1765652511.950262,5087,256,1765652511.929249,21.013
1765652511.951169,5088,256,1765652511.930271,20.899
1765652511.953083,5089,256,1765652511.932127,20.956
1765652511.953407,5090,256,1765652511.932241,21.166
1765652511.953843,5091,256,1765652511.932863,20.980
1765652511.960028,5092,256,1765652511.939099,20.929
1765652511.960418,5093,256,1765652511.939541,20.876
1765652511.961962,5094,256,1765652511.941111,20.851
1765652511.965352,5095,256,1765652511.944452,20.900
1765652511.968163,5096,256,1765652511.947261,20.903
1765652511.969258,5097,256,1765652511.948408,20.850
1765652511.971701,5098,256,1765652511.950789,20.911
1765652511.980727,5099,256,1765652511.959471,21.257
1765652511.980969,5100,256,1765652511.959691,21.278
1765652511.985510,5101,256,1765652511.964603,20.907
1765652511.986489,5102,256,1765652511.965514,20.975
1765652511.993111,5103,256,1765652511.972103,21.008
1765652511.993407,5104,256,1765652511.972443,20.964
1765652511.999101,5105,256,1765652511.978179,20.922
1765652512.012447,5106,256,1765652511.991504,20.943
1765652512.012795,5107,256,1765652511.991955,20.840
1765652512.013555,5108,256,1765652511.992737,20.818
1765652512.014062,5109,256,1765652511.993195,20.867
1765652512.016548,5110,256,1765652511.995651,20.897
1765652512.016906,5111,256,1765652511.995748,21.158
1765652512.019541,5112,256,1765652511.998679,20.863
1765652512.021934,5113,256,1765652512.001084,20.849
1765652512.023238,5114,256,1765652512.002400,20.838
1765652512.030776,5115,256,1765652512.009882,20.893
1765652512.031783,5116,256,1765652512.010919,20.864
1765652512.032518,5117,256,1765652512.011717,20.801
1765652512.033625,5118,256,1765652512.012823,20.802
1765652512.039464,5119,256,1765652512.018570,20.894
1765652512.042689,5120,256,1765652512.021822,20.868
1765652512.062637,5121,256,1765652512.041663,20.974
1765652512.066032,5122,256,1765652512.045075,20.957
1765652512.067954,5123,256,1765652512.047019,20.934
1765652512.078001,5124,256,1765652512.057037,20.963
1765652512.081297,5125,256,1765652512.060399,20.899
1765652512.081803,5126,256,1765652512.060944,20.859
1765652512.093389,5127,256,1765652512.072272,21.117
1765652512.094607,5128,256,1765652512.073694,20.913
1765652512.094923,5129,256,1765652512.073789,21.133
1765652512.095325,5130,256,1765652512.074182,21.143
1765652512.098045,5131,256,1765652512.077149,20.896
1765652512.099240,5132,256,1765652512.078338,20.902
1765652512.102425,5133,256,1765652512.081240,21.185
1765652512.106087,5134,256,1765652512.085050,21.037
1765652512.109049,5135,256,1765652512.087893,21.156
1765652512.109620,5136,256,1765652512.088790,20.830
1765652512.115584,5137,256,1765652512.094645,20.940
1765652512.116835,5138,256,1765652512.095993,20.842
1765652512.117925,5139,256,1765652512.097055,20.870
1765652512.122653,5140,256,1765652512.101658,20.994
1765652512.127452,5141,256,1765652512.106570,20.882
1765652512.128514,5142,256,1765652512.107665,20.849
1765652512.130590,5143,256,1765652512.109733,20.857
1765652512.131725,5144,256,1765652512.110869,20.856
1765652512.134343,5145,256,1765652512.113327,21.016
1765652512.135602,5146,256,1765652512.114722,20.880
1765652512.136040,5147,256,1765652512.114866,21.174
1765652512.136584,5148,256,1765652512.115724,20.860
1765652512.140587,5149,256,1765652512.119412,21.175
1765652512.142510,5150,256,1765652512.121485,21.025
1765652512.142790,5151,256,1765652512.121623,21.167
1765652512.143124,5152,256,1765652512.121778,21.346
1765652512.143597,5153,256,1765652512.122192,21.405
1765652512.146389,5154,256,1765652512.125354,21.035
1765652512.148685,5155,256,1765652512.127619,21.065
1765652512.151194,5156,256,1765652512.130276,20.917
1765652512.155941,5157,256,1765652512.135006,20.935
1765652512.158503,5158,256,1765652512.137484,21.019
1765652512.158731,5159,256,1765652512.137563,21.168
1765652512.161674,5160,256,1765652512.140771,20.904
1765652512.170742,5161,256,1765652512.149820,20.922
1765652512.175731,5162,256,1765652512.154762,20.969
1765652512.176482,5163,256,1765652512.155608,20.875
1765652512.182485,5164,256,1765652512.161536,20.949
1765652512.182958,5165,256,1765652512.162095,20.863
1765652512.183793,5166,256,1765652512.162932,20.861
1765652512.184184,5167,256,1765652512.163184,21.000
1765652512.186588,5168,256,1765652512.165756,20.832
1765652512.197648,5169,256,1765652512.176554,21.093
1765652512.202859,5170,256,1765652512.181834,21.024
1765652512.204309,5171,256,1765652512.183296,21.013
1765652512.204701,5172,256,1765652512.183649,21.053
1765652512.208249,5173,256,1765652512.187007,21.242
1765652512.212189,5174,256,1765652512.191207,20.983
1765652512.213486,5175,256,1765652512.192502,20.984
1765652512.218466,5176,256,1765652512.197479,20.987
1765652512.220505,5177,256,1765652512.199558,20.947
1765652512.222603,5178,256,1765652512.201733,20.870
1765652512.222952,5179,256,1765652512.201849,21.104
1765652512.225352,5180,256,1765652512.204474,20.877
1765652512.228171,5181,256,1765652512.207167,21.004
1765652512.229666,5182,256,1765652512.208719,20.947
1765652512.229999,5183,256,1765652512.208912,21.086
1765652512.233350,5184,256,1765652512.212353,20.997
1765652512.233745,5185,256,1765652512.212706,21.039
1765652512.234156,5186,256,1765652512.212761,21.395
1765652512.234703,5187,256,1765652512.213884,20.819
1765652512.241488,5188,256,1765652512.220630,20.858
1765652512.260063,5189,256,1765652512.239061,21.003
1765652512.266235,5190,256,1765652512.245186,21.048
1765652512.266971,5191,256,1765652512.246079,20.891
1765652512.269825,5192,256,1765652512.248887,20.938
1765652512.271892,5193,256,1765652512.250892,21.001
1765652512.280915,5194,256,1765652512.259893,21.021
1765652512.282048,5195,256,1765652512.260987,21.060
1765652512.287918,5196,256,1765652512.266959,20.958
1765652512.290663,5197,256,1765652512.269711,20.952
1765652512.290977,5198,256,1765652512.269819,21.158
1765652512.293194,5199,256,1765652512.272321,20.873
1765652512.303057,5200,256,1765652512.282000,21.057
1765652512.303507,5201,256,1765652512.282697,20.810
1765652512.303976,5202,256,1765652512.283163,20.813
1765652512.319340,5203,256,1765652512.298444,20.896
1765652512.320556,5204,256,1765652512.299706,20.849
1765652512.321640,5205,256,1765652512.300848,20.793
1765652512.322124,5206,256,1765652512.301322,20.803
1765652512.322523,5207,256,1765652512.301685,20.838
1765652512.323662,5208,256,1765652512.302798,20.864
1765652512.324821,5209,256,1765652512.303897,20.925
1765652512.325154,5210,256,1765652512.304170,20.984
1765652512.329026,5211,256,1765652512.308190,20.836
1765652512.331650,5212,256,1765652512.310738,20.913
1765652512.332134,5213,256,1765652512.311313,20.821
1765652512.333560,5214,256,1765652512.312607,20.953
1765652512.334528,5215,256,1765652512.313583,20.945
1765652512.338443,5216,256,1765652512.317447,20.995
1765652512.339387,5217,256,1765652512.318429,20.959
1765652512.341501,5218,256,1765652512.320577,20.924
1765652512.345986,5219,256,1765652512.324978,21.008
1765652512.346553,5220,256,1765652512.325601,20.952
1765652512.350671,5221,256,1765652512.329741,20.929
1765652512.352267,5222,256,1765652512.331407,20.860
1765652512.357149,5223,256,1765652512.336120,21.029
1765652512.360343,5224,256,1765652512.339226,21.116
1765652512.363056,5225,256,1765652512.342122,20.934
1765652512.377158,5226,256,1765652512.356021,21.137
1765652512.385583,5227,256,1765652512.364562,21.022
1765652512.386657,5228,256,1765652512.365554,21.103
1765652512.386832,5229,256,1765652512.365944,20.888
1765652512.387398,5230,256,1765652512.366552,20.847
1765652512.387826,5231,256,1765652512.366740,21.086
1765652512.392093,5232,256,1765652512.371174,20.919
1765652512.392430,5233,256,1765652512.371327,21.103
1765652512.395257,5234,256,1765652512.374407,20.851
1765652512.401355,5235,256,1765652512.380481,20.875
1765652512.408519,5236,256,1765652512.387502,21.017
1765652512.411046,5237,256,1765652512.390169,20.877
1765652512.411831,5238,256,1765652512.390682,21.149
1765652512.413569,5239,256,1765652512.392742,20.827
1765652512.424026,5240,256,1765652512.403132,20.894
1765652512.429351,5241,256,1765652512.408339,21.013
1765652512.430609,5242,256,1765652512.409785,20.824
1765652512.432840,5243,256,1765652512.411912,20.928
1765652512.437537,5244,256,1765652512.416518,21.018
1765652512.441181,5245,256,1765652512.420337,20.845
1765652512.446921,5246,256,1765652512.426004,20.916
1765652512.449615,5247,256,1765652512.428655,20.961
1765652512.458465,5248,256,1765652512.437554,20.911
1765652512.459670,5249,256,1765652512.438855,20.815
1765652512.460512,5250,256,1765652512.439571,20.941
1765652512.460854,5251,256,1765652512.439611,21.243
1765652512.461254,5252,256,1765652512.439913,21.342
1765652512.461652,5253,256,1765652512.439961,21.691
1765652512.462387,5254,256,1765652512.441554,20.833
1765652512.467726,5255,256,1765652512.446768,20.958
1765652512.470615,5256,256,1765652512.449715,20.900
1765652512.476683,5257,256,1765652512.455728,20.955
1765652512.479060,5258,256,1765652512.458186,20.874
1765652512.502113,5259,256,1765652512.481101,21.013
1765652512.504038,5260,256,1765652512.483115,20.923
1765652512.504389,5261,256,1765652512.483276,21.113
1765652512.508010,5262,256,1765652512.486985,21.025
1765652512.508450,5263,256,1765652512.487242,21.208
1765652512.509525,5264,256,1765652512.488592,20.933
1765652512.510810,5265,256,1765652512.489519,21.291
1765652512.517639,5266,256,1765652512.496104,21.535
1765652512.518000,5267,256,1765652512.496777,21.223
1765652512.526973,5268,256,1765652512.506036,20.937
1765652512.529227,5269,256,1765652512.507731,21.496
1765652512.531755,5270,256,1765652512.510627,21.128
1765652512.532851,5271,256,1765652512.511935,20.916
1765652512.533886,5272,256,1765652512.513035,20.851
1765652512.534319,5273,256,1765652512.513467,20.853
1765652512.542921,5274,256,1765652512.521961,20.959
1765652512.549943,5275,256,1765652512.528989,20.955
1765652512.550247,5276,256,1765652512.529331,20.915
1765652512.550733,5277,256,1765652512.529883,20.850
1765652512.557648,5278,256,1765652512.536580,21.068
1765652512.562463,5279,256,1765652512.540905,21.558
1765652512.567772,5280,256,1765652512.546764,21.008
1765652512.570153,5281,256,1765652512.548943,21.210
1765652512.570485,5282,256,1765652512.549520,20.965
1765652512.572529,5283,256,1765652512.551561,20.968
1765652512.576020,5284,256,1765652512.555110,20.910
1765652512.592647,5285,256,1765652512.571438,21.209
1765652512.593523,5286,256,1765652512.572612,20.911
1765652512.594280,5287,256,1765652512.573411,20.868
1765652512.601837,5288,256,1765652512.580829,21.007
1765652512.609630,5289,256,1765652512.588678,20.953
1765652512.610157,5290,256,1765652512.589323,20.834
1765652512.614398,5291,256,1765652512.593368,21.029
1765652512.615551,5292,256,1765652512.594615,20.936
1765652512.620587,5293,256,1765652512.599561,21.026
1765652512.623920,5294,256,1765652512.603025,20.895
1765652512.627963,5295,256,1765652512.607025,20.938
1765652512.630521,5296,256,1765652512.609688,20.833
1765652512.631321,5297,256,1765652512.610482,20.839
1765652512.631916,5298,256,1765652512.611095,20.821
1765652512.632368,5299,256,1765652512.611483,20.885
1765652512.649902,5300,256,1765652512.628966,20.936
1765652512.654610,5301,256,1765652512.633662,20.948
1765652512.658326,5302,256,1765652512.637359,20.968
1765652512.667918,5303,256,1765652512.646922,20.996
1765652512.674870,5304,256,1765652512.653933,20.937
1765652512.675182,5305,256,1765652512.654054,21.128
1765652512.675612,5306,256,1765652512.654098,21.514
1765652512.676354,5307,256,1765652512.655111,21.242
1765652512.681284,5308,256,1765652512.660327,20.957
1765652512.684040,5309,256,1765652512.663147,20.893
1765652512.686566,5310,256,1765652512.665664,20.902
1765652512.687049,5311,256,1765652512.666249,20.800
1765652512.691864,5312,256,1765652512.670974,20.891
1765652512.694306,5313,256,1765652512.673387,20.919
1765652512.697146,5314,256,1765652512.676078,21.067
1765652512.701689,5315,256,1765652512.680649,21.040
1765652512.709073,5316,256,1765652512.688037,21.036
1765652512.710463,5317,256,1765652512.689390,21.073
1765652512.717681,5318,256,1765652512.696574,21.107
1765652512.718811,5319,256,1765652512.697676,21.135
1765652512.719014,5320,256,1765652512.698030,20.984
1765652512.722803,5321,256,1765652512.701792,21.011
1765652512.723053,5322,256,1765652512.702141,20.912
1765652512.729833,5323,256,1765652512.708838,20.995
1765652512.730796,5324,256,1765652512.709842,20.954
1765652512.737458,5325,256,1765652512.716563,20.895
1765652512.740890,5326,256,1765652512.719927,20.963
1765652512.741227,5327,256,1765652512.720180,21.047
1765652512.744432,5328,256,1765652512.723267,21.165
1765652512.748000,5329,256,1765652512.727033,20.966
1765652512.748262,5330,256,1765652512.727149,21.114
1765652512.751225,5331,256,1765652512.730344,20.881
1765652512.754716,5332,256,1765652512.733712,21.004
1765652512.755033,5333,256,1765652512.733942,21.091
1765652512.758052,5334,256,1765652512.736982,21.070
1765652512.758218,5335,256,1765652512.737082,21.137
1765652512.759495,5336,256,1765652512.738585,20.911
1765652512.773990,5337,256,1765652512.753014,20.977
1765652512.780226,5338,256,1765652512.759308,20.917
1765652512.783124,5339,256,1765652512.762175,20.949
1765652512.785279,5340,256,1765652512.764369,20.910
1765652512.785646,5341,256,1765652512.764487,21.159
1765652512.788459,5342,256,1765652512.767424,21.035
1765652512.788725,5343,256,1765652512.767577,21.147
1765652512.790970,5344,256,1765652512.769982,20.988
1765652512.812717,5345,256,1765652512.791773,20.944
1765652512.813030,5346,256,1765652512.791937,21.093
1765652512.813438,5347,256,1765652512.792183,21.255
1765652512.814250,5348,256,1765652512.792230,22.020
1765652512.815970,5349,256,1765652512.794987,20.983
1765652512.817785,5350,256,1765652512.796892,20.893
1765652512.818740,5351,256,1765652512.797836,20.904
1765652512.825898,5352,256,1765652512.804880,21.019
1765652512.830351,5353,256,1765652512.809244,21.108
1765652512.832038,5354,256,1765652512.811114,20.924
1765652512.833277,5355,256,1765652512.812413,20.864
1765652512.835293,5356,256,1765652512.814402,20.890
1765652512.835624,5357,256,1765652512.814758,20.866
1765652512.841319,5358,256,1765652512.820399,20.920
1765652512.841881,5359,256,1765652512.821006,20.875
1765652512.843647,5360,256,1765652512.822785,20.862
1765652512.848132,5361,256,1765652512.827270,20.862
1765652512.848682,5362,256,1765652512.827816,20.866
1765652512.851181,5363,256,1765652512.830291,20.890
1765652512.851527,5364,256,1765652512.830431,21.096
1765652512.852501,5365,256,1765652512.831620,20.882
1765652512.867564,5366,256,1765652512.846546,21.018
1765652512.880921,5367,256,1765652512.859918,21.003
1765652512.881613,5368,256,1765652512.860704,20.908
1765652512.883517,5369,256,1765652512.862680,20.838
1765652512.886802,5370,256,1765652512.865873,20.929
1765652512.888524,5371,256,1765652512.867414,21.110
1765652512.895645,5372,256,1765652512.874525,21.120
1765652512.896765,5373,256,1765652512.875784,20.981
1765652512.899618,5374,256,1765652512.878541,21.078
1765652512.903450,5375,256,1765652512.882537,20.912
1765652512.906980,5376,256,1765652512.885873,21.106
1765652512.908161,5377,256,1765652512.887199,20.962
1765652512.912146,5378,256,1765652512.890996,21.149
1765652512.912558,5379,256,1765652512.891250,21.307
1765652512.916924,5380,256,1765652512.895966,20.959
1765652512.920326,5381,256,1765652512.899362,20.963
1765652512.920666,5382,256,1765652512.899529,21.138
1765652512.921057,5383,256,1765652512.899582,21.475
1765652512.921459,5384,256,1765652512.900058,21.401
1765652512.922809,5385,256,1765652512.901849,20.960
1765652512.924054,5386,256,1765652512.902911,21.143
1765652512.924961,5387,256,1765652512.904083,20.878
1765652512.927537,5388,256,1765652512.906626,20.911
1765652512.933961,5389,256,1765652512.913058,20.903
1765652512.935107,5390,256,1765652512.914213,20.894
1765652512.935527,5391,256,1765652512.914279,21.248
1765652512.935873,5392,256,1765652512.914309,21.565
1765652512.939871,5393,256,1765652512.918911,20.960
1765652512.940522,5394,256,1765652512.919669,20.853
1765652512.947192,5395,256,1765652512.926252,20.939
1765652512.947538,5396,256,1765652512.926390,21.149
1765652512.957225,5397,256,1765652512.936271,20.954
1765652512.957566,5398,256,1765652512.936551,21.016
1765652512.958344,5399,256,1765652512.937312,21.032
1765652512.961444,5400,256,1765652512.940544,20.900
1765652512.962641,5401,256,1765652512.941767,20.875
1765652512.963529,5402,256,1765652512.942652,20.877
1765652512.966360,5403,256,1765652512.945359,21.000
1765652512.967288,5404,256,1765652512.946401,20.887
1765652512.970180,5405,256,1765652512.949281,20.900
1765652512.971430,5406,256,1765652512.950358,21.072
1765652512.972985,5407,256,1765652512.952093,20.892
1765652512.973360,5408,256,1765652512.952367,20.993
1765652512.974592,5409,256,1765652512.953546,21.046
1765652512.975462,5410,256,1765652512.954467,20.995
1765652512.977146,5411,256,1765652512.956183,20.963
1765652512.980671,5412,256,1765652512.959834,20.837
1765652512.986957,5413,256,1765652512.965986,20.971
1765652512.987827,5414,256,1765652512.966964,20.863
1765652513.000042,5415,256,1765652512.979054,20.988
1765652513.002033,5416,256,1765652512.980997,21.037
1765652513.003852,5417,256,1765652512.982907,20.945
1765652513.005251,5418,256,1765652512.984341,20.911
1765652513.005642,5419,256,1765652512.984851,20.792
1765652513.010341,5420,256,1765652512.989305,21.037
1765652513.011623,5421,256,1765652512.990520,21.103
1765652513.013547,5422,256,1765652512.992369,21.178
1765652513.025732,5423,256,1765652513.004521,21.212
1765652513.028394,5424,256,1765652513.007380,21.015
1765652513.037894,5425,256,1765652513.016954,20.941
1765652513.038204,5426,256,1765652513.017230,20.975
1765652513.039014,5427,256,1765652513.018096,20.918
1765652513.039409,5428,256,1765652513.018632,20.777
1765652513.053886,5429,256,1765652513.033005,20.881
1765652513.059655,5430,256,1765652513.038714,20.941
1765652513.062344,5431,256,1765652513.041478,20.865
1765652513.063944,5432,256,1765652513.043075,20.869
1765652513.071970,5433,256,1765652513.051012,20.959
1765652513.072325,5434,256,1765652513.051397,20.929
1765652513.074311,5435,256,1765652513.053389,20.922
1765652513.075416,5436,256,1765652513.054364,21.053
1765652513.076287,5437,256,1765652513.055388,20.899
1765652513.077724,5438,256,1765652513.056806,20.918
1765652513.084153,5439,256,1765652513.063087,21.066
1765652513.092201,5440,256,1765652513.071226,20.976
1765652513.102305,5441,256,1765652513.081205,21.100
1765652513.102583,5442,256,1765652513.081351,21.232
1765652513.105161,5443,256,1765652513.084259,20.902
1765652513.105981,5444,256,1765652513.085161,20.821
1765652513.108968,5445,256,1765652513.088033,20.936
1765652513.115258,5446,256,1765652513.094124,21.133
1765652513.121152,5447,256,1765652513.100047,21.105
1765652513.124135,5448,256,1765652513.103141,20.995
1765652513.134873,5449,256,1765652513.113822,21.051
1765652513.138235,5450,256,1765652513.117180,21.055
1765652513.138483,5451,256,1765652513.117256,21.226
1765652513.142008,5452,256,1765652513.120833,21.175
1765652513.152846,5453,256,1765652513.131764,21.081
1765652513.157514,5454,256,1765652513.136514,21.000
1765652513.158668,5455,256,1765652513.137698,20.970
1765652513.158983,5456,256,1765652513.137915,21.068
1765652513.166317,5457,256,1765652513.145340,20.976
1765652513.167809,5458,256,1765652513.146966,20.844
1765652513.168219,5459,256,1765652513.147405,20.814
1765652513.171896,5460,256,1765652513.151031,20.866
1765652513.172283,5461,256,1765652513.151181,21.102
1765652513.176443,5462,256,1765652513.155550,20.894
1765652513.177414,5463,256,1765652513.156557,20.857
1765652513.178005,5464,256,1765652513.157169,20.837
1765652513.186081,5465,256,1765652513.165209,20.872
1765652513.200307,5466,256,1765652513.179429,20.879
1765652513.200745,5467,256,1765652513.179650,21.095
1765652513.202345,5468,256,1765652513.181490,20.855
1765652513.202725,5469,256,1765652513.181704,21.021
1765652513.213916,5470,256,1765652513.193029,20.887
1765652513.216927,5471,256,1765652513.195918,21.009
1765652513.218329,5472,256,1765652513.197437,20.892
1765652513.222284,5473,256,1765652513.201393,20.891
1765652513.222660,5474,256,1765652513.201851,20.808
1765652513.224331,5475,256,1765652513.203498,20.833
1765652513.227839,5476,256,1765652513.207013,20.826
1765652513.230159,5477,256,1765652513.209308,20.851
1765652513.234247,5478,256,1765652513.213404,20.843
1765652513.238317,5479,256,1765652513.217494,20.824
1765652513.244291,5480,256,1765652513.223433,20.858
1765652513.256770,5481,256,1765652513.235869,20.900
1765652513.257385,5482,256,1765652513.236541,20.844
1765652513.257858,5483,256,1765652513.237051,20.808
1765652513.258911,5484,256,1765652513.238059,20.852
1765652513.264042,5485,256,1765652513.243220,20.821
1765652513.265173,5486,256,1765652513.244351,20.822
1765652513.265587,5487,256,1765652513.244413,21.174
1765652513.265980,5488,256,1765652513.244614,21.366
1765652513.272025,5489,256,1765652513.251168,20.857
1765652513.279535,5490,256,1765652513.258671,20.864
1765652513.284829,5491,256,1765652513.263966,20.863
1765652513.289463,5492,256,1765652513.268619,20.845
1765652513.291065,5493,256,1765652513.270244,20.821
1765652513.300960,5494,256,1765652513.280056,20.904
1765652513.310163,5495,256,1765652513.289244,20.919
1765652513.317055,5496,256,1765652513.296201,20.855
1765652513.325911,5497,256,1765652513.305061,20.850
1765652513.326278,5498,256,1765652513.305237,21.042
1765652513.326698,5499,256,1765652513.305274,21.424
1765652513.329602,5500,256,1765652513.308754,20.848
1765652513.331542,5501,256,1765652513.310723,20.819
1765652513.334878,5502,256,1765652513.314024,20.854
1765652513.335854,5503,256,1765652513.315015,20.838
1765652513.341889,5504,256,1765652513.321006,20.882
1765652513.346154,5505,256,1765652513.325063,21.091
1765652513.346536,5506,256,1765652513.325180,21.356
1765652513.347327,5507,256,1765652513.326256,21.072
1765652513.350508,5508,256,1765652513.329626,20.882
1765652513.350918,5509,256,1765652513.330077,20.841
1765652513.352833,5510,256,1765652513.332016,20.817
1765652513.353427,5511,256,1765652513.332643,20.785
1765652513.354079,5512,256,1765652513.333275,20.803
1765652513.355563,5513,256,1765652513.334660,20.903
1765652513.356634,5514,256,1765652513.335840,20.794
1765652513.358487,5515,256,1765652513.337633,20.854
1765652513.360321,5516,256,1765652513.339224,21.097
1765652513.362962,5517,256,1765652513.342111,20.851
1765652513.363664,5518,256,1765652513.342839,20.824
1765652513.364306,5519,256,1765652513.343450,20.857
1765652513.365443,5520,256,1765652513.344518,20.926
1765652513.372728,5521,256,1765652513.351837,20.891
1765652513.378052,5522,256,1765652513.356799,21.253
1765652513.378280,5523,256,1765652513.357203,21.077
1765652513.380010,5524,256,1765652513.359146,20.863
1765652513.380407,5525,256,1765652513.359530,20.877
1765652513.381879,5526,256,1765652513.361054,20.825
1765652513.382280,5527,256,1765652513.361098,21.181
1765652513.382663,5528,256,1765652513.361701,20.962
1765652513.392575,5529,256,1765652513.371633,20.942
1765652513.392906,5530,256,1765652513.371818,21.087
1765652513.393420,5531,256,1765652513.371880,21.540
1765652513.393766,5532,256,1765652513.372631,21.136
1765652513.397869,5533,256,1765652513.376917,20.952
1765652513.402988,5534,256,1765652513.382056,20.932
1765652513.406164,5535,256,1765652513.385292,20.872
1765652513.408162,5536,256,1765652513.387232,20.930
1765652513.410094,5537,256,1765652513.389234,20.860
1765652513.415980,5538,256,1765652513.395028,20.952
1765652513.416338,5539,256,1765652513.395299,21.039
1765652513.423125,5540,256,1765652513.402188,20.937
1765652513.426474,5541,256,1765652513.405515,20.959
1765652513.430331,5542,256,1765652513.409313,21.019
1765652513.432287,5543,256,1765652513.411394,20.893
1765652513.442433,5544,256,1765652513.421446,20.987
1765652513.442961,5545,256,1765652513.422057,20.904
1765652513.446542,5546,256,1765652513.425510,21.032
1765652513.455344,5547,256,1765652513.434471,20.873
1765652513.465718,5548,256,1765652513.444751,20.967
1765652513.466274,5549,256,1765652513.445403,20.871
1765652513.467580,5550,256,1765652513.446678,20.902
1765652513.469239,5551,256,1765652513.448312,20.927
1765652513.471344,5552,256,1765652513.450399,20.945
1765652513.474962,5553,256,1765652513.454056,20.905
1765652513.476925,5554,256,1765652513.456017,20.908
1765652513.478362,5555,256,1765652513.457171,21.192
1765652513.479940,5556,256,1765652513.459059,20.881
1765652513.487913,5557,256,1765652513.466993,20.920
1765652513.497363,5558,256,1765652513.476412,20.951
1765652513.500746,5559,256,1765652513.479865,20.880
1765652513.502305,5560,256,1765652513.481456,20.848
1765652513.502705,5561,256,1765652513.481500,21.204
1765652513.503222,5562,256,1765652513.482423,20.799
1765652513.503903,5563,256,1765652513.483073,20.830
1765652513.506092,5564,256,1765652513.485239,20.854
1765652513.507006,5565,256,1765652513.486124,20.883
1765652513.508502,5566,256,1765652513.487645,20.857
1765652513.512759,5567,256,1765652513.491826,20.933
1765652513.513398,5568,256,1765652513.492485,20.912
1765652513.519364,5569,256,1765652513.498482,20.882
1765652513.521506,5570,256,1765652513.500594,20.912
1765652513.521834,5571,256,1765652513.500721,21.113
1765652513.522857,5572,256,1765652513.501731,21.127
1765652513.527361,5573,256,1765652513.506426,20.935
1765652513.534900,5574,256,1765652513.513982,20.918
1765652513.535220,5575,256,1765652513.514229,20.991
1765652513.536006,5576,256,1765652513.515162,20.844
1765652513.539508,5577,256,1765652513.518626,20.881
1765652513.539932,5578,256,1765652513.519107,20.825
1765652513.540308,5579,256,1765652513.519144,21.164
1765652513.543435,5580,256,1765652513.522542,20.893
1765652513.549612,5581,256,1765652513.528656,20.956
1765652513.553146,5582,256,1765652513.532203,20.943
1765652513.559349,5583,256,1765652513.538429,20.920
1765652513.566866,5584,256,1765652513.545675,21.192
1765652513.567249,5585,256,1765652513.545898,21.351
1765652513.568026,5586,256,1765652513.547116,20.910
1765652513.569162,5587,256,1765652513.548270,20.892
1765652513.571810,5588,256,1765652513.550824,20.986
1765652513.575982,5589,256,1765652513.555077,20.905
1765652513.577674,5590,256,1765652513.556538,21.136
1765652513.578196,5591,256,1765652513.557382,20.813
1765652513.581762,5592,256,1765652513.560861,20.900
1765652513.583357,5593,256,1765652513.562456,20.901
1765652513.585238,5594,256,1765652513.564348,20.890
1765652513.586000,5595,256,1765652513.565189,20.811
1765652513.586471,5596,256,1765652513.565474,20.997
1765652513.586806,5597,256,1765652513.565876,20.930
1765652513.587200,5598,256,1765652513.566125,21.075
1765652513.587571,5599,256,1765652513.566494,21.077
1765652513.589005,5600,256,1765652513.568202,20.804
1765652513.595503,5601,256,1765652513.574564,20.938
1765652513.603887,5602,256,1765652513.583016,20.871
1765652513.605349,5603,256,1765652513.584336,21.013
1765652513.606578,5604,256,1765652513.585642,20.936
1765652513.611955,5605,256,1765652513.591017,20.938
1765652513.612498,5606,256,1765652513.591623,20.874
1765652513.619139,5607,256,1765652513.598195,20.943
1765652513.621934,5608,256,1765652513.600884,21.050
1765652513.622809,5609,256,1765652513.601903,20.906
1765652513.623172,5610,256,1765652513.602309,20.862
1765652513.624261,5611,256,1765652513.603396,20.864
1765652513.627312,5612,256,1765652513.606400,20.912
1765652513.634600,5613,256,1765652513.613696,20.904
1765652513.636029,5614,256,1765652513.614955,21.075
1765652513.637005,5615,256,1765652513.616137,20.868
1765652513.643257,5616,256,1765652513.622332,20.925
1765652513.643930,5617,256,1765652513.623125,20.805
1765652513.650201,5618,256,1765652513.629284,20.916
1765652513.651267,5619,256,1765652513.630358,20.909
1765652513.665921,5620,256,1765652513.645055,20.866
1765652513.668750,5621,256,1765652513.647848,20.901
1765652513.672287,5622,256,1765652513.651416,20.871
1765652513.675118,5623,256,1765652513.654290,20.828
1765652513.676400,5624,256,1765652513.655573,20.827
1765652513.685341,5625,256,1765652513.664411,20.930
1765652513.685988,5626,256,1765652513.665050,20.938
1765652513.686299,5627,256,1765652513.665469,20.830
1765652513.688757,5628,256,1765652513.667809,20.948
1765652513.692361,5629,256,1765652513.671453,20.908
1765652513.697075,5630,256,1765652513.675882,21.193
1765652513.697410,5631,256,1765652513.676489,20.921
1765652513.698873,5632,256,1765652513.677989,20.884
1765652513.704766,5633,256,1765652513.683876,20.890
1765652513.713163,5634,256,1765652513.692258,20.905
1765652513.719841,5635,256,1765652513.698976,20.865
1765652513.731161,5636,256,1765652513.710196,20.965
1765652513.736171,5637,256,1765652513.715233,20.938
1765652513.744964,5638,256,1765652513.724011,20.953
1765652513.745567,5639,256,1765652513.724678,20.889
1765652513.747524,5640,256,1765652513.726659,20.865
1765652513.748233,5641,256,1765652513.727389,20.844
1765652513.749309,5642,256,1765652513.728341,20.968
1765652513.762050,5643,256,1765652513.741149,20.901
1765652513.767501,5644,256,1765652513.746581,20.920
1765652513.770038,5645,256,1765652513.749151,20.887
1765652513.779190,5646,256,1765652513.758305,20.885
1765652513.781776,5647,256,1765652513.760833,20.942
1765652513.785819,5648,256,1765652513.764883,20.936
1765652513.794177,5649,256,1765652513.773192,20.985
1765652513.800233,5650,256,1765652513.779188,21.045
1765652513.805720,5651,256,1765652513.784821,20.899
1765652513.807522,5652,256,1765652513.786569,20.953
1765652513.813929,5653,256,1765652513.792856,21.073
1765652513.815041,5654,256,1765652513.794149,20.893
1765652513.818141,5655,256,1765652513.797208,20.933
1765652513.820655,5656,256,1765652513.799674,20.981
1765652513.822053,5657,256,1765652513.801130,20.923
1765652513.828612,5658,256,1765652513.807690,20.922
1765652513.835118,5659,256,1765652513.814232,20.885
1765652513.838723,5660,256,1765652513.817820,20.903
1765652513.839835,5661,256,1765652513.818920,20.915
1765652513.845645,5662,256,1765652513.824713,20.931
1765652513.849716,5663,256,1765652513.828793,20.923
1765652513.850484,5664,256,1765652513.829614,20.869
1765652513.854676,5665,256,1765652513.833644,21.032
1765652513.863734,5666,256,1765652513.842676,21.058
1765652513.868527,5667,256,1765652513.847629,20.898
1765652513.870005,5668,256,1765652513.849135,20.870
1765652513.891347,5669,256,1765652513.870342,21.005
1765652513.892662,5670,256,1765652513.871782,20.880
1765652513.898185,5671,256,1765652513.877220,20.965
1765652513.902532,5672,256,1765652513.881630,20.901
1765652513.902870,5673,256,1765652513.881747,21.123
1765652513.905201,5674,256,1765652513.884136,21.065
1765652513.906857,5675,256,1765652513.886008,20.849
1765652513.910110,5676,256,1765652513.889228,20.882
1765652513.913077,5677,256,1765652513.892164,20.913
1765652513.913555,5678,256,1765652513.892669,20.886
1765652513.916962,5679,256,1765652513.896049,20.914
1765652513.917911,5680,256,1765652513.896983,20.928
1765652513.923224,5681,256,1765652513.902213,21.011
1765652513.929360,5682,256,1765652513.908427,20.933
1765652513.929704,5683,256,1765652513.908610,21.094
1765652513.932736,5684,256,1765652513.911882,20.854
1765652513.933706,5685,256,1765652513.912852,20.854
1765652513.934459,5686,256,1765652513.913649,20.810
1765652513.938225,5687,256,1765652513.917339,20.885
1765652513.940490,5688,256,1765652513.919601,20.889
1765652513.940828,5689,256,1765652513.919726,21.101
1765652513.941935,5690,256,1765652513.921034,20.900
1765652513.947726,5691,256,1765652513.926767,20.958
1765652513.953478,5692,256,1765652513.932583,20.895
1765652513.957501,5693,256,1765652513.936647,20.854
1765652513.962487,5694,256,1765652513.941541,20.946
1765652513.964714,5695,256,1765652513.943726,20.988
1765652513.966426,5696,256,1765652513.945427,20.999
1765652513.966911,5697,256,1765652513.946098,20.813
1765652513.968828,5698,256,1765652513.947946,20.882
1765652513.973340,5699,256,1765652513.952501,20.839
1765652513.974395,5700,256,1765652513.953525,20.869
1765652513.976052,5701,256,1765652513.955104,20.947
1765652513.977468,5702,256,1765652513.956532,20.936
1765652513.983969,5703,256,1765652513.962889,21.080
1765652513.986570,5704,256,1765652513.965729,20.842
1765652513.988467,5705,256,1765652513.967634,20.833
1765652513.992337,5706,256,1765652513.971413,20.925
1765652513.993827,5707,256,1765652513.972992,20.835
1765652513.998396,5708,256,1765652513.977526,20.869
1765652513.999504,5709,256,1765652513.978709,20.795
1765652514.000764,5710,256,1765652513.979709,21.055
1765652514.001164,5711,256,1765652513.979915,21.249
1765652514.005759,5712,256,1765652513.984907,20.852
1765652514.008204,5713,256,1765652513.987355,20.848
1765652514.009841,5714,256,1765652513.989032,20.809
1765652514.017111,5715,256,1765652513.995998,21.112
1765652514.017748,5716,256,1765652513.996917,20.831
1765652514.031623,5717,256,1765652514.010746,20.876
1765652514.034165,5718,256,1765652514.013331,20.834
1765652514.035042,5719,256,1765652514.014246,20.796
1765652514.038526,5720,256,1765652514.017656,20.870
1765652514.050622,5721,256,1765652514.029737,20.885
1765652514.051331,5722,256,1765652514.030479,20.851
1765652514.062601,5723,256,1765652514.041675,20.926
1765652514.062932,5724,256,1765652514.041792,21.140
1765652514.067712,5725,256,1765652514.046787,20.925
1765652514.072228,5726,256,1765652514.051331,20.898
1765652514.073485,5727,256,1765652514.052653,20.832
1765652514.074565,5728,256,1765652514.053716,20.849
1765652514.078293,5729,256,1765652514.057388,20.905
1765652514.079278,5730,256,1765652514.058399,20.879
1765652514.080241,5731,256,1765652514.059400,20.842
1765652514.081949,5732,256,1765652514.061071,20.879
1765652514.082441,5733,256,1765652514.061600,20.840
1765652514.088452,5734,256,1765652514.067523,20.929
1765652514.095348,5735,256,1765652514.074387,20.961
1765652514.096097,5736,256,1765652514.075159,20.938
1765652514.097705,5737,256,1765652514.076823,20.883
1765652514.098488,5738,256,1765652514.077420,21.068
1765652514.099617,5739,256,1765652514.078807,20.811
1765652514.101642,5740,256,1765652514.080834,20.808
1765652514.102103,5741,256,1765652514.081312,20.791
1765652514.102490,5742,256,1765652514.081340,21.150
1765652514.102893,5743,256,1765652514.081592,21.301
1765652514.103317,5744,256,1765652514.082121,21.196
1765652514.104836,5745,256,1765652514.083998,20.838
1765652514.106805,5746,256,1765652514.085963,20.843
1765652514.107496,5747,256,1765652514.086675,20.821
1765652514.107869,5748,256,1765652514.086725,21.145
1765652514.110030,5749,256,1765652514.089203,20.827
1765652514.113122,5750,256,1765652514.092312,20.809
1765652514.113523,5751,256,1765652514.092423,21.101
1765652514.113914,5752,256,1765652514.092466,21.448
1765652514.115835,5753,256,1765652514.094974,20.861
1765652514.117931,5754,256,1765652514.097095,20.837
1765652514.118349,5755,256,1765652514.097241,21.108
1765652514.122735,5756,256,1765652514.101897,20.838
1765652514.123821,5757,256,1765652514.102736,21.086
1765652514.124910,5758,256,1765652514.104110,20.801
1765652514.126426,5759,256,1765652514.105598,20.829
1765652514.128470,5760,256,1765652514.107587,20.883
1765652514.134250,5761,256,1765652514.113408,20.842
1765652514.135077,5762,256,1765652514.113920,21.158
1765652514.139015,5763,256,1765652514.118138,20.877
1765652514.141317,5764,256,1765652514.120424,20.893
1765652514.147082,5765,256,1765652514.126214,20.868
1765652514.147439,5766,256,1765652514.126392,21.046
1765652514.147830,5767,256,1765652514.126441,21.389
1765652514.149810,5768,256,1765652514.128926,20.884
1765652514.153585,5769,256,1765652514.132729,20.855
1765652514.157443,5770,256,1765652514.136325,21.118
1765652514.161561,5771,256,1765652514.140620,20.941
1765652514.162075,5772,256,1765652514.141276,20.799
1765652514.163430,5773,256,1765652514.142502,20.929
1765652514.169812,5774,256,1765652514.148820,20.993
1765652514.178661,5775,256,1765652514.157641,21.020
1765652514.181882,5776,256,1765652514.160836,21.046
1765652514.182641,5777,256,1765652514.161753,20.888
1765652514.183534,5778,256,1765652514.162403,21.131
1765652514.189832,5779,256,1765652514.168852,20.980
1765652514.191612,5780,256,1765652514.170542,21.070
1765652514.193994,5781,256,1765652514.173032,20.962
1765652514.194816,5782,256,1765652514.173921,20.895
1765652514.198950,5783,256,1765652514.177991,20.960
1765652514.218759,5784,256,1765652514.197652,21.107
1765652514.219053,5785,256,1765652514.197765,21.287
1765652514.226525,5786,256,1765652514.205334,21.191
1765652514.232142,5787,256,1765652514.210853,21.289
1765652514.235202,5788,256,1765652514.213959,21.243
1765652514.236003,5789,256,1765652514.215006,20.998
1765652514.242700,5790,256,1765652514.221419,21.281
1765652514.242809,5791,256,1765652514.221566,21.243
1765652514.251997,5792,256,1765652514.230970,21.028
1765652514.254538,5793,256,1765652514.233521,21.017
1765652514.255214,5794,256,1765652514.234411,20.803
1765652514.257965,5795,256,1765652514.236908,21.057
1765652514.262237,5796,256,1765652514.241224,21.013
1765652514.262788,5797,256,1765652514.241634,21.154
1765652514.262909,5798,256,1765652514.241678,21.230
1765652514.275208,5799,256,1765652514.254288,20.920
1765652514.285336,5800,256,1765652514.264410,20.926
1765652514.285779,5801,256,1765652514.264983,20.796
1765652514.287593,5802,256,1765652514.266746,20.846
1765652514.291421,5803,256,1765652514.270507,20.914
1765652514.293175,5804,256,1765652514.272308,20.867
1765652514.294830,5805,256,1765652514.273937,20.893
1765652514.298431,5806,256,1765652514.277565,20.865
1765652514.299349,5807,256,1765652514.278512,20.837
1765652514.307859,5808,256,1765652514.286922,20.937
1765652514.314310,5809,256,1765652514.293435,20.875
1765652514.316739,5810,256,1765652514.295913,20.826
1765652514.325042,5811,256,1765652514.304080,20.962
1765652514.333548,5812,256,1765652514.312680,20.868
1765652514.337807,5813,256,1765652514.316950,20.857
1765652514.338323,5814,256,1765652514.317542,20.781
1765652514.340030,5815,256,1765652514.319142,20.888
1765652514.343355,5816,256,1765652514.322517,20.838
1765652514.350744,5817,256,1765652514.329872,20.872
1765652514.357686,5818,256,1765652514.336790,20.896
1765652514.360079,5819,256,1765652514.339210,20.869
1765652514.365907,5820,256,1765652514.345078,20.828
1765652514.366269,5821,256,1765652514.345201,21.067
1765652514.369664,5822,256,1765652514.348828,20.836
1765652514.370448,5823,256,1765652514.349578,20.869
1765652514.371557,5824,256,1765652514.350697,20.859
1765652514.371951,5825,256,1765652514.350741,21.210
1765652514.376245,5826,256,1765652514.355350,20.895
1765652514.378823,5827,256,1765652514.358000,20.823
1765652514.382662,5828,256,1765652514.361783,20.879
1765652514.384542,5829,256,1765652514.363654,20.888
1765652514.389551,5830,256,1765652514.368634,20.917
1765652514.394644,5831,256,1765652514.373759,20.885
1765652514.395542,5832,256,1765652514.374488,21.054
1765652514.396526,5833,256,1765652514.375633,20.894
1765652514.402033,5834,256,1765652514.381086,20.947
1765652514.402411,5835,256,1765652514.381580,20.831
1765652514.403944,5836,256,1765652514.383079,20.866
1765652514.410635,5837,256,1765652514.389549,21.086
1765652514.414876,5838,256,1765652514.393883,20.993
1765652514.415157,5839,256,1765652514.394329,20.828
1765652514.416409,5840,256,1765652514.395470,20.939
1765652514.416794,5841,256,1765652514.395927,20.867
1765652514.418974,5842,256,1765652514.398068,20.905
1765652514.419896,5843,256,1765652514.398907,20.989
1765652514.421172,5844,256,1765652514.400330,20.842
1765652514.428429,5845,256,1765652514.407440,20.989
1765652514.431330,5846,256,1765652514.410291,21.039
1765652514.440120,5847,256,1765652514.419178,20.942
1765652514.456000,5848,256,1765652514.435042,20.958
1765652514.460440,5849,256,1765652514.439509,20.931
1765652514.462899,5850,256,1765652514.442015,20.884
1765652514.465183,5851,256,1765652514.444198,20.985
1765652514.465467,5852,256,1765652514.444537,20.930
1765652514.466344,5853,256,1765652514.445204,21.140
1765652514.466658,5854,256,1765652514.445707,20.951
1765652514.470146,5855,256,1765652514.449194,20.952
1765652514.470987,5856,256,1765652514.450087,20.900
1765652514.471790,5857,256,1765652514.450914,20.876
1765652514.478445,5858,256,1765652514.457453,20.992
1765652514.482333,5859,256,1765652514.461405,20.929
1765652514.484169,5860,256,1765652514.463299,20.869
1765652514.484978,5861,256,1765652514.464097,20.881
1765652514.489293,5862,256,1765652514.468445,20.849
1765652514.494009,5863,256,1765652514.473149,20.860
1765652514.496098,5864,256,1765652514.475217,20.881
1765652514.498211,5865,256,1765652514.477318,20.894
1765652514.500620,5866,256,1765652514.479765,20.855
1765652514.502452,5867,256,1765652514.481600,20.852
1765652514.504940,5868,256,1765652514.484065,20.875
1765652514.506554,5869,256,1765652514.485700,20.854
1765652514.518944,5870,256,1765652514.498038,20.906
1765652514.519726,5871,256,1765652514.498860,20.866
1765652514.523470,5872,256,1765652514.502553,20.917
1765652514.527583,5873,256,1765652514.506362,21.221
1765652514.528558,5874,256,1765652514.507599,20.959
1765652514.532614,5875,256,1765652514.511698,20.916
1765652514.532908,5876,256,1765652514.512057,20.851
1765652514.549238,5877,256,1765652514.528236,21.002
1765652514.550675,5878,256,1765652514.529715,20.961
1765652514.553126,5879,256,1765652514.532272,20.854
1765652514.558100,5880,256,1765652514.537196,20.904
1765652514.558433,5881,256,1765652514.537535,20.898
1765652514.559106,5882,256,1765652514.538176,20.930
1765652514.561649,5883,256,1765652514.540740,20.909
1765652514.568981,5884,256,1765652514.547996,20.985
1765652514.574240,5885,256,1765652514.553222,21.018
1765652514.576702,5886,256,1765652514.555746,20.956
1765652514.582350,5887,256,1765652514.561347,21.003
1765652514.586020,5888,256,1765652514.565052,20.968
1765652514.590471,5889,256,1765652514.569414,21.057
1765652514.592980,5890,256,1765652514.572004,20.976
1765652514.595902,5891,256,1765652514.574924,20.977
1765652514.612136,5892,256,1765652514.591073,21.064
1765652514.614948,5893,256,1765652514.594016,20.931
1765652514.618961,5894,256,1765652514.597984,20.977
1765652514.623611,5895,256,1765652514.602123,21.488
1765652514.628824,5896,256,1765652514.607772,21.052
1765652514.631685,5897,256,1765652514.610551,21.134
1765652514.631839,5898,256,1765652514.610806,21.032
1765652514.638009,5899,256,1765652514.616900,21.109
1765652514.639721,5900,256,1765652514.618737,20.984
1765652514.641087,5901,256,1765652514.620249,20.838
1765652514.645674,5902,256,1765652514.624773,20.902
1765652514.646074,5903,256,1765652514.625261,20.813
1765652514.648253,5904,256,1765652514.627353,20.900
1765652514.654280,5905,256,1765652514.633402,20.878
1765652514.657937,5906,256,1765652514.637025,20.912
1765652514.658592,5907,256,1765652514.637691,20.901
1765652514.664210,5908,256,1765652514.643229,20.981
1765652514.667576,5909,256,1765652514.646743,20.833
1765652514.672488,5910,256,1765652514.651391,21.097
1765652514.674508,5911,256,1765652514.653640,20.868
1765652514.674897,5912,256,1765652514.653907,20.990
1765652514.685744,5913,256,1765652514.664878,20.865
1765652514.699157,5914,256,1765652514.678287,20.870
1765652514.701498,5915,256,1765652514.680677,20.820
1765652514.702081,5916,256,1765652514.681299,20.782
1765652514.708461,5917,256,1765652514.687614,20.847
1765652514.718737,5918,256,1765652514.697789,20.947
1765652514.726519,5919,256,1765652514.705669,20.850
1765652514.727364,5920,256,1765652514.705748,21.617
1765652514.727677,5921,256,1765652514.706150,21.527
1765652514.728097,5922,256,1765652514.706661,21.436
1765652514.733230,5923,256,1765652514.712241,20.989
1765652514.741625,5924,256,1765652514.720633,20.992
1765652514.741902,5925,256,1765652514.720773,21.129
1765652514.744390,5926,256,1765652514.723483,20.906
1765652514.745124,5927,256,1765652514.723897,21.227
1765652514.751884,5928,256,1765652514.730867,21.017
1765652514.753257,5929,256,1765652514.732409,20.848
1765652514.776730,5930,256,1765652514.755736,20.994
1765652514.782343,5931,256,1765652514.761318,21.025
1765652514.785443,5932,256,1765652514.764425,21.018
1765652514.785703,5933,256,1765652514.764574,21.130
1765652514.787033,5934,256,1765652514.766120,20.913
1765652514.789367,5935,256,1765652514.768357,21.009
1765652514.797462,5936,256,1765652514.776531,20.931
1765652514.800232,5937,256,1765652514.779256,20.976
1765652514.804527,5938,256,1765652514.783207,21.321
1765652514.806943,5939,256,1765652514.786119,20.824
1765652514.807774,5940,256,1765652514.786999,20.775
1765652514.808735,5941,256,1765652514.787931,20.804
1765652514.811966,5942,256,1765652514.791148,20.818
1765652514.812875,5943,256,1765652514.792060,20.815
1765652514.823331,5944,256,1765652514.802411,20.920
1765652514.826554,5945,256,1765652514.805548,21.007
1765652514.827353,5946,256,1765652514.806511,20.841
1765652514.827848,5947,256,1765652514.807043,20.806
1765652514.828326,5948,256,1765652514.807524,20.802
1765652514.828906,5949,256,1765652514.808120,20.786
1765652514.835363,5950,256,1765652514.814456,20.906
1765652514.840008,5951,256,1765652514.819091,20.917
1765652514.840442,5952,256,1765652514.819649,20.793
1765652514.845569,5953,256,1765652514.824513,21.056
1765652514.850083,5954,256,1765652514.828855,21.229
1765652514.851285,5955,256,1765652514.830323,20.962
1765652514.852755,5956,256,1765652514.831888,20.867
1765652514.855179,5957,256,1765652514.834268,20.910
1765652514.861881,5958,256,1765652514.840870,21.010
1765652514.862169,5959,256,1765652514.841126,21.043
1765652514.863860,5960,256,1765652514.842969,20.891
1765652514.866950,5961,256,1765652514.845943,21.006
1765652514.869793,5962,256,1765652514.848761,21.032
1765652514.870043,5963,256,1765652514.848881,21.161
1765652514.872841,5964,256,1765652514.851805,21.036
1765652514.874768,5965,256,1765652514.853752,21.016
1765652514.875141,5966,256,1765652514.854326,20.815
1765652514.879274,5967,256,1765652514.858240,21.034
1765652514.880709,5968,256,1765652514.859357,21.351
1765652514.881976,5969,256,1765652514.861029,20.947
1765652514.883973,5970,256,1765652514.863050,20.923
1765652514.884689,5971,256,1765652514.863766,20.922
1765652514.889276,5972,256,1765652514.868302,20.974
1765652514.903131,5973,256,1765652514.881922,21.210
1765652514.904906,5974,256,1765652514.883941,20.965
1765652514.907250,5975,256,1765652514.886350,20.900
1765652514.913430,5976,256,1765652514.892492,20.938
1765652514.922729,5977,256,1765652514.901776,20.953
1765652514.923266,5978,256,1765652514.902366,20.899
1765652514.923575,5979,256,1765652514.902544,21.031
1765652514.924189,5980,256,1765652514.903386,20.803
1765652514.925882,5981,256,1765652514.904991,20.891
1765652514.931098,5982,256,1765652514.910131,20.967
1765652514.931601,5983,256,1765652514.910499,21.102
1765652514.933755,5984,256,1765652514.912876,20.880
1765652514.937320,5985,256,1765652514.916356,20.964
1765652514.938226,5986,256,1765652514.917148,21.078
1765652514.940230,5987,256,1765652514.919298,20.931
1765652514.941997,5988,256,1765652514.921027,20.970
1765652514.942750,5989,256,1765652514.921821,20.928
1765652514.953266,5990,256,1765652514.932397,20.869
1765652514.954944,5991,256,1765652514.934109,20.835
1765652514.956582,5992,256,1765652514.935771,20.811
1765652514.958875,5993,256,1765652514.938046,20.828
1765652514.959654,5994,256,1765652514.938845,20.809
1765652514.963959,5995,256,1765652514.943047,20.911
1765652514.965616,5996,256,1765652514.944732,20.884
1765652514.967592,5997,256,1765652514.946789,20.803
1765652514.975019,5998,256,1765652514.954145,20.874
1765652514.976777,5999,256,1765652514.955917,20.860
1765652514.978758,6000,256,1765652514.957927,20.831
1765652514.979600,6001,256,1765652514.958788,20.812
1765652514.983967,6002,256,1765652514.963062,20.905
1765652514.987523,6003,256,1765652514.966512,21.012
1765652514.990907,6004,256,1765652514.970006,20.901
1765652514.991187,6005,256,1765652514.970135,21.052
1765652514.996461,6006,256,1765652514.975605,20.856
1765652515.000753,6007,256,1765652514.979904,20.849
1765652515.002763,6008,256,1765652514.981913,20.850
1765652515.005726,6009,256,1765652514.984888,20.838
1765652515.007026,6010,256,1765652514.986215,20.811
1765652515.008773,6011,256,1765652514.987895,20.879
1765652515.011059,6012,256,1765652514.990232,20.827
1765652515.016578,6013,256,1765652514.995615,20.964
1765652515.017409,6014,256,1765652514.996512,20.897
1765652515.017789,6015,256,1765652514.996861,20.928
1765652515.026500,6016,256,1765652515.005545,20.955
1765652515.029960,6017,256,1765652515.009047,20.913
1765652515.030283,6018,256,1765652515.009408,20.875
1765652515.035290,6019,256,1765652515.014413,20.877
1765652515.041064,6020,256,1765652515.020171,20.893
1765652515.041945,6021,256,1765652515.021072,20.873
1765652515.044557,6022,256,1765652515.023647,20.910
1765652515.049836,6023,256,1765652515.028841,20.996
1765652515.055650,6024,256,1765652515.034706,20.945
1765652515.061589,6025,256,1765652515.040658,20.931
1765652515.065265,6026,256,1765652515.044411,20.854
1765652515.065627,6027,256,1765652515.044530,21.097
1765652515.067244,6028,256,1765652515.046216,21.028
1765652515.068746,6029,256,1765652515.047827,20.919
1765652515.071873,6030,256,1765652515.050938,20.935
1765652515.072172,6031,256,1765652515.051065,21.106
1765652515.072558,6032,256,1765652515.051107,21.451
1765652515.073979,6033,256,1765652515.053155,20.825
1765652515.074909,6034,256,1765652515.054109,20.800
1765652515.077790,6035,256,1765652515.056952,20.839
1765652515.080563,6036,256,1765652515.059519,21.044
1765652515.084425,6037,256,1765652515.063419,21.006
1765652515.084670,6038,256,1765652515.063667,21.003
1765652515.085466,6039,256,1765652515.064656,20.810
1765652515.094358,6040,256,1765652515.073417,20.941
1765652515.097779,6041,256,1765652515.076819,20.961
1765652515.101273,6042,256,1765652515.080267,21.007
1765652515.104990,6043,256,1765652515.084123,20.867
1765652515.105755,6044,256,1765652515.084522,21.233
1765652515.109874,6045,256,1765652515.089003,20.871
1765652515.113444,6046,256,1765652515.092573,20.871
1765652515.118262,6047,256,1765652515.097248,21.014
1765652515.125155,6048,256,1765652515.104234,20.920
1765652515.128934,6049,256,1765652515.107948,20.986
1765652515.129367,6050,256,1765652515.108552,20.815
1765652515.130427,6051,256,1765652515.109514,20.913
1765652515.132588,6052,256,1765652515.111775,20.813
1765652515.135219,6053,256,1765652515.114287,20.932
1765652515.141869,6054,256,1765652515.121004,20.865
1765652515.143872,6055,256,1765652515.123059,20.813
1765652515.147919,6056,256,1765652515.126945,20.974
1765652515.148270,6057,256,1765652515.127446,20.824
1765652515.156996,6058,256,1765652515.136119,20.877
1765652515.164130,6059,256,1765652515.143234,20.896
1765652515.164983,6060,256,1765652515.144118,20.865
1765652515.166344,6061,256,1765652515.145524,20.819
1765652515.170865,6062,256,1765652515.149951,20.914
1765652515.173335,6063,256,1765652515.152364,20.972
1765652515.177918,6064,256,1765652515.156909,21.009
1765652515.178596,6065,256,1765652515.157797,20.799
1765652515.179284,6066,256,1765652515.158440,20.844
1765652515.185144,6067,256,1765652515.164164,20.980
1765652515.185424,6068,256,1765652515.164387,21.038
1765652515.186407,6069,256,1765652515.164686,21.721
1765652515.186610,6070,256,1765652515.165055,21.556
1765652515.188843,6071,256,1765652515.167989,20.854
1765652515.191294,6072,256,1765652515.170302,20.992
1765652515.203674,6073,256,1765652515.182745,20.929
1765652515.204110,6074,256,1765652515.182900,21.210
1765652515.206830,6075,256,1765652515.185980,20.850
1765652515.207483,6076,256,1765652515.186682,20.801
1765652515.207883,6077,256,1765652515.186740,21.143
1765652515.208263,6078,256,1765652515.186920,21.343
1765652515.213904,6079,256,1765652515.193120,20.784
1765652515.214803,6080,256,1765652515.194032,20.772
1765652515.216567,6081,256,1765652515.195683,20.884
1765652515.220885,6082,256,1765652515.199955,20.930
1765652515.231574,6083,256,1765652515.210610,20.964
1765652515.253886,6084,256,1765652515.232951,20.935
1765652515.261958,6085,256,1765652515.240983,20.974
1765652515.264137,6086,256,1765652515.243128,21.009
1765652515.266420,6087,256,1765652515.245482,20.938
1765652515.268926,6088,256,1765652515.248090,20.836
1765652515.269647,6089,256,1765652515.248774,20.874
1765652515.272856,6090,256,1765652515.252052,20.804
1765652515.275203,6091,256,1765652515.254345,20.857
1765652515.278829,6092,256,1765652515.257986,20.843
1765652515.284250,6093,256,1765652515.263432,20.818
1765652515.292805,6094,256,1765652515.272004,20.801
1765652515.294773,6095,256,1765652515.273978,20.795
1765652515.297340,6096,256,1765652515.276569,20.771
1765652515.301849,6097,256,1765652515.280813,21.035
1765652515.303144,6098,256,1765652515.282330,20.813
1765652515.305194,6099,256,1765652515.284400,20.793
1765652515.306163,6100,256,1765652515.285392,20.771
1765652515.315941,6101,256,1765652515.295101,20.841
1765652515.319032,6102,256,1765652515.298252,20.780
1765652515.319657,6103,256,1765652515.298880,20.777
1765652515.320455,6104,256,1765652515.299509,20.946
1765652515.322403,6105,256,1765652515.301574,20.829
1765652515.324849,6106,256,1765652515.303975,20.875
1765652515.327952,6107,256,1765652515.307155,20.797
1765652515.328918,6108,256,1765652515.308131,20.787
1765652515.330166,6109,256,1765652515.309361,20.805
1765652515.336246,6110,256,1765652515.315398,20.848
1765652515.340763,6111,256,1765652515.319962,20.801
1765652515.344033,6112,256,1765652515.323225,20.807
1765652515.351213,6113,256,1765652515.330404,20.810
1765652515.352517,6114,256,1765652515.331726,20.791
1765652515.353805,6115,256,1765652515.332995,20.810
1765652515.355756,6116,256,1765652515.334964,20.792
1765652515.358192,6117,256,1765652515.337349,20.842
1765652515.371277,6118,256,1765652515.350249,21.028
1765652515.372500,6119,256,1765652515.351705,20.795
1765652515.372897,6120,256,1765652515.351742,21.155
1765652515.376227,6121,256,1765652515.355436,20.792
1765652515.378754,6122,256,1765652515.357755,20.999
1765652515.379199,6123,256,1765652515.358402,20.797
1765652515.383602,6124,256,1765652515.362752,20.850
1765652515.389616,6125,256,1765652515.368788,20.828
1765652515.392774,6126,256,1765652515.371938,20.836
1765652515.393807,6127,256,1765652515.373030,20.777
1765652515.394218,6128,256,1765652515.373114,21.104
1765652515.395479,6129,256,1765652515.374412,21.067
1765652515.396646,6130,256,1765652515.375867,20.778
1765652515.406491,6131,256,1765652515.385639,20.851
1765652515.410879,6132,256,1765652515.390025,20.854
1765652515.411520,6133,256,1765652515.390721,20.799
1765652515.412812,6134,256,1765652515.391983,20.829
1765652515.415859,6135,256,1765652515.395054,20.805
1765652515.416407,6136,256,1765652515.395567,20.840
1765652515.428399,6137,256,1765652515.407049,21.349
1765652515.428746,6138,256,1765652515.407744,21.003
1765652515.429444,6139,256,1765652515.408542,20.902
1765652515.430521,6140,256,1765652515.409640,20.882
1765652515.433360,6141,256,1765652515.412519,20.841
1765652515.435162,6142,256,1765652515.414335,20.826
1765652515.440221,6143,256,1765652515.419356,20.865
1765652515.440996,6144,256,1765652515.419926,21.070
1765652515.450500,6145,256,1765652515.429657,20.844
1765652515.456276,6146,256,1765652515.435398,20.879
1765652515.465086,6147,256,1765652515.444198,20.889
1765652515.478952,6148,256,1765652515.457710,21.243
1765652515.484218,6149,256,1765652515.463250,20.968
1765652515.484884,6150,256,1765652515.463978,20.906
1765652515.489745,6151,256,1765652515.468774,20.971
1765652515.491108,6152,256,1765652515.470217,20.891
1765652515.494364,6153,256,1765652515.473409,20.955
1765652515.494693,6154,256,1765652515.473811,20.882
1765652515.498986,6155,256,1765652515.477869,21.117
1765652515.509446,6156,256,1765652515.488552,20.894
1765652515.522458,6157,256,1765652515.501539,20.919
1765652515.522871,6158,256,1765652515.501650,21.221
1765652515.523222,6159,256,1765652515.502407,20.815
1765652515.525591,6160,256,1765652515.504566,21.025
1765652515.532717,6161,256,1765652515.511729,20.989
1765652515.545021,6162,256,1765652515.523898,21.123
1765652515.551461,6163,256,1765652515.530425,21.036
1765652515.552501,6164,256,1765652515.531572,20.928
1765652515.555526,6165,256,1765652515.534595,20.931
1765652515.562501,6166,256,1765652515.541441,21.060
1765652515.565361,6167,256,1765652515.544391,20.970
1765652515.565708,6168,256,1765652515.544581,21.127
1765652515.573083,6169,256,1765652515.552108,20.975
1765652515.574298,6170,256,1765652515.553410,20.888
1765652515.574734,6171,256,1765652515.553614,21.119
1765652515.584445,6172,256,1765652515.563421,21.024
1765652515.584711,6173,256,1765652515.563836,20.875
1765652515.589404,6174,256,1765652515.568507,20.896
1765652515.594610,6175,256,1765652515.573581,21.029
1765652515.595459,6176,256,1765652515.574349,21.110
1765652515.596112,6177,256,1765652515.575209,20.903
1765652515.597311,6178,256,1765652515.576392,20.920
1765652515.598505,6179,256,1765652515.577622,20.883
1765652515.598885,6180,256,1765652515.577856,21.029
1765652515.601357,6181,256,1765652515.580453,20.904
1765652515.605959,6182,256,1765652515.584900,21.059
1765652515.607500,6183,256,1765652515.586597,20.902
1765652515.608749,6184,256,1765652515.587808,20.941
1765652515.616463,6185,256,1765652515.595484,20.979
1765652515.617661,6186,256,1765652515.596581,21.080
1765652515.630364,6187,256,1765652515.609271,21.093
1765652515.632333,6188,256,1765652515.611417,20.916
1765652515.636554,6189,256,1765652515.615391,21.164
1765652515.642969,6190,256,1765652515.621865,21.104
1765652515.644358,6191,256,1765652515.623282,21.076
1765652515.649276,6192,256,1765652515.628255,21.021
1765652515.652618,6193,256,1765652515.631593,21.025
1765652515.655615,6194,256,1765652515.634458,21.158
1765652515.663213,6195,256,1765652515.642261,20.952
1765652515.665350,6196,256,1765652515.644439,20.911
1765652515.666394,6197,256,1765652515.645497,20.897
1765652515.667557,6198,256,1765652515.646471,21.085
1765652515.673160,6199,256,1765652515.651619,21.541
1765652515.679871,6200,256,1765652515.658645,21.226
1765652515.683659,6201,256,1765652515.662328,21.331
1765652515.685172,6202,256,1765652515.663943,21.229
1765652515.689488,6203,256,1765652515.668278,21.210
1765652515.691653,6204,256,1765652515.670492,21.161
1765652515.698057,6205,256,1765652515.676764,21.293
1765652515.701726,6206,256,1765652515.680530,21.197
1765652515.708538,6207,256,1765652515.687541,20.997
1765652515.713248,6208,256,1765652515.692239,21.008
1765652515.716669,6209,256,1765652515.695749,20.919
1765652515.720255,6210,256,1765652515.699268,20.988
1765652515.720695,6211,256,1765652515.699840,20.854
1765652515.722544,6212,256,1765652515.701563,20.981
1765652515.725887,6213,256,1765652515.704840,21.047
1765652515.738604,6214,256,1765652515.717478,21.126
1765652515.740479,6215,256,1765652515.719470,21.009
1765652515.747215,6216,256,1765652515.726059,21.156
1765652515.750850,6217,256,1765652515.729851,20.999
1765652515.754262,6218,256,1765652515.733238,21.024
1765652515.763582,6219,256,1765652515.742507,21.075
1765652515.763723,6220,256,1765652515.742598,21.125
1765652515.770734,6221,256,1765652515.749598,21.136
1765652515.777119,6222,256,1765652515.755895,21.224
1765652515.777241,6223,256,1765652515.756382,20.859
1765652515.780296,6224,256,1765652515.759187,21.110
1765652515.780423,6225,256,1765652515.759458,20.965
1765652515.780863,6226,256,1765652515.759627,21.236
1765652515.784853,6227,256,1765652515.763757,21.096
1765652515.785243,6228,256,1765652515.764388,20.855
1765652515.794585,6229,256,1765652515.773315,21.270
1765652515.798606,6230,256,1765652515.777583,21.023
1765652515.803496,6231,256,1765652515.782528,20.968
1765652515.810782,6232,256,1765652515.789727,21.055
1765652515.819000,6233,256,1765652515.797756,21.244
1765652515.834632,6234,256,1765652515.813616,21.015
1765652515.838027,6235,256,1765652515.817198,20.829
1765652515.838467,6236,256,1765652515.817674,20.793
1765652515.838892,6237,256,1765652515.818077,20.815
1765652515.846964,6238,256,1765652515.826113,20.851
1765652515.847357,6239,256,1765652515.826295,21.062
1765652515.850277,6240,256,1765652515.829418,20.859
1765652515.850623,6241,256,1765652515.829708,20.915
1765652515.851181,6242,256,1765652515.830391,20.791
1765652515.852527,6243,256,1765652515.831624,20.903
1765652515.863509,6244,256,1765652515.842474,21.036
1765652515.868029,6245,256,1765652515.847147,20.882
1765652515.871617,6246,256,1765652515.850812,20.805
1765652515.873001,6247,256,1765652515.852111,20.890
1765652515.878067,6248,256,1765652515.857098,20.968
1765652515.880238,6249,256,1765652515.859274,20.964
1765652515.890564,6250,256,1765652515.869580,20.984
1765652515.894418,6251,256,1765652515.873422,20.996
1765652515.894747,6252,256,1765652515.873783,20.963
1765652515.898662,6253,256,1765652515.877728,20.934
1765652515.904563,6254,256,1765652515.883611,20.952
1765652515.906281,6255,256,1765652515.885330,20.951
1765652515.907636,6256,256,1765652515.886767,20.869
1765652515.913877,6257,256,1765652515.892978,20.899
1765652515.914829,6258,256,1765652515.894039,20.790
1765652515.929347,6259,256,1765652515.908444,20.903
1765652515.940491,6260,256,1765652515.919336,21.155
1765652515.941422,6261,256,1765652515.920483,20.939
1765652515.945969,6262,256,1765652515.925068,20.901
1765652515.946453,6263,256,1765652515.925645,20.808
1765652515.947020,6264,256,1765652515.926208,20.812
1765652515.949865,6265,256,1765652515.928844,21.021
1765652515.957668,6266,256,1765652515.936747,20.921
1765652515.962384,6267,256,1765652515.941348,21.036
1765652515.964585,6268,256,1765652515.943586,21.000
1765652515.966959,6269,256,1765652515.946083,20.876
1765652515.972430,6270,256,1765652515.951402,21.029
1765652515.972810,6271,256,1765652515.951950,20.860
1765652515.977252,6272,256,1765652515.956231,21.021
1765652515.977526,6273,256,1765652515.956393,21.134
1765652515.977910,6274,256,1765652515.956666,21.244
1765652515.979092,6275,256,1765652515.958201,20.891
1765652515.981536,6276,256,1765652515.960499,21.037
1765652515.985798,6277,256,1765652515.964696,21.101
1765652515.998365,6278,256,1765652515.977154,21.211
1765652516.001695,6279,256,1765652515.980560,21.135
1765652516.005550,6280,256,1765652515.984361,21.189
1765652516.006670,6281,256,1765652515.985539,21.131
1765652516.006820,6282,256,1765652515.985701,21.119
1765652516.008732,6283,256,1765652515.987676,21.056
1765652516.011935,6284,256,1765652515.990980,20.955
1765652516.019871,6285,256,1765652515.998965,20.906
1765652516.020590,6286,256,1765652515.999651,20.939
1765652516.026278,6287,256,1765652516.005256,21.022
1765652516.026516,6288,256,1765652516.005452,21.065
1765652516.029767,6289,256,1765652516.008811,20.955
1765652516.030088,6290,256,1765652516.008939,21.149
1765652516.030448,6291,256,1765652516.009592,20.856
1765652516.032665,6292,256,1765652516.011775,20.890
1765652516.033876,6293,256,1765652516.013034,20.842
1765652516.036290,6294,256,1765652516.015339,20.951
1765652516.037994,6295,256,1765652516.017146,20.849
1765652516.040182,6296,256,1765652516.019294,20.888
1765652516.041293,6297,256,1765652516.020397,20.895
1765652516.042770,6298,256,1765652516.021883,20.887
1765652516.043794,6299,256,1765652516.022931,20.864
1765652516.049275,6300,256,1765652516.028404,20.871
1765652516.054830,6301,256,1765652516.033952,20.879
1765652516.055212,6302,256,1765652516.034264,20.948
1765652516.059207,6303,256,1765652516.038227,20.980
1765652516.060364,6304,256,1765652516.039501,20.862
1765652516.063268,6305,256,1765652516.042315,20.953
1765652516.069880,6306,256,1765652516.048935,20.945
1765652516.070206,6307,256,1765652516.049035,21.171
1765652516.071064,6308,256,1765652516.049640,21.424
1765652516.072794,6309,256,1765652516.051873,20.922
1765652516.076531,6310,256,1765652516.055536,20.995
1765652516.082196,6311,256,1765652516.061186,21.011
1765652516.087772,6312,256,1765652516.066803,20.969
1765652516.098481,6313,256,1765652516.077422,21.058
1765652516.102521,6314,256,1765652516.081251,21.271
1765652516.105077,6315,256,1765652516.084023,21.054
1765652516.107058,6316,256,1765652516.086092,20.966
1765652516.107344,6317,256,1765652516.086353,20.991
1765652516.108438,6318,256,1765652516.087403,21.035
1765652516.112076,6319,256,1765652516.090937,21.140
1765652516.114811,6320,256,1765652516.093809,21.002
1765652516.116452,6321,256,1765652516.095538,20.914
1765652516.119773,6322,256,1765652516.098885,20.889
1765652516.120151,6323,256,1765652516.098992,21.159
1765652516.126789,6324,256,1765652516.105854,20.935
1765652516.128602,6325,256,1765652516.107702,20.900
1765652516.130116,6326,256,1765652516.109245,20.870
1765652516.134458,6327,256,1765652516.113502,20.956
1765652516.134793,6328,256,1765652516.113646,21.147
1765652516.138553,6329,256,1765652516.117439,21.114
1765652516.143137,6330,256,1765652516.122159,20.978
1765652516.146152,6331,256,1765652516.125218,20.935
1765652516.147709,6332,256,1765652516.126722,20.987
1765652516.152176,6333,256,1765652516.131176,21.000
1765652516.152406,6334,256,1765652516.131330,21.076
1765652516.152805,6335,256,1765652516.131580,21.225
1765652516.155210,6336,256,1765652516.134393,20.816
1765652516.155594,6337,256,1765652516.134465,21.129
1765652516.156013,6338,256,1765652516.134486,21.527
1765652516.161222,6339,256,1765652516.140230,20.993
1765652516.167758,6340,256,1765652516.146876,20.881
1765652516.170482,6341,256,1765652516.149569,20.913
1765652516.174133,6342,256,1765652516.153200,20.933
1765652516.177410,6343,256,1765652516.156486,20.925
1765652516.177910,6344,256,1765652516.157109,20.801
1765652516.180208,6345,256,1765652516.159412,20.796
1765652516.181349,6346,256,1765652516.160450,20.898
1765652516.185646,6347,256,1765652516.164671,20.975
1765652516.185966,6348,256,1765652516.164918,21.048
1765652516.186311,6349,256,1765652516.165171,21.140
1765652516.187305,6350,256,1765652516.166512,20.793
1765652516.188496,6351,256,1765652516.166982,21.514
1765652516.194178,6352,256,1765652516.173283,20.895
1765652516.196624,6353,256,1765652516.175621,21.003
1765652516.197549,6354,256,1765652516.176571,20.978
1765652516.203719,6355,256,1765652516.182584,21.135
1765652516.204458,6356,256,1765652516.183537,20.921
1765652516.206716,6357,256,1765652516.185611,21.104
1765652516.207987,6358,256,1765652516.187000,20.986
1765652516.208556,6359,256,1765652516.187661,20.895
1765652516.212777,6360,256,1765652516.191893,20.883
1765652516.214686,6361,256,1765652516.193738,20.948
1765652516.224913,6362,256,1765652516.203968,20.945
1765652516.228617,6363,256,1765652516.207665,20.952
1765652516.229154,6364,256,1765652516.208280,20.873
1765652516.229558,6365,256,1765652516.208382,21.175
1765652516.229965,6366,256,1765652516.208625,21.340
1765652516.231065,6367,256,1765652516.210186,20.880
1765652516.233591,6368,256,1765652516.212734,20.857
1765652516.239465,6369,256,1765652516.218498,20.967
1765652516.244578,6370,256,1765652516.223656,20.922
1765652516.249448,6371,256,1765652516.228393,21.054
1765652516.251472,6372,256,1765652516.230551,20.921
1765652516.255012,6373,256,1765652516.233901,21.110
1765652516.258850,6374,256,1765652516.237848,21.002
1765652516.263154,6375,256,1765652516.242170,20.984
1765652516.263516,6376,256,1765652516.242641,20.875
1765652516.267867,6377,256,1765652516.246886,20.982
1765652516.269968,6378,256,1765652516.249064,20.904
1765652516.275892,6379,256,1765652516.254935,20.957
1765652516.277819,6380,256,1765652516.256835,20.984
1765652516.280011,6381,256,1765652516.259100,20.911
1765652516.281408,6382,256,1765652516.260473,20.935
1765652516.284433,6383,256,1765652516.263498,20.935
1765652516.287983,6384,256,1765652516.267061,20.923
1765652516.294045,6385,256,1765652516.273103,20.942
1765652516.294484,6386,256,1765652516.273407,21.078
1765652516.298331,6387,256,1765652516.277400,20.932
1765652516.298723,6388,256,1765652516.277548,21.175
1765652516.300658,6389,256,1765652516.279762,20.895
1765652516.302340,6390,256,1765652516.281395,20.945
1765652516.306185,6391,256,1765652516.285307,20.879
1765652516.318471,6392,256,1765652516.297580,20.891
1765652516.321772,6393,256,1765652516.300747,21.025
1765652516.326733,6394,256,1765652516.305851,20.882
1765652516.330388,6395,256,1765652516.309458,20.929
1765652516.333943,6396,256,1765652516.313026,20.917
1765652516.335076,6397,256,1765652516.314070,21.006
1765652516.335466,6398,256,1765652516.314361,21.105
1765652516.337692,6399,256,1765652516.316817,20.875
1765652516.342990,6400,256,1765652516.322019,20.971
1765652516.343521,6401,256,1765652516.322701,20.820
1765652516.349150,6402,256,1765652516.328248,20.902
1765652516.349500,6403,256,1765652516.328627,20.873
1765652516.353564,6404,256,1765652516.332661,20.902
1765652516.355568,6405,256,1765652516.334573,20.995
1765652516.357243,6406,256,1765652516.336344,20.898
1765652516.364896,6407,256,1765652516.343627,21.269
1765652516.365255,6408,256,1765652516.344363,20.891
1765652516.371548,6409,256,1765652516.350629,20.919
1765652516.374206,6410,256,1765652516.353312,20.895
1765652516.377324,6411,256,1765652516.356430,20.894
1765652516.381292,6412,256,1765652516.360316,20.977
1765652516.381756,6413,256,1765652516.360853,20.902
1765652516.384157,6414,256,1765652516.363255,20.902
1765652516.393720,6415,256,1765652516.372801,20.919
1765652516.397269,6416,256,1765652516.376356,20.913
1765652516.401433,6417,256,1765652516.380464,20.970
1765652516.402342,6418,256,1765652516.381492,20.851
1765652516.403112,6419,256,1765652516.381940,21.172
1765652516.404437,6420,256,1765652516.383602,20.835
1765652516.405060,6421,256,1765652516.384272,20.788
1765652516.405535,6422,256,1765652516.384448,21.086
1765652516.406927,6423,256,1765652516.386083,20.844
1765652516.411625,6424,256,1765652516.390562,21.063
1765652516.413427,6425,256,1765652516.392573,20.854
1765652516.414351,6426,256,1765652516.393544,20.807
1765652516.415398,6427,256,1765652516.394595,20.803
1765652516.417048,6428,256,1765652516.396238,20.810
1765652516.422007,6429,256,1765652516.401135,20.872
1765652516.426690,6430,256,1765652516.405823,20.866
1765652516.433111,6431,256,1765652516.412053,21.059
1765652516.434453,6432,256,1765652516.413589,20.863
1765652516.434944,6433,256,1765652516.414164,20.779
1765652516.436554,6434,256,1765652516.415755,20.800
1765652516.439412,6435,256,1765652516.418521,20.891
1765652516.441969,6436,256,1765652516.421097,20.873
1765652516.456933,6437,256,1765652516.435942,20.991
1765652516.459240,6438,256,1765652516.438301,20.939
1765652516.459671,6439,256,1765652516.438873,20.799
1765652516.464231,6440,256,1765652516.443258,20.973
1765652516.469574,6441,256,1765652516.448612,20.962
1765652516.470912,6442,256,1765652516.450079,20.833
1765652516.471757,6443,256,1765652516.450938,20.819
1765652516.476885,6444,256,1765652516.455983,20.902
1765652516.477231,6445,256,1765652516.456137,21.094
1765652516.481548,6446,256,1765652516.460628,20.920
1765652516.485847,6447,256,1765652516.464697,21.150
1765652516.489183,6448,256,1765652516.468242,20.941
1765652516.489491,6449,256,1765652516.468644,20.847
1765652516.497510,6450,256,1765652516.476422,21.088
1765652516.498076,6451,256,1765652516.477278,20.797
1765652516.498449,6452,256,1765652516.477618,20.831
1765652516.506665,6453,256,1765652516.485708,20.957
1765652516.510553,6454,256,1765652516.489588,20.965
1765652516.511128,6455,256,1765652516.490324,20.804
1765652516.512828,6456,256,1765652516.492054,20.774
1765652516.516886,6457,256,1765652516.496008,20.878
1765652516.518206,6458,256,1765652516.497399,20.807
1765652516.520011,6459,256,1765652516.499040,20.972
1765652516.522336,6460,256,1765652516.501537,20.799
1765652516.522872,6461,256,1765652516.502093,20.778
1765652516.534039,6462,256,1765652516.513208,20.831
1765652516.541252,6463,256,1765652516.520288,20.964
1765652516.542877,6464,256,1765652516.522103,20.774
1765652516.550188,6465,256,1765652516.529196,20.993
1765652516.561009,6466,256,1765652516.540142,20.867
1765652516.566036,6467,256,1765652516.545209,20.827
1765652516.572932,6468,256,1765652516.552078,20.854
1765652516.583805,6469,256,1765652516.562818,20.987
1765652516.587646,6470,256,1765652516.566650,20.996
1765652516.588493,6471,256,1765652516.567506,20.987
1765652516.589543,6472,256,1765652516.568606,20.937
1765652516.591767,6473,256,1765652516.570824,20.944
1765652516.596871,6474,256,1765652516.575903,20.968
1765652516.597234,6475,256,1765652516.576341,20.893
1765652516.604039,6476,256,1765652516.583062,20.977
1765652516.608646,6477,256,1765652516.587256,21.390
1765652516.612830,6478,256,1765652516.591630,21.200
1765652516.613077,6479,256,1765652516.592077,21.000
1765652516.613586,6480,256,1765652516.592235,21.351
1765652516.613964,6481,256,1765652516.592677,21.286
1765652516.614881,6482,256,1765652516.593932,20.949
1765652516.615150,6483,256,1765652516.594048,21.102
1765652516.621686,6484,256,1765652516.600831,20.855
1765652516.625954,6485,256,1765652516.605130,20.824
1765652516.638322,6486,256,1765652516.617504,20.818
1765652516.643487,6487,256,1765652516.622503,20.984
1765652516.644336,6488,256,1765652516.623514,20.822
1765652516.646154,6489,256,1765652516.625333,20.821
1765652516.650907,6490,256,1765652516.630084,20.823
1765652516.654114,6491,256,1765652516.633283,20.831
1765652516.654682,6492,256,1765652516.633911,20.771
1765652516.657395,6493,256,1765652516.636586,20.808
1765652516.658201,6494,256,1765652516.637384,20.817
1765652516.666386,6495,256,1765652516.645488,20.898
1765652516.667071,6496,256,1765652516.645621,21.451
1765652516.673406,6497,256,1765652516.652440,20.966
1765652516.689317,6498,256,1765652516.668345,20.971
1765652516.689692,6499,256,1765652516.668433,21.259
1765652516.691663,6500,256,1765652516.670674,20.989
1765652516.691996,6501,256,1765652516.671009,20.987
1765652516.694691,6502,256,1765652516.673749,20.941
1765652516.698316,6503,256,1765652516.677389,20.926
1765652516.698679,6504,256,1765652516.677667,21.013
1765652516.701135,6505,256,1765652516.680218,20.917
1765652516.702220,6506,256,1765652516.681165,21.055
1765652516.702914,6507,256,1765652516.681700,21.215
1765652516.703289,6508,256,1765652516.682220,21.069
1765652516.703687,6509,256,1765652516.682258,21.429
1765652516.705219,6510,256,1765652516.684397,20.822
1765652516.710353,6511,256,1765652516.689567,20.786
1765652516.711143,6512,256,1765652516.690166,20.977
1765652516.713505,6513,256,1765652516.692731,20.774
1765652516.726096,6514,256,1765652516.705266,20.830
1765652516.728893,6515,256,1765652516.708085,20.808
1765652516.733927,6516,256,1765652516.711960,21.967
1765652516.735439,6517,256,1765652516.714644,20.795
1765652516.736731,6518,256,1765652516.715942,20.788
1765652516.738199,6519,256,1765652516.717360,20.838
1765652516.740906,6520,256,1765652516.720108,20.799
1765652516.741662,6521,256,1765652516.720882,20.780
1765652516.748697,6522,256,1765652516.727841,20.855
1765652516.754839,6523,256,1765652516.734000,20.839
1765652516.763078,6524,256,1765652516.742126,20.952
1765652516.764994,6525,256,1765652516.743879,21.116
1765652516.768290,6526,256,1765652516.747476,20.814
1765652516.775604,6527,256,1765652516.754752,20.852
1765652516.776602,6528,256,1765652516.755701,20.901
1765652516.783357,6529,256,1765652516.762343,21.015
1765652516.783673,6530,256,1765652516.762887,20.786
1765652516.792839,6531,256,1765652516.771950,20.889
1765652516.796688,6532,256,1765652516.775693,20.996
1765652516.797625,6533,256,1765652516.776816,20.809
1765652516.800468,6534,256,1765652516.779256,21.212
1765652516.805348,6535,256,1765652516.784525,20.823
1765652516.807976,6536,256,1765652516.787163,20.813
1765652516.808947,6537,256,1765652516.788134,20.813
1765652516.811486,6538,256,1765652516.790640,20.847
1765652516.813438,6539,256,1765652516.792613,20.825
1765652516.813996,6540,256,1765652516.793077,20.920
1765652516.815544,6541,256,1765652516.794550,20.993
1765652516.821072,6542,256,1765652516.799948,21.124
1765652516.821422,6543,256,1765652516.800181,21.240
1765652516.822618,6544,256,1765652516.801698,20.920
1765652516.828830,6545,256,1765652516.807762,21.067
1765652516.829147,6546,256,1765652516.808359,20.788
1765652516.831542,6547,256,1765652516.810564,20.978
1765652516.833996,6548,256,1765652516.813124,20.872
1765652516.840878,6549,256,1765652516.819898,20.979
1765652516.855027,6550,256,1765652516.834157,20.870
1765652516.858232,6551,256,1765652516.837336,20.896
1765652516.864824,6552,256,1765652516.843904,20.920
1765652516.865531,6553,256,1765652516.844543,20.988
1765652516.869696,6554,256,1765652516.848682,21.013
1765652516.874409,6555,256,1765652516.853548,20.861
1765652516.874766,6556,256,1765652516.853694,21.071
1765652516.882940,6557,256,1765652516.861907,21.032
1765652516.885032,6558,256,1765652516.863729,21.302
1765652516.891000,6559,256,1765652516.869989,21.011
1765652516.894048,6560,256,1765652516.872992,21.056
1765652516.894309,6561,256,1765652516.873306,21.003
1765652516.898481,6562,256,1765652516.877509,20.972
1765652516.902154,6563,256,1765652516.881270,20.884
1765652516.903604,6564,256,1765652516.882780,20.824
1765652516.904182,6565,256,1765652516.883393,20.789
1765652516.911460,6566,256,1765652516.890565,20.894
1765652516.924236,6567,256,1765652516.903218,21.019
1765652516.927832,6568,256,1765652516.906963,20.869
1765652516.930106,6569,256,1765652516.909292,20.814
1765652516.934238,6570,256,1765652516.913208,21.030
1765652516.939293,6571,256,1765652516.918419,20.874
1765652516.944909,6572,256,1765652516.924037,20.872
1765652516.949809,6573,256,1765652516.928948,20.861
1765652516.950192,6574,256,1765652516.929104,21.089
1765652516.950561,6575,256,1765652516.929314,21.247
1765652516.959359,6576,256,1765652516.938355,21.005
1765652516.959583,6577,256,1765652516.938456,21.127
1765652516.961605,6578,256,1765652516.940648,20.957
1765652516.963265,6579,256,1765652516.942278,20.987
1765652516.964123,6580,256,1765652516.943120,21.004
1765652516.967442,6581,256,1765652516.946433,21.009
1765652516.973635,6582,256,1765652516.952758,20.877
1765652516.982847,6583,256,1765652516.961941,20.906
1765652516.991008,6584,256,1765652516.970079,20.929
1765652517.002601,6585,256,1765652516.981539,21.062
1765652517.007571,6586,256,1765652516.986646,20.925
1765652517.008691,6587,256,1765652516.987814,20.877
1765652517.009432,6588,256,1765652516.988655,20.777
1765652517.014895,6589,256,1765652516.993831,21.065
1765652517.019721,6590,256,1765652516.998789,20.931
1765652517.021398,6591,256,1765652517.000453,20.946
1765652517.021912,6592,256,1765652517.001127,20.785
1765652517.025423,6593,256,1765652517.004431,20.992
1765652517.027854,6594,256,1765652517.006822,21.031
1765652517.029526,6595,256,1765652517.008485,21.041
1765652517.032147,6596,256,1765652517.011075,21.071
1765652517.036049,6597,256,1765652517.015026,21.023
1765652517.045945,6598,256,1765652517.025079,20.866
1765652517.049056,6599,256,1765652517.027825,21.231
1765652517.051005,6600,256,1765652517.030120,20.884
1765652517.051352,6601,256,1765652517.030261,21.091
1765652517.056263,6602,256,1765652517.035417,20.847
1765652517.056828,6603,256,1765652517.036034,20.794
1765652517.060482,6604,256,1765652517.039474,21.008
1765652517.060821,6605,256,1765652517.039957,20.865
1765652517.061640,6606,256,1765652517.040780,20.859
1765652517.062057,6607,256,1765652517.040998,21.060
1765652517.065069,6608,256,1765652517.044224,20.844
1765652517.067694,6609,256,1765652517.046754,20.940
1765652517.071508,6610,256,1765652517.050661,20.847
1765652517.071872,6611,256,1765652517.050906,20.966
1765652517.076540,6612,256,1765652517.055187,21.353
1765652517.076778,6613,256,1765652517.055556,21.223
1765652517.077564,6614,256,1765652517.056615,20.949
1765652517.081675,6615,256,1765652517.060840,20.835
1765652517.082051,6616,256,1765652517.060933,21.118
1765652517.086264,6617,256,1765652517.065143,21.121
1765652517.090025,6618,256,1765652517.069141,20.884
1765652517.097878,6619,256,1765652517.076890,20.988
1765652517.100743,6620,256,1765652517.079800,20.943
1765652517.104893,6621,256,1765652517.083956,20.936
1765652517.108322,6622,256,1765652517.087356,20.966
1765652517.113787,6623,256,1765652517.092815,20.972
1765652517.114507,6624,256,1765652517.093528,20.979
1765652517.122689,6625,256,1765652517.101727,20.963
1765652517.127889,6626,256,1765652517.106936,20.953
1765652517.130219,6627,256,1765652517.109307,20.912
1765652517.130559,6628,256,1765652517.109706,20.854
1765652517.136142,6629,256,1765652517.115139,21.003
1765652517.137193,6630,256,1765652517.116228,20.964
1765652517.138204,6631,256,1765652517.117269,20.935
1765652517.140428,6632,256,1765652517.119413,21.015
1765652517.143539,6633,256,1765652517.122692,20.848
1765652517.150441,6634,256,1765652517.129552,20.889
1765652517.158918,6635,256,1765652517.138033,20.885
1765652517.160979,6636,256,1765652517.140093,20.886
1765652517.162791,6637,256,1765652517.141862,20.928
1765652517.163424,6638,256,1765652517.142531,20.893
1765652517.163732,6639,256,1765652517.142697,21.035
1765652517.164107,6640,256,1765652517.143243,20.864
1765652517.169105,6641,256,1765652517.148006,21.099
1765652517.169227,6642,256,1765652517.148070,21.158
1765652517.170576,6643,256,1765652517.149612,20.964
1765652517.171840,6644,256,1765652517.150980,20.860
1765652517.176926,6645,256,1765652517.156005,20.921
1765652517.181551,6646,256,1765652517.160516,21.034
1765652517.186068,6647,256,1765652517.165082,20.986
1765652517.187292,6648,256,1765652517.166451,20.841
1765652517.197008,6649,256,1765652517.176105,20.902
1765652517.202653,6650,256,1765652517.181651,21.002
1765652517.207085,6651,256,1765652517.185912,21.173
1765652517.212590,6652,256,1765652517.191556,21.034
1765652517.212820,6653,256,1765652517.191725,21.095
1765652517.221644,6654,256,1765652517.200612,21.032
1765652517.223037,6655,256,1765652517.202185,20.852
1765652517.228026,6656,256,1765652517.206954,21.073
1765652517.228271,6657,256,1765652517.207203,21.068
1765652517.236120,6658,256,1765652517.215134,20.986
1765652517.236891,6659,256,1765652517.216047,20.843
1765652517.241770,6660,256,1765652517.220672,21.098
1765652517.252986,6661,256,1765652517.232038,20.948
1765652517.254251,6662,256,1765652517.233340,20.910
1765652517.259129,6663,256,1765652517.238288,20.841
1765652517.268590,6664,256,1765652517.247648,20.942
1765652517.270936,6665,256,1765652517.249876,21.059
1765652517.271646,6666,256,1765652517.250683,20.963
1765652517.272305,6667,256,1765652517.251343,20.963
1765652517.277250,6668,256,1765652517.256300,20.950
1765652517.278929,6669,256,1765652517.258005,20.924
1765652517.279344,6670,256,1765652517.258544,20.800
1765652517.282323,6671,256,1765652517.261402,20.921
1765652517.282615,6672,256,1765652517.261486,21.129
1765652517.283007,6673,256,1765652517.261918,21.089
1765652517.299350,6674,256,1765652517.278442,20.908
1765652517.300690,6675,256,1765652517.279763,20.928
1765652517.301707,6676,256,1765652517.280760,20.948
1765652517.305644,6677,256,1765652517.284796,20.847
1765652517.308608,6678,256,1765652517.287688,20.921
1765652517.315641,6679,256,1765652517.294702,20.939
1765652517.320907,6680,256,1765652517.300065,20.842
1765652517.323179,6681,256,1765652517.302330,20.849
1765652517.326465,6682,256,1765652517.305531,20.934
1765652517.332930,6683,256,1765652517.312036,20.895
1765652517.333638,6684,256,1765652517.312793,20.845
1765652517.338470,6685,256,1765652517.317512,20.957
1765652517.340564,6686,256,1765652517.319689,20.876
1765652517.342197,6687,256,1765652517.321388,20.810
1765652517.343449,6688,256,1765652517.322650,20.798
1765652517.349995,6689,256,1765652517.328821,21.175
1765652517.350237,6690,256,1765652517.329437,20.800
1765652517.350631,6691,256,1765652517.329572,21.059
1765652517.351842,6692,256,1765652517.331038,20.804
1765652517.352321,6693,256,1765652517.331540,20.781
1765652517.355909,6694,256,1765652517.335052,20.857
1765652517.357439,6695,256,1765652517.336489,20.950
1765652517.362861,6696,256,1765652517.341974,20.888
1765652517.365675,6697,256,1765652517.344878,20.797
1765652517.375969,6698,256,1765652517.355096,20.873
1765652517.387095,6699,256,1765652517.365947,21.147
1765652517.388154,6700,256,1765652517.367340,20.813
1765652517.391776,6701,256,1765652517.370813,20.963
1765652517.398648,6702,256,1765652517.377398,21.250
1765652517.401840,6703,256,1765652517.380913,20.927
1765652517.402804,6704,256,1765652517.381905,20.899
1765652517.403900,6705,256,1765652517.383063,20.838
1765652517.405138,6706,256,1765652517.384341,20.797
1765652517.410345,6707,256,1765652517.389332,21.013
1765652517.412151,6708,256,1765652517.391207,20.944
1765652517.415645,6709,256,1765652517.394786,20.859
1765652517.419657,6710,256,1765652517.398822,20.834
1765652517.420024,6711,256,1765652517.398873,21.151
1765652517.422020,6712,256,1765652517.401086,20.935
1765652517.425684,6713,256,1765652517.404835,20.849
1765652517.426052,6714,256,1765652517.404873,21.178
1765652517.433316,6715,256,1765652517.412271,21.045
1765652517.433738,6716,256,1765652517.412922,20.816
1765652517.435231,6717,256,1765652517.414416,20.815
1765652517.439010,6718,256,1765652517.418015,20.995
1765652517.439259,6719,256,1765652517.418147,21.112
1765652517.443030,6720,256,1765652517.422085,20.945
1765652517.443324,6721,256,1765652517.422219,21.105
1765652517.444553,6722,256,1765652517.423552,21.001
1765652517.450104,6723,256,1765652517.428195,21.909
1765652517.452596,6724,256,1765652517.431482,21.114
1765652517.456579,6725,256,1765652517.435473,21.105
1765652517.459437,6726,256,1765652517.438465,20.972
1765652517.464922,6727,256,1765652517.443899,21.024
1765652517.467844,6728,256,1765652517.446791,21.053
1765652517.474444,6729,256,1765652517.453305,21.140
1765652517.478036,6730,256,1765652517.456933,21.102
1765652517.478299,6731,256,1765652517.457119,21.180
1765652517.486969,6732,256,1765652517.465898,21.071
1765652517.492830,6733,256,1765652517.471757,21.073
1765652517.493071,6734,256,1765652517.471920,21.151
1765652517.493716,6735,256,1765652517.472759,20.957
1765652517.498961,6736,256,1765652517.477864,21.097
1765652517.510664,6737,256,1765652517.489574,21.090
1765652517.517661,6738,256,1765652517.496491,21.169
1765652517.519436,6739,256,1765652517.498295,21.142
1765652517.522072,6740,256,1765652517.501089,20.983
1765652517.524997,6741,256,1765652517.503900,21.097
1765652517.525915,6742,256,1765652517.504554,21.361
1765652517.528523,6743,256,1765652517.507514,21.010
1765652517.528765,6744,256,1765652517.507661,21.104
1765652517.533546,6745,256,1765652517.512412,21.135
1765652517.537169,6746,256,1765652517.516095,21.074
1765652517.537404,6747,256,1765652517.516558,20.846
1765652517.540883,6748,256,1765652517.519791,21.092
1765652517.541579,6749,256,1765652517.520628,20.951
1765652517.544427,6750,256,1765652517.523508,20.919
1765652517.544707,6751,256,1765652517.523762,20.945
1765652517.546308,6752,256,1765652517.525395,20.913
1765652517.552417,6753,256,1765652517.531450,20.967
1765652517.553915,6754,256,1765652517.532660,21.254
1765652517.562073,6755,256,1765652517.541125,20.948
1765652517.564386,6756,256,1765652517.543480,20.906
1765652517.566241,6757,256,1765652517.545285,20.956
1765652517.567279,6758,256,1765652517.546328,20.951
1765652517.567627,6759,256,1765652517.546593,21.034
1765652517.568405,6760,256,1765652517.547516,20.889
1765652517.572153,6761,256,1765652517.551233,20.920
1765652517.572579,6762,256,1765652517.551747,20.833
1765652517.576224,6763,256,1765652517.555264,20.959
1765652517.577696,6764,256,1765652517.556591,21.106
1765652517.579006,6765,256,1765652517.558062,20.944
1765652517.582506,6766,256,1765652517.561459,21.048
1765652517.585614,6767,256,1765652517.564550,21.064
1765652517.587392,6768,256,1765652517.566319,21.073
1765652517.587559,6769,256,1765652517.566682,20.877
1765652517.589777,6770,256,1765652517.568847,20.930
1765652517.592101,6771,256,1765652517.571058,21.044
1765652517.592565,6772,256,1765652517.571639,20.926
1765652517.599599,6773,256,1765652517.578528,21.072
1765652517.599869,6774,256,1765652517.578717,21.152
1765652517.604529,6775,256,1765652517.583600,20.929
1765652517.605575,6776,256,1765652517.584673,20.902
1765652517.605878,6777,256,1765652517.584768,21.110
1765652517.606327,6778,256,1765652517.585273,21.054
1765652517.610657,6779,256,1765652517.589550,21.107
1765652517.618259,6780,256,1765652517.597241,21.018
1765652517.622064,6781,256,1765652517.601001,21.063
1765652517.627602,6782,256,1765652517.606455,21.147
1765652517.634721,6783,256,1765652517.613554,21.167
1765652517.649733,6784,256,1765652517.628819,20.914
1765652517.651433,6785,256,1765652517.630546,20.886
1765652517.654526,6786,256,1765652517.633630,20.895
1765652517.656045,6787,256,1765652517.635036,21.009
1765652517.656862,6788,256,1765652517.635959,20.902
1765652517.658445,6789,256,1765652517.637332,21.113
1765652517.658783,6790,256,1765652517.637851,20.932
1765652517.660495,6791,256,1765652517.639545,20.949
1765652517.661156,6792,256,1765652517.640265,20.891
1765652517.663684,6793,256,1765652517.642829,20.855
1765652517.666435,6794,256,1765652517.645531,20.903
1765652517.666834,6795,256,1765652517.646030,20.804
1765652517.674025,6796,256,1765652517.652834,21.190
1765652517.677757,6797,256,1765652517.656784,20.973
1765652517.678736,6798,256,1765652517.657840,20.896
1765652517.679511,6799,256,1765652517.658647,20.863
1765652517.691419,6800,256,1765652517.670467,20.952
1765652517.694294,6801,256,1765652517.673323,20.971
1765652517.696497,6802,256,1765652517.675551,20.947
1765652517.703907,6803,256,1765652517.682595,21.312
1765652517.707416,6804,256,1765652517.686359,21.056
1765652517.707829,6805,256,1765652517.686963,20.866
1765652517.713002,6806,256,1765652517.692051,20.951
1765652517.717050,6807,256,1765652517.696092,20.958
1765652517.723786,6808,256,1765652517.702876,20.910
1765652517.725809,6809,256,1765652517.704889,20.920
1765652517.726287,6810,256,1765652517.705437,20.851
1765652517.729856,6811,256,1765652517.708998,20.858
1765652517.740035,6812,256,1765652517.719146,20.889
1765652517.740600,6813,256,1765652517.719741,20.858
1765652517.740988,6814,256,1765652517.719770,21.219
1765652517.741888,6815,256,1765652517.721024,20.864
1765652517.748016,6816,256,1765652517.727104,20.911
1765652517.749120,6817,256,1765652517.728280,20.840
1765652517.750729,6818,256,1765652517.729892,20.837
1765652517.752628,6819,256,1765652517.731793,20.835
1765652517.754575,6820,256,1765652517.733736,20.839
1765652517.760170,6821,256,1765652517.739269,20.901
1765652517.765962,6822,256,1765652517.745117,20.845
1765652517.767529,6823,256,1765652517.746618,20.912
1765652517.771200,6824,256,1765652517.750357,20.843
1765652517.772004,6825,256,1765652517.751183,20.821
1765652517.773441,6826,256,1765652517.752634,20.807
1765652517.776219,6827,256,1765652517.755404,20.815
1765652517.780301,6828,256,1765652517.759434,20.867
1765652517.782547,6829,256,1765652517.761728,20.818
1765652517.789331,6830,256,1765652517.768470,20.861
1765652517.789751,6831,256,1765652517.768958,20.793
1765652517.790461,6832,256,1765652517.769630,20.831
1765652517.791748,6833,256,1765652517.770938,20.809
1765652517.792938,6834,256,1765652517.772143,20.795
1765652517.795423,6835,256,1765652517.774577,20.846
1765652517.799550,6836,256,1765652517.778683,20.867
1765652517.800016,6837,256,1765652517.779180,20.836
1765652517.809291,6838,256,1765652517.788393,20.898
1765652517.816628,6839,256,1765652517.795695,20.933
1765652517.818160,6840,256,1765652517.797297,20.863
1765652517.820525,6841,256,1765652517.799673,20.853
1765652517.836616,6842,256,1765652517.815268,21.348
1765652517.836745,6843,256,1765652517.815528,21.216
1765652517.837644,6844,256,1765652517.816588,21.055
1765652517.848188,6845,256,1765652517.827133,21.055
1765652517.848401,6846,256,1765652517.827402,20.999
1765652517.851615,6847,256,1765652517.830509,21.106
1765652517.851878,6848,256,1765652517.830708,21.170
1765652517.852216,6849,256,1765652517.831059,21.156
1765652517.853938,6850,256,1765652517.833019,20.920
1765652517.855741,6851,256,1765652517.834648,21.094
1765652517.860755,6852,256,1765652517.839510,21.245
1765652517.863615,6853,256,1765652517.842541,21.074
1765652517.871028,6854,256,1765652517.849831,21.197
1765652517.871483,6855,256,1765652517.850673,20.810
1765652517.874700,6856,256,1765652517.853808,20.892
1765652517.875076,6857,256,1765652517.854061,21.015
1765652517.881589,6858,256,1765652517.860405,21.184
1765652517.881800,6859,256,1765652517.860986,20.813
1765652517.882681,6860,256,1765652517.861234,21.447
1765652517.883402,6861,256,1765652517.862509,20.894
1765652517.887629,6862,256,1765652517.866534,21.095
1765652517.893634,6863,256,1765652517.872567,21.066
1765652517.897690,6864,256,1765652517.876525,21.165
1765652517.898638,6865,256,1765652517.877537,21.101
1765652517.900216,6866,256,1765652517.879252,20.964
1765652517.907290,6867,256,1765652517.886290,21.001
1765652517.908081,6868,256,1765652517.887212,20.869
1765652517.916988,6869,256,1765652517.895928,21.060
1765652517.917360,6870,256,1765652517.896554,20.806
1765652517.919077,6871,256,1765652517.898252,20.826
1765652517.919644,6872,256,1765652517.898854,20.790
1765652517.925168,6873,256,1765652517.904261,20.907
1765652517.926497,6874,256,1765652517.905496,21.000
1765652517.930915,6875,256,1765652517.909904,21.012
1765652517.931511,6876,256,1765652517.910626,20.885
1765652517.949847,6877,256,1765652517.928706,21.141
1765652517.953101,6878,256,1765652517.932049,21.053
1765652517.956630,6879,256,1765652517.935572,21.058
1765652517.957441,6880,256,1765652517.936357,21.084
1765652517.960208,6881,256,1765652517.939222,20.987
1765652517.964436,6882,256,1765652517.943321,21.115
1765652517.974577,6883,256,1765652517.953574,21.003
1765652517.974906,6884,256,1765652517.954054,20.852
1765652517.979593,6885,256,1765652517.958639,20.953
1765652517.985915,6886,256,1765652517.965037,20.878
1765652517.986516,6887,256,1765652517.965723,20.794
1765652517.991098,6888,256,1765652517.970211,20.886
1765652517.992679,6889,256,1765652517.971449,21.230
1765652517.995668,6890,256,1765652517.974785,20.883
1765652517.999834,6891,256,1765652517.978716,21.118
1765652518.000337,6892,256,1765652517.979453,20.884
1765652518.001177,6893,256,1765652517.980225,20.952
1765652518.003737,6894,256,1765652517.982772,20.965
1765652518.014717,6895,256,1765652517.993704,21.013
1765652518.018926,6896,256,1765652517.997879,21.047
1765652518.019147,6897,256,1765652517.998028,21.119
1765652518.019626,6898,256,1765652517.998244,21.382
1765652518.025675,6899,256,1765652518.004589,21.086
1765652518.028316,6900,256,1765652518.007257,21.059
1765652518.031229,6901,256,1765652518.010193,21.037
1765652518.031544,6902,256,1765652518.010752,20.792
1765652518.042320,6903,256,1765652518.021398,20.921
1765652518.053282,6904,256,1765652518.032225,21.057
1765652518.053661,6905,256,1765652518.032304,21.356
1765652518.054031,6906,256,1765652518.033129,20.903
1765652518.055575,6907,256,1765652518.034722,20.853
1765652518.058406,6908,256,1765652518.037195,21.210
1765652518.059210,6909,256,1765652518.038387,20.823
1765652518.062489,6910,256,1765652518.041583,20.906
1765652518.063436,6911,256,1765652518.042534,20.902
1765652518.064881,6912,256,1765652518.043972,20.909
1765652518.066168,6913,256,1765652518.045278,20.890
1765652518.066538,6914,256,1765652518.045741,20.798
1765652518.070290,6915,256,1765652518.049324,20.966
1765652518.070863,6916,256,1765652518.050049,20.814
1765652518.075537,6917,256,1765652518.054650,20.887
1765652518.077177,6918,256,1765652518.056166,21.011
1765652518.079431,6919,256,1765652518.058508,20.923
1765652518.079732,6920,256,1765652518.058766,20.966
1765652518.080588,6921,256,1765652518.059674,20.914
1765652518.082147,6922,256,1765652518.061244,20.903
1765652518.083245,6923,256,1765652518.062351,20.894
1765652518.083714,6924,256,1765652518.062914,20.800
1765652518.089989,6925,256,1765652518.069077,20.911
1765652518.095036,6926,256,1765652518.074136,20.900
1765652518.098143,6927,256,1765652518.077201,20.942
1765652518.101467,6928,256,1765652518.080414,21.053
1765652518.102638,6929,256,1765652518.081704,20.934
1765652518.104489,6930,256,1765652518.083586,20.902
1765652518.107082,6931,256,1765652518.086139,20.943
1765652518.111804,6932,256,1765652518.090786,21.018
1765652518.114305,6933,256,1765652518.093404,20.901
1765652518.116848,6934,256,1765652518.095945,20.903
1765652518.117809,6935,256,1765652518.097006,20.803
1765652518.121532,6936,256,1765652518.100638,20.895
1765652518.123887,6937,256,1765652518.103027,20.860
1765652518.127599,6938,256,1765652518.106675,20.924
1765652518.128066,6939,256,1765652518.107254,20.812
1765652518.137813,6940,256,1765652518.116872,20.941
1765652518.153036,6941,256,1765652518.131809,21.227
1765652518.153283,6942,256,1765652518.132395,20.888
1765652518.153982,6943,256,1765652518.132918,21.064
1765652518.159092,6944,256,1765652518.137964,21.128
1765652518.162354,6945,256,1765652518.141275,21.078
1765652518.169509,6946,256,1765652518.148527,20.981
1765652518.176614,6947,256,1765652518.155625,20.989
1765652518.177129,6948,256,1765652518.156307,20.821
1765652518.187265,6949,256,1765652518.166282,20.983
1765652518.190996,6950,256,1765652518.170083,20.913
1765652518.193010,6951,256,1765652518.172114,20.895
1765652518.198037,6952,256,1765652518.177125,20.912
1765652518.201658,6953,256,1765652518.180804,20.853
1765652518.202619,6954,256,1765652518.181730,20.889
1765652518.206525,6955,256,1765652518.185561,20.963
1765652518.215278,6956,256,1765652518.194362,20.916
1765652518.219402,6957,256,1765652518.198422,20.980
1765652518.219644,6958,256,1765652518.198630,21.014
1765652518.226751,6959,256,1765652518.205740,21.011
1765652518.227804,6960,256,1765652518.206813,20.991
1765652518.232829,6961,256,1765652518.211817,21.012
1765652518.237557,6962,256,1765652518.216573,20.984
1765652518.241891,6963,256,1765652518.220837,21.054
1765652518.242094,6964,256,1765652518.220925,21.169
1765652518.248116,6965,256,1765652518.227065,21.051
1765652518.251631,6966,256,1765652518.230435,21.196
1765652518.254494,6967,256,1765652518.233653,20.841
1765652518.258984,6968,256,1765652518.238159,20.824
1765652518.260290,6969,256,1765652518.239469,20.822
1765652518.263284,6970,256,1765652518.242470,20.814
1765652518.271014,6971,256,1765652518.250172,20.842
1765652518.272732,6972,256,1765652518.251912,20.819
1765652518.273877,6973,256,1765652518.253043,20.833
1765652518.278900,6974,256,1765652518.258073,20.827
1765652518.279289,6975,256,1765652518.258393,20.896
1765652518.281100,6976,256,1765652518.260243,20.857
1765652518.284207,6977,256,1765652518.263326,20.880
1765652518.289112,6978,256,1765652518.268302,20.810
1765652518.289512,6979,256,1765652518.268658,20.854
1765652518.289914,6980,256,1765652518.269042,20.872
1765652518.291608,6981,256,1765652518.270744,20.864
1765652518.297428,6982,256,1765652518.276547,20.880
1765652518.297970,6983,256,1765652518.277141,20.829
1765652518.298727,6984,256,1765652518.277929,20.798
1765652518.305648,6985,256,1765652518.284779,20.869
1765652518.310299,6986,256,1765652518.289297,21.003
1765652518.310630,6987,256,1765652518.289483,21.146
1765652518.312155,6988,256,1765652518.291200,20.955
1765652518.317289,6989,256,1765652518.296213,21.076
1765652518.318176,6990,256,1765652518.297367,20.809
1765652518.320848,6991,256,1765652518.300043,20.805
1765652518.325045,6992,256,1765652518.303837,21.207
1765652518.331202,6993,256,1765652518.310205,20.997
1765652518.335190,6994,256,1765652518.314195,20.994
1765652518.338510,6995,256,1765652518.317644,20.866
1765652518.338963,6996,256,1765652518.318179,20.783
1765652518.343189,6997,256,1765652518.322179,21.011
1765652518.347543,6998,256,1765652518.326388,21.156
1765652518.348871,6999,256,1765652518.327847,21.024
1765652518.357114,7000,256,1765652518.335997,21.117
1765652518.361090,7001,256,1765652518.340163,20.926
1765652518.362966,7002,256,1765652518.341938,21.028
1765652518.367299,7003,256,1765652518.346255,21.044
1765652518.369509,7004,256,1765652518.348512,20.996
1765652518.375384,7005,256,1765652518.354438,20.946
1765652518.378980,7006,256,1765652518.358026,20.955
1765652518.382161,7007,256,1765652518.361298,20.863
1765652518.383796,7008,256,1765652518.362939,20.857
1765652518.384224,7009,256,1765652518.363092,21.132
1765652518.385483,7010,256,1765652518.364618,20.865
1765652518.389829,7011,256,1765652518.368954,20.875
1765652518.396929,7012,256,1765652518.376043,20.886
1765652518.397720,7013,256,1765652518.376809,20.910
1765652518.404346,7014,256,1765652518.383463,20.883
1765652518.410524,7015,256,1765652518.389645,20.880
1765652518.415996,7016,256,1765652518.394995,21.001
1765652518.416263,7017,256,1765652518.395255,21.008
1765652518.420074,7018,256,1765652518.399171,20.903
1765652518.427924,7019,256,1765652518.407004,20.919
1765652518.428222,7020,256,1765652518.407393,20.830
1765652518.434482,7021,256,1765652518.413600,20.881
1765652518.434926,7022,256,1765652518.414080,20.846
1765652518.436908,7023,256,1765652518.416062,20.846
1765652518.440622,7024,256,1765652518.419793,20.828
1765652518.443871,7025,256,1765652518.423018,20.853
1765652518.445286,7026,256,1765652518.424443,20.843
1765652518.447553,7027,256,1765652518.426582,20.972
1765652518.453575,7028,256,1765652518.432565,21.010
1765652518.454422,7029,256,1765652518.433548,20.874
1765652518.455191,7030,256,1765652518.434353,20.838
1765652518.456356,7031,256,1765652518.435353,21.003
1765652518.457194,7032,256,1765652518.435970,21.224
1765652518.457614,7033,256,1765652518.436027,21.588
1765652518.457944,7034,256,1765652518.436063,21.881
1765652518.460999,7035,256,1765652518.440103,20.897
1765652518.467492,7036,256,1765652518.446527,20.965
1765652518.468080,7037,256,1765652518.447247,20.833
1765652518.470323,7038,256,1765652518.449349,20.974
1765652518.475817,7039,256,1765652518.454707,21.110
1765652518.476565,7040,256,1765652518.455647,20.917
1765652518.477836,7041,256,1765652518.456966,20.870
1765652518.489151,7042,256,1765652518.468155,20.996
1765652518.490098,7043,256,1765652518.469205,20.893
1765652518.493860,7044,256,1765652518.472831,21.029
1765652518.494123,7045,256,1765652518.473156,20.966
1765652518.498039,7046,256,1765652518.477019,21.020
1765652518.499240,7047,256,1765652518.478250,20.991
1765652518.500205,7048,256,1765652518.479283,20.922
1765652518.500514,7049,256,1765652518.479664,20.850
1765652518.502584,7050,256,1765652518.481720,20.864
1765652518.506756,7051,256,1765652518.485785,20.971
1765652518.507027,7052,256,1765652518.486055,20.972
1765652518.508693,7053,256,1765652518.487733,20.960
1765652518.513327,7054,256,1765652518.492422,20.905
1765652518.515098,7055,256,1765652518.494216,20.882
1765652518.516202,7056,256,1765652518.495296,20.906
1765652518.521690,7057,256,1765652518.500480,21.210
1765652518.521934,7058,256,1765652518.501083,20.851
1765652518.525129,7059,256,1765652518.504204,20.926
1765652518.532501,7060,256,1765652518.511369,21.132
1765652518.535069,7061,256,1765652518.514048,21.021
1765652518.537514,7062,256,1765652518.516294,21.220
1765652518.539202,7063,256,1765652518.518078,21.125
1765652518.540260,7064,256,1765652518.519283,20.977
1765652518.540620,7065,256,1765652518.519427,21.194
1765652518.546828,7066,256,1765652518.525790,21.037
1765652518.549044,7067,256,1765652518.528195,20.849
1765652518.551976,7068,256,1765652518.531168,20.808
1765652518.553244,7069,256,1765652518.532240,21.004
1765652518.554559,7070,256,1765652518.533739,20.820
1765652518.559402,7071,256,1765652518.538479,20.923
1765652518.563193,7072,256,1765652518.542330,20.863
1765652518.571601,7073,256,1765652518.550697,20.904
1765652518.572097,7074,256,1765652518.551278,20.818
1765652518.572471,7075,256,1765652518.551512,20.959
1765652518.578569,7076,256,1765652518.557609,20.959
1765652518.580153,7077,256,1765652518.559286,20.867
1765652518.580497,7078,256,1765652518.559388,21.109
1765652518.582700,7079,256,1765652518.561793,20.907
1765652518.585459,7080,256,1765652518.564225,21.235
1765652518.595016,7081,256,1765652518.574099,20.917
1765652518.595338,7082,256,1765652518.574400,20.938
1765652518.595723,7083,256,1765652518.574597,21.126
1765652518.596655,7084,256,1765652518.575826,20.829
1765652518.608821,7085,256,1765652518.587848,20.972
1765652518.611125,7086,256,1765652518.590226,20.900
1765652518.612953,7087,256,1765652518.591996,20.958
1765652518.615878,7088,256,1765652518.594872,21.006
1765652518.619772,7089,256,1765652518.598878,20.895
1765652518.620101,7090,256,1765652518.598971,21.130
1765652518.631013,7091,256,1765652518.609757,21.256
1765652518.632561,7092,256,1765652518.611698,20.863
1765652518.633462,7093,256,1765652518.612589,20.874
1765652518.633966,7094,256,1765652518.613132,20.835
1765652518.642830,7095,256,1765652518.621794,21.037
1765652518.643667,7096,256,1765652518.622835,20.832
1765652518.646626,7097,256,1765652518.625597,21.029
1765652518.646872,7098,256,1765652518.625964,20.908
1765652518.647258,7099,256,1765652518.626016,21.242
1765652518.649516,7100,256,1765652518.628345,21.170
1765652518.649681,7101,256,1765652518.628817,20.864
1765652518.650479,7102,256,1765652518.629447,21.032
1765652518.650805,7103,256,1765652518.630010,20.794
1765652518.651686,7104,256,1765652518.630857,20.829
1765652518.661519,7105,256,1765652518.640521,20.998
1765652518.662026,7106,256,1765652518.640821,21.205
1765652518.663734,7107,256,1765652518.642730,21.004
1765652518.667369,7108,256,1765652518.646416,20.953
1765652518.668735,7109,256,1765652518.647697,21.038
1765652518.672264,7110,256,1765652518.651266,20.998
1765652518.680140,7111,256,1765652518.659175,20.965
1765652518.682574,7112,256,1765652518.661651,20.923
1765652518.682945,7113,256,1765652518.661894,21.051
1765652518.686823,7114,256,1765652518.665855,20.968
1765652518.689982,7115,256,1765652518.668912,21.070
1765652518.692342,7116,256,1765652518.671418,20.924
1765652518.692742,7117,256,1765652518.671518,21.224
1765652518.694115,7118,256,1765652518.673153,20.962
1765652518.698973,7119,256,1765652518.678131,20.842
1765652518.699357,7120,256,1765652518.678240,21.116
1765652518.700400,7121,256,1765652518.679511,20.889
1765652518.705533,7122,256,1765652518.684657,20.875
1765652518.705903,7123,256,1765652518.684926,20.977
1765652518.706305,7124,256,1765652518.684973,21.332
1765652518.706694,7125,256,1765652518.685659,21.035
1765652518.708442,7126,256,1765652518.687542,20.901
1765652518.710749,7127,256,1765652518.689823,20.926
1765652518.719069,7128,256,1765652518.698133,20.936
1765652518.730562,7129,256,1765652518.709629,20.933
1765652518.736579,7130,256,1765652518.715482,21.097
1765652518.739926,7131,256,1765652518.718961,20.964
1765652518.741911,7132,256,1765652518.720943,20.967
1765652518.760003,7133,256,1765652518.738428,21.575
1765652518.760277,7134,256,1765652518.738570,21.707
1765652518.765473,7135,256,1765652518.744307,21.166
1765652518.772942,7136,256,1765652518.752054,20.887
1765652518.773298,7137,256,1765652518.752238,21.060
1765652518.774185,7138,256,1765652518.753299,20.887
1765652518.774557,7139,256,1765652518.753488,21.069
1765652518.774974,7140,256,1765652518.754025,20.948
1765652518.775399,7141,256,1765652518.754601,20.798
1765652518.775814,7142,256,1765652518.755025,20.789
1765652518.778219,7143,256,1765652518.757172,21.047
1765652518.781476,7144,256,1765652518.760488,20.988
1765652518.783396,7145,256,1765652518.762445,20.951
1765652518.786471,7146,256,1765652518.765631,20.840
1765652518.787337,7147,256,1765652518.766288,21.049
1765652518.788893,7148,256,1765652518.768029,20.863
1765652518.795095,7149,256,1765652518.774259,20.837
1765652518.807857,7150,256,1765652518.786984,20.873
1765652518.816671,7151,256,1765652518.795819,20.852
1765652518.817033,7152,256,1765652518.796016,21.017
1765652518.825627,7153,256,1765652518.804619,21.008
1765652518.826111,7154,256,1765652518.805308,20.804
1765652518.828569,7155,256,1765652518.807553,21.016
1765652518.829618,7156,256,1765652518.808785,20.833
1765652518.831552,7157,256,1765652518.810555,20.997
1765652518.833499,7158,256,1765652518.812629,20.870
1765652518.835988,7159,256,1765652518.815120,20.867
1765652518.840456,7160,256,1765652518.819576,20.880
1765652518.842647,7161,256,1765652518.821761,20.886
1765652518.843037,7162,256,1765652518.821955,21.082
1765652518.846177,7163,256,1765652518.825290,20.887
1765652518.847278,7164,256,1765652518.826399,20.879
1765652518.848336,7165,256,1765652518.827496,20.840
1765652518.848860,7166,256,1765652518.828080,20.780
1765652518.858062,7167,256,1765652518.837205,20.857
1765652518.863420,7168,256,1765652518.842494,20.926
1765652518.864081,7169,256,1765652518.843189,20.892
1765652518.864398,7170,256,1765652518.843560,20.838
1765652518.867164,7171,256,1765652518.845983,21.181
1765652518.867734,7172,256,1765652518.846920,20.814
1765652518.870299,7173,256,1765652518.849438,20.861
1765652518.878999,7174,256,1765652518.857993,21.006
1765652518.890469,7175,256,1765652518.869469,21.000
1765652518.896495,7176,256,1765652518.875552,20.943
1765652518.903261,7177,256,1765652518.882395,20.867
1765652518.904011,7178,256,1765652518.883209,20.801
1765652518.913700,7179,256,1765652518.892853,20.848
1765652518.915044,7180,256,1765652518.894248,20.795
1765652518.915559,7181,256,1765652518.894775,20.784
1765652518.918837,7182,256,1765652518.897968,20.869
1765652518.921135,7183,256,1765652518.900317,20.818
1765652518.922117,7184,256,1765652518.901319,20.798
1765652518.926816,7185,256,1765652518.906000,20.816
1765652518.928476,7186,256,1765652518.907658,20.818
1765652518.931984,7187,256,1765652518.911163,20.821
1765652518.933692,7188,256,1765652518.912693,20.998
1765652518.934085,7189,256,1765652518.913142,20.943
1765652518.934482,7190,256,1765652518.913254,21.227
1765652518.934893,7191,256,1765652518.913291,21.602
1765652518.937006,7192,256,1765652518.916175,20.830
1765652518.942811,7193,256,1765652518.921959,20.852
1765652518.946554,7194,256,1765652518.925696,20.859
1765652518.956445,7195,256,1765652518.935564,20.882
1765652518.960097,7196,256,1765652518.939276,20.821
1765652518.964547,7197,256,1765652518.943573,20.974
1765652518.967028,7198,256,1765652518.946107,20.921
1765652518.979829,7199,256,1765652518.958921,20.907
1765652518.980616,7200,256,1765652518.959817,20.799
1765652518.981901,7201,256,1765652518.961094,20.807
1765652518.990659,7202,256,1765652518.969804,20.856
1765652518.994459,7203,256,1765652518.973597,20.862
1765652519.001812,7204,256,1765652518.980957,20.855
1765652519.002194,7205,256,1765652518.981117,21.076
1765652519.002581,7206,256,1765652518.981157,21.425
1765652519.005151,7207,256,1765652518.984284,20.868
1765652519.006930,7208,256,1765652518.986034,20.896
1765652519.008985,7209,256,1765652518.987995,20.990
1765652519.009917,7210,256,1765652518.988946,20.972
1765652519.011590,7211,256,1765652518.990511,21.079
1765652519.011821,7212,256,1765652518.990997,20.824
1765652519.016687,7213,256,1765652518.995774,20.913
1765652519.024463,7214,256,1765652519.003542,20.921
1765652519.027099,7215,256,1765652519.006052,21.047
1765652519.031295,7216,256,1765652519.010310,20.985
1765652519.032779,7217,256,1765652519.011876,20.903
1765652519.035219,7218,256,1765652519.014294,20.925
1765652519.035964,7219,256,1765652519.015073,20.892
1765652519.036696,7220,256,1765652519.015816,20.880
1765652519.037461,7221,256,1765652519.016622,20.839
1765652519.040186,7222,256,1765652519.019307,20.879
1765652519.053197,7223,256,1765652519.031985,21.212
1765652519.053602,7224,256,1765652519.032579,21.022
1765652519.054569,7225,256,1765652519.033568,21.001
1765652519.055140,7226,256,1765652519.034326,20.813
1765652519.058369,7227,256,1765652519.037424,20.945
1765652519.058689,7228,256,1765652519.037556,21.133
1765652519.059120,7229,256,1765652519.037593,21.527
1765652519.060461,7230,256,1765652519.039585,20.876
1765652519.063164,7231,256,1765652519.042277,20.887
1765652519.064414,7232,256,1765652519.043534,20.880
1765652519.066312,7233,256,1765652519.045018,21.294
1765652519.072338,7234,256,1765652519.051413,20.925
1765652519.072656,7235,256,1765652519.051518,21.138
1765652519.079452,7236,256,1765652519.058510,20.943
1765652519.088442,7237,256,1765652519.067332,21.110
1765652519.090335,7238,256,1765652519.069472,20.863
1765652519.090696,7239,256,1765652519.069619,21.078
1765652519.093474,7240,256,1765652519.072610,20.864
1765652519.101484,7241,256,1765652519.080592,20.892
1765652519.105186,7242,256,1765652519.084121,21.065
1765652519.109497,7243,256,1765652519.088159,21.337
1765652519.114997,7244,256,1765652519.093872,21.126
1765652519.116106,7245,256,1765652519.095184,20.922
1765652519.118520,7246,256,1765652519.097249,21.272
1765652519.118603,7247,256,1765652519.097440,21.163
1765652519.120404,7248,256,1765652519.099365,21.039
1765652519.126333,7249,256,1765652519.105142,21.191
1765652519.134769,7250,256,1765652519.113574,21.196
1765652519.134874,7251,256,1765652519.113766,21.109
1765652519.136819,7252,256,1765652519.115580,21.239
1765652519.139327,7253,256,1765652519.117788,21.539
1765652519.142291,7254,256,1765652519.121317,20.974
1765652519.144280,7255,256,1765652519.123252,21.029
1765652519.144498,7256,256,1765652519.123397,21.101
1765652519.147686,7257,256,1765652519.126598,21.088
1765652519.161511,7258,256,1765652519.140538,20.973
1765652519.168088,7259,256,1765652519.147187,20.901
1765652519.169815,7260,256,1765652519.148813,21.002
1765652519.171542,7261,256,1765652519.150478,21.063
1765652519.171889,7262,256,1765652519.150999,20.890
1765652519.184492,7263,256,1765652519.163318,21.174
1765652519.197670,7264,256,1765652519.176713,20.957
1765652519.202036,7265,256,1765652519.181167,20.869
1765652519.204049,7266,256,1765652519.183104,20.946
1765652519.205920,7267,256,1765652519.185029,20.890
1765652519.215220,7268,256,1765652519.194208,21.012
1765652519.215475,7269,256,1765652519.194531,20.944
1765652519.219750,7270,256,1765652519.198904,20.846
1765652519.222778,7271,256,1765652519.201937,20.841
1765652519.227456,7272,256,1765652519.206640,20.817
1765652519.230499,7273,256,1765652519.209699,20.800
1765652519.231503,7274,256,1765652519.210716,20.787
1765652519.240470,7275,256,1765652519.219643,20.827
1765652519.243912,7276,256,1765652519.223065,20.847
1765652519.244293,7277,256,1765652519.223173,21.120
1765652519.258472,7278,256,1765652519.237497,20.975
1765652519.258758,7279,256,1765652519.237826,20.932
1765652519.262038,7280,256,1765652519.241056,20.981
1765652519.264555,7281,256,1765652519.243317,21.238
1765652519.265687,7282,256,1765652519.244792,20.895
1765652519.267146,7283,256,1765652519.246296,20.850
1765652519.268609,7284,256,1765652519.247627,20.981
1765652519.277114,7285,256,1765652519.256140,20.974
1765652519.280863,7286,256,1765652519.259972,20.891
1765652519.282033,7287,256,1765652519.260939,21.093
1765652519.285170,7288,256,1765652519.264266,20.904
1765652519.285648,7289,256,1765652519.264790,20.858
1765652519.287279,7290,256,1765652519.266263,21.016
1765652519.288044,7291,256,1765652519.267146,20.898
1765652519.289883,7292,256,1765652519.269029,20.854
1765652519.298417,7293,256,1765652519.277489,20.928
1765652519.308640,7294,256,1765652519.287629,21.011
1765652519.310419,7295,256,1765652519.289330,21.089
1765652519.310905,7296,256,1765652519.289951,20.953
1765652519.311665,7297,256,1765652519.290788,20.877
1765652519.312184,7298,256,1765652519.291321,20.862
1765652519.317415,7299,256,1765652519.296402,21.013
1765652519.319016,7300,256,1765652519.297986,21.030
1765652519.319282,7301,256,1765652519.298296,20.986
1765652519.323703,7302,256,1765652519.302676,21.027
1765652519.335118,7303,256,1765652519.313875,21.243
1765652519.337369,7304,256,1765652519.316099,21.270
1765652519.353526,7305,256,1765652519.332336,21.189
1765652519.358833,7306,256,1765652519.337708,21.125
1765652519.361112,7307,256,1765652519.340129,20.983
1765652519.364573,7308,256,1765652519.343472,21.101
1765652519.364763,7309,256,1765652519.343827,20.936
1765652519.367076,7310,256,1765652519.346210,20.866
1765652519.370069,7311,256,1765652519.349096,20.973
1765652519.373255,7312,256,1765652519.352319,20.936
1765652519.375951,7313,256,1765652519.355067,20.884
1765652519.382088,7314,256,1765652519.361192,20.896
1765652519.385578,7315,256,1765652519.364526,21.052
1765652519.386142,7316,256,1765652519.365330,20.812
1765652519.388324,7317,256,1765652519.367482,20.842
1765652519.397191,7318,256,1765652519.376250,20.941
1765652519.397517,7319,256,1765652519.376490,21.027
1765652519.402472,7320,256,1765652519.381474,20.998
1765652519.404443,7321,256,1765652519.383537,20.905
1765652519.407403,7322,256,1765652519.386509,20.894
1765652519.408492,7323,256,1765652519.387540,20.953
1765652519.409849,7324,256,1765652519.388968,20.881
1765652519.410184,7325,256,1765652519.389101,21.083
1765652519.413084,7326,256,1765652519.392063,21.022
1765652519.414101,7327,256,1765652519.393219,20.882
1765652519.415157,7328,256,1765652519.394311,20.846
1765652519.417753,7329,256,1765652519.396899,20.854
1765652519.423918,7330,256,1765652519.403068,20.849
1765652519.429438,7331,256,1765652519.408401,21.037
1765652519.430370,7332,256,1765652519.409387,20.983
1765652519.441479,7333,256,1765652519.420391,21.088
1765652519.441667,7334,256,1765652519.420516,21.150
1765652519.442494,7335,256,1765652519.421487,21.007
1765652519.443518,7336,256,1765652519.422521,20.997
1765652519.443854,7337,256,1765652519.422580,21.274
1765652519.444593,7338,256,1765652519.423682,20.911
1765652519.449368,7339,256,1765652519.428478,20.891
1765652519.453417,7340,256,1765652519.432440,20.977
1765652519.458980,7341,256,1765652519.437947,21.033
1765652519.466072,7342,256,1765652519.444851,21.221
1765652519.470213,7343,256,1765652519.449208,21.005
1765652519.472613,7344,256,1765652519.451775,20.838
1765652519.474703,7345,256,1765652519.453763,20.939
1765652519.476975,7346,256,1765652519.456043,20.932
1765652519.479960,7347,256,1765652519.458938,21.022
1765652519.494108,7348,256,1765652519.473143,20.966
1765652519.496419,7349,256,1765652519.475474,20.945
1765652519.499257,7350,256,1765652519.478340,20.917
1765652519.502521,7351,256,1765652519.481637,20.884
1765652519.504600,7352,256,1765652519.483750,20.851
1765652519.505793,7353,256,1765652519.484915,20.878
1765652519.506844,7354,256,1765652519.485865,20.979
1765652519.507725,7355,256,1765652519.486881,20.844
1765652519.510579,7356,256,1765652519.489731,20.847
1765652519.510916,7357,256,1765652519.489847,21.069
1765652519.516016,7358,256,1765652519.495133,20.883
1765652519.525510,7359,256,1765652519.504502,21.008
1765652519.527423,7360,256,1765652519.506482,20.941
1765652519.528591,7361,256,1765652519.507711,20.880
1765652519.531317,7362,256,1765652519.510427,20.890
1765652519.535727,7363,256,1765652519.514807,20.921
1765652519.541038,7364,256,1765652519.520069,20.969
1765652519.547810,7365,256,1765652519.526880,20.930
1765652519.556938,7366,256,1765652519.536057,20.881
1765652519.562088,7367,256,1765652519.541242,20.846
1765652519.562600,7368,256,1765652519.541753,20.847
1765652519.566599,7369,256,1765652519.545670,20.929
1765652519.572495,7370,256,1765652519.551558,20.938
1765652519.573059,7371,256,1765652519.552205,20.853
1765652519.577317,7372,256,1765652519.556310,21.007
1765652519.590450,7373,256,1765652519.569421,21.029
1765652519.592546,7374,256,1765652519.571310,21.236
1765652519.593546,7375,256,1765652519.572628,20.917
1765652519.595560,7376,256,1765652519.574691,20.869
1765652519.597520,7377,256,1765652519.576588,20.932
1765652519.601793,7378,256,1765652519.580733,21.060
1765652519.602072,7379,256,1765652519.580842,21.231
1765652519.604356,7380,256,1765652519.583454,20.902
1765652519.607248,7381,256,1765652519.586337,20.911
1765652519.607602,7382,256,1765652519.586690,20.913
1765652519.612248,7383,256,1765652519.591359,20.889
1765652519.612641,7384,256,1765652519.591506,21.135
1765652519.616275,7385,256,1765652519.595343,20.932
1765652519.617301,7386,256,1765652519.596507,20.794
1765652519.629142,7387,256,1765652519.608212,20.930
1765652519.629825,7388,256,1765652519.608991,20.834
1765652519.639729,7389,256,1765652519.618874,20.854
1765652519.647781,7390,256,1765652519.626756,21.025
1765652519.649611,7391,256,1765652519.628724,20.887
1765652519.649999,7392,256,1765652519.628788,21.211
1765652519.650418,7393,256,1765652519.629149,21.268
1765652519.651349,7394,256,1765652519.630481,20.868
1765652519.655634,7395,256,1765652519.634788,20.846
1765652519.656562,7396,256,1765652519.635685,20.877
1765652519.657619,7397,256,1765652519.636712,20.907
1765652519.658119,7398,256,1765652519.637304,20.815
1765652519.664129,7399,256,1765652519.643173,20.956
1765652519.665066,7400,256,1765652519.644172,20.893
1765652519.668716,7401,256,1765652519.647624,21.092
1765652519.674936,7402,256,1765652519.654036,20.900
1765652519.675248,7403,256,1765652519.654380,20.868
1765652519.677252,7404,256,1765652519.656396,20.856
1765652519.680084,7405,256,1765652519.659087,20.997
1765652519.688426,7406,256,1765652519.667523,20.903
1765652519.688757,7407,256,1765652519.667660,21.097
1765652519.693265,7408,256,1765652519.672280,20.986
1765652519.698814,7409,256,1765652519.677812,21.003
1765652519.701464,7410,256,1765652519.680366,21.099
1765652519.709427,7411,256,1765652519.688472,20.955
1765652519.723885,7412,256,1765652519.702851,21.033
1765652519.727414,7413,256,1765652519.706412,21.001
1765652519.728404,7414,256,1765652519.707485,20.918
1765652519.741219,7415,256,1765652519.720289,20.929
1765652519.744833,7416,256,1765652519.723857,20.976
1765652519.745125,7417,256,1765652519.724009,21.117
1765652519.748973,7418,256,1765652519.728041,20.932
1765652519.749949,7419,256,1765652519.729059,20.891
1765652519.753503,7420,256,1765652519.732513,20.990
1765652519.754580,7421,256,1765652519.733562,21.017
1765652519.756831,7422,256,1765652519.735897,20.934
1765652519.758498,7423,256,1765652519.737611,20.887
1765652519.767632,7424,256,1765652519.746704,20.928
1765652519.775810,7425,256,1765652519.754869,20.941
1765652519.779550,7426,256,1765652519.758589,20.961
1765652519.781850,7427,256,1765652519.760964,20.886
1765652519.782763,7428,256,1765652519.761936,20.827
1765652519.785776,7429,256,1765652519.764861,20.916
1765652519.790921,7430,256,1765652519.770051,20.869
1765652519.793126,7431,256,1765652519.772271,20.855
1765652519.793492,7432,256,1765652519.772583,20.909
1765652519.798455,7433,256,1765652519.777594,20.861
1765652519.799121,7434,256,1765652519.778317,20.804
1765652519.800795,7435,256,1765652519.779941,20.854
1765652519.806545,7436,256,1765652519.785515,21.030
1765652519.808312,7437,256,1765652519.787267,21.045
1765652519.810143,7438,256,1765652519.789268,20.875
1765652519.815079,7439,256,1765652519.794159,20.921
1765652519.816822,7440,256,1765652519.795962,20.860
1765652519.818160,7441,256,1765652519.797299,20.861
1765652519.823564,7442,256,1765652519.802307,21.257
1765652519.831951,7443,256,1765652519.811039,20.912
1765652519.838552,7444,256,1765652519.817408,21.144
1765652519.843665,7445,256,1765652519.822700,20.965
1765652519.852762,7446,256,1765652519.831513,21.248
1765652519.852882,7447,256,1765652519.831618,21.265
1765652519.853940,7448,256,1765652519.832834,21.107
1765652519.854758,7449,256,1765652519.833712,21.046
1765652519.857946,7450,256,1765652519.836940,21.007
1765652519.863219,7451,256,1765652519.842236,20.983
1765652519.868477,7452,256,1765652519.847507,20.971
1765652519.878639,7453,256,1765652519.857400,21.239
1765652519.878964,7454,256,1765652519.857884,21.080
1765652519.886335,7455,256,1765652519.865224,21.111
1765652519.886659,7456,256,1765652519.865791,20.868
1765652519.889559,7457,256,1765652519.868632,20.927
1765652519.899275,7458,256,1765652519.877904,21.371
1765652519.900265,7459,256,1765652519.879364,20.901
1765652519.907236,7460,256,1765652519.886241,20.995
1765652519.907548,7461,256,1765652519.886443,21.106
1765652519.907933,7462,256,1765652519.886505,21.428
1765652519.908286,7463,256,1765652519.886993,21.293
1765652519.909270,7464,256,1765652519.888366,20.904
1765652519.912845,7465,256,1765652519.891937,20.909
1765652519.918391,7466,256,1765652519.897466,20.925
1765652519.919126,7467,256,1765652519.897938,21.188
1765652519.922336,7468,256,1765652519.901429,20.907
1765652519.926048,7469,256,1765652519.905211,20.837
1765652519.926612,7470,256,1765652519.905813,20.799
1765652519.933370,7471,256,1765652519.912410,20.960
1765652519.933682,7472,256,1765652519.912843,20.839
1765652519.941665,7473,256,1765652519.920539,21.126
1765652519.945254,7474,256,1765652519.924322,20.931
1765652519.945592,7475,256,1765652519.924540,21.052
1765652519.945987,7476,256,1765652519.924847,21.140
1765652519.946962,7477,256,1765652519.925862,21.100
1765652519.947325,7478,256,1765652519.925899,21.426
1765652519.950053,7479,256,1765652519.929146,20.907
1765652519.958804,7480,256,1765652519.937877,20.926
1765652519.959528,7481,256,1765652519.938663,20.865
1765652519.961190,7482,256,1765652519.940321,20.869
1765652519.962856,7483,256,1765652519.941986,20.869
1765652519.969616,7484,256,1765652519.948707,20.909
1765652519.970967,7485,256,1765652519.950099,20.868
1765652519.971776,7486,256,1765652519.950906,20.869
1765652519.981264,7487,256,1765652519.960350,20.914
1765652519.982950,7488,256,1765652519.962045,20.905
1765652519.985428,7489,256,1765652519.964503,20.925
1765652519.990909,7490,256,1765652519.970005,20.904
1765652519.995849,7491,256,1765652519.974960,20.890
1765652519.998820,7492,256,1765652519.977899,20.921
1765652520.002319,7493,256,1765652519.981422,20.896
1765652520.002694,7494,256,1765652519.981505,21.189
1765652520.008391,7495,256,1765652519.987368,21.024
1765652520.008836,7496,256,1765652519.987969,20.867
1765652520.011250,7497,256,1765652519.990367,20.883
1765652520.014955,7498,256,1765652519.994123,20.832
1765652520.017348,7499,256,1765652519.996521,20.827
1765652520.024038,7500,256,1765652520.003184,20.854
1765652520.025490,7501,256,1765652520.004666,20.824
1765652520.029306,7502,256,1765652520.008453,20.854
1765652520.029674,7503,256,1765652520.008869,20.805
