t_recv,seq,bytes,t_send,latency_ms
1770107159.471099,2,256,1770107159.439887,31.212
1770107159.472922,4,256,1770107159.441955,30.967
1770107159.473203,5,256,1770107159.442001,31.202
1770107159.474808,6,256,1770107159.443926,30.882
1770107159.475307,8,256,1770107159.444264,31.043
1770107159.475521,9,256,1770107159.444289,31.232
1770107159.475821,10,256,1770107159.444681,31.139
1770107159.478113,11,256,1770107159.447177,30.936
1770107159.480374,12,256,1770107159.449127,31.246
1770107159.480505,13,256,1770107159.449337,31.168
1770107159.482603,14,256,1770107159.451543,31.060
1770107159.483795,15,256,1770107159.452053,31.743
1770107159.484007,16,256,1770107159.452544,31.463
1770107159.484561,17,256,1770107159.453606,30.955
1770107159.484805,18,256,1770107159.453778,31.027
1770107159.489261,19,256,1770107159.458220,31.041
1770107159.489454,20,256,1770107159.458451,31.003
1770107159.491326,22,256,1770107159.460402,30.924
1770107159.495710,24,256,1770107159.464829,30.881
1770107159.500352,25,256,1770107159.469261,31.090
1770107159.500612,26,256,1770107159.469411,31.201
1770107159.501060,27,256,1770107159.470248,30.811
1770107159.502414,28,256,1770107159.471379,31.035
1770107159.505780,30,256,1770107159.474957,30.823
1770107159.506388,31,256,1770107159.475458,30.929
1770107159.509424,32,256,1770107159.478585,30.838
1770107159.511237,34,256,1770107159.480224,31.013
1770107159.511625,35,256,1770107159.480408,31.216
1770107159.512017,36,256,1770107159.481278,30.739
1770107159.512805,37,256,1770107159.482001,30.805
1770107159.518111,38,256,1770107159.487131,30.980
1770107159.518775,39,256,1770107159.487898,30.877
1770107159.519218,40,256,1770107159.488390,30.828
1770107159.519785,41,256,1770107159.488826,30.959
1770107159.520086,42,256,1770107159.488867,31.219
1770107159.520381,43,256,1770107159.489482,30.899
1770107159.521333,44,256,1770107159.490605,30.728
1770107159.526315,47,256,1770107159.495528,30.786
1770107159.534927,49,256,1770107159.503934,30.993
1770107159.535251,50,256,1770107159.504461,30.790
1770107159.535646,51,256,1770107159.504909,30.737
1770107159.540583,52,256,1770107159.509525,31.058
1770107159.541391,53,256,1770107159.510493,30.899
1770107159.541685,54,256,1770107159.510834,30.852
1770107159.542289,55,256,1770107159.511030,31.259
1770107159.545444,57,256,1770107159.514713,30.730
1770107159.546005,58,256,1770107159.515285,30.719
1770107159.547696,60,256,1770107159.516732,30.964
1770107159.549172,61,256,1770107159.518067,31.105
1770107159.549864,62,256,1770107159.518590,31.274
1770107159.550749,64,256,1770107159.519533,31.216
1770107159.551587,65,256,1770107159.520841,30.746
1770107159.554331,67,256,1770107159.523596,30.736
1770107159.555337,68,256,1770107159.524611,30.727
1770107159.557365,69,256,1770107159.526440,30.925
1770107159.557696,70,256,1770107159.526469,31.228
1770107159.561532,71,256,1770107159.530494,31.038
1770107159.563648,72,256,1770107159.532779,30.869
1770107159.564797,73,256,1770107159.534069,30.728
1770107159.566067,74,256,1770107159.535326,30.741
1770107159.566401,75,256,1770107159.535681,30.720
1770107159.568345,76,256,1770107159.537494,30.851
1770107159.570321,79,256,1770107159.539218,31.103
1770107159.572872,80,256,1770107159.541919,30.953
1770107159.574596,82,256,1770107159.543785,30.812
1770107159.575484,83,256,1770107159.544670,30.814
1770107159.578303,85,256,1770107159.547344,30.958
1770107159.581306,86,256,1770107159.550146,31.160
1770107159.582423,87,256,1770107159.551704,30.720
1770107159.587417,89,256,1770107159.556480,30.937
1770107159.587757,90,256,1770107159.556810,30.947
1770107159.588701,91,256,1770107159.557704,30.997
1770107159.589795,92,256,1770107159.558787,31.008
1770107159.591602,94,256,1770107159.560480,31.122
1770107159.592404,96,256,1770107159.561631,30.772
1770107159.595373,97,256,1770107159.564578,30.796
1770107159.597804,98,256,1770107159.566981,30.823
1770107159.599102,99,256,1770107159.568265,30.837
1770107159.602082,101,256,1770107159.570971,31.111
1770107159.605106,102,256,1770107159.574064,31.042
1770107159.607929,103,256,1770107159.576874,31.055
1770107159.609265,105,256,1770107159.578409,30.856
1770107159.610045,106,256,1770107159.579241,30.804
1770107159.610355,107,256,1770107159.579370,30.985
1770107159.610661,108,256,1770107159.579537,31.124
1770107159.610945,109,256,1770107159.580168,30.777
1770107159.611793,110,256,1770107159.581063,30.730
1770107159.613331,111,256,1770107159.582585,30.746
1770107159.613948,112,256,1770107159.582956,30.992
1770107159.614292,113,256,1770107159.583463,30.829
1770107159.618061,115,256,1770107159.587047,31.014
1770107159.618796,116,256,1770107159.588066,30.729
1770107159.619073,117,256,1770107159.588181,30.892
1770107159.619371,118,256,1770107159.588404,30.967
1770107159.620363,119,256,1770107159.589164,31.199
1770107159.628814,122,256,1770107159.597970,30.844
1770107159.629001,123,256,1770107159.598081,30.919
1770107159.631279,124,256,1770107159.600392,30.887
1770107159.638252,125,256,1770107159.607422,30.830
1770107159.639683,126,256,1770107159.608851,30.833
1770107159.640244,127,256,1770107159.609470,30.773
1770107159.641428,128,256,1770107159.610431,30.997
1770107159.643312,129,256,1770107159.612325,30.986
1770107159.643457,130,256,1770107159.612440,31.017
1770107159.643888,131,256,1770107159.612699,31.189
1770107159.645369,132,256,1770107159.614434,30.935
1770107159.646256,133,256,1770107159.614709,31.548
1770107159.646390,134,256,1770107159.615108,31.282
1770107159.646709,135,256,1770107159.615291,31.418
1770107159.647071,136,256,1770107159.615899,31.172
1770107159.648122,137,256,1770107159.617167,30.956
1770107159.648690,138,256,1770107159.617876,30.814
1770107159.650898,139,256,1770107159.619836,31.062
1770107159.651463,141,256,1770107159.620387,31.076
1770107159.651827,142,256,1770107159.621097,30.730
1770107159.653031,143,256,1770107159.622151,30.880
1770107159.656110,145,256,1770107159.625264,30.847
1770107159.663562,147,256,1770107159.632772,30.790
1770107159.664909,148,256,1770107159.633871,31.038
1770107159.665034,149,256,1770107159.634314,30.720
1770107159.666180,150,256,1770107159.635268,30.911
1770107159.667504,151,256,1770107159.636647,30.857
1770107159.671367,152,256,1770107159.640480,30.887
1770107159.673137,153,256,1770107159.642235,30.902
1770107159.676584,154,256,1770107159.645837,30.747
1770107159.678421,155,256,1770107159.647687,30.734
1770107159.678710,156,256,1770107159.647893,30.817
1770107159.680073,157,256,1770107159.649347,30.726
1770107159.680346,158,256,1770107159.649431,30.915
1770107159.681008,159,256,1770107159.650298,30.710
1770107159.681786,160,256,1770107159.651064,30.721
1770107159.682631,161,256,1770107159.651923,30.709
1770107159.684741,162,256,1770107159.654019,30.723
1770107159.685043,163,256,1770107159.654322,30.721
1770107159.686496,164,256,1770107159.655785,30.711
1770107159.686816,165,256,1770107159.655902,30.913
1770107159.688135,166,256,1770107159.657201,30.935
1770107159.688924,167,256,1770107159.657583,31.341
1770107159.689583,168,256,1770107159.658672,30.911
1770107159.690370,169,256,1770107159.659524,30.846
1770107159.692659,170,256,1770107159.661924,30.735
1770107159.693491,171,256,1770107159.662781,30.710
1770107159.694572,172,256,1770107159.663851,30.721
1770107159.696326,173,256,1770107159.665594,30.733
1770107159.697535,174,256,1770107159.666800,30.734
1770107159.701676,176,256,1770107159.670870,30.807
1770107159.704711,177,256,1770107159.673831,30.881
1770107159.710081,178,256,1770107159.679276,30.805
1770107159.711129,180,256,1770107159.680265,30.864
1770107159.712726,182,256,1770107159.681668,31.058
1770107159.714774,184,256,1770107159.683898,30.876
1770107159.716354,187,256,1770107159.685585,30.769
1770107159.720779,189,256,1770107159.690016,30.763
1770107159.721438,190,256,1770107159.690710,30.728
1770107159.722046,191,256,1770107159.691203,30.843
1770107159.722459,192,256,1770107159.691748,30.711
1770107159.723714,193,256,1770107159.692998,30.716
1770107159.724037,194,256,1770107159.693340,30.697
1770107159.724688,195,256,1770107159.693964,30.724
1770107159.725564,198,256,1770107159.694649,30.916
1770107159.726791,200,256,1770107159.696084,30.707
1770107159.728598,202,256,1770107159.697875,30.723
1770107159.728893,203,256,1770107159.697921,30.972
1770107159.729364,204,256,1770107159.698592,30.771
1770107159.729631,205,256,1770107159.698706,30.925
1770107159.731588,206,256,1770107159.700635,30.953
1770107159.731940,207,256,1770107159.701230,30.710
1770107159.734986,208,256,1770107159.704249,30.737
1770107159.735705,209,256,1770107159.704980,30.725
1770107159.736782,210,256,1770107159.706067,30.715
1770107159.737077,211,256,1770107159.706294,30.783
1770107159.738432,212,256,1770107159.707709,30.723
1770107159.741529,213,256,1770107159.710811,30.717
1770107159.744502,215,256,1770107159.713789,30.713
1770107159.745616,217,256,1770107159.714899,30.717
1770107159.746495,218,256,1770107159.715748,30.748
1770107159.752001,221,256,1770107159.720904,31.097
1770107159.752287,222,256,1770107159.721310,30.977
1770107159.755003,223,256,1770107159.724265,30.738
1770107159.757102,225,256,1770107159.726373,30.729
1770107159.759473,226,256,1770107159.728708,30.765
1770107159.761207,228,256,1770107159.730472,30.735
1770107159.763254,230,256,1770107159.732387,30.866
1770107159.763783,231,256,1770107159.733033,30.749
1770107159.764583,232,256,1770107159.733832,30.752
1770107159.766252,233,256,1770107159.735411,30.841
1770107159.766987,234,256,1770107159.736236,30.751
1770107159.767279,235,256,1770107159.736325,30.954
1770107159.767579,236,256,1770107159.736564,31.015
1770107159.770463,237,256,1770107159.739529,30.934
1770107159.772565,238,256,1770107159.741692,30.873
1770107159.776259,239,256,1770107159.745371,30.889
1770107159.776496,240,256,1770107159.745584,30.913
1770107159.777014,241,256,1770107159.746220,30.793
1770107159.777634,242,256,1770107159.746873,30.761
1770107159.778249,243,256,1770107159.747345,30.904
1770107159.781038,244,256,1770107159.750160,30.878
1770107159.782980,245,256,1770107159.752108,30.871
1770107159.784757,246,256,1770107159.753619,31.137
1770107159.786249,247,256,1770107159.755348,30.902
1770107159.787050,248,256,1770107159.756032,31.018
1770107159.789269,249,256,1770107159.758439,30.831
1770107159.791305,250,256,1770107159.760225,31.080
1770107159.793557,251,256,1770107159.762798,30.760
1770107159.795010,253,256,1770107159.764106,30.904
1770107159.797649,254,256,1770107159.766710,30.939
1770107159.798887,255,256,1770107159.768152,30.735
1770107159.801682,258,256,1770107159.770854,30.828
1770107159.802592,259,256,1770107159.771835,30.756
1770107159.803858,263,256,1770107159.772857,31.001
1770107159.805947,264,256,1770107159.775197,30.750
1770107159.809428,266,256,1770107159.778604,30.824
1770107159.813468,267,256,1770107159.782669,30.800
1770107159.814061,268,256,1770107159.782955,31.107
1770107159.814393,270,256,1770107159.783438,30.955
1770107159.814678,271,256,1770107159.783831,30.846
1770107159.816291,272,256,1770107159.785540,30.751
1770107159.817163,273,256,1770107159.786402,30.761
1770107159.817461,274,256,1770107159.786734,30.727
1770107159.821482,275,256,1770107159.790754,30.728
1770107159.822011,276,256,1770107159.791283,30.729
1770107159.822337,277,256,1770107159.791623,30.713
1770107159.824802,278,256,1770107159.794032,30.770
1770107159.826073,279,256,1770107159.795282,30.791
1770107159.828772,281,256,1770107159.797952,30.820
1770107159.833427,283,256,1770107159.802605,30.822
1770107159.833880,284,256,1770107159.803136,30.744
1770107159.835059,285,256,1770107159.804274,30.785
1770107159.839634,290,256,1770107159.808733,30.901
1770107159.841443,292,256,1770107159.810356,31.086
1770107159.841743,293,256,1770107159.810823,30.921
1770107159.842138,294,256,1770107159.811395,30.743
1770107159.842879,295,256,1770107159.812139,30.740
1770107159.846370,296,256,1770107159.815573,30.797
1770107159.846655,297,256,1770107159.815710,30.945
1770107159.850581,299,256,1770107159.819782,30.798
1770107159.853157,300,256,1770107159.822315,30.842
1770107159.854248,301,256,1770107159.823405,30.843
1770107159.856352,302,256,1770107159.825267,31.085
1770107159.859288,304,256,1770107159.828219,31.070
1770107159.860291,305,256,1770107159.829359,30.932
1770107159.860571,306,256,1770107159.829595,30.976
1770107159.864292,307,256,1770107159.833327,30.965
1770107159.864490,308,256,1770107159.833567,30.922
1770107159.864800,309,256,1770107159.833935,30.865
1770107159.867272,310,256,1770107159.836208,31.065
1770107159.867569,311,256,1770107159.836448,31.121
1770107159.872714,312,256,1770107159.841766,30.949
1770107159.875417,313,256,1770107159.844393,31.024
1770107159.876703,315,256,1770107159.845712,30.991
1770107159.876992,316,256,1770107159.845808,31.184
1770107159.877234,317,256,1770107159.846272,30.962
1770107159.881408,319,256,1770107159.850536,30.871
1770107159.882405,320,256,1770107159.851404,31.000
1770107159.882561,321,256,1770107159.851623,30.938
1770107159.885798,322,256,1770107159.854968,30.830
1770107159.888586,323,256,1770107159.857739,30.847
1770107159.891535,325,256,1770107159.860635,30.900
1770107159.891819,326,256,1770107159.860784,31.035
1770107159.893598,329,256,1770107159.862848,30.750
1770107159.894427,330,256,1770107159.863699,30.728
1770107159.896152,331,256,1770107159.865401,30.751
1770107159.897460,332,256,1770107159.866724,30.736
1770107159.897925,333,256,1770107159.867176,30.750
1770107159.900316,334,256,1770107159.869079,31.237
1770107159.900589,335,256,1770107159.869135,31.453
1770107159.902910,336,256,1770107159.872052,30.858
1770107159.904215,337,256,1770107159.873440,30.776
1770107159.905404,340,256,1770107159.874654,30.750
1770107159.907503,342,256,1770107159.876748,30.755
1770107159.907815,343,256,1770107159.877085,30.730
1770107159.913563,346,256,1770107159.882584,30.978
1770107159.913862,347,256,1770107159.883020,30.841
1770107159.914287,348,256,1770107159.883536,30.751
1770107159.914683,349,256,1770107159.883933,30.750
1770107159.915730,350,256,1770107159.884969,30.761
1770107159.916167,351,256,1770107159.885405,30.763
1770107159.919625,352,256,1770107159.888642,30.983
1770107159.919918,353,256,1770107159.889078,30.840
1770107159.921059,354,256,1770107159.890295,30.764
1770107159.921349,355,256,1770107159.890361,30.989
1770107159.922423,357,256,1770107159.891678,30.745
1770107159.922721,358,256,1770107159.891746,30.975
1770107159.923372,359,256,1770107159.892624,30.749
1770107159.923678,360,256,1770107159.892875,30.804
1770107159.923976,361,256,1770107159.892986,30.990
1770107159.928014,362,256,1770107159.897259,30.754
1770107159.928613,363,256,1770107159.897448,31.165
1770107159.928889,364,256,1770107159.897779,31.110
1770107159.929243,365,256,1770107159.898488,30.756
1770107159.929530,366,256,1770107159.898816,30.715
1770107159.930425,367,256,1770107159.899467,30.957
1770107159.931804,368,256,1770107159.901079,30.725
1770107159.932852,369,256,1770107159.902117,30.735
1770107159.939291,372,256,1770107159.908347,30.944
1770107159.943157,374,256,1770107159.911888,31.268
1770107159.943438,375,256,1770107159.912099,31.339
1770107159.943740,376,256,1770107159.912178,31.562
1770107159.944028,377,256,1770107159.913161,30.868
1770107159.944975,378,256,1770107159.913943,31.032
1770107159.946024,380,256,1770107159.915208,30.816
1770107159.947507,381,256,1770107159.916690,30.817
1770107159.951134,382,256,1770107159.920131,31.002
1770107159.960597,384,256,1770107159.929593,31.004
1770107159.962020,385,256,1770107159.931123,30.897
1770107159.962815,386,256,1770107159.932026,30.789
1770107159.967354,389,256,1770107159.936600,30.754
1770107159.968230,390,256,1770107159.937341,30.889
1770107159.968522,391,256,1770107159.937667,30.855
1770107159.968829,392,256,1770107159.938051,30.778
1770107159.970369,393,256,1770107159.939606,30.763
1770107159.971936,395,256,1770107159.941158,30.777
1770107159.973362,396,256,1770107159.942600,30.762
1770107159.976268,398,256,1770107159.945489,30.780
1770107159.983752,400,256,1770107159.952905,30.847
1770107159.984161,401,256,1770107159.953381,30.781
1770107159.985257,402,256,1770107159.954427,30.830
1770107159.985876,403,256,1770107159.954969,30.906
1770107159.987153,404,256,1770107159.956152,31.001
1770107159.994441,405,256,1770107159.963665,30.776
1770107159.995809,406,256,1770107159.964997,30.812
1770107159.997059,407,256,1770107159.966250,30.808
1770107159.997534,408,256,1770107159.966804,30.730
1770107159.998643,410,256,1770107159.967584,31.059
1770107160.004272,412,256,1770107159.973327,30.945
1770107160.006010,413,256,1770107159.975205,30.805
1770107160.007137,414,256,1770107159.976400,30.737
1770107160.007406,415,256,1770107159.976428,30.979
1770107160.007711,416,256,1770107159.976668,31.043
1770107160.009272,417,256,1770107159.978540,30.732
1770107160.011299,419,256,1770107159.980356,30.943
1770107160.011641,420,256,1770107159.980699,30.941
1770107160.013336,421,256,1770107159.982302,31.034
1770107160.015352,422,256,1770107159.984565,30.787
1770107160.016234,423,256,1770107159.985485,30.749
1770107160.018200,424,256,1770107159.987450,30.750
1770107160.019812,425,256,1770107159.989041,30.771
1770107160.022174,426,256,1770107159.991433,30.741
1770107160.023551,427,256,1770107159.992801,30.750
1770107160.026257,429,256,1770107159.995524,30.732
1770107160.028010,430,256,1770107159.997199,30.811
1770107160.028291,431,256,1770107159.997236,31.054
1770107160.028584,432,256,1770107159.997536,31.049
1770107160.036312,435,256,1770107160.005507,30.805
1770107160.037690,436,256,1770107160.006922,30.769
1770107160.038692,437,256,1770107160.007660,31.031
1770107160.039749,439,256,1770107160.008977,30.771
1770107160.040825,440,256,1770107160.009809,31.015
1770107160.045617,442,256,1770107160.014732,30.885
1770107160.046291,443,256,1770107160.015502,30.789
1770107160.047250,444,256,1770107160.016285,30.965
1770107160.048882,445,256,1770107160.018146,30.737
1770107160.051142,446,256,1770107160.020371,30.770
1770107160.053878,447,256,1770107160.022990,30.888
1770107160.055059,449,256,1770107160.024197,30.863
1770107160.055824,451,256,1770107160.024879,30.946
1770107160.056110,452,256,1770107160.025378,30.731
1770107160.056409,453,256,1770107160.025670,30.739
1770107160.056860,454,256,1770107160.025908,30.952
1770107160.057157,455,256,1770107160.025927,31.230
1770107160.058103,456,256,1770107160.026287,31.816
1770107160.058453,459,256,1770107160.027642,30.811
1770107160.060462,460,256,1770107160.029596,30.867
1770107160.060749,461,256,1770107160.029630,31.119
1770107160.063425,462,256,1770107160.032564,30.861
1770107160.063729,463,256,1770107160.032976,30.752
1770107160.064817,465,256,1770107160.033462,31.355
1770107160.065080,466,256,1770107160.033918,31.162
1770107160.067542,467,256,1770107160.036479,31.063
1770107160.070320,468,256,1770107160.039536,30.783
1770107160.071112,469,256,1770107160.040354,30.758
1770107160.071389,470,256,1770107160.040392,30.997
1770107160.074013,471,256,1770107160.043206,30.807
1770107160.074287,472,256,1770107160.043383,30.904
1770107160.075178,473,256,1770107160.044438,30.740
1770107160.075686,474,256,1770107160.044930,30.756
1770107160.076055,475,256,1770107160.045280,30.774
1770107160.077255,476,256,1770107160.046459,30.796
1770107160.080573,478,256,1770107160.049684,30.889
1770107160.080881,479,256,1770107160.050011,30.870
1770107160.081161,480,256,1770107160.050254,30.907
1770107160.083837,481,256,1770107160.052914,30.923
1770107160.084012,482,256,1770107160.053022,30.991
1770107160.084407,483,256,1770107160.053084,31.323
1770107160.086974,485,256,1770107160.056023,30.950
1770107160.087314,486,256,1770107160.056540,30.774
1770107160.089068,487,256,1770107160.057990,31.078
1770107160.090074,488,256,1770107160.058960,31.115
1770107160.090835,489,256,1770107160.059638,31.197
1770107160.090955,490,256,1770107160.059955,31.000
1770107160.092124,491,256,1770107160.061153,30.971
1770107160.093200,492,256,1770107160.062375,30.824
1770107160.099018,495,256,1770107160.067903,31.115
1770107160.099140,496,256,1770107160.067933,31.207
1770107160.099733,497,256,1770107160.068618,31.115
1770107160.100013,498,256,1770107160.068653,31.360
1770107160.100310,499,256,1770107160.068678,31.632
1770107160.100605,500,256,1770107160.068709,31.896
1770107160.101506,501,256,1770107160.069324,32.182
1770107160.101800,502,256,1770107160.070320,31.480
1770107160.102096,503,256,1770107160.071029,31.067
1770107160.103256,504,256,1770107160.072416,30.840
1770107160.104626,505,256,1770107160.073860,30.766
1770107160.105490,506,256,1770107160.074763,30.727
1770107160.106491,507,256,1770107160.075732,30.760
1770107160.108540,508,256,1770107160.077613,30.926
1770107160.108769,509,256,1770107160.077818,30.951
1770107160.109055,510,256,1770107160.078241,30.813
1770107160.109366,511,256,1770107160.078429,30.937
1770107160.110462,513,256,1770107160.079694,30.768
1770107160.110758,514,256,1770107160.079772,30.986
1770107160.113138,515,256,1770107160.082063,31.075
1770107160.114488,516,256,1770107160.083641,30.847
1770107160.115463,517,256,1770107160.084712,30.751
1770107160.116410,518,256,1770107160.085653,30.757
1770107160.117318,519,256,1770107160.086569,30.750
1770107160.117810,520,256,1770107160.086977,30.833
1770107160.118339,521,256,1770107160.087581,30.759
1770107160.122110,522,256,1770107160.091061,31.049
1770107160.122534,523,256,1770107160.091294,31.240
1770107160.122821,524,256,1770107160.091375,31.446
1770107160.123132,525,256,1770107160.091959,31.173
1770107160.124869,526,256,1770107160.094103,30.766
1770107160.125241,527,256,1770107160.094484,30.757
1770107160.125531,528,256,1770107160.094800,30.731
1770107160.129441,529,256,1770107160.098611,30.831
1770107160.131607,530,256,1770107160.100664,30.943
1770107160.132500,531,256,1770107160.101491,31.010
1770107160.132793,532,256,1770107160.101579,31.214
1770107160.134158,533,256,1770107160.103317,30.841
1770107160.134884,534,256,1770107160.104117,30.766
1770107160.135167,535,256,1770107160.104360,30.807
1770107160.138124,536,256,1770107160.107312,30.812
1770107160.139212,537,256,1770107160.108413,30.799
1770107160.139821,538,256,1770107160.109064,30.757
1770107160.140865,539,256,1770107160.110009,30.856
1770107160.141156,540,256,1770107160.110117,31.039
1770107160.141454,541,256,1770107160.110289,31.165
1770107160.142560,542,256,1770107160.111796,30.763
1770107160.143089,543,256,1770107160.112344,30.746
1770107160.144696,544,256,1770107160.113878,30.818
1770107160.147080,545,256,1770107160.116237,30.843
1770107160.148335,548,256,1770107160.117584,30.752
1770107160.150366,550,256,1770107160.119593,30.773
1770107160.152867,551,256,1770107160.121963,30.904
1770107160.153104,552,256,1770107160.122176,30.928
1770107160.154573,553,256,1770107160.123451,31.121
1770107160.155215,554,256,1770107160.124361,30.854
1770107160.155482,555,256,1770107160.124556,30.926
1770107160.158397,557,256,1770107160.127564,30.833
1770107160.159994,559,256,1770107160.129230,30.764
1770107160.160307,560,256,1770107160.129566,30.741
1770107160.160603,561,256,1770107160.129626,30.977
1770107160.161128,562,256,1770107160.130324,30.803
1770107160.161413,563,256,1770107160.130453,30.960
1770107160.162005,564,256,1770107160.131257,30.749
1770107160.165114,565,256,1770107160.134245,30.869
1770107160.168233,567,256,1770107160.137361,30.872
1770107160.168456,568,256,1770107160.137613,30.843
1770107160.168739,569,256,1770107160.137670,31.070
1770107160.170721,572,256,1770107160.139701,31.020
1770107160.172105,573,256,1770107160.141348,30.757
1770107160.172766,574,256,1770107160.141827,30.940
1770107160.173339,575,256,1770107160.142231,31.108
1770107160.175336,576,256,1770107160.144285,31.052
1770107160.175618,577,256,1770107160.144403,31.215
1770107160.177420,578,256,1770107160.146495,30.926
1770107160.178963,580,256,1770107160.148076,30.887
1770107160.182232,582,256,1770107160.151437,30.795
1770107160.184740,584,256,1770107160.153941,30.799
1770107160.189122,585,256,1770107160.158298,30.824
1770107160.189367,586,256,1770107160.158401,30.967
1770107160.191328,589,256,1770107160.160587,30.741
1770107160.191602,590,256,1770107160.160817,30.785
1770107160.196084,591,256,1770107160.165102,30.983
1770107160.196341,592,256,1770107160.165340,31.001
1770107160.196644,593,256,1770107160.165416,31.228
1770107160.202275,595,256,1770107160.171220,31.055
1770107160.202448,596,256,1770107160.171369,31.078
1770107160.203023,597,256,1770107160.171952,31.070
1770107160.204286,599,256,1770107160.173424,30.862
1770107160.204519,600,256,1770107160.173585,30.934
1770107160.204815,601,256,1770107160.173659,31.155
1770107160.207580,602,256,1770107160.176826,30.755
1770107160.208747,603,256,1770107160.177919,30.828
1770107160.212314,605,256,1770107160.181375,30.939
1770107160.212596,606,256,1770107160.181754,30.842
1770107160.215721,608,256,1770107160.184761,30.960
1770107160.219368,609,256,1770107160.188528,30.840
1770107160.219644,610,256,1770107160.188634,31.010
1770107160.220078,611,256,1770107160.189255,30.823
1770107160.221291,613,256,1770107160.190338,30.953
1770107160.224279,614,256,1770107160.193412,30.867
1770107160.226555,615,256,1770107160.195716,30.839
1770107160.227114,616,256,1770107160.196372,30.742
1770107160.231697,617,256,1770107160.200842,30.855
1770107160.232668,618,256,1770107160.201837,30.832
1770107160.233532,619,256,1770107160.202759,30.774
1770107160.235449,620,256,1770107160.204619,30.830
1770107160.236403,621,256,1770107160.205607,30.796
1770107160.237073,622,256,1770107160.206308,30.765
1770107160.240556,623,256,1770107160.209695,30.861
1770107160.240874,624,256,1770107160.209811,31.063
1770107160.241404,625,256,1770107160.210554,30.850
1770107160.244711,626,256,1770107160.213763,30.948
1770107160.251477,628,256,1770107160.220595,30.881
1770107160.252501,629,256,1770107160.221669,30.832
1770107160.254210,630,256,1770107160.223341,30.869
1770107160.254611,631,256,1770107160.223804,30.807
1770107160.255869,633,256,1770107160.225070,30.800
1770107160.259017,634,256,1770107160.228151,30.865
1770107160.260110,636,256,1770107160.229130,30.980
1770107160.262264,637,256,1770107160.231361,30.904
1770107160.262523,638,256,1770107160.231501,31.022
1770107160.262858,639,256,1770107160.232058,30.801
1770107160.264117,641,256,1770107160.233286,30.832
1770107160.265720,642,256,1770107160.234832,30.888
1770107160.266566,644,256,1770107160.235751,30.815
1770107160.266854,645,256,1770107160.235820,31.034
1770107160.267156,646,256,1770107160.235885,31.271
1770107160.267770,647,256,1770107160.236644,31.126
1770107160.269317,648,256,1770107160.238438,30.879
1770107160.269895,649,256,1770107160.239034,30.861
1770107160.270804,650,256,1770107160.239966,30.838
1770107160.272867,651,256,1770107160.241967,30.899
1770107160.273887,652,256,1770107160.243036,30.850
1770107160.274844,653,256,1770107160.243939,30.905
1770107160.275135,654,256,1770107160.244004,31.132
1770107160.276906,656,256,1770107160.245909,30.997
1770107160.281944,661,256,1770107160.250775,31.169
1770107160.282405,663,256,1770107160.251346,31.059
1770107160.282683,664,256,1770107160.251799,30.884
1770107160.283003,665,256,1770107160.252035,30.968
1770107160.283626,666,256,1770107160.252804,30.823
1770107160.284784,667,256,1770107160.253934,30.850
1770107160.287827,669,256,1770107160.256870,30.957
1770107160.288119,670,256,1770107160.256946,31.173
1770107160.289417,671,256,1770107160.258479,30.938
1770107160.289699,672,256,1770107160.258701,30.998
1770107160.290308,673,256,1770107160.258981,31.326
1770107160.291152,674,256,1770107160.260217,30.934
1770107160.291461,675,256,1770107160.260443,31.018
1770107160.291683,676,256,1770107160.260521,31.162
1770107160.292020,678,256,1770107160.260899,31.120
1770107160.297212,679,256,1770107160.266249,30.963
1770107160.297631,681,256,1770107160.266469,31.162
1770107160.297906,682,256,1770107160.266524,31.383
1770107160.298209,683,256,1770107160.266574,31.636
1770107160.298856,684,256,1770107160.267756,31.100
1770107160.300429,685,256,1770107160.269543,30.886
1770107160.301179,686,256,1770107160.270386,30.793
1770107160.309851,689,256,1770107160.278540,31.311
1770107160.310041,690,256,1770107160.278759,31.282
1770107160.310492,691,256,1770107160.279056,31.435
1770107160.314332,692,256,1770107160.283346,30.986
1770107160.315576,694,256,1770107160.284507,31.069
1770107160.315905,695,256,1770107160.285133,30.772
1770107160.316770,697,256,1770107160.285987,30.783
1770107160.324292,699,256,1770107160.293379,30.913
1770107160.327271,700,256,1770107160.296308,30.964
1770107160.330900,703,256,1770107160.300048,30.852
1770107160.333062,706,256,1770107160.302298,30.765
1770107160.333341,707,256,1770107160.302351,30.990
1770107160.336205,708,256,1770107160.305310,30.896
1770107160.336561,709,256,1770107160.305784,30.778
1770107160.338225,711,256,1770107160.307387,30.838
1770107160.338695,713,256,1770107160.307594,31.100
1770107160.339632,714,256,1770107160.308691,30.942
1770107160.344701,715,256,1770107160.313704,30.997
1770107160.345073,716,256,1770107160.313956,31.117
1770107160.348614,717,256,1770107160.317777,30.837
1770107160.348879,718,256,1770107160.317909,30.970
1770107160.349676,720,256,1770107160.318757,30.919
1770107160.350174,722,256,1770107160.319173,31.001
1770107160.350452,723,256,1770107160.319502,30.951
1770107160.350868,724,256,1770107160.320129,30.739
1770107160.354480,725,256,1770107160.323546,30.933
1770107160.354909,726,256,1770107160.324115,30.794
1770107160.355998,727,256,1770107160.325050,30.948
1770107160.356690,728,256,1770107160.325881,30.809
1770107160.356940,729,256,1770107160.326172,30.769
1770107160.358878,730,256,1770107160.328139,30.739
1770107160.359500,731,256,1770107160.328365,31.135
1770107160.359755,732,256,1770107160.328399,31.355
1770107160.360387,734,256,1770107160.329559,30.828
1770107160.360650,735,256,1770107160.329732,30.917
1770107160.361707,736,256,1770107160.330763,30.945
1770107160.362247,737,256,1770107160.331484,30.763
1770107160.362482,738,256,1770107160.331673,30.809
1770107160.367871,740,256,1770107160.336934,30.937
1770107160.369226,741,256,1770107160.338461,30.765
1770107160.372866,743,256,1770107160.342114,30.752
1770107160.377209,745,256,1770107160.346299,30.910
1770107160.377463,746,256,1770107160.346473,30.990
1770107160.377764,747,256,1770107160.346698,31.066
1770107160.379266,748,256,1770107160.348531,30.735
1770107160.381083,750,256,1770107160.350327,30.757
1770107160.381711,751,256,1770107160.350955,30.756
1770107160.387708,757,256,1770107160.356941,30.767
1770107160.393483,758,256,1770107160.362698,30.785
1770107160.395219,759,256,1770107160.363591,31.628
1770107160.397553,760,256,1770107160.366800,30.753
1770107160.398633,762,256,1770107160.367857,30.777
1770107160.400598,763,256,1770107160.369771,30.827
1770107160.401700,764,256,1770107160.370759,30.941
1770107160.407177,765,256,1770107160.376345,30.832
1770107160.408264,766,256,1770107160.377470,30.794
1770107160.408507,767,256,1770107160.377513,30.994
1770107160.410182,768,256,1770107160.379454,30.729
1770107160.410725,769,256,1770107160.380008,30.716
1770107160.411370,770,256,1770107160.380652,30.718
1770107160.413048,771,256,1770107160.382220,30.828
1770107160.414839,772,256,1770107160.384000,30.839
1770107160.415602,773,256,1770107160.384827,30.775
1770107160.415876,774,256,1770107160.385094,30.782
1770107160.419384,776,256,1770107160.388468,30.916
1770107160.422484,778,256,1770107160.391588,30.896
1770107160.422746,779,256,1770107160.391677,31.070
1770107160.423031,780,256,1770107160.391714,31.317
1770107160.423323,781,256,1770107160.391879,31.445
1770107160.423955,782,256,1770107160.392423,31.533
1770107160.424817,783,256,1770107160.393926,30.891
1770107160.426621,784,256,1770107160.395638,30.983
1770107160.426929,785,256,1770107160.395712,31.217
1770107160.428466,786,256,1770107160.397681,30.784
1770107160.431040,788,256,1770107160.400269,30.771
1770107160.432051,789,256,1770107160.401215,30.836
1770107160.433631,790,256,1770107160.402826,30.805
1770107160.435073,792,256,1770107160.404054,31.019
1770107160.435638,793,256,1770107160.404377,31.260
1770107160.439415,795,256,1770107160.408525,30.890
1770107160.440146,796,256,1770107160.409367,30.779
1770107160.444795,797,256,1770107160.413971,30.824
1770107160.447789,798,256,1770107160.416986,30.803
1770107160.457068,799,256,1770107160.426227,30.841
1770107160.459123,801,256,1770107160.428324,30.799
1770107160.461803,802,256,1770107160.430748,31.055
1770107160.462865,803,256,1770107160.431927,30.937
1770107160.463149,804,256,1770107160.432008,31.141
1770107160.463494,805,256,1770107160.432547,30.946
1770107160.464134,806,256,1770107160.433302,30.832
1770107160.465448,807,256,1770107160.434621,30.828
1770107160.466943,808,256,1770107160.436137,30.805
1770107160.467235,809,256,1770107160.436274,30.960
1770107160.468092,810,256,1770107160.437085,31.007
1770107160.469165,811,256,1770107160.438332,30.833
1770107160.470366,812,256,1770107160.439126,31.240
1770107160.470660,813,256,1770107160.439504,31.156
1770107160.470904,814,256,1770107160.439615,31.290
1770107160.471965,816,256,1770107160.440987,30.978
1770107160.474805,817,256,1770107160.443771,31.034
1770107160.476222,818,256,1770107160.445305,30.917
1770107160.478451,822,256,1770107160.447595,30.856
1770107160.478712,823,256,1770107160.447685,31.027
1770107160.478959,824,256,1770107160.447888,31.071
1770107160.479259,825,256,1770107160.448200,31.059
1770107160.480006,826,256,1770107160.449260,30.746
1770107160.486568,829,256,1770107160.455683,30.885
1770107160.487118,830,256,1770107160.456143,30.975
1770107160.488698,831,256,1770107160.457822,30.876
1770107160.492310,832,256,1770107160.461348,30.962
1770107160.495020,833,256,1770107160.464034,30.986
1770107160.496907,834,256,1770107160.465888,31.020
1770107160.497122,835,256,1770107160.466293,30.829
1770107160.497425,836,256,1770107160.466507,30.919
1770107160.498726,838,256,1770107160.467916,30.810
1770107160.498993,839,256,1770107160.468208,30.785
1770107160.499473,840,256,1770107160.468744,30.729
1770107160.499769,841,256,1770107160.468790,30.979
1770107160.500077,842,256,1770107160.469117,30.960
1770107160.500592,843,256,1770107160.469849,30.743
1770107160.502783,844,256,1770107160.471989,30.794
1770107160.503874,845,256,1770107160.472886,30.988
1770107160.504611,846,256,1770107160.473832,30.780
1770107160.504886,847,256,1770107160.473937,30.949
1770107160.505869,848,256,1770107160.475045,30.824
1770107160.506147,849,256,1770107160.475404,30.743
1770107160.506624,850,256,1770107160.475890,30.734
1770107160.509734,851,256,1770107160.478912,30.822
1770107160.509988,852,256,1770107160.479180,30.808
1770107160.512241,855,256,1770107160.481423,30.817
1770107160.512593,856,256,1770107160.481812,30.782
1770107160.514109,857,256,1770107160.483335,30.773
1770107160.514399,858,256,1770107160.483603,30.797
1770107160.516160,860,256,1770107160.485339,30.820
1770107160.516983,861,256,1770107160.485598,31.385
1770107160.519284,862,256,1770107160.488379,30.905
1770107160.521296,863,256,1770107160.490431,30.864
1770107160.523592,864,256,1770107160.492639,30.953
1770107160.524422,865,256,1770107160.493514,30.908
1770107160.525700,866,256,1770107160.494828,30.872
1770107160.526319,867,256,1770107160.495220,31.099
1770107160.526508,868,256,1770107160.495608,30.900
1770107160.527137,869,256,1770107160.495685,31.452
1770107160.527703,870,256,1770107160.496569,31.133
1770107160.528312,871,256,1770107160.496863,31.449
1770107160.528605,872,256,1770107160.497209,31.396
1770107160.528889,873,256,1770107160.497305,31.584
1770107160.529512,875,256,1770107160.498131,31.380
1770107160.530064,876,256,1770107160.498647,31.416
1770107160.533284,877,256,1770107160.502482,30.803
1770107160.537064,879,256,1770107160.506018,31.045
1770107160.537476,880,256,1770107160.506725,30.751
1770107160.540590,882,256,1770107160.509798,30.793
1770107160.542491,883,256,1770107160.511714,30.777
1770107160.543140,884,256,1770107160.512376,30.764
1770107160.543420,885,256,1770107160.512655,30.766
1770107160.543717,886,256,1770107160.512882,30.834
1770107160.546099,887,256,1770107160.515272,30.828
1770107160.553661,889,256,1770107160.522701,30.960
1770107160.554630,890,256,1770107160.523705,30.925
1770107160.555256,892,256,1770107160.524279,30.977
1770107160.564099,893,256,1770107160.533179,30.920
1770107160.565875,894,256,1770107160.534993,30.882
1770107160.568518,895,256,1770107160.537509,31.009
1770107160.571176,896,256,1770107160.540158,31.018
1770107160.571854,897,256,1770107160.540686,31.168
1770107160.572081,898,256,1770107160.541227,30.854
1770107160.572489,899,256,1770107160.541510,30.979
1770107160.572718,900,256,1770107160.541620,31.098
1770107160.572930,901,256,1770107160.541919,31.011
1770107160.573238,902,256,1770107160.541951,31.287
1770107160.575338,904,256,1770107160.544484,30.854
1770107160.575610,905,256,1770107160.544514,31.096
1770107160.576249,906,256,1770107160.544960,31.289
1770107160.578482,908,256,1770107160.547609,30.873
1770107160.578735,909,256,1770107160.547775,30.960
1770107160.579329,910,256,1770107160.548264,31.065
1770107160.583344,911,256,1770107160.552392,30.952
1770107160.584329,912,256,1770107160.553498,30.831
1770107160.584554,913,256,1770107160.553563,30.991
1770107160.585888,914,256,1770107160.555136,30.752
1770107160.586150,915,256,1770107160.555171,30.979
1770107160.587111,916,256,1770107160.556397,30.714
1770107160.587709,917,256,1770107160.556987,30.722
1770107160.588000,918,256,1770107160.557118,30.882
1770107160.591030,920,256,1770107160.560146,30.884
1770107160.597023,922,256,1770107160.566255,30.768
1770107160.597666,923,256,1770107160.566903,30.763
1770107160.598690,924,256,1770107160.567932,30.758
1770107160.604306,928,256,1770107160.573292,31.014
1770107160.604571,929,256,1770107160.573589,30.982
1770107160.605743,930,256,1770107160.574692,31.051
1770107160.608638,931,256,1770107160.577810,30.828
1770107160.609671,932,256,1770107160.578929,30.741
1770107160.612141,934,256,1770107160.581284,30.857
1770107160.612839,935,256,1770107160.581935,30.904
1770107160.613121,936,256,1770107160.582126,30.995
1770107160.614010,938,256,1770107160.583141,30.869
1770107160.615787,939,256,1770107160.584924,30.863
1770107160.617248,941,256,1770107160.586477,30.771
1770107160.619314,942,256,1770107160.588569,30.745
1770107160.620839,943,256,1770107160.590074,30.765
1770107160.621134,944,256,1770107160.590316,30.818
1770107160.622307,945,256,1770107160.591541,30.766
1770107160.623300,946,256,1770107160.592517,30.782
1770107160.624970,947,256,1770107160.594090,30.880
1770107160.625352,948,256,1770107160.594591,30.761
1770107160.626737,949,256,1770107160.595445,31.292
1770107160.626983,950,256,1770107160.596046,30.937
1770107160.627413,951,256,1770107160.596687,30.726
1770107160.629938,952,256,1770107160.599199,30.739
1770107160.633118,955,256,1770107160.602303,30.815
1770107160.636293,958,256,1770107160.605525,30.768
1770107160.637401,960,256,1770107160.606672,30.729
1770107160.638160,961,256,1770107160.607435,30.725
1770107160.639169,962,256,1770107160.608419,30.750
1770107160.641621,963,256,1770107160.610867,30.754
1770107160.644056,964,256,1770107160.613282,30.775
1770107160.644937,965,256,1770107160.614198,30.739
1770107160.645772,966,256,1770107160.614931,30.841
1770107160.646206,967,256,1770107160.615430,30.776
1770107160.648098,968,256,1770107160.617279,30.819
1770107160.649567,970,256,1770107160.618671,30.895
1770107160.651376,971,256,1770107160.620646,30.729
1770107160.654519,972,256,1770107160.623624,30.895
1770107160.655400,973,256,1770107160.624232,31.169
1770107160.656314,974,256,1770107160.625478,30.836
1770107160.657242,975,256,1770107160.626447,30.795
1770107160.660805,976,256,1770107160.630037,30.768
1770107160.663776,978,256,1770107160.632872,30.905
1770107160.664870,980,256,1770107160.634086,30.784
1770107160.667088,982,256,1770107160.636339,30.749
1770107160.669011,983,256,1770107160.638224,30.787
1770107160.676062,984,256,1770107160.645242,30.819
1770107160.677092,986,256,1770107160.646308,30.783
1770107160.677682,987,256,1770107160.646683,30.999
1770107160.678783,988,256,1770107160.647999,30.784
1770107160.679629,990,256,1770107160.648894,30.735
1770107160.680639,991,256,1770107160.649878,30.760
1770107160.685742,993,256,1770107160.654832,30.910
1770107160.686133,995,256,1770107160.655248,30.885
1770107160.686430,996,256,1770107160.655508,30.922
1770107160.687872,997,256,1770107160.656926,30.946
1770107160.688163,998,256,1770107160.657015,31.147
1770107160.688526,999,256,1770107160.657783,30.743
1770107160.689866,1000,256,1770107160.659005,30.860
1770107160.690546,1001,256,1770107160.659772,30.774
1770107160.694979,1006,256,1770107160.664147,30.832
1770107160.696346,1007,256,1770107160.665274,31.071
1770107160.697420,1009,256,1770107160.666617,30.803
1770107160.697966,1010,256,1770107160.667221,30.745
1770107160.699209,1012,256,1770107160.668447,30.762
1770107160.700865,1013,256,1770107160.670110,30.754
1770107160.701144,1014,256,1770107160.670202,30.941
1770107160.704720,1015,256,1770107160.673815,30.905
1770107160.705006,1016,256,1770107160.673965,31.042
1770107160.705628,1017,256,1770107160.674433,31.195
1770107160.707174,1018,256,1770107160.675653,31.521
1770107160.707462,1019,256,1770107160.676499,30.964
1770107160.707761,1020,256,1770107160.676996,30.766
1770107160.708321,1021,256,1770107160.677608,30.714
1770107160.709424,1022,256,1770107160.678433,30.990
1770107160.710314,1024,256,1770107160.679429,30.885
1770107160.716659,1025,256,1770107160.685895,30.765
1770107160.717047,1026,256,1770107160.686334,30.713
1770107160.717478,1027,256,1770107160.686740,30.737
1770107160.718609,1029,256,1770107160.687844,30.765
1770107160.721694,1030,256,1770107160.690930,30.765
1770107160.722148,1031,256,1770107160.691443,30.705
1770107160.724823,1032,256,1770107160.694046,30.777
1770107160.728814,1033,256,1770107160.698083,30.731
1770107160.729745,1034,256,1770107160.699016,30.729
1770107160.730461,1035,256,1770107160.699742,30.719
1770107160.731698,1036,256,1770107160.700887,30.811
1770107160.731973,1037,256,1770107160.701235,30.738
1770107160.732516,1038,256,1770107160.701800,30.716
1770107160.735348,1039,256,1770107160.704360,30.987
1770107160.736421,1040,256,1770107160.705616,30.805
1770107160.736802,1041,256,1770107160.706059,30.743
1770107160.738334,1042,256,1770107160.707585,30.749
1770107160.741587,1043,256,1770107160.710683,30.903
1770107160.741937,1044,256,1770107160.711209,30.727
1770107160.743025,1045,256,1770107160.711894,31.131
1770107160.743306,1046,256,1770107160.712258,31.048
1770107160.746750,1047,256,1770107160.715970,30.780
1770107160.747514,1048,256,1770107160.716791,30.723
1770107160.750468,1049,256,1770107160.719748,30.720
1770107160.752871,1050,256,1770107160.721901,30.970
1770107160.754925,1051,256,1770107160.724158,30.766
1770107160.755213,1052,256,1770107160.724213,31.000
1770107160.756983,1053,256,1770107160.726266,30.718
1770107160.757270,1054,256,1770107160.726291,30.980
1770107160.758532,1056,256,1770107160.727810,30.721
1770107160.759461,1057,256,1770107160.728747,30.715
1770107160.760966,1058,256,1770107160.730024,30.942
1770107160.765456,1060,256,1770107160.734701,30.755
1770107160.765730,1061,256,1770107160.734902,30.828
1770107160.768557,1063,256,1770107160.737826,30.731
1770107160.768994,1064,256,1770107160.738266,30.728
1770107160.769513,1065,256,1770107160.738689,30.824
1770107160.769899,1066,256,1770107160.739114,30.785
1770107160.773091,1068,256,1770107160.742261,30.830
1770107160.773675,1069,256,1770107160.742881,30.794
1770107160.775906,1071,256,1770107160.744996,30.910
1770107160.776992,1072,256,1770107160.746258,30.734
1770107160.779994,1074,256,1770107160.749162,30.832
1770107160.780323,1075,256,1770107160.749539,30.784
1770107160.781979,1077,256,1770107160.751168,30.810
1770107160.786579,1079,256,1770107160.755621,30.958
1770107160.791720,1080,256,1770107160.760301,31.419
1770107160.792007,1081,256,1770107160.760424,31.583
1770107160.792300,1082,256,1770107160.760528,31.772
1770107160.793438,1083,256,1770107160.762640,30.798
1770107160.795399,1084,256,1770107160.764588,30.811
1770107160.796109,1086,256,1770107160.765352,30.756
1770107160.796687,1087,256,1770107160.765398,31.289
1770107160.797042,1088,256,1770107160.766317,30.725
1770107160.797636,1089,256,1770107160.766914,30.721
1770107160.800416,1090,256,1770107160.769593,30.823
1770107160.801842,1091,256,1770107160.771108,30.735
1770107160.803352,1092,256,1770107160.772588,30.765
1770107160.803730,1093,256,1770107160.773009,30.721
1770107160.808033,1097,256,1770107160.777018,31.016
1770107160.809167,1098,256,1770107160.778433,30.734
1770107160.809463,1099,256,1770107160.778575,30.888
1770107160.811625,1100,256,1770107160.780773,30.852
1770107160.813635,1101,256,1770107160.782866,30.769
1770107160.814115,1102,256,1770107160.783370,30.745
1770107160.815910,1104,256,1770107160.785056,30.854
1770107160.818099,1105,256,1770107160.787342,30.757
1770107160.818393,1106,256,1770107160.787502,30.892
1770107160.819229,1107,256,1770107160.788481,30.748
1770107160.819520,1108,256,1770107160.788707,30.812
1770107160.822438,1109,256,1770107160.791676,30.763
1770107160.824266,1110,256,1770107160.793437,30.829
1770107160.825448,1111,256,1770107160.794519,30.929
1770107160.829521,1112,256,1770107160.798749,30.772
1770107160.829977,1113,256,1770107160.799214,30.763
1770107160.830746,1114,256,1770107160.799891,30.855
1770107160.832924,1115,256,1770107160.802019,30.905
1770107160.834394,1116,256,1770107160.803649,30.745
1770107160.837696,1117,256,1770107160.806852,30.844
1770107160.839142,1118,256,1770107160.808154,30.987
1770107160.839395,1119,256,1770107160.808489,30.905
1770107160.841216,1121,256,1770107160.810313,30.904
1770107160.841892,1122,256,1770107160.810997,30.894
1770107160.842533,1123,256,1770107160.811710,30.822
1770107160.842828,1124,256,1770107160.811892,30.935
1770107160.844055,1126,256,1770107160.812805,31.250
1770107160.844313,1127,256,1770107160.813201,31.113
1770107160.844905,1129,256,1770107160.813737,31.169
1770107160.845570,1130,256,1770107160.814813,30.757
1770107160.846254,1132,256,1770107160.815383,30.871
1770107160.846646,1133,256,1770107160.815919,30.727
1770107160.847344,1134,256,1770107160.816609,30.735
1770107160.847634,1135,256,1770107160.816733,30.901
1770107160.848032,1136,256,1770107160.817076,30.956
1770107160.851344,1137,256,1770107160.820484,30.860
1770107160.853304,1138,256,1770107160.822265,31.039
1770107160.854679,1139,256,1770107160.823932,30.746
1770107160.856354,1140,256,1770107160.825602,30.751
1770107160.856986,1141,256,1770107160.826266,30.720
1770107160.858029,1142,256,1770107160.827277,30.752
1770107160.859197,1143,256,1770107160.828421,30.776
1770107160.861122,1145,256,1770107160.829615,31.507
1770107160.861693,1146,256,1770107160.830598,31.095
1770107160.862377,1147,256,1770107160.831605,30.772
1770107160.862951,1148,256,1770107160.832205,30.746
1770107160.863233,1149,256,1770107160.832260,30.973
1770107160.867083,1150,256,1770107160.836210,30.873
1770107160.870833,1152,256,1770107160.840017,30.816
1770107160.871322,1153,256,1770107160.840588,30.735
1770107160.872228,1154,256,1770107160.841204,31.024
1770107160.874166,1155,256,1770107160.843213,30.953
1770107160.875262,1156,256,1770107160.844454,30.807
1770107160.875724,1158,256,1770107160.844889,30.835
1770107160.878049,1159,256,1770107160.847257,30.792
1770107160.879167,1160,256,1770107160.848366,30.801
1770107160.879427,1161,256,1770107160.848618,30.809
1770107160.879754,1162,256,1770107160.848671,31.083
1770107160.880337,1164,256,1770107160.849424,30.913
1770107160.882159,1165,256,1770107160.851323,30.836
1770107160.883718,1166,256,1770107160.852886,30.833
1770107160.884074,1167,256,1770107160.853281,30.793
1770107160.885195,1168,256,1770107160.854408,30.787
1770107160.885599,1169,256,1770107160.854838,30.761
1770107160.887115,1170,256,1770107160.856338,30.777
1770107160.889181,1171,256,1770107160.858293,30.887
1770107160.889488,1172,256,1770107160.858666,30.822
1770107160.890859,1174,256,1770107160.859975,30.884
1770107160.893110,1175,256,1770107160.862209,30.901
1770107160.894621,1176,256,1770107160.863589,31.032
1770107160.894853,1177,256,1770107160.863705,31.148
1770107160.895168,1178,256,1770107160.863765,31.404
1770107160.895765,1180,256,1770107160.864047,31.718
1770107160.896659,1181,256,1770107160.865845,30.815
1770107160.899888,1184,256,1770107160.869080,30.808
1770107160.902737,1185,256,1770107160.871737,31.001
1770107160.903024,1186,256,1770107160.871886,31.139
1770107160.903399,1187,256,1770107160.872222,31.177
1770107160.903653,1188,256,1770107160.872639,31.013
1770107160.904580,1189,256,1770107160.873816,30.764
1770107160.906233,1190,256,1770107160.875489,30.744
1770107160.907373,1192,256,1770107160.876636,30.737
1770107160.907670,1193,256,1770107160.876694,30.976
1770107160.909622,1194,256,1770107160.878814,30.809
1770107160.912552,1195,256,1770107160.881116,31.436
1770107160.915068,1197,256,1770107160.884236,30.832
1770107160.916532,1198,256,1770107160.885759,30.773
1770107160.916929,1199,256,1770107160.886205,30.724
1770107160.918098,1200,256,1770107160.887330,30.768
1770107160.918710,1201,256,1770107160.887947,30.763
1770107160.919138,1203,256,1770107160.888324,30.815
1770107160.920607,1205,256,1770107160.889881,30.726
1770107160.922634,1206,256,1770107160.891860,30.774
1770107160.922882,1207,256,1770107160.891996,30.886
1770107160.923167,1208,256,1770107160.892146,31.022
1770107160.923769,1209,256,1770107160.893020,30.749
1770107160.924059,1210,256,1770107160.893322,30.737
1770107160.926882,1211,256,1770107160.895792,31.089
1770107160.931110,1212,256,1770107160.900276,30.834
1770107160.931499,1213,256,1770107160.900766,30.734
1770107160.931808,1214,256,1770107160.900803,31.005
1770107160.932095,1215,256,1770107160.901121,30.973
1770107160.932402,1216,256,1770107160.901499,30.904
1770107160.933561,1217,256,1770107160.902762,30.799
1770107160.936055,1219,256,1770107160.905230,30.825
1770107160.937271,1221,256,1770107160.906169,31.102
1770107160.939438,1222,256,1770107160.908610,30.829
1770107160.940603,1223,256,1770107160.909796,30.807
1770107160.941907,1224,256,1770107160.911064,30.843
1770107160.942161,1225,256,1770107160.911247,30.914
1770107160.943008,1226,256,1770107160.912226,30.782
1770107160.944129,1227,256,1770107160.913278,30.851
1770107160.944595,1228,256,1770107160.913760,30.835
1770107160.945055,1229,256,1770107160.914267,30.788
1770107160.945838,1230,256,1770107160.915046,30.792
1770107160.946149,1231,256,1770107160.915260,30.889
1770107160.946447,1232,256,1770107160.915317,31.130
1770107160.947261,1234,256,1770107160.916421,30.839
1770107160.947522,1235,256,1770107160.916700,30.822
1770107160.947785,1236,256,1770107160.916973,30.813
1770107160.949066,1238,256,1770107160.918159,30.907
1770107160.949657,1239,256,1770107160.918835,30.823
1770107160.950588,1240,256,1770107160.919617,30.970
1770107160.951128,1241,256,1770107160.920408,30.721
1770107160.951552,1242,256,1770107160.920831,30.720
1770107160.952752,1243,256,1770107160.921984,30.768
1770107160.954936,1244,256,1770107160.924178,30.758
1770107160.955360,1245,256,1770107160.924623,30.737
1770107160.956161,1246,256,1770107160.925388,30.773
1770107160.958948,1247,256,1770107160.928086,30.862
1770107160.959146,1248,256,1770107160.928169,30.976
1770107160.960317,1249,256,1770107160.929452,30.865
1770107160.960729,1250,256,1770107160.929688,31.041
1770107160.961027,1251,256,1770107160.929750,31.277
1770107160.961326,1252,256,1770107160.930483,30.843
1770107160.961677,1253,256,1770107160.930752,30.925
1770107160.962242,1254,256,1770107160.931355,30.888
1770107160.964229,1255,256,1770107160.933122,31.107
1770107160.968709,1257,256,1770107160.937853,30.856
1770107160.968927,1258,256,1770107160.937925,31.002
1770107160.971956,1259,256,1770107160.941006,30.950
1770107160.975991,1261,256,1770107160.944843,31.148
1770107160.976371,1262,256,1770107160.945553,30.817
1770107160.979135,1263,256,1770107160.948230,30.905
1770107160.979715,1264,256,1770107160.948890,30.824
1770107160.980395,1265,256,1770107160.949594,30.801
1770107160.981587,1266,256,1770107160.950309,31.279
1770107160.986593,1267,256,1770107160.955460,31.134
1770107160.988404,1268,256,1770107160.957261,31.142
1770107160.988692,1269,256,1770107160.957730,30.962
1770107160.994064,1270,256,1770107160.962959,31.105
1770107160.995598,1271,256,1770107160.964735,30.863
1770107160.996436,1272,256,1770107160.965416,31.020
1770107160.999662,1273,256,1770107160.968746,30.916
1770107161.001943,1274,256,1770107160.971096,30.847
1770107161.004973,1275,256,1770107160.974068,30.905
1770107161.005548,1276,256,1770107160.974775,30.773
1770107161.007833,1277,256,1770107160.976994,30.839
1770107161.008380,1278,256,1770107160.977614,30.766
1770107161.009471,1280,256,1770107160.978665,30.806
1770107161.011640,1281,256,1770107160.980802,30.838
1770107161.011920,1282,256,1770107160.981134,30.786
1770107161.012691,1283,256,1770107160.981832,30.859
1770107161.013103,1285,256,1770107160.982041,31.062
1770107161.015015,1286,256,1770107160.984218,30.797
1770107161.016566,1287,256,1770107160.985801,30.765
1770107161.016848,1288,256,1770107160.985868,30.980
1770107161.019885,1289,256,1770107160.988984,30.902
1770107161.020156,1290,256,1770107160.989387,30.769
1770107161.020652,1291,256,1770107160.989895,30.757
1770107161.021101,1292,256,1770107160.990366,30.735
1770107161.021398,1293,256,1770107160.990441,30.958
1770107161.021695,1294,256,1770107160.990503,31.192
1770107161.022974,1295,256,1770107160.992174,30.800
1770107161.023607,1296,256,1770107160.992817,30.791
1770107161.024357,1297,256,1770107160.993211,31.146
1770107161.026123,1299,256,1770107160.995297,30.826
1770107161.026768,1300,256,1770107160.995975,30.794
1770107161.027447,1301,256,1770107160.996656,30.792
1770107161.031338,1302,256,1770107161.000285,31.053
1770107161.033055,1304,256,1770107161.002238,30.817
1770107161.033871,1305,256,1770107161.003110,30.761
1770107161.036014,1307,256,1770107161.005002,31.012
1770107161.037914,1309,256,1770107161.006597,31.317
1770107161.039390,1310,256,1770107161.008553,30.838
1770107161.039657,1311,256,1770107161.008662,30.995
1770107161.040600,1312,256,1770107161.009734,30.866
1770107161.045622,1313,256,1770107161.014755,30.867
1770107161.046289,1314,256,1770107161.015510,30.779
1770107161.051791,1316,256,1770107161.020985,30.806
1770107161.052694,1317,256,1770107161.021920,30.774
1770107161.054049,1319,256,1770107161.023273,30.776
1770107161.062248,1321,256,1770107161.030803,31.445
1770107161.062448,1322,256,1770107161.030982,31.466
1770107161.062507,1323,256,1770107161.031041,31.466
1770107161.062531,1324,256,1770107161.031752,30.778
1770107161.063002,1325,256,1770107161.032012,30.990
1770107161.063385,1326,256,1770107161.032630,30.754
1770107161.064328,1327,256,1770107161.033411,30.918
1770107161.064890,1329,256,1770107161.034137,30.754
1770107161.066242,1330,256,1770107161.035448,30.795
1770107161.066988,1332,256,1770107161.036116,30.872
1770107161.072086,1333,256,1770107161.041207,30.880
1770107161.073951,1334,256,1770107161.043026,30.925
1770107161.074254,1335,256,1770107161.043494,30.759
1770107161.075001,1336,256,1770107161.044178,30.823
1770107161.076261,1337,256,1770107161.045233,31.029
1770107161.080306,1338,256,1770107161.049342,30.964
1770107161.081341,1339,256,1770107161.050527,30.814
1770107161.082624,1341,256,1770107161.051698,30.926
1770107161.083808,1342,256,1770107161.052286,31.522
1770107161.086359,1343,256,1770107161.055544,30.814
1770107161.086648,1344,256,1770107161.055702,30.946
1770107161.089892,1347,256,1770107161.059035,30.857
1770107161.092040,1348,256,1770107161.061011,31.029
1770107161.096471,1349,256,1770107161.065505,30.966
1770107161.098705,1350,256,1770107161.067833,30.872
1770107161.100300,1352,256,1770107161.069558,30.742
1770107161.102088,1353,256,1770107161.071352,30.736
1770107161.102389,1354,256,1770107161.071535,30.854
1770107161.104295,1355,256,1770107161.073147,31.148
1770107161.104580,1356,256,1770107161.073670,30.910
1770107161.105431,1357,256,1770107161.074669,30.762
1770107161.107429,1358,256,1770107161.076617,30.812
1770107161.107716,1359,256,1770107161.076769,30.947
1770107161.108389,1360,256,1770107161.077625,30.764
1770107161.108706,1361,256,1770107161.077974,30.732
1770107161.110694,1362,256,1770107161.079818,30.876
1770107161.110925,1363,256,1770107161.080110,30.815
1770107161.112781,1364,256,1770107161.081900,30.881
1770107161.115059,1365,256,1770107161.084261,30.798
1770107161.115383,1366,256,1770107161.084366,31.018
1770107161.120046,1368,256,1770107161.089202,30.844
1770107161.120313,1369,256,1770107161.089254,31.060
1770107161.120910,1370,256,1770107161.089447,31.463
1770107161.122835,1371,256,1770107161.092028,30.807
1770107161.124395,1372,256,1770107161.093483,30.911
1770107161.125647,1373,256,1770107161.094791,30.856
1770107161.126180,1374,256,1770107161.094980,31.200
1770107161.126495,1375,256,1770107161.095085,31.410
1770107161.128327,1377,256,1770107161.097119,31.208
1770107161.128668,1378,256,1770107161.097915,30.752
1770107161.128945,1379,256,1770107161.098024,30.921
1770107161.130111,1380,256,1770107161.099317,30.795
1770107161.130803,1381,256,1770107161.099633,31.170
1770107161.131821,1382,256,1770107161.100892,30.929
1770107161.131940,1383,256,1770107161.101193,30.747
1770107161.134315,1384,256,1770107161.103315,31.000
1770107161.134952,1385,256,1770107161.104016,30.936
1770107161.136979,1386,256,1770107161.105988,30.991
1770107161.138125,1387,256,1770107161.107269,30.856
1770107161.138470,1388,256,1770107161.107615,30.855
1770107161.138724,1389,256,1770107161.107651,31.074
1770107161.139080,1390,256,1770107161.108147,30.933
1770107161.142455,1393,256,1770107161.111621,30.834
1770107161.143787,1394,256,1770107161.112981,30.806
1770107161.145838,1396,256,1770107161.114990,30.848
1770107161.146374,1397,256,1770107161.115490,30.885
1770107161.147136,1398,256,1770107161.116315,30.821
1770107161.147701,1399,256,1770107161.116743,30.958
1770107161.148904,1400,256,1770107161.118089,30.815
1770107161.151288,1401,256,1770107161.120451,30.837
1770107161.151560,1402,256,1770107161.120697,30.863
1770107161.151995,1403,256,1770107161.121203,30.792
1770107161.156256,1405,256,1770107161.125362,30.895
1770107161.157160,1406,256,1770107161.126288,30.873
1770107161.159461,1408,256,1770107161.128512,30.949
1770107161.165291,1409,256,1770107161.134344,30.946
1770107161.165961,1410,256,1770107161.135113,30.848
1770107161.166947,1411,256,1770107161.136051,30.896
1770107161.169873,1412,256,1770107161.138960,30.914
1770107161.170781,1413,256,1770107161.140001,30.780
1770107161.173450,1415,256,1770107161.142639,30.811
1770107161.173793,1416,256,1770107161.142868,30.925
1770107161.177783,1417,256,1770107161.146662,31.121
1770107161.178004,1418,256,1770107161.146802,31.202
1770107161.178336,1419,256,1770107161.147443,30.894
1770107161.182904,1420,256,1770107161.151967,30.937
1770107161.185252,1421,256,1770107161.154306,30.946
1770107161.192034,1423,256,1770107161.161118,30.916
1770107161.194554,1424,256,1770107161.163712,30.842
1770107161.195208,1425,256,1770107161.164392,30.816
1770107161.196329,1426,256,1770107161.165559,30.770
1770107161.196833,1428,256,1770107161.166049,30.784
1770107161.198030,1429,256,1770107161.167162,30.867
1770107161.200870,1430,256,1770107161.169963,30.906
1770107161.201846,1431,256,1770107161.170947,30.899
1770107161.202751,1432,256,1770107161.171892,30.858
1770107161.208526,1433,256,1770107161.177587,30.939
1770107161.210597,1436,256,1770107161.179574,31.024
1770107161.210876,1437,256,1770107161.179854,31.022
1770107161.211223,1438,256,1770107161.179892,31.331
1770107161.211479,1439,256,1770107161.180357,31.122
1770107161.212591,1440,256,1770107161.181641,30.950
1770107161.216501,1441,256,1770107161.185632,30.869
1770107161.217545,1442,256,1770107161.186718,30.827
1770107161.219712,1443,256,1770107161.188871,30.842
1770107161.220477,1444,256,1770107161.189615,30.863
1770107161.220833,1445,256,1770107161.190021,30.811
1770107161.222949,1447,256,1770107161.192092,30.857
1770107161.223669,1448,256,1770107161.192839,30.830
1770107161.224148,1450,256,1770107161.193266,30.882
1770107161.226031,1451,256,1770107161.195222,30.809
1770107161.226284,1452,256,1770107161.195291,30.993
1770107161.227176,1453,256,1770107161.196391,30.785
1770107161.228401,1454,256,1770107161.197643,30.759
1770107161.230886,1456,256,1770107161.199959,30.927
1770107161.231463,1457,256,1770107161.200422,31.041
1770107161.232953,1458,256,1770107161.202182,30.771
1770107161.234277,1459,256,1770107161.203431,30.846
1770107161.236052,1460,256,1770107161.205237,30.815
1770107161.236631,1461,256,1770107161.205537,31.094
1770107161.237049,1462,256,1770107161.206270,30.779
1770107161.238688,1463,256,1770107161.207447,31.241
1770107161.238971,1464,256,1770107161.207577,31.394
1770107161.239434,1465,256,1770107161.207610,31.825
1770107161.239587,1466,256,1770107161.207707,31.880
1770107161.240781,1467,256,1770107161.209781,31.000
1770107161.241904,1468,256,1770107161.211071,30.833
1770107161.243347,1469,256,1770107161.212484,30.863
1770107161.245831,1470,256,1770107161.215009,30.822
1770107161.249696,1471,256,1770107161.218801,30.895
1770107161.249930,1472,256,1770107161.218964,30.966
1770107161.250948,1473,256,1770107161.220172,30.777
1770107161.252895,1474,256,1770107161.222074,30.821
1770107161.257008,1476,256,1770107161.226149,30.858
1770107161.260476,1478,256,1770107161.229661,30.815
1770107161.261818,1479,256,1770107161.231019,30.799
1770107161.262271,1480,256,1770107161.231416,30.854
1770107161.263914,1481,256,1770107161.233072,30.842
1770107161.265776,1483,256,1770107161.234898,30.879
1770107161.269212,1484,256,1770107161.238409,30.803
1770107161.270007,1486,256,1770107161.239200,30.807
1770107161.270422,1487,256,1770107161.239692,30.730
1770107161.275350,1488,256,1770107161.244349,31.002
1770107161.277017,1489,256,1770107161.246085,30.931
1770107161.277306,1490,256,1770107161.246328,30.978
1770107161.281894,1491,256,1770107161.250906,30.988
1770107161.284084,1492,256,1770107161.253150,30.933
1770107161.285933,1493,256,1770107161.254969,30.964
1770107161.288794,1495,256,1770107161.257987,30.807
1770107161.289347,1496,256,1770107161.258498,30.849
1770107161.289575,1497,256,1770107161.258725,30.850
1770107161.290989,1498,256,1770107161.260201,30.788
1770107161.292555,1500,256,1770107161.261775,30.780
1770107161.293512,1501,256,1770107161.262647,30.865
1770107161.296408,1502,256,1770107161.265337,31.072
1770107161.297098,1503,256,1770107161.266335,30.762
1770107161.297825,1504,256,1770107161.267042,30.782
1770107161.300342,1505,256,1770107161.269420,30.921
1770107161.301307,1506,256,1770107161.270571,30.736
1770107161.302982,1507,256,1770107161.272202,30.780
1770107161.304184,1508,256,1770107161.273376,30.808
1770107161.304916,1509,256,1770107161.274154,30.762
1770107161.309100,1511,256,1770107161.278041,31.060
1770107161.310411,1513,256,1770107161.279070,31.340
1770107161.310754,1514,256,1770107161.279389,31.365
1770107161.316581,1516,256,1770107161.285715,30.867
1770107161.319830,1517,256,1770107161.288866,30.964
1770107161.323881,1518,256,1770107161.293004,30.877
1770107161.327684,1521,256,1770107161.296875,30.809
1770107161.331315,1522,256,1770107161.300326,30.989
1770107161.331713,1523,256,1770107161.300851,30.862
1770107161.332739,1524,256,1770107161.301887,30.852
1770107161.332938,1525,256,1770107161.301992,30.946
1770107161.336020,1526,256,1770107161.305164,30.856
1770107161.340581,1528,256,1770107161.309492,31.089
1770107161.341973,1529,256,1770107161.310890,31.083
1770107161.342622,1530,256,1770107161.311115,31.507
1770107161.345550,1533,256,1770107161.314591,30.959
1770107161.347618,1534,256,1770107161.316745,30.873
1770107161.348823,1535,256,1770107161.317809,31.013
1770107161.349119,1536,256,1770107161.318113,31.006
1770107161.350325,1537,256,1770107161.319473,30.853
1770107161.351079,1538,256,1770107161.320263,30.816
1770107161.352598,1539,256,1770107161.321764,30.833
1770107161.353701,1541,256,1770107161.322898,30.802
1770107161.356682,1542,256,1770107161.325841,30.841
1770107161.359323,1544,256,1770107161.328295,31.027
1770107161.360649,1545,256,1770107161.329831,30.818
1770107161.361184,1546,256,1770107161.330416,30.768
1770107161.361496,1547,256,1770107161.330629,30.867
1770107161.363088,1549,256,1770107161.332206,30.882
1770107161.363375,1550,256,1770107161.332602,30.773
1770107161.365667,1551,256,1770107161.334863,30.805
1770107161.372840,1554,256,1770107161.341386,31.454
1770107161.375422,1555,256,1770107161.344532,30.889
1770107161.376534,1556,256,1770107161.345201,31.334
1770107161.376970,1557,256,1770107161.346116,30.854
1770107161.377245,1558,256,1770107161.346398,30.847
1770107161.385368,1560,256,1770107161.354373,30.995
1770107161.385984,1561,256,1770107161.355235,30.749
1770107161.389030,1562,256,1770107161.358179,30.851
1770107161.389316,1563,256,1770107161.358370,30.946
1770107161.389613,1564,256,1770107161.358603,31.011
1770107161.390018,1565,256,1770107161.359149,30.869
1770107161.390649,1566,256,1770107161.359823,30.826
1770107161.392714,1568,256,1770107161.361919,30.795
1770107161.393500,1569,256,1770107161.362535,30.965
1770107161.393659,1570,256,1770107161.362836,30.824
1770107161.394167,1571,256,1770107161.363377,30.790
1770107161.395245,1573,256,1770107161.364453,30.792
1770107161.395504,1574,256,1770107161.364598,30.907
1770107161.395797,1575,256,1770107161.364655,31.142
1770107161.403596,1578,256,1770107161.372819,30.777
1770107161.404783,1579,256,1770107161.373339,31.443
1770107161.405071,1580,256,1770107161.374292,30.779
1770107161.405368,1581,256,1770107161.374320,31.048
1770107161.406338,1582,256,1770107161.375568,30.770
1770107161.407977,1583,256,1770107161.377244,30.733
1770107161.409155,1584,256,1770107161.378384,30.771
1770107161.409667,1586,256,1770107161.378877,30.790
1770107161.411885,1587,256,1770107161.381082,30.803
1770107161.412123,1588,256,1770107161.381127,30.996
1770107161.414264,1589,256,1770107161.383206,31.057
1770107161.414427,1590,256,1770107161.383356,31.071
1770107161.415561,1591,256,1770107161.384729,30.832
1770107161.416712,1592,256,1770107161.385841,30.870
1770107161.416963,1593,256,1770107161.386040,30.923
1770107161.417259,1594,256,1770107161.386245,31.015
1770107161.422304,1596,256,1770107161.391472,30.832
1770107161.422957,1597,256,1770107161.392156,30.801
1770107161.423567,1598,256,1770107161.392782,30.785
1770107161.423865,1599,256,1770107161.393041,30.824
1770107161.425232,1601,256,1770107161.394356,30.876
1770107161.428516,1603,256,1770107161.397602,30.914
1770107161.429307,1604,256,1770107161.398473,30.834
1770107161.430240,1605,256,1770107161.399467,30.773
1770107161.432533,1606,256,1770107161.401765,30.768
1770107161.435205,1607,256,1770107161.404385,30.819
1770107161.435488,1608,256,1770107161.404723,30.764
1770107161.436541,1609,256,1770107161.405750,30.791
1770107161.437835,1610,256,1770107161.406965,30.869
1770107161.440403,1612,256,1770107161.409600,30.803
1770107161.443218,1614,256,1770107161.412336,30.883
1770107161.443736,1615,256,1770107161.412825,30.910
1770107161.448152,1617,256,1770107161.417339,30.812
1770107161.450438,1618,256,1770107161.419624,30.815
1770107161.450826,1619,256,1770107161.420105,30.721
1770107161.451758,1620,256,1770107161.421023,30.735
1770107161.452738,1621,256,1770107161.422019,30.720
1770107161.453026,1622,256,1770107161.422155,30.871
1770107161.453635,1623,256,1770107161.422754,30.880
1770107161.453918,1624,256,1770107161.422828,31.090
1770107161.455328,1625,256,1770107161.424483,30.845
1770107161.456483,1626,256,1770107161.425575,30.908
1770107161.457342,1627,256,1770107161.426395,30.946
1770107161.457560,1628,256,1770107161.426626,30.934
1770107161.457855,1629,256,1770107161.427061,30.794
1770107161.458417,1630,256,1770107161.427559,30.858
1770107161.458680,1631,256,1770107161.427824,30.856
1770107161.461858,1632,256,1770107161.430794,31.064
1770107161.462053,1633,256,1770107161.431045,31.008
1770107161.462492,1634,256,1770107161.431633,30.860
1770107161.464445,1635,256,1770107161.433626,30.819
1770107161.467502,1636,256,1770107161.436546,30.957
1770107161.470278,1637,256,1770107161.439223,31.054
1770107161.470432,1638,256,1770107161.439461,30.972
1770107161.472131,1640,256,1770107161.441268,30.863
1770107161.472690,1641,256,1770107161.441484,31.206
1770107161.473513,1642,256,1770107161.442435,31.078
1770107161.473720,1643,256,1770107161.442634,31.086
1770107161.475300,1645,256,1770107161.444249,31.051
1770107161.476557,1646,256,1770107161.445655,30.902
1770107161.477123,1647,256,1770107161.446314,30.809
1770107161.477826,1648,256,1770107161.447035,30.791
1770107161.479909,1649,256,1770107161.448781,31.128
1770107161.481137,1650,256,1770107161.450177,30.959
1770107161.481420,1651,256,1770107161.450441,30.979
1770107161.483608,1652,256,1770107161.452669,30.939
1770107161.484992,1653,256,1770107161.454105,30.887
1770107161.486144,1654,256,1770107161.455044,31.100
1770107161.486362,1655,256,1770107161.455483,30.879
1770107161.489116,1657,256,1770107161.458169,30.947
1770107161.489328,1658,256,1770107161.458394,30.934
1770107161.491798,1660,256,1770107161.460815,30.983
1770107161.494083,1661,256,1770107161.462967,31.116
1770107161.495223,1663,256,1770107161.464355,30.869
1770107161.497005,1664,256,1770107161.465957,31.048
1770107161.497257,1665,256,1770107161.466130,31.127
1770107161.499281,1666,256,1770107161.468434,30.847
1770107161.504314,1667,256,1770107161.473395,30.919
1770107161.504620,1668,256,1770107161.473809,30.812
1770107161.506040,1670,256,1770107161.474987,31.053
1770107161.506630,1671,256,1770107161.475493,31.136
1770107161.506919,1672,256,1770107161.475647,31.271
1770107161.507326,1673,256,1770107161.476116,31.210
1770107161.507643,1674,256,1770107161.476839,30.805
1770107161.508206,1675,256,1770107161.477414,30.792
1770107161.508461,1676,256,1770107161.477473,30.988
1770107161.511580,1678,256,1770107161.480701,30.879
1770107161.513177,1679,256,1770107161.482339,30.839
1770107161.517829,1681,256,1770107161.487012,30.817
1770107161.519168,1682,256,1770107161.488154,31.013
1770107161.519974,1683,256,1770107161.489101,30.874
1770107161.522684,1685,256,1770107161.491771,30.913
1770107161.526007,1688,256,1770107161.495010,30.996
1770107161.526242,1689,256,1770107161.495470,30.772
1770107161.528524,1690,256,1770107161.497718,30.806
1770107161.529256,1691,256,1770107161.498501,30.755
1770107161.530093,1692,256,1770107161.499341,30.752
1770107161.531694,1693,256,1770107161.500875,30.820
1770107161.532390,1694,256,1770107161.501410,30.980
1770107161.535322,1696,256,1770107161.504559,30.763
1770107161.535725,1697,256,1770107161.505007,30.718
1770107161.537153,1698,256,1770107161.506402,30.751
1770107161.537756,1699,256,1770107161.506933,30.823
1770107161.539627,1700,256,1770107161.508775,30.852
1770107161.543544,1701,256,1770107161.512592,30.952
1770107161.545014,1702,256,1770107161.513961,31.053
1770107161.546151,1703,256,1770107161.515218,30.933
1770107161.546448,1704,256,1770107161.515506,30.942
1770107161.547277,1705,256,1770107161.516430,30.847
1770107161.547575,1706,256,1770107161.516804,30.771
1770107161.551175,1707,256,1770107161.520308,30.867
1770107161.553231,1709,256,1770107161.522283,30.948
1770107161.553461,1710,256,1770107161.522632,30.829
1770107161.554418,1711,256,1770107161.523646,30.772
1770107161.555025,1713,256,1770107161.524227,30.798
1770107161.555319,1714,256,1770107161.524339,30.980
1770107161.556794,1715,256,1770107161.525912,30.882
1770107161.557940,1716,256,1770107161.527005,30.934
1770107161.559681,1717,256,1770107161.528692,30.989
1770107161.561324,1718,256,1770107161.530401,30.923
1770107161.564832,1719,256,1770107161.533616,31.216
1770107161.567552,1720,256,1770107161.536595,30.957
1770107161.567823,1721,256,1770107161.536907,30.916
1770107161.568055,1722,256,1770107161.537102,30.953
1770107161.569864,1723,256,1770107161.539054,30.810
1770107161.570135,1724,256,1770107161.539330,30.805
1770107161.570435,1725,256,1770107161.539500,30.936
1770107161.571235,1726,256,1770107161.540337,30.899
1770107161.572127,1728,256,1770107161.541124,31.002
1770107161.572560,1729,256,1770107161.541770,30.791
1770107161.573030,1730,256,1770107161.542232,30.799
1770107161.574434,1731,256,1770107161.543574,30.859
1770107161.575047,1732,256,1770107161.543959,31.088
1770107161.576235,1734,256,1770107161.545308,30.927
1770107161.577929,1735,256,1770107161.547027,30.901
1770107161.579051,1736,256,1770107161.548231,30.820
1770107161.580005,1737,256,1770107161.549248,30.757
1770107161.584500,1738,256,1770107161.553615,30.885
1770107161.585511,1739,256,1770107161.554742,30.769
1770107161.587086,1741,256,1770107161.556292,30.793
1770107161.587383,1742,256,1770107161.556579,30.804
1770107161.587965,1743,256,1770107161.556607,31.358
1770107161.590053,1744,256,1770107161.558895,31.158
1770107161.591265,1745,256,1770107161.560312,30.954
1770107161.593076,1746,256,1770107161.562097,30.979
1770107161.593789,1748,256,1770107161.562846,30.943
1770107161.594071,1749,256,1770107161.563300,30.772
1770107161.595294,1750,256,1770107161.564337,30.957
1770107161.595644,1751,256,1770107161.564638,31.005
1770107161.597079,1752,256,1770107161.566115,30.964
1770107161.597761,1753,256,1770107161.566843,30.918
1770107161.598980,1755,256,1770107161.567349,31.631
1770107161.599236,1756,256,1770107161.567576,31.660
1770107161.599515,1757,256,1770107161.567922,31.593
1770107161.600140,1758,256,1770107161.568218,31.922
1770107161.600722,1759,256,1770107161.569296,31.426
1770107161.600991,1760,256,1770107161.569389,31.602
1770107161.601621,1761,256,1770107161.570445,31.176
1770107161.602309,1762,256,1770107161.571530,30.778
1770107161.604731,1763,256,1770107161.573483,31.247
1770107161.605236,1764,256,1770107161.573972,31.264
1770107161.605588,1765,256,1770107161.574223,31.365
1770107161.605789,1766,256,1770107161.574297,31.491
1770107161.606772,1767,256,1770107161.575850,30.921
1770107161.607355,1768,256,1770107161.576554,30.801
1770107161.607839,1769,256,1770107161.577033,30.806
1770107161.608119,1770,256,1770107161.577171,30.949
1770107161.608423,1771,256,1770107161.577426,30.998
1770107161.609405,1772,256,1770107161.578485,30.921
1770107161.609692,1773,256,1770107161.578731,30.962
1770107161.611100,1775,256,1770107161.580221,30.879
1770107161.612391,1776,256,1770107161.581555,30.837
1770107161.612803,1777,256,1770107161.582047,30.755
1770107161.613821,1778,256,1770107161.582895,30.926
1770107161.617090,1779,256,1770107161.586240,30.851
1770107161.617347,1780,256,1770107161.586419,30.927
1770107161.617759,1782,256,1770107161.586839,30.920
1770107161.618059,1783,256,1770107161.587122,30.937
1770107161.618679,1784,256,1770107161.587388,31.291
1770107161.620442,1785,256,1770107161.589687,30.756
1770107161.621139,1786,256,1770107161.590357,30.782
1770107161.624088,1787,256,1770107161.593243,30.845
1770107161.625184,1788,256,1770107161.594378,30.805
1770107161.628104,1789,256,1770107161.597288,30.817
1770107161.629129,1790,256,1770107161.598283,30.847
1770107161.629580,1791,256,1770107161.598816,30.764
1770107161.632648,1793,256,1770107161.601749,30.899
1770107161.632952,1794,256,1770107161.601806,31.146
1770107161.633735,1795,256,1770107161.602996,30.740
1770107161.636395,1796,256,1770107161.605522,30.874
1770107161.648666,1798,256,1770107161.617685,30.981
1770107161.648883,1799,256,1770107161.617839,31.044
1770107161.649632,1800,256,1770107161.618860,30.772
1770107161.652384,1801,256,1770107161.621271,31.112
1770107161.655223,1802,256,1770107161.624231,30.992
1770107161.656000,1803,256,1770107161.624757,31.243
1770107161.661183,1804,256,1770107161.630184,30.998
1770107161.662418,1805,256,1770107161.631579,30.839
1770107161.664006,1806,256,1770107161.633172,30.835
1770107161.664617,1807,256,1770107161.633290,31.327
1770107161.671537,1809,256,1770107161.640665,30.872
1770107161.673388,1810,256,1770107161.642517,30.871
1770107161.678223,1813,256,1770107161.647289,30.935
1770107161.679221,1814,256,1770107161.648254,30.967
1770107161.679531,1815,256,1770107161.648493,31.038
1770107161.683544,1817,256,1770107161.652673,30.872
1770107161.686662,1819,256,1770107161.655812,30.850
1770107161.689806,1821,256,1770107161.658815,30.991
1770107161.690636,1822,256,1770107161.659780,30.856
1770107161.691008,1823,256,1770107161.659920,31.088
1770107161.692325,1824,256,1770107161.661419,30.906
1770107161.694101,1825,256,1770107161.663240,30.862
1770107161.699826,1827,256,1770107161.668512,31.314
1770107161.704263,1828,256,1770107161.673312,30.951
1770107161.706696,1831,256,1770107161.675855,30.841
1770107161.709616,1832,256,1770107161.678702,30.914
1770107161.712147,1834,256,1770107161.681291,30.856
1770107161.712591,1836,256,1770107161.681796,30.795
1770107161.715752,1837,256,1770107161.684746,31.006
1770107161.718052,1838,256,1770107161.687041,31.011
1770107161.719633,1840,256,1770107161.688782,30.851
1770107161.719901,1841,256,1770107161.689009,30.892
1770107161.720198,1842,256,1770107161.689178,31.020
1770107161.720489,1843,256,1770107161.689252,31.237
1770107161.728986,1846,256,1770107161.698022,30.964
1770107161.729220,1847,256,1770107161.698268,30.952
1770107161.729843,1848,256,1770107161.698916,30.927
1770107161.734203,1850,256,1770107161.703325,30.878
1770107161.735332,1851,256,1770107161.704532,30.800
1770107161.737963,1852,256,1770107161.706967,30.996
1770107161.739301,1853,256,1770107161.708508,30.793
1770107161.739944,1854,256,1770107161.709161,30.783
1770107161.740313,1855,256,1770107161.709506,30.807
1770107161.743854,1856,256,1770107161.712959,30.895
1770107161.744630,1857,256,1770107161.713675,30.954
1770107161.744816,1858,256,1770107161.713863,30.953
1770107161.745428,1859,256,1770107161.714229,31.199
1770107161.746000,1860,256,1770107161.714568,31.432
1770107161.746817,1862,256,1770107161.716049,30.768
1770107161.750476,1864,256,1770107161.719638,30.838
1770107161.752167,1865,256,1770107161.721362,30.805
1770107161.752504,1866,256,1770107161.721678,30.826
1770107161.753267,1867,256,1770107161.722207,31.060
1770107161.754180,1869,256,1770107161.723373,30.807
1770107161.754436,1870,256,1770107161.723465,30.971
1770107161.755036,1871,256,1770107161.724283,30.753
1770107161.758683,1873,256,1770107161.727800,30.883
1770107161.761143,1874,256,1770107161.729894,31.249
1770107161.761301,1875,256,1770107161.730048,31.254
1770107161.763027,1876,256,1770107161.732177,30.850
1770107161.768297,1878,256,1770107161.737381,30.916
1770107161.769906,1879,256,1770107161.738998,30.908
1770107161.771083,1881,256,1770107161.740221,30.862
1770107161.771836,1882,256,1770107161.741086,30.750
1770107161.772128,1883,256,1770107161.741207,30.922
1770107161.772519,1884,256,1770107161.741742,30.777
1770107161.772977,1885,256,1770107161.742157,30.820
1770107161.773563,1886,256,1770107161.742465,31.098
1770107161.774845,1887,256,1770107161.744036,30.808
1770107161.775411,1888,256,1770107161.744581,30.831
1770107161.775708,1889,256,1770107161.744764,30.945
1770107161.776350,1890,256,1770107161.745212,31.137
1770107161.776688,1891,256,1770107161.745369,31.318
1770107161.778937,1892,256,1770107161.747853,31.084
1770107161.779218,1893,256,1770107161.748087,31.131
1770107161.780139,1894,256,1770107161.749348,30.791
1770107161.784718,1895,256,1770107161.753863,30.854
1770107161.785149,1896,256,1770107161.754339,30.810
1770107161.785510,1897,256,1770107161.754750,30.760
1770107161.789043,1898,256,1770107161.758153,30.890
1770107161.792560,1900,256,1770107161.761752,30.808
1770107161.793552,1901,256,1770107161.762781,30.771
1770107161.795914,1903,256,1770107161.765107,30.807
1770107161.799283,1904,256,1770107161.768349,30.934
1770107161.799662,1905,256,1770107161.768862,30.801
1770107161.803178,1908,256,1770107161.772321,30.857
1770107161.808883,1909,256,1770107161.777771,31.112
1770107161.810837,1911,256,1770107161.779372,31.466
1770107161.816630,1913,256,1770107161.785787,30.843
1770107161.817862,1914,256,1770107161.787106,30.755
1770107161.819021,1915,256,1770107161.788121,30.900
1770107161.820091,1917,256,1770107161.789326,30.765
1770107161.821863,1918,256,1770107161.790844,31.019
1770107161.822966,1919,256,1770107161.792054,30.911
1770107161.824231,1920,256,1770107161.793321,30.910
1770107161.824549,1921,256,1770107161.793759,30.790
1770107161.825207,1922,256,1770107161.794400,30.807
1770107161.826587,1923,256,1770107161.795814,30.773
1770107161.826890,1924,256,1770107161.796027,30.863
1770107161.830803,1926,256,1770107161.799977,30.826
1770107161.837718,1929,256,1770107161.806657,31.060
1770107161.838285,1930,256,1770107161.807227,31.058
1770107161.839864,1931,256,1770107161.808540,31.324
1770107161.840451,1932,256,1770107161.809297,31.154
1770107161.841280,1933,256,1770107161.810276,31.003
1770107161.843972,1935,256,1770107161.813050,30.923
1770107161.844554,1936,256,1770107161.813411,31.142
1770107161.844831,1937,256,1770107161.813633,31.198
1770107161.849770,1938,256,1770107161.818874,30.896
1770107161.849984,1939,256,1770107161.819029,30.955
1770107161.852047,1942,256,1770107161.821160,30.887
1770107161.861686,1945,256,1770107161.830786,30.900
1770107161.861860,1946,256,1770107161.830945,30.914
1770107161.863977,1947,256,1770107161.833201,30.777
1770107161.868315,1948,256,1770107161.837360,30.956
1770107161.869763,1950,256,1770107161.838745,31.018
1770107161.870053,1951,256,1770107161.838814,31.238
1770107161.870710,1952,256,1770107161.839925,30.786
1770107161.872064,1953,256,1770107161.841109,30.955
1770107161.873113,1955,256,1770107161.842335,30.778
1770107161.877290,1956,256,1770107161.846391,30.899
1770107161.878575,1957,256,1770107161.847543,31.032
1770107161.879178,1958,256,1770107161.848202,30.976
1770107161.881133,1959,256,1770107161.850336,30.797
1770107161.883271,1961,256,1770107161.852496,30.775
1770107161.884140,1962,256,1770107161.853000,31.141
1770107161.889921,1964,256,1770107161.859016,30.905
1770107161.892608,1965,256,1770107161.861774,30.834
1770107161.894756,1966,256,1770107161.863938,30.818
1770107161.895310,1967,256,1770107161.864545,30.765
1770107161.896832,1969,256,1770107161.866038,30.794
1770107161.899355,1970,256,1770107161.868518,30.837
1770107161.901368,1971,256,1770107161.870469,30.899
1770107161.901590,1972,256,1770107161.870718,30.872
1770107161.901871,1973,256,1770107161.871029,30.843
1770107161.903872,1974,256,1770107161.873009,30.864
1770107161.905344,1976,256,1770107161.874490,30.854
1770107161.906446,1977,256,1770107161.875646,30.801
1770107161.908199,1978,256,1770107161.877357,30.842
1770107161.908449,1979,256,1770107161.877482,30.967
1770107161.909106,1980,256,1770107161.878294,30.812
1770107161.909395,1981,256,1770107161.878436,30.959
1770107161.910092,1982,256,1770107161.879294,30.798
1770107161.912002,1983,256,1770107161.880917,31.085
1770107161.912292,1984,256,1770107161.881530,30.762
1770107161.912577,1985,256,1770107161.881666,30.911
1770107161.913468,1986,256,1770107161.881900,31.568
1770107161.914079,1987,256,1770107161.882706,31.373
1770107161.914366,1988,256,1770107161.882771,31.595
1770107161.914669,1989,256,1770107161.883485,31.184
1770107161.914957,1990,256,1770107161.883549,31.408
1770107161.916569,1991,256,1770107161.885535,31.034
1770107161.920019,1992,256,1770107161.888664,31.355
1770107161.920731,1994,256,1770107161.889809,30.922
1770107161.922253,1995,256,1770107161.891407,30.846
1770107161.923181,1996,256,1770107161.892327,30.853
1770107161.924078,1997,256,1770107161.892911,31.167
1770107161.927509,1999,256,1770107161.896402,31.107
1770107161.928355,2000,256,1770107161.897463,30.892
1770107161.933430,2002,256,1770107161.902457,30.973
1770107161.934390,2003,256,1770107161.903527,30.863
1770107161.936650,2004,256,1770107161.905711,30.939
1770107161.938099,2005,256,1770107161.907213,30.885
1770107161.938293,2006,256,1770107161.907419,30.875
1770107161.947452,2011,256,1770107161.916644,30.808
1770107161.947893,2012,256,1770107161.917093,30.800
1770107161.948142,2013,256,1770107161.917145,30.998
1770107161.949805,2014,256,1770107161.919008,30.797
1770107161.951386,2015,256,1770107161.920613,30.773
1770107161.951682,2016,256,1770107161.920748,30.935
1770107161.953992,2017,256,1770107161.923064,30.928
1770107161.954275,2018,256,1770107161.923328,30.947
1770107161.956680,2019,256,1770107161.925758,30.921
1770107161.957093,2020,256,1770107161.926208,30.885
1770107161.959686,2021,256,1770107161.928641,31.044
1770107161.960580,2022,256,1770107161.929736,30.844
1770107161.960861,2023,256,1770107161.930040,30.821
1770107161.961786,2024,256,1770107161.930949,30.837
1770107161.962701,2025,256,1770107161.931857,30.844
1770107161.963549,2026,256,1770107161.932721,30.828
1770107161.963844,2027,256,1770107161.932946,30.898
1770107161.964088,2028,256,1770107161.933089,30.998
1770107161.965930,2029,256,1770107161.935068,30.861
1770107161.966854,2030,256,1770107161.936086,30.768
1770107161.967451,2031,256,1770107161.936696,30.754
1770107161.968760,2032,256,1770107161.938017,30.743
1770107161.969333,2033,256,1770107161.938501,30.831
1770107161.971768,2034,256,1770107161.940941,30.827
1770107161.972279,2035,256,1770107161.941182,31.097
1770107161.976716,2037,256,1770107161.945845,30.870
1770107161.977373,2038,256,1770107161.946518,30.855
1770107161.977632,2039,256,1770107161.946829,30.802
1770107161.978789,2040,256,1770107161.947969,30.820
1770107161.979221,2041,256,1770107161.948406,30.815
1770107161.983426,2042,256,1770107161.952593,30.833
1770107161.985011,2044,256,1770107161.954088,30.923
1770107161.989006,2047,256,1770107161.957893,31.112
1770107161.990273,2048,256,1770107161.959430,30.843
1770107161.994611,2049,256,1770107161.963759,30.852
1770107161.995245,2050,256,1770107161.964466,30.778
1770107161.998678,2052,256,1770107161.967885,30.792
1770107162.001892,2053,256,1770107161.971123,30.769
1770107162.002696,2055,256,1770107161.971707,30.989
1770107162.002985,2056,256,1770107161.972104,30.882
1770107162.003910,2057,256,1770107161.973117,30.793
1770107162.014527,2059,256,1770107161.983618,30.909
1770107162.017902,2060,256,1770107161.987035,30.867
1770107162.018209,2061,256,1770107161.987330,30.878
1770107162.022849,2062,256,1770107161.991877,30.972
1770107162.024695,2063,256,1770107161.993740,30.956
1770107162.025519,2064,256,1770107161.994717,30.802
1770107162.025802,2065,256,1770107161.994895,30.906
1770107162.029328,2068,256,1770107161.998368,30.960
1770107162.032431,2069,256,1770107162.001552,30.879
1770107162.034114,2070,256,1770107162.003078,31.036
1770107162.035227,2071,256,1770107162.004384,30.843
1770107162.037107,2072,256,1770107162.006299,30.808
1770107162.037893,2073,256,1770107162.007140,30.753
1770107162.038571,2074,256,1770107162.007839,30.732
1770107162.038862,2075,256,1770107162.007875,30.986
1770107162.039997,2076,256,1770107162.009154,30.843
1770107162.040461,2077,256,1770107162.009701,30.761
1770107162.044763,2079,256,1770107162.013955,30.808
1770107162.046861,2081,256,1770107162.016113,30.748
1770107162.048450,2082,256,1770107162.017500,30.950
1770107162.049061,2083,256,1770107162.017818,31.243
1770107162.052256,2085,256,1770107162.021422,30.834
1770107162.053212,2086,256,1770107162.022270,30.941
1770107162.054041,2087,256,1770107162.023162,30.879
1770107162.055233,2089,256,1770107162.024415,30.818
1770107162.055794,2090,256,1770107162.024774,31.020
1770107162.056172,2092,256,1770107162.025268,30.904
1770107162.056536,2093,256,1770107162.025633,30.903
1770107162.058249,2094,256,1770107162.027202,31.047
1770107162.059292,2096,256,1770107162.028405,30.888
1770107162.059804,2097,256,1770107162.028954,30.849
1770107162.061041,2098,256,1770107162.030170,30.871
1770107162.061677,2099,256,1770107162.030799,30.879
1770107162.062811,2100,256,1770107162.032058,30.754
1770107162.064569,2101,256,1770107162.033756,30.813
1770107162.067180,2102,256,1770107162.036363,30.817
1770107162.068506,2104,256,1770107162.037712,30.794
1770107162.068857,2105,256,1770107162.038041,30.816
1770107162.069557,2107,256,1770107162.038776,30.781
1770107162.071837,2109,256,1770107162.041021,30.817
1770107162.073724,2110,256,1770107162.042405,31.318
1770107162.074553,2111,256,1770107162.043741,30.813
1770107162.075467,2112,256,1770107162.044689,30.779
1770107162.075827,2113,256,1770107162.045049,30.779
1770107162.077640,2114,256,1770107162.046871,30.769
1770107162.078137,2115,256,1770107162.047352,30.786
1770107162.084114,2116,256,1770107162.053241,30.873
1770107162.084855,2117,256,1770107162.053995,30.860
1770107162.085644,2118,256,1770107162.054841,30.803
1770107162.089587,2119,256,1770107162.058474,31.114
1770107162.090261,2120,256,1770107162.059376,30.885
1770107162.090705,2121,256,1770107162.059831,30.874
1770107162.091822,2123,256,1770107162.060940,30.883
1770107162.093075,2124,256,1770107162.062232,30.843
1770107162.093665,2125,256,1770107162.062742,30.923
1770107162.094381,2126,256,1770107162.063598,30.783
1770107162.095585,2127,256,1770107162.064823,30.762
1770107162.096201,2128,256,1770107162.065406,30.794
1770107162.097434,2130,256,1770107162.066643,30.792
1770107162.100142,2131,256,1770107162.069172,30.970
1770107162.100911,2132,256,1770107162.069887,31.024
1770107162.104862,2136,256,1770107162.073981,30.881
1770107162.105225,2137,256,1770107162.074441,30.784
1770107162.106134,2138,256,1770107162.075322,30.812
1770107162.109890,2139,256,1770107162.078730,31.160
1770107162.110715,2140,256,1770107162.079786,30.929
1770107162.111078,2141,256,1770107162.079929,31.149
1770107162.112799,2142,256,1770107162.081949,30.849
1770107162.114631,2143,256,1770107162.083663,30.968
1770107162.115128,2144,256,1770107162.084215,30.914
1770107162.121075,2145,256,1770107162.090105,30.970
1770107162.123800,2146,256,1770107162.092921,30.879
1770107162.125809,2147,256,1770107162.095015,30.795
1770107162.126050,2148,256,1770107162.095056,30.994
1770107162.126362,2149,256,1770107162.095419,30.943
1770107162.127819,2151,256,1770107162.097068,30.750
1770107162.128276,2152,256,1770107162.097493,30.782
1770107162.129386,2153,256,1770107162.098621,30.766
1770107162.130204,2155,256,1770107162.099424,30.781
1770107162.131521,2156,256,1770107162.100397,31.125
1770107162.131753,2157,256,1770107162.100866,30.887
1770107162.135460,2160,256,1770107162.104582,30.879
1770107162.136346,2161,256,1770107162.105504,30.842
1770107162.136954,2162,256,1770107162.106127,30.828
1770107162.137542,2163,256,1770107162.106484,31.058
1770107162.138881,2165,256,1770107162.108110,30.771
1770107162.139754,2166,256,1770107162.108884,30.870
1770107162.142044,2167,256,1770107162.110971,31.073
1770107162.142909,2168,256,1770107162.111914,30.995
1770107162.143230,2169,256,1770107162.112453,30.776
1770107162.143898,2170,256,1770107162.113089,30.809
1770107162.144500,2171,256,1770107162.113368,31.131
1770107162.144993,2172,256,1770107162.114214,30.779
1770107162.146812,2173,256,1770107162.115932,30.880
1770107162.149223,2174,256,1770107162.118151,31.072
1770107162.149588,2175,256,1770107162.118438,31.151
1770107162.149697,2176,256,1770107162.118735,30.962
1770107162.149992,2177,256,1770107162.119224,30.769
1770107162.150558,2179,256,1770107162.119818,30.740
1770107162.152250,2180,256,1770107162.121417,30.833
1770107162.152518,2181,256,1770107162.121571,30.947
1770107162.153624,2182,256,1770107162.122789,30.836
1770107162.154973,2183,256,1770107162.123935,31.038
1770107162.157910,2184,256,1770107162.127047,30.863
1770107162.158180,2185,256,1770107162.127241,30.939
1770107162.159365,2186,256,1770107162.128371,30.995
1770107162.159504,2187,256,1770107162.128508,30.996
1770107162.160656,2189,256,1770107162.129822,30.834
1770107162.163649,2190,256,1770107162.132331,31.317
1770107162.163903,2191,256,1770107162.132473,31.430
1770107162.164226,2192,256,1770107162.132791,31.435
1770107162.166063,2193,256,1770107162.135166,30.896
1770107162.166331,2194,256,1770107162.135366,30.965
1770107162.168522,2195,256,1770107162.137514,31.008
1770107162.170011,2196,256,1770107162.139115,30.896
1770107162.175225,2197,256,1770107162.144367,30.858
1770107162.176548,2198,256,1770107162.145583,30.965
1770107162.177516,2200,256,1770107162.146761,30.755
1770107162.178910,2202,256,1770107162.148133,30.777
1770107162.181064,2203,256,1770107162.150200,30.864
1770107162.181734,2204,256,1770107162.150896,30.838
1770107162.181930,2205,256,1770107162.150928,31.002
1770107162.183831,2206,256,1770107162.152977,30.854
1770107162.184119,2207,256,1770107162.153378,30.740
1770107162.184409,2208,256,1770107162.153600,30.809
1770107162.186021,2209,256,1770107162.155184,30.837
1770107162.186329,2210,256,1770107162.155290,31.039
1770107162.187240,2211,256,1770107162.156324,30.917
1770107162.190246,2215,256,1770107162.159297,30.948
1770107162.190368,2216,256,1770107162.159617,30.751
1770107162.190737,2217,256,1770107162.159873,30.865
1770107162.194713,2219,256,1770107162.163836,30.877
1770107162.197029,2220,256,1770107162.166001,31.028
1770107162.197117,2221,256,1770107162.166214,30.904
1770107162.198310,2222,256,1770107162.167358,30.952
1770107162.198388,2223,256,1770107162.167386,31.002
1770107162.198703,2224,256,1770107162.167763,30.940
1770107162.199002,2225,256,1770107162.168012,30.991
1770107162.200910,2226,256,1770107162.170110,30.799
1770107162.203589,2227,256,1770107162.172784,30.806
1770107162.203839,2228,256,1770107162.172827,31.012
1770107162.205149,2229,256,1770107162.174420,30.729
1770107162.207858,2230,256,1770107162.176888,30.970
1770107162.208816,2231,256,1770107162.177971,30.845
1770107162.209002,2232,256,1770107162.178021,30.982
1770107162.210217,2233,256,1770107162.179368,30.849
1770107162.211553,2234,256,1770107162.180818,30.735
1770107162.212230,2235,256,1770107162.181376,30.854
1770107162.214633,2236,256,1770107162.183747,30.887
1770107162.215925,2237,256,1770107162.185066,30.859
1770107162.217391,2239,256,1770107162.186537,30.854
1770107162.217567,2240,256,1770107162.186567,31.001
1770107162.217869,2241,256,1770107162.186914,30.955
1770107162.219917,2242,256,1770107162.189049,30.867
1770107162.220842,2243,256,1770107162.190054,30.788
1770107162.221464,2244,256,1770107162.190474,30.991
1770107162.222872,2245,256,1770107162.192061,30.812
1770107162.225745,2246,256,1770107162.194501,31.245
1770107162.227881,2247,256,1770107162.196838,31.043
1770107162.228308,2248,256,1770107162.197525,30.783
1770107162.228615,2249,256,1770107162.197633,30.982
1770107162.229663,2250,256,1770107162.198625,31.038
1770107162.235132,2251,256,1770107162.204070,31.062
1770107162.236093,2252,256,1770107162.205116,30.977
1770107162.236562,2254,256,1770107162.205559,31.003
1770107162.236783,2255,256,1770107162.205786,30.996
1770107162.239263,2257,256,1770107162.208502,30.761
1770107162.241051,2258,256,1770107162.210213,30.838
1770107162.241342,2259,256,1770107162.210501,30.841
1770107162.241558,2260,256,1770107162.210563,30.995
1770107162.243395,2262,256,1770107162.212614,30.781
1770107162.244708,2263,256,1770107162.213727,30.980
1770107162.245517,2264,256,1770107162.214710,30.807
1770107162.246825,2265,256,1770107162.216037,30.788
1770107162.247787,2266,256,1770107162.217026,30.761
1770107162.248698,2267,256,1770107162.217925,30.773
1770107162.251360,2268,256,1770107162.220489,30.871
1770107162.251614,2269,256,1770107162.220873,30.741
1770107162.253573,2270,256,1770107162.222753,30.820
1770107162.254876,2271,256,1770107162.224100,30.777
1770107162.256782,2272,256,1770107162.225931,30.851
1770107162.257126,2273,256,1770107162.226343,30.782
1770107162.257839,2274,256,1770107162.227082,30.757
1770107162.263640,2276,256,1770107162.232820,30.820
1770107162.264831,2277,256,1770107162.234025,30.806
1770107162.266705,2278,256,1770107162.235887,30.818
1770107162.267564,2279,256,1770107162.236759,30.805
1770107162.268873,2281,256,1770107162.238106,30.767
1770107162.269742,2283,256,1770107162.238996,30.746
1770107162.271176,2284,256,1770107162.240411,30.766
1770107162.271487,2285,256,1770107162.240587,30.900
1770107162.274220,2286,256,1770107162.243029,31.192
1770107162.278254,2287,256,1770107162.247436,30.819
1770107162.281720,2288,256,1770107162.250746,30.974
1770107162.281993,2289,256,1770107162.250995,30.998
1770107162.286034,2291,256,1770107162.255162,30.872
1770107162.286229,2292,256,1770107162.255224,31.005
1770107162.286829,2293,256,1770107162.256025,30.804
1770107162.289411,2294,256,1770107162.258549,30.861
1770107162.289659,2295,256,1770107162.258803,30.856
1770107162.290879,2296,256,1770107162.260055,30.824
1770107162.291737,2297,256,1770107162.260760,30.977
1770107162.292920,2298,256,1770107162.261985,30.935
1770107162.293699,2300,256,1770107162.262877,30.821
1770107162.295820,2301,256,1770107162.264817,31.004
1770107162.296529,2303,256,1770107162.265142,31.386
1770107162.296864,2304,256,1770107162.266065,30.799
1770107162.298748,2305,256,1770107162.267906,30.842
1770107162.299044,2306,256,1770107162.268013,31.030
1770107162.300005,2307,256,1770107162.269000,31.005
1770107162.302859,2309,256,1770107162.272041,30.819
1770107162.303628,2310,256,1770107162.272883,30.745
1770107162.303923,2311,256,1770107162.272928,30.995
1770107162.304385,2313,256,1770107162.273291,31.094
1770107162.304630,2314,256,1770107162.273333,31.297
1770107162.305362,2315,256,1770107162.274415,30.947
1770107162.307410,2317,256,1770107162.276583,30.827
1770107162.309707,2318,256,1770107162.277907,31.800
1770107162.310528,2319,256,1770107162.279052,31.476
1770107162.313022,2320,256,1770107162.281999,31.023
1770107162.314639,2321,256,1770107162.283634,31.006
1770107162.315325,2323,256,1770107162.284425,30.901
1770107162.318461,2324,256,1770107162.287510,30.951
1770107162.318984,2325,256,1770107162.287852,31.132
1770107162.321476,2326,256,1770107162.290656,30.819
1770107162.323030,2327,256,1770107162.292174,30.857
1770107162.323311,2328,256,1770107162.292328,30.983
1770107162.323612,2329,256,1770107162.292624,30.988
1770107162.323911,2330,256,1770107162.292967,30.944
1770107162.324231,2331,256,1770107162.293200,31.031
1770107162.328810,2332,256,1770107162.297858,30.952
1770107162.331039,2333,256,1770107162.299957,31.083
1770107162.331309,2334,256,1770107162.300386,30.923
1770107162.335247,2336,256,1770107162.304213,31.034
1770107162.336578,2338,256,1770107162.305408,31.170
1770107162.336874,2339,256,1770107162.305504,31.369
1770107162.338818,2340,256,1770107162.308012,30.806
1770107162.339968,2341,256,1770107162.308944,31.024
1770107162.342127,2342,256,1770107162.310851,31.276
1770107162.342393,2343,256,1770107162.311123,31.270
1770107162.342995,2345,256,1770107162.312104,30.891
1770107162.345739,2346,256,1770107162.314756,30.983
1770107162.346329,2347,256,1770107162.315343,30.987
1770107162.346616,2348,256,1770107162.315666,30.950
1770107162.346919,2349,256,1770107162.315969,30.950
1770107162.347358,2350,256,1770107162.316075,31.283
1770107162.348043,2351,256,1770107162.316978,31.065
1770107162.350565,2353,256,1770107162.319591,30.975
1770107162.353643,2354,256,1770107162.322746,30.897
1770107162.356301,2355,256,1770107162.325387,30.914
1770107162.364511,2357,256,1770107162.333595,30.916
1770107162.364938,2358,256,1770107162.334048,30.890
1770107162.368498,2361,256,1770107162.337743,30.755
1770107162.368777,2362,256,1770107162.337804,30.973
1770107162.369074,2363,256,1770107162.338325,30.749
1770107162.369545,2364,256,1770107162.338814,30.730
1770107162.374071,2366,256,1770107162.343241,30.830
1770107162.374677,2367,256,1770107162.343883,30.795
1770107162.379653,2369,256,1770107162.348375,31.278
1770107162.383035,2370,256,1770107162.352211,30.823
1770107162.383325,2371,256,1770107162.352466,30.859
1770107162.383616,2372,256,1770107162.352535,31.080
1770107162.386841,2373,256,1770107162.355653,31.188
1770107162.387128,2374,256,1770107162.355885,31.243
1770107162.387486,2375,256,1770107162.356739,30.748
1770107162.390107,2376,256,1770107162.359242,30.865
1770107162.390868,2378,256,1770107162.360106,30.762
1770107162.393159,2379,256,1770107162.362159,31.001
1770107162.393434,2380,256,1770107162.362295,31.139
1770107162.399239,2382,256,1770107162.368137,31.101
1770107162.399488,2383,256,1770107162.368369,31.119
1770107162.404661,2385,256,1770107162.373329,31.332
1770107162.410300,2386,256,1770107162.379479,30.821
1770107162.411304,2387,256,1770107162.380348,30.956
1770107162.411596,2388,256,1770107162.380789,30.807
1770107162.415016,2389,256,1770107162.383942,31.074
1770107162.415606,2390,256,1770107162.384134,31.472
1770107162.416117,2391,256,1770107162.385233,30.884
1770107162.416435,2392,256,1770107162.385437,30.998
1770107162.417385,2393,256,1770107162.386393,30.992
1770107162.418157,2394,256,1770107162.387171,30.986
1770107162.422464,2395,256,1770107162.391551,30.913
1770107162.424279,2396,256,1770107162.393253,31.026
1770107162.425477,2397,256,1770107162.394607,30.870
1770107162.425817,2398,256,1770107162.395024,30.793
1770107162.435866,2399,256,1770107162.404740,31.126
1770107162.436140,2400,256,1770107162.405111,31.029
1770107162.438787,2401,256,1770107162.407897,30.890
1770107162.439759,2402,256,1770107162.408893,30.866
1770107162.440474,2403,256,1770107162.409706,30.768
1770107162.442492,2404,256,1770107162.411668,30.824
1770107162.443402,2405,256,1770107162.412498,30.904
1770107162.444784,2406,256,1770107162.413953,30.831
1770107162.446478,2407,256,1770107162.415616,30.862
1770107162.446763,2408,256,1770107162.415819,30.944
1770107162.450231,2410,256,1770107162.419344,30.886
1770107162.452363,2412,256,1770107162.421469,30.894
1770107162.452939,2414,256,1770107162.422031,30.908
1770107162.454969,2417,256,1770107162.424204,30.765
1770107162.455852,2418,256,1770107162.425090,30.762
1770107162.462631,2421,256,1770107162.431576,31.055
1770107162.463199,2422,256,1770107162.432225,30.975
1770107162.463800,2423,256,1770107162.432935,30.865
1770107162.465486,2424,256,1770107162.434724,30.762
1770107162.467553,2425,256,1770107162.436738,30.815
1770107162.470252,2426,256,1770107162.439470,30.783
1770107162.471368,2427,256,1770107162.440500,30.868
1770107162.471665,2428,256,1770107162.440687,30.978
1770107162.471968,2429,256,1770107162.440992,30.976
1770107162.472260,2430,256,1770107162.441053,31.206
1770107162.472855,2431,256,1770107162.441101,31.754
1770107162.473150,2432,256,1770107162.442222,30.929
1770107162.475022,2433,256,1770107162.444227,30.795
1770107162.475344,2434,256,1770107162.444523,30.820
1770107162.477287,2436,256,1770107162.446482,30.804
1770107162.477576,2437,256,1770107162.446627,30.948
1770107162.479458,2438,256,1770107162.448410,31.047
1770107162.479740,2439,256,1770107162.448691,31.049
1770107162.480251,2440,256,1770107162.449481,30.770
1770107162.481035,2441,256,1770107162.450158,30.876
1770107162.483213,2443,256,1770107162.451969,31.244
1770107162.483429,2444,256,1770107162.452040,31.388
1770107162.485262,2445,256,1770107162.454158,31.104
1770107162.485919,2446,256,1770107162.454488,31.431
1770107162.490981,2447,256,1770107162.460093,30.888
1770107162.493858,2448,256,1770107162.462227,31.631
1770107162.494659,2449,256,1770107162.463875,30.785
1770107162.495249,2450,256,1770107162.464364,30.885
1770107162.497201,2451,256,1770107162.466406,30.795
1770107162.498104,2452,256,1770107162.467343,30.761
1770107162.498725,2453,256,1770107162.467986,30.739
1770107162.499549,2454,256,1770107162.468801,30.749
1770107162.500869,2456,256,1770107162.469137,31.732
1770107162.501133,2457,256,1770107162.469279,31.855
1770107162.502343,2458,256,1770107162.471479,30.864
1770107162.506552,2460,256,1770107162.475663,30.889
1770107162.507789,2461,256,1770107162.476434,31.355
1770107162.508367,2462,256,1770107162.477129,31.237
1770107162.508770,2463,256,1770107162.478021,30.750
1770107162.511358,2464,256,1770107162.480594,30.763
1770107162.512387,2465,256,1770107162.481643,30.744
1770107162.514835,2466,256,1770107162.483601,31.234
1770107162.515430,2467,256,1770107162.484155,31.275
1770107162.521555,2469,256,1770107162.490782,30.773
1770107162.521830,2470,256,1770107162.491035,30.795
1770107162.522819,2471,256,1770107162.492096,30.723
1770107162.523263,2472,256,1770107162.492522,30.741
1770107162.525463,2473,256,1770107162.494408,31.055
1770107162.525810,2474,256,1770107162.495060,30.749
1770107162.527987,2476,256,1770107162.497128,30.859
1770107162.534361,2477,256,1770107162.503058,31.302
1770107162.535326,2478,256,1770107162.504357,30.969
1770107162.535772,2479,256,1770107162.504533,31.238
1770107162.536125,2480,256,1770107162.505375,30.751
1770107162.538844,2481,256,1770107162.507898,30.946
1770107162.539214,2483,256,1770107162.508221,30.993
1770107162.540104,2484,256,1770107162.509158,30.946
1770107162.540255,2485,256,1770107162.509228,31.027
1770107162.541297,2486,256,1770107162.510234,31.063
1770107162.543313,2487,256,1770107162.512257,31.056
1770107162.543676,2488,256,1770107162.512612,31.065
1770107162.543897,2489,256,1770107162.513056,30.841
1770107162.545172,2490,256,1770107162.514252,30.920
1770107162.548720,2491,256,1770107162.517727,30.993
1770107162.550352,2492,256,1770107162.519371,30.980
1770107162.550920,2493,256,1770107162.519997,30.923
1770107162.554931,2495,256,1770107162.524071,30.860
1770107162.555542,2496,256,1770107162.524730,30.812
1770107162.559828,2497,256,1770107162.528772,31.056
1770107162.560591,2498,256,1770107162.529566,31.025
1770107162.562498,2499,256,1770107162.531626,30.872
1770107162.563720,2500,256,1770107162.532973,30.748
1770107162.564923,2502,256,1770107162.534207,30.716
1770107162.565808,2503,256,1770107162.535080,30.728
1770107162.567956,2504,256,1770107162.537225,30.731
1770107162.568248,2505,256,1770107162.537271,30.977
1770107162.570058,2506,256,1770107162.539279,30.780
1770107162.572312,2508,256,1770107162.541563,30.749
1770107162.573569,2509,256,1770107162.542840,30.729
1770107162.573861,2510,256,1770107162.542875,30.986
1770107162.576288,2511,256,1770107162.545552,30.736
1770107162.576568,2512,256,1770107162.545596,30.972
1770107162.578059,2513,256,1770107162.547119,30.940
1770107162.582562,2514,256,1770107162.551790,30.772
1770107162.583936,2515,256,1770107162.553204,30.732
1770107162.586368,2517,256,1770107162.555658,30.710
1770107162.586660,2518,256,1770107162.555885,30.776
1770107162.590963,2519,256,1770107162.559967,30.997
1770107162.591377,2520,256,1770107162.560472,30.905
1770107162.591974,2521,256,1770107162.560932,31.041
1770107162.594983,2522,256,1770107162.564205,30.778
1770107162.597958,2524,256,1770107162.566955,31.003
1770107162.598247,2525,256,1770107162.567107,31.139
1770107162.598847,2527,256,1770107162.567779,31.068
1770107162.599149,2528,256,1770107162.568414,30.735
1770107162.602408,2530,256,1770107162.571678,30.730
1770107162.602694,2531,256,1770107162.571878,30.815
1770107162.605394,2533,256,1770107162.574676,30.718
1770107162.605769,2534,256,1770107162.575054,30.715
1770107162.612367,2536,256,1770107162.581617,30.750
1770107162.615658,2537,256,1770107162.584935,30.723
1770107162.615957,2538,256,1770107162.585196,30.761
1770107162.616257,2539,256,1770107162.585397,30.860
1770107162.616924,2540,256,1770107162.586200,30.724
1770107162.619166,2541,256,1770107162.588450,30.716
1770107162.621329,2542,256,1770107162.590607,30.721
1770107162.623013,2543,256,1770107162.592296,30.717
1770107162.628177,2545,256,1770107162.597421,30.756
1770107162.629386,2546,256,1770107162.598427,30.959
1770107162.630425,2547,256,1770107162.599693,30.733
1770107162.632033,2549,256,1770107162.601121,30.912
1770107162.632862,2550,256,1770107162.602117,30.745
1770107162.633129,2551,256,1770107162.602158,30.971
1770107162.633545,2552,256,1770107162.602559,30.986
1770107162.635201,2553,256,1770107162.604300,30.901
1770107162.637744,2555,256,1770107162.607030,30.714
1770107162.640700,2556,256,1770107162.609949,30.751
1770107162.642206,2557,256,1770107162.611175,31.031
1770107162.643350,2558,256,1770107162.612644,30.706
1770107162.644018,2559,256,1770107162.613314,30.704
1770107162.644307,2560,256,1770107162.613422,30.885
1770107162.644604,2561,256,1770107162.613723,30.882
1770107162.646259,2562,256,1770107162.615527,30.733
1770107162.649719,2564,256,1770107162.618979,30.740
1770107162.651184,2565,256,1770107162.620458,30.726
1770107162.651798,2566,256,1770107162.621045,30.753
1770107162.654854,2567,256,1770107162.624064,30.789
1770107162.658307,2568,256,1770107162.627464,30.843
1770107162.665405,2570,256,1770107162.634557,30.849
1770107162.666608,2571,256,1770107162.635850,30.758
1770107162.667393,2573,256,1770107162.636576,30.817
1770107162.669538,2575,256,1770107162.638818,30.720
1770107162.671161,2577,256,1770107162.640325,30.836
1770107162.672592,2578,256,1770107162.641752,30.840
1770107162.674693,2581,256,1770107162.643918,30.776
1770107162.675265,2582,256,1770107162.644480,30.784
1770107162.675572,2583,256,1770107162.644818,30.754
1770107162.677036,2584,256,1770107162.646235,30.801
1770107162.681468,2586,256,1770107162.650235,31.232
1770107162.681739,2587,256,1770107162.650367,31.372
1770107162.682030,2588,256,1770107162.651078,30.952
1770107162.685062,2590,256,1770107162.654174,30.888
1770107162.688794,2592,256,1770107162.657918,30.876
1770107162.693340,2593,256,1770107162.662491,30.849
1770107162.694623,2595,256,1770107162.663892,30.730
1770107162.706707,2596,256,1770107162.675571,31.136
1770107162.706860,2597,256,1770107162.675709,31.151
1770107162.708802,2599,256,1770107162.677894,30.908
1770107162.709244,2600,256,1770107162.678372,30.872
1770107162.710167,2601,256,1770107162.679198,30.970
1770107162.711185,2602,256,1770107162.680359,30.826
1770107162.711441,2603,256,1770107162.680632,30.809
1770107162.712049,2605,256,1770107162.681249,30.801
1770107162.712372,2606,256,1770107162.681588,30.784
1770107162.712678,2607,256,1770107162.681759,30.919
1770107162.713023,2608,256,1770107162.682227,30.796
1770107162.715935,2609,256,1770107162.684874,31.061
1770107162.716308,2610,256,1770107162.685457,30.851
1770107162.717536,2611,256,1770107162.686600,30.936
1770107162.717768,2612,256,1770107162.686837,30.931
1770107162.719583,2613,256,1770107162.688852,30.731
1770107162.721067,2614,256,1770107162.690325,30.742
1770107162.727419,2617,256,1770107162.696630,30.788
1770107162.727690,2618,256,1770107162.696946,30.745
1770107162.729369,2620,256,1770107162.698645,30.724
1770107162.729946,2621,256,1770107162.698867,31.079
1770107162.736385,2623,256,1770107162.705422,30.963
1770107162.739001,2624,256,1770107162.708141,30.860
1770107162.740422,2626,256,1770107162.709680,30.742
1770107162.747644,2627,256,1770107162.716851,30.792
1770107162.748371,2628,256,1770107162.717640,30.731
1770107162.748654,2629,256,1770107162.717680,30.974
1770107162.749259,2630,256,1770107162.718290,30.969
1770107162.750810,2631,256,1770107162.720078,30.732
1770107162.751092,2632,256,1770107162.720132,30.961
1770107162.752345,2633,256,1770107162.721018,31.327
1770107162.752939,2634,256,1770107162.721600,31.339
1770107162.753241,2635,256,1770107162.722074,31.167
1770107162.758109,2636,256,1770107162.727220,30.889
1770107162.758397,2637,256,1770107162.727632,30.765
1770107162.762841,2640,256,1770107162.731921,30.920
1770107162.764132,2641,256,1770107162.733219,30.913
1770107162.768181,2642,256,1770107162.737239,30.942
1770107162.769768,2643,256,1770107162.738493,31.275
1770107162.773057,2646,256,1770107162.742244,30.813
1770107162.774121,2647,256,1770107162.743281,30.840
1770107162.774370,2648,256,1770107162.743398,30.972
1770107162.778245,2650,256,1770107162.747339,30.906
1770107162.779170,2654,256,1770107162.748170,31.000
1770107162.779869,2656,256,1770107162.749070,30.799
1770107162.785283,2657,256,1770107162.754241,31.042
1770107162.786846,2658,256,1770107162.756121,30.725
1770107162.788700,2659,256,1770107162.757726,30.974
1770107162.792389,2661,256,1770107162.761594,30.795
1770107162.793053,2662,256,1770107162.762335,30.718
1770107162.793814,2663,256,1770107162.763098,30.716
1770107162.794471,2664,256,1770107162.763753,30.718
1770107162.794936,2665,256,1770107162.764217,30.719
1770107162.795388,2666,256,1770107162.764559,30.829
1770107162.796731,2667,256,1770107162.766018,30.713
1770107162.798046,2668,256,1770107162.767289,30.756
1770107162.798332,2669,256,1770107162.767341,30.991
1770107162.798831,2670,256,1770107162.768111,30.720
1770107162.799532,2671,256,1770107162.768811,30.721
1770107162.801005,2673,256,1770107162.770165,30.840
1770107162.805873,2675,256,1770107162.775090,30.784
1770107162.806524,2676,256,1770107162.775785,30.739
1770107162.806830,2677,256,1770107162.776110,30.720
1770107162.811550,2679,256,1770107162.780584,30.966
1770107162.811692,2680,256,1770107162.780922,30.771
1770107162.816165,2681,256,1770107162.785335,30.830
1770107162.816853,2683,256,1770107162.785840,31.013
1770107162.818352,2684,256,1770107162.787333,31.018
1770107162.819672,2685,256,1770107162.788924,30.748
1770107162.824463,2686,256,1770107162.793658,30.805
1770107162.825059,2687,256,1770107162.794075,30.983
1770107162.825351,2688,256,1770107162.794313,31.038
1770107162.825818,2689,256,1770107162.795051,30.767
1770107162.828737,2690,256,1770107162.797993,30.744
1770107162.829320,2691,256,1770107162.798297,31.023
1770107162.829612,2692,256,1770107162.798442,31.170
1770107162.829909,2693,256,1770107162.798468,31.441
1770107162.832532,2695,256,1770107162.801510,31.022
1770107162.832824,2696,256,1770107162.801751,31.073
1770107162.833114,2697,256,1770107162.802250,30.864
1770107162.833726,2698,256,1770107162.803027,30.698
1770107162.834026,2699,256,1770107162.803181,30.844
1770107162.839511,2702,256,1770107162.808541,30.970
1770107162.840473,2703,256,1770107162.809617,30.857
1770107162.843145,2704,256,1770107162.812253,30.892
1770107162.843974,2705,256,1770107162.813224,30.750
1770107162.845771,2707,256,1770107162.815016,30.755
1770107162.846238,2709,256,1770107162.815434,30.804
1770107162.846803,2710,256,1770107162.815881,30.922
1770107162.848168,2711,256,1770107162.817406,30.761
1770107162.849212,2713,256,1770107162.818475,30.738
1770107162.849659,2714,256,1770107162.818932,30.728
1770107162.851119,2715,256,1770107162.820384,30.735
1770107162.853445,2716,256,1770107162.822689,30.756
1770107162.858519,2718,256,1770107162.827740,30.778
1770107162.858810,2719,256,1770107162.827861,30.950
1770107162.859102,2720,256,1770107162.828095,31.007
1770107162.859396,2721,256,1770107162.828289,31.107
1770107162.859717,2722,256,1770107162.828535,31.182
1770107162.860391,2723,256,1770107162.829391,31.000
1770107162.860687,2724,256,1770107162.829757,30.930
1770107162.860989,2725,256,1770107162.829799,31.189
1770107162.864248,2727,256,1770107162.833513,30.735
1770107162.865456,2728,256,1770107162.834733,30.723
1770107162.868359,2729,256,1770107162.837619,30.740
1770107162.869447,2730,256,1770107162.838722,30.725
1770107162.870951,2731,256,1770107162.840210,30.741
1770107162.871885,2732,256,1770107162.841112,30.773
1770107162.875524,2733,256,1770107162.844758,30.766
1770107162.875809,2734,256,1770107162.844927,30.882
1770107162.879721,2735,256,1770107162.848903,30.819
1770107162.886724,2739,256,1770107162.855960,30.763
1770107162.889384,2741,256,1770107162.858455,30.929
1770107162.890005,2742,256,1770107162.858936,31.069
1770107162.890902,2743,256,1770107162.860048,30.855
1770107162.891202,2744,256,1770107162.860464,30.738
1770107162.892121,2746,256,1770107162.861399,30.722
1770107162.895086,2747,256,1770107162.864273,30.813
1770107162.898952,2748,256,1770107162.868226,30.726
1770107162.900123,2749,256,1770107162.869419,30.704
1770107162.900919,2750,256,1770107162.869651,31.269
1770107162.901200,2751,256,1770107162.870361,30.838
1770107162.904475,2752,256,1770107162.873526,30.950
1770107162.904995,2753,256,1770107162.874244,30.751
1770107162.905267,2754,256,1770107162.874459,30.807
1770107162.906822,2755,256,1770107162.875953,30.869
1770107162.907107,2756,256,1770107162.876072,31.035
1770107162.907698,2757,256,1770107162.876958,30.740
1770107162.907992,2758,256,1770107162.877026,30.966
1770107162.908284,2759,256,1770107162.877067,31.217
1770107162.909608,2760,256,1770107162.878644,30.964
1770107162.909892,2761,256,1770107162.878769,31.123
1770107162.910204,2762,256,1770107162.879076,31.127
1770107162.916821,2765,256,1770107162.885893,30.928
1770107162.917099,2766,256,1770107162.885947,31.152
1770107162.917395,2767,256,1770107162.886305,31.090
1770107162.918447,2768,256,1770107162.887678,30.769
1770107162.919915,2769,256,1770107162.889156,30.760
1770107162.923847,2771,256,1770107162.892778,31.069
1770107162.924360,2772,256,1770107162.893023,31.337
1770107162.927311,2773,256,1770107162.896301,31.010
1770107162.928891,2774,256,1770107162.897759,31.131
1770107162.930946,2776,256,1770107162.900012,30.934
1770107162.931238,2777,256,1770107162.900475,30.763
1770107162.934723,2778,256,1770107162.903795,30.929
1770107162.937258,2782,256,1770107162.906517,30.741
1770107162.939248,2783,256,1770107162.908450,30.798
1770107162.942260,2784,256,1770107162.911484,30.776
1770107162.949446,2786,256,1770107162.918574,30.872
1770107162.949720,2787,256,1770107162.918806,30.914
1770107162.950104,2788,256,1770107162.919356,30.748
1770107162.951944,2789,256,1770107162.921034,30.910
1770107162.952199,2790,256,1770107162.921262,30.936
1770107162.952493,2791,256,1770107162.921307,31.186
1770107162.953949,2792,256,1770107162.923182,30.766
1770107162.957848,2793,256,1770107162.927097,30.751
1770107162.962821,2794,256,1770107162.932048,30.773
1770107162.966638,2795,256,1770107162.935839,30.799
1770107162.968100,2796,256,1770107162.937362,30.738
1770107162.968606,2797,256,1770107162.937846,30.760
1770107162.969683,2798,256,1770107162.938936,30.747
1770107162.972337,2799,256,1770107162.941533,30.805
1770107162.972606,2800,256,1770107162.941827,30.780
1770107162.975250,2802,256,1770107162.944455,30.795
1770107162.975514,2803,256,1770107162.944796,30.718
1770107162.977155,2804,256,1770107162.946406,30.750
1770107162.977845,2805,256,1770107162.947119,30.727
1770107162.978133,2806,256,1770107162.947266,30.867
1770107162.979712,2807,256,1770107162.948961,30.751
1770107162.981575,2808,256,1770107162.950814,30.761
1770107162.981861,2809,256,1770107162.950890,30.971
1770107162.982665,2810,256,1770107162.951910,30.756
1770107162.985970,2812,256,1770107162.955228,30.742
1770107162.986854,2814,256,1770107162.956007,30.847
1770107162.989239,2817,256,1770107162.958472,30.767
1770107162.992240,2818,256,1770107162.961066,31.173
1770107162.992824,2819,256,1770107162.961607,31.217
1770107162.993489,2820,256,1770107162.962684,30.805
1770107162.995597,2822,256,1770107162.964817,30.780
1770107162.996184,2823,256,1770107162.965441,30.744
1770107162.996748,2824,256,1770107162.965959,30.789
1770107162.999832,2825,256,1770107162.969011,30.821
1770107163.000760,2826,256,1770107162.969877,30.884
1770107163.006786,2827,256,1770107162.975954,30.832
1770107163.007063,2828,256,1770107162.976135,30.927
1770107163.007479,2830,256,1770107162.976720,30.759
1770107163.011515,2833,256,1770107162.980723,30.792
1770107163.011976,2834,256,1770107162.981234,30.742
1770107163.013446,2835,256,1770107162.982612,30.834
1770107163.016041,2836,256,1770107162.985014,31.028
1770107163.018085,2838,256,1770107162.987149,30.936
1770107163.018216,2839,256,1770107162.987473,30.743
1770107163.024417,2840,256,1770107162.993428,30.989
1770107163.025536,2841,256,1770107162.994712,30.824
1770107163.026399,2842,256,1770107162.995366,31.032
1770107163.026485,2843,256,1770107162.995543,30.942
1770107163.030008,2845,256,1770107162.999064,30.944
1770107163.030875,2846,256,1770107162.999886,30.990
1770107163.031127,2847,256,1770107163.000167,30.960
1770107163.036014,2849,256,1770107163.005224,30.790
1770107163.039310,2850,256,1770107163.008448,30.862
1770107163.042397,2851,256,1770107163.011539,30.858
1770107163.045937,2853,256,1770107163.014885,31.051
1770107163.046449,2854,256,1770107163.015685,30.764
1770107163.046772,2855,256,1770107163.015743,31.029
1770107163.047985,2856,256,1770107163.017220,30.765
1770107163.051584,2858,256,1770107163.020723,30.861
1770107163.052383,2859,256,1770107163.021630,30.752
1770107163.052732,2860,256,1770107163.021828,30.904
1770107163.053000,2861,256,1770107163.022201,30.799
1770107163.058544,2862,256,1770107163.027707,30.837
1770107163.059286,2863,256,1770107163.028011,31.275
1770107163.059426,2865,256,1770107163.028360,31.065
1770107163.062840,2867,256,1770107163.032055,30.785
1770107163.064857,2868,256,1770107163.034072,30.784
1770107163.066300,2869,256,1770107163.035470,30.830
1770107163.066592,2870,256,1770107163.035857,30.735
1770107163.066896,2871,256,1770107163.036063,30.833
1770107163.067754,2872,256,1770107163.036992,30.762
1770107163.068166,2873,256,1770107163.037343,30.823
1770107163.070065,2874,256,1770107163.039293,30.772
1770107163.072127,2875,256,1770107163.041376,30.751
1770107163.073012,2878,256,1770107163.042277,30.735
1770107163.076205,2879,256,1770107163.044878,31.327
1770107163.082357,2880,256,1770107163.051537,30.820
1770107163.083971,2881,256,1770107163.053215,30.756
1770107163.084262,2882,256,1770107163.053303,30.958
1770107163.084876,2883,256,1770107163.053444,31.431
1770107163.085155,2884,256,1770107163.053661,31.494
1770107163.085519,2885,256,1770107163.054811,30.708
1770107163.085816,2886,256,1770107163.054940,30.876
1770107163.086113,2887,256,1770107163.055034,31.078
1770107163.088535,2889,256,1770107163.057809,30.725
1770107163.091272,2890,256,1770107163.060388,30.884
1770107163.091552,2891,256,1770107163.060697,30.855
1770107163.092180,2892,256,1770107163.061044,31.136
1770107163.092733,2893,256,1770107163.061895,30.838
1770107163.094943,2894,256,1770107163.064142,30.802
1770107163.095377,2895,256,1770107163.064259,31.118
1770107163.097973,2899,256,1770107163.067049,30.924
1770107163.098097,2900,256,1770107163.067122,30.975
1770107163.100919,2905,256,1770107163.070161,30.759
1770107163.101674,2906,256,1770107163.070948,30.725
1770107163.103160,2907,256,1770107163.072450,30.710
1770107163.104228,2908,256,1770107163.073312,30.915
1770107163.106445,2909,256,1770107163.075743,30.702
1770107163.111217,2910,256,1770107163.080411,30.807
1770107163.111453,2911,256,1770107163.080656,30.797
1770107163.112472,2912,256,1770107163.081774,30.697
1770107163.112773,2913,256,1770107163.081923,30.850
1770107163.113289,2914,256,1770107163.082589,30.700
1770107163.114913,2915,256,1770107163.084174,30.739
1770107163.115812,2916,256,1770107163.085095,30.718
1770107163.117555,2917,256,1770107163.086662,30.893
1770107163.119347,2918,256,1770107163.088642,30.705
1770107163.119974,2919,256,1770107163.089236,30.738
1770107163.120788,2920,256,1770107163.089947,30.840
1770107163.126382,2921,256,1770107163.095589,30.793
1770107163.131818,2922,256,1770107163.100895,30.923
1770107163.133703,2923,256,1770107163.102960,30.743
1770107163.133979,2924,256,1770107163.103002,30.977
1770107163.135049,2925,256,1770107163.104133,30.916
1770107163.135975,2926,256,1770107163.105224,30.750
1770107163.136266,2927,256,1770107163.105470,30.796
1770107163.137343,2928,256,1770107163.106579,30.765
1770107163.137783,2929,256,1770107163.107054,30.728
1770107163.139058,2930,256,1770107163.108293,30.765
1770107163.139374,2931,256,1770107163.108633,30.741
1770107163.140358,2932,256,1770107163.109612,30.746
1770107163.141272,2933,256,1770107163.110422,30.850
1770107163.143526,2934,256,1770107163.112787,30.739
1770107163.144511,2937,256,1770107163.113764,30.746
1770107163.145728,2938,256,1770107163.114976,30.751
1770107163.149067,2939,256,1770107163.118178,30.890
1770107163.149729,2940,256,1770107163.118728,31.000
1770107163.150146,2942,256,1770107163.119180,30.966
1770107163.151450,2944,256,1770107163.120393,31.057
1770107163.153754,2946,256,1770107163.122961,30.793
1770107163.154027,2947,256,1770107163.123209,30.818
1770107163.154306,2948,256,1770107163.123449,30.857
1770107163.154772,2949,256,1770107163.124031,30.741
1770107163.155056,2950,256,1770107163.124090,30.966
1770107163.156714,2952,256,1770107163.125700,31.014
1770107163.157998,2953,256,1770107163.127051,30.947
1770107163.158702,2955,256,1770107163.127942,30.760
1770107163.159217,2956,256,1770107163.128443,30.774
1770107163.162166,2957,256,1770107163.131273,30.894
1770107163.162445,2958,256,1770107163.131636,30.810
1770107163.163042,2959,256,1770107163.131949,31.093
1770107163.163685,2960,256,1770107163.132816,30.869
1770107163.164250,2961,256,1770107163.133491,30.760
1770107163.164940,2962,256,1770107163.134199,30.740
1770107163.165227,2963,256,1770107163.134364,30.863
1770107163.166758,2965,256,1770107163.135808,30.949
1770107163.167003,2966,256,1770107163.136043,30.960
1770107163.170311,2967,256,1770107163.139386,30.925
1770107163.173742,2970,256,1770107163.142900,30.842
1770107163.174089,2971,256,1770107163.143315,30.775
1770107163.178061,2972,256,1770107163.147069,30.993
1770107163.182099,2974,256,1770107163.151083,31.016
1770107163.185541,2978,256,1770107163.154494,31.046
1770107163.186810,2979,256,1770107163.156019,30.791
1770107163.188020,2980,256,1770107163.157204,30.817
1770107163.188249,2981,256,1770107163.157509,30.740
1770107163.188887,2983,256,1770107163.157928,30.959
1770107163.189165,2984,256,1770107163.158037,31.128
1770107163.191015,2986,256,1770107163.160209,30.806
1770107163.194261,2987,256,1770107163.163415,30.846
1770107163.194678,2988,256,1770107163.163901,30.777
1770107163.194948,2989,256,1770107163.163958,30.990
1770107163.198431,2991,256,1770107163.167633,30.798
1770107163.203662,2992,256,1770107163.172881,30.781
1770107163.205084,2993,256,1770107163.174330,30.754
1770107163.205431,2994,256,1770107163.174508,30.922
1770107163.209138,2995,256,1770107163.178359,30.779
1770107163.210953,2996,256,1770107163.180199,30.754
1770107163.213985,2997,256,1770107163.183202,30.783
1770107163.214688,2998,256,1770107163.183861,30.827
1770107163.220204,3001,256,1770107163.188867,31.337
1770107163.220460,3002,256,1770107163.189200,31.260
1770107163.224121,3003,256,1770107163.193213,30.908
1770107163.224380,3004,256,1770107163.193434,30.946
1770107163.224690,3005,256,1770107163.193682,31.008
1770107163.225443,3006,256,1770107163.194650,30.793
1770107163.226307,3007,256,1770107163.195516,30.792
1770107163.229995,3008,256,1770107163.199172,30.823
1770107163.232170,3009,256,1770107163.201395,30.775
1770107163.233308,3010,256,1770107163.202222,31.086
1770107163.236260,3012,256,1770107163.205443,30.817
1770107163.236826,3013,256,1770107163.205556,31.269
1770107163.237112,3014,256,1770107163.205603,31.509
1770107163.238297,3016,256,1770107163.207528,30.769
1770107163.239859,3017,256,1770107163.208830,31.029
1770107163.240871,3018,256,1770107163.210127,30.744
1770107163.244431,3020,256,1770107163.213634,30.797
1770107163.246823,3022,256,1770107163.215844,30.980
1770107163.247099,3023,256,1770107163.215971,31.128
1770107163.249476,3024,256,1770107163.218639,30.838
1770107163.250243,3025,256,1770107163.219400,30.842
1770107163.251913,3026,256,1770107163.221134,30.779
1770107163.252223,3027,256,1770107163.221241,30.982
1770107163.253523,3028,256,1770107163.222709,30.814
1770107163.254103,3029,256,1770107163.222798,31.305
1770107163.256617,3030,256,1770107163.225816,30.801
1770107163.258580,3031,256,1770107163.227704,30.876
1770107163.259210,3032,256,1770107163.228435,30.775
1770107163.259526,3033,256,1770107163.228683,30.843
1770107163.260143,3035,256,1770107163.228963,31.180
1770107163.261693,3037,256,1770107163.230875,30.819
1770107163.262386,3038,256,1770107163.231607,30.779
1770107163.262655,3039,256,1770107163.231708,30.947
1770107163.268138,3041,256,1770107163.237264,30.874
1770107163.268903,3042,256,1770107163.238133,30.770
1770107163.269480,3043,256,1770107163.238692,30.788
1770107163.271630,3045,256,1770107163.240559,31.070
1770107163.272089,3046,256,1770107163.240945,31.143
1770107163.274061,3047,256,1770107163.243257,30.803
1770107163.276543,3048,256,1770107163.245725,30.818
1770107163.276771,3049,256,1770107163.245972,30.799
1770107163.279086,3050,256,1770107163.248025,31.061
1770107163.279393,3051,256,1770107163.248112,31.280
1770107163.279677,3052,256,1770107163.248279,31.398
1770107163.279959,3054,256,1770107163.248865,31.095
1770107163.280816,3056,256,1770107163.250065,30.751
1770107163.281110,3057,256,1770107163.250354,30.756
1770107163.282148,3058,256,1770107163.251408,30.740
1770107163.285251,3060,256,1770107163.254267,30.985
1770107163.285364,3061,256,1770107163.254390,30.974
1770107163.286216,3062,256,1770107163.255267,30.949
1770107163.288625,3063,256,1770107163.257698,30.928
1770107163.291115,3064,256,1770107163.260213,30.902
1770107163.293039,3065,256,1770107163.262177,30.862
1770107163.294273,3067,256,1770107163.263420,30.853
1770107163.296296,3068,256,1770107163.265417,30.879
1770107163.297090,3069,256,1770107163.266124,30.966
1770107163.297285,3070,256,1770107163.266247,31.038
1770107163.299521,3072,256,1770107163.267882,31.640
1770107163.301180,3073,256,1770107163.270263,30.917
1770107163.301777,3074,256,1770107163.270651,31.126
1770107163.302037,3075,256,1770107163.270760,31.278
1770107163.303986,3076,256,1770107163.272776,31.209
1770107163.306820,3077,256,1770107163.275853,30.967
1770107163.307037,3078,256,1770107163.276052,30.986
1770107163.307421,3079,256,1770107163.276554,30.867
1770107163.307729,3080,256,1770107163.276711,31.018
1770107163.309036,3081,256,1770107163.278108,30.929
1770107163.312300,3082,256,1770107163.281278,31.022
1770107163.313165,3083,256,1770107163.282211,30.954
1770107163.313903,3084,256,1770107163.283000,30.903
1770107163.314122,3085,256,1770107163.283085,31.037
1770107163.316787,3086,256,1770107163.285864,30.923
1770107163.318529,3087,256,1770107163.287628,30.901
1770107163.320354,3088,256,1770107163.289366,30.988
1770107163.321899,3089,256,1770107163.290984,30.915
1770107163.322757,3090,256,1770107163.291852,30.905
1770107163.324071,3091,256,1770107163.293141,30.931
1770107163.324775,3092,256,1770107163.293810,30.964
1770107163.328912,3093,256,1770107163.297990,30.922
1770107163.331116,3094,256,1770107163.300050,31.066
1770107163.331239,3095,256,1770107163.300291,30.947
1770107163.331845,3096,256,1770107163.300622,31.223
1770107163.333737,3098,256,1770107163.302799,30.938
1770107163.334346,3099,256,1770107163.303164,31.182
1770107163.334977,3100,256,1770107163.304076,30.901
1770107163.335561,3101,256,1770107163.304745,30.816
1770107163.338308,3103,256,1770107163.307465,30.842
1770107163.341619,3105,256,1770107163.310535,31.084
1770107163.341962,3106,256,1770107163.310653,31.308
1770107163.342254,3107,256,1770107163.310759,31.495
1770107163.343622,3108,256,1770107163.312690,30.932
1770107163.344260,3109,256,1770107163.313373,30.887
1770107163.345759,3110,256,1770107163.314793,30.966
1770107163.346021,3111,256,1770107163.315088,30.933
1770107163.348262,3112,256,1770107163.317385,30.877
1770107163.348776,3113,256,1770107163.317978,30.798
1770107163.349520,3114,256,1770107163.318720,30.800
1770107163.351257,3115,256,1770107163.320472,30.785
1770107163.351868,3116,256,1770107163.321006,30.862
1770107163.352174,3117,256,1770107163.321420,30.753
1770107163.356953,3118,256,1770107163.325973,30.980
1770107163.358268,3119,256,1770107163.327140,31.129
1770107163.364586,3120,256,1770107163.333754,30.832
1770107163.366138,3121,256,1770107163.335271,30.867
1770107163.369247,3122,256,1770107163.338443,30.805
1770107163.370486,3123,256,1770107163.339682,30.804
1770107163.370743,3124,256,1770107163.339790,30.953
1770107163.371373,3125,256,1770107163.340615,30.757
1770107163.371659,3126,256,1770107163.340691,30.968
1770107163.371948,3127,256,1770107163.341135,30.813
1770107163.372246,3128,256,1770107163.341197,31.048
1770107163.373291,3129,256,1770107163.342455,30.836
1770107163.373849,3130,256,1770107163.343064,30.785
1770107163.374933,3131,256,1770107163.344115,30.818
1770107163.375510,3132,256,1770107163.344755,30.755
1770107163.379842,3135,256,1770107163.349057,30.785
1770107163.380351,3136,256,1770107163.349643,30.708
1770107163.381376,3138,256,1770107163.350627,30.749
1770107163.382552,3139,256,1770107163.351477,31.075
1770107163.383025,3140,256,1770107163.352307,30.719
1770107163.386261,3142,256,1770107163.355508,30.753
1770107163.386521,3143,256,1770107163.355806,30.715
1770107163.390038,3144,256,1770107163.359230,30.808
1770107163.390579,3145,256,1770107163.359503,31.076
1770107163.392575,3146,256,1770107163.361767,30.809
1770107163.393356,3147,256,1770107163.362591,30.765
1770107163.394748,3148,256,1770107163.363801,30.947
1770107163.395021,3149,256,1770107163.364285,30.736
1770107163.395946,3150,256,1770107163.365167,30.779
1770107163.399025,3154,256,1770107163.368166,30.859
1770107163.399417,3155,256,1770107163.368612,30.806
1770107163.400019,3156,256,1770107163.369279,30.740
1770107163.401549,3157,256,1770107163.370721,30.828
1770107163.404104,3158,256,1770107163.373318,30.786
1770107163.404550,3159,256,1770107163.373788,30.761
1770107163.405982,3160,256,1770107163.375211,30.771
1770107163.406258,3161,256,1770107163.375298,30.960
1770107163.409940,3163,256,1770107163.379005,30.934
1770107163.410208,3164,256,1770107163.379288,30.920
1770107163.417635,3167,256,1770107163.386861,30.774
1770107163.420459,3168,256,1770107163.389424,31.035
1770107163.424500,3169,256,1770107163.393656,30.844
1770107163.425655,3171,256,1770107163.394810,30.844
1770107163.425943,3172,256,1770107163.394932,31.012
1770107163.427877,3173,256,1770107163.397029,30.849
1770107163.433211,3174,256,1770107163.402344,30.867
1770107163.436374,3176,256,1770107163.405621,30.753
1770107163.437461,3177,256,1770107163.406662,30.799
1770107163.440825,3178,256,1770107163.409998,30.828
1770107163.441226,3179,256,1770107163.410408,30.818
1770107163.442134,3180,256,1770107163.410770,31.364
1770107163.442419,3181,256,1770107163.411040,31.379
1770107163.443123,3183,256,1770107163.412323,30.801
1770107163.444917,3184,256,1770107163.414110,30.807
1770107163.445140,3185,256,1770107163.414307,30.833
1770107163.446054,3186,256,1770107163.415200,30.854
1770107163.446316,3187,256,1770107163.415271,31.045
1770107163.447461,3189,256,1770107163.416548,30.914
1770107163.448041,3190,256,1770107163.417259,30.782
1770107163.449552,3191,256,1770107163.418679,30.874
1770107163.451057,3192,256,1770107163.420113,30.944
1770107163.451454,3194,256,1770107163.420296,31.158
1770107163.451715,3195,256,1770107163.420334,31.381
1770107163.452006,3196,256,1770107163.420850,31.157
1770107163.453259,3197,256,1770107163.422416,30.843
1770107163.460150,3198,256,1770107163.429204,30.946
1770107163.460662,3199,256,1770107163.429855,30.807
1770107163.465576,3201,256,1770107163.434725,30.851
1770107163.466105,3202,256,1770107163.435138,30.968
1770107163.466768,3204,256,1770107163.436028,30.740
1770107163.468026,3205,256,1770107163.437228,30.797
1770107163.468362,3206,256,1770107163.437600,30.762
1770107163.468651,3207,256,1770107163.437655,30.996
1770107163.468988,3208,256,1770107163.437699,31.290
1770107163.469857,3209,256,1770107163.439013,30.844
1770107163.470809,3210,256,1770107163.440027,30.781
1770107163.475294,3212,256,1770107163.444322,30.972
1770107163.475474,3213,256,1770107163.444473,31.002
1770107163.476477,3214,256,1770107163.445618,30.859
1770107163.476824,3215,256,1770107163.445731,31.093
1770107163.477077,3216,256,1770107163.445801,31.276
1770107163.479747,3217,256,1770107163.448881,30.865
1770107163.482808,3218,256,1770107163.451869,30.939
1770107163.483053,3219,256,1770107163.452209,30.843
1770107163.483797,3220,256,1770107163.452941,30.855
1770107163.485659,3221,256,1770107163.454845,30.813
1770107163.486814,3222,256,1770107163.455998,30.816
1770107163.488300,3223,256,1770107163.457476,30.824
1770107163.488903,3224,256,1770107163.458087,30.815
1770107163.490309,3225,256,1770107163.459403,30.906
1770107163.490561,3226,256,1770107163.459580,30.982
1770107163.493970,3227,256,1770107163.463025,30.945
1770107163.499684,3230,256,1770107163.468782,30.902
1770107163.499958,3231,256,1770107163.468940,31.019
1770107163.500334,3233,256,1770107163.469384,30.949
1770107163.502241,3234,256,1770107163.471319,30.921
1770107163.503410,3235,256,1770107163.472559,30.851
1770107163.503856,3236,256,1770107163.473017,30.839
1770107163.505338,3237,256,1770107163.474429,30.910
1770107163.506267,3238,256,1770107163.475393,30.874
1770107163.506601,3239,256,1770107163.475586,31.015
1770107163.507442,3240,256,1770107163.476368,31.075
1770107163.507736,3241,256,1770107163.476909,30.827
1770107163.509575,3242,256,1770107163.478570,31.005
1770107163.511105,3243,256,1770107163.480235,30.870
1770107163.512862,3244,256,1770107163.481934,30.929
1770107163.513784,3246,256,1770107163.482836,30.948
1770107163.514037,3247,256,1770107163.482906,31.131
1770107163.514873,3248,256,1770107163.484025,30.848
1770107163.515161,3249,256,1770107163.484184,30.977
1770107163.515768,3250,256,1770107163.485003,30.765
1770107163.516250,3252,256,1770107163.485116,31.134
1770107163.519262,3254,256,1770107163.488340,30.921
1770107163.519893,3255,256,1770107163.488682,31.211
1770107163.522898,3256,256,1770107163.491969,30.929
1770107163.525332,3257,256,1770107163.494374,30.959
1770107163.525877,3258,256,1770107163.494914,30.962
1770107163.527156,3259,256,1770107163.496166,30.989
1770107163.528033,3260,256,1770107163.497041,30.992
1770107163.528291,3261,256,1770107163.497298,30.993
1770107163.528859,3262,256,1770107163.497370,31.490
1770107163.529133,3263,256,1770107163.497931,31.202
1770107163.529564,3264,256,1770107163.498559,31.004
1770107163.530561,3265,256,1770107163.499483,31.078
1770107163.535997,3267,256,1770107163.504903,31.094
1770107163.538221,3268,256,1770107163.507253,30.968
1770107163.540163,3269,256,1770107163.509203,30.960
1770107163.540376,3270,256,1770107163.509398,30.978
1770107163.543670,3274,256,1770107163.512732,30.937
1770107163.543881,3275,256,1770107163.512892,30.989
1770107163.544166,3276,256,1770107163.512965,31.202
1770107163.546755,3277,256,1770107163.515845,30.910
1770107163.547010,3278,256,1770107163.516025,30.986
1770107163.547300,3279,256,1770107163.516093,31.207
1770107163.548928,3280,256,1770107163.518083,30.845
1770107163.551152,3281,256,1770107163.520330,30.822
1770107163.551518,3282,256,1770107163.520770,30.749
1770107163.551811,3283,256,1770107163.520836,30.975
1770107163.552109,3284,256,1770107163.521048,31.062
1770107163.552417,3285,256,1770107163.521542,30.875
1770107163.558126,3288,256,1770107163.527077,31.049
1770107163.558315,3289,256,1770107163.527441,30.874
1770107163.560383,3290,256,1770107163.529230,31.154
1770107163.566829,3293,256,1770107163.535763,31.066
1770107163.570552,3296,256,1770107163.539582,30.970
1770107163.572443,3297,256,1770107163.541478,30.965
1770107163.573732,3298,256,1770107163.542723,31.008
1770107163.573950,3299,256,1770107163.543150,30.800
1770107163.574270,3300,256,1770107163.543276,30.994
1770107163.574876,3301,256,1770107163.543706,31.170
1770107163.575213,3302,256,1770107163.543899,31.314
1770107163.575483,3303,256,1770107163.544250,31.234
1770107163.575841,3304,256,1770107163.544937,30.904
1770107163.577312,3305,256,1770107163.546436,30.876
1770107163.578111,3306,256,1770107163.547280,30.831
1770107163.579472,3307,256,1770107163.548589,30.883
1770107163.581585,3308,256,1770107163.550755,30.830
1770107163.582354,3309,256,1770107163.551533,30.821
1770107163.583996,3310,256,1770107163.553153,30.843
1770107163.586582,3312,256,1770107163.555523,31.060
1770107163.589045,3313,256,1770107163.558123,30.923
1770107163.591455,3314,256,1770107163.560440,31.016
1770107163.594961,3316,256,1770107163.564006,30.955
1770107163.595201,3317,256,1770107163.564125,31.077
1770107163.595495,3318,256,1770107163.564221,31.274
1770107163.595748,3319,256,1770107163.564303,31.445
1770107163.596042,3320,256,1770107163.565147,30.895
1770107163.596351,3321,256,1770107163.565409,30.943
1770107163.597015,3322,256,1770107163.566147,30.868
1770107163.598242,3323,256,1770107163.567158,31.084
1770107163.598966,3324,256,1770107163.567456,31.510
1770107163.599267,3325,256,1770107163.567637,31.630
1770107163.600761,3327,256,1770107163.569980,30.781
1770107163.601051,3328,256,1770107163.570145,30.906
1770107163.601617,3329,256,1770107163.570851,30.767
1770107163.602840,3330,256,1770107163.572036,30.804
1770107163.603716,3331,256,1770107163.572955,30.760
1770107163.604252,3332,256,1770107163.573490,30.762
1770107163.604921,3333,256,1770107163.574066,30.855
1770107163.607947,3335,256,1770107163.577086,30.860
1770107163.612473,3336,256,1770107163.581614,30.859
1770107163.612924,3337,256,1770107163.582126,30.798
1770107163.617054,3338,256,1770107163.586278,30.777
1770107163.617366,3339,256,1770107163.586412,30.954
1770107163.619076,3340,256,1770107163.588269,30.807
1770107163.619858,3342,256,1770107163.589109,30.749
1770107163.620119,3343,256,1770107163.589156,30.963
1770107163.620419,3344,256,1770107163.589689,30.730
1770107163.620763,3345,256,1770107163.589937,30.826
1770107163.628253,3350,256,1770107163.597492,30.761
1770107163.628729,3351,256,1770107163.598001,30.728
1770107163.631202,3352,256,1770107163.600434,30.767
1770107163.631686,3353,256,1770107163.600957,30.730
1770107163.632792,3354,256,1770107163.602066,30.725
1770107163.637777,3356,256,1770107163.606922,30.855
1770107163.638418,3357,256,1770107163.607276,31.142
1770107163.639672,3358,256,1770107163.608906,30.766
1770107163.640383,3360,256,1770107163.609618,30.766
1770107163.641351,3361,256,1770107163.610525,30.826
1770107163.642529,3362,256,1770107163.611747,30.782
1770107163.643036,3363,256,1770107163.612300,30.736
1770107163.643657,3364,256,1770107163.612849,30.807
1770107163.645052,3366,256,1770107163.614211,30.842
1770107163.645308,3367,256,1770107163.614249,31.059
1770107163.645893,3368,256,1770107163.615153,30.740
1770107163.647382,3369,256,1770107163.616360,31.022
1770107163.650114,3371,256,1770107163.619343,30.771
1770107163.654888,3372,256,1770107163.624021,30.867
1770107163.655369,3373,256,1770107163.624549,30.819
1770107163.657934,3374,256,1770107163.627045,30.889
1770107163.660555,3375,256,1770107163.629724,30.831
1770107163.663765,3376,256,1770107163.632866,30.899
1770107163.670507,3377,256,1770107163.639485,31.022
1770107163.671782,3378,256,1770107163.640818,30.964
1770107163.672064,3379,256,1770107163.641184,30.880
1770107163.673083,3380,256,1770107163.642184,30.899
1770107163.673676,3381,256,1770107163.642748,30.928
1770107163.674204,3382,256,1770107163.643363,30.842
1770107163.674639,3383,256,1770107163.643794,30.844
1770107163.678303,3384,256,1770107163.647176,31.127
1770107163.678833,3385,256,1770107163.647650,31.184
1770107163.680073,3386,256,1770107163.649184,30.889
1770107163.680306,3387,256,1770107163.649327,30.979
1770107163.680638,3388,256,1770107163.649397,31.241
1770107163.681231,3389,256,1770107163.649997,31.234
1770107163.681508,3390,256,1770107163.650164,31.344
1770107163.681803,3391,256,1770107163.650641,31.161
1770107163.685419,3393,256,1770107163.654478,30.941
1770107163.689118,3395,256,1770107163.658100,31.018
1770107163.689338,3396,256,1770107163.658396,30.942
1770107163.689816,3398,256,1770107163.658890,30.925
1770107163.690241,3399,256,1770107163.659390,30.851
1770107163.692184,3400,256,1770107163.661256,30.929
1770107163.693098,3402,256,1770107163.661983,31.115
1770107163.695997,3403,256,1770107163.664906,31.091
1770107163.697249,3404,256,1770107163.666336,30.913
1770107163.699651,3405,256,1770107163.668788,30.863
1770107163.699907,3406,256,1770107163.668925,30.982
1770107163.700212,3407,256,1770107163.669215,30.996
1770107163.700499,3408,256,1770107163.669295,31.204
1770107163.700848,3409,256,1770107163.669540,31.308
1770107163.704417,3410,256,1770107163.673435,30.982
1770107163.705011,3411,256,1770107163.674142,30.869
1770107163.705298,3412,256,1770107163.674467,30.830
1770107163.710652,3413,256,1770107163.679556,31.096
1770107163.712679,3414,256,1770107163.681728,30.951
1770107163.713286,3415,256,1770107163.682411,30.875
1770107163.714797,3416,256,1770107163.683919,30.878
1770107163.715364,3417,256,1770107163.684127,31.236
1770107163.716232,3418,256,1770107163.685342,30.889
1770107163.717402,3419,256,1770107163.686292,31.110
1770107163.717679,3420,256,1770107163.686483,31.196
1770107163.718830,3421,256,1770107163.687663,31.167
1770107163.720920,3423,256,1770107163.690037,30.882
1770107163.726365,3427,256,1770107163.695317,31.048
1770107163.729406,3428,256,1770107163.698394,31.012
1770107163.729635,3429,256,1770107163.698581,31.054
1770107163.733649,3430,256,1770107163.702768,30.882
1770107163.736586,3431,256,1770107163.705697,30.890
1770107163.736934,3432,256,1770107163.705902,31.032
1770107163.737283,3433,256,1770107163.706462,30.821
1770107163.740274,3435,256,1770107163.709272,31.002
1770107163.747907,3437,256,1770107163.716807,31.100
1770107163.751518,3439,256,1770107163.719660,31.858
1770107163.751615,3440,256,1770107163.719847,31.768
1770107163.751878,3441,256,1770107163.720947,30.932
1770107163.752102,3442,256,1770107163.721159,30.943
1770107163.754675,3443,256,1770107163.723777,30.898
1770107163.758684,3445,256,1770107163.727415,31.269
1770107163.762628,3448,256,1770107163.731699,30.929
1770107163.765544,3449,256,1770107163.734387,31.157
1770107163.766178,3450,256,1770107163.735338,30.840
1770107163.769345,3453,256,1770107163.738289,31.056
1770107163.769718,3454,256,1770107163.738866,30.852
1770107163.772245,3455,256,1770107163.741021,31.224
1770107163.772775,3456,256,1770107163.741769,31.006
1770107163.773660,3457,256,1770107163.742716,30.944
1770107163.774928,3458,256,1770107163.744013,30.915
1770107163.776982,3459,256,1770107163.746034,30.948
1770107163.779373,3460,256,1770107163.748433,30.940
1770107163.782232,3461,256,1770107163.751124,31.108
1770107163.782825,3462,256,1770107163.751600,31.225
1770107163.783604,3463,256,1770107163.752524,31.080
1770107163.783886,3464,256,1770107163.752603,31.283
1770107163.784144,3465,256,1770107163.753226,30.918
1770107163.784440,3466,256,1770107163.753306,31.134
1770107163.784741,3467,256,1770107163.753366,31.375
1770107163.785408,3468,256,1770107163.754328,31.079
1770107163.786074,3469,256,1770107163.755285,30.788
1770107163.786467,3470,256,1770107163.755413,31.054
1770107163.789275,3471,256,1770107163.758397,30.878
1770107163.795772,3476,256,1770107163.764919,30.854
1770107163.800108,3478,256,1770107163.769174,30.934
1770107163.800273,3479,256,1770107163.769530,30.743
1770107163.800568,3480,256,1770107163.769593,30.975
1770107163.803014,3481,256,1770107163.772106,30.908
1770107163.803177,3482,256,1770107163.772387,30.790
1770107163.805816,3485,256,1770107163.775029,30.788
1770107163.806077,3486,256,1770107163.775083,30.993
1770107163.806431,3487,256,1770107163.775292,31.139
1770107163.808085,3489,256,1770107163.777222,30.863
1770107163.811269,3491,256,1770107163.780386,30.883
1770107163.814722,3492,256,1770107163.783562,31.160
1770107163.815454,3494,256,1770107163.784559,30.895
1770107163.815644,3495,256,1770107163.784828,30.816
1770107163.816429,3496,256,1770107163.785630,30.799
1770107163.819330,3497,256,1770107163.788431,30.899
1770107163.819993,3498,256,1770107163.789156,30.837
1770107163.821357,3500,256,1770107163.790453,30.904
1770107163.821644,3501,256,1770107163.790782,30.862
1770107163.822659,3502,256,1770107163.791724,30.935
1770107163.822939,3503,256,1770107163.791945,30.994
1770107163.824134,3504,256,1770107163.793086,31.048
1770107163.826577,3507,256,1770107163.795507,31.070
1770107163.826788,3508,256,1770107163.795565,31.224
1770107163.827032,3509,256,1770107163.795772,31.260
1770107163.827315,3510,256,1770107163.796427,30.887
1770107163.828503,3511,256,1770107163.797569,30.934
1770107163.830550,3513,256,1770107163.799601,30.949
1770107163.834262,3514,256,1770107163.803403,30.859
1770107163.835744,3516,256,1770107163.804846,30.898
1770107163.837429,3517,256,1770107163.806611,30.818
1770107163.843119,3518,256,1770107163.812019,31.100
1770107163.847616,3520,256,1770107163.816636,30.980
1770107163.848247,3521,256,1770107163.817411,30.837
1770107163.849648,3522,256,1770107163.818851,30.797
1770107163.853045,3523,256,1770107163.821979,31.066
1770107163.854052,3524,256,1770107163.823200,30.852
1770107163.855771,3527,256,1770107163.824963,30.808
1770107163.857139,3528,256,1770107163.826069,31.070
1770107163.860104,3529,256,1770107163.829104,31.000
1770107163.862462,3531,256,1770107163.831575,30.887
1770107163.863559,3534,256,1770107163.832677,30.882
1770107163.863838,3535,256,1770107163.832775,31.063
1770107163.868424,3536,256,1770107163.837531,30.892
1770107163.872060,3538,256,1770107163.841246,30.814
1770107163.872327,3539,256,1770107163.841537,30.789
1770107163.873987,3541,256,1770107163.843127,30.860
1770107163.875418,3542,256,1770107163.844551,30.867
1770107163.877225,3543,256,1770107163.846261,30.965
1770107163.879817,3544,256,1770107163.848912,30.905
1770107163.882444,3545,256,1770107163.851517,30.927
1770107163.884062,3546,256,1770107163.853076,30.986
1770107163.885053,3547,256,1770107163.854207,30.845
1770107163.887400,3548,256,1770107163.856514,30.887
1770107163.888780,3549,256,1770107163.857873,30.907
1770107163.889369,3550,256,1770107163.858261,31.109
1770107163.891879,3551,256,1770107163.860955,30.923
1770107163.893278,3552,256,1770107163.862412,30.866
1770107163.893811,3553,256,1770107163.862986,30.826
1770107163.898378,3554,256,1770107163.867211,31.167
1770107163.899015,3555,256,1770107163.868141,30.874
1770107163.899326,3556,256,1770107163.868288,31.038
1770107163.903723,3559,256,1770107163.872853,30.871
1770107163.908703,3561,256,1770107163.877568,31.135
1770107163.908876,3562,256,1770107163.877720,31.156
1770107163.909596,3563,256,1770107163.878732,30.864
1770107163.909858,3564,256,1770107163.878840,31.018
1770107163.912971,3566,256,1770107163.882091,30.880
1770107163.914930,3567,256,1770107163.884082,30.848
1770107163.917907,3568,256,1770107163.886997,30.910
1770107163.918100,3569,256,1770107163.887119,30.981
1770107163.918555,3570,256,1770107163.887306,31.249
1770107163.918792,3571,256,1770107163.888009,30.784
1770107163.920078,3572,256,1770107163.889212,30.866
1770107163.920337,3573,256,1770107163.889384,30.953
1770107163.922420,3575,256,1770107163.891430,30.989
1770107163.923559,3576,256,1770107163.892660,30.899
1770107163.925330,3577,256,1770107163.894356,30.974
1770107163.926399,3578,256,1770107163.895488,30.911
1770107163.927741,3579,256,1770107163.896886,30.855
1770107163.928046,3580,256,1770107163.897050,30.996
1770107163.930221,3583,256,1770107163.899351,30.870
1770107163.932923,3584,256,1770107163.901743,31.180
1770107163.933175,3586,256,1770107163.902056,31.120
1770107163.933465,3587,256,1770107163.902506,30.960
1770107163.934678,3588,256,1770107163.903848,30.830
1770107163.941094,3590,256,1770107163.910117,30.977
1770107163.946327,3591,256,1770107163.915243,31.084
1770107163.947760,3592,256,1770107163.916919,30.841
1770107163.949645,3595,256,1770107163.918825,30.820
1770107163.951726,3596,256,1770107163.920852,30.874
1770107163.953784,3597,256,1770107163.922495,31.290
1770107163.956903,3600,256,1770107163.925974,30.929
1770107163.957105,3601,256,1770107163.926257,30.848
1770107163.957683,3602,256,1770107163.926860,30.823
1770107163.964964,3603,256,1770107163.934007,30.957
1770107163.969328,3604,256,1770107163.938118,31.210
1770107163.970404,3605,256,1770107163.939459,30.945
1770107163.972813,3606,256,1770107163.941877,30.936
1770107163.973991,3607,256,1770107163.943094,30.897
1770107163.974316,3608,256,1770107163.943247,31.069
1770107163.974627,3609,256,1770107163.943338,31.289
1770107163.978164,3610,256,1770107163.947254,30.910
1770107163.978490,3611,256,1770107163.947637,30.853
1770107163.980740,3613,256,1770107163.949674,31.066
1770107163.981752,3614,256,1770107163.950914,30.838
1770107163.982598,3615,256,1770107163.951770,30.828
1770107163.990373,3616,256,1770107163.959348,31.024
1770107163.992139,3617,256,1770107163.961214,30.925
1770107163.993127,3618,256,1770107163.962212,30.915
1770107163.993441,3619,256,1770107163.962417,31.024
1770107163.994105,3620,256,1770107163.963231,30.873
1770107163.996438,3621,256,1770107163.965571,30.867
1770107163.997011,3622,256,1770107163.966202,30.809
1770107163.998739,3623,256,1770107163.967923,30.817
1770107163.999033,3624,256,1770107163.968147,30.886
1770107163.999310,3625,256,1770107163.968241,31.069
1770107164.000628,3626,256,1770107163.969702,30.926
1770107164.000901,3627,256,1770107163.969899,31.003
1770107164.006224,3628,256,1770107163.975118,31.106
1770107164.008463,3629,256,1770107163.977551,30.912
1770107164.010834,3630,256,1770107163.979806,31.029
1770107164.011382,3631,256,1770107163.980492,30.890
1770107164.011645,3632,256,1770107163.980671,30.974
1770107164.013891,3633,256,1770107163.983034,30.857
1770107164.016271,3634,256,1770107163.985396,30.874
1770107164.017234,3635,256,1770107163.986386,30.848
1770107164.017519,3636,256,1770107163.986609,30.910
1770107164.018512,3637,256,1770107163.987653,30.859
1770107164.022439,3638,256,1770107163.991504,30.934
1770107164.023820,3640,256,1770107163.992807,31.013
1770107164.024268,3641,256,1770107163.993393,30.874
1770107164.026043,3642,256,1770107163.994869,31.174
1770107164.027253,3643,256,1770107163.996330,30.923
1770107164.037261,3646,256,1770107164.006293,30.968
1770107164.038952,3647,256,1770107164.007946,31.005
1770107164.040466,3648,256,1770107164.009582,30.884
1770107164.042206,3649,256,1770107164.011322,30.885
1770107164.042835,3650,256,1770107164.011672,31.163
1770107164.045092,3651,256,1770107164.014228,30.864
1770107164.047051,3653,256,1770107164.016214,30.837
1770107164.047987,3654,256,1770107164.017136,30.851
1770107164.049303,3655,256,1770107164.018007,31.296
1770107164.049867,3656,256,1770107164.018482,31.385
1770107164.054286,3657,256,1770107164.023262,31.024
1770107164.054630,3658,256,1770107164.023450,31.180
1770107164.055701,3659,256,1770107164.024794,30.907
1770107164.062830,3660,256,1770107164.031748,31.082
1770107164.063069,3661,256,1770107164.032117,30.952
1770107164.063446,3662,256,1770107164.032551,30.895
1770107164.063820,3663,256,1770107164.032897,30.923
1770107164.067055,3664,256,1770107164.036057,30.998
1770107164.069620,3665,256,1770107164.038704,30.916
1770107164.069946,3666,256,1770107164.038933,31.013
1770107164.070497,3667,256,1770107164.039693,30.804
1770107164.071376,3668,256,1770107164.040520,30.856
1770107164.072498,3669,256,1770107164.041409,31.090
1770107164.073105,3671,256,1770107164.042168,30.937
1770107164.079669,3672,256,1770107164.048761,30.907
1770107164.079946,3673,256,1770107164.048891,31.055
1770107164.083033,3674,256,1770107164.052094,30.939
1770107164.083642,3675,256,1770107164.052512,31.130
1770107164.086494,3678,256,1770107164.055523,30.971
1770107164.087353,3679,256,1770107164.056458,30.895
1770107164.087813,3680,256,1770107164.056827,30.986
1770107164.091808,3683,256,1770107164.060607,31.201
1770107164.092981,3685,256,1770107164.061844,31.137
1770107164.097967,3687,256,1770107164.067044,30.924
1770107164.098259,3688,256,1770107164.067477,30.781
1770107164.100312,3689,256,1770107164.069475,30.837
1770107164.101706,3691,256,1770107164.070788,30.918
1770107164.104420,3693,256,1770107164.073578,30.843
1770107164.105697,3694,256,1770107164.074836,30.861
1770107164.107059,3695,256,1770107164.076167,30.892
1770107164.107647,3696,256,1770107164.076395,31.252
1770107164.107951,3697,256,1770107164.076448,31.502
1770107164.108538,3698,256,1770107164.077637,30.901
1770107164.108830,3699,256,1770107164.077677,31.152
1770107164.109447,3700,256,1770107164.078653,30.794
1770107164.109739,3701,256,1770107164.078892,30.847
1770107164.110033,3702,256,1770107164.078958,31.075
1770107164.110768,3703,256,1770107164.079811,30.958
1770107164.112106,3704,256,1770107164.081299,30.807
1770107164.113092,3705,256,1770107164.082251,30.841
1770107164.115881,3706,256,1770107164.085020,30.862
1770107164.117263,3707,256,1770107164.086345,30.918
1770107164.121007,3710,256,1770107164.090218,30.789
1770107164.121453,3711,256,1770107164.090703,30.750
1770107164.123130,3712,256,1770107164.092310,30.820
1770107164.125119,3713,256,1770107164.094166,30.953
1770107164.128095,3714,256,1770107164.097232,30.864
1770107164.128414,3715,256,1770107164.097651,30.762
1770107164.128718,3716,256,1770107164.097820,30.898
1770107164.130022,3717,256,1770107164.099230,30.792
1770107164.134763,3718,256,1770107164.103856,30.907
1770107164.135009,3719,256,1770107164.104174,30.835
1770107164.135301,3720,256,1770107164.104428,30.874
1770107164.136209,3721,256,1770107164.104831,31.378
1770107164.137701,3722,256,1770107164.106901,30.800
1770107164.138427,3723,256,1770107164.107576,30.850
1770107164.141207,3724,256,1770107164.110287,30.920
1770107164.141454,3725,256,1770107164.110507,30.946
1770107164.144285,3726,256,1770107164.113389,30.895
1770107164.144991,3727,256,1770107164.114212,30.779
1770107164.145288,3728,256,1770107164.114298,30.990
1770107164.147047,3729,256,1770107164.116241,30.806
1770107164.149797,3730,256,1770107164.118842,30.955
1770107164.150532,3731,256,1770107164.119716,30.817
1770107164.150771,3732,256,1770107164.119896,30.875
1770107164.152406,3733,256,1770107164.121643,30.763
1770107164.152693,3734,256,1770107164.121718,30.975
1770107164.152989,3735,256,1770107164.121863,31.126
1770107164.153720,3736,256,1770107164.122968,30.752
1770107164.154680,3737,256,1770107164.123842,30.839
1770107164.157209,3740,256,1770107164.126347,30.862
1770107164.166101,3745,256,1770107164.134949,31.152
1770107164.172061,3746,256,1770107164.140929,31.132
1770107164.175286,3747,256,1770107164.144319,30.967
1770107164.175545,3748,256,1770107164.144496,31.048
1770107164.177924,3751,256,1770107164.147074,30.850
1770107164.178261,3752,256,1770107164.147435,30.826
1770107164.185354,3754,256,1770107164.154499,30.855
1770107164.185621,3755,256,1770107164.154624,30.997
1770107164.186294,3756,256,1770107164.155571,30.723
1770107164.186840,3757,256,1770107164.156088,30.752
1770107164.187131,3758,256,1770107164.156399,30.732
1770107164.187999,3760,256,1770107164.157218,30.781
1770107164.189083,3762,256,1770107164.158286,30.797
1770107164.191478,3763,256,1770107164.160339,31.139
1770107164.192046,3764,256,1770107164.160625,31.421
1770107164.193144,3765,256,1770107164.162288,30.856
1770107164.197166,3767,256,1770107164.166342,30.824
1770107164.197443,3768,256,1770107164.166496,30.947
1770107164.201054,3769,256,1770107164.170285,30.769
1770107164.201513,3770,256,1770107164.170787,30.726
1770107164.202300,3772,256,1770107164.171586,30.714
1770107164.203435,3774,256,1770107164.172648,30.787
1770107164.205080,3775,256,1770107164.174317,30.763
1770107164.209844,3777,256,1770107164.178762,31.081
1770107164.210820,3778,256,1770107164.179873,30.947
1770107164.211495,3779,256,1770107164.179944,31.552
1770107164.211709,3780,256,1770107164.180004,31.705
1770107164.214138,3781,256,1770107164.183248,30.889
1770107164.214867,3782,256,1770107164.184110,30.757
1770107164.218014,3785,256,1770107164.187114,30.900
1770107164.218299,3786,256,1770107164.187248,31.052
1770107164.218616,3787,256,1770107164.187735,30.881
1770107164.221569,3788,256,1770107164.190640,30.929
1770107164.221841,3789,256,1770107164.190965,30.875
1770107164.222435,3790,256,1770107164.191264,31.172
1770107164.222728,3791,256,1770107164.191312,31.416
1770107164.223848,3792,256,1770107164.192971,30.877
1770107164.224490,3794,256,1770107164.193721,30.769
1770107164.228901,3796,256,1770107164.198068,30.833
1770107164.229386,3797,256,1770107164.198632,30.754
1770107164.230303,3799,256,1770107164.199550,30.753
1770107164.230772,3800,256,1770107164.199819,30.953
1770107164.231584,3801,256,1770107164.200797,30.787
1770107164.234806,3803,256,1770107164.204011,30.795
1770107164.235955,3804,256,1770107164.205207,30.747
1770107164.236560,3805,256,1770107164.205678,30.883
1770107164.240397,3807,256,1770107164.209602,30.795
1770107164.242124,3808,256,1770107164.211277,30.847
1770107164.243438,3809,256,1770107164.212500,30.939
1770107164.243730,3810,256,1770107164.212646,31.084
1770107164.244043,3811,256,1770107164.212691,31.351
1770107164.244320,3812,256,1770107164.212964,31.356
1770107164.245565,3813,256,1770107164.214767,30.797
1770107164.252227,3814,256,1770107164.221301,30.926
1770107164.252558,3815,256,1770107164.221812,30.746
1770107164.253165,3816,256,1770107164.222033,31.133
1770107164.254197,3817,256,1770107164.223368,30.829
1770107164.254887,3818,256,1770107164.224100,30.787
1770107164.255384,3819,256,1770107164.224625,30.759
1770107164.256557,3820,256,1770107164.225690,30.867
1770107164.258327,3821,256,1770107164.227437,30.891
1770107164.261611,3823,256,1770107164.230349,31.262
1770107164.270591,3825,256,1770107164.239673,30.918
1770107164.274315,3827,256,1770107164.243375,30.941
1770107164.276436,3828,256,1770107164.245642,30.793
1770107164.278589,3829,256,1770107164.247661,30.928
1770107164.279634,3831,256,1770107164.248597,31.036
1770107164.286010,3832,256,1770107164.255117,30.893
1770107164.286974,3834,256,1770107164.256074,30.901
1770107164.289775,3835,256,1770107164.258775,31.000
1770107164.290296,3836,256,1770107164.259014,31.281
1770107164.294055,3837,256,1770107164.263124,30.931
1770107164.297101,3839,256,1770107164.266089,31.012
1770107164.297407,3840,256,1770107164.266570,30.838
1770107164.297717,3841,256,1770107164.266938,30.779
1770107164.298000,3842,256,1770107164.267031,30.969
1770107164.299235,3843,256,1770107164.267079,32.156
1770107164.299298,3845,256,1770107164.268128,31.170
1770107164.299337,3846,256,1770107164.268172,31.165
1770107164.300863,3848,256,1770107164.270078,30.785
1770107164.301333,3849,256,1770107164.270563,30.770
1770107164.303245,3850,256,1770107164.272376,30.870
1770107164.304423,3851,256,1770107164.273540,30.883
1770107164.304774,3852,256,1770107164.273650,31.123
1770107164.305854,3853,256,1770107164.275077,30.777
1770107164.306133,3854,256,1770107164.275290,30.843
1770107164.309097,3857,256,1770107164.278220,30.877
1770107164.310667,3858,256,1770107164.279403,31.263
1770107164.310930,3859,256,1770107164.279801,31.129
1770107164.311538,3860,256,1770107164.280152,31.386
1770107164.312257,3861,256,1770107164.281381,30.877
1770107164.314409,3864,256,1770107164.283520,30.888
1770107164.314571,3865,256,1770107164.283556,31.016
1770107164.315483,3866,256,1770107164.284593,30.890
1770107164.318258,3868,256,1770107164.287390,30.868
1770107164.318495,3869,256,1770107164.287657,30.838
1770107164.319592,3871,256,1770107164.288601,30.991
1770107164.320967,3872,256,1770107164.290083,30.884
1770107164.322037,3873,256,1770107164.290887,31.150
1770107164.323625,3874,256,1770107164.292605,31.021
1770107164.323872,3875,256,1770107164.293071,30.801
1770107164.325365,3876,256,1770107164.294491,30.874
1770107164.330461,3878,256,1770107164.299207,31.254
1770107164.330779,3879,256,1770107164.299959,30.820
1770107164.332301,3880,256,1770107164.301305,30.996
1770107164.332479,3881,256,1770107164.301465,31.015
1770107164.334869,3882,256,1770107164.303878,30.991
1770107164.337554,3883,256,1770107164.306627,30.927
1770107164.337791,3884,256,1770107164.306816,30.975
1770107164.340249,3887,256,1770107164.309223,31.026
1770107164.344584,3889,256,1770107164.313542,31.042
1770107164.347106,3890,256,1770107164.315933,31.174
1770107164.347300,3891,256,1770107164.316248,31.052
1770107164.349010,3892,256,1770107164.318137,30.873
1770107164.349295,3893,256,1770107164.318309,30.987
1770107164.352563,3894,256,1770107164.321636,30.927
1770107164.352799,3895,256,1770107164.321821,30.978
1770107164.354381,3896,256,1770107164.323462,30.919
1770107164.355882,3897,256,1770107164.324704,31.178
1770107164.356148,3898,256,1770107164.324940,31.208
1770107164.357315,3900,256,1770107164.326463,30.852
1770107164.357597,3901,256,1770107164.326739,30.858
1770107164.359679,3902,256,1770107164.328759,30.920
1770107164.360350,3903,256,1770107164.329434,30.916
1770107164.360697,3904,256,1770107164.329602,31.094
1770107164.360987,3905,256,1770107164.329678,31.309
1770107164.361279,3906,256,1770107164.330092,31.187
1770107164.361499,3907,256,1770107164.330487,31.012
1770107164.364763,3908,256,1770107164.333850,30.912
1770107164.366882,3909,256,1770107164.335976,30.906
1770107164.368649,3910,256,1770107164.337790,30.860
1770107164.368904,3911,256,1770107164.337942,30.962
1770107164.369776,3912,256,1770107164.338868,30.907
1770107164.370563,3913,256,1770107164.339713,30.850
1770107164.371739,3914,256,1770107164.340816,30.923
1770107164.372837,3915,256,1770107164.341997,30.839
1770107164.373146,3916,256,1770107164.342120,31.026
1770107164.374266,3917,256,1770107164.343429,30.838
1770107164.376212,3918,256,1770107164.345253,30.958
1770107164.377844,3919,256,1770107164.346920,30.924
1770107164.379586,3920,256,1770107164.348696,30.890
1770107164.381054,3921,256,1770107164.350127,30.926
1770107164.381325,3922,256,1770107164.350262,31.063
1770107164.381605,3923,256,1770107164.350326,31.279
1770107164.381851,3924,256,1770107164.351017,30.833
1770107164.382573,3926,256,1770107164.351437,31.135
1770107164.385960,3927,256,1770107164.355037,30.923
1770107164.386202,3928,256,1770107164.355160,31.042
1770107164.386738,3929,256,1770107164.355873,30.865
1770107164.390640,3931,256,1770107164.359348,31.292
1770107164.392018,3932,256,1770107164.361046,30.972
1770107164.393548,3933,256,1770107164.362679,30.869
1770107164.394460,3934,256,1770107164.363590,30.870
1770107164.394724,3935,256,1770107164.363788,30.936
1770107164.396034,3936,256,1770107164.364952,31.081
1770107164.396590,3937,256,1770107164.365735,30.854
1770107164.399030,3938,256,1770107164.368230,30.800
1770107164.401150,3939,256,1770107164.370370,30.779
1770107164.402140,3940,256,1770107164.371202,30.939
1770107164.402430,3941,256,1770107164.371379,31.051
1770107164.403590,3942,256,1770107164.372745,30.845
1770107164.403802,3943,256,1770107164.372823,30.979
1770107164.404858,3944,256,1770107164.373993,30.865
1770107164.406163,3945,256,1770107164.375359,30.804
1770107164.406949,3947,256,1770107164.376156,30.793
1770107164.407421,3948,256,1770107164.376656,30.765
1770107164.409215,3949,256,1770107164.378305,30.910
1770107164.416887,3950,256,1770107164.385730,31.157
1770107164.417393,3951,256,1770107164.386524,30.869
1770107164.417826,3952,256,1770107164.387014,30.812
1770107164.418638,3953,256,1770107164.387804,30.834
1770107164.420811,3954,256,1770107164.389993,30.818
1770107164.421082,3955,256,1770107164.390093,30.989
1770107164.424546,3957,256,1770107164.393665,30.882
1770107164.426654,3958,256,1770107164.395797,30.858
1770107164.426919,3959,256,1770107164.395952,30.967
1770107164.429318,3960,256,1770107164.398231,31.087
1770107164.430228,3961,256,1770107164.398752,31.475
1770107164.430717,3963,256,1770107164.399884,30.833
1770107164.432516,3964,256,1770107164.401641,30.874
1770107164.435309,3965,256,1770107164.404223,31.085
1770107164.435926,3966,256,1770107164.405124,30.802
1770107164.438120,3967,256,1770107164.407178,30.942
1770107164.438601,3968,256,1770107164.407664,30.938
1770107164.438899,3969,256,1770107164.407806,31.093
1770107164.440317,3970,256,1770107164.409485,30.832
1770107164.440610,3971,256,1770107164.409599,31.011
1770107164.442285,3972,256,1770107164.411360,30.925
1770107164.446170,3974,256,1770107164.415149,31.021
1770107164.446371,3975,256,1770107164.415384,30.988
1770107164.447327,3976,256,1770107164.416398,30.929
1770107164.447959,3977,256,1770107164.416692,31.267
1770107164.448233,3978,256,1770107164.417417,30.816
1770107164.450395,3979,256,1770107164.419578,30.817
1770107164.451477,3980,256,1770107164.420723,30.754
1770107164.456654,3981,256,1770107164.425677,30.977
1770107164.457235,3982,256,1770107164.426484,30.751
1770107164.458487,3984,256,1770107164.427726,30.760
1770107164.461123,3985,256,1770107164.430312,30.811
1770107164.462128,3986,256,1770107164.431326,30.802
1770107164.462770,3987,256,1770107164.431956,30.814
1770107164.464215,3988,256,1770107164.433343,30.872
1770107164.465430,3990,256,1770107164.434280,31.151
1770107164.465679,3991,256,1770107164.434515,31.164
1770107164.465980,3992,256,1770107164.434793,31.186
1770107164.467577,3993,256,1770107164.436755,30.821
1770107164.469302,3994,256,1770107164.438483,30.819
1770107164.469840,3995,256,1770107164.439079,30.761
1770107164.472552,3998,256,1770107164.441471,31.080
1770107164.472711,3999,256,1770107164.441724,30.987
1770107164.472990,4000,256,1770107164.442216,30.774
1770107164.477300,4003,256,1770107164.446408,30.892
1770107164.478177,4004,256,1770107164.447306,30.871
1770107164.478754,4005,256,1770107164.447793,30.960
1770107164.480680,4006,256,1770107164.449802,30.878
1770107164.481051,4007,256,1770107164.450258,30.793
1770107164.482373,4008,256,1770107164.451509,30.864
1770107164.484400,4010,256,1770107164.453197,31.202
1770107164.484670,4011,256,1770107164.453683,30.987
1770107164.491900,4012,256,1770107164.461042,30.858
1770107164.492144,4013,256,1770107164.461265,30.879
1770107164.493982,4015,256,1770107164.463183,30.798
1770107164.494503,4017,256,1770107164.463365,31.138
1770107164.494795,4018,256,1770107164.463534,31.260
1770107164.495046,4019,256,1770107164.463853,31.193
1770107164.498457,4022,256,1770107164.467400,31.058
1770107164.499761,4023,256,1770107164.468816,30.945
1770107164.504779,4026,256,1770107164.473864,30.915
1770107164.506034,4027,256,1770107164.475221,30.813
1770107164.510890,4028,256,1770107164.479851,31.038
1770107164.513404,4029,256,1770107164.482576,30.828
1770107164.513970,4030,256,1770107164.483014,30.956
1770107164.514915,4031,256,1770107164.484128,30.787
1770107164.518618,4033,256,1770107164.487804,30.814
1770107164.521253,4035,256,1770107164.490354,30.900
1770107164.524029,4037,256,1770107164.493232,30.797
1770107164.525330,4039,256,1770107164.494440,30.890
1770107164.526170,4040,256,1770107164.494992,31.178
1770107164.527452,4042,256,1770107164.496624,30.828
1770107164.527720,4043,256,1770107164.496758,30.962
1770107164.528504,4044,256,1770107164.497745,30.759
1770107164.530787,4045,256,1770107164.499990,30.797
1770107164.532525,4047,256,1770107164.501697,30.828
1770107164.532953,4048,256,1770107164.502197,30.756
1770107164.533273,4049,256,1770107164.502274,30.999
1770107164.533547,4050,256,1770107164.502313,31.234
1770107164.534748,4051,256,1770107164.503617,31.131
1770107164.535028,4052,256,1770107164.503942,31.086
1770107164.538016,4055,256,1770107164.507205,30.812
1770107164.543869,4056,256,1770107164.512995,30.875
1770107164.544557,4057,256,1770107164.513623,30.934
1770107164.544862,4058,256,1770107164.513776,31.086
1770107164.545115,4059,256,1770107164.513908,31.207
1770107164.546007,4060,256,1770107164.514776,31.231
1770107164.546320,4061,256,1770107164.514931,31.389
1770107164.547849,4062,256,1770107164.516984,30.865
1770107164.551119,4064,256,1770107164.520265,30.854
1770107164.553568,4065,256,1770107164.522495,31.074
1770107164.560096,4068,256,1770107164.529232,30.864
1770107164.560423,4069,256,1770107164.529462,30.961
1770107164.564396,4072,256,1770107164.533309,31.087
1770107164.565510,4073,256,1770107164.534493,31.017
1770107164.568922,4076,256,1770107164.538008,30.914
1770107164.569444,4077,256,1770107164.538533,30.911
1770107164.569741,4078,256,1770107164.538612,31.129
1770107164.570027,4079,256,1770107164.538777,31.250
1770107164.573639,4080,256,1770107164.542737,30.902
1770107164.577476,4082,256,1770107164.546396,31.080
1770107164.577751,4083,256,1770107164.546458,31.293
1770107164.578051,4084,256,1770107164.546582,31.469
1770107164.584418,4085,256,1770107164.553572,30.846
1770107164.587279,4088,256,1770107164.556409,30.870
1770107164.587514,4089,256,1770107164.556573,30.942
1770107164.592215,4091,256,1770107164.561220,30.995
1770107164.592432,4092,256,1770107164.561545,30.886
1770107164.594644,4093,256,1770107164.563669,30.974
1770107164.595455,4094,256,1770107164.564425,31.030
1770107164.598062,4095,256,1770107164.567117,30.945
1770107164.598664,4096,256,1770107164.567908,30.757
1770107164.602650,4097,256,1770107164.571773,30.877
1770107164.603167,4098,256,1770107164.572130,31.037
1770107164.603939,4099,256,1770107164.573142,30.797
1770107164.605421,4100,256,1770107164.573969,31.452
1770107164.605662,4101,256,1770107164.574869,30.792
1770107164.605948,4102,256,1770107164.574943,31.005
1770107164.606408,4103,256,1770107164.575670,30.738
1770107164.609617,4104,256,1770107164.578769,30.848
1770107164.609856,4105,256,1770107164.579036,30.820
1770107164.611124,4106,256,1770107164.580308,30.817
1770107164.611491,4107,256,1770107164.580446,31.045
1770107164.611705,4108,256,1770107164.580763,30.941
1770107164.614250,4109,256,1770107164.583460,30.790
1770107164.614509,4110,256,1770107164.583786,30.723
1770107164.616121,4111,256,1770107164.585326,30.795
1770107164.619847,4113,256,1770107164.588923,30.923
1770107164.620163,4114,256,1770107164.589384,30.779
1770107164.623469,4116,256,1770107164.592612,30.857
1770107164.625418,4117,256,1770107164.594620,30.798
1770107164.626005,4118,256,1770107164.595165,30.840
1770107164.626934,4119,256,1770107164.596089,30.844
1770107164.628063,4120,256,1770107164.597308,30.754
1770107164.631017,4121,256,1770107164.600083,30.934
1770107164.631390,4122,256,1770107164.600583,30.807
1770107164.632776,4123,256,1770107164.601887,30.889
1770107164.633075,4124,256,1770107164.602005,31.070
1770107164.633797,4125,256,1770107164.603073,30.724
1770107164.635304,4126,256,1770107164.604245,31.059
1770107164.638127,4127,256,1770107164.607349,30.778
1770107164.638816,4129,256,1770107164.608033,30.782
1770107164.644023,4130,256,1770107164.613223,30.800
1770107164.644578,4131,256,1770107164.613835,30.743
1770107164.645626,4132,256,1770107164.614841,30.785
1770107164.646016,4133,256,1770107164.615268,30.748
1770107164.650866,4135,256,1770107164.620074,30.793
1770107164.653318,4136,256,1770107164.622528,30.791
1770107164.653614,4137,256,1770107164.622634,30.981
1770107164.653918,4138,256,1770107164.622667,31.251
1770107164.657331,4140,256,1770107164.626497,30.834
1770107164.660734,4142,256,1770107164.629910,30.824
1770107164.662849,4143,256,1770107164.632024,30.824
1770107164.663916,4144,256,1770107164.633078,30.838
1770107164.666288,4145,256,1770107164.635507,30.782
1770107164.666624,4146,256,1770107164.635771,30.853
1770107164.667137,4147,256,1770107164.636308,30.829
1770107164.668849,4148,256,1770107164.637888,30.961
1770107164.670435,4150,256,1770107164.638962,31.473
1770107164.670723,4151,256,1770107164.639435,31.288
1770107164.672073,4152,256,1770107164.641125,30.947
1770107164.672727,4154,256,1770107164.641706,31.021
1770107164.673654,4155,256,1770107164.642784,30.870
1770107164.674238,4156,256,1770107164.643500,30.738
1770107164.676035,4157,256,1770107164.645153,30.882
1770107164.676776,4158,256,1770107164.645900,30.876
1770107164.677932,4159,256,1770107164.647048,30.885
1770107164.678389,4160,256,1770107164.647591,30.798
1770107164.678954,4161,256,1770107164.648204,30.750
1770107164.682670,4163,256,1770107164.651804,30.865
1770107164.683320,4164,256,1770107164.652302,31.018
1770107164.683562,4165,256,1770107164.652795,30.767
1770107164.684155,4166,256,1770107164.652993,31.162
1770107164.685695,4167,256,1770107164.654547,31.147
1770107164.687868,4168,256,1770107164.657036,30.832
1770107164.694154,4171,256,1770107164.663178,30.975
1770107164.694427,4172,256,1770107164.663270,31.157
1770107164.696482,4174,256,1770107164.665619,30.863
1770107164.697642,4175,256,1770107164.666773,30.869
1770107164.697882,4176,256,1770107164.666865,31.017
1770107164.700808,4179,256,1770107164.669963,30.845
1770107164.701824,4180,256,1770107164.670908,30.916
1770107164.702047,4181,256,1770107164.671113,30.934
1770107164.702437,4182,256,1770107164.671502,30.935
1770107164.703536,4183,256,1770107164.672706,30.830
1770107164.705045,4184,256,1770107164.674173,30.872
1770107164.705302,4185,256,1770107164.674348,30.954
1770107164.707242,4186,256,1770107164.676246,30.996
1770107164.707494,4187,256,1770107164.676517,30.976
1770107164.707789,4188,256,1770107164.676820,30.969
1770107164.708710,4189,256,1770107164.677808,30.902
1770107164.709586,4190,256,1770107164.678749,30.837
1770107164.712622,4192,256,1770107164.681812,30.810
1770107164.715306,4194,256,1770107164.684497,30.809
1770107164.715894,4195,256,1770107164.685110,30.784
1770107164.717021,4197,256,1770107164.686210,30.811
1770107164.717610,4198,256,1770107164.686802,30.809
1770107164.723138,4202,256,1770107164.692232,30.906
1770107164.723519,4203,256,1770107164.692678,30.841
1770107164.725118,4204,256,1770107164.694220,30.899
1770107164.727564,4205,256,1770107164.696644,30.920
1770107164.729853,4207,256,1770107164.699035,30.818
1770107164.733233,4208,256,1770107164.702269,30.965
1770107164.733445,4209,256,1770107164.702486,30.959
1770107164.733728,4210,256,1770107164.702853,30.875
1770107164.734549,4211,256,1770107164.703650,30.900
1770107164.734833,4212,256,1770107164.703913,30.919
1770107164.736532,4213,256,1770107164.705658,30.874
1770107164.739486,4215,256,1770107164.708111,31.375
1770107164.739763,4216,256,1770107164.708361,31.402
1770107164.740947,4218,256,1770107164.709925,31.022
1770107164.741130,4219,256,1770107164.710319,30.811
1770107164.742321,4220,256,1770107164.711351,30.970
1770107164.742614,4221,256,1770107164.711598,31.016
1770107164.742901,4222,256,1770107164.711762,31.139
1770107164.746473,4223,256,1770107164.715491,30.982
1770107164.747089,4224,256,1770107164.716226,30.863
1770107164.751457,4225,256,1770107164.720439,31.017
1770107164.756341,4227,256,1770107164.725379,30.962
1770107164.757781,4230,256,1770107164.726533,31.248
1770107164.758038,4231,256,1770107164.726894,31.144
1770107164.758756,4232,256,1770107164.727875,30.882
1770107164.759079,4233,256,1770107164.728071,31.008
1770107164.759334,4234,256,1770107164.728506,30.828
1770107164.759650,4235,256,1770107164.728625,31.025
1770107164.759966,4236,256,1770107164.728723,31.243
1770107164.762561,4237,256,1770107164.731583,30.978
1770107164.762777,4238,256,1770107164.731822,30.955
1770107164.771115,4239,256,1770107164.740131,30.984
1770107164.772727,4241,256,1770107164.741757,30.970
1770107164.778956,4242,256,1770107164.747996,30.960
1770107164.779178,4243,256,1770107164.748234,30.944
1770107164.779471,4244,256,1770107164.748302,31.169
1770107164.781707,4245,256,1770107164.750747,30.960
1770107164.783120,4246,256,1770107164.752329,30.792
1770107164.784112,4247,256,1770107164.753290,30.823
1770107164.785250,4248,256,1770107164.754209,31.041
1770107164.786495,4249,256,1770107164.755626,30.869
1770107164.789601,4251,256,1770107164.758573,31.027
1770107164.790144,4252,256,1770107164.759235,30.910
1770107164.793525,4254,256,1770107164.762615,30.910
1770107164.795173,4256,256,1770107164.764162,31.011
1770107164.795763,4257,256,1770107164.764981,30.782
1770107164.796048,4258,256,1770107164.765286,30.761
1770107164.802659,4259,256,1770107164.771509,31.150
1770107164.803307,4260,256,1770107164.772428,30.879
1770107164.803540,4261,256,1770107164.772576,30.964
1770107164.804139,4262,256,1770107164.773294,30.845
1770107164.810400,4264,256,1770107164.779400,31.000
1770107164.811376,4265,256,1770107164.780042,31.334
1770107164.812379,4266,256,1770107164.781372,31.007
1770107164.813364,4267,256,1770107164.781647,31.717
1770107164.813456,4268,256,1770107164.782281,31.175
1770107164.813622,4270,256,1770107164.782747,30.875
1770107164.814585,4271,256,1770107164.783661,30.924
1770107164.814888,4272,256,1770107164.784092,30.796
1770107164.815774,4273,256,1770107164.784840,30.934
1770107164.816794,4274,256,1770107164.785884,30.910
1770107164.817038,4275,256,1770107164.785957,31.081
1770107164.817924,4276,256,1770107164.787001,30.922
1770107164.818586,4277,256,1770107164.787793,30.793
1770107164.818869,4278,256,1770107164.787848,31.021
1770107164.819133,4279,256,1770107164.787992,31.141
1770107164.819630,4280,256,1770107164.788867,30.763
1770107164.820887,4281,256,1770107164.789856,31.030
1770107164.822394,4283,256,1770107164.791473,30.921
1770107164.822628,4284,256,1770107164.791695,30.933
1770107164.823301,4285,256,1770107164.792468,30.833
1770107164.823890,4286,256,1770107164.792653,31.237
1770107164.824952,4288,256,1770107164.794145,30.807
1770107164.826264,4289,256,1770107164.795363,30.901
1770107164.826519,4290,256,1770107164.795570,30.948
1770107164.826842,4291,256,1770107164.795842,31.000
1770107164.827215,4293,256,1770107164.796348,30.867
1770107164.828467,4294,256,1770107164.797619,30.849
1770107164.828974,4295,256,1770107164.798211,30.762
1770107164.829980,4296,256,1770107164.799208,30.772
1770107164.831892,4297,256,1770107164.800807,31.085
1770107164.832139,4298,256,1770107164.800993,31.146
1770107164.833586,4299,256,1770107164.802729,30.857
1770107164.833839,4300,256,1770107164.803064,30.775
1770107164.834940,4301,256,1770107164.804119,30.822
1770107164.835260,4302,256,1770107164.804178,31.083
1770107164.835498,4303,256,1770107164.804631,30.867
1770107164.836299,4304,256,1770107164.805484,30.816
1770107164.837250,4305,256,1770107164.806381,30.869
1770107164.839306,4307,256,1770107164.808356,30.950
1770107164.841224,4308,256,1770107164.810021,31.202
1770107164.844325,4309,256,1770107164.813303,31.022
1770107164.844562,4310,256,1770107164.813636,30.925
1770107164.844976,4312,256,1770107164.813888,31.088
1770107164.845267,4313,256,1770107164.813964,31.302
1770107164.847315,4314,256,1770107164.816321,30.993
1770107164.848778,4315,256,1770107164.817693,31.085
1770107164.850048,4317,256,1770107164.819265,30.784
1770107164.850325,4318,256,1770107164.819407,30.918
1770107164.852157,4320,256,1770107164.821075,31.082
1770107164.852443,4321,256,1770107164.821266,31.177
1770107164.853435,4322,256,1770107164.822613,30.822
1770107164.853711,4323,256,1770107164.822721,30.990
1770107164.854007,4324,256,1770107164.822913,31.094
1770107164.854309,4325,256,1770107164.823267,31.042
1770107164.855901,4326,256,1770107164.824995,30.906
1770107164.856219,4327,256,1770107164.825279,30.940
1770107164.857099,4328,256,1770107164.826078,31.021
1770107164.857369,4329,256,1770107164.826425,30.945
1770107164.861675,4330,256,1770107164.830803,30.872
1770107164.866139,4334,256,1770107164.835361,30.779
1770107164.866428,4335,256,1770107164.835531,30.898
1770107164.866726,4336,256,1770107164.835606,31.120
1770107164.869311,4337,256,1770107164.838431,30.880
1770107164.871887,4338,256,1770107164.840943,30.945
1770107164.872155,4339,256,1770107164.841290,30.865
1770107164.872451,4340,256,1770107164.841520,30.931
1770107164.873754,4341,256,1770107164.842890,30.864
1770107164.875694,4343,256,1770107164.844795,30.898
1770107164.877808,4344,256,1770107164.846512,31.296
1770107164.878606,4347,256,1770107164.847760,30.845
1770107164.879357,4348,256,1770107164.848578,30.779
1770107164.879634,4349,256,1770107164.848664,30.970
1770107164.883312,4353,256,1770107164.852538,30.774
1770107164.883905,4354,256,1770107164.853142,30.763
1770107164.885877,4357,256,1770107164.855010,30.867
1770107164.886170,4358,256,1770107164.855077,31.092
1770107164.888080,4360,256,1770107164.857304,30.776
1770107164.888371,4361,256,1770107164.857430,30.941
1770107164.889493,4362,256,1770107164.858375,31.118
1770107164.891154,4363,256,1770107164.860251,30.903
1770107164.891762,4364,256,1770107164.860500,31.262
1770107164.893121,4365,256,1770107164.861963,31.159
1770107164.893490,4366,256,1770107164.862620,30.870
1770107164.894056,4367,256,1770107164.863278,30.777
1770107164.894842,4368,256,1770107164.864093,30.750
1770107164.895600,4370,256,1770107164.864556,31.044
1770107164.896720,4371,256,1770107164.865883,30.837
1770107164.897468,4372,256,1770107164.866680,30.788
1770107164.898521,4373,256,1770107164.867614,30.907
1770107164.899542,4374,256,1770107164.868620,30.922
1770107164.900858,4375,256,1770107164.870029,30.830
1770107164.906165,4377,256,1770107164.874739,31.427
1770107164.906664,4378,256,1770107164.875495,31.169
1770107164.907847,4379,256,1770107164.876922,30.925
1770107164.908112,4380,256,1770107164.877116,30.996
1770107164.908385,4381,256,1770107164.877233,31.152
1770107164.909029,4382,256,1770107164.878033,30.996
1770107164.910596,4383,256,1770107164.879727,30.869
1770107164.915572,4384,256,1770107164.884722,30.849
1770107164.920413,4386,256,1770107164.889514,30.899
1770107164.921958,4388,256,1770107164.890964,30.994
1770107164.922157,4389,256,1770107164.891392,30.764
1770107164.922501,4390,256,1770107164.891479,31.023
1770107164.922794,4391,256,1770107164.891899,30.896
1770107164.924437,4392,256,1770107164.893403,31.034
1770107164.926937,4394,256,1770107164.895869,31.068
1770107164.928591,4395,256,1770107164.897616,30.975
1770107164.928845,4396,256,1770107164.897737,31.109
1770107164.929130,4397,256,1770107164.897975,31.155
1770107164.930548,4398,256,1770107164.899707,30.841
1770107164.931750,4399,256,1770107164.900973,30.777
1770107164.932790,4400,256,1770107164.901847,30.943
1770107164.934725,4402,256,1770107164.903861,30.864
1770107164.935717,4403,256,1770107164.904899,30.817
1770107164.938277,4404,256,1770107164.907468,30.809
1770107164.939753,4405,256,1770107164.908891,30.861
1770107164.940079,4406,256,1770107164.909271,30.808
1770107164.940379,4407,256,1770107164.909384,30.995
1770107164.941067,4408,256,1770107164.910223,30.845
1770107164.944272,4409,256,1770107164.913350,30.922
1770107164.944511,4410,256,1770107164.913552,30.958
1770107164.945616,4411,256,1770107164.914730,30.886
1770107164.947128,4412,256,1770107164.916304,30.824
1770107164.947693,4413,256,1770107164.916877,30.816
1770107164.950944,4414,256,1770107164.920044,30.900
1770107164.951574,4415,256,1770107164.920253,31.322
1770107164.951878,4416,256,1770107164.920335,31.543
1770107164.952423,4418,256,1770107164.921574,30.849
1770107164.952934,4420,256,1770107164.921965,30.969
1770107164.958277,4422,256,1770107164.927247,31.030
1770107164.964985,4423,256,1770107164.934072,30.913
1770107164.965247,4424,256,1770107164.934463,30.784
1770107164.969615,4425,256,1770107164.938691,30.923
1770107164.969830,4426,256,1770107164.938863,30.967
1770107164.970370,4427,256,1770107164.939510,30.859
1770107164.970653,4428,256,1770107164.939816,30.837
1770107164.970977,4429,256,1770107164.940211,30.766
1770107164.974492,4430,256,1770107164.943519,30.973
1770107164.976523,4431,256,1770107164.945514,31.008
1770107164.980579,4434,256,1770107164.949759,30.820
1770107164.981465,4435,256,1770107164.950637,30.828
1770107164.982382,4437,256,1770107164.951561,30.821
1770107164.982695,4438,256,1770107164.951856,30.839
1770107164.985110,4440,256,1770107164.954154,30.956
1770107164.986057,4441,256,1770107164.955040,31.017
1770107164.986611,4442,256,1770107164.955819,30.792
1770107164.988787,4443,256,1770107164.957950,30.838
1770107164.990426,4445,256,1770107164.959419,31.008
1770107164.990710,4446,256,1770107164.959452,31.258
1770107164.991635,4447,256,1770107164.960834,30.801
1770107164.992671,4448,256,1770107164.961820,30.851
1770107164.993340,4449,256,1770107164.962296,31.044
1770107164.995490,4451,256,1770107164.964612,30.878
1770107164.995759,4452,256,1770107164.964784,30.975
1770107164.996375,4453,256,1770107164.965306,31.069
1770107164.996998,4454,256,1770107164.966148,30.850
1770107164.999513,4455,256,1770107164.968640,30.873
1770107164.999819,4456,256,1770107164.969033,30.786
1770107165.003637,4457,256,1770107164.972404,31.233
1770107165.006243,4458,256,1770107164.975352,30.891
1770107165.008374,4459,256,1770107164.977408,30.966
1770107165.008596,4460,256,1770107164.977597,30.998
1770107165.008953,4462,256,1770107164.977699,31.255
1770107165.009435,4464,256,1770107164.978085,31.350
1770107165.009859,4465,256,1770107164.979048,30.811
1770107165.010110,4466,256,1770107164.979143,30.967
1770107165.014647,4467,256,1770107164.983705,30.942
1770107165.014816,4468,256,1770107164.983822,30.994
1770107165.018910,4469,256,1770107164.988040,30.870
1770107165.019291,4470,256,1770107164.988559,30.733
1770107165.020471,4471,256,1770107164.989675,30.796
1770107165.020761,4472,256,1770107164.989863,30.898
1770107165.021820,4473,256,1770107164.990845,30.974
1770107165.022079,4474,256,1770107164.990914,31.165
1770107165.022373,4475,256,1770107164.991627,30.747
1770107165.023316,4476,256,1770107164.992120,31.196
1770107165.023609,4477,256,1770107164.992223,31.386
1770107165.025714,4478,256,1770107164.994840,30.874
1770107165.026310,4479,256,1770107164.995495,30.815
1770107165.028023,4481,256,1770107164.997211,30.812
1770107165.031379,4482,256,1770107165.000519,30.861
1770107165.033052,4484,256,1770107165.002265,30.787
1770107165.033828,4485,256,1770107165.003041,30.787
1770107165.034431,4486,256,1770107165.003559,30.872
1770107165.034846,4487,256,1770107165.004114,30.732
1770107165.036924,4489,256,1770107165.005997,30.927
1770107165.038230,4491,256,1770107165.007175,31.054
1770107165.038369,4492,256,1770107165.007353,31.017
1770107165.038911,4493,256,1770107165.008103,30.808
1770107165.042816,4494,256,1770107165.011688,31.128
1770107165.043881,4495,256,1770107165.013033,30.848
1770107165.046256,4497,256,1770107165.015316,30.940
1770107165.047336,4498,256,1770107165.016512,30.824
1770107165.048743,4499,256,1770107165.017987,30.756
1770107165.050838,4500,256,1770107165.020043,30.795
1770107165.051656,4502,256,1770107165.020683,30.973
1770107165.051912,4503,256,1770107165.020705,31.207
1770107165.053956,4504,256,1770107165.023180,30.776
1770107165.058281,4507,256,1770107165.027475,30.806
1770107165.060529,4508,256,1770107165.029752,30.777
1770107165.060812,4509,256,1770107165.029932,30.879
1770107165.061835,4510,256,1770107165.030455,31.380
1770107165.062700,4511,256,1770107165.031723,30.976
1770107165.063205,4512,256,1770107165.032365,30.840
1770107165.063937,4513,256,1770107165.033067,30.870
1770107165.064513,4514,256,1770107165.033358,31.155
1770107165.064614,4515,256,1770107165.033724,30.890
1770107165.064816,4516,256,1770107165.033944,30.872
1770107165.065952,4517,256,1770107165.035062,30.891
1770107165.070007,4518,256,1770107165.038847,31.160
1770107165.071272,4519,256,1770107165.040494,30.778
1770107165.071807,4520,256,1770107165.040981,30.827
1770107165.073131,4522,256,1770107165.042167,30.964
1770107165.074349,4523,256,1770107165.043459,30.890
1770107165.077826,4524,256,1770107165.046915,30.911
1770107165.082089,4525,256,1770107165.051120,30.969
1770107165.082330,4526,256,1770107165.051346,30.984
1770107165.082620,4527,256,1770107165.051863,30.757
1770107165.082908,4528,256,1770107165.052169,30.739
1770107165.083514,4529,256,1770107165.052774,30.740
1770107165.083807,4530,256,1770107165.052943,30.864
1770107165.085174,4531,256,1770107165.054263,30.912
1770107165.085455,4532,256,1770107165.054702,30.752
1770107165.087085,4533,256,1770107165.056263,30.822
1770107165.088626,4534,256,1770107165.057671,30.955
1770107165.093226,4536,256,1770107165.062370,30.856
1770107165.093483,4537,256,1770107165.062613,30.870
1770107165.096408,4539,256,1770107165.065457,30.951
1770107165.098104,4540,256,1770107165.067137,30.967
1770107165.098759,4541,256,1770107165.067578,31.182
1770107165.100169,4542,256,1770107165.069386,30.783
1770107165.100847,4543,256,1770107165.070074,30.773
1770107165.102359,4544,256,1770107165.071562,30.797
1770107165.102872,4545,256,1770107165.072061,30.811
1770107165.104589,4548,256,1770107165.073815,30.773
1770107165.104851,4549,256,1770107165.073879,30.972
1770107165.106080,4550,256,1770107165.075226,30.855
1770107165.108895,4551,256,1770107165.078034,30.861
1770107165.109704,4552,256,1770107165.078496,31.208
1770107165.111451,4553,256,1770107165.080288,31.163
1770107165.114145,4554,256,1770107165.083086,31.059
1770107165.114525,4555,256,1770107165.083640,30.885
1770107165.115907,4556,256,1770107165.084963,30.944
1770107165.116976,4559,256,1770107165.086203,30.772
1770107165.117445,4560,256,1770107165.086586,30.859
1770107165.119155,4562,256,1770107165.088292,30.863
1770107165.119519,4563,256,1770107165.088491,31.028
1770107165.119823,4564,256,1770107165.088874,30.949
1770107165.121761,4565,256,1770107165.090750,31.011
1770107165.122536,4566,256,1770107165.091429,31.107
1770107165.123961,4568,256,1770107165.093043,30.918
1770107165.130630,4570,256,1770107165.099666,30.964
1770107165.133274,4571,256,1770107165.102282,30.992
1770107165.134106,4572,256,1770107165.103238,30.869
1770107165.134634,4573,256,1770107165.103770,30.864
1770107165.136512,4574,256,1770107165.105609,30.903
1770107165.138111,4576,256,1770107165.107047,31.064
1770107165.138795,4577,256,1770107165.107958,30.837
1770107165.141534,4578,256,1770107165.110539,30.995
1770107165.142480,4579,256,1770107165.111612,30.868
1770107165.142711,4580,256,1770107165.111867,30.844
1770107165.144099,4581,256,1770107165.113297,30.802
1770107165.145928,4582,256,1770107165.114449,31.479
1770107165.146991,4584,256,1770107165.115865,31.126
1770107165.149412,4586,256,1770107165.118627,30.785
1770107165.149735,4587,256,1770107165.118975,30.760
1770107165.151483,4588,256,1770107165.120731,30.752
1770107165.153124,4590,256,1770107165.122163,30.961
1770107165.153547,4591,256,1770107165.122734,30.813
1770107165.154734,4592,256,1770107165.123867,30.867
1770107165.155600,4593,256,1770107165.124523,31.077
1770107165.155874,4594,256,1770107165.125012,30.861
1770107165.158250,4595,256,1770107165.127320,30.930
1770107165.159443,4596,256,1770107165.128572,30.870
1770107165.159798,4597,256,1770107165.128703,31.095
1770107165.160277,4598,256,1770107165.129339,30.938
1770107165.162285,4599,256,1770107165.131052,31.234
1770107165.162550,4600,256,1770107165.131634,30.916
1770107165.164569,4601,256,1770107165.133345,31.224
1770107165.168635,4602,256,1770107165.137739,30.896
1770107165.168918,4603,256,1770107165.137877,31.041
1770107165.169681,4605,256,1770107165.138880,30.801
1770107165.172184,4606,256,1770107165.141177,31.006
1770107165.173709,4608,256,1770107165.142847,30.862
1770107165.175058,4610,256,1770107165.144220,30.838
1770107165.176061,4611,256,1770107165.145226,30.835
1770107165.177553,4613,256,1770107165.146681,30.872
1770107165.179536,4614,256,1770107165.148633,30.904
1770107165.180082,4616,256,1770107165.149230,30.852
1770107165.180925,4617,256,1770107165.150053,30.872
1770107165.181875,4618,256,1770107165.151038,30.837
1770107165.182341,4619,256,1770107165.151497,30.844
1770107165.182588,4620,256,1770107165.151736,30.852
1770107165.183602,4621,256,1770107165.152406,31.196
1770107165.185840,4623,256,1770107165.154998,30.842
1770107165.187844,4625,256,1770107165.156986,30.858
1770107165.188604,4626,256,1770107165.157720,30.884
1770107165.188992,4627,256,1770107165.158108,30.884
1770107165.189256,4628,256,1770107165.158290,30.966
1770107165.197128,4631,256,1770107165.166119,31.009
1770107165.197354,4632,256,1770107165.166473,30.882
1770107165.198262,4634,256,1770107165.167350,30.911
1770107165.199270,4636,256,1770107165.168350,30.919
1770107165.199593,4637,256,1770107165.168443,31.150
1770107165.201244,4639,256,1770107165.170355,30.890
1770107165.201500,4640,256,1770107165.170594,30.905
1770107165.202506,4641,256,1770107165.171587,30.919
1770107165.203233,4642,256,1770107165.171880,31.353
1770107165.203490,4643,256,1770107165.172436,31.054
1770107165.203725,4644,256,1770107165.172499,31.226
1770107165.204797,4645,256,1770107165.173964,30.833
1770107165.205636,4646,256,1770107165.174667,30.968
1770107165.205982,4647,256,1770107165.174956,31.026
1770107165.218776,4651,256,1770107165.187677,31.099
1770107165.219108,4653,256,1770107165.188139,30.969
1770107165.219396,4654,256,1770107165.188223,31.173
1770107165.219710,4655,256,1770107165.188458,31.252
1770107165.219991,4656,256,1770107165.188847,31.144
1770107165.220285,4657,256,1770107165.189392,30.893
1770107165.220599,4658,256,1770107165.189607,30.992
1770107165.221035,4659,256,1770107165.190269,30.766
1770107165.221982,4660,256,1770107165.191102,30.880
1770107165.225584,4662,256,1770107165.194584,31.000
1770107165.228655,4663,256,1770107165.197763,30.892
1770107165.228904,4664,256,1770107165.197918,30.987
1770107165.229489,4665,256,1770107165.198360,31.129
1770107165.229780,4666,256,1770107165.198904,30.876
1770107165.231371,4667,256,1770107165.200535,30.836
1770107165.231625,4668,256,1770107165.200691,30.935
1770107165.233283,4669,256,1770107165.202152,31.131
1770107165.233547,4670,256,1770107165.202554,30.993
1770107165.235248,4672,256,1770107165.204334,30.914
1770107165.236376,4673,256,1770107165.205524,30.852
1770107165.237873,4674,256,1770107165.206933,30.940
1770107165.242049,4676,256,1770107165.210774,31.275
1770107165.244898,4677,256,1770107165.213889,31.009
1770107165.245081,4678,256,1770107165.214073,31.008
1770107165.245875,4679,256,1770107165.214994,30.881
1770107165.246426,4680,256,1770107165.215467,30.959
1770107165.247004,4681,256,1770107165.215996,31.008
1770107165.247594,4682,256,1770107165.216799,30.795
1770107165.249810,4683,256,1770107165.218289,31.520
1770107165.254161,4684,256,1770107165.223163,30.998
1770107165.254425,4685,256,1770107165.223452,30.974
1770107165.255883,4686,256,1770107165.224903,30.981
1770107165.258568,4688,256,1770107165.227569,30.999
1770107165.258844,4689,256,1770107165.227815,31.029
1770107165.261371,4691,256,1770107165.230448,30.923
1770107165.262087,4692,256,1770107165.231224,30.863
1770107165.263162,4693,256,1770107165.232282,30.880
1770107165.264399,4694,256,1770107165.233471,30.928
1770107165.265961,4696,256,1770107165.235011,30.950
1770107165.267650,4697,256,1770107165.236828,30.822
1770107165.268794,4699,256,1770107165.238009,30.786
1770107165.270545,4700,256,1770107165.239675,30.870
1770107165.274384,4701,256,1770107165.243520,30.864
1770107165.276353,4702,256,1770107165.245365,30.988
1770107165.277244,4703,256,1770107165.246335,30.909
1770107165.277451,4704,256,1770107165.246477,30.974
1770107165.279811,4705,256,1770107165.248916,30.895
1770107165.283809,4706,256,1770107165.252943,30.866
1770107165.289779,4709,256,1770107165.258874,30.905
1770107165.291148,4710,256,1770107165.260226,30.922
1770107165.291772,4711,256,1770107165.260819,30.953
1770107165.292128,4712,256,1770107165.261295,30.833
1770107165.297310,4713,256,1770107165.265914,31.396
1770107165.298872,4714,256,1770107165.268013,30.859
1770107165.299165,4715,256,1770107165.268261,30.905
1770107165.301826,4717,256,1770107165.270900,30.925
1770107165.302677,4718,256,1770107165.271820,30.858
1770107165.304920,4719,256,1770107165.274009,30.911
1770107165.305163,4720,256,1770107165.274243,30.920
1770107165.305456,4721,256,1770107165.274511,30.945
1770107165.306166,4722,256,1770107165.275350,30.816
1770107165.306755,4723,256,1770107165.275782,30.973
1770107165.310564,4727,256,1770107165.279768,30.796
1770107165.311453,4728,256,1770107165.280554,30.899
1770107165.312702,4729,256,1770107165.281691,31.012
1770107165.313267,4731,256,1770107165.282353,30.914
1770107165.314920,4732,256,1770107165.283834,31.086
1770107165.318400,4734,256,1770107165.287532,30.869
1770107165.319278,4735,256,1770107165.288439,30.839
1770107165.322410,4736,256,1770107165.291502,30.908
1770107165.323373,4737,256,1770107165.292315,31.058
1770107165.325016,4738,256,1770107165.294104,30.912
1770107165.328725,4740,256,1770107165.297845,30.880
1770107165.329032,4741,256,1770107165.298275,30.757
1770107165.329422,4742,256,1770107165.298621,30.802
1770107165.330619,4743,256,1770107165.299803,30.816
1770107165.331182,4744,256,1770107165.300405,30.777
1770107165.331759,4745,256,1770107165.301007,30.753
1770107165.332444,4746,256,1770107165.301430,31.014
1770107165.335690,4747,256,1770107165.304811,30.880
1770107165.337309,4748,256,1770107165.306444,30.865
1770107165.337641,4749,256,1770107165.306849,30.792
1770107165.339371,4750,256,1770107165.308266,31.105
1770107165.341072,4751,256,1770107165.310199,30.873
1770107165.345294,4752,256,1770107165.314251,31.043
1770107165.346944,4753,256,1770107165.315996,30.948
1770107165.348589,4754,256,1770107165.317610,30.980
1770107165.350691,4755,256,1770107165.319586,31.104
1770107165.350917,4756,256,1770107165.319738,31.178
1770107165.351225,4757,256,1770107165.319937,31.288
1770107165.351520,4758,256,1770107165.320716,30.803
1770107165.352362,4759,256,1770107165.321511,30.851
1770107165.352935,4760,256,1770107165.322149,30.785
1770107165.354198,4761,256,1770107165.323410,30.788
1770107165.360973,4762,256,1770107165.329695,31.278
1770107165.361559,4763,256,1770107165.329910,31.649
1770107165.362279,4764,256,1770107165.331430,30.849
1770107165.366427,4765,256,1770107165.335530,30.897
1770107165.368125,4766,256,1770107165.337284,30.841
1770107165.370463,4767,256,1770107165.339615,30.849
1770107165.370709,4768,256,1770107165.339755,30.954
1770107165.374804,4769,256,1770107165.343840,30.964
1770107165.376518,4770,256,1770107165.345295,31.223
1770107165.381458,4772,256,1770107165.350556,30.901
1770107165.381873,4773,256,1770107165.350982,30.891
1770107165.383268,4774,256,1770107165.352275,30.993
1770107165.383606,4775,256,1770107165.352771,30.835
1770107165.383828,4776,256,1770107165.352831,30.997
1770107165.386528,4777,256,1770107165.355683,30.845
1770107165.387118,4778,256,1770107165.356086,31.032
1770107165.389249,4779,256,1770107165.358388,30.861
1770107165.391125,4780,256,1770107165.360221,30.904
1770107165.392735,4781,256,1770107165.361827,30.908
1770107165.393045,4782,256,1770107165.362278,30.766
1770107165.393363,4783,256,1770107165.362416,30.948
1770107165.397355,4784,256,1770107165.366497,30.858
1770107165.398757,4787,256,1770107165.367746,31.011
1770107165.399634,4788,256,1770107165.368893,30.741
1770107165.404464,4791,256,1770107165.373589,30.874
1770107165.406256,4792,256,1770107165.375291,30.965
1770107165.410695,4793,256,1770107165.379686,31.008
1770107165.411676,4794,256,1770107165.380827,30.849
1770107165.413170,4795,256,1770107165.382156,31.014
1770107165.413474,4796,256,1770107165.382383,31.091
1770107165.418162,4798,256,1770107165.387345,30.818
1770107165.418758,4799,256,1770107165.387968,30.790
1770107165.420744,4800,256,1770107165.389840,30.904
1770107165.423843,4802,256,1770107165.392673,31.170
1770107165.426477,4803,256,1770107165.395588,30.889
1770107165.427319,4804,256,1770107165.395737,31.583
1770107165.427591,4805,256,1770107165.396469,31.122
1770107165.427918,4806,256,1770107165.396657,31.261
1770107165.428205,4807,256,1770107165.396713,31.493
1770107165.430475,4808,256,1770107165.399671,30.803
1770107165.432708,4809,256,1770107165.401894,30.814
1770107165.433575,4810,256,1770107165.402316,31.259
1770107165.433865,4811,256,1770107165.402495,31.370
1770107165.434173,4812,256,1770107165.402714,31.458
1770107165.434779,4813,256,1770107165.403655,31.124
1770107165.438829,4815,256,1770107165.408037,30.792
1770107165.439344,4817,256,1770107165.408421,30.923
1770107165.449048,4819,256,1770107165.418041,31.007
1770107165.449988,4821,256,1770107165.419193,30.795
1770107165.452467,4822,256,1770107165.421383,31.084
1770107165.455875,4824,256,1770107165.424784,31.091
1770107165.456064,4825,256,1770107165.425310,30.754
1770107165.457084,4826,256,1770107165.426222,30.862
1770107165.460975,4828,256,1770107165.429983,30.992
1770107165.461323,4829,256,1770107165.430535,30.787
1770107165.464175,4830,256,1770107165.433351,30.824
1770107165.464422,4831,256,1770107165.433444,30.979
1770107165.465194,4832,256,1770107165.434386,30.808
1770107165.465827,4833,256,1770107165.435061,30.766
1770107165.466667,4834,256,1770107165.435863,30.804
1770107165.470023,4835,256,1770107165.439179,30.844
1770107165.470386,4836,256,1770107165.439626,30.761
1770107165.470667,4837,256,1770107165.439867,30.799
1770107165.473747,4840,256,1770107165.442910,30.837
1770107165.482830,4843,256,1770107165.451857,30.973
1770107165.483682,4845,256,1770107165.452856,30.826
1770107165.490279,4846,256,1770107165.459323,30.956
1770107165.490894,4847,256,1770107165.460055,30.839
1770107165.491173,4848,256,1770107165.460207,30.966
1770107165.492070,4849,256,1770107165.461202,30.867
1770107165.492669,4850,256,1770107165.461797,30.872
1770107165.493000,4851,256,1770107165.461970,31.030
1770107165.493808,4852,256,1770107165.462456,31.353
1770107165.494419,4853,256,1770107165.462637,31.781
1770107165.494693,4854,256,1770107165.462913,31.780
1770107165.496440,4855,256,1770107165.465611,30.830
1770107165.501400,4857,256,1770107165.470398,31.002
1770107165.503398,4858,256,1770107165.472538,30.860
1770107165.503940,4859,256,1770107165.473149,30.792
1770107165.505821,4860,256,1770107165.474922,30.899
1770107165.508782,4861,256,1770107165.477892,30.889
1770107165.509466,4862,256,1770107165.478706,30.760
1770107165.510011,4863,256,1770107165.479232,30.779
1770107165.514627,4865,256,1770107165.483782,30.845
1770107165.515270,4866,256,1770107165.484454,30.816
1770107165.515543,4867,256,1770107165.484587,30.955
1770107165.517648,4868,256,1770107165.486765,30.883
1770107165.517926,4869,256,1770107165.487101,30.825
1770107165.518226,4870,256,1770107165.487415,30.811
1770107165.519725,4873,256,1770107165.488752,30.972
1770107165.524218,4876,256,1770107165.493250,30.968
1770107165.524500,4877,256,1770107165.493425,31.075
1770107165.526324,4878,256,1770107165.495458,30.866
1770107165.527455,4880,256,1770107165.496651,30.803
1770107165.527987,4882,256,1770107165.496723,31.263
1770107165.528149,4883,256,1770107165.496835,31.315
1770107165.529179,4885,256,1770107165.497881,31.298
1770107165.529834,4886,256,1770107165.499117,30.717
1770107165.530246,4887,256,1770107165.499527,30.719
1770107165.531219,4888,256,1770107165.500493,30.726
1770107165.533208,4889,256,1770107165.502339,30.868
1770107165.535897,4891,256,1770107165.505007,30.890
1770107165.537159,4892,256,1770107165.506311,30.849
1770107165.541258,4894,256,1770107165.510410,30.848
1770107165.543034,4895,256,1770107165.512207,30.826
1770107165.545042,4896,256,1770107165.514239,30.803
1770107165.545987,4897,256,1770107165.515238,30.749
1770107165.548133,4898,256,1770107165.517320,30.813
1770107165.550413,4899,256,1770107165.519656,30.756
1770107165.550681,4900,256,1770107165.519822,30.859
1770107165.551053,4901,256,1770107165.520333,30.720
1770107165.551366,4902,256,1770107165.520499,30.868
1770107165.552027,4903,256,1770107165.521293,30.735
1770107165.553845,4905,256,1770107165.523019,30.826
1770107165.558625,4906,256,1770107165.527776,30.849
1770107165.559782,4907,256,1770107165.529002,30.779
1770107165.564897,4909,256,1770107165.533778,31.119
1770107165.566855,4910,256,1770107165.535895,30.961
1770107165.567034,4911,256,1770107165.536196,30.838
1770107165.567301,4912,256,1770107165.536230,31.071
1770107165.567854,4913,256,1770107165.537065,30.789
1770107165.568672,4914,256,1770107165.537601,31.070
1770107165.571337,4915,256,1770107165.540445,30.892
1770107165.577031,4917,256,1770107165.545897,31.134
1770107165.577953,4918,256,1770107165.546975,30.979
1770107165.578135,4919,256,1770107165.547331,30.804
1770107165.579747,4920,256,1770107165.548937,30.810
1770107165.581485,4921,256,1770107165.550678,30.807
1770107165.582135,4922,256,1770107165.551288,30.847
1770107165.582812,4923,256,1770107165.551861,30.951
1770107165.583051,4924,256,1770107165.552029,31.022
1770107165.583516,4925,256,1770107165.552733,30.783
1770107165.585873,4928,256,1770107165.554752,31.121
1770107165.587856,4929,256,1770107165.556957,30.899
1770107165.590979,4931,256,1770107165.560120,30.859
1770107165.593585,4933,256,1770107165.562576,31.009
1770107165.593788,4934,256,1770107165.562826,30.962
1770107165.594127,4935,256,1770107165.562929,31.199
1770107165.596928,4936,256,1770107165.565526,31.401
1770107165.597068,4937,256,1770107165.565913,31.155
1770107165.597432,4938,256,1770107165.566076,31.356
1770107165.601477,4941,256,1770107165.570598,30.879
1770107165.601666,4942,256,1770107165.570889,30.777
1770107165.607591,4944,256,1770107165.576552,31.039
1770107165.609672,4945,256,1770107165.578488,31.184
1770107165.610475,4946,256,1770107165.579608,30.867
1770107165.610729,4947,256,1770107165.579889,30.841
1770107165.612602,4948,256,1770107165.581743,30.859
1770107165.613035,4949,256,1770107165.582263,30.771
1770107165.614793,4950,256,1770107165.583928,30.865
1770107165.615176,4951,256,1770107165.584392,30.784
1770107165.616144,4953,256,1770107165.585058,31.087
1770107165.617555,4954,256,1770107165.586694,30.861
1770107165.618238,4955,256,1770107165.587417,30.821
1770107165.619123,4956,256,1770107165.588147,30.976
1770107165.620928,4957,256,1770107165.589710,31.218
1770107165.624955,4960,256,1770107165.594000,30.956
1770107165.635224,4962,256,1770107165.604250,30.973
1770107165.635515,4963,256,1770107165.604487,31.028
1770107165.635765,4964,256,1770107165.604568,31.197
1770107165.640352,4965,256,1770107165.609378,30.974
1770107165.642242,4966,256,1770107165.611447,30.795
1770107165.642497,4967,256,1770107165.611625,30.872
1770107165.643311,4968,256,1770107165.612497,30.814
1770107165.648426,4969,256,1770107165.617254,31.172
1770107165.648911,4970,256,1770107165.617953,30.958
1770107165.649862,4971,256,1770107165.618989,30.873
1770107165.650698,4972,256,1770107165.619888,30.810
1770107165.652050,4973,256,1770107165.621233,30.817
1770107165.652359,4974,256,1770107165.621377,30.982
1770107165.655310,4975,256,1770107165.624372,30.937
1770107165.659163,4976,256,1770107165.628257,30.907
1770107165.659429,4977,256,1770107165.628469,30.959
1770107165.659897,4978,256,1770107165.628561,31.335
1770107165.660023,4979,256,1770107165.628991,31.033
1770107165.666182,4980,256,1770107165.635343,30.839
1770107165.668176,4982,256,1770107165.637297,30.879
1770107165.670354,4983,256,1770107165.639388,30.967
1770107165.674768,4984,256,1770107165.643880,30.889
1770107165.676276,4985,256,1770107165.645428,30.848
1770107165.676711,4986,256,1770107165.645884,30.827
1770107165.677987,4987,256,1770107165.647144,30.843
1770107165.682959,4990,256,1770107165.652061,30.899
1770107165.684536,4991,256,1770107165.653406,31.131
1770107165.688275,4992,256,1770107165.657438,30.837
1770107165.690148,4993,256,1770107165.659332,30.817
1770107165.690415,4994,256,1770107165.659480,30.935
1770107165.691010,4995,256,1770107165.660227,30.784
1770107165.691291,4996,256,1770107165.660331,30.960
1770107165.695280,4998,256,1770107165.664427,30.854
1770107165.696706,4999,256,1770107165.665869,30.838
1770107165.696954,5000,256,1770107165.665953,31.001
1770107165.697240,5001,256,1770107165.666065,31.175
1770107165.697836,5002,256,1770107165.666826,31.009
1770107165.699558,5003,256,1770107165.668659,30.900
1770107165.701045,5004,256,1770107165.670153,30.891
1770107165.709139,5005,256,1770107165.678210,30.929
1770107165.709857,5007,256,1770107165.679043,30.814
1770107165.711058,5008,256,1770107165.679668,31.389
1770107165.711343,5009,256,1770107165.680083,31.260
1770107165.712819,5010,256,1770107165.682021,30.798
1770107165.713139,5011,256,1770107165.682412,30.726
1770107165.713488,5012,256,1770107165.682646,30.841
1770107165.716377,5015,256,1770107165.685386,30.992
1770107165.721281,5017,256,1770107165.690466,30.815
1770107165.722240,5018,256,1770107165.691470,30.770
1770107165.723576,5019,256,1770107165.692821,30.754
1770107165.724806,5020,256,1770107165.693731,31.075
1770107165.725120,5021,256,1770107165.694314,30.805
1770107165.727221,5022,256,1770107165.696216,31.004
1770107165.728533,5023,256,1770107165.697762,30.771
1770107165.728813,5024,256,1770107165.697842,30.971
1770107165.731379,5025,256,1770107165.700541,30.838
1770107165.741857,5026,256,1770107165.710990,30.867
1770107165.743354,5027,256,1770107165.712569,30.786
1770107165.743652,5028,256,1770107165.712747,30.905
1770107165.743932,5029,256,1770107165.712962,30.970
1770107165.744263,5030,256,1770107165.713164,31.099
1770107165.746842,5031,256,1770107165.716031,30.811
1770107165.748145,5032,256,1770107165.717227,30.919
1770107165.750152,5033,256,1770107165.719326,30.826
1770107165.752856,5034,256,1770107165.722039,30.818
1770107165.753206,5035,256,1770107165.722429,30.777
1770107165.753679,5037,256,1770107165.722902,30.778
1770107165.756464,5042,256,1770107165.725658,30.807
1770107165.758066,5043,256,1770107165.727274,30.792
1770107165.759039,5044,256,1770107165.728287,30.751
1770107165.763086,5046,256,1770107165.732272,30.814
1770107165.770185,5047,256,1770107165.739265,30.920
1770107165.771573,5048,256,1770107165.740758,30.816
1770107165.772061,5049,256,1770107165.741302,30.758
1770107165.773015,5050,256,1770107165.742208,30.807
1770107165.773397,5051,256,1770107165.742414,30.983
1770107165.774983,5052,256,1770107165.744059,30.924
1770107165.775408,5053,256,1770107165.744645,30.762
1770107165.778994,5054,256,1770107165.748013,30.981
1770107165.780055,5055,256,1770107165.749212,30.843
1770107165.780349,5056,256,1770107165.749289,31.060
1770107165.780627,5057,256,1770107165.749518,31.109
1770107165.784369,5058,256,1770107165.753265,31.104
1770107165.786723,5059,256,1770107165.755811,30.912
1770107165.786960,5060,256,1770107165.756181,30.779
1770107165.787311,5061,256,1770107165.756262,31.049
1770107165.792159,5063,256,1770107165.761134,31.025
1770107165.794524,5065,256,1770107165.763621,30.903
1770107165.794777,5066,256,1770107165.763792,30.985
1770107165.795062,5067,256,1770107165.764101,30.961
1770107165.796593,5068,256,1770107165.765581,31.013
1770107165.796885,5069,256,1770107165.765830,31.055
1770107165.798544,5070,256,1770107165.767717,30.827
1770107165.801330,5071,256,1770107165.770324,31.006
1770107165.803345,5072,256,1770107165.772518,30.827
1770107165.803603,5073,256,1770107165.772628,30.975
1770107165.805240,5074,256,1770107165.774177,31.063
1770107165.806442,5075,256,1770107165.775674,30.767
1770107165.807493,5076,256,1770107165.776325,31.169
1770107165.808368,5077,256,1770107165.777563,30.805
1770107165.809545,5078,256,1770107165.778718,30.827
1770107165.812240,5079,256,1770107165.781357,30.883
1770107165.813125,5080,256,1770107165.782159,30.966
1770107165.814865,5082,256,1770107165.783947,30.918
1770107165.815163,5083,256,1770107165.783979,31.184
1770107165.815439,5085,256,1770107165.784200,31.238
1770107165.815721,5086,256,1770107165.784899,30.821
1770107165.816003,5087,256,1770107165.785100,30.903
1770107165.816936,5089,256,1770107165.786109,30.827
1770107165.819249,5091,256,1770107165.788465,30.784
1770107165.819763,5092,256,1770107165.789015,30.748
1770107165.820035,5093,256,1770107165.789073,30.962
1770107165.821660,5094,256,1770107165.790751,30.909
1770107165.822618,5095,256,1770107165.791769,30.849
1770107165.822869,5096,256,1770107165.791892,30.977
1770107165.824403,5097,256,1770107165.793563,30.840
1770107165.832288,5100,256,1770107165.801318,30.970
1770107165.832897,5101,256,1770107165.802118,30.779
1770107165.833198,5102,256,1770107165.802206,30.992
1770107165.837389,5105,256,1770107165.806393,30.997
1770107165.837890,5106,256,1770107165.806991,30.899
1770107165.838206,5107,256,1770107165.807427,30.779
1770107165.838475,5108,256,1770107165.807480,30.994
1770107165.840494,5110,256,1770107165.809709,30.785
1770107165.845689,5111,256,1770107165.814607,31.082
1770107165.845921,5112,256,1770107165.814792,31.128
1770107165.848337,5114,256,1770107165.817519,30.818
1770107165.849006,5116,256,1770107165.818073,30.934
1770107165.849614,5117,256,1770107165.818268,31.346
1770107165.850330,5118,256,1770107165.819479,30.851
1770107165.851316,5119,256,1770107165.820519,30.797
1770107165.852666,5120,256,1770107165.821809,30.857
1770107165.855283,5123,256,1770107165.824358,30.925
1770107165.856800,5124,256,1770107165.825948,30.852
1770107165.857367,5125,256,1770107165.826050,31.317
1770107165.857940,5126,256,1770107165.826565,31.375
1770107165.861816,5127,256,1770107165.830911,30.905
1770107165.862041,5128,256,1770107165.831299,30.741
1770107165.862346,5129,256,1770107165.831452,30.894
1770107165.868581,5131,256,1770107165.837701,30.880
1770107165.869246,5133,256,1770107165.838459,30.787
1770107165.869491,5134,256,1770107165.838702,30.789
1770107165.871805,5137,256,1770107165.840881,30.924
1770107165.872074,5138,256,1770107165.840945,31.129
1770107165.872361,5139,256,1770107165.840988,31.373
1770107165.872763,5141,256,1770107165.842025,30.739
1770107165.873372,5142,256,1770107165.842370,31.002
1770107165.874808,5143,256,1770107165.843971,30.838
1770107165.877430,5144,256,1770107165.846474,30.956
1770107165.878379,5145,256,1770107165.847518,30.861
1770107165.878643,5146,256,1770107165.847657,30.987
1770107165.879799,5148,256,1770107165.848968,30.831
1770107165.880661,5149,256,1770107165.849493,31.169
1770107165.881595,5150,256,1770107165.850795,30.800
1770107165.882240,5151,256,1770107165.851501,30.738
1770107165.884108,5153,256,1770107165.852924,31.184
1770107165.884922,5154,256,1770107165.854062,30.860
1770107165.886461,5155,256,1770107165.855469,30.992
1770107165.887182,5156,256,1770107165.856146,31.036
1770107165.887481,5157,256,1770107165.856310,31.171
1770107165.888342,5158,256,1770107165.856913,31.429
1770107165.888613,5159,256,1770107165.857378,31.235
1770107165.890857,5160,256,1770107165.860001,30.856
1770107165.891138,5161,256,1770107165.860143,30.995
1770107165.892880,5162,256,1770107165.862061,30.819
1770107165.894090,5164,256,1770107165.863215,30.874
1770107165.899539,5165,256,1770107165.868652,30.887
1770107165.901181,5166,256,1770107165.870398,30.783
1770107165.906264,5168,256,1770107165.875461,30.804
1770107165.906856,5169,256,1770107165.876013,30.843
1770107165.908174,5170,256,1770107165.877349,30.824
1770107165.911108,5171,256,1770107165.880249,30.859
1770107165.913023,5173,256,1770107165.882150,30.873
1770107165.913298,5174,256,1770107165.882422,30.876
1770107165.914116,5176,256,1770107165.883352,30.763
1770107165.914808,5178,256,1770107165.884063,30.745
1770107165.915994,5179,256,1770107165.885196,30.798
1770107165.917286,5180,256,1770107165.886205,31.081
1770107165.920994,5183,256,1770107165.890124,30.871
1770107165.922095,5184,256,1770107165.891287,30.808
1770107165.925538,5187,256,1770107165.894639,30.899
1770107165.926257,5189,256,1770107165.895359,30.898
1770107165.930456,5190,256,1770107165.899546,30.910
1770107165.934293,5193,256,1770107165.903462,30.831
1770107165.936081,5195,256,1770107165.904954,31.127
1770107165.936368,5196,256,1770107165.905126,31.242
1770107165.936950,5197,256,1770107165.905839,31.111
1770107165.937594,5199,256,1770107165.906664,30.930
1770107165.938282,5200,256,1770107165.907483,30.800
1770107165.938874,5201,256,1770107165.908094,30.781
1770107165.942247,5203,256,1770107165.911298,30.949
1770107165.943398,5204,256,1770107165.912597,30.802
1770107165.945760,5205,256,1770107165.914900,30.860
1770107165.946089,5206,256,1770107165.915140,30.949
1770107165.947520,5208,256,1770107165.916447,31.073
1770107165.947941,5210,256,1770107165.916898,31.044
1770107165.949780,5211,256,1770107165.918943,30.837
1770107165.952184,5214,256,1770107165.921152,31.031
1770107165.952873,5215,256,1770107165.922074,30.799
1770107165.954081,5216,256,1770107165.923242,30.838
1770107165.955772,5217,256,1770107165.924832,30.940
1770107165.956278,5218,256,1770107165.924994,31.284
1770107165.956575,5219,256,1770107165.925207,31.368
1770107165.957304,5220,256,1770107165.926472,30.833
1770107165.958061,5221,256,1770107165.927224,30.837
1770107165.958300,5222,256,1770107165.927456,30.844
1770107165.959008,5223,256,1770107165.928117,30.891
1770107165.960782,5224,256,1770107165.929849,30.933
1770107165.961174,5225,256,1770107165.930329,30.845
1770107165.964384,5226,256,1770107165.933378,31.006
1770107165.966819,5227,256,1770107165.935751,31.069
1770107165.967573,5228,256,1770107165.936754,30.819
1770107165.967875,5229,256,1770107165.936968,30.907
1770107165.969264,5230,256,1770107165.938427,30.837
1770107165.969548,5231,256,1770107165.938580,30.968
1770107165.976483,5232,256,1770107165.945425,31.058
1770107165.977871,5233,256,1770107165.946950,30.921
1770107165.980952,5234,256,1770107165.950037,30.915
1770107165.981970,5235,256,1770107165.951142,30.828
1770107165.984638,5236,256,1770107165.953772,30.866
1770107165.984923,5237,256,1770107165.953958,30.965
1770107165.988530,5238,256,1770107165.957634,30.896
1770107165.989036,5239,256,1770107165.958219,30.817
1770107165.990923,5240,256,1770107165.959983,30.940
1770107165.991209,5241,256,1770107165.960171,31.038
1770107165.991495,5242,256,1770107165.960273,31.222
1770107165.991760,5243,256,1770107165.960562,31.198
1770107165.992881,5244,256,1770107165.962025,30.856
1770107165.996371,5246,256,1770107165.965416,30.955
1770107165.997367,5247,256,1770107165.966431,30.936
1770107166.001500,5250,256,1770107165.970624,30.877
1770107166.003417,5251,256,1770107165.972271,31.146
1770107166.003643,5252,256,1770107165.972399,31.244
1770107166.004033,5253,256,1770107165.973231,30.801
1770107166.006750,5255,256,1770107165.975879,30.871
1770107166.008617,5256,256,1770107165.977687,30.930
1770107166.010613,5257,256,1770107165.979695,30.917
1770107166.011371,5258,256,1770107165.980428,30.944
1770107166.015588,5259,256,1770107165.984498,31.090
1770107166.016123,5260,256,1770107165.984814,31.309
1770107166.016425,5261,256,1770107165.984865,31.559
1770107166.016722,5262,256,1770107165.985085,31.637
1770107166.017819,5263,256,1770107165.987025,30.794
1770107166.023093,5264,256,1770107165.991965,31.128
1770107166.023382,5265,256,1770107165.992286,31.096
1770107166.024847,5266,256,1770107165.993851,30.995
1770107166.026715,5268,256,1770107165.995784,30.931
1770107166.027133,5269,256,1770107165.996202,30.931
1770107166.027850,5270,256,1770107165.996958,30.892
1770107166.029276,5271,256,1770107165.998277,30.999
1770107166.029473,5272,256,1770107165.998645,30.828
1770107166.030360,5273,256,1770107165.999290,31.070
1770107166.037647,5276,256,1770107166.006768,30.879
1770107166.038792,5277,256,1770107166.007951,30.841
1770107166.041179,5278,256,1770107166.010248,30.931
1770107166.042624,5279,256,1770107166.011760,30.864
1770107166.045305,5280,256,1770107166.014399,30.905
1770107166.046814,5281,256,1770107166.015903,30.911
1770107166.047235,5282,256,1770107166.016470,30.765
1770107166.050799,5284,256,1770107166.019334,31.465
1770107166.055336,5285,256,1770107166.024179,31.157
1770107166.058825,5286,256,1770107166.027863,30.962
1770107166.058990,5287,256,1770107166.028028,30.961
1770107166.069303,5292,256,1770107166.038428,30.874
1770107166.069573,5293,256,1770107166.038827,30.746
1770107166.070278,5295,256,1770107166.039547,30.731
1770107166.073012,5297,256,1770107166.042108,30.904
1770107166.074363,5298,256,1770107166.043348,31.015
1770107166.074483,5299,256,1770107166.043577,30.906
1770107166.076905,5300,256,1770107166.045830,31.076
1770107166.081930,5301,256,1770107166.050977,30.953
1770107166.083585,5303,256,1770107166.052477,31.108
1770107166.083846,5304,256,1770107166.052700,31.146
1770107166.085794,5306,256,1770107166.054862,30.932
1770107166.086724,5307,256,1770107166.055832,30.892
1770107166.088626,5308,256,1770107166.057685,30.941
1770107166.090016,5309,256,1770107166.059160,30.857
1770107166.091069,5310,256,1770107166.060232,30.837
1770107166.092228,5312,256,1770107166.061331,30.897
1770107166.094739,5313,256,1770107166.063701,31.037
1770107166.097261,5314,256,1770107166.066179,31.082
1770107166.104493,5315,256,1770107166.073141,31.352
1770107166.104733,5316,256,1770107166.073579,31.155
1770107166.104909,5317,256,1770107166.074159,30.750
1770107166.105230,5318,256,1770107166.074231,30.998
1770107166.106566,5319,256,1770107166.075721,30.845
1770107166.107495,5321,256,1770107166.076691,30.804
1770107166.110798,5322,256,1770107166.079813,30.985
1770107166.113263,5323,256,1770107166.082347,30.917
1770107166.115547,5324,256,1770107166.084605,30.942
1770107166.115924,5325,256,1770107166.084803,31.121
1770107166.119081,5326,256,1770107166.088100,30.980
1770107166.119321,5327,256,1770107166.088453,30.867
1770107166.120437,5328,256,1770107166.089542,30.895
1770107166.120678,5329,256,1770107166.089704,30.974
1770107166.120971,5330,256,1770107166.089841,31.129
1770107166.121374,5331,256,1770107166.090613,30.761
1770107166.122065,5334,256,1770107166.090984,31.081
1770107166.122432,5335,256,1770107166.091224,31.207
1770107166.123714,5336,256,1770107166.092390,31.324
1770107166.123952,5338,256,1770107166.093138,30.813
1770107166.127802,5340,256,1770107166.096793,31.009
1770107166.128604,5341,256,1770107166.097785,30.819
1770107166.128881,5342,256,1770107166.097962,30.919
1770107166.132073,5347,256,1770107166.101286,30.787
1770107166.132330,5348,256,1770107166.101501,30.828
1770107166.134112,5349,256,1770107166.103383,30.729
1770107166.134790,5350,256,1770107166.103561,31.229
1770107166.137042,5351,256,1770107166.106111,30.931
1770107166.137263,5352,256,1770107166.106197,31.066
1770107166.138003,5353,256,1770107166.107227,30.776
1770107166.139170,5354,256,1770107166.108232,30.938
1770107166.141392,5355,256,1770107166.110565,30.827
1770107166.143084,5356,256,1770107166.112209,30.875
1770107166.144624,5357,256,1770107166.113738,30.885
1770107166.144876,5358,256,1770107166.114121,30.754
1770107166.152731,5360,256,1770107166.121824,30.908
1770107166.152988,5361,256,1770107166.122039,30.949
1770107166.153279,5362,256,1770107166.122439,30.840
1770107166.156239,5365,256,1770107166.125462,30.777
1770107166.157143,5366,256,1770107166.126343,30.800
1770107166.157478,5367,256,1770107166.126430,31.049
1770107166.159645,5368,256,1770107166.128715,30.930
1770107166.159902,5369,256,1770107166.128935,30.967
1770107166.161999,5370,256,1770107166.131096,30.903
1770107166.162415,5372,256,1770107166.131410,31.005
1770107166.163239,5374,256,1770107166.132483,30.756
1770107166.165963,5375,256,1770107166.135183,30.780
1770107166.167085,5376,256,1770107166.136237,30.848
1770107166.167358,5377,256,1770107166.136404,30.954
1770107166.167973,5378,256,1770107166.136938,31.034
1770107166.168249,5379,256,1770107166.137287,30.962
1770107166.170096,5380,256,1770107166.139230,30.866
1770107166.171249,5381,256,1770107166.140419,30.830
1770107166.171721,5383,256,1770107166.140962,30.760
1770107166.172019,5384,256,1770107166.141036,30.984
1770107166.172349,5385,256,1770107166.141263,31.086
1770107166.175346,5386,256,1770107166.144353,30.993
1770107166.175955,5387,256,1770107166.144758,31.197
1770107166.176708,5388,256,1770107166.145769,30.939
1770107166.177359,5389,256,1770107166.146502,30.856
1770107166.178370,5390,256,1770107166.147175,31.195
1770107166.178524,5391,256,1770107166.147583,30.941
1770107166.179983,5392,256,1770107166.149176,30.807
1770107166.180449,5393,256,1770107166.149600,30.849
1770107166.183622,5395,256,1770107166.152850,30.772
1770107166.187986,5397,256,1770107166.157053,30.933
1770107166.189882,5398,256,1770107166.158842,31.040
1770107166.190039,5399,256,1770107166.159214,30.824
1770107166.191381,5400,256,1770107166.160418,30.962
1770107166.194022,5401,256,1770107166.163137,30.885
1770107166.195228,5402,256,1770107166.164396,30.832
1770107166.198268,5403,256,1770107166.167264,31.004
1770107166.203128,5404,256,1770107166.172214,30.914
1770107166.203513,5405,256,1770107166.172682,30.832
1770107166.204720,5406,256,1770107166.173898,30.822
1770107166.206356,5407,256,1770107166.175387,30.969
1770107166.210453,5408,256,1770107166.179096,31.358
1770107166.210655,5409,256,1770107166.179851,30.804
1770107166.210930,5410,256,1770107166.180043,30.887
1770107166.212794,5411,256,1770107166.181850,30.943
1770107166.213330,5412,256,1770107166.182233,31.097
1770107166.214362,5413,256,1770107166.183459,30.903
1770107166.215016,5414,256,1770107166.184159,30.857
1770107166.219597,5415,256,1770107166.188486,31.111
1770107166.221751,5417,256,1770107166.190858,30.893
1770107166.223596,5418,256,1770107166.191597,31.999
1770107166.224591,5420,256,1770107166.193683,30.908
1770107166.226436,5421,256,1770107166.195529,30.908
1770107166.226652,5422,256,1770107166.195789,30.863
1770107166.227957,5424,256,1770107166.196611,31.346
1770107166.228539,5425,256,1770107166.197691,30.849
1770107166.230765,5426,256,1770107166.199367,31.398
1770107166.232733,5428,256,1770107166.201896,30.837
1770107166.233130,5429,256,1770107166.202056,31.073
1770107166.236671,5431,256,1770107166.205798,30.873
1770107166.237504,5432,256,1770107166.206602,30.902
1770107166.238673,5434,256,1770107166.207812,30.861
1770107166.240199,5435,256,1770107166.209131,31.068
1770107166.241000,5436,256,1770107166.210115,30.885
1770107166.241987,5437,256,1770107166.211092,30.896
1770107166.243527,5438,256,1770107166.212579,30.948
1770107166.244219,5439,256,1770107166.213359,30.860
1770107166.244632,5440,256,1770107166.213684,30.948
1770107166.247229,5441,256,1770107166.216297,30.931
1770107166.247507,5442,256,1770107166.216476,31.031
1770107166.248046,5443,256,1770107166.217231,30.815
1770107166.250468,5444,256,1770107166.219526,30.942
1770107166.250816,5445,256,1770107166.220008,30.807
1770107166.251169,5446,256,1770107166.220385,30.784
1770107166.251519,5447,256,1770107166.220750,30.769
1770107166.251949,5448,256,1770107166.221173,30.776
1770107166.255406,5451,256,1770107166.224250,31.155
1770107166.260844,5452,256,1770107166.229604,31.241
1770107166.261045,5453,256,1770107166.229844,31.201
1770107166.264129,5456,256,1770107166.233150,30.978
1770107166.266570,5457,256,1770107166.235592,30.978
1770107166.268328,5458,256,1770107166.237498,30.830
1770107166.269495,5459,256,1770107166.238589,30.906
1770107166.269783,5460,256,1770107166.239041,30.743
1770107166.271202,5461,256,1770107166.240353,30.850
1770107166.272909,5462,256,1770107166.241915,30.994
1770107166.274463,5464,256,1770107166.243524,30.939
1770107166.277987,5466,256,1770107166.247115,30.873
1770107166.280449,5467,256,1770107166.249534,30.915
1770107166.280709,5468,256,1770107166.249925,30.783
1770107166.282205,5469,256,1770107166.251394,30.811
1770107166.282488,5470,256,1770107166.251662,30.827
1770107166.284728,5471,256,1770107166.253861,30.868
1770107166.285787,5472,256,1770107166.254930,30.857
1770107166.286826,5473,256,1770107166.255923,30.903
1770107166.287599,5474,256,1770107166.256745,30.854
1770107166.289408,5476,256,1770107166.258592,30.816
1770107166.290585,5477,256,1770107166.259721,30.864
1770107166.293835,5479,256,1770107166.262800,31.035
1770107166.294403,5480,256,1770107166.262939,31.464
1770107166.295861,5481,256,1770107166.265119,30.741
1770107166.297477,5482,256,1770107166.266699,30.778
1770107166.298353,5483,256,1770107166.267237,31.117
1770107166.300304,5484,256,1770107166.269487,30.817
1770107166.300582,5485,256,1770107166.269610,30.972
1770107166.300867,5486,256,1770107166.269660,31.207
1770107166.305038,5488,256,1770107166.274157,30.882
1770107166.305960,5489,256,1770107166.275058,30.903
1770107166.307034,5490,256,1770107166.276135,30.900
1770107166.308351,5491,256,1770107166.277518,30.833
1770107166.309713,5493,256,1770107166.278938,30.774
1770107166.312516,5494,256,1770107166.281338,31.178
1770107166.314369,5495,256,1770107166.283515,30.854
1770107166.316531,5496,256,1770107166.285358,31.173
1770107166.319713,5497,256,1770107166.288872,30.841
1770107166.321001,5498,256,1770107166.290228,30.773
1770107166.324653,5499,256,1770107166.293741,30.913
1770107166.328646,5500,256,1770107166.297695,30.951
1770107166.332257,5501,256,1770107166.301281,30.976
1770107166.333813,5502,256,1770107166.302922,30.891
1770107166.336017,5503,256,1770107166.305146,30.871
1770107166.336839,5505,256,1770107166.306091,30.748
1770107166.338429,5506,256,1770107166.307483,30.946
1770107166.339503,5507,256,1770107166.308714,30.789
1770107166.342479,5509,256,1770107166.311515,30.964
1770107166.346280,5511,256,1770107166.315383,30.897
1770107166.346534,5512,256,1770107166.315525,31.009
1770107166.348719,5513,256,1770107166.317724,30.995
1770107166.348988,5514,256,1770107166.318074,30.914
1770107166.351130,5515,256,1770107166.320290,30.839
1770107166.351691,5516,256,1770107166.320610,31.081
1770107166.352259,5517,256,1770107166.321459,30.800
1770107166.362135,5519,256,1770107166.331232,30.903
1770107166.362369,5520,256,1770107166.331401,30.968
1770107166.366388,5521,256,1770107166.335465,30.923
1770107166.366713,5523,256,1770107166.335733,30.979
1770107166.367137,5524,256,1770107166.336410,30.728
1770107166.369386,5525,256,1770107166.338575,30.811
1770107166.371939,5526,256,1770107166.341070,30.869
1770107166.372547,5527,256,1770107166.341755,30.792
1770107166.373894,5528,256,1770107166.342965,30.930
1770107166.375172,5530,256,1770107166.344324,30.847
1770107166.376346,5531,256,1770107166.345483,30.863
1770107166.378112,5532,256,1770107166.347277,30.835
1770107166.380095,5533,256,1770107166.349251,30.844
1770107166.380366,5534,256,1770107166.349354,31.012
1770107166.382957,5536,256,1770107166.352039,30.917
1770107166.384452,5537,256,1770107166.353601,30.851
1770107166.386335,5539,256,1770107166.355260,31.075
1770107166.386562,5540,256,1770107166.355343,31.219
1770107166.387506,5542,256,1770107166.356721,30.785
1770107166.387777,5543,256,1770107166.357027,30.750
1770107166.388090,5544,256,1770107166.357198,30.892
1770107166.391008,5545,256,1770107166.360089,30.919
1770107166.392942,5546,256,1770107166.362041,30.901
1770107166.395281,5547,256,1770107166.364040,31.242
1770107166.399375,5548,256,1770107166.368314,31.061
1770107166.404706,5551,256,1770107166.373727,30.979
1770107166.405935,5552,256,1770107166.375027,30.909
1770107166.406263,5553,256,1770107166.375288,30.976
1770107166.407816,5556,256,1770107166.376835,30.981
1770107166.410807,5558,256,1770107166.379679,31.128
1770107166.411063,5559,256,1770107166.379970,31.092
1770107166.416745,5560,256,1770107166.385811,30.934
1770107166.418539,5561,256,1770107166.387601,30.937
1770107166.418874,5562,256,1770107166.387846,31.029
1770107166.421614,5563,256,1770107166.390720,30.894
1770107166.421885,5564,256,1770107166.390921,30.964
1770107166.422172,5565,256,1770107166.390988,31.184
1770107166.422469,5566,256,1770107166.391643,30.827
1770107166.423059,5567,256,1770107166.392262,30.797
1770107166.424001,5568,256,1770107166.392988,31.012
1770107166.424258,5569,256,1770107166.393213,31.045
1770107166.424553,5570,256,1770107166.393685,30.868
1770107166.428603,5571,256,1770107166.397700,30.903
1770107166.428855,5572,256,1770107166.397901,30.954
1770107166.429148,5573,256,1770107166.397955,31.193
1770107166.429505,5574,256,1770107166.398077,31.428
1770107166.431180,5576,256,1770107166.400375,30.806
1770107166.432290,5578,256,1770107166.401558,30.732
1770107166.433869,5579,256,1770107166.402787,31.082
1770107166.434119,5580,256,1770107166.402821,31.298
1770107166.434689,5581,256,1770107166.403703,30.985
1770107166.436084,5582,256,1770107166.405264,30.820
1770107166.437175,5583,256,1770107166.406154,31.021
1770107166.438426,5584,256,1770107166.407546,30.880
1770107166.438654,5585,256,1770107166.407744,30.909
1770107166.442258,5586,256,1770107166.411383,30.876
1770107166.442902,5587,256,1770107166.412052,30.850
1770107166.443428,5588,256,1770107166.412568,30.860
1770107166.444826,5589,256,1770107166.413521,31.305
1770107166.445115,5590,256,1770107166.414063,31.052
1770107166.446731,5591,256,1770107166.415857,30.874
1770107166.446956,5592,256,1770107166.416068,30.889
1770107166.447263,5593,256,1770107166.416299,30.964
1770107166.448982,5594,256,1770107166.418099,30.882
1770107166.455129,5595,256,1770107166.424175,30.954
1770107166.456108,5596,256,1770107166.425112,30.996
1770107166.457952,5597,256,1770107166.426610,31.342
1770107166.458113,5598,256,1770107166.426819,31.295
1770107166.460657,5599,256,1770107166.429637,31.020
1770107166.461459,5600,256,1770107166.430568,30.892
1770107166.462705,5602,256,1770107166.431840,30.865
1770107166.463655,5603,256,1770107166.432703,30.952
1770107166.467150,5606,256,1770107166.436317,30.833
1770107166.467978,5607,256,1770107166.437135,30.842
1770107166.468595,5608,256,1770107166.437239,31.357
1770107166.468850,5609,256,1770107166.437467,31.384
1770107166.473621,5611,256,1770107166.442584,31.037
1770107166.475858,5612,256,1770107166.444824,31.034
1770107166.476730,5613,256,1770107166.445872,30.858
1770107166.477019,5614,256,1770107166.446001,31.018
1770107166.477512,5615,256,1770107166.446698,30.814
1770107166.478399,5616,256,1770107166.447180,31.219
1770107166.479515,5617,256,1770107166.448653,30.862
1770107166.480073,5618,256,1770107166.449207,30.867
1770107166.483236,5619,256,1770107166.452274,30.962
1770107166.483487,5620,256,1770107166.452394,31.093
1770107166.484895,5622,256,1770107166.454048,30.847
1770107166.486725,5624,256,1770107166.455846,30.879
1770107166.487556,5625,256,1770107166.456745,30.811
1770107166.487841,5626,256,1770107166.457019,30.822
1770107166.489846,5627,256,1770107166.458870,30.975
1770107166.490106,5628,256,1770107166.459260,30.845
1770107166.491082,5629,256,1770107166.460224,30.858
1770107166.493334,5630,256,1770107166.461821,31.513
1770107166.493878,5631,256,1770107166.462404,31.473
1770107166.496049,5632,256,1770107166.465126,30.924
1770107166.497184,5633,256,1770107166.466360,30.824
1770107166.497617,5635,256,1770107166.466686,30.931
1770107166.497922,5636,256,1770107166.467069,30.853
1770107166.498226,5637,256,1770107166.467352,30.874
1770107166.499211,5638,256,1770107166.468386,30.825
1770107166.500393,5639,256,1770107166.468947,31.447
1770107166.504177,5640,256,1770107166.473222,30.954
1770107166.506747,5641,256,1770107166.475829,30.919
1770107166.508595,5643,256,1770107166.477789,30.806
1770107166.508864,5644,256,1770107166.478017,30.846
1770107166.509541,5645,256,1770107166.478201,31.339
1770107166.509829,5646,256,1770107166.478263,31.566
1770107166.510103,5647,256,1770107166.478529,31.574
1770107166.510370,5649,256,1770107166.479032,31.338
1770107166.510709,5651,256,1770107166.479133,31.576
1770107166.511673,5652,256,1770107166.480608,31.065
1770107166.512682,5653,256,1770107166.481855,30.827
1770107166.512950,5654,256,1770107166.482125,30.825
1770107166.515322,5655,256,1770107166.484511,30.811
1770107166.518168,5656,256,1770107166.486890,31.278
1770107166.518560,5657,256,1770107166.486989,31.571
1770107166.519265,5658,256,1770107166.488395,30.870
1770107166.523033,5660,256,1770107166.491807,31.225
1770107166.525629,5661,256,1770107166.494772,30.857
1770107166.525962,5662,256,1770107166.495080,30.883
1770107166.526625,5663,256,1770107166.495797,30.828
1770107166.527318,5664,256,1770107166.496489,30.830
1770107166.528310,5665,256,1770107166.497497,30.813
1770107166.528981,5666,256,1770107166.498206,30.775
1770107166.529586,5667,256,1770107166.498816,30.770
1770107166.529877,5668,256,1770107166.498886,30.992
1770107166.532837,5670,256,1770107166.502052,30.785
1770107166.534715,5671,256,1770107166.503824,30.891
1770107166.538310,5673,256,1770107166.507364,30.946
1770107166.538653,5674,256,1770107166.507808,30.844
1770107166.540365,5675,256,1770107166.509432,30.934
1770107166.541364,5676,256,1770107166.510457,30.907
1770107166.541946,5677,256,1770107166.511075,30.870
1770107166.545826,5678,256,1770107166.514918,30.908
1770107166.547697,5681,256,1770107166.516783,30.915
1770107166.549339,5682,256,1770107166.518440,30.900
1770107166.549841,5683,256,1770107166.519005,30.836
1770107166.550129,5684,256,1770107166.519211,30.918
1770107166.551613,5685,256,1770107166.520685,30.928
1770107166.552886,5686,256,1770107166.522056,30.830
1770107166.553144,5687,256,1770107166.522208,30.936
1770107166.555872,5688,256,1770107166.525051,30.821
1770107166.559143,5689,256,1770107166.528238,30.905
1770107166.559455,5690,256,1770107166.528405,31.050
1770107166.559701,5691,256,1770107166.528472,31.229
1770107166.560278,5692,256,1770107166.529136,31.142
1770107166.560564,5693,256,1770107166.529741,30.823
1770107166.563536,5694,256,1770107166.532496,31.039
1770107166.563770,5695,256,1770107166.532573,31.197
1770107166.564696,5696,256,1770107166.533739,30.958
1770107166.565298,5698,256,1770107166.534435,30.863
1770107166.565582,5699,256,1770107166.534487,31.095
1770107166.566622,5700,256,1770107166.535578,31.044
1770107166.566991,5701,256,1770107166.535949,31.042
1770107166.567482,5702,256,1770107166.536600,30.882
1770107166.568158,5703,256,1770107166.537220,30.938
1770107166.571118,5704,256,1770107166.540276,30.842
1770107166.571368,5705,256,1770107166.540432,30.936
1770107166.571728,5706,256,1770107166.540597,31.130
1770107166.572265,5707,256,1770107166.541351,30.914
1770107166.572619,5708,256,1770107166.541795,30.824
1770107166.573017,5709,256,1770107166.542221,30.796
1770107166.574458,5710,256,1770107166.543343,31.115
1770107166.575645,5711,256,1770107166.544624,31.021
1770107166.580782,5713,256,1770107166.549759,31.023
1770107166.580963,5714,256,1770107166.549997,30.965
1770107166.581508,5715,256,1770107166.550754,30.753
1770107166.581794,5716,256,1770107166.550786,31.008
1770107166.582524,5717,256,1770107166.551770,30.754
1770107166.586371,5719,256,1770107166.555094,31.277
1770107166.586574,5720,256,1770107166.555128,31.446
1770107166.586882,5721,256,1770107166.555159,31.723
1770107166.588499,5722,256,1770107166.557589,30.910
1770107166.589836,5725,256,1770107166.559072,30.764
1770107166.590107,5726,256,1770107166.559108,31.000
1770107166.590717,5727,256,1770107166.559943,30.774
1770107166.592723,5729,256,1770107166.561850,30.872
1770107166.592950,5730,256,1770107166.561897,31.053
1770107166.593609,5731,256,1770107166.562617,30.992
1770107166.593835,5732,256,1770107166.562935,30.900
1770107166.594134,5733,256,1770107166.563002,31.132
1770107166.594754,5734,256,1770107166.563684,31.071
1770107166.595848,5736,256,1770107166.564878,30.970
1770107166.596869,5737,256,1770107166.565889,30.979
1770107166.599535,5739,256,1770107166.568589,30.946
1770107166.600550,5740,256,1770107166.569696,30.854
1770107166.600804,5741,256,1770107166.569816,30.988
1770107166.601920,5742,256,1770107166.571138,30.782
1770107166.602178,5743,256,1770107166.571216,30.962
1770107166.602478,5744,256,1770107166.571521,30.957
1770107166.602773,5745,256,1770107166.571580,31.193
1770107166.603070,5746,256,1770107166.571766,31.304
1770107166.607694,5747,256,1770107166.576723,30.971
1770107166.611512,5749,256,1770107166.580525,30.987
1770107166.614663,5750,256,1770107166.583837,30.827
1770107166.621615,5753,256,1770107166.590610,31.005
1770107166.621867,5754,256,1770107166.590727,31.140
1770107166.622151,5755,256,1770107166.590787,31.363
1770107166.629536,5756,256,1770107166.598639,30.897
1770107166.632876,5757,256,1770107166.602033,30.843
1770107166.634077,5758,256,1770107166.603255,30.823
1770107166.637495,5760,256,1770107166.606533,30.962
1770107166.639085,5761,256,1770107166.608219,30.866
1770107166.640656,5762,256,1770107166.609793,30.863
1770107166.640973,5763,256,1770107166.609969,31.004
1770107166.642837,5764,256,1770107166.611875,30.962
1770107166.644373,5765,256,1770107166.613360,31.013
1770107166.644569,5766,256,1770107166.613584,30.986
1770107166.646460,5767,256,1770107166.615594,30.866
1770107166.650566,5769,256,1770107166.619579,30.987
1770107166.651121,5770,256,1770107166.620235,30.887
1770107166.651356,5771,256,1770107166.620397,30.959
1770107166.652849,5772,256,1770107166.621995,30.854
1770107166.654173,5773,256,1770107166.622990,31.183
1770107166.655249,5774,256,1770107166.624300,30.949
1770107166.655512,5775,256,1770107166.624620,30.892
1770107166.658501,5777,256,1770107166.627603,30.898
1770107166.658738,5778,256,1770107166.627789,30.950
1770107166.659035,5779,256,1770107166.627857,31.178
1770107166.659396,5780,256,1770107166.627916,31.480
1770107166.660619,5782,256,1770107166.628558,32.061
1770107166.661513,5783,256,1770107166.629307,32.206
1770107166.661743,5785,256,1770107166.630534,31.209
1770107166.662250,5786,256,1770107166.631448,30.802
1770107166.665293,5788,256,1770107166.634421,30.872
1770107166.670554,5789,256,1770107166.639739,30.815
1770107166.672091,5790,256,1770107166.641198,30.894
1770107166.673729,5791,256,1770107166.642887,30.842
1770107166.673999,5792,256,1770107166.643212,30.787
1770107166.674720,5793,256,1770107166.643907,30.813
1770107166.676751,5794,256,1770107166.645628,31.123
1770107166.678896,5796,256,1770107166.647830,31.066
1770107166.680105,5798,256,1770107166.648910,31.195
1770107166.680651,5799,256,1770107166.649778,30.873
1770107166.681973,5800,256,1770107166.651084,30.889
1770107166.682490,5801,256,1770107166.651381,31.108
1770107166.686343,5802,256,1770107166.655477,30.866
1770107166.692966,5803,256,1770107166.661670,31.296
1770107166.693246,5804,256,1770107166.661970,31.276
1770107166.693869,5806,256,1770107166.662778,31.091
1770107166.694126,5807,256,1770107166.662884,31.243
1770107166.694730,5808,256,1770107166.663785,30.946
1770107166.696463,5809,256,1770107166.665523,30.941
1770107166.696682,5810,256,1770107166.665845,30.837
1770107166.697316,5811,256,1770107166.666384,30.933
1770107166.697592,5812,256,1770107166.666557,31.035
1770107166.698471,5813,256,1770107166.667653,30.818
1770107166.700312,5814,256,1770107166.669408,30.905
1770107166.702216,5815,256,1770107166.671353,30.863
1770107166.703167,5817,256,1770107166.671818,31.349
1770107166.703756,5819,256,1770107166.672943,30.813
1770107166.704009,5820,256,1770107166.673016,30.993
1770107166.705688,5821,256,1770107166.674644,31.044
1770107166.705964,5822,256,1770107166.674890,31.074
1770107166.708122,5823,256,1770107166.677145,30.977
1770107166.709596,5824,256,1770107166.678663,30.933
1770107166.710280,5825,256,1770107166.679146,31.134
1770107166.710515,5826,256,1770107166.679482,31.033
1770107166.711417,5828,256,1770107166.680553,30.864
1770107166.711905,5829,256,1770107166.681102,30.803
1770107166.712201,5830,256,1770107166.681212,30.988
1770107166.714317,5831,256,1770107166.683405,30.912
1770107166.714912,5832,256,1770107166.684086,30.826
1770107166.715210,5833,256,1770107166.684210,31.001
1770107166.716435,5834,256,1770107166.685385,31.050
1770107166.717662,5835,256,1770107166.686819,30.843
1770107166.719984,5837,256,1770107166.689102,30.882
1770107166.721100,5839,256,1770107166.689744,31.356
1770107166.724914,5841,256,1770107166.693918,30.995
1770107166.725122,5842,256,1770107166.694056,31.066
1770107166.726233,5843,256,1770107166.695291,30.942
1770107166.727967,5845,256,1770107166.696865,31.102
1770107166.728828,5846,256,1770107166.697985,30.843
1770107166.729074,5847,256,1770107166.698046,31.028
1770107166.731159,5849,256,1770107166.700224,30.935
1770107166.734347,5851,256,1770107166.703442,30.905
1770107166.735789,5852,256,1770107166.704802,30.988
1770107166.736081,5853,256,1770107166.705280,30.801
1770107166.737299,5855,256,1770107166.706462,30.838
1770107166.737954,5856,256,1770107166.707145,30.809
1770107166.739429,5857,256,1770107166.708483,30.946
1770107166.744422,5860,256,1770107166.713400,31.022
1770107166.744655,5861,256,1770107166.713724,30.931
1770107166.744972,5862,256,1770107166.714150,30.822
1770107166.748977,5864,256,1770107166.718022,30.956
1770107166.749294,5865,256,1770107166.718459,30.835
1770107166.752529,5867,256,1770107166.721469,31.060
1770107166.756142,5868,256,1770107166.725132,31.010
1770107166.756880,5869,256,1770107166.725999,30.881
1770107166.758772,5870,256,1770107166.727784,30.988
1770107166.760037,5871,256,1770107166.729126,30.911
1770107166.760336,5872,256,1770107166.729322,31.014
1770107166.760583,5873,256,1770107166.729402,31.181
1770107166.761295,5874,256,1770107166.730442,30.853
1770107166.762831,5875,256,1770107166.732000,30.830
1770107166.763103,5876,256,1770107166.732314,30.789
1770107166.764087,5877,256,1770107166.733244,30.843
1770107166.766275,5878,256,1770107166.735441,30.834
1770107166.766865,5879,256,1770107166.736107,30.758
1770107166.767516,5880,256,1770107166.736773,30.743
1770107166.768084,5881,256,1770107166.737329,30.755
1770107166.772840,5882,256,1770107166.741874,30.966
1770107166.773055,5883,256,1770107166.742153,30.902
1770107166.773560,5884,256,1770107166.742706,30.854
1770107166.773854,5885,256,1770107166.742929,30.924
1770107166.774148,5886,256,1770107166.743117,31.031
1770107166.774443,5887,256,1770107166.743403,31.039
1770107166.774781,5888,256,1770107166.743899,30.882
1770107166.780374,5889,256,1770107166.749268,31.106
1770107166.780496,5890,256,1770107166.749683,30.812
1770107166.782735,5892,256,1770107166.751792,30.943
1770107166.783028,5893,256,1770107166.752182,30.846
1770107166.786479,5895,256,1770107166.755567,30.912
1770107166.789996,5898,256,1770107166.759033,30.963
1770107166.790248,5899,256,1770107166.759104,31.144
1770107166.790838,5900,256,1770107166.759490,31.348
1770107166.791447,5901,256,1770107166.760295,31.152
1770107166.792536,5902,256,1770107166.761682,30.854
1770107166.793963,5907,256,1770107166.762929,31.034
1770107166.794546,5908,256,1770107166.762987,31.559
1770107166.795994,5909,256,1770107166.765020,30.974
1770107166.798336,5913,256,1770107166.767415,30.921
1770107166.798739,5915,256,1770107166.767673,31.065
1770107166.800160,5916,256,1770107166.769254,30.906
1770107166.800992,5917,256,1770107166.769814,31.179
1770107166.801285,5918,256,1770107166.770489,30.797
1770107166.805754,5919,256,1770107166.774849,30.905
1770107166.806485,5920,256,1770107166.775651,30.834
1770107166.807549,5921,256,1770107166.776652,30.897
1770107166.809550,5922,256,1770107166.778654,30.896
1770107166.809818,5923,256,1770107166.778810,31.008
1770107166.812505,5924,256,1770107166.781548,30.957
1770107166.814818,5925,256,1770107166.783228,31.590
1770107166.815513,5927,256,1770107166.784493,31.020
1770107166.817617,5928,256,1770107166.786710,30.907
1770107166.817856,5929,256,1770107166.786845,31.011
1770107166.818702,5930,256,1770107166.787325,31.378
1770107166.818872,5931,256,1770107166.788019,30.853
1770107166.822548,5932,256,1770107166.791557,30.991
1770107166.826592,5934,256,1770107166.795694,30.898
1770107166.827776,5936,256,1770107166.796907,30.869
1770107166.828395,5937,256,1770107166.797371,31.023
1770107166.837208,5940,256,1770107166.806237,30.972
1770107166.837728,5941,256,1770107166.806430,31.297
1770107166.838215,5942,256,1770107166.807353,30.863
1770107166.838694,5943,256,1770107166.807848,30.846
1770107166.840348,5944,256,1770107166.809317,31.031
1770107166.841263,5945,256,1770107166.810364,30.899
1770107166.845812,5946,256,1770107166.814647,31.166
1770107166.846136,5947,256,1770107166.815263,30.872
1770107166.846692,5948,256,1770107166.815806,30.886
1770107166.849086,5950,256,1770107166.818063,31.024
1770107166.849646,5951,256,1770107166.818676,30.970
1770107166.852508,5952,256,1770107166.821614,30.894
1770107166.856538,5953,256,1770107166.825659,30.879
1770107166.856816,5954,256,1770107166.826060,30.756
1770107166.857944,5955,256,1770107166.826929,31.015
1770107166.859499,5957,256,1770107166.828557,30.943
1770107166.860141,5958,256,1770107166.828913,31.229
1770107166.860441,5959,256,1770107166.829589,30.852
1770107166.863211,5960,256,1770107166.832245,30.966
1770107166.864294,5961,256,1770107166.833369,30.925
1770107166.864836,5962,256,1770107166.833874,30.962
1770107166.865835,5964,256,1770107166.834857,30.978
1770107166.867211,5965,256,1770107166.836434,30.778
1770107166.868695,5966,256,1770107166.837777,30.917
1770107166.869970,5968,256,1770107166.839171,30.799
1770107166.871607,5969,256,1770107166.840682,30.925
1770107166.871815,5970,256,1770107166.840870,30.945
1770107166.872922,5971,256,1770107166.842048,30.874
1770107166.875472,5972,256,1770107166.844559,30.912
1770107166.877263,5973,256,1770107166.846308,30.955
1770107166.877635,5974,256,1770107166.846785,30.851
1770107166.878034,5975,256,1770107166.847255,30.779
1770107166.879025,5977,256,1770107166.848276,30.749
1770107166.883373,5979,256,1770107166.852262,31.111
1770107166.884964,5980,256,1770107166.854059,30.905
1770107166.885233,5981,256,1770107166.854405,30.828
1770107166.889504,5983,256,1770107166.858643,30.861
1770107166.891934,5984,256,1770107166.860929,31.005
1770107166.892848,5985,256,1770107166.861986,30.862
1770107166.895348,5986,256,1770107166.864166,31.182
1770107166.899611,5989,256,1770107166.868730,30.881
1770107166.903234,5991,256,1770107166.872373,30.861
1770107166.904441,5993,256,1770107166.873642,30.799
1770107166.908952,5995,256,1770107166.877860,31.092
1770107166.909289,5996,256,1770107166.878499,30.790
1770107166.910412,5997,256,1770107166.879352,31.060
1770107166.911129,5998,256,1770107166.880212,30.917
1770107166.911409,5999,256,1770107166.880490,30.919
1770107166.912234,6001,256,1770107166.881450,30.783
1770107166.914488,6002,256,1770107166.883703,30.785
1770107166.916925,6004,256,1770107166.886158,30.767
1770107166.918014,6005,256,1770107166.887213,30.801
1770107166.924333,6010,256,1770107166.893327,31.006
1770107166.924442,6011,256,1770107166.893486,30.956
1770107166.924736,6012,256,1770107166.893862,30.874
1770107166.925822,6013,256,1770107166.894936,30.885
1770107166.926047,6014,256,1770107166.895085,30.962
1770107166.927126,6015,256,1770107166.896298,30.828
1770107166.930356,6016,256,1770107166.899346,31.010
1770107166.930476,6017,256,1770107166.899505,30.971
1770107166.930948,6018,256,1770107166.900201,30.747
1770107166.931393,6019,256,1770107166.900649,30.744
1770107166.932704,6020,256,1770107166.901849,30.855
1770107166.934866,6021,256,1770107166.904057,30.808
1770107166.935532,6022,256,1770107166.904774,30.758
1770107166.936755,6023,256,1770107166.905932,30.823
1770107166.938670,6024,256,1770107166.907789,30.881
1770107166.942108,6026,256,1770107166.911220,30.888
1770107166.946286,6027,256,1770107166.915405,30.880
1770107166.946531,6028,256,1770107166.915523,31.008
1770107166.946863,6029,256,1770107166.915729,31.135
1770107166.947095,6030,256,1770107166.916197,30.898
1770107166.950250,6031,256,1770107166.919312,30.938
1770107166.951440,6032,256,1770107166.920514,30.926
1770107166.954762,6033,256,1770107166.923816,30.946
1770107166.956281,6035,256,1770107166.925407,30.874
1770107166.959243,6037,256,1770107166.928232,31.010
1770107166.961106,6039,256,1770107166.929984,31.122
1770107166.963458,6041,256,1770107166.932565,30.893
1770107166.966302,6043,256,1770107166.935360,30.942
1770107166.967535,6045,256,1770107166.936695,30.840
1770107166.969077,6046,256,1770107166.938231,30.846
1770107166.971359,6048,256,1770107166.940441,30.917
1770107166.971598,6049,256,1770107166.940618,30.979
1770107166.971876,6050,256,1770107166.940727,31.148
1770107166.972546,6051,256,1770107166.941503,31.043
1770107166.972834,6052,256,1770107166.941732,31.102
1770107166.974625,6054,256,1770107166.943786,30.839
1770107166.976910,6055,256,1770107166.946023,30.886
1770107166.977453,6056,256,1770107166.946406,31.048
1770107166.978040,6057,256,1770107166.947212,30.828
1770107166.982219,6058,256,1770107166.951290,30.928
1770107166.982997,6059,256,1770107166.952178,30.820
1770107166.984593,6060,256,1770107166.953741,30.852
1770107166.984860,6061,256,1770107166.953865,30.995
1770107166.986996,6062,256,1770107166.955679,31.317
1770107166.988291,6064,256,1770107166.957474,30.817
1770107166.988944,6065,256,1770107166.958083,30.861
1770107166.990119,6066,256,1770107166.959177,30.942
1770107166.990356,6067,256,1770107166.959428,30.929
1770107166.990717,6068,256,1770107166.959512,31.205
1770107166.991019,6069,256,1770107166.960163,30.856
1770107166.993536,6070,256,1770107166.962609,30.927
1770107166.996001,6071,256,1770107166.964612,31.389
1770107166.996283,6072,256,1770107166.964740,31.543
1770107167.000791,6074,256,1770107166.969887,30.904
1770107167.001026,6075,256,1770107166.970111,30.915
1770107167.001370,6076,256,1770107166.970613,30.758
1770107167.004635,6078,256,1770107166.973791,30.843
1770107167.004926,6079,256,1770107166.973929,30.996
1770107167.005211,6080,256,1770107166.973992,31.219
1770107167.008099,6082,256,1770107166.977212,30.887
1770107167.009813,6083,256,1770107166.978954,30.859
1770107167.019794,6085,256,1770107166.988822,30.972
1770107167.021779,6086,256,1770107166.990868,30.911
1770107167.022007,6087,256,1770107166.991072,30.935
1770107167.023428,6088,256,1770107166.992507,30.921
1770107167.025944,6089,256,1770107166.995082,30.861
1770107167.026487,6090,256,1770107166.995664,30.823
1770107167.026918,6091,256,1770107166.996142,30.776
1770107167.029450,6092,256,1770107166.998412,31.038
1770107167.033231,6093,256,1770107167.002440,30.791
1770107167.034986,6095,256,1770107167.004207,30.779
1770107167.037710,6096,256,1770107167.006736,30.973
1770107167.038009,6097,256,1770107167.006988,31.021
1770107167.039267,6098,256,1770107167.008257,31.011
1770107167.041491,6102,256,1770107167.010638,30.852
1770107167.041828,6103,256,1770107167.011045,30.783
1770107167.042346,6104,256,1770107167.011556,30.789
1770107167.045556,6105,256,1770107167.014652,30.903
1770107167.046910,6107,256,1770107167.016135,30.775
1770107167.051316,6109,256,1770107167.020519,30.797
1770107167.056053,6110,256,1770107167.025219,30.834
1770107167.058375,6111,256,1770107167.027470,30.905
1770107167.058623,6112,256,1770107167.027735,30.888
1770107167.059170,6113,256,1770107167.028304,30.866
1770107167.060645,6115,256,1770107167.029541,31.104
1770107167.066372,6119,256,1770107167.035455,30.917
1770107167.068624,6120,256,1770107167.037780,30.844
1770107167.070436,6121,256,1770107167.039636,30.800
1770107167.073230,6122,256,1770107167.042292,30.938
1770107167.073719,6123,256,1770107167.042418,31.301
1770107167.074004,6124,256,1770107167.043222,30.782
1770107167.076911,6125,256,1770107167.046055,30.856
1770107167.078451,6127,256,1770107167.047651,30.800
1770107167.078950,6128,256,1770107167.048195,30.754
1770107167.082480,6129,256,1770107167.051647,30.833
1770107167.084820,6131,256,1770107167.053849,30.971
1770107167.084996,6132,256,1770107167.054206,30.790
1770107167.087444,6133,256,1770107167.056564,30.880
1770107167.090239,6136,256,1770107167.059316,30.923
1770107167.091281,6137,256,1770107167.060404,30.877
1770107167.094399,6139,256,1770107167.063227,31.171
1770107167.098285,6140,256,1770107167.067131,31.154
1770107167.099759,6141,256,1770107167.068867,30.892
1770107167.099977,6142,256,1770107167.069035,30.942
1770107167.100560,6143,256,1770107167.069617,30.944
1770107167.103364,6144,256,1770107167.072556,30.807
1770107167.105315,6145,256,1770107167.074366,30.949
1770107167.109473,6146,256,1770107167.078658,30.815
1770107167.110493,6148,256,1770107167.079658,30.835
1770107167.111828,6149,256,1770107167.081031,30.797
1770107167.112077,6150,256,1770107167.081298,30.779
1770107167.112386,6151,256,1770107167.081530,30.856
1770107167.116139,6152,256,1770107167.085316,30.823
1770107167.116858,6153,256,1770107167.085987,30.872
1770107167.118299,6154,256,1770107167.087436,30.863
1770107167.122256,6155,256,1770107167.091341,30.915
1770107167.122452,6156,256,1770107167.091517,30.935
1770107167.125275,6159,256,1770107167.094399,30.876
1770107167.126697,6160,256,1770107167.095664,31.033
1770107167.127234,6161,256,1770107167.096479,30.755
1770107167.128247,6162,256,1770107167.097460,30.788
1770107167.128973,6163,256,1770107167.098107,30.866
1770107167.130111,6164,256,1770107167.099247,30.864
1770107167.130930,6165,256,1770107167.100082,30.848
1770107167.131806,6166,256,1770107167.100270,31.536
1770107167.132049,6167,256,1770107167.100868,31.181
1770107167.132635,6168,256,1770107167.101357,31.278
1770107167.132971,6169,256,1770107167.102202,30.769
1770107167.133586,6170,256,1770107167.102603,30.983
1770107167.136477,6171,256,1770107167.105732,30.744
1770107167.136764,6172,256,1770107167.105792,30.972
1770107167.137052,6173,256,1770107167.106195,30.857
1770107167.138230,6174,256,1770107167.107114,31.116
1770107167.138743,6175,256,1770107167.107894,30.849
1770107167.139768,6176,256,1770107167.108871,30.897
1770107167.140867,6177,256,1770107167.110065,30.802
1770107167.143362,6178,256,1770107167.112573,30.788
1770107167.145002,6179,256,1770107167.114234,30.767
1770107167.145432,6180,256,1770107167.114591,30.841
1770107167.145653,6181,256,1770107167.114659,30.994
1770107167.146232,6182,256,1770107167.115251,30.982
1770107167.147913,6183,256,1770107167.117201,30.712
1770107167.148913,6185,256,1770107167.118002,30.911
1770107167.153406,6189,256,1770107167.122562,30.844
1770107167.153642,6190,256,1770107167.122666,30.977
1770107167.154949,6191,256,1770107167.124174,30.775
1770107167.156827,6192,256,1770107167.125802,31.024
1770107167.157111,6193,256,1770107167.125904,31.207
1770107167.160000,6195,256,1770107167.129164,30.836
1770107167.161061,6196,256,1770107167.130205,30.856
1770107167.162799,6198,256,1770107167.131995,30.804
1770107167.164000,6199,256,1770107167.133166,30.833
1770107167.164372,6200,256,1770107167.133600,30.772
1770107167.164739,6201,256,1770107167.134007,30.733
1770107167.165072,6202,256,1770107167.134158,30.914
1770107167.173578,6203,256,1770107167.142457,31.121
1770107167.174158,6204,256,1770107167.143236,30.922
1770107167.174459,6205,256,1770107167.143443,31.016
1770107167.176518,6206,256,1770107167.145659,30.859
1770107167.177573,6207,256,1770107167.146812,30.761
1770107167.178614,6208,256,1770107167.147868,30.746
1770107167.181475,6211,256,1770107167.150631,30.844
1770107167.187221,6214,256,1770107167.156418,30.802
1770107167.189295,6215,256,1770107167.158400,30.895
1770107167.189944,6216,256,1770107167.159140,30.804
1770107167.190213,6217,256,1770107167.159254,30.959
1770107167.190853,6219,256,1770107167.160060,30.793
1770107167.191119,6220,256,1770107167.160172,30.946
1770107167.193165,6221,256,1770107167.161879,31.286
1770107167.193631,6222,256,1770107167.162789,30.842
1770107167.194064,6223,256,1770107167.163025,31.039
1770107167.196845,6225,256,1770107167.165982,30.864
1770107167.205143,6228,256,1770107167.174273,30.870
1770107167.206073,6230,256,1770107167.175221,30.852
1770107167.206565,6231,256,1770107167.175791,30.775
1770107167.207405,6232,256,1770107167.176563,30.842
1770107167.207844,6233,256,1770107167.177013,30.831
1770107167.209752,6234,256,1770107167.178841,30.911
1770107167.210981,6235,256,1770107167.180009,30.972
1770107167.211514,6236,256,1770107167.180744,30.769
1770107167.211988,6237,256,1770107167.180964,31.025
1770107167.212720,6239,256,1770107167.181115,31.605
1770107167.214511,6240,256,1770107167.183654,30.857
1770107167.214931,6241,256,1770107167.184157,30.774
1770107167.215232,6242,256,1770107167.184468,30.764
1770107167.216429,6243,256,1770107167.185666,30.763
1770107167.218004,6244,256,1770107167.186885,31.120
1770107167.218535,6245,256,1770107167.187168,31.367
1770107167.219141,6246,256,1770107167.188365,30.776
1770107167.220156,6247,256,1770107167.189363,30.793
1770107167.221916,6248,256,1770107167.191068,30.848
1770107167.226779,6250,256,1770107167.195874,30.904
1770107167.227170,6251,256,1770107167.196038,31.132
1770107167.228780,6252,256,1770107167.197918,30.861
1770107167.230765,6253,256,1770107167.199878,30.887
1770107167.231120,6254,256,1770107167.200297,30.822
1770107167.231368,6255,256,1770107167.200588,30.780
1770107167.231680,6256,256,1770107167.200702,30.978
1770107167.232117,6257,256,1770107167.201355,30.762
1770107167.232414,6258,256,1770107167.201585,30.828
1770107167.235505,6260,256,1770107167.204667,30.838
1770107167.236091,6261,256,1770107167.205324,30.767
1770107167.236838,6262,256,1770107167.205973,30.865
1770107167.239758,6264,256,1770107167.208831,30.927
1770107167.240871,6266,256,1770107167.209933,30.939
1770107167.243900,6267,256,1770107167.213020,30.880
1770107167.245421,6269,256,1770107167.214557,30.864
1770107167.246470,6270,256,1770107167.215483,30.987
1770107167.246948,6271,256,1770107167.216051,30.898
1770107167.251844,6273,256,1770107167.220877,30.967
1770107167.252104,6274,256,1770107167.221135,30.968
1770107167.252563,6276,256,1770107167.221574,30.989
1770107167.256132,6278,256,1770107167.224937,31.195
1770107167.257539,6281,256,1770107167.226634,30.905
1770107167.259467,6282,256,1770107167.228353,31.115
1770107167.259565,6283,256,1770107167.228783,30.782
1770107167.263835,6284,256,1770107167.232806,31.029
1770107167.270942,6287,256,1770107167.239992,30.951
1770107167.274092,6293,256,1770107167.243231,30.861
1770107167.274358,6294,256,1770107167.243370,30.988
1770107167.276080,6295,256,1770107167.245206,30.874
1770107167.277665,6296,256,1770107167.246379,31.286
1770107167.280118,6298,256,1770107167.248964,31.154
1770107167.280300,6299,256,1770107167.249334,30.967
1770107167.287337,6303,256,1770107167.256258,31.078
1770107167.290352,6304,256,1770107167.259389,30.963
1770107167.292948,6305,256,1770107167.262009,30.940
1770107167.293216,6306,256,1770107167.262288,30.928
1770107167.294590,6308,256,1770107167.263776,30.814
1770107167.297380,6311,256,1770107167.266211,31.170
1770107167.297644,6312,256,1770107167.266289,31.355
1770107167.297991,6313,256,1770107167.266537,31.454
1770107167.298278,6314,256,1770107167.267067,31.211
1770107167.300955,6315,256,1770107167.270167,30.788
1770107167.301235,6316,256,1770107167.270390,30.845
1770107167.301844,6317,256,1770107167.270766,31.077
1770107167.302128,6318,256,1770107167.271003,31.125
1770107167.308600,6323,256,1770107167.277827,30.773
1770107167.309107,6324,256,1770107167.278370,30.737
1770107167.309947,6325,256,1770107167.279208,30.738
1770107167.313051,6326,256,1770107167.281864,31.186
1770107167.314281,6328,256,1770107167.283225,31.056
1770107167.316239,6330,256,1770107167.284924,31.315
1770107167.317240,6331,256,1770107167.286409,30.831
1770107167.318395,6332,256,1770107167.287581,30.813
1770107167.319826,6333,256,1770107167.289005,30.821
1770107167.320100,6334,256,1770107167.289165,30.936
1770107167.320403,6335,256,1770107167.289457,30.946
1770107167.321922,6336,256,1770107167.290700,31.221
1770107167.325030,6337,256,1770107167.294172,30.858
1770107167.326239,6339,256,1770107167.295282,30.957
1770107167.326502,6340,256,1770107167.295732,30.770
1770107167.329209,6341,256,1770107167.298332,30.877
1770107167.329734,6342,256,1770107167.298628,31.106
1770107167.330102,6344,256,1770107167.299136,30.967
1770107167.334020,6345,256,1770107167.303221,30.799
1770107167.334670,6346,256,1770107167.303915,30.755
1770107167.335252,6347,256,1770107167.304473,30.779
1770107167.338539,6348,256,1770107167.307679,30.860
1770107167.343506,6350,256,1770107167.312626,30.879
1770107167.343754,6351,256,1770107167.312851,30.903
1770107167.347589,6352,256,1770107167.316664,30.925
1770107167.347861,6353,256,1770107167.316904,30.956
1770107167.348133,6354,256,1770107167.317001,31.132
1770107167.349632,6355,256,1770107167.318552,31.080
1770107167.349920,6356,256,1770107167.318951,30.969
1770107167.350820,6357,256,1770107167.319998,30.822
1770107167.352713,6358,256,1770107167.321937,30.776
1770107167.356536,6360,256,1770107167.325737,30.799
1770107167.356946,6361,256,1770107167.326206,30.740
1770107167.358684,6362,256,1770107167.327858,30.826
1770107167.359072,6363,256,1770107167.328358,30.713
1770107167.362579,6364,256,1770107167.331662,30.917
1770107167.364091,6366,256,1770107167.333206,30.885
1770107167.364367,6367,256,1770107167.333287,31.080
1770107167.365580,6368,256,1770107167.334777,30.802
1770107167.366542,6370,256,1770107167.335775,30.766
1770107167.371586,6371,256,1770107167.340723,30.863
1770107167.373347,6373,256,1770107167.342558,30.789
1770107167.373823,6374,256,1770107167.342670,31.153
1770107167.375391,6375,256,1770107167.344317,31.075
1770107167.375711,6377,256,1770107167.344789,30.921
1770107167.375993,6378,256,1770107167.344815,31.178
1770107167.376468,6379,256,1770107167.345698,30.770
1770107167.376913,6380,256,1770107167.346197,30.715
1770107167.385543,6381,256,1770107167.354641,30.902
1770107167.386595,6382,256,1770107167.355854,30.741
1770107167.386876,6383,256,1770107167.356013,30.863
1770107167.387643,6384,256,1770107167.356648,30.995
1770107167.388808,6386,256,1770107167.358038,30.771
1770107167.392056,6387,256,1770107167.361237,30.819
1770107167.392523,6388,256,1770107167.361719,30.804
1770107167.393800,6389,256,1770107167.362885,30.915
1770107167.398230,6391,256,1770107167.367299,30.931
1770107167.399957,6392,256,1770107167.369131,30.827
1770107167.404892,6394,256,1770107167.373898,30.994
1770107167.405138,6395,256,1770107167.374388,30.750
1770107167.409546,6396,256,1770107167.378638,30.908
1770107167.412179,6397,256,1770107167.380952,31.227
1770107167.416487,6399,256,1770107167.385477,31.011
1770107167.416773,6400,256,1770107167.385742,31.030
1770107167.417368,6401,256,1770107167.385847,31.521
1770107167.417661,6402,256,1770107167.386307,31.354
1770107167.419461,6403,256,1770107167.388675,30.786
1770107167.419804,6404,256,1770107167.389085,30.719
1770107167.422066,6405,256,1770107167.391263,30.803
1770107167.423247,6406,256,1770107167.391870,31.377
1770107167.423552,6407,256,1770107167.392018,31.533
1770107167.424115,6408,256,1770107167.393110,31.005
1770107167.425810,6409,256,1770107167.395003,30.807
1770107167.428013,6410,256,1770107167.397164,30.849
1770107167.428311,6411,256,1770107167.397585,30.726
1770107167.429477,6412,256,1770107167.398664,30.814
1770107167.431384,6413,256,1770107167.400307,31.077
1770107167.433696,6414,256,1770107167.402720,30.976
1770107167.434407,6415,256,1770107167.403643,30.764
1770107167.437293,6416,256,1770107167.406505,30.788
1770107167.439852,6418,256,1770107167.409046,30.805
1770107167.440423,6419,256,1770107167.409658,30.765
1770107167.440769,6420,256,1770107167.410017,30.753
1770107167.443731,6421,256,1770107167.412816,30.915
1770107167.445942,6422,256,1770107167.415155,30.787
1770107167.453845,6425,256,1770107167.422971,30.874
1770107167.456001,6427,256,1770107167.425079,30.921
1770107167.456180,6428,256,1770107167.425385,30.794
1770107167.459028,6429,256,1770107167.428202,30.825
1770107167.459300,6430,256,1770107167.428251,31.049
1770107167.462801,6433,256,1770107167.431877,30.924
1770107167.468710,6435,256,1770107167.437808,30.902
1770107167.470045,6436,256,1770107167.439070,30.975
1770107167.470800,6437,256,1770107167.439995,30.805
1770107167.472927,6438,256,1770107167.442035,30.892
1770107167.476671,6439,256,1770107167.445369,31.303
1770107167.479993,6441,256,1770107167.449046,30.946
1770107167.480562,6442,256,1770107167.449764,30.797
1770107167.481713,6443,256,1770107167.450660,31.052
1770107167.483756,6444,256,1770107167.452938,30.818
1770107167.487198,6446,256,1770107167.456319,30.879
1770107167.487709,6447,256,1770107167.456923,30.785
1770107167.489697,6448,256,1770107167.458730,30.966
1770107167.491756,6449,256,1770107167.460880,30.876
1770107167.492003,6450,256,1770107167.461042,30.961
1770107167.492492,6451,256,1770107167.461666,30.826
1770107167.492903,6452,256,1770107167.462124,30.779
1770107167.495823,6453,256,1770107167.464948,30.875
1770107167.496042,6454,256,1770107167.465080,30.962
1770107167.496628,6455,256,1770107167.465600,31.028
1770107167.497240,6456,256,1770107167.466340,30.900
1770107167.498122,6458,256,1770107167.467329,30.793
1770107167.505079,6460,256,1770107167.474088,30.991
1770107167.507263,6461,256,1770107167.476340,30.923
1770107167.513240,6464,256,1770107167.482362,30.878
1770107167.513455,6465,256,1770107167.482414,31.042
1770107167.516613,6466,256,1770107167.485788,30.825
1770107167.519698,6467,256,1770107167.488826,30.872
1770107167.520238,6468,256,1770107167.489434,30.804
1770107167.520656,6469,256,1770107167.489872,30.783
1770107167.521158,6470,256,1770107167.490404,30.754
1770107167.522223,6471,256,1770107167.491335,30.888
1770107167.522469,6472,256,1770107167.491699,30.770
1770107167.524845,6474,256,1770107167.493961,30.884
1770107167.528043,6475,256,1770107167.497035,31.008
1770107167.528273,6476,256,1770107167.497283,30.989
1770107167.528540,6477,256,1770107167.497751,30.790
1770107167.531288,6478,256,1770107167.500455,30.833
1770107167.537376,6479,256,1770107167.506486,30.890
1770107167.538178,6480,256,1770107167.507376,30.802
1770107167.544949,6481,256,1770107167.514021,30.928
1770107167.547128,6482,256,1770107167.516262,30.866
1770107167.548547,6484,256,1770107167.517754,30.792
1770107167.551387,6485,256,1770107167.520557,30.830
1770107167.551651,6486,256,1770107167.520794,30.857
1770107167.555114,6488,256,1770107167.524247,30.867
1770107167.557530,6489,256,1770107167.526712,30.818
1770107167.557920,6490,256,1770107167.526885,31.035
1770107167.558137,6491,256,1770107167.526947,31.191
1770107167.563603,6492,256,1770107167.532557,31.046
1770107167.566715,6493,256,1770107167.535714,31.001
1770107167.570623,6495,256,1770107167.539715,30.909
1770107167.570853,6496,256,1770107167.539909,30.944
1770107167.572374,6497,256,1770107167.541430,30.943
1770107167.572665,6498,256,1770107167.541885,30.780
1770107167.575451,6500,256,1770107167.544596,30.855
1770107167.576128,6501,256,1770107167.544790,31.338
1770107167.579679,6504,256,1770107167.548777,30.902
1770107167.581326,6505,256,1770107167.550543,30.783
1770107167.583266,6506,256,1770107167.552001,31.266
1770107167.583899,6507,256,1770107167.552973,30.926
1770107167.585813,6509,256,1770107167.554856,30.957
1770107167.586902,6510,256,1770107167.556033,30.869
1770107167.587240,6511,256,1770107167.556468,30.772
1770107167.587819,6512,256,1770107167.556623,31.196
1770107167.595615,6515,256,1770107167.564676,30.939
1770107167.597261,6516,256,1770107167.565979,31.282
1770107167.597384,6517,256,1770107167.566431,30.953
1770107167.599982,6518,256,1770107167.568743,31.239
1770107167.603286,6521,256,1770107167.572411,30.875
1770107167.604175,6522,256,1770107167.572596,31.579
1770107167.605162,6524,256,1770107167.574141,31.021
1770107167.605527,6525,256,1770107167.574763,30.764
1770107167.607323,6526,256,1770107167.576236,31.087
1770107167.611833,6527,256,1770107167.580988,30.844
1770107167.614329,6528,256,1770107167.583385,30.944
1770107167.614889,6529,256,1770107167.584099,30.790
1770107167.618610,6530,256,1770107167.587704,30.906
1770107167.620872,6532,256,1770107167.590033,30.838
1770107167.621431,6533,256,1770107167.590655,30.776
1770107167.624703,6534,256,1770107167.593890,30.813
1770107167.624969,6535,256,1770107167.594205,30.765
1770107167.627751,6536,256,1770107167.596820,30.931
1770107167.628652,6537,256,1770107167.597771,30.881
1770107167.629631,6538,256,1770107167.598804,30.827
1770107167.631137,6539,256,1770107167.600327,30.810
1770107167.631861,6540,256,1770107167.601071,30.790
1770107167.633415,6541,256,1770107167.602545,30.871
1770107167.637287,6542,256,1770107167.606407,30.880
1770107167.637572,6543,256,1770107167.606535,31.036
1770107167.637918,6545,256,1770107167.606776,31.142
1770107167.638222,6546,256,1770107167.607204,31.018
1770107167.639908,6547,256,1770107167.609059,30.849
1770107167.643015,6549,256,1770107167.611888,31.127
1770107167.643589,6550,256,1770107167.612667,30.922
1770107167.643856,6551,256,1770107167.613034,30.822
1770107167.645368,6552,256,1770107167.614533,30.835
1770107167.647407,6553,256,1770107167.616302,31.105
1770107167.647686,6554,256,1770107167.616542,31.144
1770107167.648277,6555,256,1770107167.616937,31.340
1770107167.648570,6556,256,1770107167.617129,31.441
1770107167.648877,6557,256,1770107167.617444,31.433
1770107167.649179,6558,256,1770107167.618026,31.152
1770107167.649465,6560,256,1770107167.618524,30.941
1770107167.651227,6562,256,1770107167.620433,30.794
1770107167.651977,6563,256,1770107167.621212,30.765
1770107167.652978,6564,256,1770107167.622146,30.832
1770107167.653322,6565,256,1770107167.622381,30.942
1770107167.653534,6566,256,1770107167.622559,30.975
1770107167.654112,6567,256,1770107167.623184,30.928
1770107167.654742,6569,256,1770107167.623955,30.787
1770107167.657795,6570,256,1770107167.626967,30.828
1770107167.659053,6571,256,1770107167.628051,31.002
1770107167.659768,6573,256,1770107167.628991,30.777
1770107167.664396,6575,256,1770107167.633566,30.830
1770107167.666230,6576,256,1770107167.635294,30.936
1770107167.668103,6577,256,1770107167.637047,31.056
1770107167.668383,6578,256,1770107167.637077,31.306
1770107167.669606,6579,256,1770107167.638729,30.877
1770107167.670524,6580,256,1770107167.639565,30.958
1770107167.673453,6581,256,1770107167.642578,30.875
1770107167.674074,6582,256,1770107167.643148,30.926
1770107167.678307,6584,256,1770107167.647232,31.075
1770107167.679134,6585,256,1770107167.648329,30.804
1770107167.679911,6586,256,1770107167.649100,30.810
1770107167.683425,6589,256,1770107167.652406,31.019
1770107167.683726,6590,256,1770107167.652430,31.296
1770107167.684924,6591,256,1770107167.654038,30.886
1770107167.685577,6592,256,1770107167.654685,30.891
1770107167.685882,6593,256,1770107167.654855,31.027
1770107167.686978,6594,256,1770107167.656078,30.900
1770107167.687560,6595,256,1770107167.656260,31.300
1770107167.687856,6596,256,1770107167.656815,31.041
1770107167.689448,6597,256,1770107167.658664,30.783
1770107167.690005,6598,256,1770107167.659215,30.790
1770107167.692485,6599,256,1770107167.661544,30.941
1770107167.692807,6600,256,1770107167.661574,31.233
1770107167.694716,6603,256,1770107167.663889,30.826
1770107167.696129,6604,256,1770107167.665282,30.847
1770107167.696365,6605,256,1770107167.665373,30.993
1770107167.697814,6606,256,1770107167.667007,30.807
1770107167.698094,6607,256,1770107167.667316,30.778
1770107167.700794,6608,256,1770107167.669883,30.910
1770107167.701090,6609,256,1770107167.670114,30.977
1770107167.703469,6610,256,1770107167.672366,31.103
1770107167.704608,6611,256,1770107167.673666,30.942
1770107167.707779,6613,256,1770107167.676900,30.879
1770107167.710898,6615,256,1770107167.679926,30.972
1770107167.712532,6617,256,1770107167.681616,30.915
1770107167.714527,6618,256,1770107167.683785,30.741
1770107167.714873,6619,256,1770107167.683973,30.900
1770107167.715286,6620,256,1770107167.684480,30.806
1770107167.717282,6621,256,1770107167.686362,30.921
1770107167.718720,6622,256,1770107167.687884,30.836
1770107167.719398,6623,256,1770107167.688585,30.812
1770107167.719691,6624,256,1770107167.688946,30.745
1770107167.721363,6625,256,1770107167.690522,30.841
1770107167.723649,6626,256,1770107167.692808,30.840
1770107167.725183,6627,256,1770107167.694327,30.855
1770107167.725631,6628,256,1770107167.694891,30.740
1770107167.727194,6629,256,1770107167.696343,30.852
1770107167.728093,6631,256,1770107167.697369,30.724
1770107167.729173,6632,256,1770107167.698446,30.727
1770107167.730453,6633,256,1770107167.699720,30.734
1770107167.730749,6634,256,1770107167.699757,30.992
1770107167.735484,6635,256,1770107167.704532,30.952
1770107167.735763,6636,256,1770107167.704890,30.874
1770107167.737213,6637,256,1770107167.706346,30.868
1770107167.737500,6638,256,1770107167.706532,30.968
1770107167.738068,6640,256,1770107167.707248,30.820
1770107167.739128,6641,256,1770107167.708368,30.760
1770107167.740391,6642,256,1770107167.709632,30.759
1770107167.740670,6643,256,1770107167.709783,30.887
1770107167.742128,6645,256,1770107167.711390,30.737
1770107167.747709,6647,256,1770107167.716880,30.829
1770107167.751250,6648,256,1770107167.720501,30.749
1770107167.751534,6649,256,1770107167.720622,30.913
1770107167.752116,6651,256,1770107167.721370,30.746
1770107167.754064,6652,256,1770107167.723226,30.838
1770107167.759942,6654,256,1770107167.729152,30.790
1770107167.760236,6655,256,1770107167.729287,30.949
1770107167.764181,6656,256,1770107167.733018,31.163
1770107167.764431,6657,256,1770107167.733639,30.791
1770107167.766749,6659,256,1770107167.735838,30.911
1770107167.768342,6660,256,1770107167.737276,31.066
1770107167.768661,6661,256,1770107167.737618,31.043
1770107167.768953,6662,256,1770107167.738040,30.912
1770107167.769958,6663,256,1770107167.739202,30.757
1770107167.770249,6664,256,1770107167.739304,30.945
1770107167.770553,6665,256,1770107167.739718,30.835
1770107167.770856,6666,256,1770107167.739792,31.064
1770107167.771592,6668,256,1770107167.740792,30.800
1770107167.773686,6670,256,1770107167.742931,30.754
1770107167.776860,6671,256,1770107167.746045,30.816
1770107167.783196,6672,256,1770107167.752383,30.814
1770107167.784449,6673,256,1770107167.753589,30.860
1770107167.784754,6674,256,1770107167.754030,30.724
1770107167.785057,6675,256,1770107167.754082,30.974
1770107167.785343,6676,256,1770107167.754200,31.143
1770107167.787202,6678,256,1770107167.756437,30.765
1770107167.790597,6680,256,1770107167.759894,30.703
1770107167.792419,6681,256,1770107167.761672,30.747
1770107167.792773,6682,256,1770107167.762074,30.699
1770107167.793751,6684,256,1770107167.762557,31.194
1770107167.795616,6685,256,1770107167.764836,30.780
1770107167.795897,6686,256,1770107167.764925,30.971
1770107167.796764,6687,256,1770107167.765888,30.876
1770107167.797789,6688,256,1770107167.766907,30.882
1770107167.798088,6689,256,1770107167.766998,31.090
1770107167.798437,6690,256,1770107167.767718,30.719
1770107167.799525,6691,256,1770107167.768780,30.745
1770107167.799813,6692,256,1770107167.768901,30.912
1770107167.802782,6694,256,1770107167.771811,30.971
1770107167.803799,6696,256,1770107167.773059,30.740
1770107167.804076,6697,256,1770107167.773154,30.922
1770107167.804391,6698,256,1770107167.773685,30.707
1770107167.804827,6699,256,1770107167.774087,30.740
1770107167.805256,6700,256,1770107167.774549,30.707
1770107167.808035,6701,256,1770107167.777303,30.733
1770107167.808553,6702,256,1770107167.777824,30.730
1770107167.810602,6705,256,1770107167.779717,30.885
1770107167.811199,6706,256,1770107167.780483,30.716
1770107167.812201,6707,256,1770107167.781437,30.764
1770107167.812452,6708,256,1770107167.781467,30.985
1770107167.813280,6709,256,1770107167.782435,30.845
1770107167.816338,6710,256,1770107167.785395,30.943
1770107167.820655,6711,256,1770107167.789864,30.792
1770107167.823038,6712,256,1770107167.792241,30.797
1770107167.823320,6713,256,1770107167.792330,30.990
1770107167.830245,6714,256,1770107167.799269,30.975
1770107167.830452,6715,256,1770107167.799661,30.791
1770107167.831681,6717,256,1770107167.800846,30.836
1770107167.832368,6719,256,1770107167.801006,31.362
1770107167.832654,6720,256,1770107167.801813,30.841
1770107167.832941,6721,256,1770107167.801848,31.093
1770107167.839148,6722,256,1770107167.808038,31.110
1770107167.839503,6723,256,1770107167.808671,30.832
1770107167.839964,6724,256,1770107167.809197,30.767
1770107167.847581,6727,256,1770107167.816548,31.033
1770107167.848830,6728,256,1770107167.818032,30.798
1770107167.851002,6731,256,1770107167.820262,30.740
1770107167.851322,6732,256,1770107167.820283,31.039
1770107167.855213,6733,256,1770107167.824425,30.788
1770107167.855496,6734,256,1770107167.824459,31.038
1770107167.857586,6735,256,1770107167.826429,31.156
1770107167.858490,6736,256,1770107167.827537,30.953
1770107167.858709,6737,256,1770107167.827699,31.010
1770107167.859331,6738,256,1770107167.828566,30.764
1770107167.861114,6739,256,1770107167.830389,30.725
1770107167.862741,6740,256,1770107167.831963,30.778
1770107167.863807,6741,256,1770107167.832913,30.894
1770107167.868827,6742,256,1770107167.837364,31.463
1770107167.869089,6744,256,1770107167.837721,31.368
1770107167.869717,6745,256,1770107167.838172,31.545
1770107167.869981,6746,256,1770107167.839017,30.964
1770107167.870576,6747,256,1770107167.839425,31.150
1770107167.870872,6748,256,1770107167.839667,31.205
1770107167.873401,6749,256,1770107167.842595,30.806
1770107167.874549,6750,256,1770107167.843709,30.841
1770107167.878278,6751,256,1770107167.847220,31.058
1770107167.879371,6752,256,1770107167.848590,30.781
1770107167.879656,6753,256,1770107167.848821,30.834
1770107167.880089,6754,256,1770107167.849344,30.745
1770107167.881504,6755,256,1770107167.850697,30.807
1770107167.882549,6756,256,1770107167.851705,30.844
1770107167.884576,6757,256,1770107167.853764,30.812
1770107167.885345,6758,256,1770107167.854390,30.955
1770107167.888623,6759,256,1770107167.857722,30.901
1770107167.888876,6760,256,1770107167.858082,30.794
1770107167.889164,6761,256,1770107167.858150,31.014
1770107167.889714,6762,256,1770107167.858954,30.760
1770107167.890003,6763,256,1770107167.859206,30.797
1770107167.890714,6764,256,1770107167.859967,30.747
1770107167.893458,6765,256,1770107167.862629,30.829
1770107167.897740,6767,256,1770107167.866816,30.924
1770107167.897838,6768,256,1770107167.866964,30.874
1770107167.898151,6769,256,1770107167.867214,30.937
1770107167.898440,6770,256,1770107167.867604,30.836
1770107167.900448,6772,256,1770107167.869276,31.173
1770107167.904443,6773,256,1770107167.873561,30.882
1770107167.904945,6774,256,1770107167.874172,30.773
1770107167.907468,6775,256,1770107167.876507,30.962
1770107167.907805,6777,256,1770107167.876960,30.845
1770107167.912302,6778,256,1770107167.881457,30.845
1770107167.912930,6779,256,1770107167.882049,30.881
1770107167.913222,6780,256,1770107167.882208,31.014
1770107167.919391,6781,256,1770107167.888469,30.922
1770107167.923267,6782,256,1770107167.892215,31.052
1770107167.924301,6784,256,1770107167.893326,30.975
1770107167.925428,6785,256,1770107167.894384,31.044
1770107167.925831,6786,256,1770107167.895082,30.750
1770107167.926355,6787,256,1770107167.895560,30.795
1770107167.927733,6788,256,1770107167.896987,30.746
1770107167.928027,6789,256,1770107167.897064,30.962
1770107167.928751,6790,256,1770107167.897887,30.865
1770107167.935504,6791,256,1770107167.904410,31.095
1770107167.939227,6792,256,1770107167.908247,30.980
1770107167.941746,6793,256,1770107167.910812,30.934
1770107167.943474,6794,256,1770107167.912473,31.001
1770107167.946007,6795,256,1770107167.915064,30.943
1770107167.948395,6796,256,1770107167.917351,31.044
1770107167.948724,6797,256,1770107167.917941,30.783
1770107167.950229,6799,256,1770107167.919150,31.079
1770107167.950357,6800,256,1770107167.919298,31.060
1770107167.952265,6801,256,1770107167.921336,30.929
1770107167.952861,6802,256,1770107167.922102,30.758
1770107167.953147,6803,256,1770107167.922164,30.982
1770107167.953570,6805,256,1770107167.922264,31.307
1770107167.954176,6806,256,1770107167.923338,30.838
1770107167.955884,6808,256,1770107167.924857,31.027
1770107167.957215,6809,256,1770107167.926280,30.935
1770107167.958283,6810,256,1770107167.927398,30.885
1770107167.959206,6811,256,1770107167.928361,30.844
1770107167.960436,6812,256,1770107167.929516,30.920
1770107167.962697,6813,256,1770107167.931866,30.830
1770107167.964086,6814,256,1770107167.933280,30.806
1770107167.964463,6815,256,1770107167.933701,30.762
1770107167.965943,6816,256,1770107167.934964,30.979
1770107167.966249,6817,256,1770107167.935094,31.155
1770107167.966542,6818,256,1770107167.935336,31.205
1770107167.966837,6819,256,1770107167.935550,31.286
1770107167.969383,6821,256,1770107167.938634,30.749
1770107167.970323,6822,256,1770107167.939533,30.790
1770107167.972172,6823,256,1770107167.941293,30.879
1770107167.974902,6824,256,1770107167.944052,30.849
1770107167.975703,6825,256,1770107167.944918,30.785
1770107167.975973,6826,256,1770107167.945221,30.752
1770107167.977386,6827,256,1770107167.946601,30.785
1770107167.977674,6828,256,1770107167.946919,30.756
1770107167.978392,6829,256,1770107167.947615,30.776
1770107167.978949,6830,256,1770107167.948204,30.746
1770107167.981824,6832,256,1770107167.950992,30.832
1770107167.985704,6833,256,1770107167.954841,30.863
1770107167.985933,6834,256,1770107167.954962,30.971
1770107167.986223,6835,256,1770107167.955446,30.777
1770107167.987604,6836,256,1770107167.956819,30.785
1770107167.987879,6837,256,1770107167.957106,30.773
1770107167.990698,6838,256,1770107167.959884,30.813
1770107167.993160,6840,256,1770107167.962365,30.796
1770107167.994167,6841,256,1770107167.963381,30.787
1770107167.994727,6842,256,1770107167.963933,30.794
1770107167.995005,6843,256,1770107167.964206,30.798
1770107167.996501,6845,256,1770107167.965602,30.899
1770107167.997132,6846,256,1770107167.966008,31.124
1770107167.997394,6847,256,1770107167.966055,31.339
1770107167.997992,6848,256,1770107167.967207,30.785
1770107167.999060,6850,256,1770107167.968243,30.817
1770107167.999354,6851,256,1770107167.968627,30.727
1770107168.000529,6852,256,1770107167.969763,30.766
1770107168.002537,6855,256,1770107167.971713,30.825
1770107168.007062,6856,256,1770107167.976253,30.809
1770107168.010254,6857,256,1770107167.979295,30.959
1770107168.012504,6858,256,1770107167.981556,30.948
1770107168.012878,6860,256,1770107167.982004,30.874
1770107168.014581,6861,256,1770107167.983825,30.756
1770107168.016937,6863,256,1770107167.986204,30.733
1770107168.018612,6864,256,1770107167.987843,30.769
1770107168.022360,6866,256,1770107167.991084,31.276
1770107168.022541,6867,256,1770107167.991721,30.820
1770107168.024002,6869,256,1770107167.992962,31.040
1770107168.024211,6870,256,1770107167.992978,31.233
1770107168.024514,6871,256,1770107167.993150,31.364
1770107168.024808,6872,256,1770107167.993433,31.376
1770107168.025886,6874,256,1770107167.995123,30.763
1770107168.026310,6875,256,1770107167.995571,30.739
1770107168.028645,6876,256,1770107167.997857,30.788
1770107168.030457,6877,256,1770107167.999501,30.955
1770107168.030636,6878,256,1770107167.999707,30.929
1770107168.030987,6879,256,1770107168.000268,30.719
1770107168.031285,6880,256,1770107168.000303,30.982
1770107168.031983,6882,256,1770107168.001257,30.726
1770107168.034581,6883,256,1770107168.003772,30.810
1770107168.040445,6884,256,1770107168.009498,30.947
1770107168.041210,6886,256,1770107168.010450,30.760
1770107168.044950,6888,256,1770107168.014155,30.795
1770107168.045171,6889,256,1770107168.014420,30.751
1770107168.046216,6890,256,1770107168.015417,30.799
1770107168.046449,6891,256,1770107168.015568,30.882
1770107168.048167,6892,256,1770107168.017340,30.828
1770107168.050093,6894,256,1770107168.019247,30.845
1770107168.053416,6895,256,1770107168.022349,31.067
1770107168.053678,6896,256,1770107168.022745,30.933
1770107168.054153,6897,256,1770107168.023436,30.717
1770107168.055105,6898,256,1770107168.024256,30.849
1770107168.056671,6900,256,1770107168.025939,30.733
1770107168.057245,6901,256,1770107168.026394,30.851
1770107168.058277,6902,256,1770107168.027525,30.752
1770107168.058844,6903,256,1770107168.028089,30.755
1770107168.059297,6904,256,1770107168.028565,30.732
1770107168.060681,6905,256,1770107168.029931,30.749
1770107168.061442,6906,256,1770107168.030733,30.710
1770107168.062639,6907,256,1770107168.031896,30.742
1770107168.064434,6908,256,1770107168.033113,31.321
1770107168.064978,6909,256,1770107168.033809,31.169
1770107168.065260,6910,256,1770107168.034176,31.084
1770107168.065450,6911,256,1770107168.034396,31.054
1770107168.066215,6912,256,1770107168.034942,31.272
1770107168.066530,6914,256,1770107168.035162,31.368
1770107168.066665,6915,256,1770107168.035671,30.994
1770107168.074657,6918,256,1770107168.043791,30.867
1770107168.075930,6919,256,1770107168.045034,30.896
1770107168.076098,6920,256,1770107168.045138,30.960
1770107168.076820,6921,256,1770107168.046052,30.768
1770107168.077554,6922,256,1770107168.046574,30.980
1770107168.083939,6924,256,1770107168.053019,30.920
1770107168.084204,6925,256,1770107168.053312,30.892
1770107168.085021,6926,256,1770107168.054146,30.875
1770107168.085463,6927,256,1770107168.054510,30.953
1770107168.091199,6928,256,1770107168.060336,30.863
1770107168.092480,6929,256,1770107168.061515,30.965
1770107168.094734,6930,256,1770107168.063775,30.959
1770107168.095010,6931,256,1770107168.064128,30.882
1770107168.096173,6932,256,1770107168.065336,30.837
1770107168.096879,6933,256,1770107168.065826,31.053
1770107168.098677,6934,256,1770107168.067704,30.973
1770107168.099635,6935,256,1770107168.068745,30.890
1770107168.100268,6936,256,1770107168.069535,30.733
1770107168.100561,6937,256,1770107168.069600,30.961
1770107168.101843,6938,256,1770107168.071094,30.749
1770107168.102503,6939,256,1770107168.071740,30.763
1770107168.103011,6940,256,1770107168.072237,30.774
1770107168.104263,6941,256,1770107168.073484,30.779
1770107168.107374,6942,256,1770107168.076384,30.990
1770107168.107510,6943,256,1770107168.076706,30.803
1770107168.113356,6944,256,1770107168.082420,30.936
1770107168.113858,6945,256,1770107168.082887,30.970
1770107168.115287,6946,256,1770107168.084394,30.893
1770107168.115448,6947,256,1770107168.084453,30.996
1770107168.116944,6950,256,1770107168.086123,30.821
1770107168.117873,6951,256,1770107168.087121,30.752
1770107168.122040,6953,256,1770107168.091213,30.827
1770107168.122582,6954,256,1770107168.091816,30.766
1770107168.123896,6955,256,1770107168.093047,30.849
1770107168.124138,6956,256,1770107168.093390,30.748
1770107168.126160,6957,256,1770107168.095287,30.873
1770107168.126339,6958,256,1770107168.095443,30.896
1770107168.130681,6959,256,1770107168.099722,30.959
1770107168.132321,6960,256,1770107168.101371,30.950
1770107168.133180,6961,256,1770107168.102168,31.012
1770107168.133434,6962,256,1770107168.102668,30.766
1770107168.133723,6963,256,1770107168.102734,30.989
1770107168.134620,6964,256,1770107168.103223,31.397
1770107168.137561,6969,256,1770107168.106669,30.892
1770107168.139438,6970,256,1770107168.108449,30.988
1770107168.139655,6971,256,1770107168.108616,31.039
1770107168.139946,6972,256,1770107168.109124,30.822
1770107168.140621,6974,256,1770107168.109858,30.763
1770107168.146224,6977,256,1770107168.115220,31.004
1770107168.150296,6978,256,1770107168.119109,31.188
1770107168.152648,6980,256,1770107168.121837,30.812
1770107168.154294,6982,256,1770107168.123420,30.874
1770107168.155110,6983,256,1770107168.124280,30.830
1770107168.155873,6984,256,1770107168.125109,30.764
1770107168.158288,6985,256,1770107168.127321,30.967
1770107168.161486,6986,256,1770107168.130682,30.804
1770107168.163665,6987,256,1770107168.132820,30.845
1770107168.167229,6989,256,1770107168.136281,30.948
1770107168.167807,6990,256,1770107168.137021,30.786
1770107168.170707,6991,256,1770107168.139838,30.869
1770107168.171816,6992,256,1770107168.141030,30.786
1770107168.172104,6993,256,1770107168.141165,30.939
1770107168.172673,6994,256,1770107168.141918,30.755
1770107168.175089,6996,256,1770107168.144305,30.783
1770107168.176218,6997,256,1770107168.145363,30.855
1770107168.177119,6998,256,1770107168.146207,30.912
1770107168.177843,6999,256,1770107168.147118,30.725
1770107168.178900,7000,256,1770107168.148169,30.731
1770107168.179209,7001,256,1770107168.148487,30.722
1770107168.179964,7002,256,1770107168.149232,30.731
1770107168.182914,7004,256,1770107168.152030,30.884
1770107168.183673,7005,256,1770107168.152855,30.818
1770107168.183960,7006,256,1770107168.153221,30.739
1770107168.184258,7007,256,1770107168.153428,30.831
1770107168.184559,7008,256,1770107168.153500,31.059
1770107168.184861,7009,256,1770107168.153554,31.307
1770107168.185149,7010,256,1770107168.154213,30.937
1770107168.185784,7011,256,1770107168.154531,31.253
1770107168.186044,7012,256,1770107168.154745,31.299
1770107168.186343,7013,256,1770107168.155037,31.306
1770107168.186966,7014,256,1770107168.155912,31.054
1770107168.189234,7015,256,1770107168.158449,30.786
1770107168.191699,7016,256,1770107168.160841,30.858
1770107168.195049,7018,256,1770107168.164201,30.848
1770107168.196560,7019,256,1770107168.165585,30.975
1770107168.198902,7020,256,1770107168.167994,30.907
1770107168.200949,7021,256,1770107168.169948,31.002
1770107168.202042,7022,256,1770107168.171160,30.882
1770107168.202211,7023,256,1770107168.171470,30.741
1770107168.204283,7025,256,1770107168.173412,30.871
1770107168.205869,7027,256,1770107168.175099,30.770
1770107168.207762,7029,256,1770107168.176985,30.777
1770107168.212086,7031,256,1770107168.181316,30.770
1770107168.213554,7032,256,1770107168.182784,30.770
1770107168.214216,7033,256,1770107168.183387,30.829
1770107168.214904,7035,256,1770107168.184195,30.709
1770107168.216285,7036,256,1770107168.185523,30.762
1770107168.217265,7037,256,1770107168.186508,30.757
1770107168.220055,7038,256,1770107168.189265,30.790
1770107168.220488,7039,256,1770107168.189497,30.991
1770107168.221486,7040,256,1770107168.190716,30.770
1770107168.223279,7041,256,1770107168.192525,30.754
1770107168.224332,7042,256,1770107168.193586,30.746
1770107168.225934,7043,256,1770107168.195093,30.841
1770107168.228757,7045,256,1770107168.197844,30.913
1770107168.229440,7046,256,1770107168.198694,30.746
1770107168.230388,7047,256,1770107168.199656,30.732
1770107168.231323,7048,256,1770107168.200385,30.939
1770107168.231775,7049,256,1770107168.201004,30.772
1770107168.234858,7050,256,1770107168.204039,30.819
1770107168.235398,7051,256,1770107168.204197,31.201
1770107168.235684,7052,256,1770107168.204769,30.915
1770107168.236466,7053,256,1770107168.205746,30.720
1770107168.237642,7054,256,1770107168.206786,30.856
1770107168.237894,7055,256,1770107168.206820,31.074
1770107168.241957,7056,256,1770107168.211166,30.791
1770107168.242299,7057,256,1770107168.211306,30.992
1770107168.242560,7058,256,1770107168.211555,31.005
1770107168.243076,7059,256,1770107168.212343,30.733
1770107168.244589,7060,256,1770107168.213827,30.762
1770107168.245574,7061,256,1770107168.214809,30.765
1770107168.249273,7062,256,1770107168.218473,30.799
1770107168.250510,7063,256,1770107168.219671,30.839
1770107168.250991,7064,256,1770107168.220250,30.741
1770107168.251261,7065,256,1770107168.220357,30.904
1770107168.252178,7066,256,1770107168.221417,30.761
1770107168.252454,7067,256,1770107168.221460,30.993
1770107168.253071,7068,256,1770107168.222010,31.060
1770107168.254830,7069,256,1770107168.224079,30.751
1770107168.255641,7071,256,1770107168.224877,30.765
1770107168.258295,7073,256,1770107168.227520,30.774
1770107168.261369,7074,256,1770107168.230512,30.856
1770107168.261583,7075,256,1770107168.230598,30.985
1770107168.268724,7077,256,1770107168.237900,30.824
1770107168.269099,7078,256,1770107168.238369,30.729
1770107168.270847,7080,256,1770107168.239899,30.947
1770107168.271140,7081,256,1770107168.239948,31.192
1770107168.272346,7084,256,1770107168.241417,30.928
1770107168.272831,7086,256,1770107168.241843,30.988
1770107168.273994,7087,256,1770107168.243178,30.816
1770107168.274846,7088,256,1770107168.244014,30.832
1770107168.277133,7089,256,1770107168.246355,30.778
1770107168.283128,7091,256,1770107168.252141,30.988
1770107168.283543,7093,256,1770107168.252415,31.128
1770107168.286334,7095,256,1770107168.255268,31.065
1770107168.288435,7097,256,1770107168.257610,30.825
1770107168.290327,7098,256,1770107168.259363,30.964
1770107168.291529,7099,256,1770107168.260728,30.802
1770107168.293941,7100,256,1770107168.263093,30.848
1770107168.294879,7101,256,1770107168.264006,30.874
1770107168.295308,7102,256,1770107168.264488,30.820
1770107168.296103,7103,256,1770107168.265317,30.786
1770107168.297685,7105,256,1770107168.266935,30.750
1770107168.300695,7107,256,1770107168.269872,30.823
1770107168.302142,7109,256,1770107168.271308,30.834
1770107168.303799,7110,256,1770107168.272630,31.170
1770107168.304046,7111,256,1770107168.272848,31.199
1770107168.305268,7112,256,1770107168.274431,30.836
1770107168.307823,7114,256,1770107168.276873,30.951
1770107168.312418,7115,256,1770107168.281516,30.902
1770107168.315747,7117,256,1770107168.284685,31.063
1770107168.316879,7120,256,1770107168.285776,31.102
1770107168.318112,7121,256,1770107168.287232,30.880
1770107168.322140,7123,256,1770107168.291094,31.045
1770107168.322955,7124,256,1770107168.292142,30.813
1770107168.324892,7125,256,1770107168.294025,30.867
1770107168.325438,7126,256,1770107168.294164,31.274
1770107168.325748,7127,256,1770107168.294597,31.151
1770107168.327615,7128,256,1770107168.296746,30.869
1770107168.332161,7129,256,1770107168.300836,31.325
1770107168.334292,7130,256,1770107168.303374,30.918
1770107168.335600,7131,256,1770107168.304782,30.818
1770107168.336179,7132,256,1770107168.305030,31.149
1770107168.337377,7133,256,1770107168.306580,30.797
1770107168.339066,7134,256,1770107168.308150,30.916
1770107168.339313,7135,256,1770107168.308370,30.943
1770107168.339595,7136,256,1770107168.308678,30.917
1770107168.342933,7137,256,1770107168.312136,30.798
1770107168.346810,7139,256,1770107168.315840,30.969
1770107168.349397,7140,256,1770107168.318473,30.925
1770107168.353087,7143,256,1770107168.322182,30.905
1770107168.358817,7146,256,1770107168.327925,30.892
1770107168.359072,7147,256,1770107168.328110,30.962
1770107168.365371,7149,256,1770107168.334525,30.847
1770107168.368258,7150,256,1770107168.337290,30.968
1770107168.369502,7151,256,1770107168.338583,30.920
1770107168.370321,7152,256,1770107168.338779,31.542
1770107168.371492,7155,256,1770107168.340626,30.866
1770107168.373569,7156,256,1770107168.342654,30.915
1770107168.375213,7157,256,1770107168.344144,31.069
1770107168.375600,7158,256,1770107168.344819,30.781
1770107168.376815,7159,256,1770107168.345626,31.189
1770107168.382176,7160,256,1770107168.351318,30.858
1770107168.384041,7162,256,1770107168.353250,30.791
1770107168.386368,7163,256,1770107168.355461,30.906
1770107168.387156,7164,256,1770107168.356349,30.807
1770107168.387476,7165,256,1770107168.356464,31.012
1770107168.388552,7166,256,1770107168.357687,30.866
1770107168.388735,7167,256,1770107168.357747,30.988
1770107168.391690,7168,256,1770107168.360515,31.175
1770107168.392549,7169,256,1770107168.361629,30.919
1770107168.394137,7171,256,1770107168.363213,30.925
1770107168.395677,7172,256,1770107168.364781,30.896
1770107168.395930,7173,256,1770107168.365037,30.893
1770107168.397045,7174,256,1770107168.366069,30.976
1770107168.397312,7175,256,1770107168.366432,30.880
1770107168.399805,7176,256,1770107168.368937,30.868
1770107168.402824,7177,256,1770107168.371916,30.909
1770107168.403851,7178,256,1770107168.372909,30.941
1770107168.404240,7179,256,1770107168.373405,30.835
1770107168.405730,7180,256,1770107168.374749,30.981
1770107168.406328,7182,256,1770107168.375532,30.796
1770107168.407260,7183,256,1770107168.376455,30.805
1770107168.407805,7184,256,1770107168.377050,30.755
1770107168.409508,7186,256,1770107168.378718,30.790
1770107168.410266,7187,256,1770107168.379323,30.942
1770107168.410536,7188,256,1770107168.379395,31.142
1770107168.410892,7189,256,1770107168.380112,30.781
1770107168.412292,7191,256,1770107168.381276,31.016
1770107168.413825,7193,256,1770107168.382961,30.864
1770107168.417344,7195,256,1770107168.386520,30.824
1770107168.420109,7196,256,1770107168.389232,30.877
1770107168.421620,7197,256,1770107168.390689,30.931
1770107168.422349,7198,256,1770107168.391107,31.243
1770107168.430774,7199,256,1770107168.399904,30.870
1770107168.435919,7200,256,1770107168.405063,30.856
1770107168.436647,7201,256,1770107168.405813,30.835
1770107168.436910,7202,256,1770107168.406021,30.889
1770107168.441684,7203,256,1770107168.410828,30.855
1770107168.446451,7206,256,1770107168.415581,30.870
1770107168.447211,7207,256,1770107168.416389,30.822
1770107168.449561,7208,256,1770107168.418786,30.775
1770107168.452168,7209,256,1770107168.420948,31.220
1770107168.452978,7210,256,1770107168.421775,31.202
1770107168.455021,7212,256,1770107168.423665,31.357
1770107168.455145,7213,256,1770107168.423765,31.380
1770107168.455722,7214,256,1770107168.424483,31.240
1770107168.456325,7215,256,1770107168.425000,31.325
1770107168.456874,7216,256,1770107168.425379,31.495
1770107168.457225,7217,256,1770107168.426084,31.141
1770107168.462309,7218,256,1770107168.431371,30.937
1770107168.472360,7219,256,1770107168.431575,40.786
1770107168.472461,7221,256,1770107168.431700,40.761
1770107168.472499,7222,256,1770107168.433138,39.361
1770107168.472534,7224,256,1770107168.434508,38.025
1770107168.472567,7225,256,1770107168.434917,37.650
1770107168.472604,7227,256,1770107168.437027,35.577
1770107168.472637,7228,256,1770107168.438324,34.313
1770107168.472667,7229,256,1770107168.438526,34.141
1770107168.472699,7230,256,1770107168.440455,32.243
1770107168.473580,7231,256,1770107168.442739,30.842
1770107168.474128,7232,256,1770107168.443374,30.754
1770107168.475633,7233,256,1770107168.444775,30.858
1770107168.476237,7234,256,1770107168.445327,30.910
1770107168.477586,7235,256,1770107168.446775,30.812
1770107168.478579,7236,256,1770107168.447755,30.824
1770107168.479108,7237,256,1770107168.448344,30.763
1770107168.480426,7238,256,1770107168.449595,30.831
1770107168.480662,7239,256,1770107168.449696,30.967
1770107168.480975,7240,256,1770107168.449738,31.238
1770107168.481282,7241,256,1770107168.450155,31.127
1770107168.481587,7242,256,1770107168.450245,31.342
1770107168.483366,7243,256,1770107168.452469,30.897
1770107168.483609,7244,256,1770107168.452639,30.970
1770107168.484044,7245,256,1770107168.453270,30.774
1770107168.487608,7246,256,1770107168.456682,30.927
1770107168.488606,7247,256,1770107168.457803,30.802
1770107168.491779,7249,256,1770107168.460858,30.921
1770107168.491990,7250,256,1770107168.460998,30.992
1770107168.492306,7251,256,1770107168.461200,31.105
1770107168.496139,7253,256,1770107168.465118,31.021
1770107168.496370,7254,256,1770107168.465438,30.932
1770107168.500413,7255,256,1770107168.469493,30.921
1770107168.500890,7256,256,1770107168.470095,30.794
1770107168.502278,7257,256,1770107168.471391,30.887
1770107168.503873,7258,256,1770107168.473063,30.810
1770107168.507519,7259,256,1770107168.476523,30.996
1770107168.507648,7260,256,1770107168.476686,30.962
1770107168.510852,7262,256,1770107168.480038,30.813
1770107168.511397,7263,256,1770107168.480520,30.876
1770107168.514010,7264,256,1770107168.482979,31.032
1770107168.515010,7265,256,1770107168.484159,30.851
1770107168.519490,7266,256,1770107168.488600,30.890
1770107168.528763,7267,256,1770107168.497797,30.965
1770107168.528980,7268,256,1770107168.497939,31.041
1770107168.531651,7269,256,1770107168.500752,30.899
1770107168.532060,7270,256,1770107168.501288,30.771
1770107168.533120,7271,256,1770107168.502362,30.758
1770107168.534136,7272,256,1770107168.503268,30.869
1770107168.535354,7273,256,1770107168.504475,30.879
1770107168.536443,7274,256,1770107168.505434,31.009
1770107168.538628,7275,256,1770107168.507704,30.924
1770107168.538851,7276,256,1770107168.507925,30.926
1770107168.539504,7277,256,1770107168.508257,31.247
1770107168.539752,7278,256,1770107168.508655,31.097
1770107168.540076,7279,256,1770107168.508716,31.360
1770107168.540357,7280,256,1770107168.509406,30.951
1770107168.541132,7281,256,1770107168.510345,30.787
1770107168.541707,7282,256,1770107168.510612,31.095
1770107168.541989,7283,256,1770107168.510682,31.307
1770107168.543097,7284,256,1770107168.512059,31.038
1770107168.544390,7286,256,1770107168.513598,30.792
1770107168.545664,7287,256,1770107168.514846,30.819
1770107168.547949,7289,256,1770107168.516948,31.001
1770107168.551208,7290,256,1770107168.520016,31.192
1770107168.554606,7291,256,1770107168.523403,31.204
1770107168.563034,7293,256,1770107168.532167,30.867
1770107168.565158,7294,256,1770107168.534231,30.927
1770107168.566671,7295,256,1770107168.535854,30.817
1770107168.569363,7297,256,1770107168.538403,30.960
1770107168.570872,7298,256,1770107168.540061,30.811
1770107168.574430,7299,256,1770107168.543617,30.813
1770107168.574760,7300,256,1770107168.543954,30.806
1770107168.578666,7301,256,1770107168.547807,30.859
1770107168.586758,7304,256,1770107168.555830,30.928
1770107168.587005,7305,256,1770107168.556070,30.936
1770107168.589410,7306,256,1770107168.558337,31.073
1770107168.589715,7307,256,1770107168.558937,30.779
1770107168.590418,7308,256,1770107168.559582,30.836
1770107168.591060,7309,256,1770107168.560228,30.832
1770107168.591338,7310,256,1770107168.560411,30.927
1770107168.593640,7312,256,1770107168.562782,30.858
1770107168.596070,7313,256,1770107168.565203,30.868
1770107168.598483,7315,256,1770107168.567506,30.977
1770107168.599837,7316,256,1770107168.568950,30.887
1770107168.600113,7317,256,1770107168.569099,31.013
1770107168.600479,7318,256,1770107168.569151,31.328
1770107168.606331,7320,256,1770107168.575360,30.972
1770107168.612863,7321,256,1770107168.582018,30.844
1770107168.613824,7324,256,1770107168.583027,30.797
1770107168.614074,7325,256,1770107168.583076,30.998
1770107168.615030,7326,256,1770107168.584106,30.924
1770107168.616373,7327,256,1770107168.585466,30.906
1770107168.617037,7328,256,1770107168.586214,30.823
1770107168.617643,7329,256,1770107168.586823,30.820
1770107168.620326,7332,256,1770107168.589372,30.954
1770107168.620632,7333,256,1770107168.589491,31.141
1770107168.624587,7334,256,1770107168.593694,30.893
1770107168.627126,7335,256,1770107168.596305,30.821
1770107168.628044,7336,256,1770107168.597269,30.776
1770107168.630772,7337,256,1770107168.599992,30.780
1770107168.631966,7338,256,1770107168.601122,30.844
1770107168.632220,7339,256,1770107168.601332,30.887
1770107168.632658,7341,256,1770107168.601554,31.104
1770107168.633239,7342,256,1770107168.602415,30.824
1770107168.634362,7343,256,1770107168.603338,31.023
1770107168.635311,7344,256,1770107168.604269,31.042
1770107168.635548,7345,256,1770107168.604640,30.908
1770107168.635845,7346,256,1770107168.605060,30.785
1770107168.636141,7347,256,1770107168.605091,31.050
1770107168.637256,7348,256,1770107168.606425,30.831
1770107168.637814,7349,256,1770107168.607041,30.773
1770107168.639137,7350,256,1770107168.608209,30.928
1770107168.639738,7351,256,1770107168.609022,30.716
1770107168.640379,7352,256,1770107168.609344,31.035
1770107168.641274,7353,256,1770107168.610521,30.754
1770107168.645232,7355,256,1770107168.614323,30.909
1770107168.647501,7357,256,1770107168.616594,30.908
1770107168.648701,7358,256,1770107168.617824,30.877
1770107168.651044,7360,256,1770107168.620263,30.781
1770107168.652586,7362,256,1770107168.621753,30.833
1770107168.655495,7364,256,1770107168.624551,30.944
1770107168.655735,7365,256,1770107168.624708,31.027
1770107168.656029,7366,256,1770107168.624923,31.106
1770107168.656771,7367,256,1770107168.625809,30.962
1770107168.660272,7369,256,1770107168.629485,30.787
1770107168.661596,7370,256,1770107168.630821,30.775
1770107168.663632,7371,256,1770107168.632897,30.735
1770107168.665104,7372,256,1770107168.634390,30.714
1770107168.665914,7373,256,1770107168.635207,30.707
1770107168.666901,7374,256,1770107168.636121,30.780
1770107168.669122,7376,256,1770107168.637782,31.341
1770107168.672637,7379,256,1770107168.641810,30.827
1770107168.674914,7380,256,1770107168.644094,30.820
1770107168.677818,7381,256,1770107168.647005,30.813
1770107168.678629,7382,256,1770107168.647900,30.729
1770107168.678925,7383,256,1770107168.647936,30.989
1770107168.681423,7385,256,1770107168.650599,30.824
1770107168.682171,7386,256,1770107168.651467,30.704
1770107168.682966,7387,256,1770107168.652206,30.760
1770107168.683590,7388,256,1770107168.652754,30.837
1770107168.683844,7389,256,1770107168.652995,30.849
1770107168.684554,7390,256,1770107168.653703,30.851
1770107168.684829,7391,256,1770107168.653851,30.977
1770107168.686362,7393,256,1770107168.655531,30.831
1770107168.687464,7394,256,1770107168.656702,30.762
1770107168.688573,7395,256,1770107168.657778,30.795
1770107168.690028,7396,256,1770107168.659271,30.757
1770107168.690619,7397,256,1770107168.659559,31.061
1770107168.691225,7398,256,1770107168.660350,30.875
1770107168.691495,7399,256,1770107168.660684,30.811
1770107168.694911,7401,256,1770107168.663924,30.987
1770107168.695966,7402,256,1770107168.665195,30.771
1770107168.696776,7403,256,1770107168.665993,30.783
1770107168.698076,7404,256,1770107168.667278,30.798
1770107168.698297,7405,256,1770107168.667311,30.986
1770107168.699682,7406,256,1770107168.668778,30.904
1770107168.700405,7407,256,1770107168.669581,30.825
1770107168.700790,7409,256,1770107168.669890,30.900
1770107168.701079,7410,256,1770107168.669913,31.166
1770107168.701969,7411,256,1770107168.671174,30.795
1770107168.703126,7412,256,1770107168.672376,30.751
1770107168.703605,7413,256,1770107168.672830,30.775
1770107168.704321,7414,256,1770107168.673550,30.771
1770107168.705125,7415,256,1770107168.674305,30.820
1770107168.705383,7416,256,1770107168.674422,30.961
1770107168.705674,7417,256,1770107168.674887,30.787
1770107168.706400,7418,256,1770107168.675673,30.727
1770107168.706693,7419,256,1770107168.675905,30.787
1770107168.706989,7420,256,1770107168.675949,31.040
1770107168.710255,7424,256,1770107168.679511,30.744
1770107168.715231,7426,256,1770107168.684319,30.912
1770107168.717984,7428,256,1770107168.687183,30.801
1770107168.718230,7429,256,1770107168.687491,30.739
1770107168.718524,7430,256,1770107168.687546,30.978
1770107168.719092,7432,256,1770107168.688353,30.738
1770107168.720034,7433,256,1770107168.689278,30.755
1770107168.722410,7434,256,1770107168.691667,30.744
1770107168.725426,7436,256,1770107168.694717,30.709
1770107168.726052,7437,256,1770107168.695348,30.704
1770107168.731018,7438,256,1770107168.700262,30.756
1770107168.731277,7439,256,1770107168.700486,30.791
1770107168.731753,7440,256,1770107168.701011,30.742
1770107168.733292,7441,256,1770107168.702538,30.754
1770107168.733573,7442,256,1770107168.702666,30.907
1770107168.736727,7443,256,1770107168.706014,30.713
1770107168.740347,7446,256,1770107168.709472,30.876
1770107168.740649,7447,256,1770107168.709701,30.949
1770107168.742046,7448,256,1770107168.711303,30.743
1770107168.742407,7449,256,1770107168.711708,30.698
1770107168.742711,7450,256,1770107168.711743,30.968
1770107168.744835,7451,256,1770107168.714127,30.708
1770107168.745996,7452,256,1770107168.715255,30.741
1770107168.746301,7453,256,1770107168.715537,30.764
1770107168.746889,7454,256,1770107168.716032,30.858
1770107168.748210,7455,256,1770107168.717475,30.736
1770107168.749581,7456,256,1770107168.718803,30.778
1770107168.751500,7457,256,1770107168.720765,30.735
1770107168.753387,7459,256,1770107168.722485,30.902
1770107168.756045,7460,256,1770107168.725175,30.870
1770107168.758407,7462,256,1770107168.727698,30.710
1770107168.764680,7464,256,1770107168.733913,30.767
1770107168.767461,7465,256,1770107168.736693,30.769
1770107168.768497,7466,256,1770107168.737785,30.712
1770107168.771599,7467,256,1770107168.740806,30.793
1770107168.773445,7468,256,1770107168.742704,30.741
1770107168.773752,7469,256,1770107168.742786,30.966
1770107168.776298,7470,256,1770107168.745579,30.720
1770107168.778803,7471,256,1770107168.748060,30.744
1770107168.779395,7472,256,1770107168.748124,31.271
1770107168.779679,7473,256,1770107168.748502,31.177
1770107168.780160,7474,256,1770107168.749449,30.711
1770107168.780659,7475,256,1770107168.749936,30.722
1770107168.780946,7476,256,1770107168.749969,30.977
1770107168.781942,7477,256,1770107168.751241,30.701
1770107168.782341,7478,256,1770107168.751598,30.743
1770107168.784858,7479,256,1770107168.754138,30.721
1770107168.785153,7480,256,1770107168.754318,30.835
1770107168.788273,7481,256,1770107168.757523,30.750
1770107168.789870,7482,256,1770107168.759138,30.731
1770107168.790301,7483,256,1770107168.759291,31.010
1770107168.790583,7485,256,1770107168.759557,31.026
1770107168.792804,7486,256,1770107168.762064,30.741
1770107168.794227,7487,256,1770107168.762862,31.365
1770107168.795117,7488,256,1770107168.763576,31.541
1770107168.797665,7493,256,1770107168.766689,30.976
1770107168.799087,7494,256,1770107168.768280,30.807
1770107168.799318,7495,256,1770107168.768433,30.885
1770107168.801021,7496,256,1770107168.769988,31.033
1770107168.802387,7498,256,1770107168.771223,31.164
1770107168.803362,7499,256,1770107168.772545,30.816
1770107168.803696,7500,256,1770107168.772759,30.937
1770107168.804771,7501,256,1770107168.773656,31.115
1770107168.804929,7502,256,1770107168.773956,30.972
1770107168.805220,7503,256,1770107168.774208,31.012
1770107168.805518,7504,256,1770107168.774307,31.211
1770107168.810961,7508,256,1770107168.780060,30.901
1770107168.813251,7509,256,1770107168.782314,30.937
1770107168.821368,7510,256,1770107168.790372,30.996
1770107168.822173,7511,256,1770107168.791384,30.788
1770107168.822439,7512,256,1770107168.791480,30.960
1770107168.823308,7513,256,1770107168.792413,30.895
1770107168.823760,7515,256,1770107168.793021,30.738
1770107168.825130,7517,256,1770107168.794175,30.955
1770107168.825583,7518,256,1770107168.794492,31.091
1770107168.825978,7519,256,1770107168.795240,30.738
1770107168.827384,7520,256,1770107168.796571,30.814
1770107168.832603,7521,256,1770107168.801382,31.221
1770107168.833497,7522,256,1770107168.802504,30.993
1770107168.834064,7523,256,1770107168.803159,30.905
1770107168.836469,7524,256,1770107168.805552,30.917
1770107168.836667,7525,256,1770107168.805669,30.998
1770107168.837417,7526,256,1770107168.806674,30.743
1770107168.837830,7527,256,1770107168.806917,30.912
1770107168.838021,7528,256,1770107168.807172,30.849
1770107168.840765,7530,256,1770107168.809985,30.780
1770107168.842829,7531,256,1770107168.812063,30.767
1770107168.847147,7532,256,1770107168.816149,30.999
1770107168.847418,7533,256,1770107168.816506,30.912
1770107168.849091,7534,256,1770107168.817986,31.104
1770107168.849389,7535,256,1770107168.818288,31.101
1770107168.849685,7536,256,1770107168.818564,31.122
1770107168.850448,7537,256,1770107168.819565,30.883
1770107168.850746,7538,256,1770107168.819829,30.917
1770107168.851037,7539,256,1770107168.820171,30.866
1770107168.851780,7540,256,1770107168.820974,30.807
1770107168.852379,7541,256,1770107168.821565,30.814
1770107168.854270,7543,256,1770107168.823293,30.977
1770107168.855955,7545,256,1770107168.825174,30.782
1770107168.856289,7546,256,1770107168.825500,30.789
1770107168.857862,7547,256,1770107168.826922,30.940
1770107168.859560,7548,256,1770107168.828628,30.932
1770107168.862517,7549,256,1770107168.831708,30.809
1770107168.862963,7550,256,1770107168.831819,31.144
1770107168.864160,7551,256,1770107168.833290,30.870
1770107168.864421,7552,256,1770107168.833573,30.848
1770107168.868081,7553,256,1770107168.837206,30.876
1770107168.871998,7554,256,1770107168.841006,30.992
1770107168.872180,7555,256,1770107168.841217,30.963
1770107168.872468,7556,256,1770107168.841368,31.101
1770107168.872765,7557,256,1770107168.841853,30.912
1770107168.873435,7558,256,1770107168.842671,30.763
1770107168.873708,7559,256,1770107168.842721,30.988
1770107168.874639,7560,256,1770107168.843843,30.796
1770107168.875389,7561,256,1770107168.844646,30.742
1770107168.875674,7562,256,1770107168.844702,30.973
1770107168.877265,7563,256,1770107168.846503,30.762
1770107168.878029,7564,256,1770107168.847205,30.824
1770107168.880423,7565,256,1770107168.849554,30.869
1770107168.881215,7566,256,1770107168.850398,30.817
1770107168.882040,7567,256,1770107168.851240,30.800
1770107168.882417,7568,256,1770107168.851678,30.739
1770107168.884375,7571,256,1770107168.853654,30.720
1770107168.885975,7572,256,1770107168.855027,30.948
1770107168.886570,7573,256,1770107168.855767,30.803
1770107168.886928,7574,256,1770107168.856207,30.721
1770107168.889495,7575,256,1770107168.858590,30.905
1770107168.892237,7576,256,1770107168.861389,30.848
1770107168.892482,7577,256,1770107168.861619,30.864
1770107168.893415,7579,256,1770107168.862658,30.757
1770107168.895736,7580,256,1770107168.864881,30.855
1770107168.899016,7582,256,1770107168.868055,30.962
1770107168.899996,7584,256,1770107168.869176,30.820
1770107168.903807,7585,256,1770107168.872803,31.004
1770107168.907087,7586,256,1770107168.876260,30.827
1770107168.908826,7587,256,1770107168.877989,30.837
1770107168.914463,7588,256,1770107168.883623,30.840
1770107168.915104,7589,256,1770107168.884343,30.761
1770107168.915992,7590,256,1770107168.884608,31.384
1770107168.916263,7591,256,1770107168.885130,31.133
1770107168.916565,7592,256,1770107168.885276,31.289
1770107168.917173,7593,256,1770107168.886085,31.088
1770107168.918113,7594,256,1770107168.887343,30.770
1770107168.920805,7595,256,1770107168.889842,30.963
1770107168.920983,7596,256,1770107168.890215,30.768
1770107168.922478,7597,256,1770107168.891522,30.957
1770107168.922775,7598,256,1770107168.891561,31.214
1770107168.925631,7600,256,1770107168.894865,30.766
1770107168.927717,7601,256,1770107168.896725,30.992
1770107168.928401,7602,256,1770107168.897660,30.742
1770107168.930214,7603,256,1770107168.899422,30.792
1770107168.935724,7605,256,1770107168.904941,30.783
1770107168.942364,7608,256,1770107168.911288,31.076
1770107168.949088,7610,256,1770107168.918207,30.882
1770107168.950145,7611,256,1770107168.919228,30.917
1770107168.950490,7612,256,1770107168.919636,30.854
1770107168.951240,7613,256,1770107168.920349,30.891
1770107168.951461,7614,256,1770107168.920508,30.953
1770107168.954341,7615,256,1770107168.923423,30.919
1770107168.954765,7616,256,1770107168.923918,30.846
1770107168.955122,7618,256,1770107168.924413,30.708
1770107168.957232,7620,256,1770107168.926416,30.815
1770107168.959244,7621,256,1770107168.928332,30.913
1770107168.960269,7623,256,1770107168.929426,30.843
1770107168.960547,7624,256,1770107168.929564,30.983
1770107168.961471,7625,256,1770107168.930419,31.051
1770107168.962470,7626,256,1770107168.931733,30.737
1770107168.968850,7627,256,1770107168.937766,31.084
1770107168.969075,7628,256,1770107168.937926,31.150
1770107168.972008,7629,256,1770107168.941152,30.855
1770107168.973027,7630,256,1770107168.942159,30.868
1770107168.974025,7631,256,1770107168.942871,31.154
1770107168.974169,7632,256,1770107168.943265,30.903
1770107168.975995,7634,256,1770107168.945144,30.850
1770107168.977987,7635,256,1770107168.947160,30.827
1770107168.979249,7636,256,1770107168.948385,30.864
1770107168.979837,7637,256,1770107168.948876,30.961
1770107168.980229,7638,256,1770107168.949502,30.727
1770107168.980886,7639,256,1770107168.950153,30.733
1770107168.981774,7640,256,1770107168.950926,30.848
1770107168.985297,7642,256,1770107168.954442,30.856
1770107168.988305,7643,256,1770107168.957326,30.979
1770107168.988431,7644,256,1770107168.957581,30.851
1770107168.988850,7645,256,1770107168.957797,31.054
1770107168.989023,7646,256,1770107168.958022,31.001
1770107168.989540,7647,256,1770107168.958779,30.761
1770107168.989839,7648,256,1770107168.958868,30.972
1770107168.990129,7649,256,1770107168.959213,30.916
1770107168.990418,7650,256,1770107168.959275,31.144
1770107168.990716,7651,256,1770107168.959853,30.862
1770107168.995624,7654,256,1770107168.964578,31.045
1770107168.995917,7655,256,1770107168.964721,31.195
1770107168.997045,7656,256,1770107168.966258,30.788
1770107168.997314,7657,256,1770107168.966515,30.799
1770107168.999278,7660,256,1770107168.968360,30.918
1770107169.001774,7661,256,1770107168.970829,30.945
1770107169.002722,7662,256,1770107168.971935,30.787
1770107169.006236,7664,256,1770107168.975417,30.819
1770107169.008693,7666,256,1770107168.977636,31.057
1770107169.009990,7667,256,1770107168.979203,30.788
1770107169.015642,7669,256,1770107168.984757,30.885
1770107169.015896,7670,256,1770107168.985080,30.816
1770107169.016223,7671,256,1770107168.985372,30.851
1770107169.017183,7672,256,1770107168.986265,30.918
1770107169.018117,7673,256,1770107168.986993,31.125
1770107169.018308,7674,256,1770107168.987391,30.917
1770107169.021098,7677,256,1770107168.990158,30.940
1770107169.025409,7678,256,1770107168.994536,30.872
1770107169.025970,7679,256,1770107168.994660,31.310
1770107169.026266,7680,256,1770107168.995241,31.025
1770107169.026564,7681,256,1770107168.995353,31.211
1770107169.029109,7682,256,1770107168.998131,30.978
1770107169.030749,7683,256,1770107168.999868,30.881
1770107169.031677,7684,256,1770107169.000750,30.927
1770107169.037414,7686,256,1770107169.006613,30.801
1770107169.039744,7689,256,1770107169.008941,30.803
1770107169.040577,7690,256,1770107169.009821,30.756
1770107169.043853,7691,256,1770107169.013091,30.762
1770107169.047913,7692,256,1770107169.017125,30.788
1770107169.048812,7693,256,1770107169.018013,30.799
1770107169.050773,7694,256,1770107169.019850,30.923
1770107169.055132,7695,256,1770107169.024349,30.783
1770107169.055384,7696,256,1770107169.024466,30.918
1770107169.056285,7697,256,1770107169.025556,30.729
1770107169.057208,7698,256,1770107169.026362,30.846
1770107169.057670,7699,256,1770107169.026845,30.825
1770107169.058535,7700,256,1770107169.027803,30.732
1770107169.058839,7701,256,1770107169.027915,30.924
1770107169.059121,7702,256,1770107169.027959,31.163
1770107169.059417,7703,256,1770107169.028080,31.338
1770107169.060587,7704,256,1770107169.029805,30.781
1770107169.063422,7705,256,1770107169.032491,30.931
1770107169.064938,7707,256,1770107169.033981,30.957
1770107169.065600,7708,256,1770107169.034786,30.813
1770107169.067084,7709,256,1770107169.036221,30.863
1770107169.067951,7710,256,1770107169.037104,30.847
1770107169.070460,7711,256,1770107169.039623,30.837
1770107169.070851,7712,256,1770107169.040091,30.760
1770107169.073406,7713,256,1770107169.042662,30.744
1770107169.074001,7714,256,1770107169.043061,30.940
1770107169.077325,7716,256,1770107169.046324,31.001
1770107169.077656,7717,256,1770107169.046452,31.203
1770107169.077914,7718,256,1770107169.046640,31.275
1770107169.078988,7719,256,1770107169.048210,30.777
1770107169.079432,7720,256,1770107169.048717,30.714
1770107169.082669,7721,256,1770107169.051912,30.757
1770107169.083088,7722,256,1770107169.052329,30.759
1770107169.083822,7723,256,1770107169.052675,31.147
1770107169.084146,7724,256,1770107169.053416,30.730
1770107169.084428,7725,256,1770107169.053569,30.859
1770107169.088070,7726,256,1770107169.057305,30.765
1770107169.088894,7727,256,1770107169.058079,30.815
1770107169.089180,7728,256,1770107169.058238,30.942
1770107169.089600,7729,256,1770107169.058711,30.889
1770107169.092152,7730,256,1770107169.061395,30.757
1770107169.093632,7731,256,1770107169.062890,30.743
1770107169.094245,7732,256,1770107169.063148,31.097
1770107169.096615,7733,256,1770107169.065655,30.960
1770107169.098330,7735,256,1770107169.067460,30.869
1770107169.098797,7737,256,1770107169.067837,30.960
1770107169.099071,7738,256,1770107169.068021,31.049
1770107169.099543,7739,256,1770107169.068709,30.834
1770107169.099832,7740,256,1770107169.068904,30.928
1770107169.100578,7742,256,1770107169.069811,30.767
1770107169.102020,7743,256,1770107169.071232,30.788
1770107169.102826,7744,256,1770107169.071969,30.858
1770107169.105664,7746,256,1770107169.074652,31.011
1770107169.109110,7748,256,1770107169.078110,31.000
1770107169.109901,7749,256,1770107169.079076,30.825
1770107169.111475,7750,256,1770107169.080486,30.990
1770107169.112101,7751,256,1770107169.081338,30.763
1770107169.112460,7752,256,1770107169.081642,30.818
1770107169.112984,7753,256,1770107169.082140,30.843
1770107169.114455,7755,256,1770107169.083338,31.117
1770107169.114748,7756,256,1770107169.083506,31.242
1770107169.115345,7757,256,1770107169.084352,30.994
1770107169.117363,7758,256,1770107169.086257,31.106
1770107169.120020,7760,256,1770107169.089129,30.890
1770107169.121494,7762,256,1770107169.090742,30.752
1770107169.121828,7763,256,1770107169.090809,31.019
1770107169.123750,7764,256,1770107169.092942,30.808
1770107169.124722,7765,256,1770107169.093691,31.032
1770107169.126868,7766,256,1770107169.096066,30.802
1770107169.130259,7768,256,1770107169.099496,30.763
1770107169.136157,7769,256,1770107169.105356,30.802
1770107169.136428,7770,256,1770107169.105481,30.947
1770107169.140686,7771,256,1770107169.109695,30.991
1770107169.140966,7772,256,1770107169.109829,31.137
1770107169.146243,7775,256,1770107169.115365,30.877
1770107169.147665,7777,256,1770107169.116843,30.822
1770107169.151914,7778,256,1770107169.121112,30.802
1770107169.152383,7779,256,1770107169.121633,30.751
1770107169.152671,7780,256,1770107169.121778,30.893
1770107169.154252,7781,256,1770107169.123492,30.761
1770107169.155493,7783,256,1770107169.124646,30.847
1770107169.157089,7784,256,1770107169.126175,30.914
1770107169.158467,7786,256,1770107169.127584,30.884
1770107169.159226,7787,256,1770107169.128460,30.766
1770107169.160270,7788,256,1770107169.129467,30.803
1770107169.162266,7789,256,1770107169.131454,30.812
1770107169.163596,7791,256,1770107169.132276,31.320
1770107169.164828,7792,256,1770107169.134044,30.784
1770107169.165529,7793,256,1770107169.134644,30.885
1770107169.166858,7794,256,1770107169.136136,30.722
1770107169.168131,7795,256,1770107169.137372,30.759
1770107169.169509,7796,256,1770107169.138739,30.771
1770107169.171920,7797,256,1770107169.141099,30.821
1770107169.172430,7798,256,1770107169.141672,30.757
1770107169.177526,7801,256,1770107169.146493,31.033
1770107169.177817,7802,256,1770107169.146837,30.981
1770107169.178108,7803,256,1770107169.146988,31.120
1770107169.183851,7805,256,1770107169.153006,30.845
1770107169.184117,7806,256,1770107169.153368,30.749
1770107169.185918,7807,256,1770107169.154978,30.940
1770107169.188036,7808,256,1770107169.157251,30.785
1770107169.191898,7810,256,1770107169.161123,30.775
1770107169.196128,7811,256,1770107169.165361,30.766
1770107169.196442,7812,256,1770107169.165726,30.716
1770107169.197433,7813,256,1770107169.166714,30.719
1770107169.199075,7814,256,1770107169.168315,30.759
1770107169.199538,7815,256,1770107169.168509,31.029
1770107169.202032,7816,256,1770107169.171196,30.836
1770107169.202830,7817,256,1770107169.172005,30.825
1770107169.205954,7818,256,1770107169.175138,30.817
1770107169.213794,7819,256,1770107169.182935,30.859
1770107169.214052,7820,256,1770107169.183021,31.030
1770107169.215423,7821,256,1770107169.184612,30.811
1770107169.217754,7822,256,1770107169.186963,30.791
1770107169.219034,7823,256,1770107169.188167,30.867
1770107169.220234,7824,256,1770107169.189440,30.794
1770107169.220491,7825,256,1770107169.189491,31.000
1770107169.226824,7826,256,1770107169.196011,30.813
1770107169.229413,7827,256,1770107169.198631,30.783
1770107169.230880,7828,256,1770107169.199923,30.957
1770107169.231176,7829,256,1770107169.200363,30.813
1770107169.231480,7830,256,1770107169.200440,31.039
1770107169.231811,7831,256,1770107169.200747,31.063
1770107169.235353,7833,256,1770107169.204510,30.843
1770107169.236832,7834,256,1770107169.206006,30.826
1770107169.242302,7837,256,1770107169.211405,30.898
1770107169.243227,7838,256,1770107169.212386,30.842
1770107169.244679,7839,256,1770107169.213888,30.791
1770107169.245489,7840,256,1770107169.214606,30.883
1770107169.248746,7843,256,1770107169.217867,30.878
1770107169.249393,7844,256,1770107169.218371,31.022
1770107169.250097,7845,256,1770107169.219342,30.755
1770107169.251306,7847,256,1770107169.220543,30.764
1770107169.252473,7848,256,1770107169.221599,30.874
1770107169.253228,7849,256,1770107169.222249,30.979
1770107169.253825,7850,256,1770107169.222879,30.946
1770107169.257079,7851,256,1770107169.226047,31.033
1770107169.259856,7852,256,1770107169.229022,30.834
1770107169.260283,7853,256,1770107169.229532,30.751
1770107169.260597,7854,256,1770107169.229832,30.765
1770107169.261926,7856,256,1770107169.230800,31.126
1770107169.263414,7857,256,1770107169.231648,31.766
1770107169.263989,7858,256,1770107169.232898,31.091
1770107169.264606,7859,256,1770107169.233373,31.233
1770107169.264901,7860,256,1770107169.233912,30.988
1770107169.269183,7861,256,1770107169.238353,30.830
1770107169.269406,7862,256,1770107169.238411,30.995
1770107169.270329,7863,256,1770107169.239469,30.859
1770107169.271423,7864,256,1770107169.240564,30.859
1770107169.274022,7866,256,1770107169.242817,31.205
1770107169.277643,7867,256,1770107169.246654,30.989
1770107169.277899,7868,256,1770107169.247118,30.781
1770107169.279452,7869,256,1770107169.248577,30.875
1770107169.279957,7870,256,1770107169.249089,30.868
1770107169.280277,7871,256,1770107169.249351,30.926
1770107169.280618,7873,256,1770107169.249663,30.955
1770107169.281250,7874,256,1770107169.249715,31.534
1770107169.281520,7875,256,1770107169.250553,30.967
1770107169.283418,7878,256,1770107169.252549,30.868
1770107169.286433,7880,256,1770107169.255330,31.103
1770107169.286688,7881,256,1770107169.255753,30.935
1770107169.287276,7882,256,1770107169.256089,31.187
1770107169.289706,7883,256,1770107169.258564,31.142
1770107169.290208,7884,256,1770107169.259390,30.818
1770107169.290532,7885,256,1770107169.259784,30.748
1770107169.291124,7886,256,1770107169.259847,31.276
1770107169.291442,7887,256,1770107169.260166,31.276
1770107169.291720,7888,256,1770107169.260508,31.213
1770107169.292017,7889,256,1770107169.260584,31.433
1770107169.296181,7890,256,1770107169.265248,30.933
1770107169.297665,7891,256,1770107169.266831,30.834
1770107169.298753,7892,256,1770107169.267939,30.815
1770107169.300549,7893,256,1770107169.269728,30.821
1770107169.304141,7895,256,1770107169.272953,31.189
1770107169.304464,7896,256,1770107169.273320,31.144
1770107169.305925,7897,256,1770107169.275058,30.867
1770107169.316681,7900,256,1770107169.285364,31.317
1770107169.317217,7901,256,1770107169.286341,30.876
1770107169.321066,7904,256,1770107169.289943,31.124
1770107169.326508,7905,256,1770107169.295550,30.958
1770107169.330517,7906,256,1770107169.299631,30.886
1770107169.332649,7907,256,1770107169.301556,31.093
1770107169.334062,7909,256,1770107169.303299,30.763
1770107169.337118,7910,256,1770107169.306213,30.905
1770107169.337583,7911,256,1770107169.306709,30.874
1770107169.343223,7913,256,1770107169.311996,31.227
1770107169.343496,7914,256,1770107169.312667,30.829
1770107169.344619,7915,256,1770107169.313653,30.965
1770107169.345061,7916,256,1770107169.314218,30.842
1770107169.347442,7917,256,1770107169.316392,31.050
1770107169.348323,7918,256,1770107169.317258,31.064
1770107169.348580,7919,256,1770107169.317713,30.867
1770107169.351709,7921,256,1770107169.320782,30.927
1770107169.353728,7923,256,1770107169.322885,30.843
1770107169.357737,7924,256,1770107169.326516,31.221
1770107169.357979,7925,256,1770107169.327024,30.955
1770107169.358326,7926,256,1770107169.327288,31.038
1770107169.360255,7927,256,1770107169.329404,30.851
1770107169.360504,7928,256,1770107169.329604,30.900
1770107169.362675,7929,256,1770107169.331748,30.928
1770107169.367043,7932,256,1770107169.336221,30.822
1770107169.368287,7933,256,1770107169.337427,30.860
1770107169.368564,7934,256,1770107169.337623,30.941
1770107169.368869,7935,256,1770107169.337899,30.970
1770107169.369897,7936,256,1770107169.339087,30.810
1770107169.372667,7937,256,1770107169.341772,30.895
1770107169.373771,7938,256,1770107169.342884,30.887
1770107169.375226,7939,256,1770107169.344076,31.150
1770107169.376662,7940,256,1770107169.345771,30.891
1770107169.377867,7943,256,1770107169.346532,31.335
1770107169.378175,7944,256,1770107169.347353,30.821
1770107169.381594,7945,256,1770107169.350727,30.866
1770107169.383517,7946,256,1770107169.352666,30.851
1770107169.383791,7947,256,1770107169.352759,31.033
1770107169.385748,7949,256,1770107169.354934,30.814
1770107169.385990,7950,256,1770107169.354983,31.007
1770107169.390928,7951,256,1770107169.360029,30.899
1770107169.391601,7952,256,1770107169.360749,30.852
1770107169.391871,7953,256,1770107169.360909,30.963
1770107169.392496,7954,256,1770107169.361706,30.790
1770107169.392802,7955,256,1770107169.361907,30.895
1770107169.393327,7956,256,1770107169.362509,30.818
1770107169.394525,7959,256,1770107169.363651,30.874
1770107169.395036,7960,256,1770107169.364209,30.827
1770107169.397331,7961,256,1770107169.366510,30.821
1770107169.399063,7962,256,1770107169.368208,30.854
1770107169.400468,7963,256,1770107169.369649,30.819
1770107169.402368,7964,256,1770107169.371528,30.840
1770107169.402663,7965,256,1770107169.371587,31.076
1770107169.407775,7967,256,1770107169.376871,30.903
1770107169.408004,7968,256,1770107169.377033,30.971
1770107169.408295,7969,256,1770107169.377313,30.982
1770107169.408627,7970,256,1770107169.377349,31.278
1770107169.408895,7971,256,1770107169.377732,31.164
1770107169.409518,7972,256,1770107169.378754,30.764
1770107169.414289,7973,256,1770107169.383393,30.897
1770107169.415088,7974,256,1770107169.384286,30.802
1770107169.415964,7975,256,1770107169.385213,30.751
1770107169.416997,7976,256,1770107169.386096,30.902
1770107169.417458,7977,256,1770107169.386694,30.764
1770107169.419981,7980,256,1770107169.389218,30.764
1770107169.420265,7981,256,1770107169.389410,30.855
1770107169.422001,7982,256,1770107169.391101,30.900
1770107169.422263,7983,256,1770107169.391336,30.927
1770107169.423782,7984,256,1770107169.392847,30.935
1770107169.424388,7985,256,1770107169.393034,31.355
1770107169.425514,7986,256,1770107169.393726,31.788
1770107169.427493,7987,256,1770107169.396614,30.879
1770107169.427803,7988,256,1770107169.396832,30.971
1770107169.428636,7989,256,1770107169.397820,30.816
1770107169.428915,7990,256,1770107169.397922,30.993
1770107169.429514,7991,256,1770107169.398615,30.899
1770107169.432963,7992,256,1770107169.402063,30.900
1770107169.433761,7993,256,1770107169.402839,30.922
1770107169.435632,7994,256,1770107169.404720,30.911
1770107169.436456,7995,256,1770107169.405169,31.287
1770107169.438011,7996,256,1770107169.406876,31.135
1770107169.438264,7997,256,1770107169.407481,30.782
1770107169.439804,7998,256,1770107169.408974,30.830
1770107169.441083,7999,256,1770107169.410228,30.856
1770107169.444480,8000,256,1770107169.413492,30.987
1770107169.444765,8001,256,1770107169.413695,31.070
1770107169.445114,8003,256,1770107169.414139,30.976
1770107169.446721,8004,256,1770107169.415828,30.894
1770107169.447662,8005,256,1770107169.416637,31.025
1770107169.448926,8006,256,1770107169.417913,31.013
1770107169.449523,8007,256,1770107169.418620,30.904
1770107169.452107,8009,256,1770107169.421264,30.843
1770107169.457417,8011,256,1770107169.426484,30.933
1770107169.460785,8012,256,1770107169.429855,30.930
1770107169.461334,8013,256,1770107169.430330,31.004
1770107169.461690,8014,256,1770107169.430825,30.866
1770107169.462259,8015,256,1770107169.431411,30.848
1770107169.462846,8016,256,1770107169.432064,30.782
1770107169.463804,8017,256,1770107169.432956,30.849
1770107169.467483,8018,256,1770107169.436565,30.918
1770107169.468854,8019,256,1770107169.437973,30.881
1770107169.469691,8020,256,1770107169.438632,31.058
1770107169.469963,8021,256,1770107169.438705,31.258
1770107169.475779,8022,256,1770107169.444833,30.946
1770107169.476015,8023,256,1770107169.445041,30.973
1770107169.476400,8024,256,1770107169.445376,31.024
1770107169.477031,8025,256,1770107169.446169,30.863
1770107169.477322,8026,256,1770107169.446277,31.045
1770107169.477727,8028,256,1770107169.446608,31.119
1770107169.478005,8029,256,1770107169.446883,31.122
1770107169.478639,8030,256,1770107169.447225,31.413
1770107169.478932,8031,256,1770107169.447846,31.086
1770107169.482306,8032,256,1770107169.451396,30.910
1770107169.484791,8034,256,1770107169.453843,30.948
1770107169.485829,8035,256,1770107169.454847,30.982
1770107169.486110,8036,256,1770107169.455314,30.796
1770107169.487181,8037,256,1770107169.456263,30.918
1770107169.489425,8038,256,1770107169.458367,31.058
1770107169.489623,8039,256,1770107169.458664,30.959
1770107169.489897,8040,256,1770107169.458772,31.125
1770107169.490181,8041,256,1770107169.458994,31.188
1770107169.491476,8042,256,1770107169.460591,30.885
1770107169.492802,8044,256,1770107169.461913,30.890
1770107169.493049,8045,256,1770107169.462089,30.959
1770107169.495805,8047,256,1770107169.464814,30.991
1770107169.497993,8049,256,1770107169.467053,30.940
1770107169.498757,8050,256,1770107169.467941,30.816
1770107169.499042,8051,256,1770107169.468206,30.836
1770107169.499338,8052,256,1770107169.468242,31.096
1770107169.499827,8053,256,1770107169.469071,30.756
1770107169.500125,8054,256,1770107169.469136,30.989
1770107169.500424,8055,256,1770107169.469402,31.023
1770107169.501711,8056,256,1770107169.470921,30.790
1770107169.501985,8057,256,1770107169.470996,30.989
1770107169.502398,8058,256,1770107169.471031,31.367
1770107169.502624,8059,256,1770107169.471850,30.774
1770107169.504162,8060,256,1770107169.473031,31.131
1770107169.506166,8064,256,1770107169.474848,31.318
1770107169.506378,8065,256,1770107169.475466,30.913
1770107169.507435,8066,256,1770107169.476521,30.914
1770107169.509765,8068,256,1770107169.478750,31.016
1770107169.510084,8069,256,1770107169.479164,30.920
1770107169.513026,8070,256,1770107169.482006,31.019
1770107169.513422,8071,256,1770107169.482573,30.849
1770107169.514702,8072,256,1770107169.483896,30.806
1770107169.515837,8074,256,1770107169.485030,30.807
1770107169.517835,8076,256,1770107169.486964,30.872
1770107169.518072,8077,256,1770107169.487101,30.971
1770107169.518487,8079,256,1770107169.487604,30.883
1770107169.518813,8080,256,1770107169.487823,30.990
1770107169.520467,8082,256,1770107169.489547,30.920
1770107169.523502,8083,256,1770107169.492411,31.091
1770107169.526637,8084,256,1770107169.495729,30.908
1770107169.527214,8085,256,1770107169.496383,30.830
1770107169.527720,8086,256,1770107169.496621,31.099
1770107169.529804,8087,256,1770107169.498912,30.892
1770107169.533096,8089,256,1770107169.502107,30.989
1770107169.533324,8090,256,1770107169.502394,30.930
1770107169.536422,8091,256,1770107169.504671,31.751
1770107169.540916,8092,256,1770107169.509941,30.975
1770107169.541131,8093,256,1770107169.510227,30.904
1770107169.541443,8094,256,1770107169.510353,31.090
1770107169.542021,8095,256,1770107169.510835,31.186
1770107169.544419,8096,256,1770107169.513433,30.986
1770107169.545095,8097,256,1770107169.514042,31.053
1770107169.550125,8099,256,1770107169.519291,30.835
1770107169.553231,8101,256,1770107169.522302,30.929
1770107169.553636,8102,256,1770107169.522832,30.804
1770107169.554287,8103,256,1770107169.523536,30.751
1770107169.554866,8104,256,1770107169.524122,30.744
1770107169.555160,8105,256,1770107169.524217,30.943
1770107169.555588,8107,256,1770107169.524555,31.033
1770107169.555919,8108,256,1770107169.525054,30.865
1770107169.556761,8109,256,1770107169.525924,30.837
1770107169.557517,8110,256,1770107169.526655,30.862
1770107169.560336,8111,256,1770107169.529117,31.219
1770107169.566401,8113,256,1770107169.535266,31.135
1770107169.570100,8114,256,1770107169.539135,30.965
1770107169.574338,8117,256,1770107169.543315,31.023
1770107169.576404,8118,256,1770107169.545473,30.931
1770107169.577795,8119,256,1770107169.546499,31.296
1770107169.578103,8120,256,1770107169.547137,30.966
1770107169.578854,8121,256,1770107169.547992,30.862
1770107169.579149,8122,256,1770107169.548396,30.753
1770107169.579571,8123,256,1770107169.548765,30.806
1770107169.579901,8124,256,1770107169.549160,30.741
1770107169.581326,8125,256,1770107169.550598,30.728
1770107169.585509,8126,256,1770107169.554535,30.973
1770107169.585760,8127,256,1770107169.555018,30.742
1770107169.586044,8128,256,1770107169.555250,30.794
1770107169.587399,8129,256,1770107169.556658,30.742
1770107169.587686,8130,256,1770107169.556695,30.991
1770107169.588840,8131,256,1770107169.557813,31.027
1770107169.589753,8132,256,1770107169.558887,30.866
1770107169.592086,8133,256,1770107169.561117,30.969
1770107169.593911,8134,256,1770107169.563103,30.807
1770107169.594140,8135,256,1770107169.563213,30.927
1770107169.595260,8136,256,1770107169.564338,30.921
1770107169.595544,8137,256,1770107169.564541,31.003
1770107169.595934,8139,256,1770107169.564796,31.138
1770107169.600676,8141,256,1770107169.569353,31.323
1770107169.600958,8142,256,1770107169.570057,30.901
1770107169.603455,8143,256,1770107169.572400,31.055
1770107169.604229,8144,256,1770107169.573364,30.864
1770107169.604482,8145,256,1770107169.573519,30.963
1770107169.609462,8146,256,1770107169.578492,30.970
1770107169.610073,8147,256,1770107169.579209,30.864
1770107169.611627,8148,256,1770107169.580748,30.880
1770107169.619172,8150,256,1770107169.588256,30.916
1770107169.619762,8151,256,1770107169.588946,30.816
1770107169.627073,8152,256,1770107169.596059,31.014
1770107169.630304,8153,256,1770107169.599377,30.926
1770107169.630578,8154,256,1770107169.599585,30.993
1770107169.631116,8155,256,1770107169.599802,31.314
1770107169.635372,8157,256,1770107169.604307,31.065
1770107169.635473,8158,256,1770107169.604738,30.735
1770107169.639939,8160,256,1770107169.609069,30.870
1770107169.641891,8161,256,1770107169.610985,30.906
1770107169.643012,8162,256,1770107169.611990,31.022
1770107169.643114,8163,256,1770107169.612113,31.001
1770107169.647405,8164,256,1770107169.616427,30.977
1770107169.649654,8165,256,1770107169.618837,30.817
1770107169.651236,8167,256,1770107169.620436,30.800
1770107169.651713,8168,256,1770107169.620949,30.765
1770107169.653010,8169,256,1770107169.621763,31.247
1770107169.653607,8170,256,1770107169.622350,31.258
1770107169.654055,8172,256,1770107169.623301,30.754
1770107169.656160,8173,256,1770107169.625412,30.748
1770107169.657816,8174,256,1770107169.626837,30.978
1770107169.661197,8175,256,1770107169.630417,30.780
1770107169.664456,8176,256,1770107169.633453,31.003
1770107169.664742,8178,256,1770107169.633668,31.074
1770107169.667923,8182,256,1770107169.637177,30.747
1770107169.669046,8183,256,1770107169.638288,30.758
1770107169.672797,8185,256,1770107169.641861,30.936
1770107169.675572,8186,256,1770107169.644460,31.112
1770107169.675771,8187,256,1770107169.645047,30.725
1770107169.676075,8188,256,1770107169.645203,30.872
1770107169.676786,8189,256,1770107169.646044,30.743
1770107169.677165,8190,256,1770107169.646436,30.729
1770107169.679143,8191,256,1770107169.648379,30.765
1770107169.682599,8194,256,1770107169.651823,30.776
1770107169.683460,8195,256,1770107169.652727,30.733
1770107169.686005,8196,256,1770107169.655233,30.772
1770107169.687902,8197,256,1770107169.656623,31.278
1770107169.688338,8198,256,1770107169.657560,30.778
1770107169.689458,8200,256,1770107169.658545,30.912
1770107169.689751,8201,256,1770107169.658817,30.934
1770107169.691202,8202,256,1770107169.660433,30.768
1770107169.691452,8203,256,1770107169.660587,30.865
1770107169.691910,8204,256,1770107169.661196,30.714
1770107169.692687,8205,256,1770107169.661970,30.716
1770107169.700962,8207,256,1770107169.670071,30.891
1770107169.701106,8208,256,1770107169.670152,30.954
1770107169.701919,8209,256,1770107169.671201,30.718
1770107169.703135,8210,256,1770107169.672427,30.708
1770107169.705338,8211,256,1770107169.674610,30.728
1770107169.707075,8214,256,1770107169.676223,30.852
1770107169.708067,8215,256,1770107169.677355,30.712
1770107169.708748,8216,256,1770107169.678013,30.735
1770107169.709572,8217,256,1770107169.678849,30.723
1770107169.711845,8218,256,1770107169.681087,30.759
1770107169.712250,8219,256,1770107169.681532,30.718
1770107169.712566,8220,256,1770107169.681854,30.712
1770107169.716096,8221,256,1770107169.685345,30.751
1770107169.718417,8222,256,1770107169.687688,30.730
1770107169.722319,8224,256,1770107169.691565,30.754
1770107169.722682,8225,256,1770107169.691945,30.737
1770107169.724794,8226,256,1770107169.693819,30.975
1770107169.726006,8227,256,1770107169.695299,30.707
1770107169.728052,8229,256,1770107169.697325,30.726
1770107169.730576,8230,256,1770107169.699323,31.252
1770107169.730865,8231,256,1770107169.700058,30.807
1770107169.732026,8232,256,1770107169.701287,30.739
1770107169.732693,8233,256,1770107169.701971,30.722
1770107169.732991,8234,256,1770107169.702037,30.954
1770107169.737727,8235,256,1770107169.706987,30.740
1770107169.738024,8236,256,1770107169.707059,30.965
1770107169.738323,8237,256,1770107169.707474,30.849
1770107169.739599,8238,256,1770107169.708856,30.743
1770107169.740469,8239,256,1770107169.709749,30.719
1770107169.740940,8240,256,1770107169.710236,30.704
1770107169.742917,8241,256,1770107169.712204,30.712
1770107169.744299,8242,256,1770107169.713538,30.760
1770107169.744596,8243,256,1770107169.713595,31.001
1770107169.746249,8244,256,1770107169.715526,30.723
1770107169.746548,8245,256,1770107169.715564,30.984
1770107169.749720,8246,256,1770107169.718955,30.765
1770107169.752460,8247,256,1770107169.721703,30.757
1770107169.752757,8248,256,1770107169.721806,30.951
1770107169.753162,8250,256,1770107169.721968,31.194
1770107169.753461,8251,256,1770107169.722378,31.083
1770107169.755205,8253,256,1770107169.724488,30.718
1770107169.756534,8254,256,1770107169.725807,30.727
1770107169.757981,8256,256,1770107169.727262,30.719
1770107169.759206,8257,256,1770107169.728473,30.733
1770107169.760247,8258,256,1770107169.729072,31.175
1770107169.760741,8259,256,1770107169.729939,30.801
1770107169.761085,8260,256,1770107169.730346,30.739
1770107169.762990,8264,256,1770107169.732269,30.721
1770107169.765254,8266,256,1770107169.734318,30.936
1770107169.769499,8267,256,1770107169.738751,30.748
1770107169.770002,8269,256,1770107169.739259,30.743
1770107169.773154,8270,256,1770107169.742352,30.802
1770107169.773963,8272,256,1770107169.743098,30.865
1770107169.775748,8274,256,1770107169.744635,31.113
1770107169.779485,8275,256,1770107169.748720,30.765
1770107169.779738,8276,256,1770107169.749029,30.708
1770107169.780711,8277,256,1770107169.749522,31.190
1770107169.781693,8278,256,1770107169.750926,30.767
1770107169.782157,8279,256,1770107169.751419,30.738
1770107169.782647,8281,256,1770107169.751729,30.918
1770107169.785543,8283,256,1770107169.754653,30.890
1770107169.787511,8285,256,1770107169.756678,30.833
1770107169.789418,8287,256,1770107169.758702,30.716
1770107169.790359,8288,256,1770107169.759629,30.730
1770107169.792661,8289,256,1770107169.761805,30.856
1770107169.793030,8290,256,1770107169.762277,30.752
1770107169.793973,8291,256,1770107169.763002,30.970
1770107169.800425,8292,256,1770107169.769505,30.920
1770107169.802813,8294,256,1770107169.772052,30.761
1770107169.803085,8295,256,1770107169.772285,30.800
1770107169.804426,8296,256,1770107169.773673,30.753
1770107169.806432,8297,256,1770107169.775651,30.781
1770107169.807015,8298,256,1770107169.776018,30.997
1770107169.809006,8299,256,1770107169.778224,30.781
1770107169.811128,8300,256,1770107169.779804,31.323
1770107169.811987,8302,256,1770107169.781242,30.745
1770107169.814304,8303,256,1770107169.783499,30.804
1770107169.817891,8304,256,1770107169.787024,30.866
1770107169.819927,8305,256,1770107169.788982,30.945
1770107169.820138,8306,256,1770107169.789061,31.077
1770107169.823302,8307,256,1770107169.792509,30.793
1770107169.827874,8308,256,1770107169.796875,30.999
1770107169.828003,8309,256,1770107169.797209,30.795
1770107169.830775,8310,256,1770107169.799784,30.991
1770107169.831011,8311,256,1770107169.800182,30.829
1770107169.831617,8312,256,1770107169.800712,30.905
1770107169.833446,8313,256,1770107169.802525,30.921
1770107169.840304,8315,256,1770107169.809378,30.925
1770107169.844535,8316,256,1770107169.813720,30.815
1770107169.845233,8317,256,1770107169.814437,30.796
1770107169.845777,8318,256,1770107169.815024,30.753
1770107169.850100,8319,256,1770107169.819136,30.964
1770107169.851373,8320,256,1770107169.820467,30.906
1770107169.852664,8321,256,1770107169.821629,31.035
1770107169.855591,8322,256,1770107169.824766,30.825
1770107169.858002,8323,256,1770107169.827131,30.871
1770107169.859256,8324,256,1770107169.828420,30.836
1770107169.861841,8325,256,1770107169.830936,30.905
1770107169.862109,8326,256,1770107169.831086,31.023
1770107169.862397,8327,256,1770107169.831624,30.773
1770107169.863629,8328,256,1770107169.832883,30.746
1770107169.865237,8330,256,1770107169.834459,30.778
1770107169.867002,8331,256,1770107169.836261,30.740
1770107169.867886,8333,256,1770107169.837157,30.729
1770107169.870847,8334,256,1770107169.839945,30.902
1770107169.871137,8335,256,1770107169.840209,30.927
1770107169.871495,8337,256,1770107169.840530,30.965
1770107169.871722,8338,256,1770107169.840566,31.156
1770107169.873451,8339,256,1770107169.842635,30.816
1770107169.874172,8340,256,1770107169.843400,30.772
1770107169.874660,8341,256,1770107169.843811,30.849
1770107169.874908,8342,256,1770107169.844112,30.796
1770107169.877205,8345,256,1770107169.846450,30.755
1770107169.881381,8347,256,1770107169.850534,30.847
1770107169.881681,8348,256,1770107169.850758,30.923
1770107169.882533,8349,256,1770107169.851702,30.831
1770107169.882839,8350,256,1770107169.852093,30.746
1770107169.883126,8351,256,1770107169.852158,30.969
1770107169.883435,8352,256,1770107169.852567,30.867
1770107169.883725,8353,256,1770107169.852885,30.840
1770107169.884429,8354,256,1770107169.853696,30.733
1770107169.885909,8355,256,1770107169.854865,31.044
1770107169.890043,8356,256,1770107169.859127,30.917
1770107169.890326,8357,256,1770107169.859411,30.915
1770107169.891958,8358,256,1770107169.861107,30.850
1770107169.893540,8359,256,1770107169.862745,30.794
1770107169.893827,8360,256,1770107169.862870,30.958
1770107169.898001,8361,256,1770107169.867158,30.843
1770107169.899067,8362,256,1770107169.868294,30.774
1770107169.900195,8363,256,1770107169.869439,30.756
1770107169.900938,8364,256,1770107169.870225,30.713
1770107169.901721,8366,256,1770107169.870993,30.728
1770107169.904248,8367,256,1770107169.873485,30.763
1770107169.905945,8368,256,1770107169.875180,30.765
1770107169.907249,8369,256,1770107169.876485,30.764
1770107169.907538,8370,256,1770107169.876708,30.830
1770107169.909924,8372,256,1770107169.879156,30.768
1770107169.911059,8373,256,1770107169.880270,30.789
1770107169.911361,8374,256,1770107169.880614,30.747
1770107169.913731,8378,256,1770107169.882767,30.963
1770107169.914736,8379,256,1770107169.883718,31.018
1770107169.915612,8380,256,1770107169.884862,30.750
1770107169.915901,8381,256,1770107169.884915,30.987
1770107169.921811,8385,256,1770107169.890863,30.947
1770107169.922952,8386,256,1770107169.891942,31.010
1770107169.924720,8388,256,1770107169.893671,31.049
1770107169.928501,8389,256,1770107169.897668,30.833
1770107169.932835,8390,256,1770107169.901888,30.947
1770107169.936405,8391,256,1770107169.905214,31.191
1770107169.937176,8392,256,1770107169.906307,30.869
1770107169.937505,8393,256,1770107169.906455,31.050
1770107169.939320,8394,256,1770107169.907906,31.414
1770107169.939517,8395,256,1770107169.908006,31.512
1770107169.939882,8397,256,1770107169.908091,31.792
1770107169.941769,8398,256,1770107169.910941,30.829
1770107169.944299,8399,256,1770107169.912746,31.554
1770107169.944822,8400,256,1770107169.913976,30.846
1770107169.951645,8403,256,1770107169.920603,31.042
1770107169.952757,8404,256,1770107169.921869,30.888
1770107169.953872,8406,256,1770107169.923061,30.812
1770107169.954128,8407,256,1770107169.923155,30.973
1770107169.954422,8408,256,1770107169.923594,30.828
1770107169.954715,8409,256,1770107169.923679,31.037
1770107169.955099,8410,256,1770107169.924339,30.760
1770107169.955520,8411,256,1770107169.924780,30.740
1770107169.956243,8412,256,1770107169.925357,30.887
1770107169.956528,8413,256,1770107169.925731,30.797
1770107169.959312,8415,256,1770107169.928456,30.857
1770107169.960117,8416,256,1770107169.929103,31.014
1770107169.963308,8418,256,1770107169.932452,30.856
1770107169.968405,8419,256,1770107169.937482,30.922
1770107169.968689,8420,256,1770107169.937731,30.958
1770107169.971280,8421,256,1770107169.940141,31.139
1770107169.971703,8422,256,1770107169.940774,30.929
1770107169.971983,8423,256,1770107169.940964,31.019
1770107169.975220,8424,256,1770107169.944218,31.002
1770107169.976462,8425,256,1770107169.945378,31.084
1770107169.976723,8426,256,1770107169.945572,31.152
1770107169.977018,8427,256,1770107169.945647,31.371
1770107169.977891,8429,256,1770107169.946896,30.995
1770107169.978468,8430,256,1770107169.947568,30.900
1770107169.979629,8431,256,1770107169.948780,30.849
1770107169.979899,8432,256,1770107169.948925,30.974
1770107169.981251,8433,256,1770107169.950174,31.078
1770107169.981482,8434,256,1770107169.950590,30.892
1770107169.983159,8435,256,1770107169.952232,30.927
1770107169.983914,8436,256,1770107169.953084,30.830
1770107169.988654,8437,256,1770107169.957495,31.160
1770107169.989270,8438,256,1770107169.958314,30.957
1770107169.997167,8439,256,1770107169.966053,31.114
1770107169.997370,8440,256,1770107169.966364,31.006
1770107169.998453,8441,256,1770107169.967416,31.037
1770107169.999744,8442,256,1770107169.968938,30.806
1770107170.000823,8443,256,1770107169.969808,31.016
1770107170.003564,8445,256,1770107169.972643,30.921
1770107170.004112,8446,256,1770107169.973116,30.996
1770107170.005121,8447,256,1770107169.974213,30.909
1770107170.005410,8448,256,1770107169.974605,30.805
1770107170.005693,8449,256,1770107169.974867,30.826
1770107170.009143,8452,256,1770107169.978243,30.900
1770107170.009730,8453,256,1770107169.978651,31.079
1770107170.010031,8454,256,1770107169.978946,31.085
1770107170.011703,8455,256,1770107169.980829,30.874
1770107170.013568,8456,256,1770107169.982312,31.256
1770107170.013728,8457,256,1770107169.982658,31.070
1770107170.016582,8459,256,1770107169.985700,30.882
1770107170.016801,8460,256,1770107169.985805,30.997
1770107170.017224,8461,256,1770107169.986422,30.802
1770107170.018873,8462,256,1770107169.987618,31.255
1770107170.019748,8463,256,1770107169.988801,30.947
1770107170.020688,8465,256,1770107169.989809,30.879
1770107170.022536,8466,256,1770107169.991593,30.942
1770107170.024258,8467,256,1770107169.993387,30.871
1770107170.026010,8468,256,1770107169.995073,30.938
1770107170.028030,8469,256,1770107169.997147,30.883
1770107170.028300,8470,256,1770107169.997369,30.931
1770107170.029800,8471,256,1770107169.998899,30.901
1770107170.030048,8472,256,1770107169.999102,30.946
1770107170.032101,8474,256,1770107170.001243,30.858
1770107170.033854,8475,256,1770107170.002840,31.014
1770107170.038164,8476,256,1770107170.006953,31.210
1770107170.039863,8477,256,1770107170.008717,31.147
1770107170.040132,8478,256,1770107170.009255,30.877
1770107170.042081,8479,256,1770107170.011233,30.848
1770107170.042715,8480,256,1770107170.011405,31.310
1770107170.043007,8481,256,1770107170.012056,30.951
1770107170.045182,8482,256,1770107170.014170,31.013
1770107170.046665,8483,256,1770107170.015515,31.150
1770107170.047415,8484,256,1770107170.016329,31.086
1770107170.047699,8485,256,1770107170.016574,31.125
1770107170.052161,8487,256,1770107170.021265,30.897
1770107170.056362,8488,256,1770107170.025481,30.882
1770107170.056623,8489,256,1770107170.025835,30.788
1770107170.059177,8490,256,1770107170.028335,30.842
1770107170.059758,8491,256,1770107170.028960,30.798
1770107170.060118,8492,256,1770107170.029067,31.051
1770107170.065089,8493,256,1770107170.034056,31.033
1770107170.065341,8494,256,1770107170.034328,31.014
1770107170.068033,8495,256,1770107170.036667,31.365
1770107170.068269,8496,256,1770107170.037340,30.929
1770107170.071305,8498,256,1770107170.039896,31.408
1770107170.071473,8499,256,1770107170.040366,31.107
1770107170.076978,8500,256,1770107170.046029,30.949
1770107170.078251,8501,256,1770107170.047298,30.953
1770107170.078398,8502,256,1770107170.047366,31.032
1770107170.079157,8503,256,1770107170.048406,30.751
1770107170.080644,8504,256,1770107170.049697,30.947
1770107170.080931,8505,256,1770107170.049886,31.044
1770107170.081243,8506,256,1770107170.050405,30.838
1770107170.084947,8507,256,1770107170.054091,30.856
1770107170.085575,8508,256,1770107170.054781,30.794
1770107170.089283,8509,256,1770107170.058377,30.906
1770107170.091574,8511,256,1770107170.060752,30.822
1770107170.093356,8512,256,1770107170.062488,30.869
1770107170.096730,8513,256,1770107170.065737,30.993
1770107170.100430,8515,256,1770107170.069551,30.879
1770107170.101677,8516,256,1770107170.070813,30.864
1770107170.102997,8517,256,1770107170.071923,31.074
1770107170.103154,8518,256,1770107170.072258,30.896
1770107170.103445,8519,256,1770107170.072358,31.086
1770107170.105383,8520,256,1770107170.074045,31.338
1770107170.105596,8521,256,1770107170.074471,31.126
1770107170.106564,8522,256,1770107170.075333,31.231
1770107170.107437,8523,256,1770107170.075583,31.854
1770107170.107733,8524,256,1770107170.075676,32.057
1770107170.108029,8525,256,1770107170.076893,31.136
1770107170.108630,8526,256,1770107170.077343,31.287
1770107170.108926,8527,256,1770107170.077585,31.341
1770107170.111275,8529,256,1770107170.080528,30.747
1770107170.112789,8530,256,1770107170.082020,30.769
1770107170.113733,8531,256,1770107170.082957,30.775
1770107170.116750,8533,256,1770107170.085734,31.015
1770107170.117562,8534,256,1770107170.086802,30.760
1770107170.119003,8535,256,1770107170.088201,30.802
1770107170.120516,8538,256,1770107170.089662,30.854
1770107170.123348,8539,256,1770107170.092535,30.813
1770107170.123640,8540,256,1770107170.092795,30.845
1770107170.124154,8541,256,1770107170.093396,30.758
1770107170.124436,8542,256,1770107170.093457,30.979
1770107170.127461,8543,256,1770107170.096642,30.819
1770107170.127837,8544,256,1770107170.097043,30.794
1770107170.128430,8545,256,1770107170.097261,31.169
1770107170.129023,8546,256,1770107170.098083,30.940
1770107170.130325,8547,256,1770107170.099567,30.758
1770107170.130700,8548,256,1770107170.099949,30.751
1770107170.133096,8549,256,1770107170.102270,30.826
1770107170.135325,8550,256,1770107170.104488,30.837
1770107170.136409,8551,256,1770107170.105383,31.026
1770107170.137753,8553,256,1770107170.106940,30.813
1770107170.139296,8555,256,1770107170.108505,30.792
1770107170.139598,8556,256,1770107170.108561,31.037
1770107170.139874,8557,256,1770107170.108796,31.078
1770107170.140450,8558,256,1770107170.109684,30.766
1770107170.147937,8560,256,1770107170.116934,31.003
1770107170.148320,8561,256,1770107170.117578,30.743
1770107170.155387,8563,256,1770107170.124500,30.887
1770107170.156719,8565,256,1770107170.125913,30.806
1770107170.157004,8566,256,1770107170.126205,30.799
1770107170.161463,8567,256,1770107170.130253,31.210
1770107170.162004,8568,256,1770107170.130810,31.195
1770107170.163265,8569,256,1770107170.132493,30.772
1770107170.164014,8570,256,1770107170.133224,30.790
1770107170.164268,8571,256,1770107170.133328,30.939
1770107170.166234,8572,256,1770107170.135447,30.786
1770107170.167557,8573,256,1770107170.136767,30.790
1770107170.168741,8574,256,1770107170.137922,30.818
1770107170.176867,8577,256,1770107170.145848,31.019
1770107170.179173,8578,256,1770107170.148358,30.815
1770107170.179847,8579,256,1770107170.148916,30.931
1770107170.183918,8580,256,1770107170.153070,30.849
1770107170.184449,8581,256,1770107170.153717,30.732
1770107170.186036,8583,256,1770107170.155201,30.835
1770107170.189588,8586,256,1770107170.158839,30.749
1770107170.190634,8587,256,1770107170.159897,30.737
1770107170.194073,8589,256,1770107170.163259,30.814
1770107170.194292,8590,256,1770107170.163509,30.784
1770107170.195940,8591,256,1770107170.165153,30.788
1770107170.196664,8592,256,1770107170.165907,30.758
1770107170.198164,8594,256,1770107170.167074,31.090
1770107170.198448,8595,256,1770107170.167697,30.750
1770107170.198856,8596,256,1770107170.168106,30.751
1770107170.200979,8597,256,1770107170.170121,30.858
1770107170.201679,8598,256,1770107170.170821,30.858
1770107170.201983,8599,256,1770107170.170938,31.044
1770107170.203819,8600,256,1770107170.172959,30.860
1770107170.204213,8602,256,1770107170.173227,30.986
1770107170.205160,8603,256,1770107170.174437,30.723
1770107170.205445,8604,256,1770107170.174600,30.845
1770107170.207296,8607,256,1770107170.176471,30.824
1770107170.207561,8608,256,1770107170.176517,31.044
1770107170.214239,8610,256,1770107170.183279,30.960
1770107170.214942,8611,256,1770107170.184124,30.818
1770107170.216174,8612,256,1770107170.185191,30.983
1770107170.216438,8613,256,1770107170.185365,31.074
1770107170.216894,8614,256,1770107170.186152,30.742
1770107170.217216,8615,256,1770107170.186426,30.790
1770107170.217615,8616,256,1770107170.186893,30.722
1770107170.219116,8617,256,1770107170.188374,30.742
1770107170.222804,8618,256,1770107170.191996,30.808
1770107170.223081,8619,256,1770107170.192024,31.057
1770107170.223729,8622,256,1770107170.192446,31.283
1770107170.226824,8623,256,1770107170.195626,31.198
1770107170.227462,8625,256,1770107170.196337,31.124
1770107170.227694,8626,256,1770107170.196589,31.105
1770107170.227992,8627,256,1770107170.196904,31.088
1770107170.228324,8629,256,1770107170.197488,30.836
1770107170.228633,8630,256,1770107170.197783,30.849
1770107170.229286,8631,256,1770107170.198449,30.838
1770107170.231111,8632,256,1770107170.200354,30.757
1770107170.244456,8635,256,1770107170.213551,30.904
1770107170.244647,8636,256,1770107170.213819,30.828
1770107170.247487,8637,256,1770107170.216676,30.811
1770107170.248056,8638,256,1770107170.216956,31.101
1770107170.248335,8639,256,1770107170.217346,30.989
1770107170.249815,8640,256,1770107170.219073,30.742
1770107170.250401,8641,256,1770107170.219654,30.747
1770107170.251386,8642,256,1770107170.220549,30.837
1770107170.252735,8643,256,1770107170.221896,30.840
1770107170.254424,8644,256,1770107170.223615,30.809
1770107170.258831,8645,256,1770107170.227903,30.928
1770107170.259725,8646,256,1770107170.228932,30.793
1770107170.262906,8647,256,1770107170.232112,30.794
1770107170.263160,8648,256,1770107170.232247,30.913
1770107170.264074,8649,256,1770107170.233292,30.782
1770107170.264743,8650,256,1770107170.233992,30.751
1770107170.267888,8652,256,1770107170.237036,30.852
1770107170.268652,8654,256,1770107170.237700,30.952
1770107170.270928,8656,256,1770107170.240139,30.789
1770107170.271426,8657,256,1770107170.240646,30.781
1770107170.273592,8658,256,1770107170.242772,30.820
1770107170.276306,8659,256,1770107170.245384,30.922
1770107170.276513,8660,256,1770107170.245703,30.811
1770107170.276827,8661,256,1770107170.245901,30.926
1770107170.277294,8662,256,1770107170.246510,30.784
1770107170.282183,8663,256,1770107170.250858,31.325
1770107170.286116,8664,256,1770107170.255275,30.840
1770107170.286860,8665,256,1770107170.256007,30.853
1770107170.287627,8666,256,1770107170.256832,30.795
1770107170.288767,8667,256,1770107170.257931,30.836
1770107170.289734,8669,256,1770107170.258608,31.126
1770107170.289999,8670,256,1770107170.258739,31.260
1770107170.290285,8671,256,1770107170.259505,30.780
1770107170.293288,8672,256,1770107170.262440,30.848
1770107170.297789,8673,256,1770107170.266435,31.353
1770107170.297943,8674,256,1770107170.267115,30.828
1770107170.300430,8675,256,1770107170.269577,30.853
1770107170.301256,8677,256,1770107170.269800,31.456
1770107170.301542,8678,256,1770107170.270689,30.853
1770107170.302252,8679,256,1770107170.271367,30.885
1770107170.302679,8680,256,1770107170.271845,30.834
1770107170.302987,8681,256,1770107170.272102,30.885
1770107170.303751,8682,256,1770107170.272812,30.938
1770107170.306554,8683,256,1770107170.275649,30.905
1770107170.310259,8685,256,1770107170.279365,30.893
1770107170.312018,8686,256,1770107170.281147,30.871
1770107170.312684,8687,256,1770107170.281903,30.781
1770107170.312970,8688,256,1770107170.281979,30.991
1770107170.314841,8689,256,1770107170.284029,30.812
1770107170.317675,8690,256,1770107170.286683,30.992
1770107170.326545,8693,256,1770107170.295495,31.051
1770107170.327807,8694,256,1770107170.296897,30.910
1770107170.328418,8695,256,1770107170.297199,31.219
1770107170.331687,8696,256,1770107170.300637,31.050
1770107170.331899,8697,256,1770107170.301121,30.778
1770107170.333896,8698,256,1770107170.302610,31.286
1770107170.335375,8699,256,1770107170.304082,31.294
1770107170.335692,8700,256,1770107170.304855,30.837
1770107170.337311,8702,256,1770107170.306412,30.899
1770107170.337518,8703,256,1770107170.306533,30.985
1770107170.339120,8704,256,1770107170.308058,31.062
1770107170.346381,8705,256,1770107170.315351,31.030
1770107170.351759,8706,256,1770107170.320758,31.001
1770107170.352631,8707,256,1770107170.321797,30.834
1770107170.353622,8708,256,1770107170.322740,30.882
1770107170.355128,8709,256,1770107170.323856,31.271
1770107170.355527,8710,256,1770107170.324594,30.932
1770107170.360773,8712,256,1770107170.329856,30.917
1770107170.361349,8713,256,1770107170.330519,30.830
1770107170.364638,8714,256,1770107170.333792,30.846
1770107170.365339,8715,256,1770107170.334503,30.836
1770107170.378817,8719,256,1770107170.347864,30.952
1770107170.380136,8720,256,1770107170.349349,30.787
1770107170.380690,8721,256,1770107170.349702,30.988
1770107170.383720,8724,256,1770107170.352899,30.821
1770107170.385042,8725,256,1770107170.354278,30.764
1770107170.385615,8726,256,1770107170.354552,31.063
1770107170.388649,8727,256,1770107170.357536,31.113
1770107170.388912,8728,256,1770107170.357716,31.196
1770107170.391860,8729,256,1770107170.360940,30.921
1770107170.395140,8730,256,1770107170.363936,31.204
1770107170.396272,8731,256,1770107170.365423,30.849
1770107170.396728,8732,256,1770107170.365907,30.821
1770107170.397428,8733,256,1770107170.366657,30.772
1770107170.398978,8734,256,1770107170.368011,30.967
1770107170.399391,8735,256,1770107170.368605,30.786
1770107170.399986,8736,256,1770107170.369207,30.778
1770107170.400572,8737,256,1770107170.369502,31.070
1770107170.401154,8738,256,1770107170.370135,31.019
1770107170.404473,8739,256,1770107170.373568,30.905
1770107170.405662,8740,256,1770107170.374728,30.934
1770107170.406286,8741,256,1770107170.375391,30.895
1770107170.409395,8742,256,1770107170.378447,30.948
1770107170.410481,8743,256,1770107170.379658,30.823
1770107170.410764,8744,256,1770107170.379744,31.020
1770107170.412588,8745,256,1770107170.381810,30.779
1770107170.412863,8746,256,1770107170.381866,30.998
1770107170.414771,8747,256,1770107170.383904,30.867
1770107170.415412,8748,256,1770107170.384651,30.761
1770107170.418487,8749,256,1770107170.387521,30.966
1770107170.419844,8750,256,1770107170.388795,31.049
1770107170.420787,8752,256,1770107170.389998,30.788
1770107170.421530,8753,256,1770107170.390709,30.821
1770107170.422875,8754,256,1770107170.392050,30.825
1770107170.426115,8756,256,1770107170.395170,30.945
1770107170.427152,8757,256,1770107170.396301,30.851
1770107170.427517,8758,256,1770107170.396477,31.040
1770107170.428000,8760,256,1770107170.397026,30.975
1770107170.428961,8761,256,1770107170.398097,30.864
1770107170.429239,8762,256,1770107170.398285,30.954
1770107170.429803,8763,256,1770107170.398849,30.954
1770107170.432852,8765,256,1770107170.401707,31.145
1770107170.440237,8767,256,1770107170.409247,30.989
1770107170.440578,8768,256,1770107170.409511,31.067
1770107170.441934,8769,256,1770107170.411024,30.910
1770107170.443164,8771,256,1770107170.412288,30.875
1770107170.445072,8772,256,1770107170.414160,30.912
1770107170.445836,8773,256,1770107170.414964,30.872
1770107170.447954,8774,256,1770107170.417108,30.846
1770107170.448547,8775,256,1770107170.417535,31.012
1770107170.449346,8776,256,1770107170.418502,30.844
1770107170.449634,8777,256,1770107170.418571,31.063
1770107170.449862,8778,256,1770107170.418742,31.120
1770107170.450295,8779,256,1770107170.419513,30.782
1770107170.451830,8781,256,1770107170.421063,30.767
1770107170.452364,8782,256,1770107170.421529,30.835
1770107170.453745,8783,256,1770107170.422792,30.953
1770107170.460804,8784,256,1770107170.429881,30.923
1770107170.461454,8785,256,1770107170.430634,30.820
1770107170.465572,8788,256,1770107170.434480,31.092
1770107170.465677,8789,256,1770107170.434665,31.012
1770107170.467470,8790,256,1770107170.436606,30.864
1770107170.467798,8791,256,1770107170.437033,30.765
1770107170.472209,8794,256,1770107170.441336,30.873
1770107170.473208,8796,256,1770107170.442316,30.892
1770107170.473442,8797,256,1770107170.442520,30.922
1770107170.473814,8798,256,1770107170.442875,30.939
1770107170.477488,8799,256,1770107170.446554,30.933
1770107170.479779,8800,256,1770107170.448883,30.896
1770107170.481357,8801,256,1770107170.450132,31.225
1770107170.481626,8802,256,1770107170.450542,31.084
1770107170.482287,8803,256,1770107170.451391,30.896
1770107170.483374,8804,256,1770107170.452420,30.954
1770107170.484275,8805,256,1770107170.453410,30.864
1770107170.484854,8806,256,1770107170.453537,31.317
1770107170.485105,8807,256,1770107170.454062,31.043
1770107170.490687,8809,256,1770107170.459695,30.992
1770107170.491647,8810,256,1770107170.460318,31.330
1770107170.494295,8811,256,1770107170.463181,31.114
1770107170.496779,8814,256,1770107170.465866,30.913
1770107170.499174,8816,256,1770107170.468315,30.859
1770107170.499457,8817,256,1770107170.468497,30.960
1770107170.502820,8818,256,1770107170.471859,30.961
1770107170.506282,8820,256,1770107170.475341,30.941
1770107170.507339,8822,256,1770107170.476404,30.935
1770107170.507585,8823,256,1770107170.476756,30.829
1770107170.508087,8825,256,1770107170.476966,31.121
1770107170.508907,8826,256,1770107170.477991,30.915
1770107170.509166,8827,256,1770107170.478240,30.926
1770107170.509455,8828,256,1770107170.478333,31.121
1770107170.510545,8830,256,1770107170.479704,30.842
1770107170.510822,8831,256,1770107170.479788,31.034
1770107170.511704,8832,256,1770107170.480678,31.026
1770107170.514862,8834,256,1770107170.483787,31.075
1770107170.516880,8835,256,1770107170.486010,30.870
1770107170.517927,8836,256,1770107170.487046,30.882
1770107170.518806,8837,256,1770107170.487929,30.877
1770107170.521454,8838,256,1770107170.490500,30.954
1770107170.529603,8840,256,1770107170.498708,30.895
1770107170.532968,8841,256,1770107170.501938,31.030
1770107170.533285,8842,256,1770107170.502068,31.217
1770107170.534472,8843,256,1770107170.503479,30.993
1770107170.535411,8844,256,1770107170.504592,30.818
1770107170.536330,8845,256,1770107170.505217,31.113
1770107170.536612,8846,256,1770107170.505329,31.283
1770107170.537238,8847,256,1770107170.505769,31.470
1770107170.538303,8848,256,1770107170.507396,30.908
1770107170.545755,8850,256,1770107170.514748,31.007
1770107170.545989,8851,256,1770107170.515035,30.955
1770107170.546421,8852,256,1770107170.515621,30.800
1770107170.548150,8853,256,1770107170.517295,30.856
1770107170.550466,8854,256,1770107170.519579,30.887
1770107170.553483,8856,256,1770107170.522650,30.833
1770107170.556568,8857,256,1770107170.525590,30.978
1770107170.556767,8858,256,1770107170.525888,30.879
1770107170.557614,8860,256,1770107170.526658,30.957
1770107170.560101,8861,256,1770107170.529169,30.932
1770107170.560669,8862,256,1770107170.529700,30.969
1770107170.561081,8863,256,1770107170.530231,30.850
1770107170.563328,8864,256,1770107170.532397,30.931
1770107170.564149,8865,256,1770107170.532763,31.386
1770107170.565421,8867,256,1770107170.534553,30.868
1770107170.566086,8868,256,1770107170.535170,30.915
1770107170.567778,8869,256,1770107170.536760,31.018
1770107170.569804,8870,256,1770107170.538858,30.946
1770107170.572706,8872,256,1770107170.541847,30.859
1770107170.573045,8873,256,1770107170.542262,30.783
1770107170.576419,8875,256,1770107170.545475,30.944
1770107170.576936,8876,256,1770107170.546048,30.888
1770107170.577680,8878,256,1770107170.546730,30.950
1770107170.579114,8880,256,1770107170.547992,31.123
1770107170.581241,8881,256,1770107170.550268,30.972
1770107170.582573,8882,256,1770107170.551708,30.865
1770107170.582855,8883,256,1770107170.552034,30.821
1770107170.583137,8884,256,1770107170.552155,30.982
1770107170.583436,8885,256,1770107170.552609,30.827
1770107170.587168,8886,256,1770107170.556231,30.937
1770107170.588954,8887,256,1770107170.557909,31.045
1770107170.590362,8888,256,1770107170.559229,31.134
1770107170.591654,8889,256,1770107170.560759,30.896
1770107170.593952,8890,256,1770107170.563070,30.882
1770107170.597469,8891,256,1770107170.566481,30.988
1770107170.598165,8892,256,1770107170.567140,31.025
1770107170.600100,8893,256,1770107170.569065,31.035
1770107170.600397,8894,256,1770107170.569472,30.925
1770107170.601642,8895,256,1770107170.570630,31.013
1770107170.602810,8896,256,1770107170.571975,30.835
1770107170.605104,8897,256,1770107170.574153,30.951
1770107170.606101,8898,256,1770107170.574930,31.170
1770107170.606826,8899,256,1770107170.575944,30.882
1770107170.607167,8900,256,1770107170.576349,30.818
1770107170.607779,8901,256,1770107170.576620,31.159
1770107170.609798,8903,256,1770107170.578978,30.820
1770107170.612946,8904,256,1770107170.582091,30.855
1770107170.613610,8905,256,1770107170.582844,30.766
1770107170.616111,8907,256,1770107170.585282,30.829
1770107170.622624,8909,256,1770107170.591761,30.863
1770107170.628664,8911,256,1770107170.597799,30.865
1770107170.630837,8912,256,1770107170.599980,30.858
1770107170.631942,8913,256,1770107170.601045,30.896
1770107170.634317,8915,256,1770107170.603460,30.857
1770107170.634507,8916,256,1770107170.603604,30.904
1770107170.638352,8917,256,1770107170.607372,30.980
1770107170.641539,8919,256,1770107170.610673,30.865
1770107170.643341,8920,256,1770107170.612443,30.898
1770107170.643763,8921,256,1770107170.612589,31.173
1770107170.643868,8922,256,1770107170.612790,31.078
1770107170.646466,8923,256,1770107170.615569,30.897
1770107170.647961,8924,256,1770107170.616548,31.413
1770107170.648212,8925,256,1770107170.616647,31.564
1770107170.648554,8926,256,1770107170.617149,31.405
1770107170.649087,8927,256,1770107170.618249,30.838
1770107170.650217,8928,256,1770107170.619341,30.876
1770107170.650805,8929,256,1770107170.619806,30.999
1770107170.651649,8930,256,1770107170.620004,31.645
1770107170.651969,8931,256,1770107170.620389,31.580
1770107170.652261,8932,256,1770107170.620625,31.636
1770107170.652604,8933,256,1770107170.621866,30.738
1770107170.653151,8934,256,1770107170.622390,30.761
1770107170.662534,8936,256,1770107170.631554,30.980
1770107170.663429,8937,256,1770107170.632574,30.855
1770107170.664388,8938,256,1770107170.633449,30.938
1770107170.664608,8939,256,1770107170.633779,30.829
1770107170.665660,8940,256,1770107170.634842,30.818
1770107170.668006,8942,256,1770107170.636963,31.043
1770107170.668346,8943,256,1770107170.637527,30.819
1770107170.669886,8944,256,1770107170.638977,30.909
1770107170.670375,8945,256,1770107170.639285,31.090
1770107170.670664,8946,256,1770107170.639563,31.101
1770107170.670991,8947,256,1770107170.640222,30.769
1770107170.671410,8948,256,1770107170.640331,31.078
1770107170.671878,8949,256,1770107170.641106,30.773
1770107170.674541,8951,256,1770107170.643291,31.250
1770107170.674762,8952,256,1770107170.643371,31.392
1770107170.675061,8953,256,1770107170.643428,31.633
1770107170.675428,8954,256,1770107170.643606,31.822
1770107170.676646,8955,256,1770107170.645726,30.920
1770107170.677735,8956,256,1770107170.646874,30.861
1770107170.678707,8957,256,1770107170.647445,31.262
1770107170.679590,8958,256,1770107170.648460,31.129
1770107170.683019,8960,256,1770107170.652150,30.869
1770107170.687214,8962,256,1770107170.656401,30.813
1770107170.689087,8963,256,1770107170.658258,30.829
1770107170.696810,8964,256,1770107170.665899,30.912
1770107170.697366,8965,256,1770107170.666480,30.886
1770107170.698489,8966,256,1770107170.667682,30.808
1770107170.698828,8967,256,1770107170.668069,30.759
1770107170.700051,8969,256,1770107170.669266,30.785
1770107170.701237,8970,256,1770107170.670383,30.854
1770107170.703068,8971,256,1770107170.672197,30.871
1770107170.703373,8972,256,1770107170.672529,30.843
1770107170.703687,8973,256,1770107170.672611,31.076
1770107170.704794,8974,256,1770107170.673839,30.955
1770107170.705010,8975,256,1770107170.674074,30.936
1770107170.706615,8976,256,1770107170.675552,31.062
1770107170.707140,8977,256,1770107170.676277,30.863
1770107170.708313,8979,256,1770107170.677502,30.812
1770107170.712333,8982,256,1770107170.681378,30.955
1770107170.713602,8983,256,1770107170.682373,31.229
1770107170.713789,8985,256,1770107170.682910,30.879
1770107170.715559,8986,256,1770107170.684577,30.982
1770107170.716137,8987,256,1770107170.685239,30.898
1770107170.717052,8988,256,1770107170.686084,30.968
1770107170.717869,8989,256,1770107170.686882,30.987
1770107170.718131,8990,256,1770107170.687018,31.112
1770107170.722414,8991,256,1770107170.691440,30.974
1770107170.723791,8992,256,1770107170.692786,31.005
1770107170.724707,8993,256,1770107170.693762,30.944
1770107170.726038,8996,256,1770107170.694987,31.051
1770107170.726586,8997,256,1770107170.695280,31.306
1770107170.730437,8999,256,1770107170.699587,30.850
1770107170.731415,9000,256,1770107170.700519,30.896
1770107170.739166,9001,256,1770107170.708061,31.105
1770107170.739726,9002,256,1770107170.708831,30.895
1770107170.740385,9003,256,1770107170.709335,31.050
1770107170.744135,9005,256,1770107170.713180,30.955
1770107170.745563,9006,256,1770107170.714544,31.018
1770107170.749397,9007,256,1770107170.718422,30.974
1770107170.750088,9008,256,1770107170.719243,30.846
1770107170.752075,9009,256,1770107170.721090,30.986
1770107170.752373,9010,256,1770107170.721330,31.043
1770107170.754257,9011,256,1770107170.723307,30.950
1770107170.754458,9012,256,1770107170.723485,30.973
1770107170.754748,9013,256,1770107170.723755,30.994
1770107170.755568,9014,256,1770107170.724377,31.190
1770107170.757329,9015,256,1770107170.726444,30.885
1770107170.759601,9017,256,1770107170.728389,31.212
1770107170.761072,9019,256,1770107170.730127,30.945
1770107170.761699,9020,256,1770107170.730755,30.945
1770107170.763139,9021,256,1770107170.732226,30.912
1770107170.764068,9022,256,1770107170.733153,30.915
1770107170.764693,9023,256,1770107170.733849,30.845
1770107170.766099,9024,256,1770107170.735218,30.880
1770107170.768306,9026,256,1770107170.737468,30.838
1770107170.768877,9027,256,1770107170.737682,31.196
1770107170.769183,9028,256,1770107170.737756,31.427
1770107170.771096,9029,256,1770107170.740129,30.966
1770107170.771901,9030,256,1770107170.740990,30.910
1770107170.772137,9031,256,1770107170.741182,30.955
1770107170.772880,9033,256,1770107170.741844,31.036
1770107170.774888,9034,256,1770107170.743832,31.055
1770107170.775112,9035,256,1770107170.744144,30.967
1770107170.780043,9037,256,1770107170.748948,31.096
1770107170.781270,9038,256,1770107170.750310,30.960
1770107170.781708,9039,256,1770107170.750764,30.944
1770107170.784011,9040,256,1770107170.752998,31.013
1770107170.786019,9041,256,1770107170.755090,30.929
1770107170.788124,9042,256,1770107170.757178,30.946
1770107170.789400,9043,256,1770107170.758541,30.859
1770107170.791956,9045,256,1770107170.760964,30.992
1770107170.792160,9046,256,1770107170.761309,30.851
1770107170.792443,9047,256,1770107170.761471,30.971
1770107170.792744,9048,256,1770107170.761645,31.099
1770107170.793317,9050,256,1770107170.762310,31.008
1770107170.793848,9051,256,1770107170.762684,31.163
1770107170.794306,9052,256,1770107170.763469,30.837
1770107170.794591,9053,256,1770107170.763593,30.998
1770107170.798518,9054,256,1770107170.767243,31.276
1770107170.802783,9056,256,1770107170.771705,31.078
1770107170.803839,9057,256,1770107170.773024,30.815
1770107170.804904,9059,256,1770107170.773941,30.963
1770107170.805045,9060,256,1770107170.774043,31.002
1770107170.805363,9061,256,1770107170.774220,31.143
1770107170.806655,9062,256,1770107170.775549,31.106
1770107170.806980,9063,256,1770107170.775673,31.306
1770107170.807275,9064,256,1770107170.775719,31.556
1770107170.807598,9065,256,1770107170.776048,31.549
1770107170.808320,9068,256,1770107170.777571,30.749
1770107170.811276,9070,256,1770107170.780509,30.767
1770107170.812133,9071,256,1770107170.781294,30.839
1770107170.814111,9073,256,1770107170.783235,30.876
1770107170.814969,9074,256,1770107170.784074,30.895
1770107170.818219,9076,256,1770107170.787280,30.939
1770107170.822647,9078,256,1770107170.791760,30.887
1770107170.825744,9079,256,1770107170.794898,30.846
1770107170.827417,9081,256,1770107170.796676,30.742
1770107170.830757,9082,256,1770107170.799982,30.775
1770107170.832120,9083,256,1770107170.801364,30.756
1770107170.832999,9084,256,1770107170.802206,30.792
1770107170.835111,9085,256,1770107170.804368,30.743
1770107170.835783,9086,256,1770107170.805055,30.728
1770107170.837302,9087,256,1770107170.806535,30.767
1770107170.841607,9089,256,1770107170.810729,30.878
1770107170.843999,9090,256,1770107170.813180,30.820
1770107170.845609,9093,256,1770107170.814631,30.978
1770107170.845940,9094,256,1770107170.814848,31.092
1770107170.852526,9095,256,1770107170.821681,30.844
1770107170.852763,9096,256,1770107170.821759,31.004
1770107170.853063,9097,256,1770107170.821784,31.279
1770107170.854037,9098,256,1770107170.823275,30.762
1770107170.854539,9099,256,1770107170.823755,30.784
1770107170.858572,9100,256,1770107170.827690,30.881
1770107170.861539,9104,256,1770107170.830678,30.861
1770107170.863147,9107,256,1770107170.832359,30.788
1770107170.863904,9108,256,1770107170.833106,30.798
1770107170.864154,9109,256,1770107170.833256,30.897
1770107170.864460,9110,256,1770107170.833355,31.105
1770107170.864827,9111,256,1770107170.834076,30.751
1770107170.866114,9112,256,1770107170.835059,31.055
1770107170.866512,9113,256,1770107170.835468,31.045
1770107170.867266,9114,256,1770107170.836469,30.797
1770107170.868264,9115,256,1770107170.837224,31.039
1770107170.869699,9116,256,1770107170.838859,30.840
1770107170.871243,9117,256,1770107170.840273,30.971
1770107170.872073,9118,256,1770107170.841163,30.910
1770107170.876150,9120,256,1770107170.845294,30.856
1770107170.880991,9122,256,1770107170.850014,30.977
1770107170.881237,9123,256,1770107170.850214,31.024
1770107170.881888,9124,256,1770107170.850620,31.268
1770107170.883681,9125,256,1770107170.851896,31.785
1770107170.884431,9127,256,1770107170.853628,30.802
1770107170.886003,9129,256,1770107170.855001,31.002
1770107170.886261,9130,256,1770107170.855058,31.203
1770107170.887572,9134,256,1770107170.856778,30.794
1770107170.890031,9135,256,1770107170.859078,30.952
1770107170.895096,9137,256,1770107170.864105,30.991
1770107170.895322,9138,256,1770107170.864169,31.153
1770107170.896243,9139,256,1770107170.864896,31.347
1770107170.896512,9140,256,1770107170.865316,31.195
1770107170.896804,9141,256,1770107170.865800,31.004
1770107170.897105,9142,256,1770107170.866315,30.791
1770107170.900170,9143,256,1770107170.869211,30.959
1770107170.900458,9144,256,1770107170.869429,31.029
1770107170.902304,9145,256,1770107170.871380,30.924
1770107170.902572,9146,256,1770107170.871690,30.882
1770107170.904151,9147,256,1770107170.873143,31.008
1770107170.905622,9148,256,1770107170.873796,31.826
1770107170.906210,9149,256,1770107170.875335,30.876
1770107170.908177,9150,256,1770107170.877219,30.957
1770107170.908545,9151,256,1770107170.877397,31.148
1770107170.908858,9152,256,1770107170.877867,30.991
1770107170.910502,9155,256,1770107170.879653,30.849
1770107170.910749,9156,256,1770107170.879951,30.798
1770107170.911083,9157,256,1770107170.880026,31.058
1770107170.911484,9158,256,1770107170.880651,30.833
1770107170.917250,9159,256,1770107170.886355,30.895
1770107170.918621,9161,256,1770107170.887827,30.794
1770107170.918880,9162,256,1770107170.888013,30.867
1770107170.919863,9163,256,1770107170.889077,30.785
1770107170.921026,9164,256,1770107170.890177,30.849
1770107170.921352,9165,256,1770107170.890352,31.000
1770107170.921596,9166,256,1770107170.890405,31.191
1770107170.921888,9167,256,1770107170.890445,31.444
1770107170.922273,9168,256,1770107170.890496,31.777
1770107170.922505,9169,256,1770107170.891475,31.030
1770107170.924128,9170,256,1770107170.893074,31.054
1770107170.925379,9172,256,1770107170.894532,30.847
1770107170.926121,9173,256,1770107170.895317,30.804
1770107170.928081,9175,256,1770107170.897138,30.943
1770107170.932204,9179,256,1770107170.901160,31.044
1770107170.933452,9180,256,1770107170.902590,30.862
1770107170.936452,9181,256,1770107170.905440,31.012
1770107170.941364,9182,256,1770107170.910455,30.909
1770107170.946139,9183,256,1770107170.915176,30.964
1770107170.946880,9185,256,1770107170.915822,31.058
1770107170.947897,9186,256,1770107170.917068,30.829
1770107170.949728,9187,256,1770107170.918884,30.843
1770107170.951569,9188,256,1770107170.920717,30.853
1770107170.952503,9189,256,1770107170.921745,30.758
1770107170.954944,9191,256,1770107170.924024,30.920
1770107170.955822,9192,256,1770107170.924867,30.955
1770107170.956120,9193,256,1770107170.925134,30.986
1770107170.957971,9194,256,1770107170.927022,30.949
1770107170.961268,9196,256,1770107170.930374,30.894
1770107170.962493,9198,256,1770107170.931578,30.915
1770107170.962789,9199,256,1770107170.931870,30.919
1770107170.963397,9200,256,1770107170.932575,30.822
1770107170.963655,9201,256,1770107170.932727,30.927
1770107170.963948,9202,256,1770107170.933107,30.842
1770107170.967284,9205,256,1770107170.936479,30.805
1770107170.968162,9206,256,1770107170.937303,30.859
1770107170.968414,9207,256,1770107170.937444,30.969
1770107170.976794,9210,256,1770107170.945761,31.033
1770107170.980395,9211,256,1770107170.949447,30.948
1770107170.981006,9212,256,1770107170.950146,30.860
1770107170.982011,9213,256,1770107170.951043,30.968
1770107170.984450,9214,256,1770107170.953644,30.807
1770107170.985269,9215,256,1770107170.954429,30.840
1770107170.986508,9216,256,1770107170.955550,30.958
1770107170.987118,9217,256,1770107170.956152,30.965
1770107170.987414,9218,256,1770107170.956525,30.890
1770107170.987693,9219,256,1770107170.956819,30.874
1770107170.990151,9222,256,1770107170.959358,30.794
1770107170.991496,9223,256,1770107170.960532,30.963
1770107170.992244,9224,256,1770107170.961405,30.839
1770107170.992817,9225,256,1770107170.962013,30.804
1770107170.995515,9226,256,1770107170.964475,31.040
1770107170.995733,9227,256,1770107170.964965,30.768
1770107170.999581,9228,256,1770107170.968648,30.933
1770107170.999859,9229,256,1770107170.969015,30.844
1770107171.000435,9230,256,1770107170.969535,30.900
1770107171.003447,9231,256,1770107170.972560,30.887
1770107171.005625,9232,256,1770107170.974693,30.932
1770107171.007237,9233,256,1770107170.976107,31.130
1770107171.007811,9234,256,1770107170.976856,30.955
1770107171.010442,9235,256,1770107170.979505,30.937
1770107171.012250,9237,256,1770107170.981407,30.843
1770107171.012934,9238,256,1770107170.981899,31.035
1770107171.014315,9240,256,1770107170.983412,30.903
1770107171.015383,9241,256,1770107170.984609,30.774
1770107171.017982,9244,256,1770107170.987209,30.773
1770107171.018278,9245,256,1770107170.987505,30.773
1770107171.018569,9246,256,1770107170.987795,30.775
1770107171.019484,9247,256,1770107170.988727,30.756
1770107171.022156,9248,256,1770107170.991312,30.844
1770107171.027768,9250,256,1770107170.996923,30.844
1770107171.028161,9251,256,1770107170.997391,30.770
1770107171.030710,9252,256,1770107170.999933,30.777
1770107171.035039,9253,256,1770107171.004249,30.790
1770107171.036715,9254,256,1770107171.005927,30.788
1770107171.038900,9257,256,1770107171.008095,30.805
1770107171.039769,9258,256,1770107171.008900,30.869
1770107171.044061,9260,256,1770107171.013088,30.972
1770107171.044263,9261,256,1770107171.013280,30.983
1770107171.044602,9262,256,1770107171.013659,30.942
1770107171.045584,9264,256,1770107171.014275,31.309
1770107171.045889,9265,256,1770107171.014601,31.289
1770107171.046487,9266,256,1770107171.014689,31.798
1770107171.047122,9267,256,1770107171.016218,30.904
1770107171.049339,9269,256,1770107171.018354,30.985
1770107171.058033,9271,256,1770107171.027085,30.948
1770107171.062106,9272,256,1770107171.031220,30.886
1770107171.062379,9273,256,1770107171.031393,30.986
1770107171.062672,9274,256,1770107171.031866,30.807
1770107171.063236,9275,256,1770107171.032454,30.783
1770107171.067324,9277,256,1770107171.036070,31.254
1770107171.068283,9278,256,1770107171.037266,31.017
1770107171.069596,9280,256,1770107171.038332,31.264
1770107171.071094,9282,256,1770107171.040201,30.894
1770107171.072014,9283,256,1770107171.041123,30.891
1770107171.072255,9284,256,1770107171.041299,30.956
1770107171.072549,9285,256,1770107171.041567,30.982
1770107171.072909,9286,256,1770107171.041740,31.169
1770107171.073405,9287,256,1770107171.042471,30.933
1770107171.073773,9288,256,1770107171.042960,30.813
1770107171.074042,9289,256,1770107171.043000,31.043
1770107171.075975,9290,256,1770107171.045111,30.864
1770107171.082415,9291,256,1770107171.051431,30.983
1770107171.082611,9292,256,1770107171.051627,30.984
1770107171.082958,9293,256,1770107171.052137,30.820
1770107171.087055,9294,256,1770107171.056088,30.967
1770107171.087929,9295,256,1770107171.057037,30.892
1770107171.089663,9297,256,1770107171.058789,30.874
1770107171.092246,9298,256,1770107171.061419,30.827
1770107171.094031,9299,256,1770107171.063227,30.803
1770107171.097322,9300,256,1770107171.066352,30.971
1770107171.098569,9302,256,1770107171.067344,31.225
1770107171.099836,9303,256,1770107171.068812,31.024
1770107171.100068,9304,256,1770107171.069179,30.889
1770107171.101119,9305,256,1770107171.070210,30.909
1770107171.102472,9306,256,1770107171.071565,30.907
1770107171.103486,9307,256,1770107171.072682,30.804
1770107171.104772,9308,256,1770107171.073404,31.368
1770107171.105863,9309,256,1770107171.074955,30.907
1770107171.107498,9310,256,1770107171.076674,30.823
1770107171.111752,9312,256,1770107171.080670,31.081
1770107171.111991,9313,256,1770107171.080909,31.082
1770107171.112837,9315,256,1770107171.081813,31.024
1770107171.116304,9317,256,1770107171.085497,30.807
1770107171.117393,9318,256,1770107171.086612,30.781
1770107171.117835,9319,256,1770107171.087076,30.758
1770107171.121932,9321,256,1770107171.090977,30.955
1770107171.122220,9322,256,1770107171.091266,30.954
1770107171.122531,9323,256,1770107171.091314,31.217
1770107171.125067,9325,256,1770107171.094213,30.854
1770107171.127335,9326,256,1770107171.096530,30.805
1770107171.129034,9327,256,1770107171.098108,30.926
1770107171.129779,9328,256,1770107171.098981,30.798
1770107171.132120,9329,256,1770107171.101318,30.802
1770107171.132683,9330,256,1770107171.101748,30.936
1770107171.132979,9331,256,1770107171.102042,30.937
1770107171.136353,9333,256,1770107171.105514,30.838
1770107171.138627,9334,256,1770107171.107599,31.028
1770107171.139548,9335,256,1770107171.108620,30.928
1770107171.142957,9336,256,1770107171.111885,31.072
1770107171.144266,9337,256,1770107171.113391,30.875
1770107171.146125,9338,256,1770107171.115218,30.907
1770107171.149508,9339,256,1770107171.118595,30.913
1770107171.152156,9340,256,1770107171.121174,30.982
1770107171.152445,9341,256,1770107171.121453,30.992
1770107171.155802,9343,256,1770107171.124869,30.933
1770107171.157634,9344,256,1770107171.126705,30.929
1770107171.158331,9345,256,1770107171.127486,30.845
1770107171.158894,9347,256,1770107171.128046,30.848
1770107171.159227,9348,256,1770107171.128413,30.814
1770107171.159543,9349,256,1770107171.128684,30.860
1770107171.160278,9350,256,1770107171.129367,30.911
1770107171.163702,9351,256,1770107171.132766,30.937
1770107171.165080,9352,256,1770107171.134216,30.864
1770107171.166479,9353,256,1770107171.135586,30.893
1770107171.168965,9355,256,1770107171.138110,30.855
1770107171.170478,9357,256,1770107171.139514,30.964
1770107171.173227,9358,256,1770107171.142210,31.017
1770107171.174313,9359,256,1770107171.143400,30.913
1770107171.174824,9360,256,1770107171.143981,30.843
1770107171.175640,9361,256,1770107171.144685,30.954
1770107171.177935,9362,256,1770107171.147036,30.899
1770107171.178321,9363,256,1770107171.147482,30.839
1770107171.180033,9364,256,1770107171.149136,30.898
1770107171.180330,9365,256,1770107171.149261,31.068
1770107171.180949,9366,256,1770107171.149694,31.255
1770107171.182112,9369,256,1770107171.150861,31.251
1770107171.182395,9370,256,1770107171.151428,30.967
1770107171.183772,9371,256,1770107171.152926,30.846
1770107171.184959,9372,256,1770107171.154152,30.807
1770107171.186680,9373,256,1770107171.155465,31.214
1770107171.186910,9374,256,1770107171.155697,31.213
1770107171.189025,9375,256,1770107171.158095,30.930
1770107171.189317,9376,256,1770107171.158458,30.859
1770107171.191418,9377,256,1770107171.160522,30.896
1770107171.195791,9378,256,1770107171.164659,31.132
1770107171.196676,9379,256,1770107171.165529,31.147
1770107171.200900,9381,256,1770107171.169996,30.905
1770107171.201325,9382,256,1770107171.170530,30.795
1770107171.203275,9383,256,1770107171.172377,30.899
1770107171.208764,9384,256,1770107171.177804,30.960
1770107171.210075,9385,256,1770107171.179225,30.850
1770107171.211423,9386,256,1770107171.180323,31.101
1770107171.213998,9387,256,1770107171.183109,30.890
1770107171.221821,9389,256,1770107171.190808,31.013
1770107171.222400,9390,256,1770107171.191144,31.255
1770107171.224620,9391,256,1770107171.193664,30.956
1770107171.224868,9392,256,1770107171.193956,30.912
1770107171.226573,9394,256,1770107171.195539,31.034
1770107171.227453,9395,256,1770107171.196463,30.989
1770107171.228600,9398,256,1770107171.197815,30.785
1770107171.228884,9399,256,1770107171.197959,30.925
1770107171.229482,9400,256,1770107171.198266,31.217
1770107171.229752,9402,256,1770107171.198767,30.985
1770107171.230045,9403,256,1770107171.198832,31.213
1770107171.230374,9404,256,1770107171.199161,31.213
1770107171.231121,9405,256,1770107171.200313,30.808
1770107171.236643,9406,256,1770107171.205763,30.880
1770107171.237274,9408,256,1770107171.206530,30.745
1770107171.238734,9409,256,1770107171.207967,30.767
1770107171.239817,9410,256,1770107171.209023,30.793
1770107171.240145,9411,256,1770107171.209293,30.852
1770107171.243448,9414,256,1770107171.212602,30.846
1770107171.244797,9415,256,1770107171.213912,30.885
1770107171.246777,9417,256,1770107171.216008,30.769
1770107171.247039,9418,256,1770107171.216079,30.961
1770107171.247344,9419,256,1770107171.216136,31.208
1770107171.253803,9425,256,1770107171.222573,31.230
1770107171.254394,9426,256,1770107171.223578,30.817
1770107171.255123,9427,256,1770107171.224365,30.759
1770107171.256823,9428,256,1770107171.225817,31.006
1770107171.257069,9429,256,1770107171.225876,31.193
1770107171.257365,9430,256,1770107171.225921,31.445
1770107171.257663,9431,256,1770107171.225963,31.700
1770107171.258029,9432,256,1770107171.227049,30.980
1770107171.258551,9433,256,1770107171.227739,30.812
1770107171.260108,9434,256,1770107171.229261,30.847
1770107171.262045,9436,256,1770107171.231249,30.796
1770107171.262493,9437,256,1770107171.231728,30.766
1770107171.262808,9438,256,1770107171.231803,31.005
1770107171.263088,9439,256,1770107171.231928,31.160
1770107171.263382,9440,256,1770107171.231972,31.410
1770107171.264009,9441,256,1770107171.232321,31.689
1770107171.265574,9442,256,1770107171.234780,30.794
1770107171.269428,9443,256,1770107171.238643,30.785
1770107171.269773,9444,256,1770107171.238725,31.047
1770107171.271795,9445,256,1770107171.240932,30.863
1770107171.273253,9446,256,1770107171.242439,30.814
1770107171.273974,9447,256,1770107171.242962,31.012
1770107171.278047,9449,256,1770107171.247139,30.908
1770107171.278268,9450,256,1770107171.247265,31.003
1770107171.280457,9451,256,1770107171.249623,30.834
1770107171.280926,9452,256,1770107171.249985,30.941
1770107171.281978,9454,256,1770107171.251029,30.949
1770107171.284120,9455,256,1770107171.253275,30.845
1770107171.289654,9457,256,1770107171.258549,31.105
1770107171.289855,9458,256,1770107171.258972,30.883
1770107171.290150,9459,256,1770107171.259024,31.126
1770107171.292690,9460,256,1770107171.261768,30.923
1770107171.293088,9461,256,1770107171.262307,30.781
1770107171.294864,9462,256,1770107171.264022,30.842
1770107171.295107,9463,256,1770107171.264206,30.901
1770107171.295521,9464,256,1770107171.264767,30.754
1770107171.298333,9466,256,1770107171.267557,30.775
1770107171.300030,9468,256,1770107171.269270,30.761
1770107171.301531,9469,256,1770107171.270744,30.787
1770107171.302528,9470,256,1770107171.271657,30.870
1770107171.303465,9471,256,1770107171.272683,30.783
1770107171.303824,9472,256,1770107171.272790,31.034
1770107171.305506,9473,256,1770107171.274640,30.867
1770107171.309295,9474,256,1770107171.278390,30.905
1770107171.309568,9475,256,1770107171.278530,31.038
1770107171.310940,9476,256,1770107171.280019,30.921
1770107171.311491,9477,256,1770107171.280631,30.860
1770107171.313390,9479,256,1770107171.282483,30.906
1770107171.313612,9480,256,1770107171.282707,30.905
1770107171.313980,9481,256,1770107171.282840,31.139
1770107171.314536,9482,256,1770107171.283345,31.191
1770107171.315127,9483,256,1770107171.284342,30.785
1770107171.316531,9484,256,1770107171.285665,30.866
1770107171.317710,9485,256,1770107171.286119,31.590
1770107171.317898,9486,256,1770107171.286608,31.289
1770107171.322117,9489,256,1770107171.291013,31.104
1770107171.322335,9490,256,1770107171.291126,31.208
1770107171.323801,9491,256,1770107171.292578,31.223
1770107171.325644,9492,256,1770107171.294329,31.315
1770107171.326622,9493,256,1770107171.295734,30.888
1770107171.327487,9494,256,1770107171.296544,30.943
1770107171.329265,9495,256,1770107171.298332,30.932
1770107171.329580,9496,256,1770107171.298751,30.829
1770107171.329921,9497,256,1770107171.299091,30.830
1770107171.330182,9498,256,1770107171.299137,31.045
1770107171.330536,9499,256,1770107171.299251,31.286
1770107171.332149,9501,256,1770107171.301270,30.879
1770107171.333350,9502,256,1770107171.302222,31.128
1770107171.334024,9504,256,1770107171.303206,30.818
1770107171.336276,9505,256,1770107171.305357,30.919
1770107171.336500,9506,256,1770107171.305517,30.983
1770107171.337206,9507,256,1770107171.306303,30.903
1770107171.337794,9508,256,1770107171.306919,30.875
1770107171.338787,9510,256,1770107171.307641,31.147
1770107171.339368,9511,256,1770107171.307866,31.502
1770107171.343613,9512,256,1770107171.312690,30.923
1770107171.344607,9513,256,1770107171.313663,30.944
1770107171.345801,9515,256,1770107171.315000,30.801
1770107171.347788,9517,256,1770107171.316892,30.895
1770107171.349166,9519,256,1770107171.317811,31.356
1770107171.351852,9521,256,1770107171.320960,30.892
1770107171.353240,9522,256,1770107171.322294,30.946
1770107171.354763,9524,256,1770107171.323708,31.055
1770107171.355031,9525,256,1770107171.324030,31.002
1770107171.355384,9526,256,1770107171.324361,31.023
1770107171.355654,9527,256,1770107171.324846,30.808
1770107171.356604,9528,256,1770107171.325754,30.850
1770107171.356892,9529,256,1770107171.325896,30.996
1770107171.357426,9530,256,1770107171.326638,30.788
1770107171.359113,9531,256,1770107171.328241,30.872
1770107171.359381,9532,256,1770107171.328563,30.818
1770107171.361916,9533,256,1770107171.330960,30.957
1770107171.363108,9534,256,1770107171.332127,30.981
1770107171.363376,9535,256,1770107171.332335,31.041
1770107171.363605,9536,256,1770107171.332442,31.163
1770107171.363931,9537,256,1770107171.332506,31.425
1770107171.364214,9538,256,1770107171.332730,31.484
1770107171.364800,9539,256,1770107171.333858,30.942
1770107171.367750,9541,256,1770107171.336610,31.140
1770107171.371291,9543,256,1770107171.340328,30.963
1770107171.372825,9544,256,1770107171.341785,31.040
1770107171.375230,9545,256,1770107171.344367,30.863
1770107171.377337,9546,256,1770107171.346467,30.870
1770107171.379261,9547,256,1770107171.348385,30.876
1770107171.380050,9548,256,1770107171.349236,30.815
1770107171.380319,9549,256,1770107171.349321,30.998
1770107171.380618,9550,256,1770107171.349663,30.956
1770107171.381418,9551,256,1770107171.350618,30.800
1770107171.382016,9553,256,1770107171.351269,30.747
1770107171.383236,9556,256,1770107171.352471,30.766
1770107171.384640,9558,256,1770107171.353841,30.799
1770107171.385307,9559,256,1770107171.354492,30.815
1770107171.386147,9560,256,1770107171.355292,30.854
1770107171.389353,9561,256,1770107171.358481,30.872
1770107171.391226,9562,256,1770107171.360350,30.876
1770107171.391539,9563,256,1770107171.360479,31.060
1770107171.391903,9564,256,1770107171.361073,30.830
1770107171.392224,9565,256,1770107171.361284,30.941
1770107171.392496,9566,256,1770107171.361367,31.128
1770107171.392910,9567,256,1770107171.362067,30.844
1770107171.394583,9570,256,1770107171.363684,30.899
1770107171.395536,9571,256,1770107171.364692,30.844
1770107171.395834,9572,256,1770107171.364873,30.961
1770107171.397252,9575,256,1770107171.366277,30.974
1770107171.400335,9576,256,1770107171.369399,30.936
1770107171.400624,9577,256,1770107171.369853,30.771
1770107171.404242,9578,256,1770107171.373142,31.100
1770107171.405680,9579,256,1770107171.374554,31.126
1770107171.407115,9580,256,1770107171.376225,30.889
1770107171.407675,9581,256,1770107171.376858,30.816
1770107171.409517,9583,256,1770107171.378627,30.891
1770107171.414083,9585,256,1770107171.383214,30.868
1770107171.415110,9586,256,1770107171.384296,30.814
1770107171.415526,9587,256,1770107171.384751,30.775
1770107171.421258,9591,256,1770107171.390454,30.804
1770107171.421800,9592,256,1770107171.390776,31.024
1770107171.422408,9594,256,1770107171.391448,30.960
1770107171.423030,9595,256,1770107171.391855,31.176
1770107171.423311,9596,256,1770107171.392440,30.870
1770107171.423625,9597,256,1770107171.392677,30.948
1770107171.423943,9598,256,1770107171.392893,31.050
1770107171.424234,9599,256,1770107171.393250,30.984
1770107171.426062,9601,256,1770107171.395266,30.796
1770107171.430998,9604,256,1770107171.400091,30.907
1770107171.432229,9605,256,1770107171.401285,30.944
1770107171.435442,9607,256,1770107171.404306,31.136
1770107171.435669,9608,256,1770107171.404421,31.248
1770107171.436304,9610,256,1770107171.404726,31.578
1770107171.436630,9611,256,1770107171.404946,31.684
1770107171.436897,9612,256,1770107171.405534,31.363
1770107171.438146,9613,256,1770107171.407169,30.977
1770107171.438304,9614,256,1770107171.407328,30.976
1770107171.439283,9615,256,1770107171.408484,30.800
1770107171.440852,9616,256,1770107171.410020,30.832
1770107171.442770,9617,256,1770107171.411868,30.902
1770107171.443913,9618,256,1770107171.413039,30.874
1770107171.448171,9620,256,1770107171.417307,30.864
1770107171.448655,9621,256,1770107171.417855,30.800
1770107171.448897,9622,256,1770107171.418158,30.740
1770107171.449183,9623,256,1770107171.418465,30.717
1770107171.450978,9624,256,1770107171.420103,30.874
1770107171.451540,9625,256,1770107171.420675,30.865
1770107171.451822,9626,256,1770107171.420953,30.869
1770107171.455005,9627,256,1770107171.424137,30.868
1770107171.457858,9629,256,1770107171.426866,30.991
1770107171.458025,9630,256,1770107171.426994,31.031
1770107171.459610,9631,256,1770107171.428739,30.870
1770107171.461385,9632,256,1770107171.430486,30.899
1770107171.463005,9633,256,1770107171.431922,31.083
1770107171.463341,9634,256,1770107171.432107,31.234
1770107171.464571,9635,256,1770107171.433518,31.053
1770107171.465959,9636,256,1770107171.435031,30.928
1770107171.468002,9637,256,1770107171.437096,30.906
1770107171.469553,9638,256,1770107171.438606,30.947
1770107171.474068,9639,256,1770107171.443033,31.034
1770107171.474394,9640,256,1770107171.443614,30.780
1770107171.474973,9641,256,1770107171.443989,30.984
1770107171.475570,9642,256,1770107171.444663,30.907
1770107171.476344,9643,256,1770107171.445569,30.776
1770107171.478004,9644,256,1770107171.447231,30.773
1770107171.478656,9645,256,1770107171.447583,31.073
1770107171.482846,9646,256,1770107171.452032,30.814
1770107171.486931,9647,256,1770107171.455976,30.954
1770107171.487854,9648,256,1770107171.456871,30.984
1770107171.490484,9650,256,1770107171.459519,30.965
1770107171.491659,9651,256,1770107171.460759,30.900
1770107171.493027,9652,256,1770107171.462121,30.907
1770107171.496786,9654,256,1770107171.465919,30.868
1770107171.497886,9655,256,1770107171.467082,30.804
1770107171.499447,9656,256,1770107171.468544,30.903
1770107171.502271,9657,256,1770107171.471331,30.940
1770107171.502461,9658,256,1770107171.471519,30.942
1770107171.503939,9659,256,1770107171.472987,30.951
1770107171.506274,9660,256,1770107171.475352,30.922
1770107171.512246,9662,256,1770107171.481314,30.932
1770107171.513755,9663,256,1770107171.482864,30.891
1770107171.513996,9664,256,1770107171.483050,30.946
1770107171.517726,9665,256,1770107171.486813,30.914
1770107171.520606,9666,256,1770107171.489657,30.949
1770107171.520846,9667,256,1770107171.490018,30.828
1770107171.524215,9668,256,1770107171.493284,30.931
1770107171.525558,9669,256,1770107171.494648,30.910
1770107171.527534,9670,256,1770107171.496622,30.912
1770107171.529514,9671,256,1770107171.498702,30.812
1770107171.532322,9672,256,1770107171.501461,30.861
1770107171.533671,9673,256,1770107171.502837,30.834
1770107171.537637,9676,256,1770107171.506743,30.894
1770107171.540304,9677,256,1770107171.509367,30.937
1770107171.542710,9678,256,1770107171.511813,30.896
1770107171.544460,9679,256,1770107171.513552,30.908
1770107171.545656,9680,256,1770107171.514799,30.857
1770107171.546231,9681,256,1770107171.515118,31.113
1770107171.547427,9682,256,1770107171.516623,30.804
1770107171.549793,9683,256,1770107171.518850,30.942
1770107171.551979,9684,256,1770107171.521101,30.878
1770107171.552715,9685,256,1770107171.521867,30.848
1770107171.553393,9686,256,1770107171.522629,30.765
1770107171.555076,9687,256,1770107171.523922,31.154
1770107171.556698,9688,256,1770107171.525738,30.959
1770107171.557608,9689,256,1770107171.526609,30.999
1770107171.557812,9690,256,1770107171.526867,30.945
1770107171.558435,9691,256,1770107171.527149,31.287
1770107171.559064,9692,256,1770107171.527262,31.802
1770107171.559397,9693,256,1770107171.527330,32.067
1770107171.559944,9694,256,1770107171.527401,32.543
1770107171.560218,9696,256,1770107171.528969,31.249
1770107171.563677,9697,256,1770107171.532709,30.968
1770107171.564275,9699,256,1770107171.533219,31.056
1770107171.564559,9700,256,1770107171.533580,30.978
1770107171.566533,9702,256,1770107171.535774,30.760
1770107171.566966,9703,256,1770107171.535834,31.133
1770107171.571419,9705,256,1770107171.540355,31.065
1770107171.571558,9706,256,1770107171.540554,31.004
1770107171.574736,9707,256,1770107171.543777,30.958
1770107171.575512,9708,256,1770107171.544741,30.771
1770107171.576170,9709,256,1770107171.544859,31.310
1770107171.576747,9710,256,1770107171.545428,31.319
1770107171.578868,9712,256,1770107171.547791,31.077
1770107171.582336,9713,256,1770107171.551479,30.857
1770107171.583153,9714,256,1770107171.552237,30.915
1770107171.584124,9715,256,1770107171.553308,30.816
1770107171.585959,9716,256,1770107171.555109,30.850
1770107171.594237,9717,256,1770107171.563246,30.991
1770107171.594414,9718,256,1770107171.563491,30.923
1770107171.597604,9719,256,1770107171.566706,30.898
1770107171.602741,9721,256,1770107171.571872,30.869
1770107171.603178,9722,256,1770107171.572329,30.849
1770107171.605528,9724,256,1770107171.574719,30.809
1770107171.607256,9725,256,1770107171.576250,31.006
1770107171.607517,9726,256,1770107171.576490,31.027
1770107171.609284,9727,256,1770107171.578420,30.864
1770107171.609587,9728,256,1770107171.578687,30.900
1770107171.611266,9729,256,1770107171.580441,30.825
1770107171.611542,9730,256,1770107171.580709,30.833
1770107171.612722,9732,256,1770107171.581921,30.801
1770107171.613691,9733,256,1770107171.582831,30.860
1770107171.615717,9734,256,1770107171.584625,31.092
1770107171.617748,9735,256,1770107171.586916,30.831
1770107171.622235,9738,256,1770107171.591345,30.890
1770107171.623569,9739,256,1770107171.592616,30.953
1770107171.626536,9742,256,1770107171.595639,30.897
1770107171.628319,9743,256,1770107171.597240,31.079
1770107171.628586,9744,256,1770107171.597703,30.883
1770107171.629417,9745,256,1770107171.598637,30.780
1770107171.631169,9746,256,1770107171.600393,30.776
1770107171.632432,9747,256,1770107171.601557,30.875
1770107171.633949,9748,256,1770107171.603116,30.833
1770107171.634402,9749,256,1770107171.603642,30.761
1770107171.634991,9750,256,1770107171.604231,30.760
1770107171.639311,9752,256,1770107171.608237,31.074
1770107171.639737,9753,256,1770107171.608491,31.245
1770107171.640008,9754,256,1770107171.608592,31.416
1770107171.640632,9755,256,1770107171.609543,31.089
1770107171.643893,9756,256,1770107171.612953,30.940
1770107171.645171,9757,256,1770107171.614331,30.840
1770107171.645406,9758,256,1770107171.614415,30.991
1770107171.645714,9759,256,1770107171.614470,31.243
1770107171.650906,9762,256,1770107171.620034,30.872
1770107171.653759,9763,256,1770107171.622899,30.861
1770107171.655890,9764,256,1770107171.624771,31.119
1770107171.656475,9765,256,1770107171.625160,31.314
1770107171.657268,9766,256,1770107171.626445,30.823
1770107171.658227,9767,256,1770107171.627408,30.819
1770107171.658493,9768,256,1770107171.627580,30.913
1770107171.659655,9769,256,1770107171.628819,30.836
1770107171.660524,9771,256,1770107171.629655,30.869
1770107171.662076,9772,256,1770107171.631164,30.913
1770107171.664965,9773,256,1770107171.634061,30.903
1770107171.665408,9774,256,1770107171.634649,30.759
1770107171.667088,9775,256,1770107171.636267,30.821
1770107171.668973,9776,256,1770107171.638149,30.824
1770107171.671335,9779,256,1770107171.640452,30.884
1770107171.672627,9780,256,1770107171.641707,30.920
1770107171.674928,9781,256,1770107171.644022,30.906
1770107171.675337,9782,256,1770107171.644469,30.869
1770107171.676496,9783,256,1770107171.645574,30.922
1770107171.678671,9784,256,1770107171.647815,30.855
1770107171.680426,9786,256,1770107171.649583,30.843
1770107171.683437,9788,256,1770107171.652565,30.872
1770107171.684298,9789,256,1770107171.653513,30.785
1770107171.686856,9791,256,1770107171.655838,31.018
1770107171.689167,9793,256,1770107171.658316,30.851
1770107171.691647,9795,256,1770107171.660721,30.926
1770107171.692148,9796,256,1770107171.661223,30.925
1770107171.695342,9797,256,1770107171.664368,30.974
1770107171.697360,9798,256,1770107171.666465,30.895
1770107171.699139,9799,256,1770107171.668278,30.861
1770107171.699667,9800,256,1770107171.668719,30.948
1770107171.700856,9801,256,1770107171.670080,30.775
1770107171.701154,9802,256,1770107171.670394,30.760
1770107171.705123,9804,256,1770107171.674181,30.942
1770107171.707319,9805,256,1770107171.676242,31.076
1770107171.708411,9806,256,1770107171.677422,30.989
1770107171.709154,9807,256,1770107171.678328,30.826
1770107171.710184,9810,256,1770107171.679386,30.797
1770107171.710464,9811,256,1770107171.679494,30.970
1770107171.712568,9812,256,1770107171.681752,30.815
1770107171.716715,9814,256,1770107171.685854,30.861
1770107171.717898,9815,256,1770107171.687095,30.803
1770107171.718656,9816,256,1770107171.687869,30.787
1770107171.719252,9817,256,1770107171.687932,31.320
1770107171.719518,9819,256,1770107171.688648,30.870
1770107171.721049,9820,256,1770107171.690220,30.829
1770107171.721823,9821,256,1770107171.691013,30.810
1770107171.723121,9822,256,1770107171.691946,31.175
1770107171.724999,9824,256,1770107171.694206,30.792
1770107171.727364,9825,256,1770107171.696435,30.929
1770107171.727592,9826,256,1770107171.696591,31.001
1770107171.728798,9827,256,1770107171.697807,30.990
1770107171.730205,9828,256,1770107171.699226,30.979
1770107171.730609,9829,256,1770107171.699858,30.750
1770107171.733287,9830,256,1770107171.702419,30.868
1770107171.733488,9831,256,1770107171.702504,30.983
1770107171.735923,9832,256,1770107171.705064,30.859
1770107171.739069,9833,256,1770107171.708122,30.947
1770107171.739273,9834,256,1770107171.708317,30.955
1770107171.739609,9835,256,1770107171.708465,31.143
1770107171.739918,9837,256,1770107171.709103,30.815
1770107171.740237,9838,256,1770107171.709155,31.081
1770107171.740813,9839,256,1770107171.709999,30.814
1770107171.742065,9840,256,1770107171.710841,31.224
1770107171.742343,9841,256,1770107171.711225,31.119
1770107171.742810,9842,256,1770107171.712044,30.766
1770107171.743095,9843,256,1770107171.712200,30.896
1770107171.743547,9844,256,1770107171.712760,30.788
1770107171.745931,9845,256,1770107171.715084,30.847
1770107171.746205,9846,256,1770107171.715182,31.023
1770107171.747944,9847,256,1770107171.716723,31.221
1770107171.748161,9848,256,1770107171.717168,30.993
1770107171.754173,9850,256,1770107171.722896,31.277
1770107171.754419,9851,256,1770107171.723069,31.350
1770107171.755919,9852,256,1770107171.723841,32.078
1770107171.756163,9853,256,1770107171.725281,30.882
1770107171.758253,9854,256,1770107171.727154,31.098
1770107171.759064,9855,256,1770107171.728215,30.849
1770107171.761037,9856,256,1770107171.730211,30.826
1770107171.761316,9857,256,1770107171.730338,30.978
1770107171.762448,9859,256,1770107171.731701,30.747
1770107171.763021,9860,256,1770107171.732267,30.753
1770107171.764586,9861,256,1770107171.733817,30.769
1770107171.766086,9862,256,1770107171.735257,30.829
1770107171.766765,9863,256,1770107171.735967,30.798
1770107171.768030,9864,256,1770107171.737225,30.805
1770107171.770443,9865,256,1770107171.739523,30.921
1770107171.770766,9866,256,1770107171.739996,30.770
1770107171.772821,9867,256,1770107171.741903,30.919
1770107171.773469,9869,256,1770107171.742675,30.793
1770107171.773761,9870,256,1770107171.742785,30.976
1770107171.774399,9871,256,1770107171.743368,31.030
1770107171.774672,9872,256,1770107171.743486,31.186
1770107171.775767,9875,256,1770107171.744973,30.794
1770107171.776438,9876,256,1770107171.745634,30.803
1770107171.778809,9877,256,1770107171.747985,30.824
1770107171.782519,9879,256,1770107171.751700,30.819
1770107171.786037,9880,256,1770107171.755237,30.801
1770107171.786612,9881,256,1770107171.755616,30.996
1770107171.794446,9885,256,1770107171.763481,30.965
1770107171.795951,9886,256,1770107171.765105,30.845
1770107171.796637,9887,256,1770107171.765823,30.814
1770107171.798126,9889,256,1770107171.767317,30.809
1770107171.799020,9890,256,1770107171.768178,30.842
1770107171.800840,9892,256,1770107171.770044,30.796
1770107171.801054,9893,256,1770107171.770297,30.757
1770107171.801644,9894,256,1770107171.770940,30.704
1770107171.804367,9895,256,1770107171.773560,30.808
1770107171.804664,9896,256,1770107171.773797,30.867
1770107171.804920,9897,256,1770107171.773914,31.006
1770107171.805288,9898,256,1770107171.774270,31.018
1770107171.805558,9899,256,1770107171.774332,31.226
1770107171.810975,9903,256,1770107171.780076,30.899
1770107171.812852,9904,256,1770107171.782045,30.807
1770107171.813180,9905,256,1770107171.782481,30.699
1770107171.814497,9906,256,1770107171.783745,30.752
1770107171.815088,9907,256,1770107171.783921,31.167
1770107171.815876,9908,256,1770107171.785169,30.707
1770107171.817261,9909,256,1770107171.786377,30.885
1770107171.819776,9910,256,1770107171.788992,30.784
1770107171.820299,9912,256,1770107171.789398,30.901
1770107171.821470,9913,256,1770107171.790522,30.948
1770107171.821765,9914,256,1770107171.790864,30.901
1770107171.822779,9916,256,1770107171.791870,30.909
1770107171.823078,9917,256,1770107171.792205,30.873
1770107171.831979,9918,256,1770107171.801197,30.781
1770107171.833320,9920,256,1770107171.802614,30.706
1770107171.833782,9922,256,1770107171.802840,30.942
1770107171.837301,9923,256,1770107171.806412,30.889
1770107171.837848,9924,256,1770107171.806675,31.173
1770107171.838083,9925,256,1770107171.807058,31.025
1770107171.841458,9926,256,1770107171.810635,30.823
1770107171.841701,9927,256,1770107171.810876,30.825
1770107171.843994,9930,256,1770107171.813193,30.802
1770107171.849548,9931,256,1770107171.818618,30.929
1770107171.850346,9932,256,1770107171.819530,30.816
1770107171.851503,9933,256,1770107171.820756,30.747
1770107171.853752,9934,256,1770107171.822977,30.775
1770107171.854822,9935,256,1770107171.823957,30.865
1770107171.856627,9936,256,1770107171.825902,30.726
1770107171.858440,9937,256,1770107171.827729,30.710
1770107171.861588,9938,256,1770107171.830718,30.870
1770107171.861884,9939,256,1770107171.831156,30.728
1770107171.864275,9940,256,1770107171.833565,30.710
1770107171.864748,9941,256,1770107171.834069,30.679
1770107171.869764,9942,256,1770107171.839023,30.741
1770107171.870241,9943,256,1770107171.839483,30.759
1770107171.871720,9944,256,1770107171.840948,30.771
1770107171.872637,9945,256,1770107171.841814,30.822
1770107171.873730,9946,256,1770107171.842987,30.743
1770107171.874007,9947,256,1770107171.843066,30.941
1770107171.874340,9948,256,1770107171.843085,31.255
1770107171.874609,9949,256,1770107171.843620,30.989
1770107171.874918,9950,256,1770107171.843642,31.276
1770107171.875213,9951,256,1770107171.843736,31.477
1770107171.877317,9952,256,1770107171.846605,30.712
1770107171.878379,9953,256,1770107171.847678,30.701
1770107171.881840,9955,256,1770107171.850972,30.868
1770107171.882527,9956,256,1770107171.851790,30.737
1770107171.883095,9957,256,1770107171.851946,31.149
1770107171.883412,9958,256,1770107171.852117,31.296
1770107171.883954,9959,256,1770107171.853222,30.732
1770107171.885059,9960,256,1770107171.854330,30.729
1770107171.885316,9961,256,1770107171.854598,30.718
1770107171.885745,9962,256,1770107171.855025,30.719
1770107171.887264,9963,256,1770107171.856469,30.795
1770107171.887515,9964,256,1770107171.856798,30.717
1770107171.888479,9965,256,1770107171.857753,30.726
1770107171.892525,9966,256,1770107171.861750,30.775
1770107171.898008,9967,256,1770107171.867291,30.717
1770107171.899338,9968,256,1770107171.868309,31.029
1770107171.899738,9969,256,1770107171.869035,30.702
1770107171.903306,9970,256,1770107171.872203,31.103
1770107171.906544,9971,256,1770107171.875286,31.259
1770107171.907043,9972,256,1770107171.876297,30.746
1770107171.908003,9973,256,1770107171.877144,30.858
1770107171.908150,9974,256,1770107171.877176,30.974
1770107171.910774,9975,256,1770107171.880058,30.716
1770107171.911288,9976,256,1770107171.880584,30.704
1770107171.912376,9977,256,1770107171.881667,30.709
1770107171.912657,9978,256,1770107171.881892,30.764
1770107171.914590,9980,256,1770107171.883652,30.939
1770107171.915872,9981,256,1770107171.885160,30.711
1770107171.916165,9982,256,1770107171.885200,30.965
1770107171.917551,9984,256,1770107171.886661,30.890
1770107171.917853,9985,256,1770107171.886809,31.043
1770107171.920768,9986,256,1770107171.890007,30.761
1770107171.921054,9987,256,1770107171.890257,30.797
1770107171.921350,9988,256,1770107171.890480,30.870
1770107171.921723,9989,256,1770107171.890679,31.044
1770107171.923840,9991,256,1770107171.893094,30.746
1770107171.924088,9992,256,1770107171.893302,30.787
1770107171.925821,9993,256,1770107171.895078,30.743
1770107171.926553,9994,256,1770107171.895844,30.709
1770107171.927227,9995,256,1770107171.896502,30.725
1770107171.928713,9996,256,1770107171.897984,30.729
1770107171.930125,9997,256,1770107171.899388,30.738
1770107171.930710,9998,256,1770107171.899970,30.740
1770107171.931977,9999,256,1770107171.901221,30.756
1770107171.934968,10000,256,1770107171.904122,30.847
1770107171.936870,10001,256,1770107171.906042,30.828
1770107171.937226,10002,256,1770107171.906145,31.081
1770107171.937421,10003,256,1770107171.906170,31.251
1770107171.941813,10005,256,1770107171.911012,30.801
1770107171.942049,10006,256,1770107171.911138,30.911
1770107171.942564,10007,256,1770107171.911339,31.224
1770107171.942949,10008,256,1770107171.911826,31.122
1770107171.949095,10010,256,1770107171.918177,30.918
1770107171.949377,10011,256,1770107171.918377,31.000
1770107171.952804,10013,256,1770107171.921652,31.152
1770107171.958876,10014,256,1770107171.927927,30.949
1770107171.959764,10015,256,1770107171.928989,30.776
1770107171.960988,10018,256,1770107171.930051,30.937
1770107171.962276,10019,256,1770107171.931257,31.018
1770107171.962472,10020,256,1770107171.931613,30.859
1770107171.964715,10022,256,1770107171.933971,30.744
1770107171.966121,10023,256,1770107171.935356,30.765
1770107171.966868,10024,256,1770107171.936100,30.768
1770107171.967950,10025,256,1770107171.937043,30.907
1770107171.971493,10027,256,1770107171.940575,30.918
1770107171.972280,10028,256,1770107171.941262,31.019
1770107171.973415,10029,256,1770107171.942561,30.854
1770107171.973783,10030,256,1770107171.942722,31.062
1770107171.974620,10031,256,1770107171.943210,31.410
1770107171.974976,10033,256,1770107171.944088,30.888
1770107171.976847,10034,256,1770107171.945303,31.544
1770107171.977050,10035,256,1770107171.945547,31.503
1770107171.980449,10037,256,1770107171.949575,30.874
1770107171.981212,10038,256,1770107171.950412,30.799
1770107171.982242,10039,256,1770107171.951437,30.805
1770107171.982574,10040,256,1770107171.951747,30.827
1770107171.983415,10041,256,1770107171.952437,30.977
1770107171.984820,10044,256,1770107171.954043,30.777
1770107171.985585,10045,256,1770107171.954810,30.775
1770107171.985934,10046,256,1770107171.955106,30.828
1770107171.987646,10047,256,1770107171.956789,30.858
1770107171.989065,10048,256,1770107171.958228,30.838
1770107171.990428,10049,256,1770107171.959513,30.915
1770107171.992258,10050,256,1770107171.961330,30.927
1770107171.996268,10051,256,1770107171.965141,31.127
1770107171.997636,10052,256,1770107171.966411,31.224
1770107172.001006,10053,256,1770107171.970040,30.967
1770107172.001982,10054,256,1770107171.970962,31.020
1770107172.002096,10055,256,1770107171.971117,30.979
1770107172.003083,10056,256,1770107171.972036,31.047
1770107172.003506,10057,256,1770107171.972158,31.348
1770107172.006863,10058,256,1770107171.975799,31.064
1770107172.007608,10059,256,1770107171.976595,31.013
1770107172.008677,10060,256,1770107171.977785,30.893
1770107172.013271,10061,256,1770107171.982311,30.960
1770107172.013512,10062,256,1770107171.982587,30.925
1770107172.016273,10064,256,1770107171.985436,30.837
1770107172.016880,10065,256,1770107171.985753,31.127
1770107172.017177,10066,256,1770107171.985988,31.188
1770107172.018538,10067,256,1770107171.987662,30.876
1770107172.019405,10068,256,1770107171.988039,31.366
1770107172.020297,10069,256,1770107171.988770,31.527
1770107172.022763,10070,256,1770107171.991806,30.957
1770107172.023390,10071,256,1770107171.992595,30.795
1770107172.024012,10072,256,1770107171.993019,30.993
1770107172.027522,10073,256,1770107171.996560,30.962
1770107172.028143,10074,256,1770107171.997211,30.931
1770107172.029100,10075,256,1770107171.998302,30.797
1770107172.031550,10077,256,1770107172.000573,30.977
1770107172.035104,10081,256,1770107172.004330,30.773
1770107172.038177,10082,256,1770107172.007298,30.879
1770107172.039125,10083,256,1770107172.008315,30.810
1770107172.043591,10084,256,1770107172.012710,30.880
1770107172.045132,10085,256,1770107172.014337,30.796
1770107172.045415,10086,256,1770107172.014512,30.903
1770107172.045709,10087,256,1770107172.014829,30.881
1770107172.046009,10088,256,1770107172.014881,31.128
1770107172.048571,10090,256,1770107172.017522,31.049
1770107172.048966,10092,256,1770107172.018213,30.752
1770107172.053143,10093,256,1770107172.022282,30.861
1770107172.054046,10094,256,1770107172.023237,30.809
1770107172.054351,10095,256,1770107172.023364,30.987
1770107172.054929,10096,256,1770107172.023998,30.932
1770107172.055228,10097,256,1770107172.024068,31.160
1770107172.058950,10099,256,1770107172.028125,30.826
1770107172.059470,10101,256,1770107172.028372,31.098
1770107172.060319,10102,256,1770107172.028724,31.595
1770107172.061816,10103,256,1770107172.030861,30.955
1770107172.062054,10104,256,1770107172.031077,30.976
1770107172.062337,10105,256,1770107172.031142,31.195
1770107172.062616,10106,256,1770107172.031213,31.403
1770107172.065060,10107,256,1770107172.034230,30.830
1770107172.072432,10109,256,1770107172.041396,31.037
1770107172.074485,10110,256,1770107172.043357,31.127
1770107172.079289,10111,256,1770107172.048266,31.023
1770107172.080879,10113,256,1770107172.049525,31.354
1770107172.081385,10114,256,1770107172.050637,30.748
1770107172.083260,10115,256,1770107172.052342,30.918
1770107172.085489,10116,256,1770107172.054340,31.148
1770107172.085747,10117,256,1770107172.054532,31.215
1770107172.088243,10118,256,1770107172.057344,30.899
1770107172.089460,10119,256,1770107172.058626,30.834
1770107172.090047,10120,256,1770107172.059149,30.898
1770107172.090863,10121,256,1770107172.060041,30.823
1770107172.091154,10122,256,1770107172.060174,30.980
1770107172.091740,10124,256,1770107172.060791,30.949
1770107172.093448,10125,256,1770107172.062558,30.890
1770107172.095792,10126,256,1770107172.064950,30.842
1770107172.096604,10127,256,1770107172.065572,31.032
1770107172.099149,10128,256,1770107172.068054,31.095
1770107172.101793,10129,256,1770107172.070741,31.052
1770107172.104258,10130,256,1770107172.073381,30.877
1770107172.107975,10131,256,1770107172.077006,30.969
1770107172.110492,10133,256,1770107172.079628,30.864
1770107172.117904,10137,256,1770107172.087011,30.893
1770107172.118251,10138,256,1770107172.087488,30.763
1770107172.118833,10139,256,1770107172.088092,30.741
1770107172.120985,10140,256,1770107172.090204,30.780
1770107172.122446,10141,256,1770107172.091546,30.900
1770107172.125269,10142,256,1770107172.094356,30.913
1770107172.125737,10143,256,1770107172.094910,30.828
1770107172.126512,10144,256,1770107172.095706,30.806
1770107172.128910,10145,256,1770107172.098047,30.863
1770107172.131121,10146,256,1770107172.100269,30.852
1770107172.131777,10147,256,1770107172.100984,30.793
1770107172.132041,10148,256,1770107172.101063,30.978
1770107172.134029,10149,256,1770107172.103111,30.919
1770107172.134329,10150,256,1770107172.103300,31.029
1770107172.136427,10151,256,1770107172.105592,30.834
1770107172.141098,10152,256,1770107172.110235,30.863
1770107172.146811,10154,256,1770107172.115909,30.901
1770107172.148882,10155,256,1770107172.118052,30.830
1770107172.151111,10157,256,1770107172.120283,30.828
1770107172.151545,10158,256,1770107172.120796,30.748
1770107172.153814,10160,256,1770107172.123056,30.757
1770107172.156627,10162,256,1770107172.125828,30.800
1770107172.158475,10164,256,1770107172.127541,30.935
1770107172.159897,10166,256,1770107172.129107,30.790
1770107172.160143,10167,256,1770107172.129255,30.888
1770107172.161401,10168,256,1770107172.130639,30.762
1770107172.162427,10169,256,1770107172.131636,30.792
1770107172.163334,10170,256,1770107172.132466,30.868
1770107172.164659,10172,256,1770107172.133891,30.768
1770107172.166111,10173,256,1770107172.135266,30.845
1770107172.171390,10175,256,1770107172.140616,30.774
1770107172.173314,10176,256,1770107172.142392,30.921
1770107172.173543,10177,256,1770107172.142573,30.970
1770107172.175372,10178,256,1770107172.144160,31.213
1770107172.176297,10180,256,1770107172.145345,30.952
1770107172.177787,10182,256,1770107172.146911,30.876
1770107172.178031,10183,256,1770107172.147076,30.956
1770107172.179599,10185,256,1770107172.148804,30.795
1770107172.181248,10186,256,1770107172.150450,30.798
1770107172.182050,10187,256,1770107172.151260,30.790
1770107172.182338,10188,256,1770107172.151550,30.789
1770107172.182927,10189,256,1770107172.151781,31.147
1770107172.185233,10190,256,1770107172.154410,30.823
1770107172.185481,10191,256,1770107172.154475,31.006
1770107172.189137,10193,256,1770107172.158237,30.901
1770107172.189624,10195,256,1770107172.158557,31.067
1770107172.190267,10196,256,1770107172.158751,31.516
1770107172.191092,10197,256,1770107172.160285,30.807
1770107172.192721,10198,256,1770107172.161863,30.858
1770107172.193046,10199,256,1770107172.162215,30.832
1770107172.197482,10200,256,1770107172.166562,30.920
1770107172.198091,10202,256,1770107172.167257,30.834
1770107172.198321,10203,256,1770107172.167308,31.013
1770107172.199335,10205,256,1770107172.168496,30.839
1770107172.199782,10206,256,1770107172.169025,30.757
1770107172.201619,10207,256,1770107172.170637,30.982
1770107172.201863,10208,256,1770107172.170741,31.122
1770107172.202162,10209,256,1770107172.170792,31.371
1770107172.202844,10210,256,1770107172.172076,30.769
1770107172.203131,10211,256,1770107172.172216,30.915
1770107172.206544,10214,256,1770107172.175722,30.822
1770107172.207512,10215,256,1770107172.176471,31.041
1770107172.207797,10216,256,1770107172.176622,31.175
1770107172.208574,10217,256,1770107172.177779,30.795
1770107172.210856,10218,256,1770107172.180022,30.835
1770107172.213486,10219,256,1770107172.182613,30.874
1770107172.213974,10220,256,1770107172.183209,30.765
1770107172.214263,10221,256,1770107172.183373,30.890
1770107172.216151,10223,256,1770107172.185384,30.767
1770107172.216712,10224,256,1770107172.185954,30.758
1770107172.217314,10225,256,1770107172.186213,31.101
1770107172.217983,10226,256,1770107172.186344,31.639
1770107172.219062,10227,256,1770107172.188248,30.814
1770107172.223823,10233,256,1770107172.192896,30.927
1770107172.224126,10234,256,1770107172.193219,30.906
1770107172.227787,10236,256,1770107172.196808,30.979
1770107172.229627,10237,256,1770107172.198768,30.859
1770107172.229895,10238,256,1770107172.199071,30.824
1770107172.233435,10240,256,1770107172.202503,30.931
1770107172.235710,10241,256,1770107172.204907,30.803
1770107172.236087,10242,256,1770107172.205293,30.794
1770107172.238972,10244,256,1770107172.208140,30.832
1770107172.240480,10245,256,1770107172.209555,30.925
1770107172.241847,10246,256,1770107172.211040,30.807
1770107172.243776,10247,256,1770107172.212927,30.849
1770107172.246053,10248,256,1770107172.214785,31.267
1770107172.246465,10249,256,1770107172.215686,30.779
1770107172.247466,10250,256,1770107172.216688,30.779
1770107172.251206,10251,256,1770107172.220306,30.900
1770107172.256834,10254,256,1770107172.225851,30.983
1770107172.257111,10255,256,1770107172.226307,30.804
1770107172.257774,10256,256,1770107172.226988,30.787
1770107172.259163,10257,256,1770107172.228352,30.811
1770107172.260612,10258,256,1770107172.229772,30.840
1770107172.261651,10259,256,1770107172.230745,30.906
1770107172.261847,10260,256,1770107172.230878,30.968
1770107172.262261,10261,256,1770107172.231504,30.757
1770107172.263764,10262,256,1770107172.232929,30.835
1770107172.264925,10263,256,1770107172.234149,30.776
1770107172.266530,10264,256,1770107172.235469,31.060
1770107172.267417,10265,256,1770107172.236616,30.802
1770107172.269370,10266,256,1770107172.238495,30.875
1770107172.271145,10268,256,1770107172.240337,30.808
1770107172.276353,10271,256,1770107172.245447,30.906
1770107172.278466,10272,256,1770107172.247222,31.244
1770107172.278689,10273,256,1770107172.247376,31.312
1770107172.279094,10274,256,1770107172.248320,30.774
1770107172.279703,10275,256,1770107172.248817,30.885
1770107172.280399,10276,256,1770107172.249624,30.776
1770107172.285277,10277,256,1770107172.254205,31.071
1770107172.286408,10278,256,1770107172.255618,30.789
1770107172.287578,10279,256,1770107172.256842,30.736
1770107172.290826,10280,256,1770107172.260018,30.808
1770107172.291140,10281,256,1770107172.260415,30.725
1770107172.292998,10283,256,1770107172.262209,30.790
1770107172.294989,10284,256,1770107172.264232,30.757
1770107172.295278,10285,256,1770107172.264362,30.916
1770107172.297972,10288,256,1770107172.267193,30.779
1770107172.299535,10289,256,1770107172.268755,30.780
1770107172.304465,10290,256,1770107172.273521,30.944
1770107172.304700,10291,256,1770107172.273736,30.965
1770107172.305309,10292,256,1770107172.274597,30.712
1770107172.305607,10293,256,1770107172.274649,30.958
1770107172.307698,10294,256,1770107172.276932,30.766
1770107172.308724,10295,256,1770107172.277968,30.756
1770107172.308996,10296,256,1770107172.278028,30.969
1770107172.310579,10297,256,1770107172.279826,30.753
1770107172.311651,10298,256,1770107172.280909,30.742
1770107172.317486,10300,256,1770107172.286545,30.941
1770107172.318089,10301,256,1770107172.286928,31.162
1770107172.322023,10302,256,1770107172.290274,31.749
1770107172.323156,10303,256,1770107172.292393,30.763
1770107172.325104,10304,256,1770107172.294074,31.030
1770107172.326372,10305,256,1770107172.295615,30.757
1770107172.327216,10306,256,1770107172.296453,30.764
1770107172.327499,10307,256,1770107172.296690,30.809
1770107172.331445,10308,256,1770107172.300715,30.729
1770107172.334216,10309,256,1770107172.303182,31.034
1770107172.337831,10310,256,1770107172.307087,30.745
1770107172.338518,10311,256,1770107172.307760,30.757
1770107172.339113,10312,256,1770107172.307837,31.277
1770107172.340542,10313,256,1770107172.309812,30.730
1770107172.341460,10314,256,1770107172.310731,30.729
1770107172.342310,10315,256,1770107172.311595,30.715
1770107172.342619,10316,256,1770107172.311796,30.823
1770107172.345745,10317,256,1770107172.315015,30.730
1770107172.346638,10319,256,1770107172.315916,30.722
1770107172.347823,10320,256,1770107172.317085,30.739
1770107172.348749,10322,256,1770107172.317920,30.830
1770107172.350448,10323,256,1770107172.319630,30.818
1770107172.351280,10325,256,1770107172.320408,30.872
1770107172.352163,10326,256,1770107172.321407,30.755
1770107172.352991,10327,256,1770107172.322155,30.835
1770107172.353290,10328,256,1770107172.322333,30.957
1770107172.355232,10329,256,1770107172.324463,30.769
1770107172.356941,10331,256,1770107172.326149,30.792
1770107172.359347,10332,256,1770107172.328285,31.063
1770107172.360048,10333,256,1770107172.329333,30.715
1770107172.369757,10335,256,1770107172.338655,31.102
1770107172.372167,10336,256,1770107172.341346,30.821
1770107172.373285,10337,256,1770107172.342523,30.762
1770107172.373589,10338,256,1770107172.342618,30.972
1770107172.374556,10339,256,1770107172.343827,30.729
1770107172.379278,10340,256,1770107172.348435,30.843
1770107172.381269,10342,256,1770107172.350284,30.984
1770107172.381777,10343,256,1770107172.350590,31.186
1770107172.382971,10344,256,1770107172.352161,30.810
1770107172.383245,10345,256,1770107172.352439,30.807
1770107172.387677,10346,256,1770107172.356614,31.063
1770107172.388048,10348,256,1770107172.356805,31.244
1770107172.389506,10349,256,1770107172.358661,30.845
1770107172.389754,10350,256,1770107172.358716,31.038
1770107172.391995,10351,256,1770107172.361172,30.823
1770107172.392552,10352,256,1770107172.361352,31.199
1770107172.393416,10353,256,1770107172.362596,30.820
1770107172.394550,10354,256,1770107172.363764,30.785
1770107172.396379,10355,256,1770107172.365195,31.184
1770107172.396633,10356,256,1770107172.365242,31.391
1770107172.398456,10358,256,1770107172.367714,30.741
1770107172.402282,10359,256,1770107172.371294,30.988
1770107172.404415,10361,256,1770107172.373639,30.776
1770107172.405299,10362,256,1770107172.374524,30.775
1770107172.405625,10363,256,1770107172.374825,30.801
1770107172.406732,10364,256,1770107172.375952,30.780
1770107172.408205,10366,256,1770107172.377434,30.771
1770107172.408661,10367,256,1770107172.377934,30.728
1770107172.408958,10368,256,1770107172.377971,30.987
1770107172.413842,10369,256,1770107172.382908,30.934
1770107172.414120,10370,256,1770107172.383297,30.823
1770107172.414492,10371,256,1770107172.383382,31.109
1770107172.416363,10372,256,1770107172.385350,31.013
1770107172.416864,10373,256,1770107172.386053,30.811
1770107172.418580,10375,256,1770107172.387314,31.266
1770107172.418857,10376,256,1770107172.388035,30.822
1770107172.420058,10377,256,1770107172.388986,31.072
1770107172.421704,10378,256,1770107172.390673,31.031
1770107172.422665,10379,256,1770107172.391754,30.910
1770107172.423084,10380,256,1770107172.392290,30.794
1770107172.423358,10381,256,1770107172.392378,30.981
1770107172.423646,10382,256,1770107172.392738,30.908
1770107172.426393,10383,256,1770107172.395539,30.854
1770107172.428247,10384,256,1770107172.397374,30.873
1770107172.429406,10386,256,1770107172.398658,30.748
1770107172.429725,10387,256,1770107172.398831,30.894
1770107172.433830,10390,256,1770107172.402897,30.933
1770107172.436796,10392,256,1770107172.405855,30.941
1770107172.437388,10393,256,1770107172.406549,30.839
1770107172.438273,10394,256,1770107172.407423,30.850
1770107172.438521,10395,256,1770107172.407623,30.898
1770107172.438828,10396,256,1770107172.407886,30.943
1770107172.439996,10397,256,1770107172.409231,30.765
1770107172.441223,10398,256,1770107172.410326,30.897
1770107172.443104,10399,256,1770107172.412092,31.011
1770107172.447452,10402,256,1770107172.416522,30.930
1770107172.449252,10404,256,1770107172.418323,30.929
1770107172.449941,10407,256,1770107172.418575,31.366
1770107172.450157,10408,256,1770107172.418602,31.555
1770107172.450875,10409,256,1770107172.419059,31.816
1770107172.453066,10411,256,1770107172.422213,30.853
1770107172.453312,10412,256,1770107172.422365,30.947
1770107172.453537,10413,256,1770107172.422482,31.055
1770107172.458004,10415,256,1770107172.427153,30.851
1770107172.459182,10416,256,1770107172.428181,31.001
1770107172.461080,10417,256,1770107172.430092,30.987
1770107172.461243,10418,256,1770107172.430295,30.948
1770107172.461529,10419,256,1770107172.430652,30.877
1770107172.463820,10420,256,1770107172.432863,30.958
1770107172.465338,10421,256,1770107172.434449,30.890
1770107172.467250,10422,256,1770107172.436340,30.909
1770107172.468171,10423,256,1770107172.437324,30.847
1770107172.470216,10424,256,1770107172.439348,30.868
1770107172.470762,10425,256,1770107172.440011,30.752
1770107172.472056,10427,256,1770107172.441160,30.897
1770107172.472649,10428,256,1770107172.441337,31.312
1770107172.472966,10429,256,1770107172.441493,31.473
1770107172.473252,10430,256,1770107172.442253,30.998
1770107172.474678,10432,256,1770107172.443640,31.039
1770107172.476001,10433,256,1770107172.444976,31.025
1770107172.485555,10434,256,1770107172.454447,31.108
1770107172.485789,10435,256,1770107172.454890,30.899
1770107172.486878,10436,256,1770107172.456005,30.873
1770107172.487120,10437,256,1770107172.456138,30.982
1770107172.488577,10438,256,1770107172.457672,30.905
1770107172.488827,10439,256,1770107172.457882,30.945
1770107172.489185,10440,256,1770107172.457944,31.240
1770107172.489942,10441,256,1770107172.458821,31.121
1770107172.492115,10442,256,1770107172.460948,31.167
1770107172.494543,10444,256,1770107172.463440,31.104
1770107172.495674,10447,256,1770107172.464746,30.928
1770107172.497675,10448,256,1770107172.466789,30.887
1770107172.497923,10449,256,1770107172.466967,30.957
1770107172.499117,10451,256,1770107172.468207,30.911
1770107172.501643,10452,256,1770107172.470773,30.870
1770107172.501887,10453,256,1770107172.471130,30.757
1770107172.503864,10455,256,1770107172.473026,30.838
1770107172.504832,10456,256,1770107172.473906,30.926
1770107172.505182,10457,256,1770107172.474056,31.126
1770107172.507013,10458,256,1770107172.476115,30.898
1770107172.507281,10459,256,1770107172.476447,30.833
1770107172.511378,10460,256,1770107172.480316,31.062
1770107172.512498,10461,256,1770107172.481603,30.895
1770107172.515896,10464,256,1770107172.485074,30.822
1770107172.516175,10465,256,1770107172.485297,30.878
1770107172.517322,10466,256,1770107172.486209,31.113
1770107172.517585,10467,256,1770107172.486377,31.208
1770107172.519697,10469,256,1770107172.488738,30.959
1770107172.520332,10470,256,1770107172.489446,30.885
1770107172.521995,10471,256,1770107172.491105,30.890
1770107172.523113,10472,256,1770107172.492273,30.840
1770107172.523383,10473,256,1770107172.492400,30.983
1770107172.524100,10474,256,1770107172.493216,30.884
1770107172.525585,10475,256,1770107172.494760,30.825
1770107172.526695,10476,256,1770107172.495394,31.301
1770107172.526987,10478,256,1770107172.495825,31.162
1770107172.527286,10479,256,1770107172.496491,30.795
1770107172.529216,10480,256,1770107172.498416,30.800
1770107172.531239,10481,256,1770107172.500354,30.885
1770107172.532414,10483,256,1770107172.501446,30.968
1770107172.533893,10484,256,1770107172.502918,30.976
1770107172.537645,10486,256,1770107172.506745,30.900
1770107172.538914,10488,256,1770107172.508089,30.826
1770107172.540626,10489,256,1770107172.509546,31.080
1770107172.544296,10490,256,1770107172.513227,31.070
1770107172.545251,10491,256,1770107172.514392,30.860
1770107172.545516,10492,256,1770107172.514529,30.987
1770107172.547655,10493,256,1770107172.516762,30.894
1770107172.552906,10495,256,1770107172.521933,30.974
1770107172.553083,10496,256,1770107172.522166,30.917
1770107172.553796,10497,256,1770107172.522920,30.876
1770107172.556135,10498,256,1770107172.524028,32.108
1770107172.556387,10500,256,1770107172.525391,30.996
1770107172.556950,10501,256,1770107172.525782,31.168
1770107172.559157,10502,256,1770107172.525954,33.203
1770107172.559347,10503,256,1770107172.526532,32.816
1770107172.559385,10504,256,1770107172.526624,32.761
1770107172.559414,10505,256,1770107172.528512,30.902
1770107172.561307,10506,256,1770107172.530270,31.037
1770107172.562729,10507,256,1770107172.531647,31.082
1770107172.562995,10508,256,1770107172.531729,31.266
1770107172.563366,10509,256,1770107172.531889,31.477
1770107172.565038,10510,256,1770107172.534138,30.900
1770107172.567124,10511,256,1770107172.536232,30.892
1770107172.569708,10513,256,1770107172.538722,30.985
1770107172.577311,10514,256,1770107172.543835,33.476
1770107172.577626,10515,256,1770107172.544304,33.322
1770107172.577685,10516,256,1770107172.544401,33.284
1770107172.577729,10518,256,1770107172.545339,32.391
1770107172.577772,10519,256,1770107172.545416,32.356
1770107172.577815,10520,256,1770107172.545838,31.977
1770107172.578310,10521,256,1770107172.547402,30.908
1770107172.579449,10522,256,1770107172.548568,30.881
1770107172.579742,10523,256,1770107172.548714,31.028
1770107172.580062,10524,256,1770107172.549106,30.956
1770107172.580584,10525,256,1770107172.549139,31.445
1770107172.584581,10527,256,1770107172.553594,30.987
1770107172.586050,10528,256,1770107172.555017,31.033
1770107172.590300,10529,256,1770107172.558411,31.890
1770107172.592378,10531,256,1770107172.561300,31.078
1770107172.592921,10532,256,1770107172.561591,31.330
1770107172.593012,10533,256,1770107172.561663,31.349
1770107172.593625,10534,256,1770107172.561702,31.923
1770107172.599266,10535,256,1770107172.568239,31.027
1770107172.601277,10536,256,1770107172.570245,31.032
1770107172.601437,10537,256,1770107172.570452,30.985
1770107172.602036,10538,256,1770107172.570507,31.529
1770107172.603003,10539,256,1770107172.571574,31.429
1770107172.603092,10540,256,1770107172.572002,31.090
1770107172.605363,10541,256,1770107172.574348,31.015
1770107172.606935,10542,256,1770107172.575611,31.324
1770107172.608919,10543,256,1770107172.577923,30.996
1770107172.609261,10544,256,1770107172.578236,31.024
1770107172.610851,10545,256,1770107172.579711,31.140
1770107172.611388,10547,256,1770107172.580450,30.939
1770107172.611680,10548,256,1770107172.580538,31.142
1770107172.611978,10549,256,1770107172.580602,31.376
1770107172.612575,10550,256,1770107172.581178,31.397
1770107172.612871,10551,256,1770107172.581404,31.466
1770107172.613145,10552,256,1770107172.581707,31.438
1770107172.613575,10553,256,1770107172.581914,31.661
1770107172.613853,10554,256,1770107172.582633,31.219
1770107172.615198,10555,256,1770107172.583895,31.303
1770107172.616785,10556,256,1770107172.585929,30.856
1770107172.617065,10557,256,1770107172.586119,30.946
1770107172.617653,10558,256,1770107172.586708,30.945
1770107172.624091,10559,256,1770107172.592844,31.246
1770107172.624361,10560,256,1770107172.593066,31.296
1770107172.625658,10561,256,1770107172.594790,30.868
1770107172.627838,10563,256,1770107172.597024,30.813
1770107172.628836,10567,256,1770107172.598078,30.758
1770107172.629113,10568,256,1770107172.598200,30.913
1770107172.629769,10570,256,1770107172.599011,30.758
1770107172.630721,10572,256,1770107172.599981,30.740
1770107172.631597,10573,256,1770107172.600790,30.806
1770107172.631877,10574,256,1770107172.600935,30.943
1770107172.637782,10575,256,1770107172.606719,31.063
1770107172.639633,10577,256,1770107172.608595,31.038
1770107172.640022,10578,256,1770107172.609217,30.806
1770107172.641351,10580,256,1770107172.610427,30.923
1770107172.644247,10582,256,1770107172.613459,30.788
1770107172.644935,10583,256,1770107172.613947,30.988
1770107172.645741,10584,256,1770107172.614974,30.767
1770107172.647807,10585,256,1770107172.617010,30.797
1770107172.650937,10586,256,1770107172.620078,30.859
1770107172.651984,10587,256,1770107172.621156,30.828
1770107172.655351,10588,256,1770107172.624517,30.834
1770107172.658057,10589,256,1770107172.627157,30.900
1770107172.659055,10592,256,1770107172.627781,31.274
1770107172.659293,10593,256,1770107172.628047,31.246
1770107172.660171,10594,256,1770107172.629368,30.803
1770107172.661548,10595,256,1770107172.630773,30.775
1770107172.666667,10596,256,1770107172.635784,30.883
1770107172.669595,10597,256,1770107172.638710,30.885
1770107172.669873,10598,256,1770107172.639109,30.765
1770107172.670496,10599,256,1770107172.639680,30.816
1770107172.671870,10600,256,1770107172.641000,30.870
1770107172.674034,10601,256,1770107172.643049,30.985
1770107172.675184,10602,256,1770107172.644287,30.897
1770107172.678818,10603,256,1770107172.647815,31.003
1770107172.679057,10604,256,1770107172.648038,31.018
1770107172.679908,10605,256,1770107172.649036,30.872
1770107172.680172,10606,256,1770107172.649132,31.040
1770107172.680464,10607,256,1770107172.649359,31.104
1770107172.681342,10608,256,1770107172.650491,30.851
1770107172.683285,10609,256,1770107172.652142,31.143
1770107172.683725,10611,256,1770107172.652862,30.864
1770107172.684571,10612,256,1770107172.653760,30.811
1770107172.688243,10615,256,1770107172.657225,31.018
1770107172.691276,10616,256,1770107172.660282,30.994
1770107172.695731,10618,256,1770107172.664802,30.929
1770107172.697423,10619,256,1770107172.666489,30.933
1770107172.698508,10620,256,1770107172.667134,31.374
1770107172.699034,10621,256,1770107172.667304,31.730
1770107172.702866,10622,256,1770107172.671890,30.976
1770107172.703158,10623,256,1770107172.672331,30.828
1770107172.703490,10624,256,1770107172.672398,31.092
1770107172.703908,10626,256,1770107172.673085,30.823
1770107172.706110,10627,256,1770107172.675147,30.963
1770107172.706655,10628,256,1770107172.675804,30.851
1770107172.714953,10629,256,1770107172.683907,31.046
1770107172.719456,10631,256,1770107172.688521,30.935
1770107172.719741,10632,256,1770107172.688812,30.929
1770107172.721810,10633,256,1770107172.690563,31.246
1770107172.721966,10634,256,1770107172.690972,30.993
1770107172.722658,10635,256,1770107172.691795,30.863
1770107172.722976,10636,256,1770107172.691951,31.025
1770107172.726205,10638,256,1770107172.695048,31.157
1770107172.727440,10640,256,1770107172.696652,30.788
1770107172.727734,10641,256,1770107172.696741,30.993
1770107172.729402,10642,256,1770107172.698570,30.832
1770107172.733291,10643,256,1770107172.702306,30.986
1770107172.734224,10645,256,1770107172.703302,30.922
1770107172.734463,10646,256,1770107172.703495,30.968
1770107172.734763,10647,256,1770107172.703569,31.194
1770107172.736058,10648,256,1770107172.705204,30.854
1770107172.736336,10649,256,1770107172.705433,30.904
1770107172.736634,10650,256,1770107172.705518,31.115
1770107172.738666,10651,256,1770107172.707721,30.945
1770107172.741652,10655,256,1770107172.710562,31.090
1770107172.742363,10657,256,1770107172.711484,30.879
1770107172.744968,10658,256,1770107172.714107,30.862
1770107172.745591,10659,256,1770107172.714808,30.783
1770107172.746296,10660,256,1770107172.715511,30.785
1770107172.746587,10661,256,1770107172.715841,30.746
1770107172.748172,10662,256,1770107172.717326,30.846
1770107172.750837,10663,256,1770107172.719964,30.873
1770107172.754055,10665,256,1770107172.722855,31.200
1770107172.757078,10666,256,1770107172.726126,30.953
1770107172.757370,10667,256,1770107172.726593,30.778
1770107172.759320,10668,256,1770107172.728464,30.856
1770107172.759582,10669,256,1770107172.728565,31.017
1770107172.762657,10671,256,1770107172.731861,30.796
1770107172.763615,10672,256,1770107172.732852,30.763
1770107172.764771,10674,256,1770107172.733627,31.144
1770107172.766756,10675,256,1770107172.735925,30.832
1770107172.774116,10677,256,1770107172.743221,30.895
1770107172.779070,10678,256,1770107172.748219,30.850
1770107172.779311,10679,256,1770107172.748532,30.779
1770107172.780025,10680,256,1770107172.749209,30.816
1770107172.780908,10682,256,1770107172.749645,31.264
1770107172.781172,10683,256,1770107172.749891,31.281
1770107172.782300,10685,256,1770107172.751326,30.974
1770107172.782622,10686,256,1770107172.751518,31.103
1770107172.786609,10688,256,1770107172.755602,31.007
1770107172.787641,10689,256,1770107172.756809,30.832
1770107172.792066,10690,256,1770107172.761138,30.928
1770107172.793084,10691,256,1770107172.762215,30.869
1770107172.795267,10692,256,1770107172.764460,30.807
1770107172.797139,10694,256,1770107172.766344,30.794
1770107172.798636,10695,256,1770107172.767814,30.821
1770107172.798884,10696,256,1770107172.768004,30.879
1770107172.799287,10698,256,1770107172.768417,30.869
1770107172.803041,10699,256,1770107172.772136,30.905
1770107172.803324,10700,256,1770107172.772461,30.863
1770107172.804342,10701,256,1770107172.773498,30.844
1770107172.804614,10702,256,1770107172.773764,30.851
1770107172.806088,10703,256,1770107172.774910,31.178
1770107172.813036,10704,256,1770107172.782108,30.928
1770107172.813497,10705,256,1770107172.782686,30.811
1770107172.817041,10708,256,1770107172.786214,30.828
1770107172.819074,10709,256,1770107172.787973,31.101
1770107172.821474,10710,256,1770107172.790467,31.008
1770107172.821788,10712,256,1770107172.790693,31.095
1770107172.822622,10713,256,1770107172.791811,30.811
1770107172.824748,10714,256,1770107172.793864,30.883
1770107172.826429,10715,256,1770107172.795628,30.801
1770107172.827184,10716,256,1770107172.796436,30.748
1770107172.827496,10717,256,1770107172.796496,30.999
1770107172.829216,10718,256,1770107172.798368,30.849
1770107172.829783,10719,256,1770107172.798700,31.083
1770107172.831261,10721,256,1770107172.800471,30.791
1770107172.831886,10722,256,1770107172.801006,30.880
1770107172.835739,10724,256,1770107172.804857,30.882
1770107172.837213,10725,256,1770107172.806369,30.844
1770107172.839870,10726,256,1770107172.808715,31.155
1770107172.840271,10727,256,1770107172.809531,30.739
1770107172.841175,10728,256,1770107172.810460,30.715
1770107172.841465,10729,256,1770107172.810476,30.988
1770107172.842726,10731,256,1770107172.811970,30.757
1770107172.844646,10732,256,1770107172.813880,30.766
1770107172.844929,10733,256,1770107172.813965,30.964
1770107172.846716,10734,256,1770107172.815924,30.792
1770107172.847108,10735,256,1770107172.816386,30.722
1770107172.849616,10736,256,1770107172.818655,30.961
1770107172.850316,10737,256,1770107172.819397,30.918
1770107172.850573,10738,256,1770107172.819806,30.767
1770107172.853207,10740,256,1770107172.822030,31.177
1770107172.855642,10743,256,1770107172.824856,30.786
1770107172.858675,10744,256,1770107172.827790,30.885
1770107172.863045,10745,256,1770107172.832252,30.794
1770107172.865283,10746,256,1770107172.834501,30.782
1770107172.866839,10748,256,1770107172.836039,30.800
1770107172.868918,10750,256,1770107172.838081,30.837
1770107172.870663,10752,256,1770107172.839767,30.896
1770107172.871173,10753,256,1770107172.840225,30.948
1770107172.871926,10754,256,1770107172.841129,30.797
1770107172.872961,10755,256,1770107172.842163,30.798
1770107172.873356,10756,256,1770107172.842343,31.013
1770107172.873619,10757,256,1770107172.842576,31.043
1770107172.874994,10758,256,1770107172.844175,30.819
1770107172.875820,10759,256,1770107172.845027,30.792
1770107172.876792,10760,256,1770107172.845989,30.803
1770107172.877364,10761,256,1770107172.846608,30.757
1770107172.880051,10763,256,1770107172.849288,30.763
1770107172.881861,10764,256,1770107172.851078,30.783
1770107172.882961,10765,256,1770107172.852174,30.787
1770107172.884254,10767,256,1770107172.853463,30.791
1770107172.887668,10768,256,1770107172.856571,31.097
1770107172.887797,10769,256,1770107172.856721,31.076
1770107172.891104,10770,256,1770107172.860138,30.966
1770107172.891589,10772,256,1770107172.860463,31.126
1770107172.891827,10773,256,1770107172.860678,31.148
1770107172.892594,10775,256,1770107172.861747,30.847
1770107172.892821,10776,256,1770107172.861838,30.983
1770107172.893111,10777,256,1770107172.862161,30.950
1770107172.893403,10778,256,1770107172.862484,30.919
1770107172.894006,10779,256,1770107172.862935,31.070
1770107172.894295,10780,256,1770107172.863072,31.223
1770107172.896144,10781,256,1770107172.865326,30.818
1770107172.900848,10782,256,1770107172.869897,30.951
1770107172.903315,10783,256,1770107172.872365,30.951
1770107172.904275,10784,256,1770107172.873306,30.970
1770107172.905712,10785,256,1770107172.874116,31.596
1770107172.907799,10786,256,1770107172.876855,30.944
1770107172.908041,10787,256,1770107172.877070,30.971
1770107172.908544,10788,256,1770107172.877740,30.804
1770107172.908831,10789,256,1770107172.877970,30.861
1770107172.909128,10790,256,1770107172.878029,31.099
1770107172.910740,10792,256,1770107172.879949,30.791
1770107172.911020,10793,256,1770107172.880023,30.997
1770107172.913387,10794,256,1770107172.882540,30.847
1770107172.914907,10795,256,1770107172.884090,30.818
1770107172.915169,10796,256,1770107172.884381,30.787
1770107172.918413,10797,256,1770107172.887323,31.090
1770107172.918566,10798,256,1770107172.887784,30.781
1770107172.919041,10799,256,1770107172.888236,30.805
1770107172.919631,10800,256,1770107172.888459,31.171
1770107172.921561,10803,256,1770107172.890745,30.817
1770107172.923413,10804,256,1770107172.892484,30.929
1770107172.926106,10805,256,1770107172.895218,30.888
1770107172.928788,10807,256,1770107172.897894,30.894
1770107172.930391,10808,256,1770107172.899481,30.910
1770107172.932340,10809,256,1770107172.901516,30.823
1770107172.932706,10810,256,1770107172.901765,30.941
1770107172.933000,10811,256,1770107172.902240,30.760
1770107172.934348,10812,256,1770107172.903453,30.895
1770107172.934766,10813,256,1770107172.903900,30.865
1770107172.935694,10814,256,1770107172.904798,30.895
1770107172.938812,10815,256,1770107172.907854,30.957
1770107172.939810,10816,256,1770107172.908904,30.907
1770107172.944749,10817,256,1770107172.913772,30.977
1770107172.945541,10818,256,1770107172.914661,30.880
1770107172.946643,10820,256,1770107172.915473,31.170
1770107172.946921,10821,256,1770107172.915881,31.040
1770107172.947231,10822,256,1770107172.916387,30.844
1770107172.947790,10823,256,1770107172.917023,30.767
1770107172.949881,10825,256,1770107172.918979,30.901
1770107172.951349,10826,256,1770107172.920476,30.873
1770107172.951912,10827,256,1770107172.921154,30.759
1770107172.954137,10828,256,1770107172.923290,30.847
1770107172.957626,10829,256,1770107172.926616,31.010
1770107172.963490,10831,256,1770107172.932543,30.946
1770107172.965811,10833,256,1770107172.934956,30.856
1770107172.966078,10834,256,1770107172.935294,30.784
1770107172.966377,10835,256,1770107172.935357,31.020
1770107172.967452,10836,256,1770107172.936611,30.841
1770107172.969518,10837,256,1770107172.938365,31.154
1770107172.969725,10838,256,1770107172.938553,31.171
1770107172.970838,10839,256,1770107172.939917,30.921
1770107172.972633,10840,256,1770107172.941731,30.902
1770107172.973424,10841,256,1770107172.942534,30.890
1770107172.973724,10842,256,1770107172.942894,30.830
1770107172.974471,10843,256,1770107172.943668,30.803
1770107172.981282,10845,256,1770107172.950058,31.224
1770107172.981465,10846,256,1770107172.950497,30.968
1770107172.983405,10847,256,1770107172.952549,30.856
1770107172.983647,10848,256,1770107172.952666,30.980
1770107172.983972,10849,256,1770107172.952716,31.256
1770107172.986229,10852,256,1770107172.955106,31.124
1770107172.990782,10855,256,1770107172.959690,31.092
1770107172.990924,10856,256,1770107172.959946,30.977
1770107172.991581,10857,256,1770107172.960397,31.184
1770107172.993469,10858,256,1770107172.962479,30.990
1770107172.994776,10859,256,1770107172.963854,30.923
1770107172.995024,10860,256,1770107172.964032,30.992
1770107172.995337,10861,256,1770107172.964096,31.241
1770107172.996148,10862,256,1770107172.965280,30.868
1770107172.998080,10863,256,1770107172.967069,31.012
1770107172.999808,10864,256,1770107172.968852,30.956
1770107173.001110,10865,256,1770107172.970208,30.902
1770107173.002463,10866,256,1770107172.971542,30.920
1770107173.005041,10868,256,1770107172.974090,30.951
1770107173.006207,10869,256,1770107172.975233,30.974
1770107173.008661,10870,256,1770107172.977664,30.996
1770107173.010380,10871,256,1770107172.979367,31.013
1770107173.010603,10872,256,1770107172.979610,30.993
1770107173.010922,10873,256,1770107172.979692,31.230
1770107173.011178,10874,256,1770107172.979737,31.442
1770107173.011473,10875,256,1770107172.980046,31.427
1770107173.012071,10876,256,1770107172.980377,31.694
1770107173.012362,10877,256,1770107172.980448,31.914
1770107173.012679,10878,256,1770107172.980658,32.022
1770107173.015228,10880,256,1770107172.984207,31.022
1770107173.016435,10882,256,1770107172.985593,30.842
1770107173.018323,10883,256,1770107172.987442,30.880
1770107173.019055,10884,256,1770107172.988122,30.933
1770107173.020290,10885,256,1770107172.989233,31.058
1770107173.023249,10886,256,1770107172.992201,31.047
1770107173.025180,10887,256,1770107172.994228,30.951
1770107173.026686,10888,256,1770107172.995784,30.902
1770107173.026919,10889,256,1770107172.995875,31.044
1770107173.027580,10890,256,1770107172.996204,31.375
1770107173.027796,10891,256,1770107172.996429,31.367
1770107173.028181,10892,256,1770107172.996654,31.527
1770107173.028436,10893,256,1770107172.997434,31.002
1770107173.029912,10894,256,1770107172.998782,31.129
1770107173.030335,10895,256,1770107172.999395,30.941
1770107173.032604,10896,256,1770107173.001593,31.011
1770107173.034934,10897,256,1770107173.003973,30.961
1770107173.037764,10898,256,1770107173.006689,31.075
1770107173.037967,10899,256,1770107173.007033,30.934
1770107173.038293,10900,256,1770107173.007155,31.137
1770107173.038905,10901,256,1770107173.007919,30.986
1770107173.039144,10902,256,1770107173.008125,31.020
1770107173.039453,10903,256,1770107173.008228,31.224
1770107173.039701,10904,256,1770107173.008571,31.130
1770107173.044363,10905,256,1770107173.013398,30.965
1770107173.044618,10906,256,1770107173.013600,31.018
1770107173.045709,10909,256,1770107173.014734,30.975
1770107173.047103,10912,256,1770107173.016069,31.034
1770107173.049152,10913,256,1770107173.018116,31.036
1770107173.052849,10914,256,1770107173.021860,30.988
1770107173.054050,10915,256,1770107173.023094,30.956
1770107173.056093,10916,256,1770107173.024943,31.149
1770107173.056517,10917,256,1770107173.025468,31.049
1770107173.057238,10918,256,1770107173.025661,31.578
1770107173.057841,10919,256,1770107173.025751,32.090
1770107173.059041,10921,256,1770107173.027064,31.976
1770107173.059126,10922,256,1770107173.027268,31.858
1770107173.059913,10924,256,1770107173.029068,30.844
1770107173.060270,10925,256,1770107173.029213,31.057
1770107173.061121,10927,256,1770107173.030232,30.889
1770107173.061970,10928,256,1770107173.030985,30.985
1770107173.062258,10929,256,1770107173.031244,31.013
1770107173.066382,10930,256,1770107173.035444,30.938
1770107173.067504,10931,256,1770107173.036664,30.840
1770107173.070340,10934,256,1770107173.039278,31.063
1770107173.076355,10935,256,1770107173.045341,31.014
1770107173.077421,10936,256,1770107173.046561,30.860
1770107173.081166,10939,256,1770107173.050239,30.927
1770107173.081375,10940,256,1770107173.050375,30.999
1770107173.082800,10941,256,1770107173.051953,30.847
1770107173.083060,10942,256,1770107173.052182,30.878
1770107173.083369,10943,256,1770107173.052313,31.057
1770107173.085714,10945,256,1770107173.054853,30.861
1770107173.088623,10947,256,1770107173.057678,30.945
1770107173.090610,10948,256,1770107173.059536,31.075
1770107173.090776,10949,256,1770107173.059725,31.051
1770107173.091065,10950,256,1770107173.059794,31.271
1770107173.091393,10952,256,1770107173.060234,31.159
1770107173.094235,10953,256,1770107173.063238,30.997
1770107173.101100,10956,256,1770107173.070115,30.985
1770107173.104425,10957,256,1770107173.073080,31.345
1770107173.104651,10958,256,1770107173.073508,31.144
1770107173.104939,10959,256,1770107173.073937,31.002
1770107173.105233,10960,256,1770107173.074204,31.029
1770107173.106855,10961,256,1770107173.075671,31.184
1770107173.107100,10962,256,1770107173.076068,31.033
1770107173.107403,10963,256,1770107173.076296,31.107
1770107173.107695,10964,256,1770107173.076371,31.324
1770107173.109240,10965,256,1770107173.078384,30.856
1770107173.113446,10966,256,1770107173.082581,30.865
1770107173.115947,10967,256,1770107173.085068,30.879
1770107173.116835,10968,256,1770107173.086014,30.821
1770107173.117900,10969,256,1770107173.087125,30.775
1770107173.119015,10970,256,1770107173.088211,30.804
1770107173.120511,10971,256,1770107173.089590,30.921
1770107173.121290,10972,256,1770107173.090374,30.915
1770107173.122871,10974,256,1770107173.092042,30.828
1770107173.126033,10975,256,1770107173.095168,30.865
1770107173.126608,10976,256,1770107173.095293,31.315
1770107173.126880,10977,256,1770107173.096068,30.812
1770107173.128951,10978,256,1770107173.098151,30.800
1770107173.129205,10979,256,1770107173.098221,30.984
1770107173.130849,10980,256,1770107173.100025,30.824
1770107173.131958,10981,256,1770107173.100696,31.263
1770107173.134225,10982,256,1770107173.103466,30.760
1770107173.135095,10983,256,1770107173.104331,30.764
1770107173.135380,10984,256,1770107173.104399,30.981
1770107173.135907,10985,256,1770107173.105139,30.768
1770107173.136863,10986,256,1770107173.106102,30.761
1770107173.137156,10987,256,1770107173.106180,30.975
1770107173.142435,10988,256,1770107173.111359,31.076
1770107173.143740,10989,256,1770107173.112941,30.799
1770107173.146052,10990,256,1770107173.115223,30.829
1770107173.147093,10991,256,1770107173.116315,30.778
1770107173.147495,10992,256,1770107173.116601,30.895
1770107173.147701,10993,256,1770107173.116758,30.943
1770107173.148098,10994,256,1770107173.117352,30.746
1770107173.153013,10995,256,1770107173.122224,30.789
1770107173.153301,10996,256,1770107173.122367,30.935
1770107173.157642,11000,256,1770107173.126805,30.837
1770107173.157894,11001,256,1770107173.126992,30.902
1770107173.158156,11002,256,1770107173.127057,31.099
1770107173.160010,11003,256,1770107173.128235,31.775
1770107173.160290,11004,256,1770107173.129271,31.019
1770107173.163008,11005,256,1770107173.131894,31.114
1770107173.163193,11006,256,1770107173.132018,31.175
1770107173.163937,11008,256,1770107173.132930,31.007
1770107173.164702,11009,256,1770107173.133857,30.845
1770107173.168145,11010,256,1770107173.137218,30.927
1770107173.174302,11014,256,1770107173.143539,30.763
1770107173.176834,11016,256,1770107173.145701,31.133
1770107173.177073,11017,256,1770107173.145875,31.197
1770107173.177470,11018,256,1770107173.146752,30.718
1770107173.179103,11020,256,1770107173.148367,30.736
1770107173.179442,11021,256,1770107173.148540,30.902
1770107173.179747,11022,256,1770107173.148578,31.169
1770107173.181081,11023,256,1770107173.150223,30.858
1770107173.181359,11024,256,1770107173.150433,30.926
1770107173.185774,11026,256,1770107173.154458,31.316
1770107173.185848,11027,256,1770107173.154569,31.279
1770107173.185935,11028,256,1770107173.154845,31.090
1770107173.186239,11029,256,1770107173.155261,30.978
1770107173.189126,11030,256,1770107173.158278,30.848
1770107173.190315,11031,256,1770107173.159523,30.792
1770107173.191460,11032,256,1770107173.160693,30.766
1770107173.195035,11033,256,1770107173.164262,30.773
1770107173.197709,11034,256,1770107173.166907,30.802
1770107173.198808,11035,256,1770107173.168066,30.742
1770107173.200299,11036,256,1770107173.169550,30.749
1770107173.202075,11037,256,1770107173.170933,31.142
1770107173.202365,11038,256,1770107173.171058,31.307
1770107173.203405,11040,256,1770107173.171853,31.552
1770107173.203555,11041,256,1770107173.172196,31.358
1770107173.204257,11042,256,1770107173.173341,30.915
1770107173.204596,11043,256,1770107173.173864,30.732
1770107173.205552,11044,256,1770107173.174477,31.075
1770107173.209761,11045,256,1770107173.178262,31.498
1770107173.210305,11046,256,1770107173.179318,30.988
1770107173.210589,11047,256,1770107173.179458,31.130
1770107173.214336,11048,256,1770107173.183498,30.838
1770107173.216657,11050,256,1770107173.185734,30.923
1770107173.220183,11052,256,1770107173.189319,30.864
1770107173.220466,11053,256,1770107173.189403,31.063
1770107173.220781,11054,256,1770107173.189893,30.887
1770107173.221732,11055,256,1770107173.190709,31.023
1770107173.222530,11056,256,1770107173.191724,30.806
1770107173.223683,11059,256,1770107173.192827,30.857
1770107173.224364,11060,256,1770107173.193533,30.830
1770107173.225778,11062,256,1770107173.194602,31.175
1770107173.229078,11063,256,1770107173.198212,30.866
1770107173.232768,11064,256,1770107173.201705,31.063
1770107173.236399,11065,256,1770107173.205444,30.955
1770107173.239372,11067,256,1770107173.208238,31.134
1770107173.239545,11068,256,1770107173.208703,30.843
1770107173.241238,11069,256,1770107173.210360,30.878
1770107173.242073,11070,256,1770107173.211270,30.802
1770107173.244421,11071,256,1770107173.213547,30.874
1770107173.246428,11072,256,1770107173.215567,30.861
1770107173.246713,11073,256,1770107173.215884,30.828
1770107173.247229,11074,256,1770107173.216365,30.864
1770107173.247613,11075,256,1770107173.216825,30.788
1770107173.254383,11076,256,1770107173.223409,30.974
1770107173.259524,11078,256,1770107173.228579,30.945
1770107173.259745,11079,256,1770107173.228842,30.903
1770107173.260022,11080,256,1770107173.228921,31.101
1770107173.260315,11081,256,1770107173.229073,31.243
1770107173.260671,11082,256,1770107173.229589,31.082
1770107173.260994,11083,256,1770107173.229812,31.182
1770107173.261685,11084,256,1770107173.230810,30.875
1770107173.262429,11085,256,1770107173.231551,30.877
1770107173.262985,11086,256,1770107173.232138,30.848
1770107173.268596,11087,256,1770107173.237586,31.010
1770107173.268837,11088,256,1770107173.237974,30.863
1770107173.270270,11089,256,1770107173.239074,31.196
1770107173.270556,11090,256,1770107173.239458,31.098
1770107173.270844,11091,256,1770107173.239562,31.282
1770107173.271915,11092,256,1770107173.241013,30.902
1770107173.273327,11093,256,1770107173.242434,30.893
1770107173.274726,11094,256,1770107173.243848,30.878
1770107173.276290,11095,256,1770107173.245432,30.858
1770107173.278093,11096,256,1770107173.247277,30.816
1770107173.279458,11097,256,1770107173.248651,30.807
1770107173.284519,11098,256,1770107173.253486,31.033
1770107173.285363,11099,256,1770107173.254451,30.912
1770107173.286230,11100,256,1770107173.255271,30.959
1770107173.286459,11101,256,1770107173.255606,30.853
1770107173.286771,11102,256,1770107173.255925,30.846
1770107173.288536,11103,256,1770107173.257621,30.916
1770107173.288774,11104,256,1770107173.257869,30.905
1770107173.291869,11105,256,1770107173.260948,30.921
1770107173.294418,11106,256,1770107173.263486,30.932
1770107173.294924,11107,256,1770107173.264103,30.821
1770107173.296232,11108,256,1770107173.265448,30.783
1770107173.298319,11109,256,1770107173.267295,31.024
1770107173.298582,11110,256,1770107173.267530,31.051
1770107173.302217,11111,256,1770107173.271286,30.931
1770107173.302483,11112,256,1770107173.271491,30.992
1770107173.303819,11113,256,1770107173.272980,30.838
1770107173.307537,11115,256,1770107173.276740,30.797
1770107173.310087,11117,256,1770107173.279161,30.926
1770107173.310418,11118,256,1770107173.279515,30.904
1770107173.311653,11119,256,1770107173.280894,30.759
1770107173.312281,11120,256,1770107173.281508,30.773
1770107173.315165,11121,256,1770107173.284369,30.795
1770107173.315853,11122,256,1770107173.284817,31.036
1770107173.316112,11123,256,1770107173.284867,31.245
1770107173.319886,11125,256,1770107173.288643,31.244
1770107173.320786,11127,256,1770107173.289828,30.958
1770107173.321345,11128,256,1770107173.290143,31.202
1770107173.321523,11129,256,1770107173.290606,30.917
1770107173.322970,11130,256,1770107173.292151,30.819
1770107173.323766,11131,256,1770107173.292995,30.771
1770107173.325535,11134,256,1770107173.294793,30.742
1770107173.327882,11135,256,1770107173.297019,30.864
1770107173.328530,11136,256,1770107173.297135,31.394
1770107173.328782,11137,256,1770107173.297989,30.794
1770107173.330933,11139,256,1770107173.300104,30.829
1770107173.332419,11140,256,1770107173.301642,30.777
1770107173.335148,11141,256,1770107173.304225,30.923
1770107173.336032,11142,256,1770107173.305242,30.791
1770107173.337743,11143,256,1770107173.306961,30.782
1770107173.339077,11144,256,1770107173.308260,30.817
1770107173.340578,11146,256,1770107173.309644,30.934
1770107173.340851,11147,256,1770107173.309684,31.167
1770107173.341674,11148,256,1770107173.310858,30.815
1770107173.345334,11149,256,1770107173.314479,30.854
1770107173.349648,11151,256,1770107173.318687,30.960
1770107173.350029,11152,256,1770107173.319128,30.901
1770107173.352637,11153,256,1770107173.321510,31.127
1770107173.352905,11154,256,1770107173.321920,30.985
1770107173.353443,11155,256,1770107173.322513,30.931
1770107173.354819,11157,256,1770107173.323765,31.054
1770107173.355409,11158,256,1770107173.324288,31.121
1770107173.358325,11159,256,1770107173.327452,30.873
1770107173.358625,11160,256,1770107173.327839,30.786
1770107173.360292,11161,256,1770107173.329445,30.848
1770107173.362332,11162,256,1770107173.331274,31.058
1770107173.362584,11163,256,1770107173.331556,31.029
1770107173.363711,11164,256,1770107173.332937,30.774
1770107173.363988,11165,256,1770107173.333007,30.981
1770107173.365075,11166,256,1770107173.334171,30.904
1770107173.365359,11167,256,1770107173.334464,30.895
1770107173.367786,11169,256,1770107173.336864,30.922
1770107173.373264,11171,256,1770107173.342180,31.084
1770107173.373439,11172,256,1770107173.342280,31.159
1770107173.373711,11173,256,1770107173.342394,31.317
1770107173.374862,11174,256,1770107173.344039,30.823
1770107173.375695,11175,256,1770107173.344904,30.791
1770107173.376505,11176,256,1770107173.345671,30.834
1770107173.376810,11177,256,1770107173.345831,30.979
1770107173.380475,11179,256,1770107173.349447,31.028
1770107173.382584,11181,256,1770107173.351810,30.774
1770107173.386691,11182,256,1770107173.355712,30.979
1770107173.388375,11183,256,1770107173.357449,30.926
1770107173.390702,11184,256,1770107173.359798,30.904
1770107173.392901,11185,256,1770107173.361888,31.013
1770107173.394660,11187,256,1770107173.363752,30.908
1770107173.395525,11188,256,1770107173.364631,30.893
1770107173.396807,11189,256,1770107173.365870,30.937
1770107173.396984,11190,256,1770107173.366152,30.831
1770107173.398777,11191,256,1770107173.368010,30.766
1770107173.402468,11192,256,1770107173.371633,30.836
1770107173.407598,11193,256,1770107173.376607,30.991
1770107173.408967,11194,256,1770107173.378106,30.860
1770107173.410843,11195,256,1770107173.379881,30.962
1770107173.411388,11196,256,1770107173.380588,30.800
1770107173.412131,11197,256,1770107173.381290,30.841
1770107173.413005,11198,256,1770107173.382216,30.789
1770107173.417425,11200,256,1770107173.386526,30.899
1770107173.419329,11201,256,1770107173.388463,30.866
1770107173.423032,11204,256,1770107173.391829,31.203
1770107173.423375,11205,256,1770107173.392461,30.914
1770107173.425311,11206,256,1770107173.394331,30.980
1770107173.426913,11207,256,1770107173.396028,30.886
1770107173.431699,11208,256,1770107173.400835,30.864
1770107173.433117,11209,256,1770107173.402280,30.837
1770107173.433485,11210,256,1770107173.402684,30.801
1770107173.435002,11212,256,1770107173.404071,30.931
1770107173.435806,11213,256,1770107173.404960,30.847
1770107173.438237,11216,256,1770107173.407340,30.897
1770107173.439222,11217,256,1770107173.408287,30.934
1770107173.441080,11218,256,1770107173.410165,30.915
1770107173.441353,11219,256,1770107173.410536,30.817
1770107173.444434,11220,256,1770107173.413566,30.869
1770107173.447590,11222,256,1770107173.416524,31.066
1770107173.449110,11223,256,1770107173.418289,30.821
1770107173.456467,11226,256,1770107173.425546,30.921
1770107173.459252,11228,256,1770107173.428229,31.023
1770107173.460081,11229,256,1770107173.429275,30.806
1770107173.462096,11230,256,1770107173.431108,30.988
1770107173.462464,11231,256,1770107173.431163,31.301
1770107173.462812,11232,256,1770107173.432064,30.748
1770107173.466144,11234,256,1770107173.435369,30.775
1770107173.467829,11235,256,1770107173.437036,30.792
1770107173.468138,11236,256,1770107173.437253,30.885
1770107173.469319,11237,256,1770107173.438242,31.077
1770107173.469596,11238,256,1770107173.438396,31.200
1770107173.471271,11239,256,1770107173.440230,31.041
1770107173.472374,11240,256,1770107173.441513,30.861
1770107173.474620,11241,256,1770107173.443783,30.837
1770107173.475848,11242,256,1770107173.444908,30.940
1770107173.476674,11243,256,1770107173.445846,30.828
1770107173.477787,11244,256,1770107173.446991,30.796
1770107173.478184,11245,256,1770107173.447433,30.751
1770107173.478572,11246,256,1770107173.447808,30.764
1770107173.481066,11247,256,1770107173.450221,30.845
1770107173.482002,11248,256,1770107173.451208,30.794
1770107173.484670,11249,256,1770107173.453836,30.834
1770107173.485983,11252,256,1770107173.454912,31.071
1770107173.486755,11253,256,1770107173.455936,30.820
1770107173.487877,11254,256,1770107173.456989,30.888
1770107173.490910,11256,256,1770107173.459894,31.016
1770107173.492049,11257,256,1770107173.461152,30.897
1770107173.492261,11258,256,1770107173.461287,30.975
1770107173.492828,11260,256,1770107173.461991,30.837
1770107173.494132,11261,256,1770107173.463250,30.882
1770107173.496283,11262,256,1770107173.465370,30.912
1770107173.497536,11263,256,1770107173.466400,31.136
1770107173.497745,11264,256,1770107173.466903,30.841
1770107173.502829,11266,256,1770107173.471848,30.981
1770107173.503760,11267,256,1770107173.472887,30.872
1770107173.504551,11268,256,1770107173.473719,30.832
1770107173.505416,11269,256,1770107173.474538,30.879
1770107173.506317,11270,256,1770107173.475400,30.917
1770107173.506608,11271,256,1770107173.475703,30.905
1770107173.506953,11272,256,1770107173.476172,30.781
1770107173.508226,11273,256,1770107173.477427,30.799
1770107173.510081,11274,256,1770107173.479135,30.946
1770107173.511566,11276,256,1770107173.480750,30.816
1770107173.512573,11277,256,1770107173.481673,30.899
1770107173.513792,11278,256,1770107173.483008,30.784
1770107173.516249,11279,256,1770107173.485420,30.828
1770107173.521826,11280,256,1770107173.490831,30.995
1770107173.522079,11281,256,1770107173.491143,30.935
1770107173.522463,11282,256,1770107173.491669,30.794
1770107173.523253,11283,256,1770107173.492362,30.891
1770107173.530147,11285,256,1770107173.499068,31.078
1770107173.530259,11286,256,1770107173.499233,31.026
1770107173.530802,11287,256,1770107173.499997,30.805
1770107173.531564,11288,256,1770107173.500768,30.797
1770107173.532238,11289,256,1770107173.501429,30.808
1770107173.532605,11290,256,1770107173.501839,30.766
1770107173.533195,11291,256,1770107173.502399,30.796
1770107173.534098,11293,256,1770107173.503330,30.768
1770107173.535883,11294,256,1770107173.505015,30.867
1770107173.536153,11295,256,1770107173.505183,30.969
1770107173.536448,11296,256,1770107173.505274,31.175
1770107173.538287,11298,256,1770107173.507241,31.046
1770107173.540774,11299,256,1770107173.509890,30.884
1770107173.541052,11300,256,1770107173.510100,30.952
1770107173.546011,11304,256,1770107173.515177,30.835
1770107173.548003,11305,256,1770107173.517085,30.918
1770107173.550755,11306,256,1770107173.519913,30.842
1770107173.551710,11307,256,1770107173.520862,30.849
1770107173.553264,11308,256,1770107173.522273,30.992
1770107173.553996,11310,256,1770107173.523041,30.955
1770107173.554270,11311,256,1770107173.523347,30.923
1770107173.554564,11312,256,1770107173.523486,31.078
1770107173.554857,11313,256,1770107173.523585,31.273
1770107173.556033,11314,256,1770107173.525141,30.892
1770107173.559302,11315,256,1770107173.528300,31.002
1770107173.563323,11316,256,1770107173.532310,31.014
1770107173.563824,11317,256,1770107173.532915,30.910
1770107173.565338,11319,256,1770107173.534298,31.039
1770107173.565467,11320,256,1770107173.534692,30.775
1770107173.565888,11321,256,1770107173.534965,30.924
1770107173.566048,11322,256,1770107173.535265,30.783
1770107173.567105,11323,256,1770107173.535702,31.403
1770107173.570289,11325,256,1770107173.539175,31.114
1770107173.570575,11326,256,1770107173.539409,31.166
1770107173.570934,11327,256,1770107173.539927,31.007
1770107173.571035,11328,256,1770107173.540038,30.997
1770107173.572126,11329,256,1770107173.540982,31.144
1770107173.573362,11330,256,1770107173.541576,31.786
1770107173.576254,11331,256,1770107173.545305,30.949
1770107173.576842,11332,256,1770107173.546046,30.797
1770107173.577412,11333,256,1770107173.546589,30.824
1770107173.579875,11334,256,1770107173.549006,30.869
1770107173.580493,11335,256,1770107173.549711,30.782
1770107173.582062,11336,256,1770107173.551275,30.787
1770107173.582392,11337,256,1770107173.551643,30.749
1770107173.582693,11338,256,1770107173.551855,30.838
1770107173.583755,11339,256,1770107173.552918,30.837
1770107173.584005,11340,256,1770107173.553114,30.891
1770107173.585862,11341,256,1770107173.555025,30.837
1770107173.586776,11342,256,1770107173.555960,30.816
1770107173.589046,11343,256,1770107173.557930,31.116
1770107173.591230,11344,256,1770107173.560138,31.092
1770107173.591467,11345,256,1770107173.560507,30.960
1770107173.592753,11347,256,1770107173.561932,30.820
1770107173.594407,11348,256,1770107173.563549,30.858
1770107173.596744,11349,256,1770107173.565823,30.921
1770107173.600182,11350,256,1770107173.568788,31.394
1770107173.600683,11351,256,1770107173.569763,30.920
1770107173.601018,11352,256,1770107173.570050,30.968
1770107173.601301,11353,256,1770107173.570392,30.909
1770107173.603649,11354,256,1770107173.572612,31.037
1770107173.605559,11356,256,1770107173.574439,31.120
1770107173.606199,11357,256,1770107173.575176,31.023
1770107173.606523,11358,256,1770107173.575634,30.888
1770107173.607682,11359,256,1770107173.576721,30.960
1770107173.608000,11360,256,1770107173.577125,30.875
1770107173.608281,11361,256,1770107173.577314,30.967
1770107173.608973,11362,256,1770107173.577980,30.993
1770107173.609572,11363,256,1770107173.578631,30.941
1770107173.610709,11364,256,1770107173.579805,30.904
1770107173.612265,11365,256,1770107173.581409,30.856
1770107173.614758,11366,256,1770107173.583978,30.780
1770107173.615435,11367,256,1770107173.584674,30.761
1770107173.616033,11368,256,1770107173.584738,31.295
1770107173.617321,11369,256,1770107173.586512,30.809
1770107173.617824,11370,256,1770107173.587032,30.792
1770107173.618666,11371,256,1770107173.587907,30.760
1770107173.619944,11372,256,1770107173.589078,30.866
1770107173.620360,11373,256,1770107173.589576,30.785
1770107173.621622,11374,256,1770107173.590847,30.775
1770107173.622598,11375,256,1770107173.591788,30.810
1770107173.630315,11377,256,1770107173.599445,30.870
1770107173.631546,11378,256,1770107173.600525,31.021
1770107173.633972,11381,256,1770107173.602947,31.024
1770107173.634274,11382,256,1770107173.603409,30.864
1770107173.634567,11383,256,1770107173.603591,30.976
1770107173.635254,11384,256,1770107173.604511,30.743
1770107173.636328,11386,256,1770107173.605511,30.817
1770107173.640469,11388,256,1770107173.609576,30.893
1770107173.641083,11389,256,1770107173.610282,30.801
1770107173.645031,11390,256,1770107173.614090,30.941
1770107173.645278,11391,256,1770107173.614330,30.949
1770107173.646335,11392,256,1770107173.615471,30.864
1770107173.649106,11393,256,1770107173.618126,30.980
1770107173.649622,11394,256,1770107173.618676,30.946
1770107173.650896,11395,256,1770107173.620064,30.832
1770107173.651207,11396,256,1770107173.620208,30.999
1770107173.651471,11397,256,1770107173.620256,31.215
1770107173.651761,11398,256,1770107173.620728,31.033
1770107173.652451,11399,256,1770107173.621233,31.217
1770107173.653091,11400,256,1770107173.622283,30.808
1770107173.653386,11401,256,1770107173.622469,30.916
1770107173.653698,11402,256,1770107173.622965,30.733
1770107173.656284,11405,256,1770107173.625507,30.777
1770107173.657365,11406,256,1770107173.626561,30.804
1770107173.659738,11407,256,1770107173.628849,30.888
1770107173.662154,11408,256,1770107173.631263,30.891
1770107173.664423,11409,256,1770107173.633488,30.936
1770107173.664623,11410,256,1770107173.633816,30.807
1770107173.666302,11411,256,1770107173.635513,30.789
1770107173.667765,11412,256,1770107173.636964,30.801
1770107173.669961,11413,256,1770107173.638810,31.151
1770107173.671832,11414,256,1770107173.640778,31.054
1770107173.672415,11415,256,1770107173.640974,31.441
1770107173.672526,11416,256,1770107173.641325,31.200
1770107173.674340,11417,256,1770107173.643422,30.918
1770107173.675938,11419,256,1770107173.645121,30.817
1770107173.677719,11420,256,1770107173.646639,31.080
1770107173.679000,11421,256,1770107173.648209,30.792
1770107173.679692,11422,256,1770107173.648874,30.818
1770107173.684441,11423,256,1770107173.653569,30.872
1770107173.685743,11424,256,1770107173.654841,30.901
1770107173.686809,11426,256,1770107173.655990,30.819
1770107173.687279,11428,256,1770107173.656348,30.931
1770107173.688587,11429,256,1770107173.657521,31.066
1770107173.689289,11430,256,1770107173.657930,31.359
1770107173.689729,11432,256,1770107173.658206,31.524
1770107173.690152,11434,256,1770107173.659022,31.130
1770107173.691093,11435,256,1770107173.660080,31.013
1770107173.691481,11436,256,1770107173.660725,30.756
1770107173.694699,11437,256,1770107173.663633,31.066
1770107173.700798,11439,256,1770107173.669861,30.937
1770107173.701329,11440,256,1770107173.670486,30.843
1770107173.703046,11441,256,1770107173.672013,31.034
1770107173.704971,11442,256,1770107173.674047,30.924
1770107173.709496,11444,256,1770107173.678621,30.875
1770107173.711162,11445,256,1770107173.680147,31.014
1770107173.714746,11446,256,1770107173.683830,30.915
1770107173.716767,11447,256,1770107173.685906,30.861
1770107173.717428,11448,256,1770107173.686625,30.803
1770107173.719042,11450,256,1770107173.688144,30.898
1770107173.719615,11451,256,1770107173.688422,31.193
1770107173.719934,11452,256,1770107173.688496,31.437
1770107173.720851,11454,256,1770107173.689506,31.345
1770107173.723503,11455,256,1770107173.692602,30.901
1770107173.724181,11456,256,1770107173.693398,30.784
1770107173.725070,11457,256,1770107173.694210,30.860
1770107173.725342,11458,256,1770107173.694438,30.904
1770107173.725881,11459,256,1770107173.695109,30.772
1770107173.730687,11460,256,1770107173.699811,30.877
1770107173.733081,11461,256,1770107173.702257,30.824
1770107173.734481,11462,256,1770107173.703678,30.802
1770107173.735953,11463,256,1770107173.705120,30.833
1770107173.736246,11464,256,1770107173.705389,30.857
1770107173.736762,11465,256,1770107173.706017,30.745
1770107173.737198,11466,256,1770107173.706346,30.852
1770107173.737728,11467,256,1770107173.706952,30.777
1770107173.738452,11468,256,1770107173.707620,30.831
1770107173.739864,11469,256,1770107173.709073,30.791
1770107173.743903,11472,256,1770107173.713110,30.793
1770107173.745696,11473,256,1770107173.714821,30.875
1770107173.746925,11474,256,1770107173.716072,30.853
1770107173.747269,11475,256,1770107173.716485,30.784
1770107173.750489,11477,256,1770107173.719676,30.813
1770107173.750756,11478,256,1770107173.719800,30.955
1770107173.751056,11479,256,1770107173.719857,31.199
1770107173.751421,11480,256,1770107173.720537,30.884
1770107173.752950,11482,256,1770107173.722029,30.921
1770107173.753217,11483,256,1770107173.722270,30.947
1770107173.755136,11484,256,1770107173.724223,30.913
1770107173.755441,11485,256,1770107173.724421,31.020
1770107173.755693,11486,256,1770107173.724510,31.183
1770107173.764156,11488,256,1770107173.733270,30.886
1770107173.764587,11490,256,1770107173.733450,31.137
1770107173.767915,11491,256,1770107173.737077,30.838
1770107173.768141,11492,256,1770107173.737211,30.931
1770107173.768493,11493,256,1770107173.737528,30.965
1770107173.769206,11495,256,1770107173.738344,30.862
1770107173.769641,11496,256,1770107173.738804,30.837
1770107173.769931,11497,256,1770107173.738939,30.992
1770107173.777091,11498,256,1770107173.746166,30.925
1770107173.781855,11499,256,1770107173.751029,30.826
1770107173.782656,11500,256,1770107173.751888,30.768
1770107173.784026,11501,256,1770107173.753252,30.775
1770107173.784295,11502,256,1770107173.753410,30.885
1770107173.785197,11503,256,1770107173.753993,31.204
1770107173.785956,11504,256,1770107173.755129,30.827
1770107173.789839,11505,256,1770107173.759029,30.809
1770107173.790218,11506,256,1770107173.759456,30.762
1770107173.790500,11507,256,1770107173.759526,30.973
1770107173.791703,11508,256,1770107173.760913,30.790
1770107173.792760,11509,256,1770107173.761745,31.014
1770107173.795297,11510,256,1770107173.764470,30.827
1770107173.795739,11511,256,1770107173.765016,30.723
1770107173.797868,11512,256,1770107173.767043,30.825
1770107173.806511,11514,256,1770107173.775663,30.848
1770107173.809594,11515,256,1770107173.778798,30.797
1770107173.809861,11516,256,1770107173.778904,30.957
1770107173.815681,11518,256,1770107173.784843,30.838
1770107173.815889,11519,256,1770107173.784924,30.966
1770107173.818264,11520,256,1770107173.787409,30.855
1770107173.819873,11522,256,1770107173.789040,30.833
1770107173.820149,11523,256,1770107173.789204,30.945
1770107173.821911,11524,256,1770107173.790615,31.296
1770107173.823604,11525,256,1770107173.792480,31.124
1770107173.823809,11526,256,1770107173.792564,31.245
1770107173.832116,11527,256,1770107173.801260,30.856
1770107173.832326,11528,256,1770107173.801513,30.813
1770107173.837530,11529,256,1770107173.806576,30.955
1770107173.840400,11530,256,1770107173.809500,30.900
1770107173.841177,11531,256,1770107173.810343,30.835
1770107173.842799,11532,256,1770107173.811986,30.812
1770107173.844311,11533,256,1770107173.813541,30.770
1770107173.847541,11534,256,1770107173.816701,30.840
1770107173.848214,11535,256,1770107173.817348,30.866
1770107173.848712,11536,256,1770107173.817892,30.820
1770107173.849756,11537,256,1770107173.818929,30.827
1770107173.850015,11538,256,1770107173.819165,30.849
1770107173.850427,11540,256,1770107173.819360,31.067
1770107173.855638,11541,256,1770107173.824697,30.941
1770107173.856126,11542,256,1770107173.825118,31.008
1770107173.856402,11543,256,1770107173.825252,31.150
1770107173.858049,11544,256,1770107173.827208,30.841
1770107173.860252,11546,256,1770107173.828799,31.453
1770107173.862081,11548,256,1770107173.831274,30.807
1770107173.863183,11549,256,1770107173.832388,30.795
1770107173.864038,11550,256,1770107173.833223,30.815
1770107173.865513,11551,256,1770107173.834625,30.889
1770107173.865760,11552,256,1770107173.834820,30.940
1770107173.871918,11553,256,1770107173.841042,30.876
1770107173.875014,11554,256,1770107173.844116,30.897
1770107173.875900,11555,256,1770107173.844875,31.025
1770107173.876472,11556,256,1770107173.845549,30.923
1770107173.876823,11557,256,1770107173.846082,30.741
1770107173.878839,11559,256,1770107173.847640,31.199
1770107173.879120,11560,256,1770107173.848108,31.012
1770107173.885432,11563,256,1770107173.854688,30.744
1770107173.888663,11564,256,1770107173.857603,31.060
1770107173.889091,11565,256,1770107173.858374,30.716
1770107173.889421,11566,256,1770107173.858717,30.704
1770107173.891166,11567,256,1770107173.860406,30.761
1770107173.892833,11568,256,1770107173.862078,30.755
1770107173.893163,11569,256,1770107173.862439,30.724
1770107173.897068,11571,256,1770107173.866293,30.775
1770107173.899792,11572,256,1770107173.869056,30.736
1770107173.902697,11573,256,1770107173.871810,30.887
1770107173.904021,11574,256,1770107173.873169,30.852
1770107173.904547,11575,256,1770107173.873358,31.190
1770107173.905912,11577,256,1770107173.874797,31.116
1770107173.907222,11578,256,1770107173.876419,30.803
1770107173.909244,11580,256,1770107173.878387,30.857
1770107173.909827,11581,256,1770107173.879110,30.717
1770107173.912063,11582,256,1770107173.881303,30.760
1770107173.912511,11583,256,1770107173.881681,30.830
1770107173.914932,11584,256,1770107173.883737,31.195
1770107173.915108,11585,256,1770107173.884036,31.072
1770107173.915694,11586,256,1770107173.884064,31.630
1770107173.919987,11588,256,1770107173.889217,30.770
1770107173.923693,11590,256,1770107173.892705,30.988
1770107173.929214,11591,256,1770107173.898329,30.885
1770107173.930732,11592,256,1770107173.899873,30.859
1770107173.932137,11593,256,1770107173.901326,30.811
1770107173.933129,11594,256,1770107173.902309,30.820
1770107173.933945,11595,256,1770107173.903033,30.911
1770107173.934853,11596,256,1770107173.903771,31.081
1770107173.935794,11597,256,1770107173.904947,30.848
1770107173.940338,11598,256,1770107173.909391,30.947
1770107173.940566,11599,256,1770107173.909605,30.961
1770107173.942156,11601,256,1770107173.911324,30.832
1770107173.943737,11602,256,1770107173.912921,30.817
1770107173.944309,11603,256,1770107173.913560,30.749
1770107173.946718,11604,256,1770107173.915908,30.810
1770107173.947021,11605,256,1770107173.916266,30.755
1770107173.953992,11607,256,1770107173.923010,30.982
1770107173.956162,11608,256,1770107173.925284,30.879
1770107173.956888,11610,256,1770107173.926125,30.763
1770107173.957714,11611,256,1770107173.926834,30.880
1770107173.958900,11612,256,1770107173.927992,30.908
1770107173.960125,11613,256,1770107173.929236,30.889
1770107173.960816,11614,256,1770107173.929816,31.000
1770107173.961685,11615,256,1770107173.930367,31.318
1770107173.962478,11617,256,1770107173.931644,30.833
1770107173.963471,11618,256,1770107173.932693,30.778
1770107173.965625,11619,256,1770107173.934757,30.869
1770107173.970980,11621,256,1770107173.939902,31.079
1770107173.971239,11622,256,1770107173.940140,31.099
1770107173.971550,11623,256,1770107173.940348,31.201
1770107173.972100,11624,256,1770107173.941253,30.847
1770107173.975628,11625,256,1770107173.944716,30.912
1770107173.975997,11626,256,1770107173.945151,30.846
1770107173.978622,11627,256,1770107173.947751,30.871
1770107173.978917,11628,256,1770107173.948152,30.764
1770107173.982450,11629,256,1770107173.951518,30.932
1770107173.984371,11630,256,1770107173.953403,30.968
1770107173.988710,11632,256,1770107173.957655,31.055
1770107173.988861,11633,256,1770107173.957869,30.992
1770107173.992157,11635,256,1770107173.961219,30.937
1770107173.993731,11636,256,1770107173.962859,30.873
1770107173.995862,11637,256,1770107173.965021,30.842
1770107173.997584,11638,256,1770107173.966714,30.871
1770107173.998026,11639,256,1770107173.967180,30.847
1770107174.000143,11643,256,1770107173.969316,30.827
1770107174.001586,11645,256,1770107173.970798,30.788
1770107174.003121,11646,256,1770107173.972227,30.894
1770107174.005818,11649,256,1770107173.974835,30.983
1770107174.006498,11651,256,1770107173.975616,30.881
1770107174.006797,11652,256,1770107173.975904,30.892
1770107174.008033,11655,256,1770107173.976830,31.203
1770107174.009535,11656,256,1770107173.978662,30.873
1770107174.010812,11657,256,1770107173.979953,30.859
1770107174.012376,11659,256,1770107173.981519,30.857
1770107174.013588,11660,256,1770107173.982725,30.863
1770107174.014518,11661,256,1770107173.983455,31.062
1770107174.017851,11662,256,1770107173.986954,30.896
1770107174.018768,11663,256,1770107173.987932,30.836
1770107174.019241,11664,256,1770107173.988155,31.085
1770107174.024861,11666,256,1770107173.993946,30.915
1770107174.025124,11667,256,1770107173.994227,30.897
1770107174.025443,11668,256,1770107173.994444,30.999
1770107174.026671,11670,256,1770107173.995859,30.812
1770107174.027874,11671,256,1770107173.997055,30.819
1770107174.029252,11672,256,1770107173.998361,30.891
1770107174.030612,11673,256,1770107173.999797,30.814
1770107174.033172,11675,256,1770107174.002300,30.872
1770107174.034823,11676,256,1770107174.003869,30.955
1770107174.038622,11677,256,1770107174.007741,30.881
1770107174.038917,11678,256,1770107174.008030,30.887
1770107174.039226,11679,256,1770107174.008289,30.937
1770107174.039473,11680,256,1770107174.008389,31.084
1770107174.040984,11681,256,1770107174.010151,30.833
1770107174.041270,11682,256,1770107174.010334,30.937
1770107174.041569,11683,256,1770107174.010391,31.178
1770107174.041861,11684,256,1770107174.010669,31.192
1770107174.043694,11685,256,1770107174.012808,30.887
1770107174.047276,11686,256,1770107174.016476,30.800
1770107174.047855,11687,256,1770107174.017077,30.779
1770107174.048469,11688,256,1770107174.017524,30.946
1770107174.051206,11690,256,1770107174.020200,31.005
1770107174.051472,11691,256,1770107174.020315,31.157
1770107174.051827,11693,256,1770107174.020831,30.996
1770107174.052121,11694,256,1770107174.020975,31.146
1770107174.053191,11695,256,1770107174.022298,30.894
1770107174.055409,11696,256,1770107174.024410,30.999
1770107174.057260,11697,256,1770107174.026357,30.903
1770107174.057830,11698,256,1770107174.026568,31.262
1770107174.058413,11699,256,1770107174.026888,31.525
1770107174.058705,11700,256,1770107174.027687,31.018
1770107174.059479,11702,256,1770107174.028622,30.857
1770107174.064813,11703,256,1770107174.033959,30.854
1770107174.066281,11705,256,1770107174.035524,30.757
1770107174.067204,11706,256,1770107174.036428,30.776
1770107174.067463,11707,256,1770107174.036478,30.985
1770107174.067760,11708,256,1770107174.036781,30.979
1770107174.068058,11709,256,1770107174.036820,31.238
1770107174.070305,11710,256,1770107174.038752,31.553
1770107174.074108,11711,256,1770107174.043226,30.882
1770107174.076151,11712,256,1770107174.045274,30.877
1770107174.080115,11714,256,1770107174.049304,30.811
1770107174.082318,11716,256,1770107174.051340,30.978
1770107174.082775,11717,256,1770107174.052033,30.742
1770107174.083343,11718,256,1770107174.052593,30.750
1770107174.085096,11719,256,1770107174.054344,30.752
1770107174.087366,11720,256,1770107174.056540,30.827
1770107174.087785,11721,256,1770107174.057023,30.762
1770107174.088432,11722,256,1770107174.057676,30.756
1770107174.096503,11724,256,1770107174.065630,30.873
1770107174.102764,11730,256,1770107174.071871,30.893
1770107174.104123,11731,256,1770107174.073135,30.988
1770107174.105162,11733,256,1770107174.074046,31.116
1770107174.105489,11734,256,1770107174.074706,30.783
1770107174.108288,11735,256,1770107174.077413,30.875
1770107174.109334,11736,256,1770107174.078571,30.763
1770107174.111423,11738,256,1770107174.080635,30.788
1770107174.111865,11739,256,1770107174.081131,30.734
1770107174.112680,11740,256,1770107174.081926,30.754
1770107174.118997,11743,256,1770107174.088204,30.793
1770107174.124376,11744,256,1770107174.093510,30.865
1770107174.125894,11745,256,1770107174.095023,30.871
1770107174.130277,11747,256,1770107174.099389,30.888
1770107174.132104,11748,256,1770107174.101096,31.009
1770107174.133000,11749,256,1770107174.102229,30.771
1770107174.136683,11750,256,1770107174.105696,30.987
1770107174.136921,11751,256,1770107174.105918,31.003
1770107174.137218,11752,256,1770107174.106274,30.944
1770107174.137518,11753,256,1770107174.106358,31.160
1770107174.138856,11754,256,1770107174.108021,30.836
1770107174.139148,11755,256,1770107174.108324,30.824
1770107174.140511,11756,256,1770107174.109754,30.757
1770107174.140992,11757,256,1770107174.109993,31.000
1770107174.141639,11758,256,1770107174.110842,30.798
1770107174.141950,11759,256,1770107174.111215,30.735
1770107174.144430,11762,256,1770107174.113428,31.002
1770107174.146959,11765,256,1770107174.116180,30.779
1770107174.147237,11766,256,1770107174.116302,30.936
1770107174.153732,11768,256,1770107174.122390,31.341
1770107174.154474,11769,256,1770107174.123410,31.065
1770107174.156756,11771,256,1770107174.125962,30.795
1770107174.158374,11773,256,1770107174.127631,30.743
1770107174.158638,11774,256,1770107174.127916,30.722
1770107174.164440,11775,256,1770107174.133558,30.882
1770107174.165378,11776,256,1770107174.134617,30.762
1770107174.165978,11777,256,1770107174.135259,30.719
1770107174.166684,11778,256,1770107174.135954,30.730
1770107174.167575,11779,256,1770107174.136866,30.710
1770107174.170088,11780,256,1770107174.139209,30.879
1770107174.170361,11781,256,1770107174.139426,30.936
1770107174.171340,11782,256,1770107174.140553,30.787
1770107174.171623,11783,256,1770107174.140767,30.857
1770107174.172234,11784,256,1770107174.141054,31.180
1770107174.173552,11785,256,1770107174.142724,30.828
1770107174.174022,11786,256,1770107174.142993,31.030
1770107174.176011,11787,256,1770107174.144953,31.058
1770107174.176280,11788,256,1770107174.145161,31.119
1770107174.176573,11789,256,1770107174.145543,31.030
1770107174.181617,11790,256,1770107174.150632,30.986
1770107174.181911,11791,256,1770107174.151001,30.910
1770107174.182823,11792,256,1770107174.152113,30.710
1770107174.183439,11793,256,1770107174.152735,30.704
1770107174.183738,11794,256,1770107174.152970,30.768
1770107174.187076,11795,256,1770107174.156309,30.767
1770107174.187746,11796,256,1770107174.157009,30.737
1770107174.189048,11797,256,1770107174.158161,30.887
1770107174.189319,11798,256,1770107174.158437,30.881
1770107174.189695,11799,256,1770107174.158932,30.763
1770107174.191547,11800,256,1770107174.160730,30.817
1770107174.193373,11802,256,1770107174.162281,31.092
1770107174.197296,11803,256,1770107174.166431,30.865
1770107174.198141,11804,256,1770107174.167093,31.049
1770107174.200339,11805,256,1770107174.169166,31.173
1770107174.200469,11806,256,1770107174.169311,31.159
1770107174.201028,11807,256,1770107174.170204,30.825
1770107174.204420,11808,256,1770107174.173446,30.974
1770107174.206995,11809,256,1770107174.176090,30.904
1770107174.208372,11811,256,1770107174.177622,30.749
1770107174.209455,11812,256,1770107174.178594,30.862
1770107174.210305,11813,256,1770107174.179469,30.837
1770107174.211703,11814,256,1770107174.180898,30.805
1770107174.211968,11815,256,1770107174.181022,30.946
1770107174.212271,11816,256,1770107174.181206,31.065
1770107174.215437,11817,256,1770107174.184666,30.771
1770107174.216635,11819,256,1770107174.185685,30.949
1770107174.218302,11820,256,1770107174.187494,30.809
1770107174.219720,11821,256,1770107174.188908,30.813
1770107174.220371,11822,256,1770107174.189559,30.812
1770107174.223648,11823,256,1770107174.192720,30.928
1770107174.226937,11826,256,1770107174.196203,30.735
1770107174.231389,11829,256,1770107174.200395,30.994
1770107174.232417,11830,256,1770107174.201532,30.885
1770107174.238389,11833,256,1770107174.207598,30.791
1770107174.239714,11834,256,1770107174.209007,30.707
1770107174.240179,11835,256,1770107174.209351,30.828
1770107174.247041,11838,256,1770107174.216222,30.819
1770107174.247293,11839,256,1770107174.216451,30.842
1770107174.249982,11840,256,1770107174.219213,30.770
1770107174.251717,11841,256,1770107174.220952,30.764
1770107174.254298,11844,256,1770107174.223534,30.764
1770107174.254623,11845,256,1770107174.223639,30.985
1770107174.255741,11847,256,1770107174.224972,30.769
1770107174.256596,11848,256,1770107174.225415,31.182
1770107174.257271,11849,256,1770107174.226430,30.841
1770107174.258098,11850,256,1770107174.227290,30.808
1770107174.259997,11851,256,1770107174.229218,30.779
1770107174.263034,11853,256,1770107174.232274,30.761
1770107174.265822,11854,256,1770107174.234587,31.235
1770107174.271302,11855,256,1770107174.240278,31.024
1770107174.271837,11856,256,1770107174.241109,30.729
1770107174.272129,11857,256,1770107174.241198,30.932
1770107174.272545,11858,256,1770107174.241544,31.001
1770107174.273582,11860,256,1770107174.242806,30.776
1770107174.273882,11861,256,1770107174.242938,30.944
1770107174.274204,11862,256,1770107174.242986,31.218
1770107174.274740,11863,256,1770107174.243951,30.789
1770107174.277024,11864,256,1770107174.246281,30.743
1770107174.278330,11866,256,1770107174.247315,31.015
1770107174.282892,11868,256,1770107174.251955,30.936
1770107174.283635,11869,256,1770107174.252875,30.760
1770107174.285781,11871,256,1770107174.254964,30.817
1770107174.288027,11872,256,1770107174.257078,30.949
1770107174.293092,11873,256,1770107174.262164,30.928
1770107174.295292,11874,256,1770107174.264494,30.798
1770107174.296613,11875,256,1770107174.265791,30.823
1770107174.298823,11876,256,1770107174.267721,31.101
1770107174.301662,11877,256,1770107174.270732,30.930
1770107174.301920,11878,256,1770107174.270864,31.055
1770107174.304169,11880,256,1770107174.273329,30.840
1770107174.304456,11881,256,1770107174.273518,30.937
1770107174.305050,11882,256,1770107174.273592,31.457
1770107174.305345,11883,256,1770107174.273990,31.355
1770107174.306124,11884,256,1770107174.275213,30.911
1770107174.306432,11885,256,1770107174.275464,30.968
1770107174.308455,11886,256,1770107174.277636,30.819
1770107174.309171,11887,256,1770107174.278358,30.813
1770107174.309501,11888,256,1770107174.278769,30.732
1770107174.309797,11889,256,1770107174.278838,30.958
1770107174.311522,11891,256,1770107174.280399,31.123
1770107174.311921,11893,256,1770107174.281020,30.901
1770107174.315283,11894,256,1770107174.284396,30.887
1770107174.315994,11897,256,1770107174.285199,30.795
1770107174.319050,11899,256,1770107174.288239,30.812
1770107174.320892,11900,256,1770107174.289825,31.067
1770107174.323842,11902,256,1770107174.292699,31.143
1770107174.325724,11905,256,1770107174.294791,30.932
1770107174.326307,11906,256,1770107174.295427,30.880
1770107174.327838,11907,256,1770107174.296833,31.005
1770107174.328075,11908,256,1770107174.297082,30.993
1770107174.329844,11909,256,1770107174.298910,30.934
1770107174.330657,11911,256,1770107174.299588,31.069
1770107174.332123,11914,256,1770107174.301294,30.829
1770107174.332377,11915,256,1770107174.301580,30.797
1770107174.340477,11918,256,1770107174.309509,30.968
1770107174.340721,11919,256,1770107174.309960,30.761
1770107174.341007,11920,256,1770107174.310020,30.988
1770107174.342696,11921,256,1770107174.311822,30.874
1770107174.343030,11922,256,1770107174.312270,30.760
1770107174.343714,11923,256,1770107174.312952,30.762
1770107174.348555,11924,256,1770107174.317757,30.798
1770107174.348871,11925,256,1770107174.318130,30.740
1770107174.353724,11926,256,1770107174.322387,31.338
1770107174.357262,11928,256,1770107174.326254,31.008
1770107174.358614,11929,256,1770107174.327712,30.902
1770107174.359160,11930,256,1770107174.328208,30.951
1770107174.359447,11931,256,1770107174.328300,31.147
1770107174.360180,11932,256,1770107174.329318,30.861
1770107174.361487,11933,256,1770107174.330611,30.875
1770107174.365084,11934,256,1770107174.334215,30.869
1770107174.366670,11935,256,1770107174.335798,30.872
1770107174.368579,11938,256,1770107174.337818,30.761
1770107174.369445,11939,256,1770107174.338615,30.830
1770107174.370823,11941,256,1770107174.339998,30.824
1770107174.375039,11942,256,1770107174.344062,30.977
1770107174.376379,11943,256,1770107174.345518,30.861
1770107174.376987,11944,256,1770107174.346207,30.779
1770107174.377320,11945,256,1770107174.346318,31.002
1770107174.377602,11946,256,1770107174.346609,30.993
1770107174.379032,11947,256,1770107174.348171,30.861
1770107174.380708,11949,256,1770107174.349901,30.807
1770107174.382264,11950,256,1770107174.351287,30.977
1770107174.382671,11951,256,1770107174.351506,31.165
1770107174.386213,11952,256,1770107174.355239,30.973
1770107174.386958,11953,256,1770107174.356161,30.797
1770107174.389440,11954,256,1770107174.358623,30.817
1770107174.389722,11955,256,1770107174.358972,30.750
1770107174.391732,11956,256,1770107174.360635,31.097
1770107174.392701,11957,256,1770107174.361782,30.919
1770107174.394598,11958,256,1770107174.363765,30.833
1770107174.396653,11959,256,1770107174.365917,30.736
1770107174.397662,11960,256,1770107174.366876,30.786
1770107174.398041,11961,256,1770107174.366967,31.074
1770107174.398819,11962,256,1770107174.368079,30.740
1770107174.399113,11963,256,1770107174.368166,30.947
1770107174.399849,11964,256,1770107174.369040,30.808
1770107174.402106,11965,256,1770107174.371166,30.940
1770107174.402916,11966,256,1770107174.371965,30.951
1770107174.403095,11967,256,1770107174.372146,30.948
1770107174.404352,11968,256,1770107174.373321,31.031
1770107174.407867,11969,256,1770107174.377007,30.860
1770107174.411283,11970,256,1770107174.380398,30.885
1770107174.411740,11971,256,1770107174.381010,30.730
1770107174.412377,11972,256,1770107174.381546,30.831
1770107174.416063,11974,256,1770107174.385211,30.852
1770107174.416344,11975,256,1770107174.385305,31.038
1770107174.416629,11976,256,1770107174.385610,31.019
1770107174.416945,11977,256,1770107174.386103,30.842
1770107174.417850,11978,256,1770107174.386163,31.687
1770107174.418130,11980,256,1770107174.386818,31.312
1770107174.418427,11981,256,1770107174.387146,31.281
1770107174.419856,11982,256,1770107174.388934,30.922
1770107174.420634,11983,256,1770107174.389767,30.866
1770107174.421416,11984,256,1770107174.390538,30.878
1770107174.422114,11985,256,1770107174.391340,30.774
1770107174.425670,11986,256,1770107174.394820,30.850
1770107174.430981,11987,256,1770107174.400128,30.853
1770107174.431904,11988,256,1770107174.401084,30.820
1770107174.433794,11989,256,1770107174.402906,30.888
1770107174.437743,11992,256,1770107174.406885,30.858
1770107174.440268,11994,256,1770107174.409376,30.892
1770107174.444750,11996,256,1770107174.413871,30.879
1770107174.445271,11997,256,1770107174.414420,30.850
1770107174.447398,11998,256,1770107174.416225,31.173
1770107174.447680,11999,256,1770107174.416382,31.299
1770107174.447990,12000,256,1770107174.417119,30.871
1770107174.450106,12002,256,1770107174.419221,30.885
1770107174.453054,12003,256,1770107174.422209,30.845
1770107174.455251,12004,256,1770107174.424183,31.068
1770107174.456842,12005,256,1770107174.425982,30.861
1770107174.459608,12007,256,1770107174.428713,30.895
1770107174.459839,12008,256,1770107174.428766,31.072
1770107174.460424,12009,256,1770107174.428805,31.619
1770107174.460758,12010,256,1770107174.429828,30.930
1770107174.464322,12011,256,1770107174.433446,30.876
1770107174.464563,12012,256,1770107174.433677,30.886
1770107174.467940,12013,256,1770107174.437050,30.890
1770107174.471781,12014,256,1770107174.440781,31.000
1770107174.473178,12015,256,1770107174.442346,30.833
1770107174.473654,12016,256,1770107174.442652,31.003
1770107174.473958,12017,256,1770107174.443100,30.858
1770107174.477042,12018,256,1770107174.446128,30.914
1770107174.477775,12019,256,1770107174.446795,30.980
1770107174.478064,12020,256,1770107174.447001,31.063
1770107174.478650,12021,256,1770107174.447666,30.984
1770107174.478938,12022,256,1770107174.448151,30.787
1770107174.480041,12023,256,1770107174.449058,30.983
1770107174.483294,12025,256,1770107174.452371,30.923
1770107174.484251,12026,256,1770107174.453389,30.862
1770107174.484845,12027,256,1770107174.453801,31.044
1770107174.488395,12032,256,1770107174.457486,30.909
1770107174.491508,12033,256,1770107174.460621,30.887
1770107174.493610,12034,256,1770107174.462683,30.927
1770107174.494321,12035,256,1770107174.463431,30.890
1770107174.497735,12036,256,1770107174.466819,30.917
1770107174.500078,12037,256,1770107174.469153,30.925
1770107174.500570,12038,256,1770107174.469737,30.832
1770107174.503082,12039,256,1770107174.472176,30.906
1770107174.504791,12040,256,1770107174.473851,30.940
1770107174.505920,12041,256,1770107174.475054,30.867
1770107174.506536,12043,256,1770107174.475665,30.871
1770107174.507115,12044,256,1770107174.476057,31.058
1770107174.507454,12045,256,1770107174.476455,30.999
1770107174.507807,12046,256,1770107174.476555,31.252
1770107174.509866,12047,256,1770107174.479009,30.857
1770107174.513568,12048,256,1770107174.482703,30.865
1770107174.515246,12049,256,1770107174.484430,30.816
1770107174.516353,12050,256,1770107174.485420,30.932
1770107174.518278,12051,256,1770107174.487399,30.879
1770107174.519322,12052,256,1770107174.488412,30.909
1770107174.521841,12054,256,1770107174.490885,30.956
1770107174.522758,12055,256,1770107174.491790,30.968
1770107174.523505,12056,256,1770107174.492601,30.904
1770107174.523785,12057,256,1770107174.492744,31.041
1770107174.527372,12060,256,1770107174.496475,30.897
1770107174.527845,12061,256,1770107174.496953,30.891
1770107174.528936,12062,256,1770107174.498106,30.831
1770107174.532348,12063,256,1770107174.501422,30.926
1770107174.532578,12064,256,1770107174.501763,30.815
1770107174.533321,12065,256,1770107174.502519,30.802
1770107174.534432,12066,256,1770107174.503513,30.920
1770107174.535866,12067,256,1770107174.504988,30.877
1770107174.536340,12068,256,1770107174.505548,30.792
1770107174.536942,12069,256,1770107174.505998,30.944
1770107174.537495,12070,256,1770107174.506609,30.886
1770107174.546897,12072,256,1770107174.515941,30.957
1770107174.548212,12073,256,1770107174.517360,30.851
1770107174.549834,12074,256,1770107174.518947,30.886
1770107174.553001,12075,256,1770107174.522045,30.956
1770107174.556068,12076,256,1770107174.525136,30.932
1770107174.556543,12077,256,1770107174.525683,30.861
1770107174.559615,12078,256,1770107174.528754,30.861
1770107174.559860,12079,256,1770107174.529083,30.777
1770107174.563582,12081,256,1770107174.532662,30.920
1770107174.564596,12082,256,1770107174.533658,30.938
1770107174.565118,12084,256,1770107174.534329,30.789
1770107174.565393,12085,256,1770107174.534554,30.839
1770107174.566707,12086,256,1770107174.535847,30.860
1770107174.566962,12087,256,1770107174.535983,30.980
1770107174.567259,12088,256,1770107174.536060,31.199
1770107174.567564,12089,256,1770107174.536404,31.160
1770107174.567858,12090,256,1770107174.536478,31.380
1770107174.568480,12091,256,1770107174.537702,30.777
1770107174.569369,12092,256,1770107174.538393,30.977
1770107174.571455,12093,256,1770107174.540453,31.001
1770107174.571661,12094,256,1770107174.540735,30.926
1770107174.572522,12095,256,1770107174.541576,30.947
1770107174.574134,12096,256,1770107174.543092,31.042
1770107174.579937,12099,256,1770107174.549050,30.887
1770107174.581589,12100,256,1770107174.550780,30.809
1770107174.582916,12101,256,1770107174.551905,31.011
1770107174.584205,12103,256,1770107174.553140,31.065
1770107174.584703,12105,256,1770107174.553924,30.779
1770107174.587004,12106,256,1770107174.555970,31.035
1770107174.590254,12107,256,1770107174.559118,31.136
1770107174.590628,12108,256,1770107174.559829,30.799
1770107174.591418,12111,256,1770107174.560207,31.211
1770107174.592290,12112,256,1770107174.561415,30.875
1770107174.594482,12113,256,1770107174.563482,31.000
1770107174.596893,12114,256,1770107174.566039,30.854
1770107174.597620,12115,256,1770107174.566818,30.802
1770107174.600677,12116,256,1770107174.569611,31.066
1770107174.601249,12117,256,1770107174.570354,30.895
1770107174.602065,12118,256,1770107174.571149,30.915
1770107174.605436,12121,256,1770107174.574437,31.000
1770107174.610178,12123,256,1770107174.579053,31.126
1770107174.616143,12124,256,1770107174.585320,30.822
1770107174.618800,12125,256,1770107174.587917,30.883
1770107174.621996,12127,256,1770107174.590928,31.068
1770107174.625431,12128,256,1770107174.594532,30.899
1770107174.626592,12129,256,1770107174.595767,30.825
1770107174.626828,12130,256,1770107174.595829,30.999
1770107174.628925,12131,256,1770107174.597794,31.132
1770107174.629574,12132,256,1770107174.598729,30.845
1770107174.630202,12133,256,1770107174.599435,30.767
1770107174.631108,12134,256,1770107174.600351,30.757
1770107174.646367,12137,256,1770107174.615510,30.857
1770107174.650342,12138,256,1770107174.619286,31.056
1770107174.650448,12139,256,1770107174.619456,30.992
1770107174.653530,12140,256,1770107174.622550,30.981
1770107174.655152,12141,256,1770107174.624158,30.994
1770107174.658980,12143,256,1770107174.628056,30.924
1770107174.662865,12144,256,1770107174.631957,30.908
1770107174.663120,12145,256,1770107174.632266,30.854
1770107174.664266,12146,256,1770107174.633409,30.857
1770107174.666161,12147,256,1770107174.635284,30.877
1770107174.667941,12148,256,1770107174.637048,30.893
1770107174.668490,12149,256,1770107174.637541,30.950
1770107174.669772,12150,256,1770107174.638940,30.832
1770107174.670389,12151,256,1770107174.639625,30.764
1770107174.670974,12152,256,1770107174.640236,30.738
1770107174.672692,12153,256,1770107174.641484,31.208
1770107174.675456,12154,256,1770107174.644534,30.922
1770107174.676908,12155,256,1770107174.646001,30.907
1770107174.678825,12156,256,1770107174.647958,30.867
1770107174.679102,12157,256,1770107174.648051,31.051
1770107174.682566,12159,256,1770107174.651649,30.917
1770107174.684728,12160,256,1770107174.653861,30.867
1770107174.684969,12161,256,1770107174.654045,30.924
1770107174.685260,12162,256,1770107174.654382,30.878
1770107174.685553,12163,256,1770107174.654425,31.128
1770107174.685846,12164,256,1770107174.654847,30.999
1770107174.686148,12165,256,1770107174.655119,31.029
1770107174.686775,12166,256,1770107174.655589,31.186
1770107174.687122,12167,256,1770107174.655729,31.392
1770107174.687459,12168,256,1770107174.656331,31.128
1770107174.687722,12169,256,1770107174.656994,30.728
1770107174.690950,12170,256,1770107174.660094,30.857
1770107174.692444,12171,256,1770107174.661602,30.843
1770107174.693623,12172,256,1770107174.662709,30.914
1770107174.695025,12173,256,1770107174.664179,30.846
1770107174.695655,12174,256,1770107174.664871,30.784
1770107174.701510,12177,256,1770107174.670668,30.842
1770107174.704108,12178,256,1770107174.673181,30.927
1770107174.705053,12180,256,1770107174.674200,30.853
1770107174.706726,12181,256,1770107174.675778,30.947
1770107174.706964,12182,256,1770107174.675881,31.083
1770107174.709728,12183,256,1770107174.678797,30.930
1770107174.711890,12184,256,1770107174.680981,30.909
1770107174.712138,12185,256,1770107174.681207,30.931
1770107174.713223,12186,256,1770107174.682271,30.953
1770107174.713653,12188,256,1770107174.682687,30.967
1770107174.714552,12189,256,1770107174.683336,31.217
1770107174.714821,12190,256,1770107174.684038,30.783
1770107174.715436,12191,256,1770107174.684636,30.800
1770107174.717893,12192,256,1770107174.687027,30.865
1770107174.718689,12194,256,1770107174.687872,30.817
1770107174.718955,12195,256,1770107174.688210,30.746
1770107174.720243,12196,256,1770107174.689338,30.905
1770107174.722180,12197,256,1770107174.691328,30.852
1770107174.723000,12198,256,1770107174.691961,31.039
1770107174.725118,12199,256,1770107174.694273,30.845
1770107174.728525,12202,256,1770107174.697644,30.881
1770107174.729710,12203,256,1770107174.698858,30.852
1770107174.729938,12204,256,1770107174.698907,31.031
1770107174.730510,12205,256,1770107174.699257,31.253
1770107174.731908,12206,256,1770107174.701101,30.807
1770107174.733243,12208,256,1770107174.701997,31.246
1770107174.734554,12209,256,1770107174.703780,30.774
1770107174.734810,12210,256,1770107174.703820,30.989
1770107174.736465,12212,256,1770107174.705665,30.800
1770107174.741803,12213,256,1770107174.710884,30.919
1770107174.742555,12214,256,1770107174.711695,30.860
1770107174.746847,12215,256,1770107174.715920,30.927
1770107174.747106,12216,256,1770107174.716055,31.051
1770107174.748142,12217,256,1770107174.717219,30.923
1770107174.749762,12218,256,1770107174.718952,30.811
1770107174.750032,12219,256,1770107174.719300,30.733
1770107174.750380,12220,256,1770107174.719419,30.961
1770107174.754593,12221,256,1770107174.723725,30.868
1770107174.754886,12222,256,1770107174.723999,30.887
1770107174.755213,12223,256,1770107174.724447,30.766
1770107174.757557,12224,256,1770107174.726637,30.920
1770107174.757787,12225,256,1770107174.726828,30.959
1770107174.759896,12226,256,1770107174.728982,30.914
1770107174.762388,12227,256,1770107174.731409,30.979
1770107174.768173,12228,256,1770107174.737216,30.957
1770107174.771151,12231,256,1770107174.740006,31.145
1770107174.771696,12233,256,1770107174.740921,30.775
1770107174.773526,12234,256,1770107174.742617,30.910
1770107174.779119,12235,256,1770107174.748256,30.863
1770107174.779389,12236,256,1770107174.748437,30.952
1770107174.779707,12237,256,1770107174.748957,30.750
1770107174.781440,12238,256,1770107174.750677,30.762
1770107174.790704,12241,256,1770107174.759805,30.900
1770107174.790980,12242,256,1770107174.760074,30.905
1770107174.791525,12243,256,1770107174.760765,30.760
1770107174.796413,12245,256,1770107174.765511,30.902
1770107174.797567,12247,256,1770107174.766381,31.187
1770107174.797850,12248,256,1770107174.766435,31.415
1770107174.798137,12249,256,1770107174.767241,30.896
1770107174.799313,12250,256,1770107174.768578,30.735
1770107174.801115,12252,256,1770107174.770255,30.860
1770107174.802103,12253,256,1770107174.771223,30.880
1770107174.805387,12255,256,1770107174.774269,31.118
1770107174.805616,12256,256,1770107174.774755,30.861
1770107174.806824,12257,256,1770107174.776013,30.811
1770107174.807858,12258,256,1770107174.777098,30.760
1770107174.808409,12259,256,1770107174.777662,30.746
1770107174.808697,12260,256,1770107174.777814,30.882
1770107174.810932,12261,256,1770107174.780060,30.873
1770107174.811443,12262,256,1770107174.780455,30.987
1770107174.812965,12263,256,1770107174.782177,30.789
1770107174.813665,12264,256,1770107174.782659,31.006
1770107174.813959,12265,256,1770107174.782701,31.258
1770107174.814678,12267,256,1770107174.783904,30.774
1770107174.814962,12268,256,1770107174.784092,30.870
1770107174.815355,12269,256,1770107174.784623,30.732
1770107174.815657,12270,256,1770107174.784760,30.897
1770107174.815950,12271,256,1770107174.784797,31.153
1770107174.816870,12272,256,1770107174.785659,31.211
1770107174.818742,12273,256,1770107174.788004,30.739
1770107174.821283,12274,256,1770107174.790263,31.020
1770107174.821465,12275,256,1770107174.790432,31.032
1770107174.822163,12277,256,1770107174.791300,30.863
1770107174.823076,12278,256,1770107174.792208,30.867
1770107174.824568,12279,256,1770107174.793729,30.839
1770107174.827073,12280,256,1770107174.796246,30.827
1770107174.828275,12281,256,1770107174.797444,30.831
1770107174.831010,12282,256,1770107174.800169,30.841
1770107174.832003,12283,256,1770107174.801210,30.793
1770107174.834988,12284,256,1770107174.804158,30.831
1770107174.837275,12285,256,1770107174.806384,30.891
1770107174.840488,12286,256,1770107174.809624,30.864
1770107174.841205,12288,256,1770107174.810235,30.970
1770107174.842071,12289,256,1770107174.811293,30.778
1770107174.843328,12290,256,1770107174.812489,30.839
1770107174.844549,12291,256,1770107174.813738,30.811
1770107174.848422,12293,256,1770107174.817618,30.803
1770107174.850639,12295,256,1770107174.819744,30.895
1770107174.854970,12296,256,1770107174.824020,30.949
1770107174.856104,12297,256,1770107174.825178,30.926
1770107174.858115,12298,256,1770107174.827313,30.802
1770107174.859115,12299,256,1770107174.828268,30.847
1770107174.860372,12300,256,1770107174.829490,30.882
1770107174.862438,12301,256,1770107174.831608,30.831
1770107174.866086,12302,256,1770107174.835142,30.943
1770107174.868847,12304,256,1770107174.837899,30.948
1770107174.872484,12306,256,1770107174.841647,30.837
1770107174.872725,12307,256,1770107174.841843,30.882
1770107174.873587,12308,256,1770107174.842774,30.813
1770107174.876154,12309,256,1770107174.845267,30.888
1770107174.877778,12310,256,1770107174.846991,30.788
1770107174.880213,12312,256,1770107174.849134,31.080
1770107174.883486,12313,256,1770107174.852219,31.266
1770107174.884300,12314,256,1770107174.853353,30.947
1770107174.884488,12315,256,1770107174.853482,31.006
1770107174.885800,12316,256,1770107174.854919,30.880
1770107174.886021,12317,256,1770107174.855054,30.967
1770107174.887707,12318,256,1770107174.856886,30.820
1770107174.894218,12320,256,1770107174.863292,30.927
1770107174.896540,12322,256,1770107174.865753,30.787
1770107174.896971,12323,256,1770107174.866206,30.765
1770107174.899488,12325,256,1770107174.868667,30.822
1770107174.900678,12326,256,1770107174.869279,31.399
1770107174.900920,12327,256,1770107174.869600,31.320
1770107174.901575,12328,256,1770107174.870263,31.312
1770107174.901856,12329,256,1770107174.870322,31.534
1770107174.902167,12330,256,1770107174.871417,30.750
1770107174.902462,12331,256,1770107174.871476,30.985
1770107174.902764,12332,256,1770107174.871849,30.915
1770107174.903582,12333,256,1770107174.872732,30.850
1770107174.906518,12335,256,1770107174.875638,30.880
1770107174.908463,12337,256,1770107174.877429,31.035
1770107174.912311,12339,256,1770107174.881508,30.803
1770107174.912783,12340,256,1770107174.882025,30.758
1770107174.913144,12341,256,1770107174.882272,30.872
1770107174.914615,12342,256,1770107174.883552,31.063
1770107174.915231,12343,256,1770107174.884387,30.844
1770107174.915652,12344,256,1770107174.884844,30.808
1770107174.915979,12345,256,1770107174.885225,30.754
1770107174.916447,12346,256,1770107174.885712,30.735
1770107174.916739,12347,256,1770107174.885945,30.794
1770107174.923362,12349,256,1770107174.892479,30.883
1770107174.923613,12350,256,1770107174.892600,31.012
1770107174.925478,12351,256,1770107174.894362,31.116
1770107174.927093,12352,256,1770107174.896224,30.869
1770107174.928217,12353,256,1770107174.897408,30.810
1770107174.928768,12354,256,1770107174.898021,30.747
1770107174.930392,12356,256,1770107174.899408,30.984
1770107174.930788,12357,256,1770107174.899858,30.930
1770107174.930920,12358,256,1770107174.899889,31.031
1770107174.931241,12359,256,1770107174.900256,30.985
1770107174.931941,12360,256,1770107174.901198,30.743
1770107174.932783,12362,256,1770107174.901883,30.900
1770107174.938430,12364,256,1770107174.907448,30.982
1770107174.940161,12365,256,1770107174.909120,31.040
1770107174.940449,12366,256,1770107174.909589,30.860
1770107174.941517,12367,256,1770107174.910764,30.752
1770107174.949142,12370,256,1770107174.918259,30.882
1770107174.950014,12371,256,1770107174.919183,30.831
1770107174.951985,12374,256,1770107174.921113,30.873
1770107174.952923,12375,256,1770107174.922073,30.850
1770107174.953210,12376,256,1770107174.922219,30.992
1770107174.954140,12377,256,1770107174.923281,30.858
1770107174.954377,12378,256,1770107174.923378,30.999
1770107174.954665,12379,256,1770107174.923844,30.822
1770107174.955707,12381,256,1770107174.924899,30.808
1770107174.956416,12382,256,1770107174.925608,30.809
1770107174.956730,12383,256,1770107174.925926,30.804
1770107174.957020,12384,256,1770107174.926224,30.796
1770107174.957653,12385,256,1770107174.926375,31.277
1770107174.958134,12386,256,1770107174.927327,30.807
1770107174.961674,12388,256,1770107174.930862,30.812
1770107174.963657,12389,256,1770107174.932787,30.869
1770107174.970098,12392,256,1770107174.939184,30.914
1770107174.970684,12393,256,1770107174.939578,31.106
1770107174.971537,12394,256,1770107174.940639,30.897
1770107174.971772,12395,256,1770107174.940783,30.989
1770107174.975080,12397,256,1770107174.944180,30.899
1770107174.975549,12398,256,1770107174.944783,30.765
1770107174.976354,12399,256,1770107174.945472,30.882
1770107174.979693,12400,256,1770107174.948762,30.931
1770107174.979908,12401,256,1770107174.948965,30.944
1770107174.982240,12402,256,1770107174.951334,30.907
1770107174.982875,12403,256,1770107174.952016,30.859
1770107174.983237,12404,256,1770107174.952370,30.867
1770107174.983548,12405,256,1770107174.952641,30.907
1770107174.983795,12406,256,1770107174.952870,30.924
1770107174.985158,12407,256,1770107174.954314,30.844
1770107174.985783,12408,256,1770107174.954946,30.837
1770107174.987177,12409,256,1770107174.956313,30.864
1770107174.987687,12410,256,1770107174.956835,30.852
1770107174.992108,12411,256,1770107174.960726,31.382
1770107174.992263,12412,256,1770107174.961349,30.915
1770107174.992614,12413,256,1770107174.961460,31.154
1770107174.992879,12414,256,1770107174.962077,30.802
1770107174.993154,12415,256,1770107174.962156,30.998
1770107174.994243,12416,256,1770107174.963429,30.813
1770107174.995373,12417,256,1770107174.964355,31.018
1770107174.996543,12418,256,1770107174.965347,31.196
1770107174.997398,12419,256,1770107174.966595,30.803
1770107174.998000,12420,256,1770107174.967228,30.772
1770107174.998286,12421,256,1770107174.967473,30.812
1770107174.999764,12422,256,1770107174.968836,30.928
1770107175.002671,12424,256,1770107174.971631,31.040
1770107175.007289,12426,256,1770107174.976240,31.049
1770107175.008358,12427,256,1770107174.977381,30.977
1770107175.009096,12429,256,1770107174.978317,30.779
1770107175.010033,12430,256,1770107174.979156,30.876
1770107175.010355,12431,256,1770107174.979357,30.997
1770107175.011919,12432,256,1770107174.980907,31.012
1770107175.014573,12433,256,1770107174.983639,30.934
1770107175.014844,12434,256,1770107174.983858,30.986
1770107175.015100,12435,256,1770107174.984034,31.066
1770107175.015442,12436,256,1770107174.984087,31.355
1770107175.016363,12437,256,1770107174.985043,31.321
1770107175.016634,12438,256,1770107174.985233,31.401
1770107175.016891,12439,256,1770107174.985394,31.497
1770107175.017208,12440,256,1770107174.985725,31.483
1770107175.021470,12443,256,1770107174.990397,31.073
1770107175.021704,12444,256,1770107174.990595,31.109
1770107175.023473,12445,256,1770107174.992530,30.943
1770107175.025690,12447,256,1770107174.994655,31.035
1770107175.028000,12448,256,1770107174.997071,30.930
1770107175.029744,12449,256,1770107174.998622,31.122
1770107175.030037,12450,256,1770107174.998752,31.285
1770107175.031869,12451,256,1770107175.000936,30.933
1770107175.032124,12452,256,1770107175.001093,31.030
1770107175.032962,12453,256,1770107175.002068,30.894
1770107175.033883,12454,256,1770107175.003055,30.828
1770107175.043854,12455,256,1770107175.012843,31.011
1770107175.044283,12456,256,1770107175.013328,30.955
1770107175.044802,12457,256,1770107175.013654,31.148
1770107175.045300,12458,256,1770107175.014524,30.776
1770107175.045585,12459,256,1770107175.014786,30.798
1770107175.048397,12461,256,1770107175.017267,31.129
1770107175.048880,12462,256,1770107175.018095,30.785
1770107175.054575,12464,256,1770107175.023527,31.049
1770107175.057252,12465,256,1770107175.026000,31.252
1770107175.060115,12467,256,1770107175.029073,31.042
1770107175.061381,12468,256,1770107175.030485,30.896
1770107175.061579,12469,256,1770107175.030805,30.774
1770107175.062302,12470,256,1770107175.031473,30.829
1770107175.063066,12471,256,1770107175.032044,31.021
1770107175.064613,12472,256,1770107175.033372,31.241
1770107175.066086,12474,256,1770107175.035103,30.983
1770107175.068164,12475,256,1770107175.037234,30.930
1770107175.068783,12476,256,1770107175.037977,30.806
1770107175.070758,12478,256,1770107175.039793,30.965
1770107175.070921,12479,256,1770107175.039950,30.971
1770107175.072365,12480,256,1770107175.041428,30.937
1770107175.072680,12481,256,1770107175.041877,30.802
1770107175.073344,12482,256,1770107175.042486,30.858
1770107175.074476,12483,256,1770107175.043049,31.427
1770107175.075132,12484,256,1770107175.043766,31.367
1770107175.079031,12486,256,1770107175.048107,30.925
1770107175.079307,12487,256,1770107175.048254,31.053
1770107175.081551,12488,256,1770107175.050661,30.891
1770107175.082786,12489,256,1770107175.051902,30.884
1770107175.083988,12490,256,1770107175.052521,31.467
1770107175.084564,12491,256,1770107175.052598,31.966
1770107175.084853,12492,256,1770107175.053136,31.717
1770107175.085168,12493,256,1770107175.053488,31.681
1770107175.085501,12494,256,1770107175.054165,31.337
1770107175.085721,12495,256,1770107175.054633,31.088
1770107175.088921,12496,256,1770107175.057813,31.107
1770107175.089128,12497,256,1770107175.058180,30.948
1770107175.089506,12498,256,1770107175.058672,30.834
1770107175.089794,12499,256,1770107175.058862,30.932
1770107175.090086,12500,256,1770107175.058937,31.149
1770107175.091116,12501,256,1770107175.059955,31.161
1770107175.091411,12502,256,1770107175.060112,31.299
1770107175.092046,12503,256,1770107175.060707,31.339
1770107175.092708,12505,256,1770107175.061923,30.784
1770107175.093047,12506,256,1770107175.062219,30.828
1770107175.093460,12507,256,1770107175.062367,31.092
1770107175.093657,12508,256,1770107175.062413,31.244
1770107175.095027,12510,256,1770107175.064087,30.941
1770107175.097271,12511,256,1770107175.066338,30.933
1770107175.099412,12512,256,1770107175.068505,30.907
1770107175.099894,12513,256,1770107175.069086,30.808
1770107175.100817,12514,256,1770107175.069906,30.911
1770107175.101579,12516,256,1770107175.070714,30.865
1770107175.102272,12517,256,1770107175.071422,30.850
1770107175.105164,12518,256,1770107175.074114,31.050
1770107175.106530,12519,256,1770107175.075600,30.930
1770107175.107066,12520,256,1770107175.075808,31.259
1770107175.108359,12521,256,1770107175.077454,30.905
1770107175.108630,12522,256,1770107175.077672,30.958
1770107175.111795,12524,256,1770107175.080980,30.815
1770107175.113611,12526,256,1770107175.082829,30.782
1770107175.113916,12527,256,1770107175.082912,31.004
1770107175.114236,12528,256,1770107175.083275,30.961
1770107175.118317,12529,256,1770107175.087465,30.852
1770107175.120419,12530,256,1770107175.089591,30.828
1770107175.120709,12531,256,1770107175.089747,30.962
1770107175.121015,12532,256,1770107175.089803,31.212
1770107175.121608,12533,256,1770107175.090517,31.091
1770107175.125344,12535,256,1770107175.094513,30.831
1770107175.127376,12537,256,1770107175.096458,30.918
1770107175.129449,12538,256,1770107175.098666,30.783
1770107175.129719,12539,256,1770107175.098930,30.788
1770107175.134711,12542,256,1770107175.103874,30.837
1770107175.135362,12543,256,1770107175.104423,30.939
1770107175.135632,12544,256,1770107175.104790,30.842
1770107175.137123,12545,256,1770107175.106292,30.831
1770107175.137840,12546,256,1770107175.107006,30.833
1770107175.139285,12547,256,1770107175.108210,31.075
1770107175.140820,12548,256,1770107175.109936,30.883
1770107175.141622,12550,256,1770107175.110793,30.829
1770107175.141853,12551,256,1770107175.110888,30.965
1770107175.143738,12552,256,1770107175.112921,30.817
1770107175.144523,12553,256,1770107175.113698,30.825
1770107175.145203,12554,256,1770107175.114279,30.925
1770107175.145552,12555,256,1770107175.114559,30.993
1770107175.145781,12556,256,1770107175.114599,31.182
1770107175.150061,12558,256,1770107175.119083,30.978
1770107175.150810,12559,256,1770107175.119900,30.910
1770107175.152305,12560,256,1770107175.121452,30.852
1770107175.153807,12562,256,1770107175.123019,30.788
1770107175.156150,12563,256,1770107175.125217,30.934
1770107175.156488,12564,256,1770107175.125286,31.202
1770107175.159320,12565,256,1770107175.128506,30.814
1770107175.161290,12566,256,1770107175.130386,30.904
1770107175.162839,12567,256,1770107175.132044,30.795
1770107175.163466,12568,256,1770107175.132639,30.827
1770107175.163726,12569,256,1770107175.132820,30.905
1770107175.168258,12570,256,1770107175.137367,30.891
1770107175.168497,12571,256,1770107175.137512,30.985
1770107175.168780,12572,256,1770107175.138023,30.757
1770107175.169372,12573,256,1770107175.138435,30.937
1770107175.169669,12574,256,1770107175.138564,31.106
1770107175.169965,12575,256,1770107175.138586,31.379
1770107175.170578,12576,256,1770107175.139718,30.860
1770107175.172513,12577,256,1770107175.141776,30.737
1770107175.180481,12579,256,1770107175.149625,30.856
1770107175.182768,12580,256,1770107175.151764,31.004
1770107175.183616,12581,256,1770107175.152869,30.748
1770107175.184507,12582,256,1770107175.153563,30.945
1770107175.187514,12583,256,1770107175.156705,30.808
1770107175.188272,12584,256,1770107175.157529,30.743
1770107175.193227,12586,256,1770107175.162415,30.812
1770107175.193552,12587,256,1770107175.162658,30.894
1770107175.193774,12588,256,1770107175.162684,31.090
1770107175.194443,12589,256,1770107175.163612,30.831
1770107175.194699,12590,256,1770107175.163848,30.851
1770107175.199657,12591,256,1770107175.168749,30.909
1770107175.204461,12594,256,1770107175.173583,30.879
1770107175.205030,12595,256,1770107175.174304,30.726
1770107175.207415,12596,256,1770107175.176607,30.808
1770107175.211229,12599,256,1770107175.180412,30.817
1770107175.212267,12600,256,1770107175.181516,30.751
1770107175.213205,12601,256,1770107175.182422,30.783
1770107175.213558,12602,256,1770107175.182803,30.756
1770107175.214979,12603,256,1770107175.184174,30.805
1770107175.216413,12606,256,1770107175.185576,30.837
1770107175.218431,12607,256,1770107175.187676,30.755
1770107175.220762,12608,256,1770107175.189919,30.843
1770107175.224639,12610,256,1770107175.193842,30.797
1770107175.226073,12611,256,1770107175.195290,30.783
1770107175.226351,12612,256,1770107175.195321,31.030
1770107175.226660,12613,256,1770107175.195710,30.950
1770107175.227995,12614,256,1770107175.197216,30.779
1770107175.229565,12615,256,1770107175.198816,30.749
1770107175.230970,12617,256,1770107175.200219,30.750
1770107175.231878,12618,256,1770107175.201112,30.766
1770107175.232997,12619,256,1770107175.202238,30.759
1770107175.234063,12620,256,1770107175.203326,30.737
1770107175.236151,12621,256,1770107175.205204,30.946
1770107175.237629,12622,256,1770107175.206381,31.249
1770107175.238418,12624,256,1770107175.207352,31.066
1770107175.238702,12625,256,1770107175.207923,30.779
1770107175.239004,12626,256,1770107175.207975,31.029
1770107175.240026,12627,256,1770107175.209222,30.804
1770107175.240641,12628,256,1770107175.209588,31.053
1770107175.240924,12629,256,1770107175.210032,30.893
1770107175.246886,12631,256,1770107175.216020,30.867
1770107175.247973,12632,256,1770107175.217053,30.920
1770107175.249016,12633,256,1770107175.218209,30.807
1770107175.251635,12636,256,1770107175.220834,30.801
1770107175.252341,12637,256,1770107175.221524,30.817
1770107175.255589,12639,256,1770107175.224801,30.788
1770107175.255878,12640,256,1770107175.225121,30.758
1770107175.258507,12641,256,1770107175.227228,31.279
1770107175.258782,12642,256,1770107175.227576,31.205
1770107175.259795,12644,256,1770107175.229057,30.738
1770107175.260170,12645,256,1770107175.229444,30.726
1770107175.260961,12646,256,1770107175.230218,30.743
1770107175.262081,12647,256,1770107175.231346,30.735
1770107175.262379,12648,256,1770107175.231400,30.979
1770107175.263027,12649,256,1770107175.232262,30.765
1770107175.267330,12651,256,1770107175.236451,30.879
1770107175.269854,12652,256,1770107175.239005,30.848
1770107175.272658,12654,256,1770107175.241664,30.994
1770107175.273553,12655,256,1770107175.242416,31.137
1770107175.274748,12657,256,1770107175.243977,30.771
1770107175.275497,12658,256,1770107175.244756,30.740
1770107175.278200,12659,256,1770107175.247341,30.859
1770107175.278460,12660,256,1770107175.247481,30.978
1770107175.279784,12661,256,1770107175.248988,30.795
1770107175.280797,12662,256,1770107175.249791,31.007
1770107175.281470,12663,256,1770107175.250726,30.743
1770107175.282426,12664,256,1770107175.251679,30.746
1770107175.282769,12665,256,1770107175.252038,30.731
1770107175.287446,12669,256,1770107175.256608,30.838
1770107175.291463,12670,256,1770107175.260652,30.811
1770107175.292991,12671,256,1770107175.262162,30.829
1770107175.293240,12672,256,1770107175.262271,30.968
1770107175.293550,12673,256,1770107175.262464,31.086
1770107175.295177,12675,256,1770107175.264001,31.176
1770107175.295441,12676,256,1770107175.264584,30.857
1770107175.296345,12677,256,1770107175.265312,31.033
1770107175.297657,12678,256,1770107175.266823,30.834
1770107175.298634,12679,256,1770107175.267902,30.732
1770107175.301499,12680,256,1770107175.270617,30.882
1770107175.303245,12681,256,1770107175.272378,30.866
1770107175.303516,12682,256,1770107175.272699,30.817
1770107175.304050,12683,256,1770107175.273266,30.784
1770107175.307379,12685,256,1770107175.276337,31.041
1770107175.307761,12686,256,1770107175.276993,30.767
1770107175.310008,12687,256,1770107175.279109,30.899
1770107175.312344,12689,256,1770107175.281227,31.116
1770107175.316753,12692,256,1770107175.285793,30.960
1770107175.317204,12693,256,1770107175.286457,30.747
1770107175.319236,12694,256,1770107175.288446,30.790
1770107175.326691,12697,256,1770107175.295496,31.196
1770107175.327056,12698,256,1770107175.296234,30.823
1770107175.328439,12699,256,1770107175.297596,30.843
1770107175.329405,12700,256,1770107175.298587,30.818
1770107175.329680,12701,256,1770107175.298858,30.822
1770107175.330467,12702,256,1770107175.299656,30.812
1770107175.333156,12704,256,1770107175.302209,30.947
1770107175.335485,12705,256,1770107175.304623,30.861
1770107175.337957,12707,256,1770107175.307036,30.921
1770107175.345109,12710,256,1770107175.314047,31.063
1770107175.348093,12711,256,1770107175.317269,30.824
1770107175.350125,12712,256,1770107175.319078,31.048
1770107175.352900,12716,256,1770107175.322024,30.876
1770107175.353798,12717,256,1770107175.322897,30.901
1770107175.354135,12718,256,1770107175.323332,30.804
1770107175.356429,12719,256,1770107175.325337,31.092
1770107175.357798,12720,256,1770107175.326751,31.047
1770107175.358139,12721,256,1770107175.327243,30.897
1770107175.358468,12722,256,1770107175.327414,31.054
1770107175.358793,12723,256,1770107175.327689,31.104
1770107175.359361,12724,256,1770107175.328522,30.839
1770107175.361024,12725,256,1770107175.330053,30.971
1770107175.361276,12726,256,1770107175.330285,30.991
1770107175.361562,12727,256,1770107175.330365,31.197
1770107175.362974,12728,256,1770107175.331949,31.025
1770107175.365647,12729,256,1770107175.334520,31.127
1770107175.368018,12731,256,1770107175.337111,30.906
1770107175.368136,12732,256,1770107175.337270,30.866
1770107175.370737,12733,256,1770107175.339902,30.835
1770107175.370996,12734,256,1770107175.340038,30.958
1770107175.371283,12735,256,1770107175.340087,31.196
1770107175.372474,12736,256,1770107175.341667,30.807
1770107175.372832,12737,256,1770107175.342085,30.747
1770107175.373123,12738,256,1770107175.342284,30.840
1770107175.374773,12739,256,1770107175.343956,30.817
1770107175.375650,12740,256,1770107175.344874,30.776
1770107175.375930,12741,256,1770107175.344955,30.975
1770107175.379276,12742,256,1770107175.348036,31.240
1770107175.380289,12743,256,1770107175.349450,30.839
1770107175.380748,12744,256,1770107175.349988,30.760
1770107175.382346,12746,256,1770107175.351500,30.846
1770107175.383355,12748,256,1770107175.352506,30.849
1770107175.385049,12749,256,1770107175.354226,30.823
1770107175.398245,12753,256,1770107175.367201,31.044
1770107175.399740,12754,256,1770107175.368998,30.743
1770107175.400808,12755,256,1770107175.370064,30.743
1770107175.402149,12756,256,1770107175.371350,30.799
1770107175.402584,12757,256,1770107175.371832,30.752
1770107175.402862,12758,256,1770107175.372103,30.758
1770107175.406769,12760,256,1770107175.375941,30.828
1770107175.407039,12761,256,1770107175.376106,30.933
1770107175.407979,12763,256,1770107175.377166,30.813
1770107175.410268,12764,256,1770107175.379435,30.833
1770107175.410973,12765,256,1770107175.380237,30.736
1770107175.413235,12766,256,1770107175.382448,30.787
1770107175.415312,12767,256,1770107175.384450,30.863
1770107175.418617,12768,256,1770107175.387793,30.824
1770107175.418872,12769,256,1770107175.388098,30.774
1770107175.419619,12770,256,1770107175.388757,30.862
1770107175.419941,12771,256,1770107175.389155,30.786
1770107175.420895,12773,256,1770107175.389962,30.933
1770107175.426301,12775,256,1770107175.395382,30.919
1770107175.426429,12776,256,1770107175.395456,30.973
1770107175.428605,12777,256,1770107175.397742,30.863
1770107175.431633,12778,256,1770107175.400681,30.952
1770107175.432093,12779,256,1770107175.400997,31.095
1770107175.434470,12781,256,1770107175.403477,30.993
1770107175.434686,12782,256,1770107175.403923,30.763
1770107175.435260,12783,256,1770107175.404490,30.769
1770107175.435526,12784,256,1770107175.404657,30.869
1770107175.439792,12785,256,1770107175.408950,30.843
1770107175.440701,12786,256,1770107175.409917,30.784
1770107175.442070,12787,256,1770107175.411306,30.764
1770107175.445315,12789,256,1770107175.414288,31.027
1770107175.445846,12790,256,1770107175.415095,30.751
1770107175.446638,12792,256,1770107175.415855,30.783
1770107175.447154,12793,256,1770107175.416414,30.740
1770107175.448369,12794,256,1770107175.417606,30.763
1770107175.449269,12795,256,1770107175.418452,30.817
1770107175.449507,12796,256,1770107175.418555,30.952
1770107175.449804,12797,256,1770107175.418718,31.086
1770107175.450779,12799,256,1770107175.420023,30.756
1770107175.452161,12800,256,1770107175.421389,30.772
1770107175.454860,12801,256,1770107175.424060,30.800
1770107175.456395,12802,256,1770107175.425531,30.864
1770107175.456952,12803,256,1770107175.425733,31.219
1770107175.457242,12804,256,1770107175.426117,31.124
1770107175.461256,12806,256,1770107175.430153,31.103
1770107175.465231,12810,256,1770107175.434336,30.895
1770107175.465479,12811,256,1770107175.434525,30.954
1770107175.465755,12812,256,1770107175.434808,30.946
1770107175.467590,12813,256,1770107175.436749,30.842
1770107175.467858,12814,256,1770107175.436918,30.940
1770107175.469692,12815,256,1770107175.438836,30.856
1770107175.474575,12817,256,1770107175.443603,30.972
1770107175.481100,12819,256,1770107175.450248,30.852
1770107175.481324,12820,256,1770107175.450279,31.044
1770107175.482451,12821,256,1770107175.451549,30.903
1770107175.482660,12822,256,1770107175.451681,30.978
1770107175.482949,12823,256,1770107175.451737,31.213
1770107175.486586,12825,256,1770107175.455735,30.851
1770107175.487122,12826,256,1770107175.455863,31.259
1770107175.487412,12827,256,1770107175.456102,31.311
1770107175.487709,12828,256,1770107175.456422,31.286
1770107175.488006,12829,256,1770107175.456730,31.276
1770107175.489428,12831,256,1770107175.458286,31.142
1770107175.489638,12832,256,1770107175.458708,30.930
1770107175.491867,12833,256,1770107175.460839,31.028
1770107175.498264,12835,256,1770107175.467304,30.960
1770107175.498444,12836,256,1770107175.467487,30.957
1770107175.498733,12837,256,1770107175.467555,31.178
1770107175.499373,12838,256,1770107175.468547,30.826
1770107175.500856,12839,256,1770107175.470038,30.818
1770107175.508325,12843,256,1770107175.477164,31.161
1770107175.510384,12844,256,1770107175.479421,30.963
1770107175.510956,12845,256,1770107175.480084,30.872
1770107175.511248,12846,256,1770107175.480314,30.934
1770107175.513664,12847,256,1770107175.482628,31.036
1770107175.514216,12848,256,1770107175.482844,31.372
1770107175.514502,12849,256,1770107175.483068,31.434
1770107175.523483,12850,256,1770107175.492510,30.973
1770107175.524021,12851,256,1770107175.493216,30.805
1770107175.525542,12853,256,1770107175.494736,30.806
1770107175.529376,12855,256,1770107175.498335,31.041
1770107175.529517,12856,256,1770107175.498395,31.121
1770107175.530269,12857,256,1770107175.499454,30.815
1770107175.531688,12858,256,1770107175.500880,30.808
1770107175.531976,12859,256,1770107175.501081,30.896
1770107175.535662,12861,256,1770107175.504512,31.150
1770107175.537138,12862,256,1770107175.506227,30.911
1770107175.537461,12863,256,1770107175.506525,30.935
1770107175.537814,12864,256,1770107175.507047,30.767
1770107175.539378,12865,256,1770107175.508000,31.379
1770107175.540057,12866,256,1770107175.509183,30.874
1770107175.540311,12867,256,1770107175.509484,30.827
1770107175.540610,12868,256,1770107175.509568,31.042
1770107175.541162,12869,256,1770107175.510332,30.830
1770107175.544302,12870,256,1770107175.513272,31.029
1770107175.544582,12871,256,1770107175.513448,31.134
1770107175.546078,12873,256,1770107175.515315,30.763
1770107175.546433,12874,256,1770107175.515703,30.730
1770107175.549634,12875,256,1770107175.518803,30.832
1770107175.550241,12876,256,1770107175.519206,31.034
1770107175.551121,12877,256,1770107175.520072,31.049
1770107175.551882,12878,256,1770107175.521132,30.750
1770107175.553118,12879,256,1770107175.522326,30.792
1770107175.553721,12880,256,1770107175.522510,31.212
1770107175.554016,12881,256,1770107175.522578,31.438
1770107175.555635,12882,256,1770107175.524854,30.782
1770107175.555921,12883,256,1770107175.524926,30.995
1770107175.556594,12884,256,1770107175.525860,30.734
1770107175.557593,12885,256,1770107175.526861,30.731
1770107175.558131,12886,256,1770107175.527348,30.782
1770107175.561620,12887,256,1770107175.530575,31.045
1770107175.562570,12888,256,1770107175.531764,30.805
1770107175.564087,12889,256,1770107175.533310,30.777
1770107175.564655,12890,256,1770107175.533869,30.786
1770107175.566028,12891,256,1770107175.535274,30.755
1770107175.567141,12892,256,1770107175.536417,30.724
1770107175.567889,12893,256,1770107175.537122,30.767
1770107175.573919,12895,256,1770107175.542306,31.612
1770107175.574307,12897,256,1770107175.543483,30.824
1770107175.574607,12898,256,1770107175.543585,31.023
1770107175.575672,12899,256,1770107175.544733,30.939
1770107175.576284,12900,256,1770107175.545161,31.122
1770107175.577034,12901,256,1770107175.546181,30.853
1770107175.577584,12902,256,1770107175.546816,30.768
1770107175.578712,12903,256,1770107175.547912,30.800
1770107175.580653,12904,256,1770107175.549714,30.939
1770107175.581853,12905,256,1770107175.551000,30.853
1770107175.582663,12906,256,1770107175.551781,30.881
1770107175.583129,12907,256,1770107175.552361,30.767
1770107175.586000,12908,256,1770107175.555203,30.797
1770107175.587325,12909,256,1770107175.556509,30.816
1770107175.587614,12910,256,1770107175.556675,30.939
1770107175.589856,12911,256,1770107175.558947,30.909
1770107175.591134,12913,256,1770107175.560243,30.892
1770107175.591468,12914,256,1770107175.560718,30.749
1770107175.592065,12915,256,1770107175.560856,31.209
1770107175.592368,12916,256,1770107175.560933,31.435
1770107175.593834,12918,256,1770107175.563056,30.778
1770107175.594124,12919,256,1770107175.563403,30.721
1770107175.595745,12920,256,1770107175.564964,30.780
1770107175.596605,12921,256,1770107175.565862,30.743
1770107175.600204,12922,256,1770107175.569423,30.781
1770107175.602612,12923,256,1770107175.571543,31.069
1770107175.603315,12924,256,1770107175.572388,30.927
1770107175.606366,12925,256,1770107175.575350,31.017
1770107175.609340,12929,256,1770107175.578389,30.951
1770107175.611553,12930,256,1770107175.580559,30.994
1770107175.613241,12932,256,1770107175.582304,30.937
1770107175.614507,12933,256,1770107175.583611,30.896
1770107175.619711,12934,256,1770107175.588727,30.984
1770107175.620070,12935,256,1770107175.589133,30.937
1770107175.624276,12937,256,1770107175.593310,30.967
1770107175.625434,12938,256,1770107175.594486,30.949
1770107175.626314,12941,256,1770107175.595339,30.976
1770107175.627116,12942,256,1770107175.595961,31.155
1770107175.627598,12943,256,1770107175.596843,30.755
1770107175.628232,12944,256,1770107175.597298,30.934
1770107175.628677,12945,256,1770107175.597911,30.767
1770107175.630478,12946,256,1770107175.599565,30.914
1770107175.630772,12947,256,1770107175.599636,31.136
1770107175.632699,12948,256,1770107175.601879,30.821
1770107175.634795,12949,256,1770107175.603964,30.831
1770107175.635250,12950,256,1770107175.604495,30.755
1770107175.635544,12951,256,1770107175.604594,30.950
1770107175.638556,12952,256,1770107175.607646,30.910
1770107175.638826,12953,256,1770107175.607781,31.045
1770107175.640124,12954,256,1770107175.609118,31.006
1770107175.640435,12955,256,1770107175.609658,30.777
1770107175.641562,12956,256,1770107175.610814,30.748
1770107175.642665,12957,256,1770107175.611715,30.950
1770107175.643809,12958,256,1770107175.612904,30.905
1770107175.644279,12959,256,1770107175.613117,31.162
1770107175.645292,12960,256,1770107175.614522,30.770
1770107175.645573,12961,256,1770107175.614588,30.984
1770107175.649660,12962,256,1770107175.618744,30.916
1770107175.651575,12963,256,1770107175.620751,30.824
1770107175.651836,12964,256,1770107175.620986,30.850
1770107175.652147,12965,256,1770107175.621408,30.740
1770107175.652444,12966,256,1770107175.621479,30.965
1770107175.653705,12967,256,1770107175.622872,30.833
1770107175.654420,12968,256,1770107175.623657,30.763
1770107175.654945,12969,256,1770107175.624167,30.778
1770107175.656844,12971,256,1770107175.626060,30.785
1770107175.658002,12972,256,1770107175.626990,31.012
1770107175.661284,12974,256,1770107175.630523,30.761
1770107175.661564,12975,256,1770107175.630596,30.968
1770107175.667257,12978,256,1770107175.636286,30.971
1770107175.668411,12979,256,1770107175.637642,30.769
1770107175.669858,12981,256,1770107175.638983,30.874
1770107175.670743,12982,256,1770107175.639891,30.852
1770107175.671001,12983,256,1770107175.640096,30.905
1770107175.671307,12984,256,1770107175.640157,31.150
1770107175.672220,12985,256,1770107175.641446,30.774
1770107175.675161,12987,256,1770107175.644124,31.036
1770107175.675862,12988,256,1770107175.645103,30.759
1770107175.678133,12989,256,1770107175.647174,30.959
1770107175.678372,12990,256,1770107175.647443,30.929
1770107175.678668,12991,256,1770107175.647683,30.985
1770107175.680794,12993,256,1770107175.649925,30.868
1770107175.683800,12994,256,1770107175.653050,30.750
1770107175.684091,12995,256,1770107175.653282,30.809
1770107175.684832,12996,256,1770107175.654092,30.740
1770107175.685196,12997,256,1770107175.654465,30.730
1770107175.688898,12999,256,1770107175.658075,30.823
1770107175.689236,13000,256,1770107175.658240,30.997
1770107175.689529,13001,256,1770107175.658375,31.154
1770107175.690025,13002,256,1770107175.659209,30.816
1770107175.690929,13004,256,1770107175.660122,30.807
1770107175.692492,13005,256,1770107175.661651,30.841
1770107175.692756,13006,256,1770107175.661967,30.789
1770107175.693235,13007,256,1770107175.662397,30.839
1770107175.697148,13008,256,1770107175.666340,30.808
1770107175.699243,13009,256,1770107175.668404,30.839
1770107175.700899,13011,256,1770107175.670131,30.768
1770107175.702816,13013,256,1770107175.671831,30.984
1770107175.703764,13014,256,1770107175.672980,30.784
1770107175.704062,13015,256,1770107175.673122,30.940
1770107175.707358,13016,256,1770107175.676436,30.921
1770107175.708430,13017,256,1770107175.677635,30.795
1770107175.709303,13018,256,1770107175.678536,30.766
1770107175.714879,13020,256,1770107175.683826,31.054
1770107175.717443,13022,256,1770107175.686589,30.854
1770107175.719841,13023,256,1770107175.688976,30.865
1770107175.724361,13025,256,1770107175.693356,31.006
1770107175.727601,13028,256,1770107175.696643,30.959
1770107175.733364,13030,256,1770107175.702433,30.931
1770107175.734405,13031,256,1770107175.703582,30.823
1770107175.736152,13032,256,1770107175.705184,30.969
1770107175.738282,13034,256,1770107175.707437,30.845
1770107175.741020,13037,256,1770107175.710207,30.813
1770107175.744979,13040,256,1770107175.714053,30.926
1770107175.746283,13041,256,1770107175.715324,30.959
1770107175.747953,13042,256,1770107175.717049,30.904
1770107175.748481,13043,256,1770107175.717646,30.835
1770107175.748786,13044,256,1770107175.717753,31.033
1770107175.751236,13046,256,1770107175.720350,30.886
1770107175.752429,13047,256,1770107175.721535,30.894
1770107175.754359,13048,256,1770107175.723447,30.912
1770107175.755271,13049,256,1770107175.724145,31.125
1770107175.756247,13050,256,1770107175.725071,31.176
1770107175.756441,13051,256,1770107175.725333,31.108
1770107175.756718,13052,256,1770107175.725704,31.014
1770107175.757860,13053,256,1770107175.727073,30.787
1770107175.758200,13054,256,1770107175.727288,30.912
1770107175.759523,13056,256,1770107175.728677,30.846
1770107175.760119,13057,256,1770107175.729352,30.766
1770107175.761006,13058,256,1770107175.729559,31.447
1770107175.761907,13059,256,1770107175.731104,30.803
1770107175.763743,13060,256,1770107175.732960,30.783
1770107175.767493,13061,256,1770107175.736741,30.752
1770107175.769914,13062,256,1770107175.739089,30.825
1770107175.770320,13063,256,1770107175.739570,30.750
1770107175.770607,13064,256,1770107175.739841,30.765
1770107175.770904,13065,256,1770107175.740164,30.740
1770107175.774387,13066,256,1770107175.743294,31.092
1770107175.775318,13067,256,1770107175.744447,30.871
1770107175.776067,13068,256,1770107175.745278,30.789
1770107175.778289,13069,256,1770107175.747429,30.860
1770107175.779973,13071,256,1770107175.748967,31.006
1770107175.780221,13072,256,1770107175.749201,31.020
1770107175.780470,13073,256,1770107175.749595,30.876
1770107175.780775,13074,256,1770107175.749761,31.014
1770107175.781178,13075,256,1770107175.750287,30.891
1770107175.781805,13076,256,1770107175.751025,30.780
1770107175.782815,13077,256,1770107175.751983,30.832
1770107175.786668,13079,256,1770107175.755858,30.811
1770107175.788311,13081,256,1770107175.757507,30.803
1770107175.789153,13082,256,1770107175.758343,30.810
1770107175.793144,13083,256,1770107175.762258,30.887
1770107175.793715,13084,256,1770107175.762859,30.855
1770107175.797250,13085,256,1770107175.766378,30.872
1770107175.797998,13086,256,1770107175.767241,30.756
1770107175.798851,13087,256,1770107175.768111,30.741
1770107175.800272,13088,256,1770107175.769542,30.730
1770107175.800566,13089,256,1770107175.769819,30.747
1770107175.801267,13090,256,1770107175.770544,30.723
1770107175.805023,13093,256,1770107175.774238,30.785
1770107175.806465,13094,256,1770107175.775705,30.760
1770107175.810965,13095,256,1770107175.780113,30.852
1770107175.812308,13096,256,1770107175.781518,30.791
1770107175.814236,13097,256,1770107175.783474,30.762
1770107175.818224,13098,256,1770107175.787427,30.797
1770107175.818753,13099,256,1770107175.787985,30.767
1770107175.819036,13100,256,1770107175.788244,30.792
1770107175.820425,13101,256,1770107175.789630,30.794
1770107175.820709,13102,256,1770107175.789853,30.856
1770107175.824464,13104,256,1770107175.793267,31.197
1770107175.825262,13105,256,1770107175.794484,30.778
1770107175.826132,13107,256,1770107175.795376,30.756
1770107175.826399,13108,256,1770107175.795438,30.962
1770107175.829608,13110,256,1770107175.798854,30.754
1770107175.830219,13111,256,1770107175.799198,31.021
1770107175.830498,13112,256,1770107175.799754,30.744
1770107175.831128,13113,256,1770107175.800201,30.927
1770107175.833103,13115,256,1770107175.802256,30.847
1770107175.834012,13116,256,1770107175.803024,30.988
1770107175.834606,13117,256,1770107175.803363,31.243
1770107175.834913,13118,256,1770107175.803472,31.441
1770107175.835214,13119,256,1770107175.803853,31.362
1770107175.836335,13120,256,1770107175.805527,30.808
1770107175.836576,13121,256,1770107175.805762,30.815
1770107175.837166,13122,256,1770107175.806433,30.733
1770107175.838312,13123,256,1770107175.807478,30.834
1770107175.839437,13124,256,1770107175.808386,31.051
1770107175.840337,13125,256,1770107175.808461,31.875
1770107175.840604,13126,256,1770107175.809260,31.344
1770107175.842121,13127,256,1770107175.811306,30.815
1770107175.842715,13128,256,1770107175.811856,30.859
1770107175.844504,13129,256,1770107175.813690,30.815
1770107175.847551,13130,256,1770107175.816482,31.070
1770107175.850787,13132,256,1770107175.820029,30.759
1770107175.852320,13133,256,1770107175.821152,31.169
1770107175.856982,13134,256,1770107175.826050,30.932
1770107175.857830,13135,256,1770107175.827003,30.826
1770107175.858162,13136,256,1770107175.827031,31.130
1770107175.859062,13137,256,1770107175.828230,30.832
1770107175.861205,13138,256,1770107175.830377,30.828
1770107175.863677,13139,256,1770107175.832626,31.051
1770107175.863991,13140,256,1770107175.832803,31.188
1770107175.865945,13141,256,1770107175.834852,31.092
1770107175.869315,13142,256,1770107175.838473,30.843
1770107175.870230,13144,256,1770107175.839434,30.796
1770107175.871392,13146,256,1770107175.840483,30.909
1770107175.871676,13147,256,1770107175.840862,30.814
1770107175.873680,13148,256,1770107175.842652,31.028
1770107175.875472,13149,256,1770107175.844562,30.910
1770107175.877491,13150,256,1770107175.846570,30.921
1770107175.878048,13151,256,1770107175.847132,30.917
1770107175.879748,13152,256,1770107175.848773,30.975
1770107175.880757,13153,256,1770107175.849768,30.990
1770107175.881044,13154,256,1770107175.850098,30.946
1770107175.881342,13155,256,1770107175.850206,31.136
1770107175.881792,13156,256,1770107175.851050,30.742
1770107175.882116,13157,256,1770107175.851194,30.921
1770107175.882693,13158,256,1770107175.851848,30.845
1770107175.883101,13159,256,1770107175.852359,30.742
1770107175.884933,13160,256,1770107175.854088,30.844
1770107175.885801,13161,256,1770107175.854962,30.839
1770107175.887520,13162,256,1770107175.856488,31.032
1770107175.891183,13164,256,1770107175.860115,31.068
1770107175.895619,13167,256,1770107175.864667,30.952
1770107175.898151,13168,256,1770107175.867334,30.817
1770107175.901752,13169,256,1770107175.870904,30.848
1770107175.902043,13170,256,1770107175.871180,30.863
1770107175.902801,13171,256,1770107175.871947,30.853
1770107175.903174,13172,256,1770107175.872419,30.755
1770107175.905614,13173,256,1770107175.874764,30.850
1770107175.907551,13174,256,1770107175.876712,30.840
1770107175.908707,13175,256,1770107175.877810,30.897
1770107175.908987,13176,256,1770107175.878170,30.817
1770107175.909287,13177,256,1770107175.878393,30.895
1770107175.909578,13178,256,1770107175.878774,30.804
1770107175.910451,13180,256,1770107175.879585,30.867
1770107175.911811,13181,256,1770107175.880783,31.028
1770107175.914205,13182,256,1770107175.883289,30.915
1770107175.918633,13184,256,1770107175.887729,30.904
1770107175.921270,13188,256,1770107175.890443,30.827
1770107175.924697,13189,256,1770107175.893766,30.931
1770107175.928782,13191,256,1770107175.897929,30.852
1770107175.930696,13192,256,1770107175.899775,30.920
1770107175.931600,13193,256,1770107175.900758,30.842
1770107175.931961,13194,256,1770107175.901228,30.733
1770107175.933603,13195,256,1770107175.902833,30.769
1770107175.934368,13196,256,1770107175.903610,30.757
1770107175.935243,13197,256,1770107175.904425,30.818
1770107175.938472,13198,256,1770107175.907522,30.950
1770107175.944333,13199,256,1770107175.913374,30.959
1770107175.945600,13200,256,1770107175.914817,30.783
1770107175.945944,13201,256,1770107175.915173,30.771
1770107175.946235,13202,256,1770107175.915393,30.842
1770107175.947246,13203,256,1770107175.916471,30.775
1770107175.948089,13204,256,1770107175.917088,31.001
1770107175.950704,13205,256,1770107175.919825,30.879
1770107175.954443,13206,256,1770107175.923425,31.019
1770107175.955009,13207,256,1770107175.924182,30.828
1770107175.962153,13209,256,1770107175.931336,30.818
1770107175.963244,13211,256,1770107175.932280,30.964
1770107175.963597,13212,256,1770107175.932349,31.248
1770107175.964586,13213,256,1770107175.933764,30.822
1770107175.966274,13215,256,1770107175.935490,30.784
1770107175.966835,13216,256,1770107175.935741,31.094
1770107175.967170,13217,256,1770107175.935808,31.362
1770107175.967729,13218,256,1770107175.936162,31.568
1770107175.971183,13219,256,1770107175.940302,30.882
1770107175.971436,13220,256,1770107175.940500,30.937
1770107175.971848,13221,256,1770107175.941061,30.787
1770107175.972462,13222,256,1770107175.941152,31.310
1770107175.972739,13223,256,1770107175.941509,31.230
1770107175.975617,13224,256,1770107175.944691,30.926
1770107175.979751,13225,256,1770107175.948679,31.073
1770107175.980534,13226,256,1770107175.949655,30.879
1770107175.980888,13227,256,1770107175.950077,30.811
1770107175.981324,13228,256,1770107175.950540,30.784
1770107175.981606,13229,256,1770107175.950602,31.004
1770107175.982500,13230,256,1770107175.951694,30.806
1770107175.982764,13231,256,1770107175.951765,30.999
1770107175.984535,13232,256,1770107175.953737,30.798
1770107175.986362,13234,256,1770107175.955391,30.971
1770107175.987736,13235,256,1770107175.956849,30.886
1770107175.988864,13236,256,1770107175.957825,31.039
1770107175.989218,13237,256,1770107175.958403,30.816
1770107175.990959,13238,256,1770107175.959780,31.179
1770107175.994215,13240,256,1770107175.963329,30.886
1770107175.996464,13241,256,1770107175.965563,30.900
1770107175.999040,13243,256,1770107175.968212,30.828
1770107176.001149,13245,256,1770107175.970325,30.824
1770107176.001431,13246,256,1770107175.970458,30.973
1770107176.001742,13247,256,1770107175.970959,30.783
1770107176.006402,13248,256,1770107175.975476,30.926
1770107176.006644,13249,256,1770107175.975768,30.876
1770107176.007263,13251,256,1770107175.976402,30.861
1770107176.007787,13252,256,1770107175.976887,30.899
1770107176.008313,13253,256,1770107175.977442,30.871
1770107176.010339,13254,256,1770107175.979410,30.930
1770107176.010617,13255,256,1770107175.979691,30.926
1770107176.011025,13257,256,1770107175.980137,30.889
1770107176.011485,13258,256,1770107175.980728,30.757
1770107176.013352,13259,256,1770107175.982460,30.892
1770107176.013612,13260,256,1770107175.982642,30.970
1770107176.014780,13261,256,1770107175.983787,30.993
1770107176.015560,13262,256,1770107175.984420,31.140
1770107176.015834,13263,256,1770107175.984531,31.303
1770107176.017213,13265,256,1770107175.986217,30.996
1770107176.018039,13266,256,1770107175.986893,31.146
1770107176.020590,13268,256,1770107175.989665,30.925
1770107176.021425,13269,256,1770107175.990511,30.915
1770107176.022561,13270,256,1770107175.991513,31.048
1770107176.023152,13272,256,1770107175.992357,30.795
1770107176.023443,13273,256,1770107175.992438,31.005
1770107176.023709,13274,256,1770107175.992497,31.211
1770107176.024616,13275,256,1770107175.993673,30.942
1770107176.025241,13276,256,1770107175.993840,31.401
1770107176.026356,13277,256,1770107175.995466,30.890
1770107176.027807,13278,256,1770107175.996971,30.837
1770107176.030887,13279,256,1770107176.000067,30.820
1770107176.031490,13280,256,1770107176.000635,30.855
1770107176.032379,13281,256,1770107176.001501,30.878
1770107176.034597,13282,256,1770107176.003618,30.980
1770107176.034849,13283,256,1770107176.003949,30.900
1770107176.035144,13284,256,1770107176.004369,30.775
1770107176.035513,13285,256,1770107176.004521,30.992
1770107176.035737,13286,256,1770107176.004960,30.777
1770107176.036484,13287,256,1770107176.005692,30.792
1770107176.038388,13288,256,1770107176.007543,30.845
1770107176.041158,13289,256,1770107176.010056,31.102
1770107176.041669,13290,256,1770107176.010232,31.437
1770107176.046112,13293,256,1770107176.015275,30.838
1770107176.048038,13295,256,1770107176.017174,30.865
1770107176.048570,13296,256,1770107176.017750,30.820
1770107176.049551,13297,256,1770107176.018388,31.162
1770107176.049942,13298,256,1770107176.019090,30.852
1770107176.051224,13299,256,1770107176.020273,30.951
1770107176.054233,13302,256,1770107176.022895,31.339
1770107176.054514,13303,256,1770107176.023035,31.480
1770107176.054927,13304,256,1770107176.024045,30.882
1770107176.060263,13305,256,1770107176.029283,30.980
1770107176.060517,13306,256,1770107176.029468,31.048
1770107176.061012,13307,256,1770107176.030079,30.933
1770107176.061344,13308,256,1770107176.030290,31.054
1770107176.061782,13309,256,1770107176.030969,30.812
1770107176.064061,13310,256,1770107176.033278,30.783
1770107176.065180,13311,256,1770107176.033975,31.205
1770107176.066061,13313,256,1770107176.035223,30.838
1770107176.069452,13314,256,1770107176.038605,30.847
1770107176.069690,13315,256,1770107176.038720,30.970
1770107176.071918,13316,256,1770107176.040933,30.985
1770107176.076402,13317,256,1770107176.045485,30.917
1770107176.077621,13318,256,1770107176.046805,30.816
1770107176.078560,13319,256,1770107176.047755,30.806
1770107176.079488,13320,256,1770107176.048717,30.771
1770107176.085164,13321,256,1770107176.054292,30.871
1770107176.086093,13323,256,1770107176.055296,30.797
1770107176.087409,13324,256,1770107176.056584,30.825
1770107176.088294,13325,256,1770107176.057274,31.020
1770107176.089447,13326,256,1770107176.058635,30.813
1770107176.092566,13327,256,1770107176.061683,30.883
1770107176.094548,13328,256,1770107176.063288,31.260
1770107176.094802,13329,256,1770107176.063508,31.294
1770107176.095563,13330,256,1770107176.064811,30.753
1770107176.098610,13332,256,1770107176.067854,30.756
1770107176.099603,13333,256,1770107176.068837,30.766
1770107176.099882,13334,256,1770107176.069022,30.860
1770107176.102324,13335,256,1770107176.071057,31.267
1770107176.104892,13337,256,1770107176.073938,30.954
1770107176.106151,13338,256,1770107176.075257,30.895
1770107176.107083,13339,256,1770107176.076298,30.786
1770107176.112137,13340,256,1770107176.081299,30.839
1770107176.121284,13342,256,1770107176.089864,31.420
1770107176.121403,13343,256,1770107176.090412,30.990
1770107176.123705,13346,256,1770107176.092810,30.895
1770107176.123914,13347,256,1770107176.092915,30.999
1770107176.128025,13348,256,1770107176.097138,30.888
1770107176.128685,13350,256,1770107176.097855,30.830
1770107176.131317,13351,256,1770107176.100402,30.915
1770107176.134439,13352,256,1770107176.103267,31.171
1770107176.135111,13353,256,1770107176.104234,30.876
1770107176.139837,13355,256,1770107176.108731,31.106
1770107176.141858,13357,256,1770107176.111109,30.749
1770107176.143508,13358,256,1770107176.112621,30.887
1770107176.144564,13359,256,1770107176.113640,30.924
1770107176.144764,13360,256,1770107176.113939,30.825
1770107176.149566,13361,256,1770107176.118632,30.934
1770107176.149779,13362,256,1770107176.118805,30.974
1770107176.150066,13363,256,1770107176.119055,31.011
1770107176.151943,13364,256,1770107176.120414,31.529
1770107176.152156,13365,256,1770107176.121107,31.049
1770107176.155163,13367,256,1770107176.124276,30.887
1770107176.155727,13368,256,1770107176.124936,30.791
1770107176.156085,13369,256,1770107176.125011,31.075
1770107176.156829,13370,256,1770107176.126003,30.826
1770107176.160073,13371,256,1770107176.129184,30.888
1770107176.161849,13372,256,1770107176.131095,30.755
1770107176.162136,13373,256,1770107176.131168,30.968
1770107176.162483,13374,256,1770107176.131604,30.879
1770107176.164972,13376,256,1770107176.134130,30.842
1770107176.165184,13377,256,1770107176.134253,30.931
1770107176.165795,13378,256,1770107176.134922,30.873
1770107176.166018,13379,256,1770107176.135007,31.010
1770107176.166306,13380,256,1770107176.135332,30.974
1770107176.169770,13382,256,1770107176.138871,30.900
1770107176.172473,13383,256,1770107176.141635,30.838
1770107176.174519,13385,256,1770107176.143642,30.877
1770107176.175994,13387,256,1770107176.145202,30.792
1770107176.178735,13388,256,1770107176.147897,30.837
1770107176.182577,13390,256,1770107176.151700,30.878
1770107176.190396,13392,256,1770107176.159517,30.879
1770107176.193593,13394,256,1770107176.162772,30.820
1770107176.194906,13395,256,1770107176.164029,30.877
1770107176.195166,13396,256,1770107176.164419,30.746
1770107176.196345,13397,256,1770107176.165355,30.990
1770107176.196606,13398,256,1770107176.165845,30.761
1770107176.201512,13399,256,1770107176.170622,30.890
1770107176.201729,13400,256,1770107176.170787,30.942
1770107176.206798,13401,256,1770107176.175791,31.007
1770107176.207061,13402,256,1770107176.175965,31.096
1770107176.208549,13403,256,1770107176.177699,30.851
1770107176.208805,13404,256,1770107176.177886,30.919
1770107176.209342,13405,256,1770107176.178632,30.710
1770107176.211307,13408,256,1770107176.180440,30.867
1770107176.213359,13409,256,1770107176.182389,30.970
1770107176.213496,13410,256,1770107176.182561,30.935
1770107176.216753,13412,256,1770107176.185914,30.838
1770107176.219413,13413,256,1770107176.188392,31.021
1770107176.220729,13415,256,1770107176.189872,30.856
1770107176.222476,13416,256,1770107176.191665,30.811
1770107176.225184,13417,256,1770107176.194251,30.933
1770107176.231044,13421,256,1770107176.200225,30.819
1770107176.231278,13422,256,1770107176.200286,30.992
1770107176.233324,13425,256,1770107176.202548,30.776
1770107176.235059,13427,256,1770107176.204247,30.813
1770107176.235785,13428,256,1770107176.204997,30.788
1770107176.236373,13429,256,1770107176.205669,30.705
1770107176.238035,13431,256,1770107176.207259,30.776
1770107176.238583,13432,256,1770107176.207825,30.758
1770107176.239616,13433,256,1770107176.208879,30.737
1770107176.241418,13434,256,1770107176.210712,30.706
1770107176.242202,13435,256,1770107176.211453,30.749
1770107176.242495,13436,256,1770107176.211665,30.830
1770107176.242861,13437,256,1770107176.212115,30.746
1770107176.243554,13438,256,1770107176.212746,30.808
1770107176.246107,13439,256,1770107176.215311,30.796
1770107176.249018,13442,256,1770107176.218184,30.834
1770107176.252180,13443,256,1770107176.221251,30.930
1770107176.255157,13444,256,1770107176.224240,30.917
1770107176.255568,13445,256,1770107176.224717,30.851
1770107176.256435,13446,256,1770107176.225684,30.751
1770107176.258412,13448,256,1770107176.227643,30.768
1770107176.260379,13450,256,1770107176.229662,30.717
1770107176.260929,13451,256,1770107176.230197,30.732
1770107176.263322,13452,256,1770107176.232390,30.932
1770107176.264716,13453,256,1770107176.233932,30.784
1770107176.266855,13454,256,1770107176.236061,30.794
1770107176.267979,13455,256,1770107176.236957,31.022
1770107176.268859,13456,256,1770107176.238067,30.792
1770107176.270108,13457,256,1770107176.239327,30.781
1770107176.270424,13458,256,1770107176.239455,30.969
1770107176.271344,13459,256,1770107176.240627,30.717
1770107176.273882,13461,256,1770107176.242609,31.273
1770107176.275047,13462,256,1770107176.244292,30.755
1770107176.276230,13464,256,1770107176.245290,30.940
1770107176.276484,13465,256,1770107176.245326,31.158
1770107176.279104,13466,256,1770107176.248318,30.786
1770107176.281990,13467,256,1770107176.251173,30.817
1770107176.285076,13468,256,1770107176.254279,30.797
1770107176.285297,13469,256,1770107176.254333,30.964
1770107176.286206,13470,256,1770107176.255315,30.891
1770107176.288848,13472,256,1770107176.258022,30.826
1770107176.290519,13473,256,1770107176.259729,30.789
1770107176.292988,13474,256,1770107176.262178,30.810
1770107176.293880,13475,256,1770107176.263078,30.802
1770107176.297122,13476,256,1770107176.266327,30.795
1770107176.305762,13478,256,1770107176.274910,30.852
1770107176.308248,13479,256,1770107176.277264,30.984
1770107176.309726,13481,256,1770107176.279000,30.726
1770107176.310994,13482,256,1770107176.280248,30.746
1770107176.312065,13483,256,1770107176.281303,30.762
1770107176.312328,13484,256,1770107176.281356,30.972
1770107176.312626,13485,256,1770107176.281778,30.848
1770107176.312919,13486,256,1770107176.281807,31.112
1770107176.313216,13487,256,1770107176.282197,31.018
1770107176.314628,13488,256,1770107176.283875,30.754
1770107176.316165,13489,256,1770107176.285412,30.753
1770107176.317310,13490,256,1770107176.286506,30.803
1770107176.317831,13491,256,1770107176.287110,30.721
1770107176.318877,13492,256,1770107176.288143,30.733
1770107176.319174,13493,256,1770107176.288450,30.724
1770107176.319654,13494,256,1770107176.288924,30.730
1770107176.322532,13495,256,1770107176.291643,30.888
1770107176.323685,13497,256,1770107176.292697,30.988
1770107176.327453,13499,256,1770107176.296628,30.825
1770107176.327658,13500,256,1770107176.296659,31.000
1770107176.330487,13501,256,1770107176.299658,30.829
1770107176.330969,13502,256,1770107176.300198,30.771
1770107176.332026,13503,256,1770107176.301247,30.780
1770107176.332370,13504,256,1770107176.301318,31.052
1770107176.333387,13505,256,1770107176.302604,30.782
1770107176.334349,13506,256,1770107176.303540,30.809
1770107176.334638,13507,256,1770107176.303661,30.977
1770107176.334941,13508,256,1770107176.304078,30.863
1770107176.337154,13509,256,1770107176.306195,30.960
1770107176.339331,13510,256,1770107176.308479,30.852
1770107176.340211,13511,256,1770107176.309366,30.845
1770107176.341297,13512,256,1770107176.310483,30.815
1770107176.343593,13513,256,1770107176.312764,30.829
1770107176.344468,13514,256,1770107176.313297,31.171
1770107176.349653,13515,256,1770107176.318747,30.907
1770107176.351367,13516,256,1770107176.320519,30.848
1770107176.351690,13517,256,1770107176.320910,30.781
1770107176.354374,13518,256,1770107176.323531,30.843
1770107176.354658,13519,256,1770107176.323735,30.922
1770107176.357678,13522,256,1770107176.326447,31.231
1770107176.359558,13523,256,1770107176.328715,30.843
1770107176.359876,13524,256,1770107176.329154,30.722
1770107176.360236,13525,256,1770107176.329468,30.768
1770107176.360497,13526,256,1770107176.329499,30.998
1770107176.361662,13527,256,1770107176.330891,30.771
1770107176.363055,13528,256,1770107176.332211,30.844
1770107176.366874,13529,256,1770107176.335931,30.943
1770107176.370151,13530,256,1770107176.339302,30.849
1770107176.370836,13531,256,1770107176.339895,30.941
1770107176.372281,13532,256,1770107176.341522,30.759
1770107176.376338,13534,256,1770107176.345470,30.869
1770107176.378411,13535,256,1770107176.347315,31.096
1770107176.381643,13537,256,1770107176.350680,30.962
1770107176.381808,13538,256,1770107176.350980,30.828
1770107176.382732,13539,256,1770107176.351835,30.898
1770107176.384233,13540,256,1770107176.353270,30.963
1770107176.384831,13541,256,1770107176.353872,30.959
1770107176.388157,13544,256,1770107176.357220,30.937
1770107176.389019,13545,256,1770107176.358172,30.847
1770107176.391409,13546,256,1770107176.360570,30.839
1770107176.394899,13547,256,1770107176.364130,30.770
1770107176.396678,13549,256,1770107176.365695,30.984
1770107176.397250,13550,256,1770107176.365977,31.273
1770107176.397508,13551,256,1770107176.365995,31.513
1770107176.398123,13552,256,1770107176.366838,31.285
1770107176.399028,13553,256,1770107176.367426,31.602
1770107176.399417,13554,256,1770107176.368687,30.730
1770107176.400743,13555,256,1770107176.369864,30.879
1770107176.406508,13559,256,1770107176.375756,30.752
1770107176.407645,13560,256,1770107176.376908,30.737
1770107176.411215,13562,256,1770107176.380478,30.736
1770107176.412313,13563,256,1770107176.381589,30.724
1770107176.414065,13564,256,1770107176.383320,30.745
1770107176.416415,13565,256,1770107176.385417,30.998
1770107176.420332,13566,256,1770107176.389287,31.045
1770107176.422129,13567,256,1770107176.391382,30.747
1770107176.424006,13568,256,1770107176.393156,30.851
1770107176.426090,13569,256,1770107176.395344,30.746
1770107176.426706,13570,256,1770107176.395983,30.723
1770107176.427248,13571,256,1770107176.396520,30.727
1770107176.428649,13572,256,1770107176.397900,30.749
1770107176.430170,13573,256,1770107176.399203,30.967
1770107176.432552,13575,256,1770107176.401809,30.744
1770107176.434791,13577,256,1770107176.404053,30.738
1770107176.439110,13578,256,1770107176.408210,30.900
1770107176.440634,13579,256,1770107176.409832,30.803
1770107176.444184,13582,256,1770107176.413252,30.932
1770107176.444690,13583,256,1770107176.413942,30.748
1770107176.447565,13584,256,1770107176.416741,30.823
1770107176.448151,13585,256,1770107176.417220,30.931
1770107176.448447,13586,256,1770107176.417622,30.825
1770107176.449449,13587,256,1770107176.418712,30.737
1770107176.450144,13588,256,1770107176.419403,30.741
1770107176.450681,13589,256,1770107176.419927,30.755
1770107176.453668,13591,256,1770107176.422903,30.765
1770107176.454285,13592,256,1770107176.423565,30.720
1770107176.454961,13593,256,1770107176.424010,30.952
1770107176.455246,13594,256,1770107176.424064,31.182
1770107176.458326,13595,256,1770107176.427512,30.814
1770107176.458541,13596,256,1770107176.427632,30.909
1770107176.461022,13597,256,1770107176.430226,30.796
1770107176.461732,13599,256,1770107176.430938,30.794
1770107176.462013,13600,256,1770107176.431064,30.949
1770107176.465122,13602,256,1770107176.434391,30.730
1770107176.466238,13603,256,1770107176.435031,31.208
1770107176.466679,13604,256,1770107176.435740,30.938
1770107176.466884,13605,256,1770107176.435786,31.098
1770107176.467170,13606,256,1770107176.436069,31.101
1770107176.467467,13607,256,1770107176.436260,31.207
1770107176.468073,13608,256,1770107176.436867,31.205
1770107176.468410,13609,256,1770107176.437023,31.387
1770107176.469522,13610,256,1770107176.438763,30.759
1770107176.470276,13611,256,1770107176.439499,30.777
1770107176.472673,13613,256,1770107176.441893,30.780
1770107176.473535,13614,256,1770107176.442777,30.758
1770107176.473791,13615,256,1770107176.442882,30.908
1770107176.474079,13616,256,1770107176.443338,30.741
1770107176.477642,13618,256,1770107176.446624,31.018
1770107176.479125,13620,256,1770107176.448402,30.723
1770107176.479706,13621,256,1770107176.448447,31.258
1770107176.481864,13622,256,1770107176.451047,30.817
1770107176.482253,13623,256,1770107176.451483,30.770
1770107176.483475,13624,256,1770107176.452699,30.776
1770107176.483753,13625,256,1770107176.452843,30.910
1770107176.484139,13626,256,1770107176.453425,30.714
1770107176.488267,13628,256,1770107176.457422,30.845
1770107176.492449,13630,256,1770107176.461562,30.887
1770107176.493611,13632,256,1770107176.462847,30.764
1770107176.494369,13633,256,1770107176.463641,30.728
1770107176.497146,13634,256,1770107176.466229,30.916
1770107176.498143,13635,256,1770107176.467301,30.842
1770107176.498400,13636,256,1770107176.467462,30.938
1770107176.501057,13638,256,1770107176.470277,30.780
1770107176.501423,13639,256,1770107176.470671,30.752
1770107176.505038,13640,256,1770107176.473311,31.726
1770107176.506061,13642,256,1770107176.475139,30.921
1770107176.507365,13643,256,1770107176.475970,31.395
1770107176.509282,13644,256,1770107176.476199,33.083
1770107176.512437,13647,256,1770107176.481569,30.868
1770107176.514862,13648,256,1770107176.483943,30.919
1770107176.522238,13649,256,1770107176.491230,31.007
1770107176.523563,13650,256,1770107176.492637,30.925
1770107176.524292,13652,256,1770107176.493286,31.006
1770107176.526290,13653,256,1770107176.494995,31.295
1770107176.528785,13655,256,1770107176.497518,31.267
1770107176.529369,13657,256,1770107176.498363,31.007
1770107176.530501,13658,256,1770107176.499697,30.804
1770107176.530949,13659,256,1770107176.499749,31.200
1770107176.534315,13660,256,1770107176.503324,30.991
1770107176.537244,13661,256,1770107176.506224,31.019
1770107176.537778,13662,256,1770107176.506926,30.852
1770107176.539523,13664,256,1770107176.508344,31.178
1770107176.540097,13665,256,1770107176.508647,31.450
1770107176.540418,13666,256,1770107176.509578,30.840
1770107176.546230,13668,256,1770107176.515298,30.932
1770107176.546520,13669,256,1770107176.515685,30.835
1770107176.547132,13670,256,1770107176.515873,31.259
1770107176.549866,13671,256,1770107176.518930,30.936
1770107176.550115,13672,256,1770107176.519258,30.857
1770107176.550824,13673,256,1770107176.519923,30.901
1770107176.551411,13674,256,1770107176.520179,31.232
1770107176.551698,13675,256,1770107176.520366,31.332
1770107176.551994,13676,256,1770107176.520428,31.566
1770107176.552776,13677,256,1770107176.521294,31.483
1770107176.556011,13681,256,1770107176.525059,30.952
1770107176.556289,13682,256,1770107176.525110,31.179
1770107176.556980,13684,256,1770107176.526133,30.846
1770107176.557899,13685,256,1770107176.526999,30.900
1770107176.558184,13686,256,1770107176.527303,30.881
1770107176.558786,13687,256,1770107176.527803,30.982
1770107176.561897,13688,256,1770107176.530987,30.910
1770107176.562384,13689,256,1770107176.531602,30.782
1770107176.562740,13690,256,1770107176.531889,30.851
1770107176.563284,13691,256,1770107176.532213,31.071
1770107176.563574,13692,256,1770107176.532495,31.079
1770107176.566177,13694,256,1770107176.535275,30.902
1770107176.566429,13695,256,1770107176.535480,30.949
1770107176.566726,13696,256,1770107176.535877,30.849
1770107176.567024,13697,256,1770107176.535948,31.076
1770107176.568376,13698,256,1770107176.537571,30.805
1770107176.569180,13699,256,1770107176.538420,30.760
1770107176.569772,13700,256,1770107176.538693,31.079
1770107176.572581,13701,256,1770107176.541660,30.921
1770107176.573508,13702,256,1770107176.542684,30.824
1770107176.577768,13703,256,1770107176.546317,31.451
1770107176.577913,13704,256,1770107176.546502,31.411
1770107176.578123,13705,256,1770107176.546837,31.286
1770107176.578373,13706,256,1770107176.547448,30.925
1770107176.580229,13707,256,1770107176.549319,30.909
1770107176.593806,13712,256,1770107176.562807,30.999
1770107176.594012,13713,256,1770107176.563013,30.999
1770107176.596546,13714,256,1770107176.565606,30.941
1770107176.596801,13715,256,1770107176.565777,31.024
1770107176.597083,13716,256,1770107176.565842,31.241
1770107176.597389,13717,256,1770107176.566538,30.851
1770107176.597700,13718,256,1770107176.566841,30.860
1770107176.597979,13719,256,1770107176.567088,30.890
1770107176.598283,13720,256,1770107176.567148,31.135
1770107176.599923,13721,256,1770107176.569057,30.866
1770107176.604491,13723,256,1770107176.573417,31.074
1770107176.605861,13724,256,1770107176.574827,31.034
1770107176.608381,13725,256,1770107176.577132,31.249
1770107176.609416,13726,256,1770107176.578137,31.278
1770107176.609763,13727,256,1770107176.578430,31.333
1770107176.610254,13729,256,1770107176.579365,30.889
1770107176.614915,13732,256,1770107176.583908,31.008
1770107176.615092,13733,256,1770107176.584129,30.963
1770107176.616041,13737,256,1770107176.584731,31.311
1770107176.616778,13738,256,1770107176.585918,30.859
1770107176.617562,13739,256,1770107176.586683,30.879
1770107176.619112,13740,256,1770107176.588196,30.916
1770107176.619488,13741,256,1770107176.588641,30.847
1770107176.621157,13742,256,1770107176.590270,30.887
1770107176.627352,13743,256,1770107176.596480,30.873
1770107176.627609,13744,256,1770107176.596839,30.771
1770107176.628424,13745,256,1770107176.597634,30.789
1770107176.630942,13746,256,1770107176.599960,30.982
1770107176.632093,13747,256,1770107176.601142,30.951
1770107176.633077,13748,256,1770107176.602264,30.813
1770107176.633337,13749,256,1770107176.602370,30.967
1770107176.634106,13750,256,1770107176.603307,30.800
1770107176.634811,13751,256,1770107176.603996,30.816
1770107176.635789,13752,256,1770107176.605007,30.782
1770107176.636057,13753,256,1770107176.605084,30.973
1770107176.636360,13754,256,1770107176.605286,31.073
1770107176.639884,13755,256,1770107176.609064,30.820
1770107176.641881,13756,256,1770107176.610791,31.090
1770107176.642020,13757,256,1770107176.610957,31.062
1770107176.646666,13758,256,1770107176.615635,31.030
1770107176.646803,13759,256,1770107176.615834,30.969
1770107176.647086,13760,256,1770107176.615900,31.187
1770107176.647594,13761,256,1770107176.616656,30.938
1770107176.648075,13762,256,1770107176.617270,30.805
1770107176.648367,13763,256,1770107176.617610,30.757
1770107176.650698,13764,256,1770107176.619786,30.912
1770107176.651300,13765,256,1770107176.620518,30.782
1770107176.655812,13768,256,1770107176.625005,30.807
1770107176.657449,13769,256,1770107176.626672,30.777
1770107176.658042,13770,256,1770107176.627310,30.732
1770107176.658993,13771,256,1770107176.628116,30.876
1770107176.660254,13772,256,1770107176.629448,30.806
1770107176.661146,13773,256,1770107176.630412,30.734
1770107176.662685,13775,256,1770107176.631921,30.764
1770107176.663620,13777,256,1770107176.632664,30.956
1770107176.664895,13778,256,1770107176.634101,30.794
1770107176.665462,13779,256,1770107176.634249,31.213
1770107176.666622,13780,256,1770107176.635872,30.750
1770107176.668442,13783,256,1770107176.637434,31.008
1770107176.669365,13784,256,1770107176.638627,30.739
1770107176.670578,13785,256,1770107176.639813,30.765
1770107176.672166,13786,256,1770107176.641229,30.937
1770107176.673717,13787,256,1770107176.642830,30.887
1770107176.675531,13789,256,1770107176.644520,31.011
1770107176.675853,13790,256,1770107176.644993,30.860
1770107176.676128,13791,256,1770107176.645065,31.062
1770107176.676417,13792,256,1770107176.645439,30.978
1770107176.677223,13793,256,1770107176.646403,30.820
1770107176.678379,13794,256,1770107176.647563,30.815
1770107176.678651,13795,256,1770107176.647719,30.932
1770107176.679808,13796,256,1770107176.649050,30.759
1770107176.681057,13797,256,1770107176.650296,30.761
1770107176.681912,13799,256,1770107176.650885,31.027
1770107176.682590,13800,256,1770107176.651541,31.049
1770107176.687433,13801,256,1770107176.656569,30.863
1770107176.687984,13802,256,1770107176.656961,31.023
1770107176.688918,13803,256,1770107176.657683,31.235
1770107176.689659,13805,256,1770107176.658836,30.823
1770107176.690121,13806,256,1770107176.659366,30.755
1770107176.693878,13807,256,1770107176.663000,30.878
1770107176.694231,13808,256,1770107176.663382,30.849
1770107176.694822,13809,256,1770107176.663779,31.043
1770107176.695104,13810,256,1770107176.663965,31.139
1770107176.695402,13811,256,1770107176.663994,31.408
1770107176.695697,13812,256,1770107176.664177,31.520
1770107176.696783,13813,256,1770107176.666060,30.723
1770107176.698098,13814,256,1770107176.667260,30.838
1770107176.702870,13818,256,1770107176.672095,30.775
1770107176.704233,13820,256,1770107176.673489,30.743
1770107176.704598,13821,256,1770107176.673897,30.702
1770107176.705251,13822,256,1770107176.674550,30.701
1770107176.707681,13823,256,1770107176.676959,30.722
1770107176.708482,13824,256,1770107176.677782,30.699
1770107176.709010,13825,256,1770107176.678183,30.827
1770107176.710184,13826,256,1770107176.679449,30.735
1770107176.711383,13827,256,1770107176.680665,30.718
1770107176.717246,13828,256,1770107176.686486,30.761
1770107176.721137,13829,256,1770107176.690298,30.838
1770107176.721376,13830,256,1770107176.690441,30.934
1770107176.721677,13831,256,1770107176.690500,31.177
1770107176.722722,13832,256,1770107176.691729,30.992
1770107176.723129,13834,256,1770107176.692073,31.056
1770107176.723405,13835,256,1770107176.692126,31.279
1770107176.725419,13836,256,1770107176.694626,30.792
1770107176.726087,13837,256,1770107176.695288,30.799
1770107176.726520,13838,256,1770107176.695756,30.764
1770107176.726791,13839,256,1770107176.695835,30.956
1770107176.727089,13840,256,1770107176.696280,30.809
1770107176.729442,13841,256,1770107176.698657,30.786
1770107176.729722,13842,256,1770107176.698889,30.833
1770107176.731676,13843,256,1770107176.700927,30.749
1770107176.732166,13844,256,1770107176.701452,30.714
1770107176.732898,13845,256,1770107176.701982,30.917
1770107176.733837,13846,256,1770107176.703131,30.705
1770107176.744710,13847,256,1770107176.704309,40.401
1770107176.744747,13848,256,1770107176.705086,39.661
1770107176.744760,13849,256,1770107176.706396,38.364
1770107176.744771,13850,256,1770107176.706474,38.297
1770107176.744781,13851,256,1770107176.707726,37.054
1770107176.744791,13852,256,1770107176.709589,35.201
1770107176.744814,13853,256,1770107176.710699,34.115
1770107176.744823,13854,256,1770107176.711924,32.899
1770107176.744834,13856,256,1770107176.713263,31.572
1770107176.744844,13857,256,1770107176.714101,30.743
1770107176.749961,13859,256,1770107176.719147,30.814
1770107176.752549,13860,256,1770107176.721498,31.051
1770107176.755467,13861,256,1770107176.724659,30.807
1770107176.755741,13862,256,1770107176.724999,30.742
1770107176.756035,13863,256,1770107176.725073,30.962
1770107176.757109,13865,256,1770107176.726367,30.742
1770107176.759344,13866,256,1770107176.728567,30.776
1770107176.759643,13867,256,1770107176.728717,30.926
1770107176.762591,13869,256,1770107176.731778,30.813
1770107176.771043,13871,256,1770107176.740104,30.939
1770107176.771371,13872,256,1770107176.740403,30.968
1770107176.771911,13873,256,1770107176.741092,30.818
1770107176.773586,13874,256,1770107176.742214,31.373
1770107176.774314,13875,256,1770107176.743561,30.753
1770107176.776244,13876,256,1770107176.745253,30.992
1770107176.777268,13878,256,1770107176.746572,30.696
1770107176.778126,13879,256,1770107176.747432,30.695
1770107176.779446,13880,256,1770107176.748735,30.711
1770107176.780068,13881,256,1770107176.749276,30.792
1770107176.781700,13883,256,1770107176.750890,30.811
1770107176.781951,13884,256,1770107176.750933,31.018
1770107176.782247,13885,256,1770107176.751101,31.146
1770107176.782548,13886,256,1770107176.751719,30.828
1770107176.783923,13887,256,1770107176.752701,31.222
1770107176.784119,13888,256,1770107176.753133,30.986
1770107176.784729,13889,256,1770107176.753528,31.201
1770107176.785001,13890,256,1770107176.753920,31.081
1770107176.785299,13891,256,1770107176.754169,31.130
1770107176.786680,13892,256,1770107176.755955,30.725
1770107176.789015,13893,256,1770107176.758157,30.858
1770107176.791052,13894,256,1770107176.760274,30.778
1770107176.791506,13895,256,1770107176.760750,30.756
1770107176.792799,13896,256,1770107176.762048,30.751
1770107176.793083,13897,256,1770107176.762390,30.694
1770107176.794108,13898,256,1770107176.763356,30.751
1770107176.794384,13899,256,1770107176.763514,30.871
1770107176.794682,13900,256,1770107176.763550,31.132
1770107176.795752,13901,256,1770107176.764988,30.763
1770107176.798676,13904,256,1770107176.767699,30.977
1770107176.800005,13905,256,1770107176.769278,30.727
1770107176.801117,13906,256,1770107176.770381,30.736
1770107176.804870,13908,256,1770107176.773969,30.901
1770107176.817338,13913,256,1770107176.786576,30.762
1770107176.818585,13914,256,1770107176.787789,30.796
1770107176.818855,13915,256,1770107176.787844,31.011
1770107176.820322,13916,256,1770107176.789565,30.757
1770107176.822433,13918,256,1770107176.791633,30.800
1770107176.822947,13919,256,1770107176.791913,31.034
1770107176.824742,13920,256,1770107176.793910,30.832
1770107176.825460,13921,256,1770107176.794751,30.709
1770107176.831440,13924,256,1770107176.800674,30.766
1770107176.833906,13926,256,1770107176.803115,30.790
1770107176.837047,13927,256,1770107176.806272,30.775
1770107176.837315,13928,256,1770107176.806360,30.956
1770107176.838836,13930,256,1770107176.808060,30.776
1770107176.841771,13932,256,1770107176.810844,30.927
1770107176.842260,13933,256,1770107176.811514,30.746
1770107176.843715,13934,256,1770107176.812916,30.799
1770107176.843974,13935,256,1770107176.813170,30.804
1770107176.844353,13936,256,1770107176.813250,31.103
1770107176.844790,13937,256,1770107176.814037,30.753
1770107176.846377,13938,256,1770107176.815654,30.723
1770107176.852841,13939,256,1770107176.821902,30.939
1770107176.853124,13940,256,1770107176.822305,30.819
1770107176.854020,13941,256,1770107176.823180,30.840
1770107176.854293,13942,256,1770107176.823504,30.789
1770107176.857346,13944,256,1770107176.826195,31.151
1770107176.858236,13945,256,1770107176.827359,30.877
1770107176.858627,13946,256,1770107176.827906,30.720
1770107176.860597,13947,256,1770107176.829819,30.777
1770107176.861155,13948,256,1770107176.830318,30.836
1770107176.862651,13950,256,1770107176.831855,30.796
1770107176.865379,13952,256,1770107176.834619,30.760
1770107176.865678,13953,256,1770107176.834932,30.745
1770107176.866796,13954,256,1770107176.836035,30.760
1770107176.869895,13957,256,1770107176.838988,30.907
1770107176.871165,13958,256,1770107176.840255,30.910
1770107176.875360,13961,256,1770107176.844512,30.848
1770107176.876375,13962,256,1770107176.845589,30.786
1770107176.879452,13963,256,1770107176.848679,30.773
1770107176.882462,13964,256,1770107176.851160,31.301
1770107176.882666,13965,256,1770107176.851700,30.966
1770107176.884640,13966,256,1770107176.853814,30.826
1770107176.885406,13968,256,1770107176.854540,30.866
1770107176.885669,13969,256,1770107176.854611,31.058
1770107176.887435,13970,256,1770107176.856661,30.773
1770107176.888876,13972,256,1770107176.858124,30.752
1770107176.890368,13973,256,1770107176.859498,30.871
1770107176.891023,13974,256,1770107176.860219,30.804
1770107176.891640,13975,256,1770107176.860856,30.784
1770107176.892515,13976,256,1770107176.861568,30.947
1770107176.894090,13977,256,1770107176.863318,30.772
1770107176.898211,13979,256,1770107176.867382,30.829
1770107176.899326,13980,256,1770107176.868473,30.853
1770107176.899609,13981,256,1770107176.868676,30.933
1770107176.899910,13982,256,1770107176.869102,30.808
1770107176.900227,13983,256,1770107176.869281,30.946
1770107176.902586,13984,256,1770107176.871756,30.831
1770107176.910893,13986,256,1770107176.879970,30.923
1770107176.911123,13987,256,1770107176.880217,30.905
1770107176.912632,13989,256,1770107176.881661,30.971
1770107176.914288,13990,256,1770107176.883455,30.833
1770107176.915414,13991,256,1770107176.884572,30.843
1770107176.918456,13992,256,1770107176.887588,30.868
1770107176.920458,13993,256,1770107176.889408,31.050
1770107176.922827,13994,256,1770107176.892012,30.815
1770107176.924124,13995,256,1770107176.893283,30.840
1770107176.924384,13996,256,1770107176.893502,30.882
1770107176.928841,13997,256,1770107176.897983,30.858
1770107176.929689,13998,256,1770107176.898843,30.846
1770107176.931302,13999,256,1770107176.900378,30.925
1770107176.931535,14000,256,1770107176.900528,31.007
1770107176.934239,14001,256,1770107176.903377,30.862
1770107176.935301,14002,256,1770107176.904423,30.877
1770107176.935688,14003,256,1770107176.904872,30.816
1770107176.936765,14005,256,1770107176.905893,30.872
1770107176.940606,14009,256,1770107176.909685,30.921
1770107176.941863,14010,256,1770107176.910878,30.985
1770107176.942101,14011,256,1770107176.911051,31.050
1770107176.942504,14012,256,1770107176.911729,30.776
1770107176.942787,14013,256,1770107176.911845,30.942
1770107176.943389,14014,256,1770107176.912620,30.769
1770107176.948574,14016,256,1770107176.917653,30.921
1770107176.949666,14017,256,1770107176.918801,30.865
1770107176.950099,14018,256,1770107176.919345,30.754
1770107176.950577,14020,256,1770107176.919849,30.727
1770107176.950863,14021,256,1770107176.920135,30.728
1770107176.952177,14022,256,1770107176.921434,30.743
1770107176.953297,14023,256,1770107176.922531,30.766
1770107176.954289,14024,256,1770107176.923490,30.799
1770107176.954877,14025,256,1770107176.923629,31.249
1770107176.956038,14026,256,1770107176.925236,30.803
1770107176.957403,14027,256,1770107176.926634,30.769
1770107176.958809,14028,256,1770107176.928054,30.755
1770107176.959102,14029,256,1770107176.928206,30.896
1770107176.968930,14032,256,1770107176.938063,30.866
1770107176.969338,14033,256,1770107176.938605,30.733
1770107176.969625,14034,256,1770107176.938656,30.969
1770107176.969930,14035,256,1770107176.938974,30.955
1770107176.970220,14036,256,1770107176.939014,31.206
1770107176.971390,14037,256,1770107176.940590,30.799
1770107176.972643,14039,256,1770107176.941625,31.018
1770107176.972987,14040,256,1770107176.941706,31.281
1770107176.973795,14042,256,1770107176.942165,31.630
1770107176.974097,14043,256,1770107176.942788,31.308
1770107176.976966,14045,256,1770107176.946001,30.965
1770107176.977506,14046,256,1770107176.946696,30.810
1770107176.978306,14047,256,1770107176.947482,30.823
1770107176.978614,14048,256,1770107176.947834,30.781
1770107176.978961,14049,256,1770107176.947898,31.062
1770107176.980371,14050,256,1770107176.949568,30.803
1770107176.981975,14051,256,1770107176.951092,30.883
1770107176.984575,14052,256,1770107176.953751,30.823
1770107176.985680,14053,256,1770107176.954760,30.920
1770107176.985994,14054,256,1770107176.955210,30.784
1770107176.986426,14055,256,1770107176.955663,30.763
1770107176.986708,14056,256,1770107176.955750,30.958
1770107176.987051,14057,256,1770107176.955797,31.253
1770107176.987629,14059,256,1770107176.956719,30.910
1770107176.991063,14060,256,1770107176.959884,31.178
1770107176.992475,14061,256,1770107176.961369,31.106
1770107176.994129,14062,256,1770107176.963315,30.814
1770107176.995692,14063,256,1770107176.964657,31.035
1770107176.997161,14064,256,1770107176.966020,31.141
1770107176.997642,14065,256,1770107176.966587,31.056
1770107177.001467,14066,256,1770107176.970578,30.888
1770107177.004354,14068,256,1770107176.973403,30.952
1770107177.006845,14070,256,1770107176.975654,31.191
1770107177.007002,14071,256,1770107176.976002,31.001
1770107177.007313,14072,256,1770107176.976070,31.242
1770107177.007713,14073,256,1770107176.976393,31.319
1770107177.007895,14074,256,1770107176.976464,31.430
1770107177.008207,14075,256,1770107176.976711,31.496
1770107177.009228,14076,256,1770107176.977932,31.296
1770107177.010720,14077,256,1770107176.979773,30.947
1770107177.013903,14078,256,1770107176.982902,31.001
1770107177.014047,14079,256,1770107176.983111,30.936
1770107177.015687,14081,256,1770107176.984859,30.828
1770107177.017021,14082,256,1770107176.986224,30.797
1770107177.018209,14083,256,1770107176.987371,30.837
1770107177.018468,14084,256,1770107176.987604,30.864
1770107177.018816,14085,256,1770107176.988079,30.737
1770107177.020081,14086,256,1770107176.989214,30.867
1770107177.021637,14087,256,1770107176.990721,30.916
1770107177.023508,14088,256,1770107176.992627,30.881
1770107177.024715,14089,256,1770107176.993691,31.024
1770107177.025265,14090,256,1770107176.994336,30.930
1770107177.025622,14091,256,1770107176.994417,31.204
1770107177.028341,14092,256,1770107176.997455,30.885
1770107177.028590,14093,256,1770107176.997657,30.933
1770107177.028886,14094,256,1770107176.997726,31.160
1770107177.030768,14095,256,1770107176.999969,30.799
1770107177.035414,14097,256,1770107177.004434,30.979
1770107177.037485,14098,256,1770107177.006487,30.998
1770107177.039878,14100,256,1770107177.009073,30.805
1770107177.040182,14101,256,1770107177.009309,30.874
1770107177.041907,14102,256,1770107177.010916,30.991
1770107177.046463,14104,256,1770107177.015461,31.002
1770107177.057256,14108,256,1770107177.026333,30.923
1770107177.060070,14109,256,1770107177.029217,30.853
1770107177.060300,14110,256,1770107177.029478,30.822
1770107177.061432,14111,256,1770107177.030506,30.926
1770107177.062321,14112,256,1770107177.031223,31.098
1770107177.062665,14113,256,1770107177.031256,31.409
1770107177.062923,14114,256,1770107177.031538,31.385
1770107177.063822,14115,256,1770107177.033088,30.733
1770107177.064103,14116,256,1770107177.033285,30.818
1770107177.065148,14117,256,1770107177.034400,30.748
1770107177.067173,14118,256,1770107177.036336,30.838
1770107177.067447,14119,256,1770107177.036696,30.751
1770107177.067733,14120,256,1770107177.036999,30.733
1770107177.069603,14121,256,1770107177.038497,31.106
1770107177.071731,14122,256,1770107177.040865,30.866
1770107177.076035,14124,256,1770107177.044597,31.438
1770107177.077427,14125,256,1770107177.046463,30.965
1770107177.078328,14126,256,1770107177.047029,31.300
1770107177.083642,14128,256,1770107177.052535,31.108
1770107177.083900,14129,256,1770107177.053126,30.775
1770107177.092737,14132,256,1770107177.061810,30.927
1770107177.094768,14133,256,1770107177.063917,30.851
1770107177.098091,14134,256,1770107177.067225,30.866
1770107177.100674,14135,256,1770107177.069700,30.973
1770107177.104608,14136,256,1770107177.073019,31.589
1770107177.108705,14137,256,1770107177.077663,31.042
1770107177.108899,14138,256,1770107177.077932,30.967
1770107177.111346,14139,256,1770107177.080410,30.936
1770107177.114050,14141,256,1770107177.083266,30.784
1770107177.117539,14143,256,1770107177.086692,30.847
1770107177.117731,14144,256,1770107177.086907,30.824
1770107177.118315,14145,256,1770107177.087438,30.877
1770107177.119132,14146,256,1770107177.088399,30.733
1770107177.120262,14148,256,1770107177.089518,30.745
1770107177.121854,14149,256,1770107177.090972,30.881
1770107177.123079,14150,256,1770107177.092013,31.066
1770107177.123825,14151,256,1770107177.093007,30.818
1770107177.126533,14152,256,1770107177.095717,30.816
1770107177.134811,14153,256,1770107177.103987,30.824
1770107177.138871,14154,256,1770107177.108022,30.849
1770107177.139411,14155,256,1770107177.108449,30.962
1770107177.139793,14156,256,1770107177.109043,30.751
1770107177.140092,14157,256,1770107177.109108,30.985
1770107177.140974,14158,256,1770107177.110150,30.824
1770107177.144376,14160,256,1770107177.113487,30.890
1770107177.147964,14162,256,1770107177.116962,31.002
1770107177.148490,14163,256,1770107177.117456,31.034
1770107177.153180,14165,256,1770107177.122333,30.848
1770107177.153883,14166,256,1770107177.123119,30.765
1770107177.154178,14167,256,1770107177.123434,30.744
1770107177.156219,14169,256,1770107177.125289,30.930
1770107177.157083,14170,256,1770107177.126024,31.059
1770107177.161644,14171,256,1770107177.130712,30.932
1770107177.161863,14172,256,1770107177.131032,30.831
1770107177.162148,14173,256,1770107177.131104,31.044
1770107177.163345,14175,256,1770107177.132609,30.735
1770107177.163965,14176,256,1770107177.133211,30.755
1770107177.164307,14177,256,1770107177.133265,31.043
1770107177.165123,14178,256,1770107177.134284,30.839
1770107177.167248,14179,256,1770107177.135276,31.971
1770107177.167392,14180,256,1770107177.136339,31.053
1770107177.168763,14182,256,1770107177.137346,31.417
1770107177.169968,14183,256,1770107177.138970,30.998
1770107177.170109,14184,256,1770107177.139287,30.822
1770107177.171091,14185,256,1770107177.140220,30.871
1770107177.172164,14186,256,1770107177.141159,31.005
1770107177.172732,14187,256,1770107177.141902,30.830
1770107177.174481,14189,256,1770107177.143436,31.045
1770107177.175064,14190,256,1770107177.143697,31.367
1770107177.175641,14191,256,1770107177.143833,31.808
1770107177.175916,14192,256,1770107177.144141,31.775
1770107177.177563,14193,256,1770107177.145689,31.874
1770107177.178378,14195,256,1770107177.147382,30.995
1770107177.179290,14196,256,1770107177.148376,30.915
1770107177.182036,14197,256,1770107177.151211,30.825
1770107177.186468,14198,256,1770107177.155720,30.747
1770107177.187219,14200,256,1770107177.156177,31.042
1770107177.187511,14201,256,1770107177.156358,31.153
1770107177.189076,14202,256,1770107177.158223,30.854
1770107177.189474,14203,256,1770107177.158592,30.882
1770107177.192561,14204,256,1770107177.161686,30.875
1770107177.194232,14205,256,1770107177.163412,30.820
1770107177.195484,14206,256,1770107177.164717,30.767
1770107177.196290,14208,256,1770107177.165542,30.748
1770107177.197425,14209,256,1770107177.166673,30.752
1770107177.197696,14210,256,1770107177.166909,30.787
1770107177.201439,14212,256,1770107177.170660,30.779
1770107177.201687,14213,256,1770107177.170720,30.967
1770107177.204407,14215,256,1770107177.173608,30.799
1770107177.206232,14216,256,1770107177.175461,30.770
1770107177.207877,14217,256,1770107177.177100,30.777
1770107177.210002,14219,256,1770107177.179113,30.889
1770107177.210581,14220,256,1770107177.179518,31.063
1770107177.211533,14221,256,1770107177.180767,30.766
1770107177.212631,14222,256,1770107177.181889,30.742
1770107177.219991,14224,256,1770107177.189055,30.936
1770107177.220563,14225,256,1770107177.189549,31.014
1770107177.221224,14226,256,1770107177.190313,30.911
1770107177.221662,14228,256,1770107177.190589,31.074
1770107177.224915,14229,256,1770107177.194016,30.899
1770107177.227087,14230,256,1770107177.196081,31.006
1770107177.229075,14231,256,1770107177.198215,30.860
1770107177.231227,14233,256,1770107177.200368,30.859
1770107177.233922,14235,256,1770107177.203107,30.815
1770107177.234214,14236,256,1770107177.203151,31.062
1770107177.234487,14237,256,1770107177.203199,31.288
1770107177.235601,14238,256,1770107177.204834,30.767
1770107177.236480,14239,256,1770107177.205708,30.772
1770107177.236759,14240,256,1770107177.205927,30.833
1770107177.238500,14241,256,1770107177.207571,30.929
1770107177.238868,14242,256,1770107177.207735,31.134
1770107177.239716,14243,256,1770107177.208657,31.059
1770107177.241862,14245,256,1770107177.211071,30.791
1770107177.243430,14246,256,1770107177.212621,30.809
1770107177.245663,14247,256,1770107177.214853,30.810
1770107177.247457,14248,256,1770107177.216573,30.884
1770107177.248574,14249,256,1770107177.217672,30.902
1770107177.250852,14251,256,1770107177.219900,30.952
1770107177.251966,14252,256,1770107177.221129,30.836
1770107177.253229,14253,256,1770107177.222308,30.921
1770107177.253858,14254,256,1770107177.222621,31.237
1770107177.255135,14255,256,1770107177.224266,30.869
1770107177.256417,14256,256,1770107177.225558,30.859
1770107177.260772,14257,256,1770107177.229839,30.933
1770107177.260976,14258,256,1770107177.230035,30.941
1770107177.264354,14259,256,1770107177.233411,30.942
1770107177.264621,14260,256,1770107177.233594,31.026
1770107177.264935,14261,256,1770107177.234068,30.867
1770107177.265536,14262,256,1770107177.234640,30.896
1770107177.267361,14263,256,1770107177.236541,30.819
1770107177.267999,14264,256,1770107177.237244,30.755
1770107177.268316,14265,256,1770107177.237580,30.736
1770107177.272717,14266,256,1770107177.241857,30.860
1770107177.273005,14267,256,1770107177.242212,30.793
1770107177.273355,14268,256,1770107177.242296,31.060
1770107177.273630,14269,256,1770107177.242348,31.282
1770107177.273883,14270,256,1770107177.242635,31.248
1770107177.280143,14271,256,1770107177.249180,30.963
1770107177.280416,14272,256,1770107177.249369,31.047
1770107177.282991,14273,256,1770107177.252045,30.945
1770107177.283210,14274,256,1770107177.252343,30.867
1770107177.283481,14275,256,1770107177.252467,31.014
1770107177.285262,14276,256,1770107177.254357,30.905
1770107177.285465,14277,256,1770107177.254467,30.998
1770107177.286030,14278,256,1770107177.255171,30.859
1770107177.287716,14279,256,1770107177.256878,30.838
1770107177.288621,14281,256,1770107177.257744,30.878
1770107177.289000,14282,256,1770107177.258216,30.784
1770107177.291352,14283,256,1770107177.260528,30.824
1770107177.291625,14284,256,1770107177.260662,30.963
1770107177.292258,14285,256,1770107177.261370,30.888
1770107177.292850,14286,256,1770107177.262120,30.730
1770107177.294222,14287,256,1770107177.263331,30.891
1770107177.298271,14288,256,1770107177.267402,30.869
1770107177.298779,14289,256,1770107177.268020,30.760
1770107177.299395,14290,256,1770107177.268471,30.924
1770107177.300815,14291,256,1770107177.270043,30.771
1770107177.301089,14292,256,1770107177.270292,30.798
1770107177.303134,14293,256,1770107177.272322,30.813
1770107177.304585,14294,256,1770107177.273766,30.819
1770107177.305255,14295,256,1770107177.274457,30.798
1770107177.306398,14296,256,1770107177.275652,30.746
1770107177.308435,14298,256,1770107177.277713,30.723
1770107177.309043,14299,256,1770107177.277775,31.268
1770107177.315030,14300,256,1770107177.284230,30.800
1770107177.316308,14301,256,1770107177.285540,30.768
1770107177.317077,14302,256,1770107177.286332,30.745
1770107177.317679,14303,256,1770107177.286804,30.875
1770107177.318700,14304,256,1770107177.287974,30.726
1770107177.319388,14305,256,1770107177.288615,30.773
1770107177.324595,14306,256,1770107177.293648,30.947
1770107177.325240,14307,256,1770107177.294240,31.001
1770107177.326130,14308,256,1770107177.295344,30.786
1770107177.326397,14309,256,1770107177.295444,30.952
1770107177.327693,14311,256,1770107177.296952,30.741
1770107177.328244,14312,256,1770107177.297533,30.712
1770107177.328742,14313,256,1770107177.298023,30.718
1770107177.329684,14314,256,1770107177.298967,30.717
1770107177.330244,14315,256,1770107177.299460,30.784
1770107177.330773,14316,256,1770107177.300065,30.708
1770107177.331953,14317,256,1770107177.301193,30.760
1770107177.333500,14319,256,1770107177.302725,30.776
1770107177.335280,14320,256,1770107177.304494,30.786
1770107177.338563,14322,256,1770107177.307783,30.781
1770107177.339731,14323,256,1770107177.308982,30.748
1770107177.340009,14324,256,1770107177.309150,30.858
1770107177.340315,14325,256,1770107177.309372,30.943
1770107177.341885,14327,256,1770107177.311130,30.756
1770107177.344560,14328,256,1770107177.313411,31.148
1770107177.346357,14329,256,1770107177.315432,30.926
1770107177.348168,14330,256,1770107177.317345,30.824
1770107177.349852,14331,256,1770107177.318960,30.892
1770107177.350901,14332,256,1770107177.320121,30.780
1770107177.352800,14333,256,1770107177.321937,30.863
1770107177.353832,14334,256,1770107177.322642,31.189
1770107177.354691,14335,256,1770107177.323823,30.868
1770107177.356330,14336,256,1770107177.325454,30.876
1770107177.356619,14337,256,1770107177.325596,31.022
1770107177.356920,14338,256,1770107177.326025,30.895
1770107177.359315,14339,256,1770107177.328543,30.772
1770107177.360876,14340,256,1770107177.330118,30.757
1770107177.362939,14341,256,1770107177.332201,30.738
1770107177.363232,14342,256,1770107177.332346,30.886
1770107177.363824,14343,256,1770107177.332399,31.425
1770107177.364120,14344,256,1770107177.333012,31.108
1770107177.366593,14345,256,1770107177.335759,30.834
1770107177.366919,14346,256,1770107177.336201,30.718
1770107177.369629,14347,256,1770107177.338839,30.790
1770107177.369886,14348,256,1770107177.338915,30.971
1770107177.370355,14349,256,1770107177.339580,30.775
1770107177.370974,14350,256,1770107177.339694,31.279
1770107177.371391,14351,256,1770107177.340659,30.731
1770107177.371683,14352,256,1770107177.340714,30.970
1770107177.372857,14353,256,1770107177.342093,30.764
1770107177.373126,14354,256,1770107177.342164,30.961
1770107177.376023,14356,256,1770107177.345172,30.850
1770107177.376286,14357,256,1770107177.345316,30.969
1770107177.376932,14358,256,1770107177.345354,31.578
1770107177.377324,14359,256,1770107177.346509,30.816
1770107177.379289,14360,256,1770107177.348349,30.940
1770107177.382139,14361,256,1770107177.351228,30.911
1770107177.385342,14362,256,1770107177.354355,30.987
1770107177.385469,14363,256,1770107177.354439,31.030
1770107177.387689,14365,256,1770107177.356809,30.880
1770107177.388281,14366,256,1770107177.357526,30.754
1770107177.390261,14367,256,1770107177.359169,31.092
1770107177.391222,14368,256,1770107177.360401,30.820
1770107177.391452,14369,256,1770107177.360624,30.828
1770107177.391967,14370,256,1770107177.361228,30.740
1770107177.393891,14371,256,1770107177.363066,30.825
1770107177.394891,14372,256,1770107177.364035,30.856
1770107177.396355,14374,256,1770107177.365552,30.802
1770107177.398675,14375,256,1770107177.367775,30.900
1770107177.399902,14376,256,1770107177.368922,30.980
1770107177.400046,14377,256,1770107177.369215,30.831
1770107177.402991,14378,256,1770107177.372031,30.960
1770107177.404064,14379,256,1770107177.373163,30.901
1770107177.406245,14380,256,1770107177.375335,30.910
1770107177.406806,14382,256,1770107177.376043,30.763
1770107177.407917,14383,256,1770107177.377128,30.789
1770107177.409299,14384,256,1770107177.378492,30.807
1770107177.409760,14385,256,1770107177.379028,30.732
1770107177.412898,14387,256,1770107177.382102,30.795
1770107177.414173,14389,256,1770107177.383282,30.890
1770107177.414473,14390,256,1770107177.383365,31.109
1770107177.417513,14391,256,1770107177.386722,30.791
1770107177.417801,14392,256,1770107177.386857,30.944
1770107177.420541,14393,256,1770107177.389686,30.854
1770107177.420827,14394,256,1770107177.389907,30.920
1770107177.421432,14395,256,1770107177.390368,31.065
1770107177.425265,14396,256,1770107177.394443,30.821
1770107177.426160,14397,256,1770107177.395402,30.757
1770107177.427228,14398,256,1770107177.396290,30.938
1770107177.427524,14399,256,1770107177.396621,30.903
1770107177.428121,14400,256,1770107177.397043,31.078
1770107177.428684,14401,256,1770107177.397944,30.740
1770107177.431242,14403,256,1770107177.400401,30.841
1770107177.434207,14404,256,1770107177.403332,30.875
1770107177.434478,14405,256,1770107177.403729,30.748
1770107177.438296,14406,256,1770107177.407335,30.961
1770107177.438540,14407,256,1770107177.407555,30.985
1770107177.442455,14409,256,1770107177.411451,31.004
1770107177.443371,14410,256,1770107177.412064,31.307
1770107177.449362,14412,256,1770107177.418212,31.149
1770107177.451434,14413,256,1770107177.420434,31.000
1770107177.451586,14414,256,1770107177.420654,30.931
1770107177.452274,14415,256,1770107177.421387,30.887
1770107177.458678,14417,256,1770107177.427812,30.867
1770107177.458868,14418,256,1770107177.427898,30.970
1770107177.460453,14419,256,1770107177.429642,30.811
1770107177.462574,14420,256,1770107177.431600,30.974
1770107177.464429,14421,256,1770107177.433657,30.772
1770107177.466353,14422,256,1770107177.435419,30.935
1770107177.467751,14423,256,1770107177.436872,30.879
1770107177.468922,14424,256,1770107177.437981,30.942
1770107177.469856,14425,256,1770107177.439025,30.831
1770107177.472167,14426,256,1770107177.441368,30.800
1770107177.478876,14429,256,1770107177.447885,30.992
1770107177.481214,14430,256,1770107177.450374,30.840
1770107177.483230,14433,256,1770107177.452367,30.864
1770107177.485167,14434,256,1770107177.454415,30.752
1770107177.486459,14435,256,1770107177.455560,30.899
1770107177.486911,14437,256,1770107177.456033,30.878
1770107177.487203,14438,256,1770107177.456064,31.140
1770107177.488034,14440,256,1770107177.457098,30.936
1770107177.488906,14441,256,1770107177.457368,31.538
1770107177.489236,14443,256,1770107177.458464,30.771
1770107177.494406,14444,256,1770107177.463579,30.827
1770107177.498010,14446,256,1770107177.467267,30.743
1770107177.498449,14447,256,1770107177.467680,30.770
1770107177.500682,14448,256,1770107177.469787,30.895
1770107177.501900,14449,256,1770107177.471088,30.813
1770107177.503071,14450,256,1770107177.472232,30.839
1770107177.503478,14451,256,1770107177.472734,30.743
1770107177.503871,14452,256,1770107177.473129,30.743
1770107177.504159,14453,256,1770107177.473165,30.994
1770107177.505651,14455,256,1770107177.474759,30.892
1770107177.508221,14456,256,1770107177.477372,30.850
1770107177.508547,14457,256,1770107177.477512,31.035
1770107177.508800,14458,256,1770107177.477564,31.236
1770107177.509057,14459,256,1770107177.477820,31.236
1770107177.510294,14460,256,1770107177.479466,30.828
1770107177.516280,14463,256,1770107177.485382,30.898
1770107177.518398,14464,256,1770107177.487556,30.842
1770107177.523600,14465,256,1770107177.492828,30.772
1770107177.528988,14467,256,1770107177.498055,30.933
1770107177.531998,14468,256,1770107177.501215,30.782
1770107177.533267,14471,256,1770107177.502499,30.768
1770107177.535410,14472,256,1770107177.504609,30.801
1770107177.535705,14473,256,1770107177.504924,30.781
1770107177.537042,14474,256,1770107177.506286,30.755
1770107177.538855,14476,256,1770107177.507833,31.022
1770107177.540562,14477,256,1770107177.509731,30.831
1770107177.543746,14479,256,1770107177.512984,30.762
1770107177.545676,14480,256,1770107177.514924,30.752
1770107177.547098,14481,256,1770107177.516291,30.807
1770107177.548247,14482,256,1770107177.517439,30.807
1770107177.550166,14484,256,1770107177.519382,30.784
1770107177.550525,14485,256,1770107177.519799,30.726
1770107177.551960,14486,256,1770107177.521179,30.781
1770107177.552623,14488,256,1770107177.521878,30.745
1770107177.553661,14489,256,1770107177.522905,30.757
1770107177.554074,14490,256,1770107177.523113,30.961
1770107177.555714,14491,256,1770107177.524954,30.760
1770107177.555995,14492,256,1770107177.525211,30.783
1770107177.561912,14494,256,1770107177.531155,30.756
1770107177.562223,14495,256,1770107177.531254,30.969
1770107177.562830,14496,256,1770107177.532070,30.760
1770107177.565720,14497,256,1770107177.534960,30.760
1770107177.566922,14499,256,1770107177.536200,30.722
1770107177.568941,14500,256,1770107177.538128,30.813
1770107177.569329,14501,256,1770107177.538527,30.802
1770107177.571517,14503,256,1770107177.540480,31.036
1770107177.573860,14505,256,1770107177.542961,30.899
1770107177.574873,14506,256,1770107177.544095,30.778
1770107177.575254,14507,256,1770107177.544423,30.831
1770107177.577481,14508,256,1770107177.546716,30.765
1770107177.581506,14509,256,1770107177.550636,30.870
1770107177.581742,14510,256,1770107177.550726,31.016
1770107177.584825,14511,256,1770107177.553966,30.859
1770107177.587647,14514,256,1770107177.556885,30.761
1770107177.588969,14515,256,1770107177.558082,30.887
1770107177.589273,14516,256,1770107177.558438,30.835
1770107177.589563,14517,256,1770107177.558527,31.036
1770107177.590491,14519,256,1770107177.559700,30.791
1770107177.590779,14520,256,1770107177.559818,30.961
1770107177.592925,14521,256,1770107177.562140,30.785
1770107177.594426,14522,256,1770107177.563548,30.878
1770107177.594719,14523,256,1770107177.563581,31.137
1770107177.595470,14524,256,1770107177.564724,30.747
1770107177.595918,14525,256,1770107177.565161,30.757
1770107177.596699,14526,256,1770107177.565964,30.735
1770107177.598083,14527,256,1770107177.567349,30.734
1770107177.600750,14528,256,1770107177.569857,30.893
1770107177.602085,14529,256,1770107177.571275,30.810
1770107177.603694,14530,256,1770107177.572695,31.000
1770107177.604591,14531,256,1770107177.573382,31.209
1770107177.604980,14533,256,1770107177.574167,30.813
1770107177.605593,14534,256,1770107177.574378,31.215
1770107177.606182,14535,256,1770107177.575228,30.953
1770107177.608179,14537,256,1770107177.577428,30.751
1770107177.610240,14539,256,1770107177.579084,31.156
1770107177.610524,14540,256,1770107177.579270,31.254
1770107177.610820,14541,256,1770107177.579704,31.115
1770107177.611872,14543,256,1770107177.581050,30.822
1770107177.612445,14544,256,1770107177.581481,30.963
1770107177.616384,14546,256,1770107177.585490,30.894
1770107177.616611,14547,256,1770107177.585796,30.815
1770107177.617012,14548,256,1770107177.586231,30.781
1770107177.618225,14549,256,1770107177.587299,30.926
1770107177.618840,14550,256,1770107177.587941,30.900
1770107177.619762,14551,256,1770107177.589010,30.752
1770107177.621833,14552,256,1770107177.590946,30.887
1770107177.622764,14553,256,1770107177.591944,30.820
1770107177.624209,14554,256,1770107177.593455,30.754
1770107177.624940,14555,256,1770107177.594213,30.727
1770107177.625477,14556,256,1770107177.594768,30.710
1770107177.627220,14557,256,1770107177.595950,31.271
1770107177.627424,14558,256,1770107177.596053,31.371
1770107177.628007,14559,256,1770107177.596637,31.370
1770107177.628317,14560,256,1770107177.597395,30.922
1770107177.630836,14561,256,1770107177.599998,30.838
1770107177.631129,14562,256,1770107177.600184,30.945
1770107177.632541,14563,256,1770107177.601787,30.754
1770107177.634246,14564,256,1770107177.603366,30.881
1770107177.634506,14565,256,1770107177.603707,30.799
1770107177.635964,14566,256,1770107177.605092,30.872
1770107177.636264,14567,256,1770107177.605332,30.932
1770107177.637972,14568,256,1770107177.607209,30.763
1770107177.639422,14569,256,1770107177.608671,30.752
1770107177.639768,14570,256,1770107177.608902,30.866
1770107177.641716,14572,256,1770107177.610805,30.911
1770107177.649017,14575,256,1770107177.618233,30.784
1770107177.655789,14578,256,1770107177.624738,31.051
1770107177.658300,14580,256,1770107177.627325,30.975
1770107177.659415,14581,256,1770107177.628447,30.968
1770107177.660415,14582,256,1770107177.629633,30.782
1770107177.661294,14583,256,1770107177.630532,30.762
1770107177.663059,14584,256,1770107177.632042,31.016
1770107177.663347,14585,256,1770107177.632378,30.969
1770107177.663652,14586,256,1770107177.632769,30.884
1770107177.668150,14587,256,1770107177.637302,30.848
1770107177.668895,14588,256,1770107177.638103,30.791
1770107177.670562,14589,256,1770107177.639724,30.838
1770107177.672003,14590,256,1770107177.641236,30.767
1770107177.673478,14592,256,1770107177.642241,31.237
1770107177.673766,14593,256,1770107177.642969,30.797
1770107177.676397,14594,256,1770107177.644152,32.245
1770107177.676498,14595,256,1770107177.644179,32.318
1770107177.676523,14596,256,1770107177.644805,31.717
1770107177.676815,14597,256,1770107177.645162,31.653
1770107177.679664,14600,256,1770107177.648692,30.972
1770107177.683056,14601,256,1770107177.652240,30.817
1770107177.683331,14602,256,1770107177.652534,30.797
1770107177.687635,14605,256,1770107177.656640,30.995
1770107177.688211,14606,256,1770107177.656972,31.239
1770107177.688592,14607,256,1770107177.657769,30.823
1770107177.689073,14609,256,1770107177.658041,31.032
1770107177.689792,14610,256,1770107177.658927,30.864
1770107177.690478,14611,256,1770107177.659351,31.127
1770107177.690587,14612,256,1770107177.659501,31.086
1770107177.690770,14613,256,1770107177.659986,30.783
1770107177.691519,14614,256,1770107177.660621,30.898
1770107177.694879,14615,256,1770107177.664051,30.828
1770107177.695122,14616,256,1770107177.664154,30.968
1770107177.697282,14617,256,1770107177.666220,31.062
1770107177.703035,14619,256,1770107177.672147,30.888
1770107177.703369,14620,256,1770107177.672550,30.819
1770107177.703627,14621,256,1770107177.672627,31.000
1770107177.704705,14622,256,1770107177.673934,30.771
1770107177.705062,14623,256,1770107177.674287,30.775
1770107177.706069,14624,256,1770107177.675287,30.782
1770107177.706800,14625,256,1770107177.675766,31.034
1770107177.707135,14626,256,1770107177.675925,31.210
1770107177.707391,14627,256,1770107177.676068,31.323
1770107177.712099,14628,256,1770107177.681271,30.828
1770107177.712555,14629,256,1770107177.681647,30.908
1770107177.712855,14630,256,1770107177.681902,30.953
1770107177.713154,14631,256,1770107177.682420,30.734
1770107177.714463,14632,256,1770107177.683671,30.792
1770107177.714755,14633,256,1770107177.683790,30.965
1770107177.715433,14634,256,1770107177.684693,30.740
1770107177.715715,14635,256,1770107177.684922,30.794
1770107177.719487,14636,256,1770107177.688702,30.785
1770107177.721045,14639,256,1770107177.690172,30.873
1770107177.721334,14640,256,1770107177.690344,30.989
1770107177.723140,14642,256,1770107177.692302,30.838
1770107177.723443,14643,256,1770107177.692376,31.067
1770107177.726953,14644,256,1770107177.696114,30.839
1770107177.727219,14645,256,1770107177.696266,30.953
1770107177.729083,14646,256,1770107177.698317,30.766
1770107177.730459,14647,256,1770107177.699462,30.997
1770107177.732936,14648,256,1770107177.701865,31.071
1770107177.737277,14652,256,1770107177.706488,30.790
1770107177.741197,14653,256,1770107177.710411,30.786
1770107177.744691,14654,256,1770107177.713867,30.823
1770107177.744919,14655,256,1770107177.714050,30.869
1770107177.747460,14657,256,1770107177.716691,30.769
1770107177.748659,14658,256,1770107177.717899,30.760
1770107177.752532,14660,256,1770107177.721783,30.749
1770107177.755290,14661,256,1770107177.724528,30.763
1770107177.756081,14662,256,1770107177.725307,30.773
1770107177.756611,14663,256,1770107177.725847,30.764
1770107177.757592,14664,256,1770107177.726827,30.765
1770107177.758163,14665,256,1770107177.727069,31.094
1770107177.759076,14666,256,1770107177.727266,31.810
1770107177.759462,14667,256,1770107177.727847,31.615
1770107177.760292,14668,256,1770107177.729536,30.756
1770107177.762197,14669,256,1770107177.731410,30.788
1770107177.764422,14670,256,1770107177.733637,30.786
1770107177.764698,14671,256,1770107177.733957,30.741
1770107177.767083,14672,256,1770107177.736285,30.798
1770107177.770202,14676,256,1770107177.739298,30.904
1770107177.770463,14677,256,1770107177.739486,30.977
1770107177.773741,14678,256,1770107177.742970,30.772
1770107177.774727,14679,256,1770107177.743923,30.803
1770107177.777561,14681,256,1770107177.746685,30.876
1770107177.782640,14683,256,1770107177.751879,30.760
1770107177.783382,14684,256,1770107177.752609,30.773
1770107177.783661,14685,256,1770107177.752654,31.008
1770107177.786337,14687,256,1770107177.755577,30.760
1770107177.786637,14688,256,1770107177.755820,30.817
1770107177.786928,14689,256,1770107177.755979,30.949
1770107177.788306,14690,256,1770107177.757541,30.764
1770107177.791929,14693,256,1770107177.760958,30.971
1770107177.792705,14694,256,1770107177.761934,30.771
1770107177.794799,14696,256,1770107177.764023,30.776
1770107177.795022,14697,256,1770107177.764133,30.889
1770107177.795756,14698,256,1770107177.765012,30.744
1770107177.801709,14699,256,1770107177.770933,30.776
1770107177.802501,14700,256,1770107177.771692,30.809
1770107177.802792,14701,256,1770107177.771786,31.005
1770107177.806898,14702,256,1770107177.776086,30.812
1770107177.814284,14703,256,1770107177.783479,30.805
1770107177.817439,14704,256,1770107177.786590,30.850
1770107177.817726,14705,256,1770107177.786816,30.909
1770107177.818623,14707,256,1770107177.787665,30.958
1770107177.819221,14708,256,1770107177.787910,31.311
1770107177.819526,14709,256,1770107177.788500,31.026
1770107177.819991,14710,256,1770107177.789265,30.726
1770107177.822663,14712,256,1770107177.791675,30.988
1770107177.822789,14713,256,1770107177.791800,30.989
1770107177.823016,14714,256,1770107177.791827,31.189
1770107177.824227,14715,256,1770107177.793380,30.848
1770107177.825787,14716,256,1770107177.794974,30.813
1770107177.828339,14718,256,1770107177.797614,30.725
1770107177.832459,14721,256,1770107177.801724,30.735
1770107177.833374,14722,256,1770107177.802637,30.736
1770107177.834212,14723,256,1770107177.803396,30.816
1770107177.834910,14724,256,1770107177.804120,30.790
1770107177.836130,14725,256,1770107177.805331,30.799
1770107177.839920,14727,256,1770107177.809112,30.807
1770107177.840173,14728,256,1770107177.809140,31.033
1770107177.841357,14729,256,1770107177.810569,30.788
1770107177.842545,14730,256,1770107177.811774,30.771
1770107177.842813,14731,256,1770107177.811803,31.011
1770107177.844443,14733,256,1770107177.813703,30.740
1770107177.846720,14734,256,1770107177.815995,30.726
1770107177.851584,14735,256,1770107177.820773,30.811
1770107177.854226,14736,256,1770107177.823179,31.047
1770107177.854519,14737,256,1770107177.823672,30.847
1770107177.855437,14738,256,1770107177.824589,30.848
1770107177.858811,14739,256,1770107177.827921,30.890
1770107177.859621,14740,256,1770107177.828843,30.777
1770107177.860518,14741,256,1770107177.829748,30.770
1770107177.863040,14742,256,1770107177.832219,30.821
1770107177.865299,14743,256,1770107177.834460,30.838
1770107177.867013,14744,256,1770107177.836217,30.797
1770107177.868417,14745,256,1770107177.837626,30.792
1770107177.870631,14746,256,1770107177.839471,31.160
1770107177.871220,14747,256,1770107177.840415,30.805
1770107177.871509,14748,256,1770107177.840700,30.809
1770107177.872183,14751,256,1770107177.840923,31.261
1770107177.874876,14754,256,1770107177.844132,30.745
1770107177.875180,14755,256,1770107177.844343,30.837
1770107177.876661,14756,256,1770107177.845840,30.821
1770107177.880379,14757,256,1770107177.849504,30.876
1770107177.880715,14758,256,1770107177.849614,31.101
1770107177.881513,14761,256,1770107177.850720,30.793
1770107177.884251,14763,256,1770107177.853406,30.845
1770107177.884905,14764,256,1770107177.854155,30.750
1770107177.885300,14765,256,1770107177.854463,30.837
1770107177.886676,14766,256,1770107177.855825,30.851
1770107177.887908,14767,256,1770107177.857081,30.826
1770107177.888388,14769,256,1770107177.857436,30.952
1770107177.889122,14771,256,1770107177.858207,30.915
1770107177.889834,14772,256,1770107177.858998,30.837
1770107177.890076,14773,256,1770107177.859205,30.871
1770107177.890532,14774,256,1770107177.859687,30.845
1770107177.894162,14777,256,1770107177.863225,30.936
1770107177.894475,14778,256,1770107177.863687,30.788
1770107177.896876,14779,256,1770107177.865908,30.968
1770107177.897171,14780,256,1770107177.866380,30.790
1770107177.897933,14781,256,1770107177.866944,30.988
1770107177.899410,14782,256,1770107177.868633,30.777
1770107177.901172,14783,256,1770107177.870266,30.906
1770107177.902254,14784,256,1770107177.871371,30.883
1770107177.903571,14785,256,1770107177.872742,30.829
1770107177.904499,14786,256,1770107177.873704,30.795
1770107177.906877,14787,256,1770107177.875890,30.987
1770107177.907059,14788,256,1770107177.876208,30.852
1770107177.907430,14789,256,1770107177.876513,30.917
1770107177.908958,14790,256,1770107177.878053,30.905
1770107177.910653,14791,256,1770107177.879763,30.890
1770107177.910860,14792,256,1770107177.879935,30.925
1770107177.912677,14793,256,1770107177.881833,30.844
1770107177.912952,14794,256,1770107177.882051,30.901
1770107177.913215,14795,256,1770107177.882112,31.103
1770107177.913549,14796,256,1770107177.882424,31.125
1770107177.914723,14797,256,1770107177.883873,30.850
1770107177.919564,14800,256,1770107177.888654,30.910
1770107177.920164,14801,256,1770107177.889334,30.830
1770107177.921336,14802,256,1770107177.890444,30.892
1770107177.921799,14803,256,1770107177.890897,30.902
1770107177.922021,14804,256,1770107177.891052,30.969
1770107177.922383,14805,256,1770107177.891507,30.876
1770107177.924302,14806,256,1770107177.893501,30.801
1770107177.927384,14808,256,1770107177.896316,31.068
1770107177.927567,14809,256,1770107177.896536,31.031
1770107177.929417,14810,256,1770107177.898505,30.912
1770107177.930079,14811,256,1770107177.899209,30.870
1770107177.934218,14812,256,1770107177.903085,31.133
1770107177.935072,14813,256,1770107177.904201,30.871
1770107177.937316,14816,256,1770107177.906434,30.883
1770107177.940920,14818,256,1770107177.909884,31.036
1770107177.943232,14819,256,1770107177.912332,30.900
1770107177.943866,14820,256,1770107177.912900,30.966
1770107177.944871,14821,256,1770107177.914074,30.797
1770107177.945432,14822,256,1770107177.914359,31.073
1770107177.946012,14823,256,1770107177.914479,31.533
1770107177.948651,14825,256,1770107177.917800,30.851
1770107177.949254,14826,256,1770107177.918449,30.804
1770107177.949980,14828,256,1770107177.919149,30.831
1770107177.951070,14829,256,1770107177.920212,30.857
1770107177.951339,14830,256,1770107177.920475,30.865
1770107177.957173,14833,256,1770107177.926334,30.839
1770107177.958760,14834,256,1770107177.927943,30.817
1770107177.960409,14835,256,1770107177.929330,31.080
1770107177.960602,14836,256,1770107177.929630,30.972
1770107177.964551,14838,256,1770107177.933440,31.111
1770107177.965550,14839,256,1770107177.934666,30.884
1770107177.965853,14840,256,1770107177.934777,31.076
1770107177.966040,14841,256,1770107177.935090,30.951
1770107177.966438,14842,256,1770107177.935581,30.856
1770107177.969029,14843,256,1770107177.938202,30.827
1770107177.975014,14844,256,1770107177.944059,30.955
1770107177.977830,14845,256,1770107177.946802,31.028
1770107177.979995,14846,256,1770107177.949135,30.860
1770107177.980329,14847,256,1770107177.949365,30.964
1770107177.982032,14848,256,1770107177.951053,30.978
1770107177.982274,14849,256,1770107177.951175,31.099
1770107177.985646,14851,256,1770107177.954765,30.881
1770107177.987298,14852,256,1770107177.956383,30.915
1770107177.987606,14853,256,1770107177.956665,30.941
1770107177.988887,14854,256,1770107177.957999,30.888
1770107177.990027,14855,256,1770107177.959216,30.811
1770107177.990382,14856,256,1770107177.959541,30.841
1770107177.993067,14860,256,1770107177.962200,30.867
1770107177.993274,14861,256,1770107177.962521,30.753
1770107177.993830,14863,256,1770107177.962754,31.075
1770107177.994633,14865,256,1770107177.963636,30.997
1770107177.995143,14866,256,1770107177.964028,31.115
1770107177.997567,14867,256,1770107177.966583,30.985
1770107177.998748,14869,256,1770107177.967832,30.917
1770107177.999587,14870,256,1770107177.968570,31.017
1770107178.001107,14871,256,1770107177.970204,30.903
1770107178.004269,14873,256,1770107177.973363,30.905
1770107178.005215,14874,256,1770107177.974320,30.895
1770107178.010483,14877,256,1770107177.979475,31.007
1770107178.012967,14878,256,1770107177.981964,31.003
1770107178.013551,14879,256,1770107177.982495,31.056
1770107178.015003,14880,256,1770107177.984213,30.790
1770107178.016940,14882,256,1770107177.986026,30.914
1770107178.019811,14883,256,1770107177.988873,30.938
1770107178.024146,14884,256,1770107177.993243,30.902
1770107178.026284,14886,256,1770107177.995368,30.916
1770107178.026576,14887,256,1770107177.995525,31.052
1770107178.029589,14892,256,1770107177.998734,30.854
1770107178.031588,14893,256,1770107178.000667,30.921
1770107178.036625,14894,256,1770107178.005614,31.012
1770107178.039348,14895,256,1770107178.008431,30.917
1770107178.039660,14896,256,1770107178.008702,30.957
1770107178.039910,14897,256,1770107178.009051,30.859
1770107178.041522,14898,256,1770107178.010631,30.890
1770107178.044523,14900,256,1770107178.013690,30.834
1770107178.045583,14902,256,1770107178.014814,30.769
1770107178.047314,14904,256,1770107178.016547,30.767
1770107178.048432,14905,256,1770107178.017490,30.942
1770107178.048729,14907,256,1770107178.017670,31.059
1770107178.054296,14908,256,1770107178.023241,31.054
1770107178.055309,14909,256,1770107178.024465,30.844
1770107178.056649,14910,256,1770107178.025757,30.892
1770107178.056948,14911,256,1770107178.026141,30.807
1770107178.059137,14913,256,1770107178.028283,30.854
1770107178.059387,14914,256,1770107178.028529,30.858
1770107178.059910,14915,256,1770107178.029052,30.858
1770107178.061075,14916,256,1770107178.030276,30.799
1770107178.062006,14917,256,1770107178.031229,30.777
1770107178.063802,14918,256,1770107178.033019,30.782
1770107178.064724,14919,256,1770107178.033941,30.784
1770107178.067039,14921,256,1770107178.036287,30.752
1770107178.067318,14922,256,1770107178.036424,30.895
1770107178.068390,14923,256,1770107178.037588,30.802
1770107178.070073,14924,256,1770107178.039210,30.862
1770107178.071757,14925,256,1770107178.040371,31.385
1770107178.071863,14926,256,1770107178.040992,30.871
1770107178.078472,14928,256,1770107178.047069,31.403
1770107178.080393,14930,256,1770107178.049550,30.843
1770107178.085470,14931,256,1770107178.054445,31.025
1770107178.085618,14932,256,1770107178.054776,30.842
1770107178.086051,14934,256,1770107178.055071,30.980
1770107178.086610,14935,256,1770107178.055795,30.815
1770107178.091600,14937,256,1770107178.060503,31.097
1770107178.094303,14939,256,1770107178.063341,30.962
1770107178.097144,14940,256,1770107178.066296,30.848
1770107178.098419,14941,256,1770107178.067425,30.993
1770107178.099140,14942,256,1770107178.067646,31.494
1770107178.099796,14943,256,1770107178.068021,31.775
1770107178.101037,14944,256,1770107178.070122,30.915
1770107178.101638,14945,256,1770107178.070497,31.141
1770107178.106925,14947,256,1770107178.075766,31.159
1770107178.108667,14950,256,1770107178.077530,31.137
1770107178.109171,14951,256,1770107178.078017,31.154
1770107178.109454,14952,256,1770107178.078280,31.174
1770107178.109772,14953,256,1770107178.078401,31.370
1770107178.112670,14955,256,1770107178.081666,31.004
1770107178.113343,14956,256,1770107178.082481,30.862
1770107178.113756,14957,256,1770107178.082964,30.792
1770107178.118224,14959,256,1770107178.087378,30.846
1770107178.119708,14961,256,1770107178.088826,30.883
1770107178.120024,14962,256,1770107178.089025,30.999
1770107178.120352,14963,256,1770107178.089454,30.897
1770107178.123519,14964,256,1770107178.092450,31.069
1770107178.129722,14967,256,1770107178.098795,30.927
1770107178.129961,14968,256,1770107178.098948,31.013
1770107178.130577,14969,256,1770107178.099784,30.792
1770107178.134296,14970,256,1770107178.103232,31.064
1770107178.134899,14971,256,1770107178.104082,30.818
1770107178.135979,14972,256,1770107178.105109,30.869
1770107178.138488,14973,256,1770107178.107248,31.240
1770107178.138704,14974,256,1770107178.107736,30.968
1770107178.140311,14975,256,1770107178.109375,30.936
1770107178.140862,14976,256,1770107178.109924,30.938
1770107178.144086,14978,256,1770107178.113229,30.858
1770107178.144332,14979,256,1770107178.113333,30.999
1770107178.145208,14980,256,1770107178.114379,30.829
1770107178.145958,14981,256,1770107178.115056,30.902
1770107178.146574,14983,256,1770107178.115594,30.981
1770107178.148573,14984,256,1770107178.117734,30.838
1770107178.148955,14985,256,1770107178.118118,30.838
1770107178.149213,14986,256,1770107178.118371,30.842
1770107178.150349,14987,256,1770107178.119457,30.893
1770107178.150702,14988,256,1770107178.119892,30.810
1770107178.152651,14989,256,1770107178.121767,30.884
1770107178.154040,14990,256,1770107178.123089,30.951
1770107178.157820,14992,256,1770107178.126847,30.972
1770107178.158223,14993,256,1770107178.127346,30.877
1770107178.159500,14994,256,1770107178.128608,30.892
1770107178.160840,14996,256,1770107178.129877,30.963
1770107178.162426,14997,256,1770107178.131488,30.938
1770107178.162679,14998,256,1770107178.131726,30.952
1770107178.163534,14999,256,1770107178.132666,30.868
1770107178.165072,15000,256,1770107178.134236,30.836
1770107178.165531,15001,256,1770107178.134755,30.775
1770107178.166255,15002,256,1770107178.135447,30.807
1770107178.166978,15003,256,1770107178.136210,30.768
1770107178.170534,15005,256,1770107178.139708,30.826
1770107178.170986,15006,256,1770107178.140203,30.783
1770107178.172923,15009,256,1770107178.142054,30.869
1770107178.173239,15010,256,1770107178.142403,30.837
1770107178.177109,15011,256,1770107178.145725,31.384
1770107178.177448,15012,256,1770107178.145928,31.520
1770107178.180405,15013,256,1770107178.149522,30.884
1770107178.180682,15014,256,1770107178.149693,30.989
1770107178.180975,15015,256,1770107178.149734,31.241
1770107178.182545,15016,256,1770107178.151658,30.887
1770107178.183292,15018,256,1770107178.152343,30.949
1770107178.184154,15019,256,1770107178.153272,30.882
1770107178.184407,15020,256,1770107178.153418,30.989
1770107178.186490,15022,256,1770107178.155596,30.894
1770107178.188524,15023,256,1770107178.157482,31.042
1770107178.195442,15025,256,1770107178.164411,31.031
1770107178.195754,15026,256,1770107178.164947,30.807
1770107178.197285,15029,256,1770107178.166412,30.873
1770107178.197563,15030,256,1770107178.166670,30.894
1770107178.199515,15031,256,1770107178.168695,30.820
1770107178.200623,15033,256,1770107178.169682,30.941
1770107178.201463,15035,256,1770107178.170662,30.801
1770107178.208092,15036,256,1770107178.177109,30.983
1770107178.208382,15037,256,1770107178.177371,31.012
1770107178.209467,15038,256,1770107178.178596,30.870
1770107178.209930,15039,256,1770107178.179108,30.822
1770107178.210385,15040,256,1770107178.179598,30.787
1770107178.211864,15041,256,1770107178.180826,31.039
1770107178.212718,15042,256,1770107178.181856,30.862
1770107178.214130,15043,256,1770107178.183227,30.904
1770107178.214892,15044,256,1770107178.183979,30.913
1770107178.218931,15046,256,1770107178.187879,31.053
1770107178.221232,15048,256,1770107178.190346,30.886
1770107178.221686,15049,256,1770107178.190853,30.833
1770107178.221999,15050,256,1770107178.191214,30.785
1770107178.223114,15051,256,1770107178.191873,31.241
1770107178.223544,15052,256,1770107178.191996,31.548
1770107178.224642,15053,256,1770107178.193739,30.903
1770107178.225608,15054,256,1770107178.194726,30.882
1770107178.230271,15056,256,1770107178.199378,30.892
1770107178.231572,15057,256,1770107178.200740,30.832
1770107178.232409,15058,256,1770107178.201356,31.053
1770107178.233959,15059,256,1770107178.203097,30.862
1770107178.235010,15060,256,1770107178.204172,30.838
1770107178.235294,15061,256,1770107178.204333,30.961
1770107178.236676,15062,256,1770107178.205863,30.812
1770107178.239500,15063,256,1770107178.208587,30.913
1770107178.239739,15064,256,1770107178.208961,30.778
1770107178.241355,15066,256,1770107178.210534,30.822
1770107178.243651,15067,256,1770107178.212742,30.910
1770107178.245760,15068,256,1770107178.214947,30.814
1770107178.251328,15070,256,1770107178.220497,30.830
1770107178.252511,15071,256,1770107178.221693,30.818
1770107178.253979,15072,256,1770107178.223053,30.926
1770107178.254666,15073,256,1770107178.223841,30.825
1770107178.255551,15074,256,1770107178.224690,30.860
1770107178.255810,15075,256,1770107178.224858,30.953
1770107178.259823,15078,256,1770107178.228999,30.824
1770107178.261986,15080,256,1770107178.231112,30.874
1770107178.262270,15081,256,1770107178.231520,30.750
1770107178.263329,15082,256,1770107178.232502,30.827
1770107178.265944,15084,256,1770107178.235113,30.832
1770107178.267101,15085,256,1770107178.236347,30.754
1770107178.268766,15086,256,1770107178.237968,30.799
1770107178.269037,15087,256,1770107178.238062,30.975
1770107178.270039,15088,256,1770107178.239137,30.902
1770107178.270625,15089,256,1770107178.239682,30.944
1770107178.271674,15090,256,1770107178.240875,30.799
1770107178.271976,15091,256,1770107178.241038,30.938
1770107178.273543,15092,256,1770107178.242694,30.848
1770107178.276640,15094,256,1770107178.245861,30.779
1770107178.278344,15095,256,1770107178.247511,30.833
1770107178.279209,15096,256,1770107178.248471,30.737
1770107178.290552,15102,256,1770107178.259649,30.904
1770107178.293646,15106,256,1770107178.262761,30.885
1770107178.296294,15108,256,1770107178.265328,30.966
1770107178.296411,15109,256,1770107178.265692,30.719
1770107178.297036,15110,256,1770107178.266260,30.777
1770107178.297864,15111,256,1770107178.267012,30.852
1770107178.299604,15112,256,1770107178.268741,30.863
1770107178.302890,15114,256,1770107178.272099,30.791
1770107178.303703,15115,256,1770107178.272981,30.722
1770107178.305456,15117,256,1770107178.274639,30.817
1770107178.305727,15118,256,1770107178.274699,31.028
1770107178.308683,15121,256,1770107178.277809,30.874
1770107178.310423,15122,256,1770107178.279496,30.928
1770107178.312002,15124,256,1770107178.281147,30.854
1770107178.312221,15125,256,1770107178.281437,30.784
1770107178.312975,15126,256,1770107178.282196,30.779
1770107178.313249,15127,256,1770107178.282245,31.004
1770107178.315884,15128,256,1770107178.284963,30.921
1770107178.317845,15129,256,1770107178.287044,30.801
1770107178.318478,15130,256,1770107178.287610,30.868
1770107178.323695,15133,256,1770107178.292768,30.927
1770107178.324035,15134,256,1770107178.293048,30.987
1770107178.325167,15135,256,1770107178.294144,31.023
1770107178.326099,15136,256,1770107178.294881,31.219
1770107178.326343,15137,256,1770107178.295215,31.128
1770107178.330835,15138,256,1770107178.299355,31.480
1770107178.332031,15139,256,1770107178.301111,30.921
1770107178.335444,15140,256,1770107178.304531,30.913
1770107178.339378,15142,256,1770107178.308348,31.030
1770107178.339815,15143,256,1770107178.308563,31.252
1770107178.340213,15144,256,1770107178.308754,31.459
1770107178.340451,15145,256,1770107178.309105,31.346
1770107178.341773,15146,256,1770107178.310769,31.004
1770107178.341980,15147,256,1770107178.310962,31.018
1770107178.345639,15148,256,1770107178.314671,30.968
1770107178.345841,15149,256,1770107178.314956,30.885
1770107178.347265,15150,256,1770107178.316403,30.863
1770107178.347518,15151,256,1770107178.316708,30.809
1770107178.349534,15153,256,1770107178.318457,31.077
1770107178.351596,15154,256,1770107178.320650,30.946
1770107178.352522,15156,256,1770107178.321654,30.867
1770107178.352860,15157,256,1770107178.322014,30.846
1770107178.356406,15159,256,1770107178.325428,30.978
1770107178.358016,15160,256,1770107178.327003,31.013
1770107178.358396,15161,256,1770107178.327515,30.880
1770107178.360359,15164,256,1770107178.329380,30.979
1770107178.361713,15165,256,1770107178.330609,31.104
1770107178.364936,15166,256,1770107178.333954,30.982
1770107178.366258,15167,256,1770107178.335350,30.908
1770107178.367119,15168,256,1770107178.336216,30.903
1770107178.367587,15169,256,1770107178.336740,30.847
1770107178.370710,15171,256,1770107178.339823,30.888
1770107178.374229,15173,256,1770107178.343179,31.050
1770107178.374824,15175,256,1770107178.343671,31.154
1770107178.376786,15177,256,1770107178.345824,30.961
1770107178.381363,15178,256,1770107178.350372,30.991
1770107178.382910,15179,256,1770107178.351916,30.994
1770107178.383848,15180,256,1770107178.352692,31.156
1770107178.384047,15181,256,1770107178.353219,30.828
1770107178.385072,15182,256,1770107178.354278,30.794
1770107178.385762,15183,256,1770107178.354886,30.876
1770107178.386852,15184,256,1770107178.356096,30.756
1770107178.391136,15185,256,1770107178.360240,30.896
1770107178.391530,15186,256,1770107178.360743,30.787
1770107178.391823,15187,256,1770107178.360808,31.015
1770107178.392124,15188,256,1770107178.361012,31.112
1770107178.394626,15189,256,1770107178.363766,30.860
1770107178.395911,15190,256,1770107178.364958,30.953
1770107178.396330,15191,256,1770107178.365265,31.065
1770107178.399284,15192,256,1770107178.368335,30.949
1770107178.399487,15193,256,1770107178.368730,30.758
1770107178.400951,15194,256,1770107178.370052,30.899
1770107178.401092,15195,256,1770107178.370089,31.003
1770107178.402005,15196,256,1770107178.370843,31.163
1770107178.408263,15197,256,1770107178.377247,31.016
1770107178.409718,15198,256,1770107178.378784,30.934
1770107178.411627,15199,256,1770107178.380455,31.172
1770107178.414760,15200,256,1770107178.383862,30.898
1770107178.415248,15201,256,1770107178.384476,30.772
1770107178.415633,15202,256,1770107178.384894,30.739
1770107178.418997,15203,256,1770107178.388140,30.857
1770107178.419205,15204,256,1770107178.388406,30.799
1770107178.419988,15205,256,1770107178.389160,30.828
1770107178.427545,15207,256,1770107178.396564,30.981
1770107178.427789,15208,256,1770107178.396777,31.012
1770107178.429228,15209,256,1770107178.398230,30.998
1770107178.435614,15212,256,1770107178.404481,31.133
1770107178.436344,15213,256,1770107178.405536,30.808
1770107178.436916,15214,256,1770107178.405889,31.028
1770107178.437224,15215,256,1770107178.406136,31.088
1770107178.440271,15217,256,1770107178.409364,30.908
1770107178.441012,15218,256,1770107178.410050,30.962
1770107178.445357,15220,256,1770107178.414349,31.008
1770107178.445509,15221,256,1770107178.414560,30.950
1770107178.448791,15222,256,1770107178.417816,30.975
1770107178.451930,15223,256,1770107178.420835,31.095
1770107178.452088,15224,256,1770107178.421181,30.907
1770107178.454826,15226,256,1770107178.423850,30.975
1770107178.455289,15227,256,1770107178.424494,30.795
1770107178.461169,15230,256,1770107178.430320,30.849
1770107178.462498,15231,256,1770107178.431532,30.966
1770107178.463104,15232,256,1770107178.432333,30.771
1770107178.471179,15233,256,1770107178.440172,31.006
1770107178.471759,15234,256,1770107178.440942,30.818
1770107178.473295,15235,256,1770107178.442299,30.996
1770107178.474688,15236,256,1770107178.443735,30.953
1770107178.475108,15238,256,1770107178.444322,30.787
1770107178.476702,15239,256,1770107178.445776,30.925
1770107178.478010,15240,256,1770107178.446916,31.094
1770107178.478262,15241,256,1770107178.447177,31.085
1770107178.480920,15242,256,1770107178.449996,30.923
1770107178.481437,15243,256,1770107178.450296,31.140
1770107178.483596,15245,256,1770107178.452716,30.880
1770107178.483995,15246,256,1770107178.452995,31.001
1770107178.484273,15247,256,1770107178.453351,30.922
1770107178.484573,15248,256,1770107178.453698,30.875
1770107178.486792,15249,256,1770107178.455974,30.818
1770107178.489263,15251,256,1770107178.458288,30.975
1770107178.489460,15252,256,1770107178.458506,30.955
1770107178.490874,15253,256,1770107178.459938,30.936
1770107178.491874,15255,256,1770107178.460895,30.979
1770107178.493170,15257,256,1770107178.462000,31.170
1770107178.493443,15258,256,1770107178.462209,31.233
1770107178.494232,15259,256,1770107178.463394,30.838
1770107178.494481,15260,256,1770107178.463608,30.873
1770107178.494760,15261,256,1770107178.463756,31.004
1770107178.497941,15262,256,1770107178.466986,30.955
1770107178.499128,15263,256,1770107178.468268,30.861
1770107178.500082,15264,256,1770107178.469133,30.949
1770107178.500355,15265,256,1770107178.469386,30.969
1770107178.503105,15266,256,1770107178.472166,30.939
1770107178.503722,15267,256,1770107178.472889,30.833
1770107178.506166,15269,256,1770107178.474231,31.935
1770107178.506464,15270,256,1770107178.475457,31.007
1770107178.507525,15271,256,1770107178.476547,30.979
1770107178.508241,15272,256,1770107178.477401,30.840
1770107178.508520,15273,256,1770107178.477677,30.843
1770107178.512272,15275,256,1770107178.481275,30.997
1770107178.512978,15276,256,1770107178.482128,30.850
1770107178.515281,15277,256,1770107178.484417,30.865
1770107178.515809,15278,256,1770107178.484937,30.872
1770107178.517251,15279,256,1770107178.486331,30.920
1770107178.518739,15280,256,1770107178.487815,30.924
1770107178.522092,15282,256,1770107178.491071,31.021
1770107178.522277,15283,256,1770107178.491341,30.936
1770107178.523350,15285,256,1770107178.492427,30.922
1770107178.528937,15287,256,1770107178.497948,30.989
1770107178.529147,15288,256,1770107178.498167,30.980
1770107178.530820,15289,256,1770107178.499808,31.013
1770107178.534361,15292,256,1770107178.503401,30.960
1770107178.536866,15293,256,1770107178.505919,30.947
1770107178.537345,15294,256,1770107178.506515,30.830
1770107178.539214,15297,256,1770107178.508279,30.935
1770107178.539436,15298,256,1770107178.508556,30.880
1770107178.544439,15300,256,1770107178.513129,31.310
1770107178.544674,15301,256,1770107178.513467,31.207
1770107178.544970,15302,256,1770107178.513557,31.413
1770107178.545395,15303,256,1770107178.513619,31.776
1770107178.545592,15304,256,1770107178.514050,31.542
1770107178.546227,15305,256,1770107178.514968,31.260
1770107178.553600,15310,256,1770107178.522607,30.993
1770107178.553964,15311,256,1770107178.523170,30.793
1770107178.554625,15312,256,1770107178.523674,30.951
1770107178.555234,15313,256,1770107178.524402,30.832
1770107178.556617,15314,256,1770107178.525384,31.233
1770107178.556943,15315,256,1770107178.525801,31.143
1770107178.557289,15316,256,1770107178.526001,31.288
1770107178.557501,15317,256,1770107178.526071,31.430
1770107178.558888,15319,256,1770107178.528013,30.874
1770107178.559919,15320,256,1770107178.528933,30.986
1770107178.560819,15321,256,1770107178.529894,30.925
1770107178.561734,15322,256,1770107178.530893,30.841
1770107178.562465,15324,256,1770107178.531614,30.850
1770107178.564244,15325,256,1770107178.533371,30.873
1770107178.564891,15327,256,1770107178.534006,30.885
1770107178.572367,15329,256,1770107178.541302,31.066
1770107178.578977,15330,256,1770107178.547387,31.590
1770107178.579138,15331,256,1770107178.548214,30.924
1770107178.579931,15332,256,1770107178.548675,31.255
1770107178.583255,15334,256,1770107178.552263,30.992
1770107178.583506,15335,256,1770107178.552483,31.023
1770107178.584319,15336,256,1770107178.552903,31.416
1770107178.584914,15337,256,1770107178.553996,30.918
1770107178.587103,15338,256,1770107178.556276,30.827
1770107178.587548,15339,256,1770107178.556701,30.848
1770107178.588824,15340,256,1770107178.557765,31.059
1770107178.592509,15343,256,1770107178.561520,30.988
1770107178.594178,15344,256,1770107178.563248,30.930
1770107178.595057,15345,256,1770107178.564209,30.848
1770107178.595897,15346,256,1770107178.564968,30.929
1770107178.596431,15347,256,1770107178.565504,30.927
1770107178.596781,15348,256,1770107178.565603,31.178
1770107178.599000,15349,256,1770107178.568017,30.983
1770107178.599783,15350,256,1770107178.568960,30.823
1770107178.601397,15353,256,1770107178.570540,30.857
1770107178.602400,15354,256,1770107178.571567,30.833
1770107178.602997,15355,256,1770107178.572147,30.850
1770107178.603311,15356,256,1770107178.572278,31.033
1770107178.604601,15357,256,1770107178.573317,31.284
1770107178.605175,15358,256,1770107178.573857,31.318
1770107178.605471,15360,256,1770107178.574103,31.368
1770107178.605913,15362,256,1770107178.574306,31.607
1770107178.606245,15363,256,1770107178.574382,31.863
1770107178.606506,15364,256,1770107178.575291,31.214
1770107178.607165,15365,256,1770107178.575969,31.195
1770107178.608286,15366,256,1770107178.577323,30.963
1770107178.612125,15367,256,1770107178.580878,31.247
1770107178.612916,15368,256,1770107178.581970,30.946
1770107178.615396,15369,256,1770107178.584453,30.943
1770107178.615793,15370,256,1770107178.584956,30.837
1770107178.617826,15372,256,1770107178.586790,31.037
1770107178.618601,15373,256,1770107178.587758,30.843
1770107178.618878,15374,256,1770107178.587913,30.965
1770107178.619171,15375,256,1770107178.587980,31.191
1770107178.619519,15377,256,1770107178.588319,31.200
1770107178.622128,15378,256,1770107178.591159,30.969
1770107178.622381,15379,256,1770107178.591455,30.926
1770107178.622980,15380,256,1770107178.591575,31.404
1770107178.624207,15381,256,1770107178.593096,31.111
1770107178.625119,15383,256,1770107178.593747,31.372
1770107178.627649,15384,256,1770107178.596652,30.996
1770107178.627884,15385,256,1770107178.596972,30.912
1770107178.629795,15386,256,1770107178.598976,30.819
1770107178.634283,15387,256,1770107178.603421,30.862
1770107178.636761,15390,256,1770107178.605927,30.835
1770107178.638233,15391,256,1770107178.607261,30.972
1770107178.639704,15392,256,1770107178.608836,30.868
1770107178.640497,15393,256,1770107178.609678,30.819
1770107178.640745,15394,256,1770107178.609766,30.979
1770107178.643397,15396,256,1770107178.612540,30.857
1770107178.644614,15397,256,1770107178.613688,30.926
1770107178.645534,15398,256,1770107178.614736,30.799
1770107178.646145,15399,256,1770107178.615377,30.767
1770107178.649150,15400,256,1770107178.617757,31.394
1770107178.649413,15401,256,1770107178.617988,31.425
1770107178.649716,15402,256,1770107178.618629,31.086
1770107178.651103,15404,256,1770107178.620206,30.897
1770107178.652235,15405,256,1770107178.621335,30.900
1770107178.654122,15406,256,1770107178.623259,30.863
1770107178.659544,15407,256,1770107178.628633,30.912
1770107178.661899,15408,256,1770107178.630851,31.049
1770107178.663922,15409,256,1770107178.633105,30.817
1770107178.664179,15410,256,1770107178.633239,30.940
1770107178.664485,15411,256,1770107178.633618,30.867
1770107178.665294,15412,256,1770107178.634527,30.767
1770107178.667422,15413,256,1770107178.636640,30.783
1770107178.667694,15414,256,1770107178.636931,30.763
1770107178.668530,15415,256,1770107178.637769,30.761
1770107178.669716,15416,256,1770107178.638890,30.826
1770107178.672797,15418,256,1770107178.641888,30.910
1770107178.673366,15419,256,1770107178.642579,30.787
1770107178.674533,15421,256,1770107178.643764,30.769
1770107178.676405,15422,256,1770107178.645582,30.823
1770107178.676975,15423,256,1770107178.646053,30.922
1770107178.679882,15424,256,1770107178.649019,30.862
1770107178.682913,15425,256,1770107178.652086,30.828
1770107178.683764,15426,256,1770107178.652966,30.798
1770107178.686656,15427,256,1770107178.655894,30.762
1770107178.687630,15428,256,1770107178.656881,30.749
1770107178.687923,15429,256,1770107178.657072,30.852
1770107178.689117,15430,256,1770107178.658231,30.886
1770107178.690742,15431,256,1770107178.659534,31.208
1770107178.690935,15432,256,1770107178.659677,31.258
1770107178.696295,15433,256,1770107178.665111,31.184
1770107178.704434,15435,256,1770107178.673499,30.934
1770107178.707235,15436,256,1770107178.676279,30.956
1770107178.709855,15437,256,1770107178.678993,30.862
1770107178.710117,15438,256,1770107178.679197,30.920
1770107178.711765,15439,256,1770107178.680808,30.957
1770107178.712531,15440,256,1770107178.681716,30.814
1770107178.715146,15442,256,1770107178.684318,30.828
1770107178.715422,15443,256,1770107178.684643,30.778
1770107178.715956,15444,256,1770107178.685233,30.723
1770107178.725227,15445,256,1770107178.694275,30.952
1770107178.727420,15446,256,1770107178.696386,31.034
1770107178.727668,15447,256,1770107178.696697,30.972
1770107178.728506,15448,256,1770107178.697745,30.761
1770107178.731071,15450,256,1770107178.700255,30.816
1770107178.732762,15451,256,1770107178.701904,30.858
1770107178.737925,15452,256,1770107178.707018,30.906
1770107178.739907,15454,256,1770107178.708965,30.942
1770107178.740057,15455,256,1770107178.709083,30.974
1770107178.742330,15456,256,1770107178.711233,31.097
1770107178.742628,15458,256,1770107178.711681,30.946
1770107178.743319,15460,256,1770107178.712285,31.034
1770107178.747934,15461,256,1770107178.717035,30.899
1770107178.750916,15463,256,1770107178.720016,30.900
1770107178.751215,15464,256,1770107178.720086,31.129
1770107178.752011,15465,256,1770107178.721165,30.846
1770107178.752285,15466,256,1770107178.721308,30.977
1770107178.752572,15467,256,1770107178.721702,30.870
1770107178.756407,15468,256,1770107178.725503,30.904
1770107178.757645,15469,256,1770107178.726771,30.874
1770107178.757898,15470,256,1770107178.726962,30.937
1770107178.760754,15471,256,1770107178.729780,30.974
1770107178.760999,15472,256,1770107178.730050,30.949
1770107178.762048,15473,256,1770107178.731162,30.885
1770107178.762899,15474,256,1770107178.731904,30.995
1770107178.764484,15475,256,1770107178.733665,30.819
1770107178.765836,15476,256,1770107178.734990,30.846
1770107178.766095,15477,256,1770107178.735333,30.762
1770107178.771724,15479,256,1770107178.740681,31.043
1770107178.772286,15480,256,1770107178.741091,31.195
1770107178.772573,15481,256,1770107178.741401,31.171
1770107178.772954,15482,256,1770107178.741500,31.454
1770107178.773167,15483,256,1770107178.742105,31.062
1770107178.776060,15484,256,1770107178.745112,30.948
1770107178.779184,15485,256,1770107178.748286,30.899
1770107178.779511,15486,256,1770107178.748737,30.774
1770107178.781240,15487,256,1770107178.750340,30.900
1770107178.782201,15488,256,1770107178.751410,30.790
1770107178.783485,15489,256,1770107178.752615,30.870
1770107178.785769,15490,256,1770107178.754884,30.885
1770107178.790260,15493,256,1770107178.759252,31.008
1770107178.791009,15494,256,1770107178.760118,30.891
1770107178.791326,15495,256,1770107178.760325,31.001
1770107178.793137,15496,256,1770107178.762180,30.956
1770107178.794002,15497,256,1770107178.762600,31.402
1770107178.794100,15498,256,1770107178.762691,31.410
1770107178.794355,15499,256,1770107178.763487,30.868
1770107178.794794,15500,256,1770107178.763931,30.864
1770107178.796347,15501,256,1770107178.765351,30.996
1770107178.798815,15502,256,1770107178.767943,30.873
1770107178.801170,15504,256,1770107178.770385,30.785
1770107178.802734,15505,256,1770107178.771901,30.834
1770107178.804311,15506,256,1770107178.773350,30.962
1770107178.805731,15508,256,1770107178.774790,30.942
1770107178.806546,15509,256,1770107178.775685,30.861
1770107178.807521,15510,256,1770107178.776499,31.022
1770107178.811176,15511,256,1770107178.780147,31.029
1770107178.811900,15513,256,1770107178.780923,30.977
1770107178.816202,15515,256,1770107178.785319,30.883
1770107178.818961,15516,256,1770107178.787830,31.131
1770107178.819210,15517,256,1770107178.787945,31.265
1770107178.821601,15518,256,1770107178.790371,31.229
1770107178.822887,15519,256,1770107178.791650,31.237
1770107178.825149,15522,256,1770107178.793676,31.473
1770107178.825972,15523,256,1770107178.793983,31.989
1770107178.826869,15524,256,1770107178.794821,32.048
1770107178.827137,15526,256,1770107178.796176,30.961
1770107178.827622,15527,256,1770107178.796457,31.165
1770107178.828929,15529,256,1770107178.798028,30.900
1770107178.831643,15530,256,1770107178.800743,30.900
1770107178.832546,15531,256,1770107178.801482,31.064
1770107178.832814,15532,256,1770107178.801562,31.252
1770107178.833965,15534,256,1770107178.803179,30.786
1770107178.840152,15536,256,1770107178.809175,30.976
1770107178.842484,15537,256,1770107178.811443,31.041
1770107178.843379,15538,256,1770107178.812465,30.913
1770107178.845538,15539,256,1770107178.814708,30.830
1770107178.846824,15540,256,1770107178.816035,30.789
1770107178.847765,15543,256,1770107178.816728,31.038
1770107178.848691,15544,256,1770107178.817863,30.828
1770107178.851870,15546,256,1770107178.821018,30.852
1770107178.854468,15547,256,1770107178.823525,30.943
1770107178.855044,15548,256,1770107178.823873,31.172
1770107178.856777,15550,256,1770107178.825842,30.935
1770107178.858475,15551,256,1770107178.827489,30.987
1770107178.858860,15552,256,1770107178.828005,30.854
1770107178.859155,15553,256,1770107178.828265,30.890
1770107178.863842,15555,256,1770107178.832960,30.882
1770107178.867671,15556,256,1770107178.836844,30.827
1770107178.868363,15557,256,1770107178.837557,30.806
1770107178.869343,15558,256,1770107178.838548,30.795
1770107178.869580,15559,256,1770107178.838609,30.971
1770107178.872278,15560,256,1770107178.841418,30.860
1770107178.872576,15561,256,1770107178.841586,30.990
1770107178.872823,15562,256,1770107178.841743,31.080
1770107178.873884,15563,256,1770107178.842846,31.038
1770107178.874100,15564,256,1770107178.843341,30.759
1770107178.875724,15565,256,1770107178.844852,30.872
1770107178.877588,15566,256,1770107178.846571,31.017
1770107178.877872,15567,256,1770107178.846652,31.220
1770107178.879810,15568,256,1770107178.849039,30.771
1770107178.880288,15569,256,1770107178.849531,30.757
1770107178.881092,15570,256,1770107178.850359,30.733
1770107178.883008,15571,256,1770107178.852212,30.796
1770107178.886405,15572,256,1770107178.855517,30.889
1770107178.886701,15573,256,1770107178.855680,31.021
1770107178.894619,15575,256,1770107178.863728,30.891
1770107178.898380,15577,256,1770107178.867328,31.052
1770107178.899305,15578,256,1770107178.868534,30.771
1770107178.904033,15581,256,1770107178.873219,30.814
1770107178.905399,15582,256,1770107178.874590,30.809
1770107178.907879,15583,256,1770107178.876926,30.953
1770107178.908308,15585,256,1770107178.877203,31.106
1770107178.908957,15586,256,1770107178.878153,30.803
1770107178.909244,15587,256,1770107178.878232,31.013
1770107178.909524,15588,256,1770107178.878279,31.245
1770107178.910228,15589,256,1770107178.879249,30.979
1770107178.912758,15590,256,1770107178.881877,30.881
1770107178.913772,15591,256,1770107178.882987,30.784
1770107178.914052,15592,256,1770107178.883138,30.913
1770107178.915064,15593,256,1770107178.884286,30.777
1770107178.915437,15594,256,1770107178.884696,30.741
1770107178.916104,15595,256,1770107178.885353,30.751
1770107178.916492,15596,256,1770107178.885694,30.798
1770107178.918254,15597,256,1770107178.887331,30.923
1770107178.919708,15598,256,1770107178.888962,30.746
1770107178.922375,15599,256,1770107178.891442,30.933
1770107178.922648,15600,256,1770107178.891727,30.921
1770107178.923046,15601,256,1770107178.892229,30.817
1770107178.929897,15606,256,1770107178.899008,30.890
1770107178.930116,15607,256,1770107178.899264,30.852
1770107178.930543,15608,256,1770107178.899799,30.745
1770107178.931206,15609,256,1770107178.900462,30.744
1770107178.931993,15610,256,1770107178.901207,30.786
1770107178.932350,15611,256,1770107178.901592,30.758
1770107178.932640,15612,256,1770107178.901746,30.894
1770107178.933347,15613,256,1770107178.902594,30.753
1770107178.933867,15615,256,1770107178.902948,30.919
1770107178.934166,15616,256,1770107178.903266,30.900
1770107178.935272,15617,256,1770107178.904314,30.958
1770107178.937614,15618,256,1770107178.906815,30.799
1770107178.939426,15621,256,1770107178.908534,30.893
1770107178.940693,15622,256,1770107178.909873,30.820
1770107178.941504,15624,256,1770107178.910407,31.098
1770107178.945230,15626,256,1770107178.914314,30.915
1770107178.945455,15627,256,1770107178.914501,30.954
1770107178.945864,15628,256,1770107178.915118,30.746
1770107178.947101,15630,256,1770107178.916281,30.819
1770107178.949435,15631,256,1770107178.918369,31.065
1770107178.955670,15632,256,1770107178.924818,30.851
1770107178.956765,15633,256,1770107178.925713,31.052
1770107178.957048,15634,256,1770107178.926230,30.818
1770107178.958824,15635,256,1770107178.927967,30.857
1770107178.960350,15636,256,1770107178.929487,30.863
1770107178.960550,15637,256,1770107178.929743,30.807
1770107178.960830,15638,256,1770107178.929996,30.834
1770107178.966087,15640,256,1770107178.934143,31.944
1770107178.967464,15642,256,1770107178.936557,30.907
1770107178.967984,15643,256,1770107178.937232,30.752
1770107178.969016,15644,256,1770107178.938147,30.869
1770107178.969921,15645,256,1770107178.939074,30.848
1770107178.970875,15646,256,1770107178.940069,30.806
1770107178.971317,15648,256,1770107178.940568,30.748
1770107178.971745,15649,256,1770107178.940948,30.797
1770107178.972014,15650,256,1770107178.941041,30.973
1770107178.982173,15652,256,1770107178.951286,30.888
1770107178.984520,15653,256,1770107178.953701,30.819
1770107178.985435,15655,256,1770107178.954636,30.800
1770107178.985986,15656,256,1770107178.954883,31.103
1770107178.986290,15657,256,1770107178.955465,30.824
1770107178.989789,15658,256,1770107178.958669,31.120
1770107178.991966,15659,256,1770107178.960591,31.374
1770107178.994416,15660,256,1770107178.963507,30.909
1770107178.996441,15661,256,1770107178.965580,30.861
1770107178.998722,15662,256,1770107178.967804,30.918
1770107178.999719,15663,256,1770107178.968765,30.954
1770107178.999905,15664,256,1770107178.968960,30.945
1770107179.000242,15665,256,1770107178.969115,31.127
1770107179.006337,15667,256,1770107178.975318,31.019
1770107179.007485,15668,256,1770107178.976579,30.906
1770107179.007841,15669,256,1770107178.976774,31.067
1770107179.008075,15670,256,1770107178.976854,31.221
1770107179.011826,15671,256,1770107178.980744,31.082
1770107179.013570,15673,256,1770107178.982628,30.942
1770107179.015917,15675,256,1770107178.984975,30.942
1770107179.016109,15676,256,1770107178.985123,30.986
1770107179.016413,15677,256,1770107178.985437,30.976
1770107179.016768,15678,256,1770107178.985749,31.020
1770107179.017115,15679,256,1770107178.986214,30.901
1770107179.020521,15680,256,1770107178.989530,30.991
1770107179.020711,15681,256,1770107178.989747,30.963
1770107179.021360,15682,256,1770107178.990088,31.273
1770107179.022419,15683,256,1770107178.991476,30.943
1770107179.022783,15684,256,1770107178.991884,30.899
1770107179.023359,15686,256,1770107178.992423,30.936
1770107179.023988,15687,256,1770107178.992845,31.143
1770107179.025413,15688,256,1770107178.994425,30.988
1770107179.026124,15690,256,1770107178.995087,31.036
1770107179.026287,15691,256,1770107178.995254,31.033
1770107179.033045,15694,256,1770107179.002035,31.010
1770107179.035753,15695,256,1770107179.004788,30.965
1770107179.037301,15696,256,1770107179.006255,31.046
1770107179.039708,15697,256,1770107179.008572,31.137
1770107179.039999,15698,256,1770107179.009142,30.858
1770107179.042611,15702,256,1770107179.011773,30.837
1770107179.042872,15703,256,1770107179.011856,31.016
1770107179.044584,15705,256,1770107179.013752,30.832
1770107179.045812,15706,256,1770107179.014866,30.946
1770107179.047565,15707,256,1770107179.016625,30.941
1770107179.052526,15709,256,1770107179.021563,30.963
1770107179.052817,15710,256,1770107179.021926,30.891
1770107179.054903,15711,256,1770107179.023954,30.949
1770107179.055532,15712,256,1770107179.024669,30.863
1770107179.055975,15714,256,1770107179.024925,31.050
1770107179.056533,15715,256,1770107179.025714,30.819
1770107179.057775,15716,256,1770107179.026681,31.094
1770107179.061149,15717,256,1770107179.030204,30.945
1770107179.061386,15718,256,1770107179.030430,30.957
1770107179.061679,15719,256,1770107179.030848,30.831
1770107179.063260,15720,256,1770107179.032375,30.885
1770107179.064598,15721,256,1770107179.033773,30.826
1770107179.065072,15723,256,1770107179.034019,31.053
1770107179.066576,15725,256,1770107179.035656,30.920
1770107179.069271,15727,256,1770107179.038449,30.822
1770107179.069521,15728,256,1770107179.038708,30.813
1770107179.074903,15730,256,1770107179.043861,31.042
1770107179.075454,15731,256,1770107179.044616,30.839
1770107179.076525,15732,256,1770107179.045636,30.889
1770107179.077032,15733,256,1770107179.046206,30.826
1770107179.078758,15734,256,1770107179.047909,30.849
1770107179.079618,15735,256,1770107179.048830,30.788
1770107179.081764,15736,256,1770107179.050997,30.766
1770107179.082972,15737,256,1770107179.052204,30.767
1770107179.083251,15738,256,1770107179.052261,30.990
1770107179.083626,15739,256,1770107179.052865,30.761
1770107179.084843,15742,256,1770107179.053932,30.911
1770107179.085244,15743,256,1770107179.054458,30.786
1770107179.085475,15744,256,1770107179.054499,30.976
1770107179.086154,15746,256,1770107179.055265,30.889
1770107179.091675,15748,256,1770107179.060354,31.320
1770107179.092695,15750,256,1770107179.061924,30.772
1770107179.094825,15751,256,1770107179.064041,30.783
1770107179.095308,15752,256,1770107179.064556,30.752
1770107179.096707,15753,256,1770107179.065943,30.764
1770107179.101285,15754,256,1770107179.070505,30.779
1770107179.101993,15755,256,1770107179.071210,30.783
1770107179.102685,15756,256,1770107179.071893,30.792
1770107179.102952,15757,256,1770107179.072109,30.843
1770107179.103249,15758,256,1770107179.072397,30.852
1770107179.104574,15759,256,1770107179.073601,30.974
1770107179.104846,15760,256,1770107179.073988,30.857
1770107179.108739,15761,256,1770107179.077682,31.057
1770107179.109140,15762,256,1770107179.078331,30.809
1770107179.109696,15763,256,1770107179.078906,30.790
1770107179.111079,15765,256,1770107179.080300,30.778
1770107179.111343,15766,256,1770107179.080382,30.961
1770107179.113239,15767,256,1770107179.082447,30.792
1770107179.116205,15768,256,1770107179.085417,30.787
1770107179.119389,15769,256,1770107179.088494,30.895
1770107179.120074,15770,256,1770107179.089267,30.807
1770107179.121693,15771,256,1770107179.090865,30.828
1770107179.123502,15772,256,1770107179.092683,30.819
1770107179.126167,15773,256,1770107179.095147,31.020
1770107179.130698,15775,256,1770107179.099794,30.904
1770107179.132185,15776,256,1770107179.101330,30.854
1770107179.132359,15777,256,1770107179.101407,30.952
1770107179.142224,15779,256,1770107179.111310,30.914
1770107179.144113,15780,256,1770107179.113259,30.854
1770107179.148712,15782,256,1770107179.117667,31.044
1770107179.151396,15783,256,1770107179.120348,31.048
1770107179.155184,15784,256,1770107179.124300,30.885
1770107179.155457,15785,256,1770107179.124437,31.020
1770107179.156093,15786,256,1770107179.125301,30.792
1770107179.161233,15787,256,1770107179.130355,30.878
1770107179.164660,15788,256,1770107179.133846,30.814
1770107179.165271,15789,256,1770107179.134533,30.737
1770107179.167038,15790,256,1770107179.136131,30.907
1770107179.170829,15791,256,1770107179.139847,30.982
1770107179.170970,15792,256,1770107179.139991,30.979
1770107179.171825,15793,256,1770107179.140812,31.013
1770107179.172948,15795,256,1770107179.141882,31.066
1770107179.174095,15796,256,1770107179.143225,30.870
1770107179.175597,15797,256,1770107179.144533,31.064
1770107179.176367,15798,256,1770107179.145593,30.774
1770107179.178206,15800,256,1770107179.147403,30.803
1770107179.187308,15801,256,1770107179.156375,30.933
1770107179.188603,15803,256,1770107179.157724,30.879
1770107179.189313,15804,256,1770107179.158426,30.887
1770107179.189900,15805,256,1770107179.159111,30.789
1770107179.191216,15806,256,1770107179.160346,30.870
1770107179.194595,15807,256,1770107179.163710,30.885
1770107179.194817,15808,256,1770107179.163812,31.005
1770107179.199071,15809,256,1770107179.168221,30.850
1770107179.199313,15810,256,1770107179.168319,30.994
1770107179.201017,15811,256,1770107179.170198,30.818
1770107179.201610,15812,256,1770107179.170532,31.078
1770107179.208405,15813,256,1770107179.177418,30.987
1770107179.208820,15815,256,1770107179.177975,30.844
1770107179.210493,15816,256,1770107179.179513,30.980
1770107179.221609,15821,256,1770107179.190571,31.038
1770107179.221819,15822,256,1770107179.190852,30.967
1770107179.224074,15823,256,1770107179.192935,31.139
1770107179.225075,15825,256,1770107179.193780,31.295
1770107179.225418,15826,256,1770107179.193939,31.479
1770107179.230306,15828,256,1770107179.199286,31.020
1770107179.230488,15829,256,1770107179.199502,30.987
1770107179.231379,15830,256,1770107179.200530,30.850
1770107179.235137,15831,256,1770107179.204217,30.919
1770107179.235404,15832,256,1770107179.204530,30.874
1770107179.236291,15833,256,1770107179.204973,31.318
1770107179.236549,15834,256,1770107179.205027,31.522
1770107179.237142,15835,256,1770107179.206065,31.077
1770107179.237831,15836,256,1770107179.206830,31.001
1770107179.243901,15840,256,1770107179.212942,30.959
1770107179.245801,15842,256,1770107179.214944,30.857
1770107179.246058,15843,256,1770107179.215212,30.846
1770107179.250582,15844,256,1770107179.219625,30.957
1770107179.258479,15845,256,1770107179.227432,31.047
1770107179.262747,15846,256,1770107179.231874,30.873
1770107179.263004,15847,256,1770107179.232120,30.884
1770107179.264392,15848,256,1770107179.233529,30.864
1770107179.269794,15851,256,1770107179.238877,30.918
1770107179.274476,15852,256,1770107179.243214,31.262
1770107179.274663,15853,256,1770107179.243423,31.239
1770107179.276355,15854,256,1770107179.245456,30.899
1770107179.277985,15855,256,1770107179.247114,30.871
1770107179.284892,15858,256,1770107179.253978,30.914
1770107179.286025,15860,256,1770107179.255120,30.905
1770107179.289958,15862,256,1770107179.258995,30.962
1770107179.291307,15863,256,1770107179.260308,30.999
1770107179.295999,15864,256,1770107179.265059,30.940
1770107179.298347,15865,256,1770107179.267247,31.099
1770107179.298452,15866,256,1770107179.267434,31.018
1770107179.299493,15867,256,1770107179.268442,31.051
1770107179.299650,15868,256,1770107179.268723,30.927
1770107179.300490,15869,256,1770107179.269547,30.943
1770107179.300711,15870,256,1770107179.269701,31.010
1770107179.301290,15872,256,1770107179.270457,30.833
1770107179.301579,15873,256,1770107179.270714,30.864
1770107179.302266,15874,256,1770107179.271441,30.825
1770107179.303904,15875,256,1770107179.272975,30.929
1770107179.304465,15876,256,1770107179.273591,30.874
1770107179.304876,15877,256,1770107179.273804,31.072
1770107179.305876,15878,256,1770107179.274951,30.925
1770107179.309263,15879,256,1770107179.278268,30.994
1770107179.312803,15880,256,1770107179.281919,30.885
1770107179.315165,15881,256,1770107179.283902,31.263
1770107179.317137,15883,256,1770107179.286217,30.920
1770107179.318307,15884,256,1770107179.286894,31.414
1770107179.318574,15885,256,1770107179.287426,31.147
1770107179.318862,15886,256,1770107179.287822,31.040
1770107179.322309,15887,256,1770107179.291261,31.048
1770107179.324454,15888,256,1770107179.293487,30.967
1770107179.326204,15890,256,1770107179.295357,30.847
1770107179.327154,15891,256,1770107179.296221,30.933
1770107179.327742,15892,256,1770107179.296949,30.792
1770107179.328944,15893,256,1770107179.298166,30.779
1770107179.329834,15894,256,1770107179.298979,30.856
1770107179.330736,15895,256,1770107179.299886,30.850
1770107179.331024,15896,256,1770107179.300164,30.860
1770107179.333387,15897,256,1770107179.302505,30.882
1770107179.333734,15898,256,1770107179.303009,30.725
1770107179.334645,15899,256,1770107179.303868,30.777
1770107179.338112,15901,256,1770107179.307247,30.865
1770107179.338352,15902,256,1770107179.307503,30.849
1770107179.338932,15903,256,1770107179.308158,30.774
1770107179.341155,15904,256,1770107179.310274,30.881
1770107179.342559,15905,256,1770107179.311794,30.766
1770107179.343379,15906,256,1770107179.312575,30.803
1770107179.346976,15908,256,1770107179.315910,31.066
1770107179.352517,15909,256,1770107179.321702,30.814
1770107179.353142,15911,256,1770107179.322391,30.751
1770107179.353447,15912,256,1770107179.322714,30.733
1770107179.355265,15913,256,1770107179.324142,31.123
1770107179.357034,15914,256,1770107179.326081,30.953
1770107179.361885,15916,256,1770107179.331086,30.799
1770107179.363362,15917,256,1770107179.332649,30.713
1770107179.367865,15918,256,1770107179.335030,32.835
1770107179.367969,15919,256,1770107179.335281,32.688
1770107179.367984,15920,256,1770107179.335299,32.685
1770107179.368296,15921,256,1770107179.337551,30.745
1770107179.368941,15922,256,1770107179.338176,30.765
1770107179.369229,15923,256,1770107179.338249,30.980
1770107179.370157,15924,256,1770107179.339357,30.799
1770107179.370399,15925,256,1770107179.339416,30.982
1770107179.371065,15926,256,1770107179.340333,30.732
1770107179.373475,15927,256,1770107179.342547,30.927
1770107179.374766,15928,256,1770107179.343972,30.793
1770107179.376661,15929,256,1770107179.345824,30.837
1770107179.377023,15930,256,1770107179.346190,30.833
1770107179.378871,15931,256,1770107179.348094,30.778
1770107179.380320,15933,256,1770107179.349370,30.950
1770107179.380576,15934,256,1770107179.349493,31.083
1770107179.381171,15935,256,1770107179.349997,31.174
1770107179.381765,15936,256,1770107179.350734,31.031
1770107179.382262,15938,256,1770107179.351549,30.713
1770107179.383778,15940,256,1770107179.353015,30.763
1770107179.384607,15941,256,1770107179.353871,30.736
1770107179.387517,15942,256,1770107179.356744,30.774
1770107179.388717,15943,256,1770107179.357755,30.962
1770107179.390253,15945,256,1770107179.359362,30.891
1770107179.390386,15946,256,1770107179.359565,30.821
1770107179.394950,15949,256,1770107179.364197,30.752
1770107179.395221,15950,256,1770107179.364226,30.995
1770107179.397646,15951,256,1770107179.366677,30.969
1770107179.397977,15953,256,1770107179.366901,31.076
1770107179.398278,15954,256,1770107179.366914,31.363
1770107179.399210,15955,256,1770107179.368414,30.796
1770107179.401384,15957,256,1770107179.370583,30.801
1770107179.401705,15958,256,1770107179.370923,30.782
1770107179.405558,15959,256,1770107179.374588,30.970
1770107179.405979,15960,256,1770107179.375171,30.808
1770107179.407401,15961,256,1770107179.376479,30.922
1770107179.407641,15962,256,1770107179.376742,30.899
1770107179.410882,15963,256,1770107179.379529,31.354
1770107179.411330,15964,256,1770107179.380507,30.823
1770107179.413042,15965,256,1770107179.382261,30.781
1770107179.413289,15966,256,1770107179.382412,30.877
1770107179.415625,15967,256,1770107179.384792,30.833
1770107179.416362,15968,256,1770107179.385561,30.801
1770107179.416914,15969,256,1770107179.385777,31.137
1770107179.417215,15970,256,1770107179.386259,30.957
1770107179.419746,15971,256,1770107179.388853,30.892
1770107179.421728,15973,256,1770107179.390960,30.768
1770107179.423685,15974,256,1770107179.392802,30.883
1770107179.424038,15975,256,1770107179.393215,30.823
1770107179.428102,15977,256,1770107179.397251,30.851
1770107179.429323,15979,256,1770107179.398328,30.994
1770107179.429531,15980,256,1770107179.398557,30.975
1770107179.431039,15981,256,1770107179.400212,30.827
1770107179.431449,15982,256,1770107179.400636,30.813
1770107179.431967,15983,256,1770107179.400726,31.241
1770107179.432865,15984,256,1770107179.401890,30.975
1770107179.434573,15985,256,1770107179.403691,30.882
1770107179.434976,15986,256,1770107179.404203,30.773
1770107179.435525,15987,256,1770107179.404592,30.933
1770107179.438329,15988,256,1770107179.407348,30.982
1770107179.439655,15991,256,1770107179.408836,30.818
1770107179.439942,15992,256,1770107179.409103,30.839
1770107179.441659,15993,256,1770107179.410774,30.884
1770107179.442935,15994,256,1770107179.412080,30.856
1770107179.443178,15995,256,1770107179.412211,30.968
1770107179.443831,15996,256,1770107179.413063,30.768
1770107179.445596,15997,256,1770107179.414857,30.738
1770107179.446524,15998,256,1770107179.415787,30.736
1770107179.447403,15999,256,1770107179.416174,31.229
1770107179.447749,16000,256,1770107179.416859,30.890
1770107179.449608,16002,256,1770107179.418608,31.000
1770107179.450249,16003,256,1770107179.418920,31.329
1770107179.450887,16004,256,1770107179.420096,30.791
1770107179.451943,16005,256,1770107179.421110,30.833
1770107179.453795,16006,256,1770107179.423038,30.757
1770107179.455563,16007,256,1770107179.424643,30.920
1770107179.455831,16008,256,1770107179.425085,30.746
1770107179.456154,16009,256,1770107179.425141,31.013
1770107179.460883,16010,256,1770107179.430072,30.812
1770107179.464839,16011,256,1770107179.434030,30.809
1770107179.465104,16012,256,1770107179.434111,30.993
1770107179.465540,16013,256,1770107179.434788,30.752
1770107179.468272,16016,256,1770107179.437416,30.856
1770107179.469099,16018,256,1770107179.438162,30.937
1770107179.476019,16019,256,1770107179.445039,30.980
1770107179.477224,16020,256,1770107179.446313,30.911
1770107179.478071,16021,256,1770107179.447258,30.812
1770107179.478389,16022,256,1770107179.447627,30.762
1770107179.479418,16023,256,1770107179.448651,30.767
1770107179.479847,16024,256,1770107179.449090,30.757
1770107179.480772,16025,256,1770107179.449987,30.785
1770107179.482037,16026,256,1770107179.451294,30.744
1770107179.484823,16027,256,1770107179.453851,30.971
1770107179.485115,16028,256,1770107179.454049,31.066
1770107179.485415,16029,256,1770107179.454258,31.156
1770107179.485689,16030,256,1770107179.454498,31.191
1770107179.487593,16032,256,1770107179.456799,30.795
1770107179.488481,16034,256,1770107179.457394,31.087
1770107179.490169,16035,256,1770107179.459274,30.895
1770107179.495203,16037,256,1770107179.463970,31.233
1770107179.495443,16038,256,1770107179.464527,30.916
1770107179.495759,16039,256,1770107179.464838,30.921
1770107179.497801,16041,256,1770107179.467002,30.799
1770107179.498796,16042,256,1770107179.468033,30.764
1770107179.500327,16043,256,1770107179.469297,31.030
1770107179.502345,16044,256,1770107179.471397,30.948
1770107179.502894,16045,256,1770107179.471869,31.025
1770107179.504871,16046,256,1770107179.473951,30.920
1770107179.505891,16047,256,1770107179.474963,30.927
1770107179.509480,16049,256,1770107179.478495,30.986
1770107179.512222,16050,256,1770107179.481169,31.053
1770107179.517138,16051,256,1770107179.486228,30.910
1770107179.518090,16052,256,1770107179.487203,30.887
1770107179.518447,16053,256,1770107179.487635,30.812
1770107179.520527,16054,256,1770107179.489592,30.935
1770107179.523029,16055,256,1770107179.491996,31.033
1770107179.526333,16058,256,1770107179.495318,31.015
1770107179.529176,16059,256,1770107179.498344,30.832
1770107179.531734,16061,256,1770107179.500747,30.987
1770107179.532752,16062,256,1770107179.502006,30.746
1770107179.533557,16063,256,1770107179.502746,30.811
1770107179.534687,16064,256,1770107179.503918,30.769
1770107179.538243,16066,256,1770107179.507464,30.778
1770107179.539830,16067,256,1770107179.508933,30.897
1770107179.540497,16068,256,1770107179.509744,30.753
1770107179.541442,16069,256,1770107179.510620,30.822
1770107179.541984,16071,256,1770107179.511207,30.777
1770107179.542268,16072,256,1770107179.511275,30.993
1770107179.542665,16073,256,1770107179.511524,31.141
1770107179.542973,16074,256,1770107179.511984,30.989
1770107179.544210,16075,256,1770107179.513453,30.756
1770107179.544961,16077,256,1770107179.514075,30.886
1770107179.549888,16078,256,1770107179.519022,30.867
1770107179.551985,16079,256,1770107179.521061,30.925
1770107179.552248,16080,256,1770107179.521379,30.869
1770107179.552907,16082,256,1770107179.522138,30.768
1770107179.554250,16084,256,1770107179.523297,30.953
1770107179.554752,16085,256,1770107179.523583,31.169
1770107179.555006,16086,256,1770107179.523610,31.395
1770107179.555441,16087,256,1770107179.524027,31.414
1770107179.555740,16088,256,1770107179.524546,31.194
1770107179.556483,16089,256,1770107179.525725,30.758
1770107179.558600,16090,256,1770107179.527742,30.859
1770107179.558823,16091,256,1770107179.527837,30.986
1770107179.561757,16092,256,1770107179.530974,30.782
1770107179.562395,16093,256,1770107179.531619,30.776
1770107179.563478,16094,256,1770107179.532732,30.745
1770107179.565103,16095,256,1770107179.534349,30.754
1770107179.565928,16096,256,1770107179.535212,30.716
1770107179.570477,16098,256,1770107179.539727,30.749
1770107179.571392,16099,256,1770107179.540393,30.999
1770107179.571570,16100,256,1770107179.540629,30.941
1770107179.576223,16101,256,1770107179.544648,31.575
1770107179.576412,16102,256,1770107179.544937,31.475
1770107179.576451,16103,256,1770107179.545021,31.430
1770107179.576820,16104,256,1770107179.545982,30.837
1770107179.578564,16105,256,1770107179.547660,30.904
1770107179.580290,16106,256,1770107179.549354,30.936
1770107179.580460,16107,256,1770107179.549443,31.017
1770107179.582996,16109,256,1770107179.552121,30.875
1770107179.583572,16110,256,1770107179.552229,31.342
1770107179.585981,16112,256,1770107179.555062,30.919
1770107179.587339,16113,256,1770107179.556465,30.874
1770107179.590258,16114,256,1770107179.559069,31.188
1770107179.591094,16116,256,1770107179.560236,30.857
1770107179.592023,16118,256,1770107179.561120,30.903
1770107179.594143,16119,256,1770107179.563252,30.891
1770107179.594398,16120,256,1770107179.563419,30.979
1770107179.598038,16121,256,1770107179.567158,30.880
1770107179.598897,16122,256,1770107179.568130,30.767
1770107179.599771,16123,256,1770107179.568982,30.789
1770107179.600421,16124,256,1770107179.569603,30.818
1770107179.600654,16125,256,1770107179.569800,30.853
1770107179.602809,16126,256,1770107179.571861,30.948
1770107179.603760,16127,256,1770107179.572903,30.857
1770107179.606143,16128,256,1770107179.575120,31.023
1770107179.606786,16129,256,1770107179.575783,31.003
1770107179.608217,16130,256,1770107179.577290,30.927
1770107179.608495,16131,256,1770107179.577490,31.005
1770107179.611727,16134,256,1770107179.580842,30.885
1770107179.613172,16135,256,1770107179.582304,30.868
1770107179.613898,16136,256,1770107179.583124,30.774
1770107179.614203,16137,256,1770107179.583227,30.975
1770107179.614596,16138,256,1770107179.583815,30.782
1770107179.616864,16141,256,1770107179.585863,31.002
1770107179.617125,16142,256,1770107179.585939,31.187
1770107179.618078,16143,256,1770107179.587277,30.802
1770107179.618879,16144,256,1770107179.588069,30.810
1770107179.619696,16145,256,1770107179.588897,30.799
1770107179.620270,16146,256,1770107179.589299,30.971
1770107179.620972,16148,256,1770107179.589842,31.129
1770107179.621261,16149,256,1770107179.590300,30.961
1770107179.621551,16150,256,1770107179.590642,30.909
1770107179.622222,16151,256,1770107179.591439,30.784
1770107179.622488,16152,256,1770107179.591486,31.001
1770107179.623996,16153,256,1770107179.593112,30.884
1770107179.628772,16154,256,1770107179.597848,30.924
1770107179.629562,16155,256,1770107179.598779,30.782
1770107179.629860,16156,256,1770107179.598984,30.876
1770107179.630366,16157,256,1770107179.599610,30.756
1770107179.634073,16158,256,1770107179.602978,31.096
1770107179.634666,16159,256,1770107179.603085,31.581
1770107179.634891,16160,256,1770107179.603135,31.755
1770107179.635565,16161,256,1770107179.603467,32.098
1770107179.635786,16162,256,1770107179.604086,31.700
1770107179.638530,16163,256,1770107179.607720,30.810
1770107179.639296,16164,256,1770107179.608402,30.893
1770107179.641322,16166,256,1770107179.610214,31.108
1770107179.641705,16167,256,1770107179.610388,31.318
1770107179.644356,16168,256,1770107179.613223,31.133
1770107179.644598,16169,256,1770107179.613698,30.899
1770107179.644879,16170,256,1770107179.614001,30.878
1770107179.645173,16171,256,1770107179.614333,30.840
1770107179.648514,16172,256,1770107179.617748,30.766
1770107179.649549,16173,256,1770107179.618758,30.791
1770107179.650096,16174,256,1770107179.619347,30.749
1770107179.651946,16176,256,1770107179.621180,30.766
1770107179.654669,16177,256,1770107179.623714,30.955
1770107179.654920,16178,256,1770107179.623939,30.981
1770107179.655221,16179,256,1770107179.624008,31.213
1770107179.655499,16180,256,1770107179.624150,31.349
1770107179.658314,16182,256,1770107179.627211,31.103
1770107179.658473,16183,256,1770107179.627391,31.083
1770107179.659256,16184,256,1770107179.628345,30.912
1770107179.659492,16185,256,1770107179.628477,31.015
1770107179.660582,16186,256,1770107179.629656,30.926
1770107179.660877,16187,256,1770107179.629945,30.933
1770107179.663491,16188,256,1770107179.632493,30.998
1770107179.664056,16189,256,1770107179.633175,30.880
1770107179.664348,16190,256,1770107179.633415,30.933
1770107179.664643,16191,256,1770107179.633888,30.755
1770107179.666774,16192,256,1770107179.635903,30.871
1770107179.668038,16193,256,1770107179.637136,30.903
1770107179.668514,16194,256,1770107179.637313,31.200
1770107179.668802,16195,256,1770107179.637933,30.869
1770107179.670318,16197,256,1770107179.639343,30.975
1770107179.671696,16198,256,1770107179.640761,30.935
1770107179.671907,16199,256,1770107179.640958,30.950
1770107179.672561,16200,256,1770107179.641658,30.904
1770107179.673718,16201,256,1770107179.642889,30.829
1770107179.675496,16202,256,1770107179.644581,30.915
1770107179.676570,16203,256,1770107179.645618,30.951
1770107179.677107,16204,256,1770107179.646335,30.772
1770107179.679986,16207,256,1770107179.649091,30.896
1770107179.681344,16209,256,1770107179.650577,30.767
1770107179.681947,16210,256,1770107179.651169,30.779
1770107179.682536,16211,256,1770107179.651580,30.956
1770107179.683317,16212,256,1770107179.652535,30.783
1770107179.683941,16213,256,1770107179.652910,31.031
1770107179.684595,16214,256,1770107179.653817,30.778
1770107179.686721,16216,256,1770107179.655886,30.835
1770107179.688518,16217,256,1770107179.657671,30.846
1770107179.690574,16218,256,1770107179.659660,30.914
1770107179.691742,16219,256,1770107179.660880,30.862
1770107179.692022,16220,256,1770107179.661007,31.015
1770107179.693242,16221,256,1770107179.662388,30.854
1770107179.694059,16222,256,1770107179.663276,30.783
1770107179.697624,16223,256,1770107179.666674,30.950
1770107179.697863,16224,256,1770107179.667110,30.753
1770107179.701727,16226,256,1770107179.670724,31.003
1770107179.705519,16228,256,1770107179.674627,30.893
1770107179.705779,16229,256,1770107179.674831,30.948
1770107179.706365,16230,256,1770107179.675502,30.863
1770107179.708235,16232,256,1770107179.676853,31.381
1770107179.709754,16233,256,1770107179.678916,30.838
1770107179.709995,16234,256,1770107179.679038,30.957
1770107179.712499,16235,256,1770107179.681692,30.807
1770107179.713488,16236,256,1770107179.682718,30.770
1770107179.713772,16237,256,1770107179.682986,30.786
1770107179.714168,16238,256,1770107179.683424,30.744
1770107179.715366,16239,256,1770107179.684612,30.755
1770107179.716726,16240,256,1770107179.685909,30.817
1770107179.718690,16241,256,1770107179.687842,30.848
1770107179.722294,16242,256,1770107179.691335,30.960
1770107179.723827,16243,256,1770107179.692934,30.893
1770107179.724070,16244,256,1770107179.693106,30.963
1770107179.725646,16245,256,1770107179.694749,30.898
1770107179.728889,16246,256,1770107179.697939,30.950
1770107179.729659,16247,256,1770107179.698878,30.781
1770107179.736231,16248,256,1770107179.705360,30.870
1770107179.736796,16249,256,1770107179.706045,30.751
1770107179.738774,16250,256,1770107179.707913,30.861
1770107179.739563,16251,256,1770107179.708469,31.093
1770107179.742645,16252,256,1770107179.711748,30.896
1770107179.743845,16253,256,1770107179.713001,30.844
1770107179.744081,16254,256,1770107179.713113,30.967
1770107179.746936,16255,256,1770107179.715971,30.964
1770107179.747572,16256,256,1770107179.716766,30.806
1770107179.751692,16261,256,1770107179.720688,31.004
1770107179.751890,16262,256,1770107179.721138,30.752
1770107179.752531,16263,256,1770107179.721792,30.739
1770107179.753313,16264,256,1770107179.722548,30.765
1770107179.756821,16270,256,1770107179.725909,30.912
1770107179.757342,16271,256,1770107179.726118,31.224
1770107179.757815,16272,256,1770107179.726996,30.819
1770107179.761882,16273,256,1770107179.731021,30.862
1770107179.763219,16275,256,1770107179.732212,31.007
1770107179.763499,16276,256,1770107179.732744,30.755
1770107179.763786,16277,256,1770107179.732806,30.980
1770107179.765682,16280,256,1770107179.734553,31.128
1770107179.766293,16281,256,1770107179.735483,30.810
1770107179.766954,16282,256,1770107179.735595,31.359
1770107179.767574,16283,256,1770107179.736762,30.812
1770107179.769657,16285,256,1770107179.738503,31.154
1770107179.770573,16286,256,1770107179.739441,31.132
1770107179.774276,16288,256,1770107179.743336,30.940
1770107179.774473,16289,256,1770107179.743528,30.945
1770107179.774952,16290,256,1770107179.744039,30.913
1770107179.777933,16291,256,1770107179.746953,30.980
1770107179.780908,16292,256,1770107179.750025,30.883
1770107179.782609,16294,256,1770107179.751759,30.850
1770107179.784009,16296,256,1770107179.753210,30.799
1770107179.786772,16298,256,1770107179.755875,30.897
1770107179.788368,16299,256,1770107179.757344,31.024
1770107179.790461,16300,256,1770107179.759586,30.875
1770107179.792521,16301,256,1770107179.761590,30.931
1770107179.796395,16302,256,1770107179.765306,31.089
1770107179.796657,16303,256,1770107179.765471,31.186
1770107179.799261,16304,256,1770107179.768411,30.850
1770107179.802675,16306,256,1770107179.771711,30.964
1770107179.804152,16307,256,1770107179.773230,30.922
1770107179.804812,16308,256,1770107179.774012,30.801
1770107179.806176,16309,256,1770107179.775246,30.930
1770107179.806598,16310,256,1770107179.775677,30.921
1770107179.808177,16311,256,1770107179.777322,30.855
1770107179.812287,16312,256,1770107179.781385,30.901
1770107179.814049,16314,256,1770107179.783002,31.047
1770107179.814868,16315,256,1770107179.784043,30.825
1770107179.820055,16318,256,1770107179.788696,31.359
1770107179.820698,16319,256,1770107179.789220,31.478
1770107179.820891,16320,256,1770107179.789321,31.570
1770107179.824303,16321,256,1770107179.793017,31.286
1770107179.824526,16322,256,1770107179.793696,30.830
1770107179.825497,16323,256,1770107179.794317,31.179
1770107179.826584,16324,256,1770107179.795770,30.814
1770107179.827815,16325,256,1770107179.796943,30.872
1770107179.828717,16326,256,1770107179.797850,30.866
1770107179.828942,16327,256,1770107179.798018,30.924
1770107179.829942,16328,256,1770107179.799099,30.843
1770107179.831606,16329,256,1770107179.800786,30.819
1770107179.831876,16330,256,1770107179.801149,30.727
1770107179.833501,16332,256,1770107179.802704,30.797
1770107179.834371,16335,256,1770107179.803598,30.772
1770107179.834646,16336,256,1770107179.803689,30.957
1770107179.835910,16337,256,1770107179.805059,30.850
1770107179.837239,16338,256,1770107179.806415,30.823
1770107179.840065,16339,256,1770107179.809144,30.920
1770107179.841895,16340,256,1770107179.811095,30.800
1770107179.845761,16341,256,1770107179.814840,30.921
1770107179.846521,16342,256,1770107179.815753,30.768
1770107179.848527,16344,256,1770107179.817780,30.747
1770107179.850560,16346,256,1770107179.819825,30.735
1770107179.854116,16348,256,1770107179.822866,31.250
1770107179.856051,16349,256,1770107179.824979,31.072
1770107179.856303,16350,256,1770107179.825388,30.915
1770107179.856588,16351,256,1770107179.825493,31.095
1770107179.856910,16352,256,1770107179.825555,31.355
1770107179.858262,16353,256,1770107179.827288,30.974
1770107179.858580,16354,256,1770107179.827631,30.949
1770107179.860565,16356,256,1770107179.829726,30.839
1770107179.861599,16357,256,1770107179.830628,30.971
1770107179.863265,16359,256,1770107179.832452,30.813
1770107179.863556,16360,256,1770107179.832720,30.836
1770107179.863885,16361,256,1770107179.832800,31.085
1770107179.864688,16362,256,1770107179.833681,31.007
1770107179.865804,16363,256,1770107179.835039,30.765
1770107179.868529,16364,256,1770107179.837631,30.898
1770107179.871063,16367,256,1770107179.840132,30.931
1770107179.871941,16368,256,1770107179.840846,31.095
1770107179.873722,16370,256,1770107179.842582,31.141
1770107179.874509,16371,256,1770107179.843428,31.080
1770107179.874788,16372,256,1770107179.843807,30.982
1770107179.875598,16373,256,1770107179.844585,31.013
1770107179.877453,16376,256,1770107179.846597,30.856
1770107179.882529,16377,256,1770107179.851511,31.018
1770107179.883839,16378,256,1770107179.852996,30.843
1770107179.884483,16379,256,1770107179.853714,30.768
1770107179.884762,16380,256,1770107179.853873,30.890
1770107179.892178,16383,256,1770107179.861262,30.916
1770107179.893034,16384,256,1770107179.862210,30.824
1770107179.896103,16385,256,1770107179.865091,31.012
1770107179.896381,16386,256,1770107179.865439,30.943
1770107179.896646,16387,256,1770107179.865908,30.737
1770107179.897242,16388,256,1770107179.866265,30.977
1770107179.897971,16389,256,1770107179.867226,30.746
1770107179.901688,16390,256,1770107179.870829,30.859
1770107179.902292,16391,256,1770107179.871521,30.771
1770107179.905858,16393,256,1770107179.874876,30.982
1770107179.906386,16394,256,1770107179.875137,31.249
1770107179.906790,16395,256,1770107179.875967,30.823
1770107179.910319,16396,256,1770107179.878911,31.407
1770107179.913030,16398,256,1770107179.882218,30.813
1770107179.918258,16400,256,1770107179.887389,30.869
1770107179.920368,16403,256,1770107179.889383,30.985
1770107179.922455,16404,256,1770107179.891698,30.757
1770107179.923129,16405,256,1770107179.892398,30.731
1770107179.923802,16406,256,1770107179.893060,30.742
1770107179.924800,16407,256,1770107179.894023,30.777
1770107179.925645,16408,256,1770107179.894691,30.953
1770107179.925920,16409,256,1770107179.894723,31.196
1770107179.926346,16411,256,1770107179.895637,30.709
1770107179.926758,16412,256,1770107179.895827,30.931
1770107179.927613,16413,256,1770107179.896880,30.733
1770107179.927893,16414,256,1770107179.896907,30.986
1770107179.928198,16415,256,1770107179.897365,30.833
1770107179.930184,16417,256,1770107179.899408,30.777
1770107179.931906,16419,256,1770107179.900915,30.991
1770107179.932687,16420,256,1770107179.901902,30.784
1770107179.933017,16421,256,1770107179.902031,30.986
1770107179.934312,16422,256,1770107179.903575,30.737
1770107179.934779,16424,256,1770107179.903873,30.905
1770107179.935079,16425,256,1770107179.904124,30.956
1770107179.935374,16426,256,1770107179.904156,31.218
1770107179.936900,16427,256,1770107179.906168,30.733
1770107179.937712,16428,256,1770107179.906835,30.877
1770107179.939563,16429,256,1770107179.908676,30.886
1770107179.939844,16430,256,1770107179.908930,30.914
1770107179.940617,16431,256,1770107179.909856,30.761
1770107179.942712,16433,256,1770107179.911880,30.833
1770107179.944999,16434,256,1770107179.914160,30.839
1770107179.947885,16435,256,1770107179.917027,30.859
1770107179.948150,16436,256,1770107179.917212,30.938
1770107179.948987,16437,256,1770107179.918159,30.828
1770107179.951012,16438,256,1770107179.920241,30.771
1770107179.951400,16439,256,1770107179.920672,30.727
1770107179.953401,16440,256,1770107179.922601,30.800
1770107179.954441,16441,256,1770107179.923648,30.793
1770107179.954721,16442,256,1770107179.923892,30.829
1770107179.958475,16444,256,1770107179.927584,30.891
1770107179.958736,16445,256,1770107179.927795,30.941
1770107179.960243,16446,256,1770107179.929427,30.816
1770107179.960828,16447,256,1770107179.930030,30.798
1770107179.961285,16448,256,1770107179.930163,31.122
1770107179.961899,16449,256,1770107179.930903,30.995
1770107179.965784,16451,256,1770107179.934907,30.877
1770107179.966423,16452,256,1770107179.935640,30.783
1770107179.968292,16453,256,1770107179.937524,30.767
1770107179.970185,16454,256,1770107179.939341,30.843
1770107179.972133,16455,256,1770107179.941338,30.796
1770107179.973657,16456,256,1770107179.942804,30.853
1770107179.974508,16458,256,1770107179.943673,30.835
1770107179.975223,16459,256,1770107179.944431,30.792
1770107179.975493,16460,256,1770107179.944522,30.971
1770107179.975798,16461,256,1770107179.944674,31.124
1770107179.984481,16464,256,1770107179.953543,30.939
1770107179.988159,16466,256,1770107179.957347,30.812
1770107179.988941,16467,256,1770107179.958056,30.885
1770107179.991670,16470,256,1770107179.960726,30.944
1770107179.992244,16471,256,1770107179.961494,30.750
1770107179.996435,16474,256,1770107179.965653,30.782
1770107179.997930,16476,256,1770107179.966821,31.109
1770107179.998309,16477,256,1770107179.967577,30.731
1770107179.999369,16478,256,1770107179.968410,30.959
1770107180.001670,16479,256,1770107179.970655,31.014
1770107180.006342,16481,256,1770107179.975435,30.907
1770107180.008646,16483,256,1770107179.977832,30.814
1770107180.009289,16484,256,1770107179.978453,30.836
1770107180.011182,16485,256,1770107179.980335,30.847
1770107180.011436,16486,256,1770107179.980697,30.739
1770107180.011730,16487,256,1770107179.980953,30.777
1770107180.012996,16488,256,1770107179.982122,30.874
1770107180.014221,16489,256,1770107179.983234,30.987
1770107180.015160,16490,256,1770107179.984320,30.839
1770107180.015555,16491,256,1770107179.984717,30.838
1770107180.017237,16492,256,1770107179.986389,30.849
1770107180.017536,16493,256,1770107179.986738,30.797
1770107180.018368,16494,256,1770107179.987499,30.869
1770107180.018893,16495,256,1770107179.988110,30.783
1770107180.019985,16496,256,1770107179.989126,30.859
1770107180.021832,16497,256,1770107179.990959,30.873
1770107180.022699,16498,256,1770107179.991773,30.925
1770107180.023644,16499,256,1770107179.992789,30.855
1770107180.025097,16500,256,1770107179.994229,30.868
1770107180.026010,16501,256,1770107179.995215,30.794
1770107180.026271,16502,256,1770107179.995289,30.982
1770107180.030383,16503,256,1770107179.999470,30.913
1770107180.032369,16504,256,1770107180.001496,30.873
1770107180.032961,16505,256,1770107180.002141,30.821
1770107180.036566,16507,256,1770107180.005702,30.865
1770107180.036806,16508,256,1770107180.005985,30.822
1770107180.037150,16509,256,1770107180.006063,31.087
1770107180.037856,16510,256,1770107180.006763,31.092
1770107180.038078,16511,256,1770107180.007076,31.003
1770107180.038743,16512,256,1770107180.007678,31.065
1770107180.041872,16515,256,1770107180.011026,30.845
1770107180.042134,16516,256,1770107180.011306,30.828
1770107180.042770,16517,256,1770107180.011516,31.254
1770107180.043648,16518,256,1770107180.011875,31.773
1770107180.043915,16519,256,1770107180.012199,31.716
1770107180.044216,16520,256,1770107180.012969,31.247
1770107180.045123,16521,256,1770107180.014059,31.064
1770107180.046541,16522,256,1770107180.015717,30.825
1770107180.047150,16523,256,1770107180.016387,30.763
1770107180.051404,16524,256,1770107180.020235,31.169
1770107180.052157,16525,256,1770107180.021132,31.026
1770107180.053680,16526,256,1770107180.022527,31.152
1770107180.054462,16527,256,1770107180.022723,31.738
1770107180.056132,16528,256,1770107180.025235,30.897
1770107180.056830,16530,256,1770107180.025951,30.879
1770107180.057201,16531,256,1770107180.026397,30.804
1770107180.061230,16532,256,1770107180.030367,30.863
1770107180.061457,16533,256,1770107180.030487,30.970
1770107180.062729,16534,256,1770107180.031960,30.769
1770107180.067439,16535,256,1770107180.036602,30.838
1770107180.070882,16536,256,1770107180.039981,30.901
1770107180.072922,16538,256,1770107180.042036,30.886
1770107180.073504,16539,256,1770107180.042672,30.832
1770107180.074010,16540,256,1770107180.042837,31.173
1770107180.075122,16541,256,1770107180.042893,32.228
1770107180.077327,16543,256,1770107180.046265,31.062
1770107180.078083,16544,256,1770107180.047148,30.935
1770107180.078648,16545,256,1770107180.047311,31.337
1770107180.080587,16546,256,1770107180.049222,31.365
1770107180.080906,16547,256,1770107180.049469,31.437
1770107180.083504,16548,256,1770107180.052106,31.398
1770107180.083789,16549,256,1770107180.052681,31.108
1770107180.084079,16550,256,1770107180.052766,31.313
1770107180.089722,16551,256,1770107180.058758,30.965
1770107180.090323,16552,256,1770107180.059401,30.922
1770107180.094518,16554,256,1770107180.063579,30.940
1770107180.096032,16555,256,1770107180.065218,30.814
1770107180.097542,16556,256,1770107180.066671,30.871
1770107180.100496,16557,256,1770107180.069509,30.986
1770107180.102408,16559,256,1770107180.071550,30.859
1770107180.102968,16560,256,1770107180.071644,31.324
1770107180.103243,16561,256,1770107180.071714,31.529
1770107180.103527,16562,256,1770107180.072180,31.347
1770107180.103827,16563,256,1770107180.072645,31.183
1770107180.106413,16566,256,1770107180.075509,30.904
1770107180.107242,16567,256,1770107180.076261,30.981
1770107180.110182,16568,256,1770107180.078954,31.228
1770107180.114753,16570,256,1770107180.083531,31.223
1770107180.115379,16571,256,1770107180.084304,31.075
1770107180.116398,16572,256,1770107180.085559,30.839
1770107180.117410,16573,256,1770107180.086563,30.847
1770107180.117630,16574,256,1770107180.086833,30.797
1770107180.119704,16576,256,1770107180.088764,30.940
1770107180.119938,16577,256,1770107180.088853,31.085
1770107180.120251,16578,256,1770107180.088915,31.337
1770107180.122705,16579,256,1770107180.091689,31.016
1770107180.122938,16580,256,1770107180.091955,30.983
1770107180.124638,16581,256,1770107180.093791,30.846
1770107180.124910,16582,256,1770107180.093937,30.973
1770107180.125348,16583,256,1770107180.094112,31.235
1770107180.126604,16584,256,1770107180.095726,30.878
1770107180.128458,16585,256,1770107180.097639,30.819
1770107180.129224,16587,256,1770107180.098460,30.764
1770107180.129836,16588,256,1770107180.098947,30.889
1770107180.132765,16590,256,1770107180.101906,30.859
1770107180.135828,16593,256,1770107180.104964,30.864
1770107180.138378,16594,256,1770107180.107269,31.109
1770107180.140165,16595,256,1770107180.109097,31.069
1770107180.143015,16596,256,1770107180.112173,30.842
1770107180.146371,16597,256,1770107180.115232,31.139
1770107180.152467,16600,256,1770107180.121405,31.062
1770107180.153118,16601,256,1770107180.122281,30.838
1770107180.153576,16603,256,1770107180.122671,30.905
1770107180.154204,16604,256,1770107180.123024,31.180
1770107180.160126,16605,256,1770107180.129294,30.832
1770107180.160961,16606,256,1770107180.130158,30.803
1770107180.163126,16607,256,1770107180.132297,30.829
1770107180.164296,16608,256,1770107180.133299,30.997
1770107180.164701,16609,256,1770107180.133925,30.776
1770107180.166272,16610,256,1770107180.135439,30.833
1770107180.167415,16612,256,1770107180.136621,30.794
1770107180.167664,16613,256,1770107180.136731,30.932
1770107180.169613,16614,256,1770107180.138785,30.828
1770107180.171439,16615,256,1770107180.140669,30.770
1770107180.174038,16618,256,1770107180.143079,30.959
1770107180.179327,16620,256,1770107180.148419,30.908
1770107180.179479,16621,256,1770107180.148487,30.992
1770107180.179775,16622,256,1770107180.148511,31.263
1770107180.180066,16623,256,1770107180.148647,31.420
1770107180.180369,16624,256,1770107180.149486,30.884
1770107180.181780,16625,256,1770107180.151042,30.738
1770107180.182722,16626,256,1770107180.151981,30.741
1770107180.183014,16627,256,1770107180.152253,30.761
1770107180.184385,16628,256,1770107180.153660,30.725
1770107180.184681,16629,256,1770107180.153890,30.791
1770107180.185092,16630,256,1770107180.154372,30.721
1770107180.185799,16631,256,1770107180.155073,30.726
1770107180.186228,16632,256,1770107180.155512,30.716
1770107180.189214,16633,256,1770107180.158390,30.824
1770107180.189854,16634,256,1770107180.158997,30.857
1770107180.190131,16635,256,1770107180.159246,30.885
1770107180.190730,16636,256,1770107180.159323,31.407
1770107180.191549,16637,256,1770107180.160764,30.785
1770107180.197235,16639,256,1770107180.166306,30.929
1770107180.197429,16640,256,1770107180.166436,30.993
1770107180.200456,16642,256,1770107180.169548,30.908
1770107180.200726,16643,256,1770107180.169605,31.121
1770107180.202177,16644,256,1770107180.171386,30.791
1770107180.203256,16645,256,1770107180.172354,30.902
1770107180.205080,16646,256,1770107180.174166,30.913
1770107180.209888,16648,256,1770107180.178987,30.901
1770107180.211133,16649,256,1770107180.180322,30.811
1770107180.212795,16651,256,1770107180.181995,30.800
1770107180.213804,16652,256,1770107180.182994,30.811
1770107180.217107,16653,256,1770107180.186378,30.729
1770107180.217748,16654,256,1770107180.186739,31.009
1770107180.217991,16655,256,1770107180.187122,30.869
1770107180.220715,16658,256,1770107180.189856,30.859
1770107180.224004,16660,256,1770107180.193197,30.807
1770107180.225485,16661,256,1770107180.194662,30.823
1770107180.227335,16663,256,1770107180.196225,31.110
1770107180.228578,16664,256,1770107180.197754,30.824
1770107180.228953,16665,256,1770107180.198140,30.814
1770107180.229560,16666,256,1770107180.198738,30.822
1770107180.230242,16667,256,1770107180.199469,30.773
1770107180.230737,16668,256,1770107180.199998,30.739
1770107180.234414,16669,256,1770107180.203659,30.755
1770107180.245483,16670,256,1770107180.214348,31.135
1770107180.245739,16671,256,1770107180.214773,30.966
1770107180.246361,16672,256,1770107180.215613,30.748
1770107180.248032,16673,256,1770107180.216905,31.127
1770107180.248325,16674,256,1770107180.217020,31.305
1770107180.249284,16675,256,1770107180.218488,30.796
1770107180.249798,16676,256,1770107180.219070,30.728
1770107180.250528,16677,256,1770107180.219738,30.790
1770107180.251003,16678,256,1770107180.220253,30.750
1770107180.253968,16679,256,1770107180.223139,30.829
1770107180.254804,16680,256,1770107180.223754,31.050
1770107180.255292,16681,256,1770107180.224284,31.008
1770107180.257283,16682,256,1770107180.226056,31.226
1770107180.257578,16683,256,1770107180.226760,30.818
1770107180.258891,16684,256,1770107180.228067,30.824
1770107180.259511,16685,256,1770107180.228541,30.971
1770107180.260613,16686,256,1770107180.229591,31.022
1770107180.261366,16687,256,1770107180.230551,30.815
1770107180.262078,16688,256,1770107180.231264,30.814
1770107180.262615,16689,256,1770107180.231815,30.801
1770107180.265433,16690,256,1770107180.234588,30.845
1770107180.265716,16691,256,1770107180.234745,30.971
1770107180.267055,16692,256,1770107180.236274,30.781
1770107180.268386,16693,256,1770107180.237623,30.763
1770107180.268856,16694,256,1770107180.238114,30.742
1770107180.270872,16695,256,1770107180.239996,30.876
1770107180.272147,16696,256,1770107180.241083,31.065
1770107180.272577,16697,256,1770107180.241727,30.850
1770107180.273463,16698,256,1770107180.242613,30.850
1770107180.274794,16699,256,1770107180.243935,30.859
1770107180.275127,16700,256,1770107180.244070,31.057
1770107180.275365,16701,256,1770107180.244565,30.800
1770107180.276805,16702,256,1770107180.245933,30.872
1770107180.278177,16703,256,1770107180.247352,30.825
1770107180.279228,16704,256,1770107180.248370,30.858
1770107180.279489,16705,256,1770107180.248673,30.816
1770107180.280608,16706,256,1770107180.249753,30.855
1770107180.281380,16707,256,1770107180.250384,30.995
1770107180.285640,16709,256,1770107180.254764,30.875
1770107180.286824,16710,256,1770107180.255915,30.909
1770107180.289766,16712,256,1770107180.258872,30.893
1770107180.291443,16714,256,1770107180.260559,30.884
1770107180.293018,16715,256,1770107180.262092,30.926
1770107180.294486,16716,256,1770107180.263564,30.922
1770107180.295774,16717,256,1770107180.264855,30.919
1770107180.297125,16719,256,1770107180.266296,30.829
1770107180.298496,16720,256,1770107180.267685,30.812
1770107180.303340,16721,256,1770107180.272437,30.903
1770107180.304272,16722,256,1770107180.273322,30.950
1770107180.309900,16723,256,1770107180.278873,31.027
1770107180.315499,16724,256,1770107180.284363,31.135
1770107180.315806,16725,256,1770107180.284515,31.291
1770107180.316053,16726,256,1770107180.284661,31.393
1770107180.319398,16727,256,1770107180.288519,30.879
1770107180.319993,16728,256,1770107180.289112,30.880
1770107180.321335,16730,256,1770107180.290457,30.877
1770107180.322496,16731,256,1770107180.291649,30.848
1770107180.323866,16732,256,1770107180.292948,30.918
1770107180.329273,16736,256,1770107180.297680,31.592
1770107180.329505,16737,256,1770107180.298233,31.273
1770107180.329561,16738,256,1770107180.298694,30.867
1770107180.334475,16739,256,1770107180.303639,30.836
1770107180.336269,16740,256,1770107180.305425,30.844
1770107180.337403,16741,256,1770107180.306538,30.865
1770107180.341249,16743,256,1770107180.310248,31.002
1770107180.341511,16744,256,1770107180.310719,30.793
1770107180.342386,16745,256,1770107180.311587,30.799
1770107180.343529,16746,256,1770107180.312706,30.823
1770107180.344174,16747,256,1770107180.313373,30.801
1770107180.347547,16749,256,1770107180.316634,30.912
1770107180.348643,16750,256,1770107180.317447,31.195
1770107180.348889,16751,256,1770107180.317603,31.286
1770107180.349197,16752,256,1770107180.318026,31.171
1770107180.350145,16753,256,1770107180.319288,30.857
1770107180.351593,16755,256,1770107180.320685,30.908
1770107180.352138,16756,256,1770107180.321421,30.717
1770107180.352966,16757,256,1770107180.322235,30.730
1770107180.357155,16758,256,1770107180.326023,31.131
1770107180.362432,16760,256,1770107180.331576,30.856
1770107180.362976,16761,256,1770107180.332210,30.766
1770107180.363637,16762,256,1770107180.332923,30.714
1770107180.365504,16763,256,1770107180.334756,30.748
1770107180.367109,16764,256,1770107180.336383,30.726
1770107180.367585,16765,256,1770107180.336790,30.795
1770107180.368564,16767,256,1770107180.337605,30.958
1770107180.369415,16769,256,1770107180.338473,30.942
1770107180.370285,16770,256,1770107180.339437,30.848
1770107180.371257,16771,256,1770107180.340399,30.857
1770107180.373053,16772,256,1770107180.341911,31.141
1770107180.374549,16773,256,1770107180.343726,30.823
1770107180.377146,16775,256,1770107180.346082,31.064
1770107180.383989,16776,256,1770107180.353147,30.842
1770107180.384226,16777,256,1770107180.353224,31.002
1770107180.384559,16778,256,1770107180.353416,31.143
1770107180.384796,16779,256,1770107180.353694,31.102
1770107180.386274,16780,256,1770107180.355500,30.773
1770107180.388324,16781,256,1770107180.357554,30.769
1770107180.395959,16783,256,1770107180.364991,30.969
1770107180.396103,16784,256,1770107180.365206,30.896
1770107180.397435,16785,256,1770107180.366538,30.897
1770107180.408245,16786,256,1770107180.377211,31.034
1770107180.408865,16787,256,1770107180.378043,30.822
1770107180.410063,16788,256,1770107180.378853,31.209
1770107180.412520,16790,256,1770107180.381586,30.934
1770107180.415181,16791,256,1770107180.383764,31.417
1770107180.415396,16792,256,1770107180.384241,31.156
1770107180.415669,16793,256,1770107180.384651,31.018
1770107180.416428,16794,256,1770107180.385571,30.857
1770107180.417275,16795,256,1770107180.386473,30.801
1770107180.420594,16797,256,1770107180.389475,31.119
1770107180.420991,16799,256,1770107180.389764,31.228
1770107180.421257,16800,256,1770107180.389978,31.279
1770107180.423928,16801,256,1770107180.392742,31.186
1770107180.427492,16803,256,1770107180.396541,30.951
1770107180.428415,16804,256,1770107180.397386,31.029
1770107180.430773,16805,256,1770107180.399918,30.855
1770107180.431630,16807,256,1770107180.400786,30.844
1770107180.432791,16808,256,1770107180.401883,30.908
1770107180.433151,16809,256,1770107180.402067,31.084
1770107180.437286,16810,256,1770107180.406336,30.949
1770107180.439165,16812,256,1770107180.408211,30.955
1770107180.440213,16813,256,1770107180.409323,30.890
1770107180.440752,16814,256,1770107180.409930,30.821
1770107180.442359,16815,256,1770107180.411556,30.804
1770107180.442829,16817,256,1770107180.411821,31.008
1770107180.443652,16818,256,1770107180.412875,30.778
1770107180.444479,16819,256,1770107180.413710,30.769
1770107180.447463,16820,256,1770107180.416675,30.788
1770107180.448062,16821,256,1770107180.417090,30.972
1770107180.450098,16822,256,1770107180.419310,30.788
1770107180.450428,16823,256,1770107180.419426,31.002
1770107180.452330,16824,256,1770107180.421542,30.788
1770107180.454545,16827,256,1770107180.423772,30.774
1770107180.454831,16828,256,1770107180.423877,30.954
1770107180.456925,16829,256,1770107180.426098,30.828
1770107180.458236,16831,256,1770107180.427483,30.752
1770107180.461339,16832,256,1770107180.430487,30.852
1770107180.462803,16834,256,1770107180.431757,31.045
1770107180.463752,16835,256,1770107180.432884,30.868
1770107180.466048,16837,256,1770107180.435222,30.826
1770107180.466301,16838,256,1770107180.435320,30.981
1770107180.466616,16839,256,1770107180.435439,31.177
1770107180.466979,16840,256,1770107180.435887,31.092
1770107180.467368,16841,256,1770107180.436600,30.768
1770107180.470474,16843,256,1770107180.439630,30.844
1770107180.474751,16844,256,1770107180.443923,30.828
1770107180.477220,16845,256,1770107180.446464,30.756
1770107180.477813,16846,256,1770107180.446851,30.961
1770107180.479212,16847,256,1770107180.448430,30.782
1770107180.483105,16848,256,1770107180.452284,30.821
1770107180.485124,16849,256,1770107180.454349,30.774
1770107180.485543,16850,256,1770107180.454791,30.753
1770107180.486116,16851,256,1770107180.455359,30.757
1770107180.489494,16852,256,1770107180.458560,30.934
1770107180.490474,16853,256,1770107180.459628,30.847
1770107180.493410,16855,256,1770107180.462482,30.929
1770107180.493771,16856,256,1770107180.462943,30.828
1770107180.494264,16858,256,1770107180.463178,31.086
1770107180.495230,16859,256,1770107180.464410,30.820
1770107180.495650,16861,256,1770107180.464721,30.929
1770107180.496846,16862,256,1770107180.465976,30.870
1770107180.497090,16863,256,1770107180.466114,30.975
1770107180.497675,16864,256,1770107180.466919,30.756
1770107180.498903,16865,256,1770107180.468133,30.769
1770107180.499209,16866,256,1770107180.468216,30.993
1770107180.500845,16868,256,1770107180.470054,30.791
1770107180.501142,16869,256,1770107180.470390,30.752
1770107180.502845,16870,256,1770107180.472001,30.843
1770107180.504339,16871,256,1770107180.473520,30.820
1770107180.505251,16872,256,1770107180.474378,30.873
1770107180.506177,16873,256,1770107180.475299,30.879
1770107180.507735,16874,256,1770107180.476889,30.846
1770107180.508002,16875,256,1770107180.477070,30.932
1770107180.509439,16877,256,1770107180.478605,30.834
1770107180.511833,16879,256,1770107180.481047,30.786
1770107180.513226,16880,256,1770107180.482235,30.991
1770107180.514537,16881,256,1770107180.483690,30.847
1770107180.514827,16882,256,1770107180.483929,30.898
1770107180.516487,16883,256,1770107180.485647,30.840
1770107180.525684,16884,256,1770107180.494723,30.961
1770107180.531560,16885,256,1770107180.500664,30.896
1770107180.533070,16886,256,1770107180.502211,30.859
1770107180.533907,16887,256,1770107180.503080,30.827
1770107180.535959,16888,256,1770107180.505043,30.916
1770107180.536555,16890,256,1770107180.505719,30.835
1770107180.538174,16891,256,1770107180.507163,31.011
1770107180.538492,16892,256,1770107180.507581,30.911
1770107180.540803,16893,256,1770107180.509869,30.935
1770107180.542793,16895,256,1770107180.511933,30.860
1770107180.543293,16896,256,1770107180.512446,30.847
1770107180.543571,16897,256,1770107180.512704,30.867
1770107180.543877,16898,256,1770107180.512915,30.962
1770107180.545225,16900,256,1770107180.514453,30.772
1770107180.546200,16901,256,1770107180.515404,30.796
1770107180.547137,16903,256,1770107180.516348,30.788
1770107180.547889,16904,256,1770107180.516412,31.476
1770107180.548008,16905,256,1770107180.516983,31.026
1770107180.550522,16906,256,1770107180.519625,30.897
1770107180.552761,16907,256,1770107180.521871,30.890
1770107180.553023,16908,256,1770107180.522011,31.012
1770107180.554004,16909,256,1770107180.523202,30.802
1770107180.554298,16910,256,1770107180.523396,30.902
1770107180.555583,16912,256,1770107180.524708,30.875
1770107180.557791,16914,256,1770107180.526890,30.901
1770107180.560479,16915,256,1770107180.529459,31.020
1770107180.561611,16916,256,1770107180.530463,31.148
1770107180.564139,16918,256,1770107180.533229,30.910
1770107180.565391,16919,256,1770107180.534500,30.892
1770107180.567537,16920,256,1770107180.536172,31.365
1770107180.570354,16922,256,1770107180.539427,30.927
1770107180.573459,16924,256,1770107180.542604,30.855
1770107180.573976,16926,256,1770107180.542801,31.174
1770107180.575225,16927,256,1770107180.544132,31.093
1770107180.575648,16928,256,1770107180.544398,31.250
1770107180.576392,16930,256,1770107180.545339,31.053
1770107180.576606,16931,256,1770107180.545578,31.028
1770107180.576924,16932,256,1770107180.545760,31.164
1770107180.579367,16933,256,1770107180.548372,30.996
1770107180.579625,16934,256,1770107180.548532,31.092
1770107180.580850,16935,256,1770107180.549762,31.089
1770107180.588274,16937,256,1770107180.557285,30.989
1770107180.590251,16938,256,1770107180.558343,31.908
1770107180.590875,16939,256,1770107180.559906,30.969
1770107180.591529,16940,256,1770107180.560622,30.908
1770107180.591764,16941,256,1770107180.560759,31.005
1770107180.592080,16942,256,1770107180.561068,31.012
1770107180.592440,16943,256,1770107180.561126,31.314
1770107180.596119,16945,256,1770107180.565217,30.901
1770107180.597822,16946,256,1770107180.566498,31.324
1770107180.599845,16947,256,1770107180.568783,31.062
1770107180.600306,16948,256,1770107180.569480,30.826
1770107180.600905,16949,256,1770107180.569557,31.348
1770107180.604743,16951,256,1770107180.573782,30.961
1770107180.606424,16953,256,1770107180.575483,30.941
1770107180.606903,16954,256,1770107180.575972,30.932
1770107180.608438,16955,256,1770107180.577501,30.937
1770107180.609159,16957,256,1770107180.578205,30.954
1770107180.609440,16958,256,1770107180.578494,30.946
1770107180.610063,16959,256,1770107180.579183,30.880
1770107180.612649,16963,256,1770107180.581730,30.919
1770107180.614300,16964,256,1770107180.583143,31.157
1770107180.616016,16965,256,1770107180.585215,30.800
1770107180.616339,16966,256,1770107180.585443,30.896
1770107180.617130,16967,256,1770107180.586360,30.770
1770107180.617719,16968,256,1770107180.586900,30.819
1770107180.621247,16970,256,1770107180.590342,30.904
1770107180.621910,16971,256,1770107180.590981,30.929
1770107180.625461,16975,256,1770107180.594572,30.889
1770107180.626904,16976,256,1770107180.595809,31.095
1770107180.631173,16977,256,1770107180.600293,30.880
1770107180.634446,16978,256,1770107180.603568,30.878
1770107180.634729,16979,256,1770107180.603841,30.888
1770107180.636306,16980,256,1770107180.605244,31.062
1770107180.636908,16981,256,1770107180.605643,31.265
1770107180.637935,16983,256,1770107180.606994,30.941
1770107180.639752,16984,256,1770107180.608845,30.907
1770107180.643115,16985,256,1770107180.612139,30.976
1770107180.643941,16986,256,1770107180.613033,30.908
1770107180.647303,16987,256,1770107180.616361,30.942
1770107180.649181,16988,256,1770107180.618396,30.786
1770107180.649463,16989,256,1770107180.618462,31.001
1770107180.654110,16991,256,1770107180.623209,30.900
1770107180.654406,16992,256,1770107180.623504,30.902
1770107180.655412,16993,256,1770107180.624623,30.790
1770107180.656626,16994,256,1770107180.625753,30.873
1770107180.657600,16995,256,1770107180.626734,30.867
1770107180.658882,16997,256,1770107180.627879,31.003
1770107180.659130,16998,256,1770107180.628162,30.967
1770107180.659430,16999,256,1770107180.628456,30.974
1770107180.660403,17000,256,1770107180.629595,30.808
1770107180.664372,17003,256,1770107180.633558,30.815
1770107180.664737,17004,256,1770107180.633994,30.742
1770107180.666744,17005,256,1770107180.635924,30.819
1770107180.668099,17006,256,1770107180.637199,30.900
1770107180.668474,17007,256,1770107180.637715,30.759
1770107180.670122,17008,256,1770107180.639328,30.794
1770107180.671524,17009,256,1770107180.640667,30.857
1770107180.671884,17010,256,1770107180.640998,30.886
1770107180.673390,17011,256,1770107180.642457,30.933
1770107180.674677,17012,256,1770107180.643759,30.918
1770107180.678586,17013,256,1770107180.647658,30.928
1770107180.679443,17014,256,1770107180.648619,30.824
1770107180.681649,17017,256,1770107180.650603,31.046
1770107180.684590,17018,256,1770107180.653290,31.301
1770107180.685204,17019,256,1770107180.653895,31.309
1770107180.685477,17020,256,1770107180.653946,31.532
1770107180.686116,17021,256,1770107180.655308,30.808
1770107180.688524,17023,256,1770107180.657642,30.882
1770107180.690115,17024,256,1770107180.659225,30.890
1770107180.690573,17026,256,1770107180.659670,30.902
1770107180.691013,17027,256,1770107180.660229,30.784
1770107180.693158,17028,256,1770107180.662314,30.844
1770107180.693798,17029,256,1770107180.662986,30.812
1770107180.694053,17030,256,1770107180.663169,30.884
1770107180.694356,17031,256,1770107180.663282,31.074
1770107180.697236,17033,256,1770107180.666360,30.876
1770107180.700409,17034,256,1770107180.669477,30.932
1770107180.702918,17035,256,1770107180.671766,31.152
1770107180.704483,17036,256,1770107180.673592,30.890
1770107180.705170,17037,256,1770107180.674407,30.763
1770107180.708963,17038,256,1770107180.677801,31.162
1770107180.711160,17040,256,1770107180.680218,30.942
1770107180.713331,17041,256,1770107180.682451,30.879
1770107180.714418,17042,256,1770107180.683550,30.868
1770107180.715246,17043,256,1770107180.684351,30.895
1770107180.718636,17044,256,1770107180.687676,30.960
1770107180.719217,17045,256,1770107180.688423,30.794
1770107180.720865,17046,256,1770107180.689939,30.926
1770107180.725995,17048,256,1770107180.694819,31.176
1770107180.726239,17049,256,1770107180.695158,31.081
1770107180.729230,17051,256,1770107180.698353,30.877
1770107180.730243,17052,256,1770107180.699297,30.946
1770107180.733287,17054,256,1770107180.702341,30.946
1770107180.733560,17055,256,1770107180.702504,31.055
1770107180.735450,17056,256,1770107180.704493,30.957
1770107180.737099,17057,256,1770107180.706218,30.880
1770107180.739125,17058,256,1770107180.708217,30.908
1770107180.739396,17059,256,1770107180.708410,30.986
1770107180.742655,17061,256,1770107180.711759,30.896
1770107180.742915,17062,256,1770107180.711883,31.032
1770107180.745323,17063,256,1770107180.714440,30.883
1770107180.745586,17064,256,1770107180.714589,30.997
1770107180.745906,17065,256,1770107180.714979,30.926
1770107180.753028,17067,256,1770107180.722018,31.010
1770107180.754634,17068,256,1770107180.723809,30.825
1770107180.757231,17070,256,1770107180.726149,31.082
1770107180.757748,17072,256,1770107180.726927,30.822
1770107180.758064,17073,256,1770107180.727033,31.032
1770107180.759030,17074,256,1770107180.728014,31.016
1770107180.760891,17075,256,1770107180.730041,30.851
1770107180.761138,17076,256,1770107180.730155,30.982
1770107180.762605,17077,256,1770107180.731763,30.842
1770107180.762850,17078,256,1770107180.731829,31.022
1770107180.763139,17079,256,1770107180.732017,31.122
1770107180.763439,17080,256,1770107180.732068,31.371
1770107180.764321,17081,256,1770107180.733326,30.994
1770107180.767377,17083,256,1770107180.736382,30.995
1770107180.767690,17084,256,1770107180.736894,30.796
1770107180.768393,17085,256,1770107180.737002,31.390
1770107180.769055,17086,256,1770107180.738176,30.879
1770107180.769307,17087,256,1770107180.738353,30.954
1770107180.769592,17088,256,1770107180.738405,31.186
1770107180.770375,17089,256,1770107180.739454,30.921
1770107180.770587,17090,256,1770107180.739637,30.950
1770107180.771221,17091,256,1770107180.739897,31.323
1770107180.772538,17092,256,1770107180.741436,31.102
1770107180.772879,17093,256,1770107180.741532,31.347
1770107180.773100,17094,256,1770107180.741603,31.496
1770107180.775640,17095,256,1770107180.744690,30.950
1770107180.776641,17096,256,1770107180.745749,30.892
1770107180.782943,17098,256,1770107180.752104,30.839
1770107180.784097,17099,256,1770107180.753268,30.829
1770107180.784706,17100,256,1770107180.753886,30.819
1770107180.787577,17102,256,1770107180.756612,30.965
1770107180.790914,17103,256,1770107180.759617,31.297
1770107180.793158,17104,256,1770107180.762221,30.937
1770107180.793382,17105,256,1770107180.762417,30.965
1770107180.797029,17106,256,1770107180.766013,31.015
1770107180.797989,17107,256,1770107180.767104,30.886
1770107180.798302,17108,256,1770107180.767293,31.009
1770107180.798589,17109,256,1770107180.767586,31.002
1770107180.799514,17110,256,1770107180.768585,30.929
1770107180.803250,17111,256,1770107180.772333,30.917
1770107180.806223,17112,256,1770107180.775360,30.863
1770107180.806836,17113,256,1770107180.775905,30.932
1770107180.807281,17114,256,1770107180.776465,30.815
1770107180.807809,17116,256,1770107180.776661,31.148
1770107180.808090,17117,256,1770107180.776728,31.362
1770107180.810699,17119,256,1770107180.779681,31.018
1770107180.811275,17121,256,1770107180.780282,30.992
1770107180.814363,17122,256,1770107180.783447,30.916
1770107180.817556,17124,256,1770107180.786757,30.799
1770107180.817866,17125,256,1770107180.787046,30.820
1770107180.818819,17126,256,1770107180.787935,30.884
1770107180.821957,17127,256,1770107180.790953,31.004
1770107180.826133,17128,256,1770107180.794883,31.250
1770107180.827537,17129,256,1770107180.796666,30.870
1770107180.829349,17130,256,1770107180.798348,31.002
1770107180.830606,17131,256,1770107180.799426,31.179
1770107180.831980,17132,256,1770107180.801136,30.845
1770107180.832293,17133,256,1770107180.801315,30.978
1770107180.832846,17134,256,1770107180.801860,30.987
1770107180.833643,17137,256,1770107180.802870,30.773
1770107180.833920,17138,256,1770107180.802922,30.998
1770107180.838616,17139,256,1770107180.807588,31.028
1770107180.838909,17140,256,1770107180.808089,30.820
1770107180.840519,17141,256,1770107180.809338,31.182
1770107180.840748,17142,256,1770107180.809590,31.157
1770107180.841996,17143,256,1770107180.811111,30.885
1770107180.844565,17144,256,1770107180.813673,30.892
1770107180.845041,17146,256,1770107180.814286,30.755
1770107180.848235,17148,256,1770107180.817315,30.920
1770107180.850095,17149,256,1770107180.819264,30.831
1770107180.850612,17150,256,1770107180.819829,30.783
1770107180.850880,17151,256,1770107180.819889,30.991
1770107180.851483,17152,256,1770107180.820176,31.306
1770107180.852948,17153,256,1770107180.822105,30.843
1770107180.854798,17154,256,1770107180.823541,31.257
1770107180.855924,17155,256,1770107180.824965,30.958
1770107180.856223,17156,256,1770107180.825332,30.891
1770107180.857976,17157,256,1770107180.826759,31.217
1770107180.859697,17158,256,1770107180.828151,31.546
1770107180.861843,17160,256,1770107180.830788,31.055
1770107180.862965,17161,256,1770107180.832153,30.813
1770107180.863546,17162,256,1770107180.832291,31.255
1770107180.864678,17163,256,1770107180.833930,30.748
1770107180.866837,17165,256,1770107180.835799,31.038
1770107180.867347,17166,256,1770107180.836610,30.736
1770107180.868133,17167,256,1770107180.837411,30.721
1770107180.868901,17168,256,1770107180.837918,30.983
1770107180.869276,17169,256,1770107180.838520,30.756
1770107180.873504,17170,256,1770107180.842697,30.807
1770107180.882159,17173,256,1770107180.851260,30.899
1770107180.882335,17174,256,1770107180.851359,30.976
1770107180.884581,17175,256,1770107180.853828,30.753
1770107180.884916,17176,256,1770107180.854179,30.737
1770107180.886307,17177,256,1770107180.855410,30.897
1770107180.886961,17178,256,1770107180.856208,30.753
1770107180.888083,17179,256,1770107180.857177,30.906
1770107180.888520,17180,256,1770107180.857801,30.720
1770107180.889203,17181,256,1770107180.858446,30.756
1770107180.890091,17182,256,1770107180.859366,30.725
1770107180.893784,17183,256,1770107180.862999,30.784
1770107180.894045,17184,256,1770107180.863082,30.963
1770107180.894806,17185,256,1770107180.864021,30.785
1770107180.895276,17186,256,1770107180.864528,30.748
1770107180.895820,17187,256,1770107180.865110,30.710
1770107180.896162,17188,256,1770107180.865443,30.719
1770107180.898365,17190,256,1770107180.867657,30.708
1770107180.899287,17191,256,1770107180.868579,30.708
1770107180.906680,17195,256,1770107180.875768,30.912
1770107180.906860,17196,256,1770107180.876169,30.691
1770107180.909010,17197,256,1770107180.878292,30.718
1770107180.911574,17198,256,1770107180.880577,30.997
1770107180.912868,17199,256,1770107180.882092,30.777
1770107180.913132,17200,256,1770107180.882123,31.009
1770107180.914382,17202,256,1770107180.883623,30.759
1770107180.914687,17203,256,1770107180.883939,30.747
1770107180.915443,17204,256,1770107180.884700,30.743
1770107180.916808,17205,256,1770107180.885850,30.958
1770107180.917066,17206,256,1770107180.886069,30.997
1770107180.923509,17207,256,1770107180.892619,30.890
1770107180.923765,17208,256,1770107180.892798,30.967
1770107180.925691,17209,256,1770107180.894348,31.343
1770107180.927272,17210,256,1770107180.896507,30.765
1770107180.929006,17211,256,1770107180.898214,30.792
1770107180.930167,17212,256,1770107180.899250,30.917
1770107180.930457,17213,256,1770107180.899284,31.173
1770107180.930746,17214,256,1770107180.899699,31.047
1770107180.931067,17215,256,1770107180.900360,30.707
1770107180.932343,17216,256,1770107180.901566,30.777
1770107180.935111,17218,256,1770107180.904262,30.848
1770107180.936418,17219,256,1770107180.905566,30.852
1770107180.936718,17220,256,1770107180.905675,31.042
1770107180.937345,17221,256,1770107180.905940,31.404
1770107180.939991,17222,256,1770107180.909149,30.842
1770107180.940852,17223,256,1770107180.909994,30.858
1770107180.942996,17225,256,1770107180.911837,31.159
1770107180.945406,17226,256,1770107180.914513,30.893
1770107180.945659,17227,256,1770107180.914569,31.091
1770107180.946208,17228,256,1770107180.914724,31.484
1770107180.950066,17229,256,1770107180.918645,31.421
1770107180.950218,17230,256,1770107180.918747,31.471
1770107180.951926,17231,256,1770107180.921133,30.793
1770107180.952226,17232,256,1770107180.921257,30.969
1770107180.956552,17234,256,1770107180.925323,31.230
1770107180.957487,17235,256,1770107180.926619,30.868
1770107180.957834,17236,256,1770107180.926991,30.843
1770107180.960389,17237,256,1770107180.929238,31.151
1770107180.961339,17239,256,1770107180.930542,30.796
1770107180.962346,17241,256,1770107180.931570,30.776
1770107180.965633,17244,256,1770107180.934446,31.187
1770107180.965776,17245,256,1770107180.935019,30.757
1770107180.967433,17248,256,1770107180.936482,30.951
1770107180.967998,17249,256,1770107180.936862,31.136
1770107180.969329,17250,256,1770107180.938465,30.863
1770107180.972183,17251,256,1770107180.941167,31.016
1770107180.972415,17252,256,1770107180.941483,30.932
1770107180.973840,17254,256,1770107180.942883,30.958
1770107180.974079,17255,256,1770107180.943173,30.905
1770107180.974391,17256,256,1770107180.943272,31.119
1770107180.975883,17257,256,1770107180.944860,31.023
1770107180.979505,17259,256,1770107180.948646,30.859
1770107180.980672,17260,256,1770107180.949668,31.003
1770107180.980922,17261,256,1770107180.949908,31.014
1770107180.986906,17263,256,1770107180.955997,30.909
1770107180.987309,17264,256,1770107180.956178,31.132
1770107180.992401,17266,256,1770107180.961449,30.951
1770107180.993110,17267,256,1770107180.962173,30.937
1770107180.993830,17269,256,1770107180.963006,30.824
1770107180.995549,17270,256,1770107180.964500,31.049
1770107181.000127,17271,256,1770107180.969229,30.897
1770107181.000543,17272,256,1770107180.969795,30.747
1770107181.002066,17273,256,1770107180.971253,30.813
1770107181.006064,17274,256,1770107180.974870,31.194
1770107181.006781,17276,256,1770107180.975774,31.007
1770107181.006993,17277,256,1770107180.975908,31.084
1770107181.007594,17278,256,1770107180.976608,30.986
1770107181.008065,17279,256,1770107180.976970,31.095
1770107181.008420,17280,256,1770107180.977548,30.872
1770107181.008703,17281,256,1770107180.977652,31.051
1770107181.009660,17282,256,1770107180.978796,30.864
1770107181.009904,17283,256,1770107180.979040,30.864
1770107181.010296,17284,256,1770107180.979125,31.171
1770107181.010770,17286,256,1770107180.979798,30.972
1770107181.013361,17287,256,1770107180.982270,31.090
1770107181.013625,17288,256,1770107180.982749,30.876
1770107181.014238,17289,256,1770107180.983322,30.916
1770107181.015104,17290,256,1770107180.984242,30.862
1770107181.017882,17291,256,1770107180.986989,30.893
1770107181.018861,17293,256,1770107180.988027,30.834
1770107181.019789,17294,256,1770107180.988926,30.862
1770107181.022947,17295,256,1770107180.991734,31.213
1770107181.023208,17296,256,1770107180.991917,31.291
1770107181.023543,17297,256,1770107180.992443,31.100
1770107181.025481,17298,256,1770107180.994414,31.067
1770107181.029631,17300,256,1770107180.998647,30.984
1770107181.034599,17301,256,1770107181.003466,31.132
1770107181.034838,17302,256,1770107181.003756,31.082
1770107181.035129,17303,256,1770107181.004344,30.785
1770107181.035826,17304,256,1770107181.004758,31.068
1770107181.037104,17305,256,1770107181.006230,30.873
1770107181.037706,17306,256,1770107181.006860,30.846
1770107181.038505,17307,256,1770107181.007686,30.819
1770107181.041633,17308,256,1770107181.010643,30.990
1770107181.043620,17309,256,1770107181.012482,31.138
1770107181.044180,17310,256,1770107181.012790,31.390
1770107181.044703,17311,256,1770107181.013888,30.816
1770107181.044972,17312,256,1770107181.013964,31.008
1770107181.045275,17313,256,1770107181.014282,30.994
1770107181.046282,17314,256,1770107181.015090,31.192
1770107181.047132,17315,256,1770107181.015487,31.644
1770107181.048979,17317,256,1770107181.018078,30.901
1770107181.052469,17318,256,1770107181.021459,31.010
1770107181.053680,17320,256,1770107181.022785,30.895
1770107181.054738,17321,256,1770107181.023581,31.157
1770107181.055867,17322,256,1770107181.025036,30.831
1770107181.059354,17323,256,1770107181.028300,31.054
1770107181.060136,17324,256,1770107181.029309,30.826
1770107181.062078,17325,256,1770107181.031202,30.876
1770107181.063345,17326,256,1770107181.032345,31.000
1770107181.066408,17327,256,1770107181.035467,30.941
1770107181.067599,17328,256,1770107181.035902,31.698
1770107181.072511,17330,256,1770107181.041643,30.868
1770107181.073090,17331,256,1770107181.041811,31.278
1770107181.073685,17332,256,1770107181.041973,31.712
1770107181.074290,17333,256,1770107181.043065,31.225
1770107181.074758,17334,256,1770107181.043340,31.419
1770107181.075016,17336,256,1770107181.044054,30.962
1770107181.075884,17337,256,1770107181.045011,30.873
1770107181.076167,17338,256,1770107181.045216,30.951
1770107181.077312,17339,256,1770107181.045989,31.322
1770107181.077483,17340,256,1770107181.046223,31.259
1770107181.078266,17342,256,1770107181.047415,30.851
1770107181.078901,17343,256,1770107181.047815,31.086
1770107181.079574,17344,256,1770107181.047888,31.686
1770107181.079735,17345,256,1770107181.048211,31.524
1770107181.081560,17346,256,1770107181.050372,31.188
1770107181.082621,17347,256,1770107181.051318,31.303
1770107181.082923,17348,256,1770107181.051557,31.365
1770107181.084123,17349,256,1770107181.053283,30.841
1770107181.085091,17350,256,1770107181.054237,30.854
1770107181.085639,17351,256,1770107181.054864,30.775
1770107181.090122,17352,256,1770107181.058908,31.213
1770107181.091315,17353,256,1770107181.060230,31.085
1770107181.091594,17354,256,1770107181.060805,30.790
1770107181.094136,17355,256,1770107181.063303,30.834
1770107181.095381,17357,256,1770107181.064598,30.783
1770107181.098512,17358,256,1770107181.067638,30.874
1770107181.099446,17359,256,1770107181.068569,30.876
1770107181.100175,17360,256,1770107181.068899,31.276
1770107181.108641,17362,256,1770107181.077567,31.075
1770107181.111089,17363,256,1770107181.079986,31.102
1770107181.111998,17364,256,1770107181.080996,31.003
1770107181.112827,17365,256,1770107181.081933,30.893
1770107181.113523,17366,256,1770107181.082693,30.830
1770107181.113816,17367,256,1770107181.082780,31.036
1770107181.114061,17368,256,1770107181.082844,31.217
1770107181.116170,17369,256,1770107181.085031,31.139
1770107181.117855,17370,256,1770107181.086960,30.895
1770107181.118769,17371,256,1770107181.087727,31.042
1770107181.120701,17372,256,1770107181.089853,30.848
1770107181.120989,17373,256,1770107181.090096,30.894
1770107181.121420,17374,256,1770107181.090600,30.820
1770107181.123043,17375,256,1770107181.092217,30.826
1770107181.123852,17376,256,1770107181.093017,30.835
1770107181.126435,17377,256,1770107181.095508,30.927
1770107181.126647,17378,256,1770107181.095667,30.980
1770107181.128314,17379,256,1770107181.097436,30.878
1770107181.129243,17380,256,1770107181.098414,30.829
1770107181.130618,17381,256,1770107181.099767,30.851
1770107181.130900,17382,256,1770107181.099904,30.996
1770107181.134401,17383,256,1770107181.103390,31.011
1770107181.134995,17385,256,1770107181.104154,30.842
1770107181.135340,17386,256,1770107181.104555,30.785
1770107181.138377,17387,256,1770107181.107405,30.972
1770107181.138763,17388,256,1770107181.107965,30.798
1770107181.139036,17389,256,1770107181.108118,30.918
1770107181.140173,17390,256,1770107181.109127,31.047
1770107181.143682,17394,256,1770107181.112795,30.887
1770107181.144181,17395,256,1770107181.113128,31.053
1770107181.148037,17398,256,1770107181.117199,30.838
1770107181.152275,17400,256,1770107181.121316,30.959
1770107181.152600,17401,256,1770107181.121638,30.962
1770107181.152816,17402,256,1770107181.122063,30.753
1770107181.154016,17403,256,1770107181.123029,30.986
1770107181.156989,17404,256,1770107181.125999,30.989
1770107181.157127,17405,256,1770107181.126233,30.895
1770107181.157482,17406,256,1770107181.126362,31.120
1770107181.157740,17407,256,1770107181.126673,31.067
1770107181.161024,17408,256,1770107181.129995,31.029
1770107181.161561,17409,256,1770107181.130728,30.834
1770107181.161827,17410,256,1770107181.130959,30.868
1770107181.162133,17411,256,1770107181.131284,30.849
1770107181.164479,17412,256,1770107181.133688,30.791
1770107181.169631,17413,256,1770107181.138769,30.862
1770107181.170862,17414,256,1770107181.140060,30.802
1770107181.174383,17416,256,1770107181.143394,30.989
1770107181.175003,17417,256,1770107181.144059,30.943
1770107181.177237,17419,256,1770107181.145622,31.615
1770107181.178138,17420,256,1770107181.147348,30.789
1770107181.179058,17421,256,1770107181.148239,30.819
1770107181.181022,17422,256,1770107181.150232,30.791
1770107181.183770,17423,256,1770107181.152513,31.258
1770107181.184794,17424,256,1770107181.153895,30.899
1770107181.185439,17425,256,1770107181.154617,30.822
1770107181.185773,17426,256,1770107181.155015,30.759
1770107181.186504,17427,256,1770107181.155699,30.805
1770107181.190302,17428,256,1770107181.159386,30.917
1770107181.191045,17429,256,1770107181.160264,30.781
1770107181.191551,17431,256,1770107181.160414,31.137
1770107181.191819,17432,256,1770107181.160891,30.929
1770107181.192419,17433,256,1770107181.161543,30.876
1770107181.193114,17434,256,1770107181.162356,30.758
1770107181.196080,17435,256,1770107181.165013,31.067
1770107181.197160,17436,256,1770107181.166365,30.795
1770107181.197550,17437,256,1770107181.166455,31.095
1770107181.198560,17438,256,1770107181.167536,31.024
1770107181.199472,17439,256,1770107181.168438,31.034
1770107181.199890,17440,256,1770107181.169101,30.789
1770107181.200490,17441,256,1770107181.169472,31.019
1770107181.201701,17442,256,1770107181.170889,30.812
1770107181.203368,17445,256,1770107181.172474,30.895
1770107181.206649,17446,256,1770107181.175728,30.921
1770107181.215766,17449,256,1770107181.184861,30.905
1770107181.218435,17450,256,1770107181.187535,30.900
1770107181.220726,17451,256,1770107181.189788,30.939
1770107181.222940,17452,256,1770107181.192004,30.936
1770107181.223696,17453,256,1770107181.192762,30.934
1770107181.229039,17455,256,1770107181.197920,31.119
1770107181.232176,17456,256,1770107181.201280,30.896
1770107181.232414,17457,256,1770107181.201553,30.861
1770107181.238628,17459,256,1770107181.207269,31.358
1770107181.238803,17460,256,1770107181.207537,31.266
1770107181.239111,17461,256,1770107181.207605,31.506
1770107181.239495,17462,256,1770107181.207865,31.629
1770107181.239685,17463,256,1770107181.208005,31.680
1770107181.239968,17464,256,1770107181.208068,31.900
1770107181.240277,17465,256,1770107181.208279,31.998
1770107181.240601,17466,256,1770107181.208422,32.179
1770107181.244235,17468,256,1770107181.213228,31.007
1770107181.244487,17469,256,1770107181.213495,30.993
1770107181.250905,17471,256,1770107181.219902,31.002
1770107181.251430,17472,256,1770107181.220644,30.786
1770107181.251835,17473,256,1770107181.221069,30.766
1770107181.255481,17474,256,1770107181.224436,31.044
1770107181.255659,17475,256,1770107181.224719,30.940
1770107181.258268,17476,256,1770107181.227380,30.888
1770107181.261030,17477,256,1770107181.230125,30.905
1770107181.261278,17478,256,1770107181.230328,30.950
1770107181.261622,17479,256,1770107181.230843,30.779
1770107181.262457,17481,256,1770107181.231620,30.838
1770107181.262746,17482,256,1770107181.231772,30.974
1770107181.269276,17484,256,1770107181.238288,30.987
1770107181.270238,17485,256,1770107181.239180,31.058
1770107181.270521,17486,256,1770107181.239582,30.939
1770107181.272241,17488,256,1770107181.241290,30.951
1770107181.275044,17489,256,1770107181.244040,31.005
1770107181.275275,17490,256,1770107181.244265,31.010
1770107181.275604,17491,256,1770107181.244353,31.250
1770107181.278137,17492,256,1770107181.247208,30.929
1770107181.280691,17493,256,1770107181.249726,30.965
1770107181.281115,17494,256,1770107181.250241,30.874
1770107181.282883,17495,256,1770107181.251876,31.008
1770107181.283220,17496,256,1770107181.252421,30.799
1770107181.283738,17497,256,1770107181.252909,30.828
1770107181.293669,17499,256,1770107181.262769,30.900
1770107181.295145,17500,256,1770107181.264328,30.817
1770107181.297088,17502,256,1770107181.266138,30.951
1770107181.297348,17503,256,1770107181.266204,31.143
1770107181.299647,17504,256,1770107181.268301,31.346
1770107181.300417,17505,256,1770107181.269601,30.816
1770107181.300918,17506,256,1770107181.270155,30.763
1770107181.302033,17507,256,1770107181.271273,30.760
1770107181.303525,17509,256,1770107181.272706,30.819
1770107181.304002,17511,256,1770107181.273068,30.933
1770107181.305991,17512,256,1770107181.275074,30.917
1770107181.309307,17515,256,1770107181.278447,30.860
1770107181.311741,17516,256,1770107181.280838,30.904
1770107181.315389,17521,256,1770107181.284580,30.809
1770107181.315664,17522,256,1770107181.284687,30.977
1770107181.318161,17523,256,1770107181.287369,30.792
1770107181.318638,17524,256,1770107181.287897,30.741
1770107181.318919,17525,256,1770107181.288076,30.843
1770107181.322243,17527,256,1770107181.291383,30.860
1770107181.323547,17528,256,1770107181.292659,30.888
1770107181.325869,17529,256,1770107181.294175,31.693
1770107181.328828,17530,256,1770107181.297906,30.922
1770107181.330687,17531,256,1770107181.299691,30.996
1770107181.333239,17532,256,1770107181.302314,30.925
1770107181.337222,17533,256,1770107181.306280,30.942
1770107181.338127,17534,256,1770107181.307297,30.830
1770107181.341647,17538,256,1770107181.310518,31.129
1770107181.342309,17539,256,1770107181.311407,30.901
1770107181.343361,17540,256,1770107181.312562,30.799
1770107181.344465,17541,256,1770107181.313637,30.828
1770107181.346331,17542,256,1770107181.315395,30.936
1770107181.348390,17543,256,1770107181.317589,30.802
1770107181.351846,17544,256,1770107181.320939,30.907
1770107181.353643,17545,256,1770107181.322721,30.923
1770107181.356971,17546,256,1770107181.325885,31.086
1770107181.357482,17547,256,1770107181.326567,30.915
1770107181.357739,17548,256,1770107181.326798,30.941
1770107181.358687,17549,256,1770107181.327111,31.576
1770107181.358947,17550,256,1770107181.327724,31.223
1770107181.359302,17551,256,1770107181.328087,31.215
1770107181.362116,17552,256,1770107181.330964,31.152
1770107181.363767,17553,256,1770107181.332674,31.093
1770107181.364029,17554,256,1770107181.332904,31.125
1770107181.364321,17555,256,1770107181.332968,31.353
1770107181.366336,17556,256,1770107181.335236,31.100
1770107181.368045,17557,256,1770107181.337151,30.894
1770107181.368327,17558,256,1770107181.337482,30.845
1770107181.369237,17559,256,1770107181.338405,30.831
1770107181.370385,17560,256,1770107181.339516,30.869
1770107181.371763,17561,256,1770107181.340890,30.872
1770107181.372089,17562,256,1770107181.341031,31.059
1770107181.372350,17563,256,1770107181.341386,30.964
1770107181.372627,17564,256,1770107181.341593,31.034
1770107181.375273,17566,256,1770107181.343752,31.520
1770107181.375659,17567,256,1770107181.344767,30.892
1770107181.377588,17568,256,1770107181.346728,30.860
1770107181.383216,17569,256,1770107181.352209,31.008
1770107181.384283,17570,256,1770107181.352602,31.682
1770107181.384634,17571,256,1770107181.353822,30.812
1770107181.384913,17572,256,1770107181.354129,30.783
1770107181.385239,17573,256,1770107181.354434,30.805
1770107181.387251,17574,256,1770107181.356256,30.995
1770107181.391278,17576,256,1770107181.360111,31.167
1770107181.391808,17577,256,1770107181.360318,31.490
1770107181.392283,17578,256,1770107181.361339,30.945
1770107181.392515,17579,256,1770107181.361685,30.831
1770107181.395779,17582,256,1770107181.364754,31.025
1770107181.398025,17583,256,1770107181.367174,30.851
1770107181.398263,17584,256,1770107181.367444,30.819
1770107181.402174,17587,256,1770107181.371248,30.926
1770107181.404618,17589,256,1770107181.373634,30.984
1770107181.404958,17590,256,1770107181.373963,30.994
1770107181.411981,17592,256,1770107181.380959,31.022
1770107181.412316,17593,256,1770107181.381234,31.081
1770107181.413970,17594,256,1770107181.382993,30.977
1770107181.414242,17595,256,1770107181.383337,30.905
1770107181.416671,17596,256,1770107181.385799,30.872
1770107181.417945,17597,256,1770107181.386834,31.111
1770107181.419892,17598,256,1770107181.388530,31.362
1770107181.421173,17599,256,1770107181.390322,30.851
1770107181.422689,17601,256,1770107181.391807,30.882
1770107181.422967,17602,256,1770107181.392155,30.812
1770107181.426315,17604,256,1770107181.395469,30.846
1770107181.426570,17605,256,1770107181.395605,30.965
1770107181.428396,17606,256,1770107181.397516,30.879
1770107181.428825,17607,256,1770107181.398005,30.820
1770107181.429111,17608,256,1770107181.398158,30.953
1770107181.430516,17609,256,1770107181.399532,30.984
1770107181.431100,17610,256,1770107181.400276,30.825
1770107181.431864,17611,256,1770107181.400987,30.877
1770107181.433116,17612,256,1770107181.402364,30.752
1770107181.433732,17613,256,1770107181.402961,30.771
1770107181.439702,17614,256,1770107181.408738,30.964
1770107181.442278,17615,256,1770107181.411398,30.880
1770107181.443024,17616,256,1770107181.412157,30.867
1770107181.444609,17617,256,1770107181.413701,30.909
1770107181.444831,17618,256,1770107181.414014,30.817
1770107181.445184,17619,256,1770107181.414396,30.788
1770107181.451229,17620,256,1770107181.420339,30.889
1770107181.452892,17621,256,1770107181.422046,30.845
1770107181.454425,17622,256,1770107181.423627,30.798
1770107181.455690,17623,256,1770107181.424813,30.877
1770107181.456748,17624,256,1770107181.425714,31.034
1770107181.460639,17625,256,1770107181.429777,30.863
1770107181.460904,17626,256,1770107181.430007,30.898
1770107181.461593,17627,256,1770107181.430767,30.827
1770107181.463061,17629,256,1770107181.432161,30.900
1770107181.463320,17630,256,1770107181.432295,31.025
1770107181.464733,17631,256,1770107181.433954,30.780
1770107181.465620,17632,256,1770107181.434860,30.760
1770107181.466164,17633,256,1770107181.435445,30.720
1770107181.468530,17634,256,1770107181.437468,31.062
1770107181.469069,17635,256,1770107181.437881,31.188
1770107181.470919,17636,256,1770107181.439802,31.117
1770107181.471182,17637,256,1770107181.439918,31.264
1770107181.475018,17639,256,1770107181.443923,31.095
1770107181.475410,17640,256,1770107181.444553,30.857
1770107181.476222,17641,256,1770107181.445318,30.905
1770107181.476441,17642,256,1770107181.445418,31.023
1770107181.476821,17643,256,1770107181.445938,30.883
1770107181.478108,17645,256,1770107181.447247,30.861
1770107181.479340,17647,256,1770107181.448530,30.810
1770107181.482800,17649,256,1770107181.451897,30.903
1770107181.483971,17651,256,1770107181.453138,30.832
1770107181.485327,17653,256,1770107181.454530,30.797
1770107181.487982,17654,256,1770107181.457040,30.942
1770107181.488549,17655,256,1770107181.457245,31.304
1770107181.490586,17656,256,1770107181.459672,30.915
1770107181.492464,17658,256,1770107181.461570,30.894
1770107181.493691,17659,256,1770107181.462753,30.939
1770107181.494337,17660,256,1770107181.463545,30.792
1770107181.496164,17662,256,1770107181.465230,30.934
1770107181.500348,17664,256,1770107181.469502,30.847
1770107181.504540,17666,256,1770107181.473594,30.946
1770107181.506457,17668,256,1770107181.475488,30.970
1770107181.509698,17669,256,1770107181.478762,30.936
1770107181.511218,17670,256,1770107181.480361,30.856
1770107181.511812,17671,256,1770107181.480766,31.046
1770107181.516729,17672,256,1770107181.485835,30.894
1770107181.517669,17675,256,1770107181.486423,31.245
1770107181.520223,17676,256,1770107181.489316,30.907
1770107181.520811,17677,256,1770107181.489877,30.934
1770107181.521065,17678,256,1770107181.490048,31.018
1770107181.522571,17680,256,1770107181.491663,30.908
1770107181.523144,17681,256,1770107181.491990,31.154
1770107181.523763,17682,256,1770107181.492888,30.875
1770107181.525978,17683,256,1770107181.495111,30.867
1770107181.527270,17684,256,1770107181.496335,30.935
1770107181.528296,17685,256,1770107181.497492,30.803
1770107181.529327,17686,256,1770107181.498491,30.835
1770107181.529584,17687,256,1770107181.498742,30.842
1770107181.531595,17688,256,1770107181.500691,30.904
1770107181.531875,17689,256,1770107181.500864,31.011
1770107181.532303,17690,256,1770107181.500918,31.385
1770107181.532460,17691,256,1770107181.501321,31.139
1770107181.532779,17692,256,1770107181.501521,31.259
1770107181.534382,17693,256,1770107181.503598,30.783
1770107181.534962,17694,256,1770107181.503828,31.135
1770107181.535276,17695,256,1770107181.503872,31.404
1770107181.535646,17697,256,1770107181.504495,31.151
1770107181.536254,17698,256,1770107181.505401,30.854
1770107181.538587,17700,256,1770107181.507595,30.992
1770107181.542384,17703,256,1770107181.511383,31.001
1770107181.542620,17704,256,1770107181.511580,31.040
1770107181.542892,17705,256,1770107181.511946,30.946
1770107181.545483,17706,256,1770107181.514625,30.858
1770107181.547824,17707,256,1770107181.516746,31.078
1770107181.548089,17708,256,1770107181.516936,31.153
1770107181.548427,17709,256,1770107181.517549,30.879
1770107181.550334,17710,256,1770107181.519502,30.832
1770107181.551754,17712,256,1770107181.520967,30.787
1770107181.552260,17713,256,1770107181.521482,30.778
1770107181.553255,17714,256,1770107181.522444,30.811
1770107181.556256,17715,256,1770107181.525342,30.914
1770107181.556566,17716,256,1770107181.525517,31.049
1770107181.563583,17719,256,1770107181.532681,30.902
1770107181.564443,17720,256,1770107181.533443,31.000
1770107181.568756,17721,256,1770107181.537822,30.934
1770107181.569675,17722,256,1770107181.538796,30.879
1770107181.576848,17723,256,1770107181.545784,31.064
1770107181.577639,17724,256,1770107181.545999,31.640
1770107181.578109,17725,256,1770107181.547178,30.931
1770107181.583486,17727,256,1770107181.552490,30.995
1770107181.583812,17728,256,1770107181.553042,30.770
1770107181.586260,17729,256,1770107181.555289,30.970
1770107181.586842,17730,256,1770107181.555974,30.868
1770107181.587594,17731,256,1770107181.556750,30.845
1770107181.588429,17732,256,1770107181.557578,30.852
1770107181.591549,17734,256,1770107181.560242,31.307
1770107181.592664,17735,256,1770107181.561815,30.850
1770107181.596164,17736,256,1770107181.565217,30.946
1770107181.599220,17737,256,1770107181.568146,31.074
1770107181.600052,17738,256,1770107181.569152,30.900
1770107181.602257,17741,256,1770107181.571355,30.902
1770107181.604325,17743,256,1770107181.573489,30.836
1770107181.605402,17744,256,1770107181.574408,30.994
1770107181.607107,17745,256,1770107181.576010,31.097
1770107181.607312,17746,256,1770107181.576409,30.903
1770107181.607671,17747,256,1770107181.576572,31.100
1770107181.609424,17748,256,1770107181.578280,31.144
1770107181.609680,17749,256,1770107181.578732,30.948
1770107181.611508,17750,256,1770107181.580518,30.991
1770107181.612114,17751,256,1770107181.580896,31.218
1770107181.613008,17752,256,1770107181.582237,30.771
1770107181.615740,17753,256,1770107181.584874,30.866
1770107181.616989,17755,256,1770107181.586155,30.834
1770107181.623010,17757,256,1770107181.592176,30.834
1770107181.623630,17758,256,1770107181.592818,30.813
1770107181.624819,17759,256,1770107181.593905,30.914
1770107181.625125,17760,256,1770107181.594145,30.981
1770107181.625453,17761,256,1770107181.594640,30.814
1770107181.627741,17762,256,1770107181.596818,30.923
1770107181.628610,17763,256,1770107181.597767,30.843
1770107181.628891,17764,256,1770107181.597990,30.902
1770107181.630606,17766,256,1770107181.599810,30.796
1770107181.630860,17767,256,1770107181.600043,30.818
1770107181.631149,17768,256,1770107181.600175,30.974
1770107181.631508,17769,256,1770107181.600791,30.717
1770107181.633386,17770,256,1770107181.602660,30.725
1770107181.634220,17771,256,1770107181.603506,30.714
1770107181.634694,17772,256,1770107181.603974,30.720
1770107181.635796,17773,256,1770107181.605067,30.729
1770107181.639158,17775,256,1770107181.608266,30.892
1770107181.639433,17776,256,1770107181.608314,31.119
1770107181.639793,17777,256,1770107181.608565,31.228
1770107181.643517,17780,256,1770107181.612698,30.818
1770107181.644832,17781,256,1770107181.614002,30.830
1770107181.647552,17782,256,1770107181.616696,30.857
1770107181.647832,17783,256,1770107181.616882,30.950
1770107181.648142,17784,256,1770107181.616949,31.193
1770107181.648587,17785,256,1770107181.617850,30.737
1770107181.652467,17786,256,1770107181.621620,30.847
1770107181.653133,17787,256,1770107181.622393,30.740
1770107181.653489,17788,256,1770107181.622606,30.883
1770107181.655249,17790,256,1770107181.623995,31.254
1770107181.655926,17791,256,1770107181.625078,30.848
1770107181.656384,17792,256,1770107181.625629,30.755
1770107181.659855,17793,256,1770107181.628954,30.901
1770107181.661594,17795,256,1770107181.630776,30.818
1770107181.662278,17797,256,1770107181.631366,30.912
1770107181.665472,17798,256,1770107181.634547,30.925
1770107181.665715,17799,256,1770107181.634938,30.777
1770107181.668778,17800,256,1770107181.637785,30.992
1770107181.669358,17801,256,1770107181.638572,30.786
1770107181.673751,17802,256,1770107181.642729,31.022
1770107181.674511,17805,256,1770107181.643402,31.110
1770107181.677017,17806,256,1770107181.646213,30.804
1770107181.677318,17807,256,1770107181.646295,31.023
1770107181.677570,17808,256,1770107181.646408,31.162
1770107181.679123,17809,256,1770107181.648361,30.762
1770107181.680618,17811,256,1770107181.649832,30.786
1770107181.683138,17812,256,1770107181.652385,30.753
1770107181.683771,17813,256,1770107181.653037,30.734
1770107181.685256,17814,256,1770107181.654491,30.765
1770107181.685515,17815,256,1770107181.654550,30.965
1770107181.686492,17816,256,1770107181.655773,30.719
1770107181.687268,17817,256,1770107181.656533,30.735
1770107181.687783,17818,256,1770107181.657029,30.754
1770107181.688416,17819,256,1770107181.657468,30.947
1770107181.691724,17820,256,1770107181.660740,30.984
1770107181.693593,17821,256,1770107181.662539,31.054
1770107181.694409,17822,256,1770107181.663597,30.812
1770107181.700450,17823,256,1770107181.669482,30.969
1770107181.700624,17824,256,1770107181.669750,30.874
1770107181.702611,17826,256,1770107181.671779,30.832
1770107181.705115,17827,256,1770107181.674217,30.897
1770107181.705803,17828,256,1770107181.674972,30.831
1770107181.706232,17829,256,1770107181.675480,30.752
1770107181.706739,17830,256,1770107181.675987,30.753
1770107181.707263,17831,256,1770107181.676461,30.801
1770107181.709741,17832,256,1770107181.678869,30.872
1770107181.711724,17833,256,1770107181.680838,30.886
1770107181.712003,17834,256,1770107181.681211,30.792
1770107181.712301,17835,256,1770107181.681438,30.862
1770107181.713218,17836,256,1770107181.682326,30.893
1770107181.715000,17837,256,1770107181.684220,30.780
1770107181.719200,17838,256,1770107181.688104,31.096
1770107181.720928,17839,256,1770107181.690055,30.873
1770107181.723111,17840,256,1770107181.692169,30.942
1770107181.727963,17842,256,1770107181.697098,30.865
1770107181.728519,17843,256,1770107181.697740,30.779
1770107181.729904,17844,256,1770107181.699076,30.828
1770107181.730480,17845,256,1770107181.699454,31.026
1770107181.731237,17846,256,1770107181.700382,30.855
1770107181.732019,17847,256,1770107181.701254,30.765
1770107181.735130,17848,256,1770107181.704316,30.814
1770107181.735622,17849,256,1770107181.704867,30.756
1770107181.746830,17851,256,1770107181.706516,40.314
1770107181.746919,17852,256,1770107181.709182,37.736
1770107181.746944,17853,256,1770107181.709775,37.168
1770107181.746963,17854,256,1770107181.710161,36.801
1770107181.746979,17855,256,1770107181.712081,34.898
1770107181.746997,17857,256,1770107181.713219,33.777
1770107181.747013,17858,256,1770107181.713402,33.612
1770107181.747030,17859,256,1770107181.713719,33.311
1770107181.747055,17860,256,1770107181.713866,33.189
1770107181.747079,17861,256,1770107181.714426,32.653
1770107181.747096,17862,256,1770107181.715075,32.020
1770107181.747115,17863,256,1770107181.715165,31.949
1770107181.750721,17864,256,1770107181.719801,30.920
1770107181.752404,17866,256,1770107181.721560,30.844
1770107181.753056,17867,256,1770107181.722264,30.793
1770107181.755220,17868,256,1770107181.724262,30.957
1770107181.757973,17869,256,1770107181.727014,30.959
1770107181.758225,17870,256,1770107181.727250,30.975
1770107181.758924,17871,256,1770107181.727946,30.978
1770107181.759251,17872,256,1770107181.728450,30.801
1770107181.761642,17874,256,1770107181.730740,30.902
1770107181.761882,17875,256,1770107181.731044,30.838
1770107181.763229,17876,256,1770107181.732447,30.782
1770107181.766955,17877,256,1770107181.736005,30.950
1770107181.767220,17878,256,1770107181.736432,30.788
1770107181.768543,17879,256,1770107181.737752,30.791
1770107181.769485,17880,256,1770107181.738700,30.786
1770107181.771121,17881,256,1770107181.740022,31.099
1770107181.773354,17883,256,1770107181.742416,30.937
1770107181.775079,17885,256,1770107181.744219,30.860
1770107181.775334,17886,256,1770107181.744408,30.926
1770107181.779602,17887,256,1770107181.748667,30.935
1770107181.779823,17888,256,1770107181.748941,30.881
1770107181.781222,17890,256,1770107181.750297,30.926
1770107181.783293,17891,256,1770107181.752369,30.924
1770107181.783512,17892,256,1770107181.752629,30.883
1770107181.786183,17893,256,1770107181.755360,30.823
1770107181.787546,17895,256,1770107181.756581,30.965
1770107181.788238,17896,256,1770107181.757343,30.895
1770107181.788531,17897,256,1770107181.757623,30.907
1770107181.788828,17898,256,1770107181.757886,30.942
1770107181.789309,17899,256,1770107181.758486,30.823
1770107181.790859,17900,256,1770107181.759980,30.879
1770107181.792417,17901,256,1770107181.761544,30.872
1770107181.795775,17902,256,1770107181.764797,30.978
1770107181.795968,17903,256,1770107181.764969,30.998
1770107181.796235,17904,256,1770107181.765327,30.907
1770107181.798280,17905,256,1770107181.767383,30.897
1770107181.802747,17907,256,1770107181.771920,30.828
1770107181.802983,17908,256,1770107181.772032,30.951
1770107181.803467,17909,256,1770107181.772709,30.758
1770107181.805838,17910,256,1770107181.774910,30.927
1770107181.808848,17911,256,1770107181.777790,31.059
1770107181.809301,17912,256,1770107181.778409,30.892
1770107181.810310,17914,256,1770107181.779229,31.080
1770107181.811053,17915,256,1770107181.780260,30.793
1770107181.811993,17916,256,1770107181.781217,30.775
1770107181.812953,17917,256,1770107181.782161,30.791
1770107181.817493,17920,256,1770107181.786702,30.792
1770107181.819721,17921,256,1770107181.788885,30.837
1770107181.820001,17922,256,1770107181.789214,30.787
1770107181.821723,17923,256,1770107181.790853,30.870
1770107181.822008,17924,256,1770107181.791068,30.940
1770107181.822990,17925,256,1770107181.792153,30.837
1770107181.824247,17926,256,1770107181.793337,30.910
1770107181.826137,17927,256,1770107181.795013,31.124
1770107181.826749,17928,256,1770107181.795123,31.626
1770107181.826875,17929,256,1770107181.795957,30.918
1770107181.827162,17930,256,1770107181.796216,30.946
1770107181.828036,17931,256,1770107181.797204,30.832
1770107181.832841,17932,256,1770107181.801872,30.969
1770107181.833066,17933,256,1770107181.802206,30.860
1770107181.834730,17934,256,1770107181.803937,30.793
1770107181.835492,17935,256,1770107181.804690,30.801
1770107181.837206,17937,256,1770107181.806270,30.936
1770107181.837476,17938,256,1770107181.806566,30.910
1770107181.837733,17939,256,1770107181.806860,30.873
1770107181.838000,17940,256,1770107181.806919,31.081
1770107181.838313,17941,256,1770107181.806962,31.351
1770107181.838600,17942,256,1770107181.807298,31.302
1770107181.839783,17943,256,1770107181.808869,30.914
1770107181.841589,17944,256,1770107181.810647,30.942
1770107181.842947,17946,256,1770107181.812090,30.857
1770107181.845051,17947,256,1770107181.814237,30.814
1770107181.846377,17949,256,1770107181.815260,31.117
1770107181.846644,17950,256,1770107181.815538,31.106
1770107181.846891,17951,256,1770107181.815992,30.899
1770107181.847244,17952,256,1770107181.816035,31.209
1770107181.848736,17954,256,1770107181.817950,30.786
1770107181.849019,17955,256,1770107181.818031,30.988
1770107181.849320,17956,256,1770107181.818076,31.244
1770107181.852010,17957,256,1770107181.821091,30.919
1770107181.852988,17959,256,1770107181.822132,30.856
1770107181.856899,17961,256,1770107181.825786,31.113
1770107181.857203,17962,256,1770107181.826353,30.851
1770107181.857800,17963,256,1770107181.826560,31.240
1770107181.858447,17964,256,1770107181.827399,31.047
1770107181.858716,17965,256,1770107181.827595,31.121
1770107181.860046,17966,256,1770107181.829064,30.982
1770107181.863860,17967,256,1770107181.832884,30.975
1770107181.864916,17970,256,1770107181.833986,30.930
1770107181.873763,17974,256,1770107181.842498,31.265
1770107181.875951,17976,256,1770107181.844717,31.234
1770107181.877335,17977,256,1770107181.846498,30.837
1770107181.877886,17978,256,1770107181.847116,30.770
1770107181.881044,17979,256,1770107181.850223,30.821
1770107181.881436,17980,256,1770107181.850702,30.734
1770107181.886228,17982,256,1770107181.855206,31.023
1770107181.886478,17983,256,1770107181.855346,31.132
1770107181.887200,17984,256,1770107181.856358,30.842
1770107181.888848,17985,256,1770107181.857740,31.108
1770107181.889113,17986,256,1770107181.857887,31.226
1770107181.889733,17987,256,1770107181.858646,31.087
1770107181.890340,17988,256,1770107181.858896,31.444
1770107181.892013,17989,256,1770107181.861157,30.856
1770107181.894909,17992,256,1770107181.864049,30.859
1770107181.896184,17993,256,1770107181.865396,30.787
1770107181.899048,17994,256,1770107181.868261,30.787
1770107181.900362,17995,256,1770107181.869320,31.042
1770107181.903498,17996,256,1770107181.872633,30.866
1770107181.903732,17997,256,1770107181.872809,30.923
1770107181.904015,17998,256,1770107181.872874,31.141
1770107181.904417,18000,256,1770107181.873585,30.833
1770107181.905450,18001,256,1770107181.874390,31.060
1770107181.905775,18002,256,1770107181.874776,30.999
1770107181.906058,18003,256,1770107181.874918,31.140
1770107181.906587,18004,256,1770107181.875787,30.799
1770107181.907882,18005,256,1770107181.876901,30.982
1770107181.908769,18006,256,1770107181.877956,30.813
1770107181.909024,18007,256,1770107181.878105,30.919
1770107181.911123,18008,256,1770107181.880317,30.806
1770107181.911383,18009,256,1770107181.880666,30.717
1770107181.912743,18010,256,1770107181.881895,30.848
1770107181.912922,18011,256,1770107181.881947,30.974
1770107181.917873,18012,256,1770107181.887115,30.757
1770107181.922917,18014,256,1770107181.891830,31.087
1770107181.923131,18015,256,1770107181.892072,31.059
1770107181.923416,18016,256,1770107181.892520,30.896
1770107181.928027,18018,256,1770107181.897239,30.788
1770107181.928976,18019,256,1770107181.897998,30.978
1770107181.937391,18022,256,1770107181.906483,30.908
1770107181.937658,18023,256,1770107181.906624,31.034
1770107181.937932,18024,256,1770107181.907158,30.774
1770107181.939827,18025,256,1770107181.909000,30.827
1770107181.943271,18026,256,1770107181.912374,30.897
1770107181.943902,18028,256,1770107181.913175,30.727
1770107181.944484,18029,256,1770107181.913775,30.709
1770107181.945332,18030,256,1770107181.914596,30.736
1770107181.946837,18031,256,1770107181.916127,30.710
1770107181.948017,18033,256,1770107181.917296,30.721
1770107181.951793,18034,256,1770107181.921059,30.735
1770107181.954683,18035,256,1770107181.923896,30.787
1770107181.955657,18036,256,1770107181.924846,30.811
1770107181.955890,18037,256,1770107181.925001,30.889
1770107181.956728,18038,256,1770107181.925961,30.766
1770107181.956993,18039,256,1770107181.926003,30.991
1770107181.957298,18040,256,1770107181.926020,31.278
1770107181.957588,18041,256,1770107181.926651,30.937
1770107181.961314,18043,256,1770107181.930281,31.033
1770107181.964460,18045,256,1770107181.933692,30.768
1770107181.966244,18046,256,1770107181.935449,30.795
1770107181.969072,18047,256,1770107181.937979,31.093
1770107181.971135,18049,256,1770107181.940171,30.964
1770107181.971520,18050,256,1770107181.940443,31.077
1770107181.971780,18051,256,1770107181.940525,31.255
1770107181.971997,18052,256,1770107181.941042,30.955
1770107181.972498,18053,256,1770107181.941641,30.857
1770107181.972752,18054,256,1770107181.941811,30.941
1770107181.973042,18055,256,1770107181.942200,30.843
1770107181.980149,18057,256,1770107181.949291,30.859
1770107181.981351,18058,256,1770107181.950255,31.096
1770107181.981601,18059,256,1770107181.950815,30.786
1770107181.983360,18060,256,1770107181.952583,30.777
1770107181.983627,18061,256,1770107181.952628,30.998
1770107181.983921,18062,256,1770107181.952652,31.269
1770107181.984292,18063,256,1770107181.952786,31.506
1770107181.984528,18064,256,1770107181.952943,31.585
1770107181.984870,18065,256,1770107181.953041,31.830
1770107181.985432,18066,256,1770107181.953613,31.819
1770107181.985716,18067,256,1770107181.954381,31.336
1770107181.986642,18068,256,1770107181.954894,31.748
1770107181.986928,18069,256,1770107181.954917,32.011
1770107181.987234,18071,256,1770107181.956182,31.053
1770107181.987512,18073,256,1770107181.956759,30.753
1770107181.987825,18074,256,1770107181.956944,30.880
1770107181.989823,18075,256,1770107181.958922,30.901
1770107181.990058,18076,256,1770107181.959034,31.024
1770107181.990406,18077,256,1770107181.959658,30.748
1770107181.993142,18078,256,1770107181.962022,31.120
1770107181.994805,18079,256,1770107181.963970,30.835
1770107181.995703,18080,256,1770107181.964844,30.859
1770107181.996286,18081,256,1770107181.965528,30.758
1770107182.001119,18086,256,1770107181.970312,30.807
1770107182.006116,18088,256,1770107181.975227,30.890
1770107182.006700,18089,256,1770107181.975705,30.995
1770107182.009245,18090,256,1770107181.978052,31.193
1770107182.010262,18091,256,1770107181.979151,31.111
1770107182.011592,18092,256,1770107181.980767,30.825
1770107182.012142,18093,256,1770107181.981348,30.794
1770107182.012900,18094,256,1770107181.982072,30.828
1770107182.016497,18095,256,1770107181.985622,30.875
1770107182.018142,18096,256,1770107181.987251,30.890
1770107182.018939,18097,256,1770107181.987934,31.005
1770107182.019448,18098,256,1770107181.988610,30.838
1770107182.022084,18100,256,1770107181.991171,30.913
1770107182.022294,18101,256,1770107181.991445,30.849
1770107182.023686,18102,256,1770107181.992737,30.950
1770107182.027674,18103,256,1770107181.996480,31.194
1770107182.028480,18104,256,1770107181.997607,30.873
1770107182.029745,18105,256,1770107181.998939,30.806
1770107182.036336,18106,256,1770107182.005149,31.188
1770107182.036442,18107,256,1770107182.005565,30.877
1770107182.040919,18108,256,1770107182.009904,31.014
1770107182.042312,18109,256,1770107182.011313,30.999
1770107182.042635,18110,256,1770107182.011609,31.025
1770107182.043905,18111,256,1770107182.012772,31.132
1770107182.044151,18112,256,1770107182.012875,31.276
1770107182.044494,18113,256,1770107182.012948,31.546
1770107182.044719,18114,256,1770107182.013014,31.705
1770107182.046146,18115,256,1770107182.015302,30.843
1770107182.048324,18116,256,1770107182.017516,30.808
1770107182.054271,18118,256,1770107182.023228,31.043
1770107182.055698,18119,256,1770107182.024740,30.958
1770107182.057378,18120,256,1770107182.026404,30.974
1770107182.058917,18122,256,1770107182.027969,30.948
1770107182.059600,18123,256,1770107182.028502,31.099
1770107182.060388,18125,256,1770107182.029605,30.783
1770107182.062234,18126,256,1770107182.031238,30.996
1770107182.062895,18127,256,1770107182.031964,30.931
1770107182.064507,18128,256,1770107182.033369,31.138
1770107182.064618,18129,256,1770107182.033623,30.995
1770107182.065886,18130,256,1770107182.034720,31.166
1770107182.066719,18131,256,1770107182.035739,30.979
1770107182.069303,18133,256,1770107182.038314,30.989
1770107182.069582,18134,256,1770107182.038572,31.010
1770107182.073640,18135,256,1770107182.042551,31.090
1770107182.075161,18136,256,1770107182.044164,30.997
1770107182.075301,18137,256,1770107182.044324,30.977
1770107182.079663,18140,256,1770107182.048437,31.226
1770107182.079807,18141,256,1770107182.048630,31.177
1770107182.079833,18142,256,1770107182.048873,30.960
1770107182.082246,18143,256,1770107182.051275,30.970
1770107182.083552,18144,256,1770107182.052724,30.828
1770107182.087001,18145,256,1770107182.056115,30.886
1770107182.090818,18146,256,1770107182.059597,31.222
1770107182.091027,18147,256,1770107182.060103,30.924
1770107182.091974,18148,256,1770107182.061180,30.794
1770107182.092746,18149,256,1770107182.061996,30.749
1770107182.095883,18150,256,1770107182.064998,30.885
1770107182.096797,18151,256,1770107182.065958,30.839
1770107182.099446,18153,256,1770107182.068491,30.955
1770107182.099643,18154,256,1770107182.068815,30.828
1770107182.101339,18155,256,1770107182.070230,31.109
1770107182.105112,18156,256,1770107182.074210,30.902
1770107182.108954,18158,256,1770107182.078004,30.950
1770107182.110398,18159,256,1770107182.079397,31.001
1770107182.110636,18160,256,1770107182.079751,30.885
1770107182.114646,18161,256,1770107182.083727,30.919
1770107182.116496,18162,256,1770107182.085659,30.837
1770107182.116724,18163,256,1770107182.085894,30.830
1770107182.120681,18165,256,1770107182.089633,31.048
1770107182.124872,18168,256,1770107182.093784,31.088
1770107182.124993,18169,256,1770107182.093913,31.080
1770107182.125869,18170,256,1770107182.094979,30.890
1770107182.127331,18171,256,1770107182.096283,31.048
1770107182.127627,18172,256,1770107182.096666,30.962
1770107182.127826,18173,256,1770107182.096836,30.990
1770107182.128104,18174,256,1770107182.097052,31.052
1770107182.128707,18175,256,1770107182.097490,31.218
1770107182.129127,18176,256,1770107182.097753,31.374
1770107182.129296,18177,256,1770107182.097918,31.377
1770107182.130298,18179,256,1770107182.099282,31.016
1770107182.132241,18181,256,1770107182.101440,30.802
1770107182.132530,18182,256,1770107182.101471,31.059
1770107182.132824,18183,256,1770107182.101500,31.325
1770107182.133132,18184,256,1770107182.101789,31.344
1770107182.139521,18187,256,1770107182.108632,30.889
1770107182.139818,18188,256,1770107182.108825,30.992
1770107182.145007,18190,256,1770107182.114130,30.877
1770107182.145175,18191,256,1770107182.114183,30.992
1770107182.145906,18192,256,1770107182.114757,31.148
1770107182.147774,18193,256,1770107182.116784,30.990
1770107182.150316,18195,256,1770107182.119355,30.960
1770107182.153794,18196,256,1770107182.122793,31.001
1770107182.154749,18197,256,1770107182.123921,30.828
1770107182.155328,18198,256,1770107182.124416,30.912
1770107182.157180,18199,256,1770107182.126207,30.973
1770107182.162840,18200,256,1770107182.131672,31.168
1770107182.163580,18201,256,1770107182.132464,31.116
1770107182.163867,18202,256,1770107182.132657,31.210
1770107182.164937,18203,256,1770107182.134100,30.837
1770107182.165797,18204,256,1770107182.134896,30.901
1770107182.165927,18205,256,1770107182.135029,30.898
1770107182.168061,18207,256,1770107182.137170,30.890
1770107182.172321,18208,256,1770107182.141311,31.009
1770107182.173210,18209,256,1770107182.142272,30.938
1770107182.173411,18210,256,1770107182.142422,30.988
1770107182.174034,18211,256,1770107182.143033,31.000
1770107182.175779,18212,256,1770107182.144900,30.879
1770107182.179005,18215,256,1770107182.148215,30.791
1770107182.180120,18216,256,1770107182.149101,31.018
1770107182.181897,18217,256,1770107182.150927,30.970
1770107182.182085,18218,256,1770107182.151131,30.954
1770107182.183371,18219,256,1770107182.152486,30.885
1770107182.185444,18220,256,1770107182.154632,30.812
1770107182.188339,18221,256,1770107182.157381,30.958
1770107182.191574,18222,256,1770107182.160675,30.900
1770107182.195321,18223,256,1770107182.164413,30.907
1770107182.195599,18224,256,1770107182.164623,30.976
1770107182.195982,18225,256,1770107182.165234,30.748
1770107182.198582,18226,256,1770107182.167535,31.047
1770107182.201415,18227,256,1770107182.170429,30.985
1770107182.205270,18229,256,1770107182.174234,31.036
1770107182.206785,18230,256,1770107182.175841,30.944
1770107182.207663,18232,256,1770107182.176814,30.849
1770107182.209130,18233,256,1770107182.178270,30.860
1770107182.209291,18234,256,1770107182.178304,30.987
1770107182.209654,18235,256,1770107182.178820,30.833
1770107182.210637,18237,256,1770107182.179808,30.829
1770107182.213283,18238,256,1770107182.182370,30.913
1770107182.216231,18239,256,1770107182.185215,31.016
1770107182.219476,18241,256,1770107182.188291,31.185
1770107182.224123,18242,256,1770107182.193255,30.868
1770107182.225617,18243,256,1770107182.194739,30.878
1770107182.226269,18244,256,1770107182.195527,30.742
1770107182.227979,18245,256,1770107182.197151,30.828
1770107182.228261,18246,256,1770107182.197321,30.939
1770107182.228555,18247,256,1770107182.197551,31.004
1770107182.228856,18248,256,1770107182.197923,30.932
1770107182.230118,18249,256,1770107182.199380,30.738
1770107182.231902,18250,256,1770107182.201066,30.835
1770107182.232185,18251,256,1770107182.201300,30.885
1770107182.234460,18252,256,1770107182.203642,30.819
1770107182.234744,18253,256,1770107182.203871,30.873
1770107182.238034,18256,256,1770107182.207280,30.754
1770107182.238311,18257,256,1770107182.207515,30.796
1770107182.238990,18258,256,1770107182.208159,30.831
1770107182.241046,18260,256,1770107182.210212,30.834
1770107182.242936,18261,256,1770107182.212090,30.846
1770107182.244085,18262,256,1770107182.213147,30.938
1770107182.244554,18264,256,1770107182.213637,30.917
1770107182.246249,18267,256,1770107182.215504,30.745
1770107182.248722,18268,256,1770107182.217982,30.740
1770107182.249016,18269,256,1770107182.218040,30.976
1770107182.252108,18271,256,1770107182.221303,30.805
1770107182.253470,18272,256,1770107182.222687,30.783
1770107182.255950,18273,256,1770107182.224935,31.016
1770107182.256276,18274,256,1770107182.225474,30.802
1770107182.258013,18275,256,1770107182.227212,30.802
1770107182.259075,18276,256,1770107182.228248,30.827
1770107182.268322,18278,256,1770107182.237504,30.818
1770107182.268870,18279,256,1770107182.237941,30.929
1770107182.269443,18280,256,1770107182.238680,30.763
1770107182.272116,18282,256,1770107182.241233,30.883
1770107182.273944,18285,256,1770107182.243023,30.921
1770107182.280132,18286,256,1770107182.249130,31.001
1770107182.281100,18288,256,1770107182.250304,30.795
1770107182.282860,18289,256,1770107182.252057,30.803
1770107182.283340,18290,256,1770107182.252596,30.743
1770107182.286236,18291,256,1770107182.255441,30.795
1770107182.288212,18292,256,1770107182.257324,30.889
1770107182.289753,18293,256,1770107182.258912,30.841
1770107182.290303,18295,256,1770107182.259397,30.905
1770107182.290891,18296,256,1770107182.260139,30.752
1770107182.291749,18297,256,1770107182.261013,30.735
1770107182.293666,18298,256,1770107182.262893,30.773
1770107182.293944,18299,256,1770107182.262976,30.968
1770107182.294237,18300,256,1770107182.263297,30.940
1770107182.294530,18301,256,1770107182.263439,31.090
1770107182.294846,18302,256,1770107182.264015,30.830
1770107182.296099,18303,256,1770107182.265291,30.808
1770107182.299394,18304,256,1770107182.268415,30.978
1770107182.301907,18306,256,1770107182.271064,30.843
1770107182.303557,18307,256,1770107182.272660,30.897
1770107182.303765,18308,256,1770107182.272974,30.791
1770107182.306974,18309,256,1770107182.276209,30.765
1770107182.308184,18310,256,1770107182.277414,30.770
1770107182.312102,18312,256,1770107182.280987,31.116
1770107182.312907,18313,256,1770107182.281076,31.832
1770107182.313940,18315,256,1770107182.283010,30.930
1770107182.314450,18316,256,1770107182.283603,30.846
1770107182.315899,18317,256,1770107182.285142,30.757
1770107182.318365,18318,256,1770107182.287561,30.804
1770107182.318658,18319,256,1770107182.287703,30.956
1770107182.320935,18321,256,1770107182.290064,30.872
1770107182.321439,18322,256,1770107182.290672,30.768
1770107182.322994,18323,256,1770107182.292016,30.978
1770107182.323741,18324,256,1770107182.292897,30.844
1770107182.325152,18325,256,1770107182.294282,30.870
1770107182.334626,18327,256,1770107182.303780,30.846
1770107182.339554,18328,256,1770107182.308675,30.879
1770107182.339965,18329,256,1770107182.309219,30.745
1770107182.343088,18330,256,1770107182.312326,30.761
1770107182.343415,18331,256,1770107182.312552,30.863
1770107182.343681,18332,256,1770107182.312704,30.977
1770107182.343974,18333,256,1770107182.312768,31.206
1770107182.350881,18334,256,1770107182.320091,30.790
1770107182.351766,18335,256,1770107182.320996,30.771
1770107182.359084,18337,256,1770107182.328079,31.005
1770107182.361820,18339,256,1770107182.330940,30.881
1770107182.363641,18341,256,1770107182.332906,30.735
1770107182.366018,18343,256,1770107182.335276,30.742
1770107182.366308,18344,256,1770107182.335352,30.957
1770107182.366905,18345,256,1770107182.335989,30.916
1770107182.369456,18346,256,1770107182.338678,30.779
1770107182.369751,18347,256,1770107182.338820,30.932
1770107182.370048,18348,256,1770107182.339031,31.018
1770107182.370352,18349,256,1770107182.339473,30.879
1770107182.370645,18350,256,1770107182.339620,31.025
1770107182.370942,18351,256,1770107182.339668,31.274
1770107182.372886,18352,256,1770107182.341983,30.903
1770107182.373173,18353,256,1770107182.342137,31.036
1770107182.374298,18354,256,1770107182.343487,30.812
1770107182.374869,18355,256,1770107182.343859,31.010
1770107182.376215,18356,256,1770107182.345403,30.813
1770107182.377392,18357,256,1770107182.346629,30.763
1770107182.377686,18358,256,1770107182.346745,30.940
1770107182.378451,18359,256,1770107182.347739,30.713
1770107182.379847,18360,256,1770107182.349072,30.775
1770107182.380859,18361,256,1770107182.350072,30.788
1770107182.381148,18362,256,1770107182.350232,30.915
1770107182.382918,18363,256,1770107182.352144,30.774
1770107182.384124,18364,256,1770107182.353362,30.761
1770107182.384420,18365,256,1770107182.353592,30.828
1770107182.388829,18366,256,1770107182.358001,30.828
1770107182.390445,18368,256,1770107182.359573,30.871
1770107182.390728,18369,256,1770107182.359630,31.098
1770107182.391818,18370,256,1770107182.361032,30.786
1770107182.393703,18372,256,1770107182.362986,30.718
1770107182.394043,18373,256,1770107182.363337,30.706
1770107182.394712,18374,256,1770107182.363943,30.769
1770107182.395009,18375,256,1770107182.364083,30.925
1770107182.396138,18376,256,1770107182.365374,30.763
1770107182.397994,18378,256,1770107182.367275,30.719
1770107182.398318,18379,256,1770107182.367623,30.695
1770107182.399030,18380,256,1770107182.368063,30.967
1770107182.399579,18381,256,1770107182.368877,30.702
1770107182.399875,18382,256,1770107182.369123,30.752
1770107182.401347,18383,256,1770107182.370465,30.883
1770107182.401634,18384,256,1770107182.370504,31.130
1770107182.402286,18385,256,1770107182.370895,31.391
1770107182.402740,18387,256,1770107182.371349,31.391
1770107182.402998,18388,256,1770107182.371526,31.473
1770107182.403329,18389,256,1770107182.371562,31.766
1770107182.403934,18392,256,1770107182.372046,31.889
1770107182.406428,18393,256,1770107182.375643,30.785
1770107182.407941,18394,256,1770107182.377100,30.840
1770107182.409377,18395,256,1770107182.378586,30.791
1770107182.410444,18396,256,1770107182.379647,30.797
1770107182.412773,18397,256,1770107182.381912,30.861
1770107182.413958,18399,256,1770107182.383076,30.881
1770107182.414575,18400,256,1770107182.383444,31.131
1770107182.414850,18401,256,1770107182.383792,31.058
1770107182.415147,18402,256,1770107182.384266,30.881
1770107182.417861,18404,256,1770107182.387127,30.734
1770107182.419033,18406,256,1770107182.388132,30.901
1770107182.419312,18407,256,1770107182.388533,30.778
1770107182.419615,18408,256,1770107182.388890,30.725
1770107182.423268,18409,256,1770107182.392258,31.010
1770107182.427981,18411,256,1770107182.397090,30.891
1770107182.429561,18413,256,1770107182.398701,30.860
1770107182.430071,18414,256,1770107182.398812,31.260
1770107182.431814,18415,256,1770107182.400912,30.902
1770107182.432530,18416,256,1770107182.401636,30.894
1770107182.435720,18417,256,1770107182.404806,30.913
1770107182.435863,18418,256,1770107182.405092,30.772
1770107182.440156,18421,256,1770107182.409139,31.017
1770107182.445177,18423,256,1770107182.414055,31.122
1770107182.445468,18424,256,1770107182.414465,31.003
1770107182.446411,18425,256,1770107182.415542,30.870
1770107182.447136,18426,256,1770107182.416379,30.757
1770107182.447511,18427,256,1770107182.416717,30.794
1770107182.449835,18429,256,1770107182.419040,30.795
1770107182.450541,18430,256,1770107182.419269,31.272
1770107182.451962,18432,256,1770107182.420692,31.270
1770107182.452173,18433,256,1770107182.420850,31.324
1770107182.453464,18434,256,1770107182.422582,30.882
1770107182.453716,18435,256,1770107182.422709,31.007
1770107182.455049,18437,256,1770107182.424204,30.845
1770107182.456234,18438,256,1770107182.425375,30.859
1770107182.460418,18439,256,1770107182.429454,30.964
1770107182.462687,18440,256,1770107182.431826,30.861
1770107182.465329,18443,256,1770107182.434506,30.823
1770107182.468728,18445,256,1770107182.437870,30.858
1770107182.473654,18447,256,1770107182.442546,31.107
1770107182.474158,18448,256,1770107182.443326,30.831
1770107182.475602,18449,256,1770107182.444792,30.810
1770107182.475829,18450,256,1770107182.444827,31.002
1770107182.476771,18451,256,1770107182.446012,30.759
1770107182.477518,18452,256,1770107182.446776,30.742
1770107182.480171,18453,256,1770107182.449121,31.049
1770107182.482299,18455,256,1770107182.451370,30.929
1770107182.483850,18456,256,1770107182.453025,30.824
1770107182.490601,18460,256,1770107182.459656,30.945
1770107182.492530,18462,256,1770107182.461603,30.927
1770107182.494296,18464,256,1770107182.463444,30.852
1770107182.498789,18466,256,1770107182.467895,30.893
1770107182.501788,18467,256,1770107182.470754,31.034
1770107182.503433,18470,256,1770107182.472514,30.919
1770107182.506824,18472,256,1770107182.475882,30.941
1770107182.507026,18473,256,1770107182.476078,30.949
1770107182.507971,18474,256,1770107182.477106,30.865
1770107182.512466,18477,256,1770107182.481492,30.974
1770107182.512933,18478,256,1770107182.481808,31.124
1770107182.513330,18479,256,1770107182.481903,31.426
1770107182.513539,18480,256,1770107182.481961,31.578
1770107182.513824,18481,256,1770107182.482345,31.479
1770107182.514110,18482,256,1770107182.482433,31.677
1770107182.517020,18484,256,1770107182.486129,30.891
1770107182.517474,18485,256,1770107182.486361,31.113
1770107182.517705,18486,256,1770107182.486417,31.288
1770107182.517997,18487,256,1770107182.486675,31.322
1770107182.518426,18488,256,1770107182.486876,31.550
1770107182.518933,18489,256,1770107182.487061,31.872
1770107182.519804,18490,256,1770107182.488226,31.579
1770107182.520087,18491,256,1770107182.488310,31.777
1770107182.522395,18493,256,1770107182.491144,31.251
1770107182.522839,18494,256,1770107182.491975,30.863
1770107182.523467,18496,256,1770107182.492601,30.866
1770107182.527732,18497,256,1770107182.496773,30.960
1770107182.527971,18498,256,1770107182.497016,30.954
1770107182.528261,18499,256,1770107182.497101,31.160
1770107182.529448,18501,256,1770107182.498627,30.822
1770107182.530212,18502,256,1770107182.499414,30.798
1770107182.531721,18503,256,1770107182.500854,30.867
1770107182.532359,18504,256,1770107182.501455,30.904
1770107182.534461,18506,256,1770107182.503606,30.855
1770107182.538102,18507,256,1770107182.507024,31.079
1770107182.540174,18509,256,1770107182.509116,31.058
1770107182.540732,18510,256,1770107182.509315,31.417
1770107182.541515,18511,256,1770107182.510546,30.969
1770107182.541907,18513,256,1770107182.510860,31.046
1770107182.544392,18514,256,1770107182.513552,30.839
1770107182.548905,18515,256,1770107182.517992,30.913
1770107182.550441,18516,256,1770107182.519398,31.043
1770107182.550657,18517,256,1770107182.519567,31.089
1770107182.552212,18518,256,1770107182.521341,30.871
1770107182.554875,18519,256,1770107182.523760,31.115
1770107182.558822,18520,256,1770107182.527943,30.879
1770107182.559370,18521,256,1770107182.528536,30.835
1770107182.561092,18522,256,1770107182.530160,30.932
1770107182.563699,18523,256,1770107182.532745,30.953
1770107182.566714,18524,256,1770107182.535806,30.908
1770107182.567658,18525,256,1770107182.536878,30.780
1770107182.573389,18527,256,1770107182.542531,30.858
1770107182.573656,18528,256,1770107182.542714,30.942
1770107182.573948,18529,256,1770107182.542956,30.992
1770107182.575615,18531,256,1770107182.544797,30.818
1770107182.578263,18532,256,1770107182.547350,30.913
1770107182.583242,18533,256,1770107182.552308,30.934
1770107182.584159,18535,256,1770107182.553393,30.766
1770107182.584519,18536,256,1770107182.553584,30.935
1770107182.589546,18539,256,1770107182.558534,31.012
1770107182.592241,18540,256,1770107182.561328,30.913
1770107182.594939,18542,256,1770107182.563993,30.946
1770107182.595445,18543,256,1770107182.564661,30.785
1770107182.596013,18544,256,1770107182.565237,30.776
1770107182.597348,18545,256,1770107182.566313,31.036
1770107182.598572,18546,256,1770107182.567259,31.313
1770107182.599314,18547,256,1770107182.568467,30.847
1770107182.600734,18548,256,1770107182.569901,30.833
1770107182.604882,18549,256,1770107182.573658,31.224
1770107182.605153,18550,256,1770107182.573874,31.279
1770107182.605451,18551,256,1770107182.574043,31.408
1770107182.606061,18552,256,1770107182.575146,30.915
1770107182.607342,18553,256,1770107182.576325,31.017
1770107182.608747,18554,256,1770107182.577802,30.945
1770107182.609144,18555,256,1770107182.578247,30.898
1770107182.609452,18556,256,1770107182.578489,30.962
1770107182.610294,18557,256,1770107182.579307,30.987
1770107182.611006,18558,256,1770107182.579996,31.010
1770107182.614134,18559,256,1770107182.583067,31.067
1770107182.616866,18560,256,1770107182.586101,30.765
1770107182.618184,18561,256,1770107182.587319,30.865
1770107182.618455,18562,256,1770107182.587509,30.946
1770107182.618923,18563,256,1770107182.588165,30.759
1770107182.620428,18564,256,1770107182.589477,30.951
1770107182.620731,18565,256,1770107182.589588,31.143
1770107182.622627,18568,256,1770107182.591816,30.811
1770107182.625925,18569,256,1770107182.595053,30.872
1770107182.626786,18570,256,1770107182.595925,30.861
1770107182.628173,18572,256,1770107182.597306,30.867
1770107182.629987,18573,256,1770107182.599159,30.828
1770107182.630472,18574,256,1770107182.599730,30.742
1770107182.631572,18575,256,1770107182.600825,30.747
1770107182.635145,18577,256,1770107182.604395,30.750
1770107182.636339,18579,256,1770107182.605433,30.905
1770107182.636628,18580,256,1770107182.605489,31.139
1770107182.637691,18581,256,1770107182.606788,30.903
1770107182.638923,18583,256,1770107182.607168,31.755
1770107182.640325,18584,256,1770107182.609427,30.898
1770107182.640542,18585,256,1770107182.609583,30.959
1770107182.640879,18586,256,1770107182.610002,30.878
1770107182.643136,18587,256,1770107182.612250,30.886
1770107182.645753,18589,256,1770107182.614884,30.869
1770107182.647320,18590,256,1770107182.616455,30.865
1770107182.649493,18591,256,1770107182.618645,30.848
1770107182.650068,18592,256,1770107182.619170,30.898
1770107182.650945,18593,256,1770107182.620106,30.840
1770107182.651974,18594,256,1770107182.621173,30.801
1770107182.654048,18595,256,1770107182.623113,30.935
1770107182.655572,18596,256,1770107182.624418,31.153
1770107182.656126,18597,256,1770107182.624795,31.331
1770107182.657596,18598,256,1770107182.626598,30.998
1770107182.658412,18599,256,1770107182.627081,31.331
1770107182.660407,18601,256,1770107182.629593,30.814
1770107182.660792,18602,256,1770107182.629956,30.836
1770107182.661387,18604,256,1770107182.630399,30.988
1770107182.667314,18605,256,1770107182.636180,31.134
1770107182.670294,18608,256,1770107182.639313,30.980
1770107182.676133,18610,256,1770107182.645152,30.981
1770107182.680486,18613,256,1770107182.649200,31.286
1770107182.681444,18614,256,1770107182.650574,30.870
1770107182.682040,18615,256,1770107182.651217,30.823
1770107182.685743,18616,256,1770107182.654781,30.962
1770107182.685996,18617,256,1770107182.654911,31.085
1770107182.686290,18618,256,1770107182.654963,31.327
1770107182.686604,18619,256,1770107182.655393,31.211
1770107182.691562,18620,256,1770107182.660690,30.873
1770107182.691911,18621,256,1770107182.661118,30.793
1770107182.692973,18622,256,1770107182.661881,31.092
1770107182.694199,18624,256,1770107182.663342,30.858
1770107182.694841,18625,256,1770107182.664010,30.831
1770107182.696697,18626,256,1770107182.665869,30.828
1770107182.696976,18627,256,1770107182.665921,31.056
1770107182.697393,18629,256,1770107182.666140,31.253
1770107182.697855,18631,256,1770107182.666581,31.274
1770107182.698461,18632,256,1770107182.667660,30.802
1770107182.700424,18633,256,1770107182.669605,30.819
1770107182.701038,18634,256,1770107182.670215,30.822
1770107182.701326,18635,256,1770107182.670377,30.949
1770107182.702449,18636,256,1770107182.671468,30.981
1770107182.702832,18638,256,1770107182.672058,30.775
1770107182.703665,18639,256,1770107182.672845,30.820
1770107182.705104,18640,256,1770107182.674280,30.823
1770107182.706208,18642,256,1770107182.675347,30.861
1770107182.711432,18644,256,1770107182.680481,30.951
1770107182.715226,18646,256,1770107182.684368,30.858
1770107182.717994,18647,256,1770107182.687081,30.913
1770107182.719296,18650,256,1770107182.688528,30.767
1770107182.720116,18651,256,1770107182.689340,30.776
1770107182.720622,18652,256,1770107182.689886,30.737
1770107182.721400,18653,256,1770107182.690484,30.916
1770107182.721703,18654,256,1770107182.690838,30.865
1770107182.721994,18655,256,1770107182.690998,30.996
1770107182.722286,18656,256,1770107182.691037,31.249
1770107182.724282,18657,256,1770107182.693474,30.809
1770107182.726304,18658,256,1770107182.695522,30.782
1770107182.727875,18659,256,1770107182.697074,30.801
1770107182.728720,18660,256,1770107182.697455,31.265
1770107182.729731,18661,256,1770107182.698988,30.744
1770107182.730020,18662,256,1770107182.699157,30.863
1770107182.732629,18663,256,1770107182.701883,30.746
1770107182.736764,18665,256,1770107182.705983,30.781
1770107182.737994,18666,256,1770107182.707207,30.787
1770107182.741366,18668,256,1770107182.710588,30.778
1770107182.741630,18669,256,1770107182.710670,30.960
1770107182.742314,18670,256,1770107182.711601,30.713
1770107182.743811,18671,256,1770107182.713020,30.791
1770107182.746515,18672,256,1770107182.715433,31.082
1770107182.747112,18673,256,1770107182.715817,31.294
1770107182.749451,18674,256,1770107182.718623,30.828
1770107182.749738,18675,256,1770107182.718753,30.986
1770107182.749998,18676,256,1770107182.718936,31.062
1770107182.750346,18677,256,1770107182.718990,31.356
1770107182.753031,18678,256,1770107182.721664,31.367
1770107182.753288,18679,256,1770107182.721898,31.390
1770107182.753585,18680,256,1770107182.722058,31.526
1770107182.753892,18681,256,1770107182.722416,31.476
1770107182.754481,18682,256,1770107182.723230,31.251
1770107182.756099,18683,256,1770107182.725389,30.709
1770107182.758546,18684,256,1770107182.727749,30.797
1770107182.760666,18685,256,1770107182.729932,30.734
1770107182.761624,18686,256,1770107182.730912,30.711
1770107182.761916,18687,256,1770107182.731161,30.755
1770107182.762723,18688,256,1770107182.731994,30.729
1770107182.763870,18689,256,1770107182.733137,30.732
1770107182.764446,18690,256,1770107182.733727,30.719
1770107182.764970,18691,256,1770107182.734273,30.697
1770107182.768696,18695,256,1770107182.737892,30.804
1770107182.771717,18696,256,1770107182.740710,31.006
1770107182.772715,18698,256,1770107182.741954,30.761
1770107182.773906,18699,256,1770107182.743142,30.764
1770107182.774743,18700,256,1770107182.744020,30.723
1770107182.779087,18701,256,1770107182.748036,31.051
1770107182.779628,18702,256,1770107182.748479,31.149
1770107182.780965,18703,256,1770107182.750168,30.797
1770107182.783056,18705,256,1770107182.752294,30.762
1770107182.783697,18706,256,1770107182.752649,31.048
1770107182.785391,18707,256,1770107182.754625,30.766
1770107182.787593,18708,256,1770107182.756395,31.198
1770107182.788201,18709,256,1770107182.756926,31.275
1770107182.794501,18713,256,1770107182.763731,30.770
1770107182.795108,18714,256,1770107182.764131,30.977
1770107182.796743,18715,256,1770107182.765998,30.745
1770107182.797311,18716,256,1770107182.766604,30.707
1770107182.798138,18718,256,1770107182.767311,30.827
1770107182.798615,18719,256,1770107182.767878,30.737
1770107182.807608,18721,256,1770107182.776473,31.136
1770107182.807832,18722,256,1770107182.776586,31.246
1770107182.808424,18723,256,1770107182.777671,30.754
1770107182.809840,18724,256,1770107182.779124,30.715
1770107182.814558,18725,256,1770107182.783803,30.755
1770107182.816562,18726,256,1770107182.785798,30.764
1770107182.820972,18727,256,1770107182.790199,30.773
1770107182.821222,18728,256,1770107182.790415,30.807
1770107182.821511,18729,256,1770107182.790788,30.722
1770107182.822379,18730,256,1770107182.791645,30.735
1770107182.823802,18731,256,1770107182.792816,30.986
1770107182.824908,18732,256,1770107182.793876,31.032
1770107182.825300,18733,256,1770107182.794575,30.725
1770107182.829535,18734,256,1770107182.798712,30.823
1770107182.834858,18735,256,1770107182.804085,30.773
1770107182.838696,18736,256,1770107182.807907,30.789
1770107182.839564,18737,256,1770107182.808287,31.276
1770107182.839848,18738,256,1770107182.808724,31.123
1770107182.840273,18739,256,1770107182.808753,31.520
1770107182.840419,18740,256,1770107182.808986,31.433
1770107182.842677,18742,256,1770107182.811925,30.752
1770107182.848027,18746,256,1770107182.817201,30.826
1770107182.849652,18747,256,1770107182.818861,30.792
1770107182.850813,18750,256,1770107182.820045,30.767
1770107182.851199,18751,256,1770107182.820452,30.747
1770107182.851462,18752,256,1770107182.820633,30.829
1770107182.853437,18753,256,1770107182.822500,30.937
1770107182.854458,18754,256,1770107182.823692,30.766
1770107182.855520,18755,256,1770107182.824763,30.758
1770107182.857242,18756,256,1770107182.826335,30.906
1770107182.857644,18758,256,1770107182.826724,30.920
1770107182.860216,18759,256,1770107182.829341,30.875
1770107182.860485,18760,256,1770107182.829534,30.951
1770107182.861737,18761,256,1770107182.830940,30.797
1770107182.865964,18762,256,1770107182.835152,30.812
1770107182.871484,18763,256,1770107182.840465,31.018
1770107182.872512,18764,256,1770107182.841668,30.844
1770107182.872980,18765,256,1770107182.842203,30.777
1770107182.875103,18766,256,1770107182.844309,30.795
1770107182.875886,18767,256,1770107182.845062,30.824
1770107182.876126,18768,256,1770107182.845206,30.920
1770107182.876446,18769,256,1770107182.845311,31.135
1770107182.877065,18770,256,1770107182.846046,31.019
1770107182.882877,18771,256,1770107182.851840,31.037
1770107182.883872,18772,256,1770107182.853049,30.823
1770107182.884730,18773,256,1770107182.853918,30.813
1770107182.886096,18774,256,1770107182.855309,30.787
1770107182.886981,18775,256,1770107182.856220,30.760
1770107182.888426,18776,256,1770107182.857556,30.870
1770107182.890073,18777,256,1770107182.859134,30.939
1770107182.890391,18778,256,1770107182.859234,31.157
1770107182.891285,18779,256,1770107182.859361,31.924
1770107182.891573,18780,256,1770107182.859511,32.063
1770107182.891836,18782,256,1770107182.859753,32.083
1770107182.892514,18783,256,1770107182.861755,30.760
1770107182.893079,18784,256,1770107182.862309,30.769
1770107182.893358,18785,256,1770107182.862582,30.776
1770107182.895391,18786,256,1770107182.864542,30.849
1770107182.896280,18787,256,1770107182.865415,30.865
1770107182.900131,18790,256,1770107182.869248,30.883
1770107182.900651,18791,256,1770107182.869395,31.257
1770107182.900943,18792,256,1770107182.869663,31.280
1770107182.901616,18793,256,1770107182.869902,31.714
1770107182.902144,18794,256,1770107182.871364,30.780
1770107182.903244,18795,256,1770107182.872423,30.821
1770107182.903574,18796,256,1770107182.872786,30.787
1770107182.905157,18798,256,1770107182.874328,30.829
1770107182.906465,18801,256,1770107182.875534,30.931
1770107182.907901,18802,256,1770107182.877013,30.888
1770107182.909852,18803,256,1770107182.879030,30.822
1770107182.914331,18804,256,1770107182.883340,30.991
1770107182.916937,18805,256,1770107182.886071,30.865
1770107182.920766,18806,256,1770107182.889908,30.858
1770107182.922736,18807,256,1770107182.891912,30.824
1770107182.923085,18808,256,1770107182.892332,30.753
1770107182.923378,18809,256,1770107182.892397,30.980
1770107182.924053,18811,256,1770107182.893128,30.926
1770107182.924358,18812,256,1770107182.893492,30.866
1770107182.925080,18813,256,1770107182.894257,30.823
1770107182.925785,18814,256,1770107182.894990,30.795
1770107182.926376,18815,256,1770107182.895578,30.798
1770107182.926948,18816,256,1770107182.896139,30.809
1770107182.927720,18817,256,1770107182.896754,30.966
1770107182.928565,18819,256,1770107182.897729,30.837
1770107182.930274,18820,256,1770107182.899440,30.834
1770107182.930683,18822,256,1770107182.899754,30.929
1770107182.930989,18823,256,1770107182.900129,30.860
1770107182.931765,18824,256,1770107182.901012,30.753
1770107182.932477,18825,256,1770107182.901405,31.072
1770107182.938075,18828,256,1770107182.907017,31.059
1770107182.938741,18829,256,1770107182.907808,30.933
1770107182.941426,18830,256,1770107182.910518,30.909
1770107182.942377,18831,256,1770107182.911497,30.880
1770107182.945050,18834,256,1770107182.914232,30.818
1770107182.949851,18835,256,1770107182.918879,30.972
1770107182.950661,18837,256,1770107182.919841,30.820
1770107182.952831,18838,256,1770107182.921890,30.941
1770107182.957927,18841,256,1770107182.927044,30.883
1770107182.960321,18843,256,1770107182.929467,30.854
1770107182.960838,18844,256,1770107182.930007,30.831
1770107182.964084,18845,256,1770107182.933126,30.957
1770107182.967639,18847,256,1770107182.936811,30.828
1770107182.970445,18848,256,1770107182.939384,31.061
1770107182.972405,18850,256,1770107182.941501,30.905
1770107182.972717,18851,256,1770107182.941753,30.964
1770107182.973776,18853,256,1770107182.942936,30.840
1770107182.974869,18854,256,1770107182.943976,30.894
1770107182.975405,18855,256,1770107182.944397,31.008
1770107182.980953,18857,256,1770107182.949996,30.957
1770107182.981167,18858,256,1770107182.950165,31.002
1770107182.983115,18859,256,1770107182.952089,31.025
1770107182.983400,18860,256,1770107182.952353,31.047
1770107182.986609,18861,256,1770107182.955702,30.908
1770107182.987929,18862,256,1770107182.957106,30.823
1770107182.988397,18863,256,1770107182.957522,30.875
1770107182.989313,18865,256,1770107182.958337,30.976
1770107182.989621,18866,256,1770107182.958681,30.939
1770107182.989989,18867,256,1770107182.959197,30.792
1770107182.990274,18868,256,1770107182.959477,30.797
1770107182.992330,18870,256,1770107182.961474,30.856
1770107182.993401,18871,256,1770107182.962276,31.125
1770107182.993599,18872,256,1770107182.962748,30.851
1770107182.993930,18873,256,1770107182.962805,31.125
1770107182.994213,18874,256,1770107182.962948,31.264
1770107182.994495,18875,256,1770107182.963120,31.375
1770107182.994818,18876,256,1770107182.963989,30.829
1770107182.995827,18877,256,1770107182.965027,30.800
1770107182.996104,18878,256,1770107182.965092,31.012
1770107182.996513,18879,256,1770107182.965472,31.040
1770107182.996953,18880,256,1770107182.966166,30.788
1770107182.999926,18881,256,1770107182.968549,31.378
1770107183.000219,18882,256,1770107182.969429,30.790
1770107183.001227,18883,256,1770107182.970356,30.871
1770107183.001516,18884,256,1770107182.970597,30.919
1770107183.003234,18886,256,1770107182.972347,30.888
1770107183.003495,18887,256,1770107182.972701,30.794
1770107183.004652,18888,256,1770107182.973728,30.923
1770107183.004950,18889,256,1770107182.973930,31.020
1770107183.005151,18890,256,1770107182.974284,30.867
1770107183.009373,18891,256,1770107182.978420,30.953
1770107183.009579,18892,256,1770107182.978632,30.947
1770107183.010511,18893,256,1770107182.979699,30.812
1770107183.019017,18895,256,1770107182.988090,30.927
1770107183.020637,18896,256,1770107182.989568,31.070
1770107183.020926,18897,256,1770107182.989846,31.080
1770107183.021423,18899,256,1770107182.990560,30.863
1770107183.025257,18900,256,1770107182.994299,30.958
1770107183.026855,18901,256,1770107182.995976,30.879
1770107183.027153,18902,256,1770107182.996144,31.009
1770107183.027962,18903,256,1770107182.997150,30.812
1770107183.028540,18904,256,1770107182.997780,30.760
1770107183.029125,18905,256,1770107182.998355,30.770
1770107183.029413,18906,256,1770107182.998678,30.735
1770107183.030276,18907,256,1770107182.999521,30.756
1770107183.032466,18909,256,1770107183.001617,30.849
1770107183.034321,18910,256,1770107183.003473,30.848
1770107183.035086,18911,256,1770107183.004294,30.792
1770107183.035387,18912,256,1770107183.004417,30.970
1770107183.035678,18913,256,1770107183.004462,31.216
1770107183.036283,18914,256,1770107183.004859,31.424
1770107183.036619,18915,256,1770107183.005151,31.467
1770107183.037546,18917,256,1770107183.006773,30.773
1770107183.037825,18918,256,1770107183.006923,30.902
1770107183.041016,18919,256,1770107183.010171,30.845
1770107183.041868,18920,256,1770107183.010983,30.886
1770107183.043415,18921,256,1770107183.012478,30.937
1770107183.043612,18922,256,1770107183.012629,30.983
1770107183.044507,18923,256,1770107183.013696,30.811
1770107183.047328,18924,256,1770107183.016469,30.859
1770107183.051419,18926,256,1770107183.020439,30.979
1770107183.051513,18927,256,1770107183.020538,30.975
1770107183.057280,18932,256,1770107183.026055,31.225
1770107183.060366,18933,256,1770107183.029496,30.870
1770107183.060602,18934,256,1770107183.029611,30.991
1770107183.064331,18935,256,1770107183.033234,31.097
1770107183.064450,18936,256,1770107183.033576,30.874
1770107183.064713,18937,256,1770107183.033838,30.875
1770107183.066350,18938,256,1770107183.035459,30.890
1770107183.067056,18939,256,1770107183.036201,30.855
1770107183.067676,18940,256,1770107183.036584,31.091
1770107183.068658,18941,256,1770107183.037858,30.801
1770107183.074998,18942,256,1770107183.044072,30.926
1770107183.075604,18943,256,1770107183.044578,31.026
1770107183.075869,18944,256,1770107183.045030,30.838
1770107183.080754,18948,256,1770107183.049706,31.048
1770107183.082905,18950,256,1770107183.051866,31.039
1770107183.083492,18951,256,1770107183.052701,30.791
1770107183.083763,18952,256,1770107183.052957,30.807
1770107183.085321,18953,256,1770107183.054520,30.801
1770107183.088734,18955,256,1770107183.057467,31.267
1770107183.089381,18956,256,1770107183.057657,31.725
1770107183.097675,18959,256,1770107183.066702,30.973
1770107183.099336,18961,256,1770107183.068446,30.890
1770107183.106285,18963,256,1770107183.075358,30.927
1770107183.110554,18966,256,1770107183.079565,30.990
1770107183.113425,18967,256,1770107183.082351,31.074
1770107183.114683,18968,256,1770107183.083840,30.844
1770107183.115864,18969,256,1770107183.085067,30.797
1770107183.119040,18971,256,1770107183.088053,30.987
1770107183.120691,18972,256,1770107183.089741,30.951
1770107183.123808,18973,256,1770107183.092737,31.071
1770107183.124140,18974,256,1770107183.093124,31.016
1770107183.125954,18975,256,1770107183.095069,30.885
1770107183.126852,18976,256,1770107183.095955,30.898
1770107183.127872,18977,256,1770107183.096805,31.067
1770107183.129521,18979,256,1770107183.098556,30.965
1770107183.129810,18980,256,1770107183.098618,31.192
1770107183.133517,18982,256,1770107183.102544,30.973
1770107183.140131,18983,256,1770107183.109239,30.892
1770107183.141269,18984,256,1770107183.110440,30.829
1770107183.143280,18985,256,1770107183.112382,30.898
1770107183.143638,18986,256,1770107183.112521,31.117
1770107183.146445,18987,256,1770107183.115454,30.992
1770107183.147387,18988,256,1770107183.116481,30.905
1770107183.148780,18989,256,1770107183.117954,30.827
1770107183.149234,18990,256,1770107183.118487,30.747
1770107183.152048,18992,256,1770107183.121161,30.887
1770107183.152881,18994,256,1770107183.122000,30.881
1770107183.154959,18995,256,1770107183.124096,30.863
1770107183.155519,18996,256,1770107183.124157,31.362
1770107183.158824,18997,256,1770107183.127953,30.871
1770107183.162138,18998,256,1770107183.131226,30.913
1770107183.162720,18999,256,1770107183.131877,30.843
1770107183.162962,19000,256,1770107183.132163,30.798
1770107183.164323,19001,256,1770107183.133406,30.918
1770107183.166213,19002,256,1770107183.135354,30.859
1770107183.167209,19003,256,1770107183.136362,30.847
1770107183.167680,19004,256,1770107183.136916,30.764
1770107183.168003,19005,256,1770107183.136944,31.058
1770107183.168312,19006,256,1770107183.137203,31.109
1770107183.168649,19007,256,1770107183.137342,31.307
1770107183.169324,19008,256,1770107183.138278,31.046
1770107183.171362,19010,256,1770107183.140436,30.926
1770107183.171572,19011,256,1770107183.140619,30.953
1770107183.172715,19012,256,1770107183.141590,31.125
1770107183.173998,19013,256,1770107183.143115,30.883
1770107183.175116,19015,256,1770107183.144213,30.903
1770107183.175439,19016,256,1770107183.144485,30.954
1770107183.177174,19018,256,1770107183.146356,30.818
1770107183.177418,19019,256,1770107183.146412,31.006
1770107183.181051,19020,256,1770107183.150226,30.825
1770107183.181303,19021,256,1770107183.150325,30.978
1770107183.182814,19022,256,1770107183.151756,31.058
1770107183.183100,19023,256,1770107183.152105,30.996
1770107183.188170,19024,256,1770107183.157332,30.838
1770107183.190943,19026,256,1770107183.159990,30.954
1770107183.192020,19027,256,1770107183.161151,30.869
1770107183.192997,19028,256,1770107183.162183,30.814
1770107183.194440,19030,256,1770107183.163626,30.814
1770107183.196578,19031,256,1770107183.165702,30.876
1770107183.196827,19032,256,1770107183.165828,30.999
1770107183.197728,19034,256,1770107183.166899,30.829
1770107183.205701,19035,256,1770107183.174776,30.925
1770107183.206970,19036,256,1770107183.176078,30.892
1770107183.207360,19037,256,1770107183.176600,30.761
1770107183.208676,19038,256,1770107183.177857,30.818
1770107183.209432,19039,256,1770107183.178615,30.817
1770107183.209755,19040,256,1770107183.179002,30.753
1770107183.212863,19043,256,1770107183.182010,30.854
1770107183.214204,19044,256,1770107183.183388,30.816
1770107183.217047,19045,256,1770107183.186229,30.818
1770107183.217355,19046,256,1770107183.186412,30.943
1770107183.218827,19048,256,1770107183.188006,30.822
1770107183.220000,19049,256,1770107183.189204,30.796
1770107183.221086,19050,256,1770107183.190055,31.031
1770107183.221380,19051,256,1770107183.190445,30.935
1770107183.221676,19052,256,1770107183.190630,31.047
1770107183.222278,19054,256,1770107183.191472,30.806
1770107183.223028,19055,256,1770107183.192232,30.797
1770107183.223381,19056,256,1770107183.192634,30.747
1770107183.226797,19058,256,1770107183.195683,31.113
1770107183.227913,19059,256,1770107183.197006,30.906
1770107183.230223,19060,256,1770107183.199306,30.917
1770107183.232181,19062,256,1770107183.201370,30.811
1770107183.233221,19063,256,1770107183.202389,30.832
1770107183.234732,19065,256,1770107183.203955,30.777
1770107183.237448,19066,256,1770107183.206569,30.879
1770107183.238889,19067,256,1770107183.208021,30.868
1770107183.248465,19069,256,1770107183.217622,30.843
1770107183.248752,19070,256,1770107183.218016,30.736
1770107183.249047,19071,256,1770107183.218064,30.982
1770107183.251323,19072,256,1770107183.220554,30.769
1770107183.251610,19073,256,1770107183.220639,30.971
1770107183.251903,19074,256,1770107183.220840,31.062
1770107183.254282,19075,256,1770107183.223475,30.807
1770107183.254560,19076,256,1770107183.223589,30.972
1770107183.254894,19077,256,1770107183.223723,31.172
1770107183.255231,19079,256,1770107183.223969,31.262
1770107183.255508,19080,256,1770107183.224448,31.060
1770107183.256431,19081,256,1770107183.225226,31.205
1770107183.256800,19082,256,1770107183.226000,30.801
1770107183.257588,19083,256,1770107183.226680,30.908
1770107183.258823,19084,256,1770107183.228017,30.806
1770107183.260981,19085,256,1770107183.230085,30.896
1770107183.261360,19087,256,1770107183.230251,31.109
1770107183.261639,19088,256,1770107183.230572,31.067
1770107183.264602,19090,256,1770107183.233744,30.859
1770107183.264863,19091,256,1770107183.234003,30.860
1770107183.266070,19092,256,1770107183.235335,30.735
1770107183.266423,19093,256,1770107183.235516,30.906
1770107183.269901,19095,256,1770107183.238879,31.022
1770107183.272071,19096,256,1770107183.241146,30.926
1770107183.274635,19097,256,1770107183.243720,30.915
1770107183.274879,19098,256,1770107183.243820,31.059
1770107183.275272,19100,256,1770107183.244441,30.830
1770107183.276174,19101,256,1770107183.245302,30.873
1770107183.276758,19102,256,1770107183.245823,30.935
1770107183.277949,19103,256,1770107183.247164,30.784
1770107183.280816,19105,256,1770107183.249971,30.845
1770107183.281016,19106,256,1770107183.250015,31.001
1770107183.284158,19107,256,1770107183.253334,30.823
1770107183.286973,19108,256,1770107183.256144,30.829
1770107183.287230,19109,256,1770107183.256197,31.033
1770107183.287522,19110,256,1770107183.256228,31.294
1770107183.288111,19111,256,1770107183.257170,30.941
1770107183.291076,19113,256,1770107183.259971,31.105
1770107183.293236,19114,256,1770107183.262301,30.935
1770107183.295561,19116,256,1770107183.264705,30.855
1770107183.295993,19117,256,1770107183.265213,30.780
1770107183.298167,19118,256,1770107183.267344,30.823
1770107183.300308,19120,256,1770107183.269531,30.777
1770107183.303768,19121,256,1770107183.272934,30.835
1770107183.304357,19122,256,1770107183.273497,30.860
1770107183.304626,19123,256,1770107183.273688,30.938
1770107183.305982,19125,256,1770107183.275131,30.851
1770107183.306948,19126,256,1770107183.276075,30.873
1770107183.307341,19127,256,1770107183.276430,30.911
1770107183.308945,19128,256,1770107183.278052,30.893
1770107183.309240,19129,256,1770107183.278255,30.984
1770107183.309883,19130,256,1770107183.279127,30.756
1770107183.310751,19131,256,1770107183.279972,30.779
1770107183.312724,19132,256,1770107183.281782,30.942
1770107183.314031,19133,256,1770107183.283142,30.889
1770107183.316289,19136,256,1770107183.285462,30.827
1770107183.316927,19137,256,1770107183.286138,30.789
1770107183.317497,19138,256,1770107183.286704,30.792
1770107183.319360,19139,256,1770107183.288538,30.821
1770107183.319788,19140,256,1770107183.289033,30.756
1770107183.321099,19141,256,1770107183.290294,30.804
1770107183.321748,19142,256,1770107183.290938,30.810
1770107183.322820,19143,256,1770107183.291986,30.834
1770107183.323716,19144,256,1770107183.292889,30.827
1770107183.323940,19145,256,1770107183.292955,30.985
1770107183.327482,19147,256,1770107183.296288,31.194
1770107183.327677,19148,256,1770107183.296794,30.883
1770107183.331359,19149,256,1770107183.300137,31.222
1770107183.331667,19150,256,1770107183.300250,31.418
1770107183.331768,19151,256,1770107183.300685,31.083
1770107183.333142,19152,256,1770107183.302181,30.961
1770107183.335324,19153,256,1770107183.304460,30.864
1770107183.335937,19154,256,1770107183.305150,30.787
1770107183.341881,19156,256,1770107183.310647,31.234
1770107183.341993,19157,256,1770107183.310844,31.149
1770107183.342770,19158,256,1770107183.311939,30.831
1770107183.343013,19159,256,1770107183.312025,30.988
1770107183.343307,19160,256,1770107183.312286,31.021
1770107183.343684,19161,256,1770107183.312352,31.332
1770107183.343912,19162,256,1770107183.312895,31.017
1770107183.347206,19163,256,1770107183.316334,30.872
1770107183.348307,19164,256,1770107183.317333,30.973
1770107183.349846,19165,256,1770107183.318972,30.874
1770107183.350832,19167,256,1770107183.320003,30.829
1770107183.353787,19168,256,1770107183.322878,30.909
1770107183.354440,19169,256,1770107183.323536,30.905
1770107183.356303,19170,256,1770107183.325228,31.075
1770107183.358449,19171,256,1770107183.327556,30.894
1770107183.358716,19172,256,1770107183.327786,30.930
1770107183.359013,19173,256,1770107183.328126,30.887
1770107183.360518,19174,256,1770107183.329641,30.878
1770107183.362457,19175,256,1770107183.331470,30.987
1770107183.366131,19176,256,1770107183.335309,30.822
1770107183.366411,19177,256,1770107183.335564,30.847
1770107183.371922,19178,256,1770107183.340907,31.015
1770107183.372132,19179,256,1770107183.340993,31.139
1770107183.372755,19180,256,1770107183.341811,30.944
1770107183.375276,19181,256,1770107183.344230,31.045
1770107183.375956,19183,256,1770107183.345209,30.747
1770107183.376310,19184,256,1770107183.345351,30.959
1770107183.377899,19185,256,1770107183.346828,31.071
1770107183.383272,19189,256,1770107183.352314,30.958
1770107183.386102,19190,256,1770107183.355268,30.834
1770107183.387439,19191,256,1770107183.356547,30.892
1770107183.387971,19192,256,1770107183.356667,31.305
1770107183.388817,19193,256,1770107183.357996,30.822
1770107183.389061,19194,256,1770107183.358096,30.965
1770107183.394864,19195,256,1770107183.363976,30.888
1770107183.397662,19196,256,1770107183.366690,30.972
1770107183.398235,19197,256,1770107183.367435,30.799
1770107183.402183,19198,256,1770107183.371361,30.822
1770107183.403859,19199,256,1770107183.373006,30.853
1770107183.406216,19200,256,1770107183.375348,30.868
1770107183.406515,19201,256,1770107183.375702,30.813
1770107183.409979,19203,256,1770107183.379102,30.877
1770107183.410874,19205,256,1770107183.380085,30.789
1770107183.413547,19207,256,1770107183.382725,30.823
1770107183.414401,19208,256,1770107183.383622,30.780
1770107183.416053,19209,256,1770107183.385237,30.816
1770107183.421418,19211,256,1770107183.390541,30.877
1770107183.422121,19212,256,1770107183.391353,30.768
1770107183.424354,19213,256,1770107183.393407,30.947
1770107183.425002,19215,256,1770107183.393771,31.231
1770107183.425301,19216,256,1770107183.393814,31.487
1770107183.425544,19217,256,1770107183.393874,31.670
1770107183.425897,19218,256,1770107183.394781,31.116
1770107183.426724,19219,256,1770107183.395910,30.814
1770107183.427244,19220,256,1770107183.396426,30.818
1770107183.427806,19221,256,1770107183.397039,30.767
1770107183.429969,19222,256,1770107183.399164,30.805
1770107183.430888,19223,256,1770107183.400094,30.794
1770107183.432906,19225,256,1770107183.402080,30.826
1770107183.433447,19226,256,1770107183.402701,30.745
1770107183.437668,19227,256,1770107183.406832,30.836
1770107183.438227,19228,256,1770107183.407469,30.758
1770107183.447694,19230,256,1770107183.416839,30.854
1770107183.448277,19231,256,1770107183.417489,30.788
1770107183.449573,19232,256,1770107183.418730,30.843
1770107183.450752,19234,256,1770107183.419780,30.972
1770107183.452581,19235,256,1770107183.421731,30.850
1770107183.452825,19236,256,1770107183.421883,30.942
1770107183.453302,19237,256,1770107183.422494,30.808
1770107183.454259,19238,256,1770107183.423365,30.894
1770107183.454464,19239,256,1770107183.423490,30.974
1770107183.455304,19240,256,1770107183.424447,30.858
1770107183.455612,19241,256,1770107183.424618,30.994
1770107183.455900,19242,256,1770107183.424655,31.245
1770107183.456183,19243,256,1770107183.424677,31.506
1770107183.457008,19245,256,1770107183.426007,31.001
1770107183.458241,19248,256,1770107183.427366,30.876
1770107183.459256,19249,256,1770107183.428392,30.864
1770107183.461907,19251,256,1770107183.430984,30.923
1770107183.463056,19252,256,1770107183.432242,30.814
1770107183.464655,19253,256,1770107183.433749,30.905
1770107183.464851,19254,256,1770107183.433859,30.993
1770107183.465561,19255,256,1770107183.434785,30.776
1770107183.475917,19256,256,1770107183.444871,31.046
1770107183.478848,19257,256,1770107183.447743,31.105
1770107183.479080,19258,256,1770107183.448267,30.813
1770107183.479696,19259,256,1770107183.448349,31.348
1770107183.479832,19260,256,1770107183.448497,31.335
1770107183.481897,19262,256,1770107183.450972,30.924
1770107183.489810,19266,256,1770107183.458633,31.177
1770107183.490979,19267,256,1770107183.460037,30.942
1770107183.492375,19268,256,1770107183.461432,30.944
1770107183.492931,19269,256,1770107183.462087,30.844
1770107183.493489,19270,256,1770107183.462547,30.942
1770107183.495745,19271,256,1770107183.464786,30.959
1770107183.496445,19273,256,1770107183.465638,30.807
1770107183.496719,19274,256,1770107183.465885,30.833
1770107183.497873,19275,256,1770107183.466809,31.064
1770107183.498568,19276,256,1770107183.467751,30.817
1770107183.500234,19277,256,1770107183.469328,30.906
1770107183.502452,19278,256,1770107183.471510,30.942
1770107183.504086,19279,256,1770107183.473082,31.005
1770107183.505124,19280,256,1770107183.474241,30.883
1770107183.505673,19281,256,1770107183.474748,30.924
1770107183.506432,19283,256,1770107183.475547,30.885
1770107183.506908,19284,256,1770107183.475979,30.929
1770107183.507635,19285,256,1770107183.476747,30.888
1770107183.508440,19287,256,1770107183.477175,31.265
1770107183.510297,19288,256,1770107183.479263,31.034
1770107183.517396,19290,256,1770107183.486429,30.967
1770107183.519894,19291,256,1770107183.489031,30.863
1770107183.520167,19292,256,1770107183.489259,30.908
1770107183.520464,19293,256,1770107183.489331,31.134
1770107183.522554,19296,256,1770107183.491571,30.984
1770107183.522837,19297,256,1770107183.491726,31.111
1770107183.526578,19298,256,1770107183.495609,30.969
1770107183.529403,19299,256,1770107183.498540,30.862
1770107183.529678,19300,256,1770107183.498802,30.876
1770107183.533813,19301,256,1770107183.502990,30.823
1770107183.536048,19303,256,1770107183.505236,30.812
1770107183.540059,19304,256,1770107183.509238,30.821
1770107183.540339,19305,256,1770107183.509396,30.942
1770107183.541993,19306,256,1770107183.511211,30.782
1770107183.543107,19307,256,1770107183.512364,30.743
1770107183.543909,19308,256,1770107183.513150,30.759
1770107183.545022,19309,256,1770107183.514279,30.743
1770107183.547630,19310,256,1770107183.516784,30.847
1770107183.548774,19311,256,1770107183.517662,31.112
1770107183.549001,19312,256,1770107183.517728,31.273
1770107183.552304,19314,256,1770107183.521554,30.750
1770107183.553526,19315,256,1770107183.522577,30.949
1770107183.554425,19316,256,1770107183.522850,31.575
1770107183.555570,19317,256,1770107183.524346,31.224
1770107183.556166,19318,256,1770107183.525199,30.967
1770107183.556777,19319,256,1770107183.526018,30.759
1770107183.561456,19322,256,1770107183.530369,31.087
1770107183.562573,19323,256,1770107183.531775,30.798
1770107183.565150,19325,256,1770107183.534151,31.000
1770107183.566293,19326,256,1770107183.535566,30.727
1770107183.568992,19327,256,1770107183.538218,30.774
1770107183.570140,19328,256,1770107183.539327,30.813
1770107183.572236,19329,256,1770107183.541436,30.799
1770107183.573301,19330,256,1770107183.542509,30.792
1770107183.574483,19332,256,1770107183.543765,30.718
1770107183.575737,19333,256,1770107183.545008,30.729
1770107183.576125,19334,256,1770107183.545414,30.710
1770107183.577790,19335,256,1770107183.546967,30.822
1770107183.579291,19336,256,1770107183.548263,31.028
1770107183.583758,19337,256,1770107183.553001,30.757
1770107183.593769,19343,256,1770107183.562877,30.892
1770107183.595767,19345,256,1770107183.564955,30.812
1770107183.596394,19346,256,1770107183.565542,30.852
1770107183.597296,19348,256,1770107183.566334,30.962
1770107183.598754,19350,256,1770107183.567743,31.011
1770107183.600083,19352,256,1770107183.569287,30.796
1770107183.600426,19353,256,1770107183.569368,31.058
1770107183.602266,19355,256,1770107183.570921,31.345
1770107183.603339,19356,256,1770107183.572458,30.881
1770107183.604432,19359,256,1770107183.573677,30.755
1770107183.605488,19360,256,1770107183.574679,30.808
1770107183.606655,19361,256,1770107183.575865,30.791
1770107183.606912,19362,256,1770107183.576177,30.735
1770107183.610848,19364,256,1770107183.580035,30.813
1770107183.611163,19365,256,1770107183.580426,30.738
1770107183.612431,19367,256,1770107183.581502,30.929
1770107183.612780,19368,256,1770107183.582003,30.777
1770107183.614590,19369,256,1770107183.583787,30.803
1770107183.616863,19370,256,1770107183.585819,31.044
1770107183.617281,19371,256,1770107183.586464,30.816
1770107183.618424,19372,256,1770107183.587488,30.936
1770107183.619177,19373,256,1770107183.588361,30.816
1770107183.619537,19374,256,1770107183.588735,30.802
1770107183.620081,19375,256,1770107183.589233,30.848
1770107183.620737,19377,256,1770107183.589920,30.818
1770107183.621730,19378,256,1770107183.590909,30.821
1770107183.622435,19379,256,1770107183.591643,30.792
1770107183.626140,19381,256,1770107183.595291,30.849
1770107183.627293,19382,256,1770107183.596467,30.826
1770107183.627836,19383,256,1770107183.597065,30.771
1770107183.628230,19384,256,1770107183.597455,30.775
1770107183.629648,19385,256,1770107183.598835,30.814
1770107183.630024,19386,256,1770107183.599167,30.858
1770107183.631918,19387,256,1770107183.601028,30.890
1770107183.635540,19390,256,1770107183.604740,30.800
1770107183.635815,19391,256,1770107183.604945,30.869
1770107183.639061,19392,256,1770107183.608210,30.852
1770107183.644575,19394,256,1770107183.613613,30.962
1770107183.645136,19395,256,1770107183.614024,31.112
1770107183.645442,19396,256,1770107183.614084,31.358
1770107183.645728,19397,256,1770107183.614260,31.468
1770107183.646038,19398,256,1770107183.614602,31.435
1770107183.646630,19399,256,1770107183.614662,31.968
1770107183.647768,19400,256,1770107183.616933,30.834
1770107183.648054,19401,256,1770107183.617127,30.928
1770107183.649001,19403,256,1770107183.617770,31.231
1770107183.651559,19405,256,1770107183.620532,31.027
1770107183.652113,19406,256,1770107183.620810,31.304
1770107183.653137,19407,256,1770107183.622004,31.133
1770107183.653406,19408,256,1770107183.622391,31.016
1770107183.655133,19409,256,1770107183.624234,30.899
1770107183.657916,19412,256,1770107183.626721,31.195
1770107183.658155,19413,256,1770107183.627017,31.138
1770107183.658469,19414,256,1770107183.627674,30.795
1770107183.661030,19416,256,1770107183.629847,31.183
1770107183.661814,19419,256,1770107183.631037,30.777
1770107183.663673,19420,256,1770107183.632821,30.852
1770107183.665289,19421,256,1770107183.634482,30.807
1770107183.669568,19423,256,1770107183.638740,30.828
1770107183.675048,19424,256,1770107183.644085,30.963
1770107183.675735,19425,256,1770107183.644934,30.801
1770107183.681358,19426,256,1770107183.650472,30.885
1770107183.681890,19428,256,1770107183.650656,31.233
1770107183.682173,19429,256,1770107183.650958,31.215
1770107183.682519,19431,256,1770107183.651405,31.114
1770107183.682795,19432,256,1770107183.651452,31.342
1770107183.686416,19433,256,1770107183.655530,30.886
1770107183.686687,19434,256,1770107183.655734,30.953
1770107183.687350,19435,256,1770107183.656474,30.876
1770107183.688633,19436,256,1770107183.657844,30.789
1770107183.691337,19438,256,1770107183.660393,30.944
1770107183.691654,19439,256,1770107183.660867,30.787
1770107183.692678,19440,256,1770107183.661903,30.775
1770107183.693405,19441,256,1770107183.662574,30.832
1770107183.693628,19442,256,1770107183.662625,31.004
1770107183.695357,19444,256,1770107183.664021,31.335
1770107183.695576,19445,256,1770107183.664212,31.364
1770107183.695627,19446,256,1770107183.664603,31.024
1770107183.696411,19447,256,1770107183.665220,31.191
1770107183.700381,19450,256,1770107183.669492,30.889
1770107183.701121,19451,256,1770107183.670334,30.787
1770107183.701481,19452,256,1770107183.670393,31.088
1770107183.702374,19454,256,1770107183.671506,30.869
1770107183.702639,19455,256,1770107183.671553,31.086
1770107183.705029,19456,256,1770107183.673938,31.091
1770107183.705828,19457,256,1770107183.674958,30.870
1770107183.707915,19460,256,1770107183.676436,31.479
1770107183.708830,19461,256,1770107183.677857,30.973
1770107183.710029,19463,256,1770107183.679009,31.020
1770107183.711905,19464,256,1770107183.680942,30.963
1770107183.713849,19466,256,1770107183.682874,30.975
1770107183.714227,19467,256,1770107183.683377,30.850
1770107183.714960,19468,256,1770107183.684166,30.794
1770107183.715519,19469,256,1770107183.684659,30.860
1770107183.716858,19470,256,1770107183.685981,30.877
1770107183.717101,19471,256,1770107183.686108,30.993
1770107183.717885,19472,256,1770107183.687080,30.805
1770107183.718495,19473,256,1770107183.687638,30.857
1770107183.719077,19474,256,1770107183.687923,31.153
1770107183.719324,19475,256,1770107183.688079,31.245
1770107183.724432,19476,256,1770107183.693064,31.368
1770107183.725025,19477,256,1770107183.694133,30.892
1770107183.728149,19478,256,1770107183.696915,31.234
1770107183.729074,19479,256,1770107183.698124,30.950
1770107183.730995,19480,256,1770107183.700075,30.921
1770107183.733602,19481,256,1770107183.702707,30.895
1770107183.736395,19483,256,1770107183.705390,31.005
1770107183.736529,19484,256,1770107183.705763,30.766
1770107183.738653,19486,256,1770107183.707609,31.044
1770107183.738875,19487,256,1770107183.707936,30.939
1770107183.742921,19488,256,1770107183.711878,31.043
1770107183.743066,19489,256,1770107183.712138,30.928
1770107183.743864,19490,256,1770107183.713027,30.837
1770107183.744658,19491,256,1770107183.713843,30.815
1770107183.749911,19492,256,1770107183.718849,31.063
1770107183.751614,19493,256,1770107183.720681,30.932
1770107183.752400,19494,256,1770107183.721428,30.972
1770107183.752667,19495,256,1770107183.721750,30.917
1770107183.758441,19496,256,1770107183.727110,31.331
1770107183.759227,19497,256,1770107183.728295,30.931
1770107183.761097,19498,256,1770107183.730243,30.854
1770107183.763360,19500,256,1770107183.732472,30.888
1770107183.764786,19501,256,1770107183.733469,31.316
1770107183.766046,19502,256,1770107183.734159,31.888
1770107183.766133,19503,256,1770107183.734259,31.874
1770107183.766166,19504,256,1770107183.734320,31.845
1770107183.766258,19505,256,1770107183.735171,31.087
1770107183.769328,19506,256,1770107183.738384,30.944
1770107183.770618,19508,256,1770107183.739754,30.865
1770107183.770861,19509,256,1770107183.739995,30.866
1770107183.771151,19510,256,1770107183.740119,31.032
1770107183.777683,19514,256,1770107183.746690,30.993
1770107183.780995,19515,256,1770107183.750151,30.844
1770107183.785228,19516,256,1770107183.754374,30.854
1770107183.785510,19517,256,1770107183.754495,31.015
1770107183.785879,19518,256,1770107183.755112,30.767
1770107183.787695,19519,256,1770107183.756758,30.937
1770107183.791348,19521,256,1770107183.760473,30.874
1770107183.793037,19522,256,1770107183.762053,30.984
1770107183.795241,19523,256,1770107183.764222,31.018
1770107183.795499,19524,256,1770107183.764565,30.934
1770107183.796821,19525,256,1770107183.766034,30.787
1770107183.798307,19526,256,1770107183.767395,30.912
1770107183.800351,19527,256,1770107183.769335,31.017
1770107183.801085,19529,256,1770107183.770211,30.874
1770107183.803104,19530,256,1770107183.772127,30.976
1770107183.803637,19531,256,1770107183.772266,31.371
1770107183.806863,19532,256,1770107183.776063,30.800
1770107183.808915,19533,256,1770107183.777812,31.103
1770107183.814667,19535,256,1770107183.783785,30.882
1770107183.819054,19536,256,1770107183.787721,31.333
1770107183.821050,19537,256,1770107183.790233,30.818
1770107183.821958,19538,256,1770107183.791088,30.870
1770107183.823697,19539,256,1770107183.792717,30.980
1770107183.825121,19540,256,1770107183.794243,30.878
1770107183.826445,19541,256,1770107183.795497,30.947
1770107183.826711,19542,256,1770107183.795681,31.029
1770107183.829373,19544,256,1770107183.798354,31.019
1770107183.830487,19545,256,1770107183.799505,30.982
1770107183.830863,19546,256,1770107183.800004,30.859
1770107183.831329,19547,256,1770107183.800473,30.856
1770107183.831639,19548,256,1770107183.800623,31.016
1770107183.837610,19549,256,1770107183.806445,31.165
1770107183.837858,19550,256,1770107183.806962,30.896
1770107183.838168,19551,256,1770107183.807126,31.042
1770107183.838488,19552,256,1770107183.807162,31.327
1770107183.843550,19553,256,1770107183.812493,31.057
1770107183.843716,19554,256,1770107183.812933,30.783
1770107183.844068,19555,256,1770107183.813310,30.758
1770107183.844345,19556,256,1770107183.813409,30.936
1770107183.845811,19557,256,1770107183.814947,30.864
1770107183.851323,19558,256,1770107183.820261,31.062
1770107183.851812,19559,256,1770107183.820805,31.006
1770107183.852422,19560,256,1770107183.821542,30.880
1770107183.853785,19561,256,1770107183.822847,30.938
1770107183.854735,19562,256,1770107183.823757,30.978
1770107183.855381,19563,256,1770107183.824413,30.968
1770107183.855754,19564,256,1770107183.824818,30.936
1770107183.856857,19565,256,1770107183.825991,30.866
1770107183.857122,19566,256,1770107183.826275,30.847
1770107183.860976,19567,256,1770107183.829912,31.064
1770107183.861225,19568,256,1770107183.830382,30.843
1770107183.868372,19570,256,1770107183.837475,30.897
1770107183.869014,19571,256,1770107183.838207,30.807
1770107183.872183,19572,256,1770107183.841248,30.935
1770107183.874481,19573,256,1770107183.843426,31.055
1770107183.875633,19575,256,1770107183.844709,30.924
1770107183.876416,19576,256,1770107183.845569,30.847
1770107183.878217,19577,256,1770107183.847284,30.932
1770107183.878827,19578,256,1770107183.847983,30.844
1770107183.880294,19579,256,1770107183.849225,31.070
1770107183.882437,19580,256,1770107183.851610,30.828
1770107183.884773,19582,256,1770107183.854019,30.754
1770107183.886816,19583,256,1770107183.855987,30.829
1770107183.887038,19584,256,1770107183.856157,30.881
1770107183.887593,19585,256,1770107183.856737,30.856
1770107183.889876,19586,256,1770107183.858810,31.065
1770107183.890155,19587,256,1770107183.859307,30.848
1770107183.891473,19588,256,1770107183.860602,30.871
1770107183.892904,19589,256,1770107183.862067,30.838
1770107183.894047,19590,256,1770107183.863241,30.806
1770107183.894727,19592,256,1770107183.863682,31.045
1770107183.896372,19593,256,1770107183.865542,30.830
1770107183.896638,19594,256,1770107183.865629,31.009
1770107183.897389,19595,256,1770107183.866580,30.809
1770107183.897810,19597,256,1770107183.866872,30.937
1770107183.898100,19598,256,1770107183.866932,31.168
1770107183.898720,19600,256,1770107183.867910,30.810
1770107183.899800,19601,256,1770107183.869040,30.761
1770107183.901308,19602,256,1770107183.870545,30.764
1770107183.907131,19603,256,1770107183.876151,30.980
1770107183.907623,19604,256,1770107183.876801,30.822
1770107183.908077,19605,256,1770107183.877256,30.821
1770107183.908730,19606,256,1770107183.877607,31.123
1770107183.909590,19608,256,1770107183.878334,31.256
1770107183.910632,19609,256,1770107183.879766,30.866
1770107183.914554,19611,256,1770107183.883686,30.869
1770107183.918555,19614,256,1770107183.887747,30.807
1770107183.922159,19615,256,1770107183.891240,30.919
1770107183.922417,19616,256,1770107183.891452,30.965
1770107183.923654,19617,256,1770107183.892824,30.829
1770107183.924106,19618,256,1770107183.893353,30.753
1770107183.926021,19619,256,1770107183.894930,31.091
1770107183.927344,19620,256,1770107183.896555,30.789
1770107183.927667,19621,256,1770107183.896917,30.750
1770107183.928512,19622,256,1770107183.897749,30.763
1770107183.932933,19623,256,1770107183.901874,31.059
1770107183.934343,19626,256,1770107183.903510,30.833
1770107183.937483,19627,256,1770107183.906507,30.976
1770107183.939767,19628,256,1770107183.908844,30.923
1770107183.947520,19630,256,1770107183.916623,30.897
1770107183.951842,19631,256,1770107183.920907,30.935
1770107183.953044,19632,256,1770107183.922112,30.932
1770107183.953292,19633,256,1770107183.922508,30.785
1770107183.955346,19634,256,1770107183.924488,30.858
1770107183.957689,19636,256,1770107183.926741,30.948
1770107183.958027,19637,256,1770107183.927199,30.828
1770107183.959969,19640,256,1770107183.928961,31.008
1770107183.963205,19642,256,1770107183.932295,30.910
1770107183.963955,19643,256,1770107183.933107,30.847
1770107183.965326,19645,256,1770107183.934469,30.856
1770107183.968141,19647,256,1770107183.937244,30.897
1770107183.969481,19650,256,1770107183.938591,30.891
1770107183.972044,19651,256,1770107183.941147,30.897
1770107183.973210,19652,256,1770107183.942370,30.839
1770107183.973857,19653,256,1770107183.942490,31.366
1770107183.974982,19655,256,1770107183.943589,31.392
1770107183.975117,19656,256,1770107183.943784,31.333
1770107183.976901,19658,256,1770107183.946094,30.807
1770107183.982832,19660,256,1770107183.951962,30.869
1770107183.983639,19661,256,1770107183.952797,30.842
1770107183.987316,19662,256,1770107183.956388,30.929
1770107183.988442,19663,256,1770107183.957564,30.879
1770107183.988722,19664,256,1770107183.957829,30.894
1770107183.990155,19665,256,1770107183.959320,30.834
1770107183.991752,19667,256,1770107183.960950,30.802
1770107183.993499,19668,256,1770107183.962640,30.859
1770107183.997926,19670,256,1770107183.966947,30.979
1770107183.998544,19671,256,1770107183.967713,30.831
1770107184.001298,19673,256,1770107183.969878,31.420
1770107184.001408,19674,256,1770107183.970066,31.342
1770107184.002202,19675,256,1770107183.971234,30.968
1770107184.004364,19677,256,1770107183.973298,31.066
1770107184.005587,19678,256,1770107183.974541,31.046
1770107184.013628,19680,256,1770107183.982775,30.853
1770107184.015282,19681,256,1770107183.984385,30.898
1770107184.016330,19682,256,1770107183.985461,30.869
1770107184.017085,19683,256,1770107183.986147,30.938
1770107184.019284,19684,256,1770107183.988358,30.926
1770107184.022886,19685,256,1770107183.991841,31.045
1770107184.023069,19686,256,1770107183.992138,30.931
1770107184.023708,19687,256,1770107183.992314,31.394
1770107184.023970,19688,256,1770107183.992547,31.423
1770107184.024582,19689,256,1770107183.993523,31.060
1770107184.024851,19690,256,1770107183.993904,30.947
1770107184.030031,19692,256,1770107183.999162,30.869
1770107184.030353,19693,256,1770107183.999339,31.013
1770107184.030972,19694,256,1770107184.000125,30.847
1770107184.031254,19695,256,1770107184.000198,31.055
1770107184.032059,19696,256,1770107184.001082,30.977
1770107184.034934,19698,256,1770107184.004102,30.832
1770107184.035495,19699,256,1770107184.004672,30.823
1770107184.037590,19700,256,1770107184.006717,30.873
1770107184.039251,19701,256,1770107184.008394,30.856
1770107184.041371,19702,256,1770107184.010357,31.014
1770107184.044961,19703,256,1770107184.014034,30.927
1770107184.045869,19704,256,1770107184.014923,30.946
1770107184.046162,19705,256,1770107184.015071,31.091
1770107184.046460,19706,256,1770107184.015504,30.956
1770107184.049897,19707,256,1770107184.019008,30.889
1770107184.053468,19710,256,1770107184.022676,30.792
1770107184.055442,19711,256,1770107184.024572,30.869
1770107184.058460,19712,256,1770107184.027266,31.194
1770107184.061434,19713,256,1770107184.030358,31.075
1770107184.061572,19714,256,1770107184.030547,31.025
1770107184.062992,19715,256,1770107184.031998,30.994
1770107184.063619,19716,256,1770107184.032791,30.828
1770107184.067616,19717,256,1770107184.036698,30.918
1770107184.069363,19718,256,1770107184.038506,30.857
1770107184.069904,19719,256,1770107184.039087,30.817
1770107184.072943,19720,256,1770107184.041958,30.985
1770107184.074817,19721,256,1770107184.043921,30.895
1770107184.075152,19722,256,1770107184.044031,31.121
1770107184.075381,19723,256,1770107184.044061,31.319
1770107184.075623,19724,256,1770107184.044333,31.291
1770107184.078966,19726,256,1770107184.047936,31.030
1770107184.079261,19727,256,1770107184.048434,30.827
1770107184.079538,19728,256,1770107184.048469,31.068
1770107184.080304,19729,256,1770107184.049381,30.922
1770107184.081992,19730,256,1770107184.050958,31.034
1770107184.083269,19731,256,1770107184.052429,30.840
1770107184.083477,19732,256,1770107184.052667,30.811
1770107184.083772,19733,256,1770107184.052922,30.850
1770107184.084076,19734,256,1770107184.053202,30.874
1770107184.085848,19735,256,1770107184.054926,30.922
1770107184.086129,19736,256,1770107184.055382,30.747
1770107184.088660,19737,256,1770107184.057618,31.042
1770107184.090683,19738,256,1770107184.059546,31.138
1770107184.090884,19739,256,1770107184.059726,31.159
1770107184.091249,19740,256,1770107184.060000,31.249
1770107184.094227,19742,256,1770107184.063308,30.918
1770107184.095608,19743,256,1770107184.064785,30.823
1770107184.098656,19744,256,1770107184.067798,30.859
1770107184.099537,19745,256,1770107184.068750,30.787
1770107184.104635,19747,256,1770107184.073587,31.047
1770107184.105897,19748,256,1770107184.074891,31.006
1770107184.108928,19749,256,1770107184.077627,31.301
1770107184.110798,19751,256,1770107184.079700,31.098
1770107184.112600,19753,256,1770107184.081421,31.178
1770107184.112910,19754,256,1770107184.081929,30.981
1770107184.115037,19755,256,1770107184.084080,30.957
1770107184.116347,19756,256,1770107184.085481,30.866
1770107184.116921,19757,256,1770107184.085583,31.338
1770107184.117821,19758,256,1770107184.085958,31.863
1770107184.118068,19759,256,1770107184.086382,31.686
1770107184.119013,19760,256,1770107184.087742,31.271
1770107184.119914,19761,256,1770107184.087990,31.924
1770107184.120140,19762,256,1770107184.088067,32.073
1770107184.120478,19763,256,1770107184.089408,31.070
1770107184.121598,19764,256,1770107184.090630,30.967
1770107184.122299,19765,256,1770107184.091410,30.890
1770107184.122599,19766,256,1770107184.091635,30.964
1770107184.123895,19767,256,1770107184.093022,30.874
1770107184.124439,19768,256,1770107184.093447,30.992
1770107184.125661,19770,256,1770107184.094746,30.915
1770107184.127656,19771,256,1770107184.096800,30.856
1770107184.127912,19772,256,1770107184.097029,30.882
1770107184.129510,19773,256,1770107184.098712,30.798
1770107184.131087,19774,256,1770107184.100147,30.941
1770107184.132928,19775,256,1770107184.101986,30.942
1770107184.133129,19776,256,1770107184.102154,30.975
1770107184.134261,19777,256,1770107184.103414,30.847
1770107184.135252,19778,256,1770107184.104475,30.777
1770107184.136967,19779,256,1770107184.106114,30.852
1770107184.138912,19781,256,1770107184.107723,31.190
1770107184.144579,19782,256,1770107184.113497,31.082
1770107184.146476,19784,256,1770107184.115291,31.184
1770107184.147112,19785,256,1770107184.116107,31.005
1770107184.149580,19786,256,1770107184.118707,30.873
1770107184.152377,19787,256,1770107184.121475,30.902
1770107184.152583,19788,256,1770107184.121636,30.947
1770107184.153152,19789,256,1770107184.122371,30.781
1770107184.153524,19790,256,1770107184.122745,30.779
1770107184.154150,19791,256,1770107184.123068,31.082
1770107184.157581,19792,256,1770107184.126637,30.943
1770107184.159219,19793,256,1770107184.128256,30.964
1770107184.159436,19794,256,1770107184.128433,31.003
1770107184.160021,19795,256,1770107184.129222,30.799
1770107184.161671,19796,256,1770107184.130851,30.820
1770107184.161923,19797,256,1770107184.131110,30.813
1770107184.162812,19798,256,1770107184.132016,30.796
1770107184.164590,19799,256,1770107184.133755,30.835
1770107184.166799,19800,256,1770107184.135977,30.823
1770107184.168989,19803,256,1770107184.138135,30.855
1770107184.169292,19804,256,1770107184.138498,30.794
1770107184.175694,19806,256,1770107184.144731,30.962
1770107184.176071,19807,256,1770107184.145271,30.801
1770107184.176762,19808,256,1770107184.145865,30.897
1770107184.180947,19810,256,1770107184.150015,30.933
1770107184.181132,19811,256,1770107184.150120,31.012
1770107184.182930,19812,256,1770107184.152026,30.904
1770107184.185577,19814,256,1770107184.154423,31.154
1770107184.186401,19815,256,1770107184.154964,31.437
1770107184.186676,19816,256,1770107184.155041,31.635
1770107184.188578,19817,256,1770107184.157579,30.999
1770107184.191782,19818,256,1770107184.160486,31.296
1770107184.192041,19819,256,1770107184.161070,30.971
1770107184.194033,19820,256,1770107184.163214,30.819
1770107184.195827,19823,256,1770107184.164794,31.033
1770107184.196392,19824,256,1770107184.165210,31.182
1770107184.196935,19825,256,1770107184.165979,30.956
1770107184.199101,19827,256,1770107184.168236,30.866
1770107184.201287,19828,256,1770107184.170374,30.914
1770107184.201879,19829,256,1770107184.171073,30.806
1770107184.202737,19830,256,1770107184.171944,30.793
1770107184.207732,19832,256,1770107184.176792,30.941
1770107184.208263,19833,256,1770107184.177078,31.184
1770107184.208899,19834,256,1770107184.178050,30.849
1770107184.210339,19835,256,1770107184.179472,30.866
1770107184.211428,19837,256,1770107184.180479,30.950
1770107184.211696,19838,256,1770107184.180625,31.071
1770107184.212050,19840,256,1770107184.181293,30.757
1770107184.212783,19841,256,1770107184.182017,30.765
1770107184.215042,19842,256,1770107184.184136,30.906
1770107184.217874,19843,256,1770107184.187066,30.808
1770107184.219933,19844,256,1770107184.188896,31.036
1770107184.220052,19845,256,1770107184.189209,30.843
1770107184.223057,19846,256,1770107184.192073,30.984
1770107184.228247,19848,256,1770107184.197364,30.883
1770107184.231440,19849,256,1770107184.200559,30.881
1770107184.243287,19850,256,1770107184.212247,31.040
1770107184.243490,19851,256,1770107184.212503,30.988
1770107184.245464,19853,256,1770107184.214565,30.899
1770107184.245891,19854,256,1770107184.215071,30.820
1770107184.246814,19855,256,1770107184.216027,30.787
1770107184.247094,19856,256,1770107184.216126,30.968
1770107184.247392,19857,256,1770107184.216321,31.070
1770107184.256990,19859,256,1770107184.225881,31.110
1770107184.257678,19861,256,1770107184.226697,30.981
1770107184.258251,19862,256,1770107184.227407,30.844
1770107184.258562,19863,256,1770107184.227733,30.829
1770107184.261006,19865,256,1770107184.230063,30.943
1770107184.262346,19867,256,1770107184.231467,30.878
1770107184.270175,19870,256,1770107184.239304,30.871
1770107184.271929,19871,256,1770107184.240868,31.061
1770107184.272713,19872,256,1770107184.241793,30.921
1770107184.275058,19873,256,1770107184.244242,30.816
1770107184.275505,19874,256,1770107184.244349,31.156
1770107184.275801,19875,256,1770107184.244378,31.423
1770107184.279254,19876,256,1770107184.248460,30.794
1770107184.279981,19877,256,1770107184.249179,30.802
1770107184.280596,19878,256,1770107184.249857,30.740
1770107184.283107,19879,256,1770107184.252256,30.850
1770107184.283497,19880,256,1770107184.252713,30.783
1770107184.283807,19881,256,1770107184.253014,30.793
1770107184.285471,19882,256,1770107184.254623,30.848
1770107184.286360,19883,256,1770107184.255604,30.756
1770107184.286649,19884,256,1770107184.255651,30.998
1770107184.286945,19885,256,1770107184.255682,31.263
1770107184.289306,19886,256,1770107184.258511,30.795
1770107184.290320,19888,256,1770107184.259406,30.914
1770107184.291293,19889,256,1770107184.260458,30.835
1770107184.293262,19890,256,1770107184.262330,30.932
1770107184.294455,19891,256,1770107184.263354,31.101
1770107184.296505,19893,256,1770107184.265641,30.864
1770107184.298227,19894,256,1770107184.267174,31.053
1770107184.301548,19895,256,1770107184.270646,30.901
1770107184.302398,19896,256,1770107184.271530,30.868
1770107184.305873,19897,256,1770107184.274980,30.893
1770107184.308686,19898,256,1770107184.277669,31.016
1770107184.308833,19899,256,1770107184.277857,30.976
1770107184.309167,19900,256,1770107184.277970,31.197
1770107184.309424,19901,256,1770107184.278410,31.014
1770107184.310207,19903,256,1770107184.279216,30.992
1770107184.312840,19904,256,1770107184.282051,30.789
1770107184.314118,19905,256,1770107184.283083,31.035
1770107184.321623,19907,256,1770107184.290626,30.997
1770107184.321843,19908,256,1770107184.290828,31.016
1770107184.322957,19910,256,1770107184.292120,30.838
1770107184.323256,19911,256,1770107184.292273,30.984
1770107184.325290,19912,256,1770107184.294357,30.933
1770107184.325853,19913,256,1770107184.295114,30.739
1770107184.326489,19914,256,1770107184.295735,30.754
1770107184.329273,19916,256,1770107184.298337,30.936
1770107184.330450,19917,256,1770107184.299514,30.936
1770107184.331013,19918,256,1770107184.300176,30.838
1770107184.331650,19919,256,1770107184.300222,31.428
1770107184.332305,19920,256,1770107184.301346,30.960
1770107184.334948,19922,256,1770107184.303723,31.225
1770107184.335221,19923,256,1770107184.303762,31.458
1770107184.335402,19924,256,1770107184.304607,30.795
1770107184.336846,19925,256,1770107184.305992,30.854
1770107184.337403,19926,256,1770107184.306125,31.278
1770107184.337769,19928,256,1770107184.306915,30.854
1770107184.340171,19929,256,1770107184.309317,30.854
1770107184.341107,19931,256,1770107184.310307,30.800
1770107184.341430,19932,256,1770107184.310394,31.035
1770107184.343027,19933,256,1770107184.312129,30.898
1770107184.348587,19934,256,1770107184.317670,30.917
1770107184.353234,19937,256,1770107184.322330,30.904
1770107184.355356,19938,256,1770107184.324480,30.876
1770107184.355636,19939,256,1770107184.324615,31.021
1770107184.357275,19940,256,1770107184.326374,30.901
1770107184.357793,19941,256,1770107184.326964,30.828
1770107184.361331,19942,256,1770107184.330338,30.993
1770107184.362112,19943,256,1770107184.331224,30.888
1770107184.363546,19944,256,1770107184.332605,30.941
1770107184.364514,19945,256,1770107184.333586,30.927
1770107184.366460,19947,256,1770107184.335603,30.856
1770107184.366686,19948,256,1770107184.335685,31.000
1770107184.367699,19949,256,1770107184.336632,31.066
1770107184.369109,19950,256,1770107184.338248,30.860
1770107184.369458,19951,256,1770107184.338363,31.094
1770107184.369645,19952,256,1770107184.338406,31.239
1770107184.369934,19953,256,1770107184.338436,31.498
1770107184.370404,19954,256,1770107184.339111,31.293
1770107184.374277,19956,256,1770107184.343429,30.848
1770107184.378847,19957,256,1770107184.347816,31.031
1770107184.381158,19959,256,1770107184.350276,30.881
1770107184.382067,19960,256,1770107184.351154,30.913
1770107184.382974,19962,256,1770107184.352166,30.808
1770107184.383220,19963,256,1770107184.352454,30.766
1770107184.387312,19964,256,1770107184.356373,30.939
1770107184.389667,19965,256,1770107184.358769,30.898
1770107184.393996,19967,256,1770107184.363112,30.884
1770107184.397002,19969,256,1770107184.366213,30.790
1770107184.397937,19970,256,1770107184.367035,30.902
1770107184.398247,19971,256,1770107184.367258,30.988
1770107184.399564,19972,256,1770107184.368658,30.906
1770107184.400109,19973,256,1770107184.369285,30.825
1770107184.402788,19974,256,1770107184.371881,30.907
1770107184.404903,19975,256,1770107184.374006,30.898
1770107184.407459,19976,256,1770107184.376662,30.797
1770107184.408146,19977,256,1770107184.377085,31.060
1770107184.408450,19978,256,1770107184.377379,31.071
1770107184.412617,19980,256,1770107184.381748,30.869
1770107184.412851,19981,256,1770107184.381807,31.044
1770107184.413099,19982,256,1770107184.381841,31.258
1770107184.413974,19983,256,1770107184.383035,30.938
1770107184.414205,19984,256,1770107184.383257,30.948
1770107184.414479,19985,256,1770107184.383591,30.888
1770107184.414776,19986,256,1770107184.383914,30.862
1770107184.417485,19987,256,1770107184.386481,31.004
1770107184.420942,19990,256,1770107184.390041,30.901
1770107184.421151,19991,256,1770107184.390380,30.771
1770107184.421987,19992,256,1770107184.391118,30.869
1770107184.425461,19993,256,1770107184.394573,30.888
1770107184.425715,19994,256,1770107184.394769,30.946
1770107184.431522,19996,256,1770107184.400674,30.848
1770107184.431810,19997,256,1770107184.401042,30.767
1770107184.432280,19998,256,1770107184.401532,30.748
1770107184.433474,19999,256,1770107184.402675,30.798
1770107184.435384,20000,256,1770107184.404596,30.788
1770107184.435636,20001,256,1770107184.404695,30.941
1770107184.435932,20002,256,1770107184.404736,31.195
1770107184.437405,20003,256,1770107184.406647,30.758
1770107184.439020,20005,256,1770107184.408179,30.842
1770107184.440517,20006,256,1770107184.409603,30.915
1770107184.440713,20007,256,1770107184.409701,31.012
1770107184.441093,20008,256,1770107184.409913,31.181
1770107184.443774,20009,256,1770107184.412882,30.892
1770107184.448132,20012,256,1770107184.417286,30.846
1770107184.450322,20013,256,1770107184.419483,30.839
1770107184.451893,20015,256,1770107184.420394,31.499
1770107184.455592,20016,256,1770107184.424416,31.176
1770107184.455791,20017,256,1770107184.424573,31.217
1770107184.456928,20018,256,1770107184.425731,31.197
1770107184.457159,20019,256,1770107184.426105,31.055
1770107184.458370,20020,256,1770107184.427490,30.880
1770107184.459546,20021,256,1770107184.428693,30.854
1770107184.460158,20022,256,1770107184.429069,31.090
1770107184.461418,20024,256,1770107184.430634,30.784
1770107184.463410,20025,256,1770107184.432402,31.008
1770107184.463697,20026,256,1770107184.432945,30.752
1770107184.464479,20027,256,1770107184.433675,30.804
