t_send,seq,bytes
1765688143.414231,1,256
1765688143.414498,2,256
1765688143.417290,3,256
1765688143.418013,4,256
1765688143.418138,5,256
1765688143.421065,6,256
1765688143.421244,7,256
1765688143.423264,8,256
1765688143.425906,9,256
1765688143.430365,10,256
1765688143.431349,11,256
1765688143.431794,12,256
1765688143.433570,13,256
1765688143.436129,14,256
1765688143.437567,15,256
1765688143.438101,16,256
1765688143.438494,17,256
1765688143.442719,18,256
1765688143.443592,19,256
1765688143.444583,20,256
1765688143.448730,21,256
1765688143.449044,22,256
1765688143.451021,23,256
1765688143.454070,24,256
1765688143.454931,25,256
1765688143.457799,26,256
1765688143.459994,27,256
1765688143.464721,28,256
1765688143.469789,29,256
1765688143.470824,30,256
1765688143.472819,31,256
1765688143.473370,32,256
1765688143.477287,33,256
1765688143.481532,34,256
1765688143.485865,35,256
1765688143.487539,36,256
1765688143.488562,37,256
1765688143.488606,38,256
1765688143.489408,39,256
1765688143.491973,40,256
1765688143.492955,41,256
1765688143.494783,42,256
1765688143.502213,43,256
1765688143.506222,44,256
1765688143.507745,45,256
1765688143.507999,46,256
1765688143.508620,47,256
1765688143.510970,48,256
1765688143.516991,49,256
1765688143.518257,50,256
1765688143.519634,51,256
1765688143.522097,52,256
1765688143.523525,53,256
1765688143.527409,54,256
1765688143.531707,55,256
1765688143.532269,56,256
1765688143.532733,57,256
1765688143.534796,58,256
1765688143.536201,59,256
1765688143.536982,60,256
1765688143.540476,61,256
1765688143.555349,62,256
1765688143.556247,63,256
1765688143.557570,64,256
1765688143.558482,65,256
1765688143.560659,66,256
1765688143.562127,67,256
1765688143.563316,68,256
1765688143.563743,69,256
1765688143.566212,70,256
1765688143.568093,71,256
1765688143.573530,72,256
1765688143.576882,73,256
1765688143.579840,74,256
1765688143.582650,75,256
1765688143.582743,76,256
1765688143.587893,77,256
1765688143.590695,78,256
1765688143.591244,79,256
1765688143.591268,80,256
1765688143.591552,81,256
1765688143.594071,82,256
1765688143.594281,83,256
1765688143.595656,84,256
1765688143.598564,85,256
1765688143.604179,86,256
1765688143.606201,87,256
1765688143.608833,88,256
1765688143.610651,89,256
1765688143.614516,90,256
1765688143.614708,91,256
1765688143.614739,92,256
1765688143.615023,93,256
1765688143.615249,94,256
1765688143.620282,95,256
1765688143.622842,96,256
1765688143.623198,97,256
1765688143.624198,98,256
1765688143.624225,99,256
1765688143.626243,100,256
1765688143.626351,101,256
1765688143.629383,102,256
1765688143.631190,103,256
1765688143.632157,104,256
1765688143.636648,105,256
1765688143.639293,106,256
1765688143.640989,107,256
1765688143.643290,108,256
1765688143.643892,109,256
1765688143.644886,110,256
1765688143.645203,111,256
1765688143.646972,112,256
1765688143.653923,113,256
1765688143.654323,114,256
1765688143.654947,115,256
1765688143.657008,116,256
1765688143.657193,117,256
1765688143.657288,118,256
1765688143.659676,119,256
1765688143.660449,120,256
1765688143.660670,121,256
1765688143.661662,122,256
1765688143.661790,123,256
1765688143.662469,124,256
1765688143.666676,125,256
1765688143.667830,126,256
1765688143.668682,127,256
1765688143.668946,128,256
1765688143.669574,129,256
1765688143.673690,130,256
1765688143.675133,131,256
1765688143.676673,132,256
1765688143.677609,133,256
1765688143.678719,134,256
1765688143.679114,135,256
1765688143.680129,136,256
1765688143.681073,137,256
1765688143.686932,138,256
1765688143.690307,139,256
1765688143.690750,140,256
1765688143.692155,141,256
1765688143.695229,142,256
1765688143.699657,143,256
1765688143.699782,144,256
1765688143.700117,145,256
1765688143.701941,146,256
1765688143.702086,147,256
1765688143.702934,148,256
1765688143.707252,149,256
1765688143.713411,150,256
1765688143.715792,151,256
1765688143.716458,152,256
1765688143.716529,153,256
1765688143.722028,154,256
1765688143.722146,155,256
1765688143.722922,156,256
1765688143.723621,157,256
1765688143.723758,158,256
1765688143.728817,159,256
1765688143.731583,160,256
1765688143.733125,161,256
1765688143.735647,162,256
1765688143.735825,163,256
1765688143.738445,164,256
1765688143.739270,165,256
1765688143.742055,166,256
1765688143.742267,167,256
1765688143.742863,168,256
1765688143.743870,169,256
1765688143.744669,170,256
1765688143.747259,171,256
1765688143.747321,172,256
1765688143.747660,173,256
1765688143.749114,174,256
1765688143.751478,175,256
1765688143.751580,176,256
1765688143.753020,177,256
1765688143.756762,178,256
1765688143.764082,179,256
1765688143.764812,180,256
1765688143.765385,181,256
1765688143.765424,182,256
1765688143.767497,183,256
1765688143.771501,184,256
1765688143.772910,185,256
1765688143.776215,186,256
1765688143.785750,187,256
1765688143.786924,188,256
1765688143.792756,189,256
1765688143.792826,190,256
1765688143.793968,191,256
1765688143.794810,192,256
1765688143.797325,193,256
1765688143.799922,194,256
1765688143.801524,195,256
1765688143.804248,196,256
1765688143.808446,197,256
1765688143.815756,198,256
1765688143.818708,199,256
1765688143.823204,200,256
1765688143.823260,201,256
1765688143.823804,202,256
1765688143.823843,203,256
1765688143.828934,204,256
1765688143.836272,205,256
1765688143.841371,206,256
1765688143.841652,207,256
1765688143.847319,208,256
1765688143.847729,209,256
1765688143.850319,210,256
1765688143.850639,211,256
1765688143.852148,212,256
1765688143.853397,213,256
1765688143.854155,214,256
1765688143.855531,215,256
1765688143.855592,216,256
1765688143.855898,217,256
1765688143.865878,218,256
1765688143.866383,219,256
1765688143.872694,220,256
1765688143.876210,221,256
1765688143.881675,222,256
1765688143.883235,223,256
1765688143.886940,224,256
1765688143.895650,225,256
1765688143.896448,226,256
1765688143.897335,227,256
1765688143.905323,228,256
1765688143.912935,229,256
1765688143.914583,230,256
1765688143.915858,231,256
1765688143.917862,232,256
1765688143.918425,233,256
1765688143.924978,234,256
1765688143.925359,235,256
1765688143.925552,236,256
1765688143.929774,237,256
1765688143.931481,238,256
1765688143.932346,239,256
1765688143.933267,240,256
1765688143.934248,241,256
1765688143.936480,242,256
1765688143.939206,243,256
1765688143.940767,244,256
1765688143.941710,245,256
1765688143.941978,246,256
1765688143.942956,247,256
1765688143.946028,248,256
1765688143.946721,249,256
1765688143.948423,250,256
1765688143.951563,251,256
1765688143.951737,252,256
1765688143.952878,253,256
1765688143.954228,254,256
1765688143.954280,255,256
1765688143.955144,256,256
1765688143.956077,257,256
1765688143.957887,258,256
1765688143.958147,259,256
1765688143.958354,260,256
1765688143.959887,261,256
1765688143.960734,262,256
1765688143.960790,263,256
1765688143.964707,264,256
1765688143.972193,265,256
1765688143.975068,266,256
1765688143.975860,267,256
1765688143.977365,268,256
1765688143.977865,269,256
1765688143.978331,270,256
1765688143.979125,271,256
1765688143.979676,272,256
1765688143.985117,273,256
1765688143.987499,274,256
1765688143.987596,275,256
1765688143.988874,276,256
1765688143.990076,277,256
1765688143.990152,278,256
1765688143.998789,279,256
1765688143.998902,280,256
1765688143.999409,281,256
1765688144.001165,282,256
1765688144.001210,283,256
1765688144.002260,284,256
1765688144.002475,285,256
1765688144.002750,286,256
1765688144.003278,287,256
1765688144.010955,288,256
1765688144.012510,289,256
1765688144.012782,290,256
1765688144.015322,291,256
1765688144.015563,292,256
1765688144.020871,293,256
1765688144.021198,294,256
1765688144.021709,295,256
1765688144.025070,296,256
1765688144.025420,297,256
1765688144.027662,298,256
1765688144.029227,299,256
1765688144.029670,300,256
1765688144.031401,301,256
1765688144.037647,302,256
1765688144.044427,303,256
1765688144.046487,304,256
1765688144.047962,305,256
1765688144.051203,306,256
1765688144.051833,307,256
1765688144.053658,308,256
1765688144.056700,309,256
1765688144.058608,310,256
1765688144.059349,311,256
1765688144.062320,312,256
1765688144.062638,313,256
1765688144.066578,314,256
1765688144.069642,315,256
1765688144.073195,316,256
1765688144.073659,317,256
1765688144.076866,318,256
1765688144.077305,319,256
1765688144.078514,320,256
1765688144.079475,321,256
1765688144.079988,322,256
1765688144.080374,323,256
1765688144.083690,324,256
1765688144.085224,325,256
1765688144.090589,326,256
1765688144.092183,327,256
1765688144.093003,328,256
1765688144.094779,329,256
1765688144.095863,330,256
1765688144.098860,331,256
1765688144.102056,332,256
1765688144.102398,333,256
1765688144.108254,334,256
1765688144.108635,335,256
1765688144.111203,336,256
1765688144.113650,337,256
1765688144.116016,338,256
1765688144.116943,339,256
1765688144.121440,340,256
1765688144.123295,341,256
1765688144.124223,342,256
1765688144.126541,343,256
1765688144.129416,344,256
1765688144.130821,345,256
1765688144.131357,346,256
1765688144.131883,347,256
1765688144.134174,348,256
1765688144.135638,349,256
1765688144.138089,350,256
1765688144.138249,351,256
1765688144.138710,352,256
1765688144.141334,353,256
1765688144.142116,354,256
1765688144.142340,355,256
1765688144.144258,356,256
1765688144.144533,357,256
1765688144.153009,358,256
1765688144.154053,359,256
1765688144.157463,360,256
1765688144.162581,361,256
1765688144.169292,362,256
1765688144.169560,363,256
1765688144.170661,364,256
1765688144.176133,365,256
1765688144.177638,366,256
1765688144.178645,367,256
1765688144.186535,368,256
1765688144.186740,369,256
1765688144.187699,370,256
1765688144.195138,371,256
1765688144.196030,372,256
1765688144.198780,373,256
1765688144.202322,374,256
1765688144.203690,375,256
1765688144.204539,376,256
1765688144.206633,377,256
1765688144.206713,378,256
1765688144.210705,379,256
1765688144.211973,380,256
1765688144.212540,381,256
1765688144.219288,382,256
1765688144.220579,383,256
1765688144.221997,384,256
1765688144.225801,385,256
1765688144.226176,386,256
1765688144.229216,387,256
1765688144.229300,388,256
1765688144.230297,389,256
1765688144.234291,390,256
1765688144.234962,391,256
1765688144.240654,392,256
1765688144.243059,393,256
1765688144.243562,394,256
1765688144.247720,395,256
1765688144.247793,396,256
1765688144.248089,397,256
1765688144.248205,398,256
1765688144.249928,399,256
1765688144.252470,400,256
1765688144.252772,401,256
1765688144.254038,402,256
1765688144.254330,403,256
1765688144.256195,404,256
1765688144.256648,405,256
1765688144.258339,406,256
1765688144.259690,407,256
1765688144.260613,408,256
1765688144.262438,409,256
1765688144.264019,410,256
1765688144.266995,411,256
1765688144.267332,412,256
1765688144.270412,413,256
1765688144.271675,414,256
1765688144.272018,415,256
1765688144.274616,416,256
1765688144.277284,417,256
1765688144.280145,418,256
1765688144.281099,419,256
1765688144.281893,420,256
1765688144.282062,421,256
1765688144.284574,422,256
1765688144.287427,423,256
1765688144.289367,424,256
1765688144.290593,425,256
1765688144.292889,426,256
1765688144.293190,427,256
1765688144.293955,428,256
1765688144.300739,429,256
1765688144.301877,430,256
1765688144.302637,431,256
1765688144.307917,432,256
1765688144.308328,433,256
1765688144.319054,434,256
1765688144.319348,435,256
1765688144.319561,436,256
1765688144.326276,437,256
1765688144.328296,438,256
1765688144.329693,439,256
1765688144.332136,440,256
1765688144.333840,441,256
1765688144.334293,442,256
1765688144.335725,443,256
1765688144.336003,444,256
1765688144.339129,445,256
1765688144.339477,446,256
1765688144.345234,447,256
1765688144.349242,448,256
1765688144.349687,449,256
1765688144.349719,450,256
1765688144.352856,451,256
1765688144.353286,452,256
1765688144.355901,453,256
1765688144.356504,454,256
1765688144.356837,455,256
1765688144.356877,456,256
1765688144.358151,457,256
1765688144.364710,458,256
1765688144.366643,459,256
1765688144.366724,460,256
1765688144.368691,461,256
1765688144.370064,462,256
1765688144.373585,463,256
1765688144.375330,464,256
1765688144.376071,465,256
1765688144.377568,466,256
1765688144.377937,467,256
1765688144.381925,468,256
1765688144.382774,469,256
1765688144.385082,470,256
1765688144.385903,471,256
1765688144.386209,472,256
1765688144.387328,473,256
1765688144.387558,474,256
1765688144.388730,475,256
1765688144.390566,476,256
1765688144.393179,477,256
1765688144.393375,478,256
1765688144.393402,479,256
1765688144.395130,480,256
1765688144.395193,481,256
1765688144.397525,482,256
1765688144.398941,483,256
1765688144.404387,484,256
1765688144.404770,485,256
1765688144.406560,486,256
1765688144.408865,487,256
1765688144.414381,488,256
1765688144.414558,489,256
1765688144.415034,490,256
1765688144.415292,491,256
1765688144.415332,492,256
1765688144.423997,493,256
1765688144.427835,494,256
1765688144.428181,495,256
1765688144.430120,496,256
1765688144.434365,497,256
1765688144.434450,498,256
1765688144.434674,499,256
1765688144.438674,500,256
1765688144.438788,501,256
1765688144.439603,502,256
1765688144.440038,503,256
1765688144.440675,504,256
1765688144.441038,505,256
1765688144.441563,506,256
1765688144.442877,507,256
1765688144.443021,508,256
1765688144.446225,509,256
1765688144.446408,510,256
1765688144.449026,511,256
1765688144.452478,512,256
1765688144.452969,513,256
1765688144.453196,514,256
1765688144.455871,515,256
1765688144.457235,516,256
1765688144.457304,517,256
1765688144.458153,518,256
1765688144.466768,519,256
1765688144.469091,520,256
1765688144.469304,521,256
1765688144.471677,522,256
1765688144.474665,523,256
1765688144.475098,524,256
1765688144.475277,525,256
1765688144.475925,526,256
1765688144.476731,527,256
1765688144.479675,528,256
1765688144.480920,529,256
1765688144.481137,530,256
1765688144.481312,531,256
1765688144.482024,532,256
1765688144.483095,533,256
1765688144.484507,534,256
1765688144.484632,535,256
1765688144.484684,536,256
1765688144.485541,537,256
1765688144.487940,538,256
1765688144.488260,539,256
1765688144.496876,540,256
1765688144.498219,541,256
1765688144.498874,542,256
1765688144.498990,543,256
1765688144.499099,544,256
1765688144.501986,545,256
1765688144.502260,546,256
1765688144.509809,547,256
1765688144.510855,548,256
1765688144.518165,549,256
1765688144.526493,550,256
1765688144.527036,551,256
1765688144.527666,552,256
1765688144.529073,553,256
1765688144.531101,554,256
1765688144.531338,555,256
1765688144.536639,556,256
1765688144.536767,557,256
1765688144.540555,558,256
1765688144.541072,559,256
1765688144.545283,560,256
1765688144.546487,561,256
1765688144.546791,562,256
1765688144.554965,563,256
1765688144.558977,564,256
1765688144.559168,565,256
1765688144.561895,566,256
1765688144.563144,567,256
1765688144.564028,568,256
1765688144.565122,569,256
1765688144.565161,570,256
1765688144.566640,571,256
1765688144.569369,572,256
1765688144.572030,573,256
1765688144.572399,574,256
1765688144.572559,575,256
1765688144.574494,576,256
1765688144.580594,577,256
1765688144.581948,578,256
1765688144.582836,579,256
1765688144.585247,580,256
1765688144.587000,581,256
1765688144.587563,582,256
1765688144.594239,583,256
1765688144.594864,584,256
1765688144.595563,585,256
1765688144.595803,586,256
1765688144.596896,587,256
1765688144.597559,588,256
1765688144.598763,589,256
1765688144.603810,590,256
1765688144.604127,591,256
1765688144.606378,592,256
1765688144.611049,593,256
1765688144.612617,594,256
1765688144.613287,595,256
1765688144.617642,596,256
1765688144.621464,597,256
1765688144.623648,598,256
1765688144.624981,599,256
1765688144.626478,600,256
1765688144.627898,601,256
1765688144.628692,602,256
1765688144.629302,603,256
1765688144.629691,604,256
1765688144.630595,605,256
1765688144.634106,606,256
1765688144.635122,607,256
1765688144.636695,608,256
1765688144.639799,609,256
1765688144.640568,610,256
1765688144.640817,611,256
1765688144.643702,612,256
1765688144.647478,613,256
1765688144.653120,614,256
1765688144.653206,615,256
1765688144.653418,616,256
1765688144.655496,617,256
1765688144.656216,618,256
1765688144.657481,619,256
1765688144.658202,620,256
1765688144.661202,621,256
1765688144.661993,622,256
1765688144.664046,623,256
1765688144.672179,624,256
1765688144.676625,625,256
1765688144.676863,626,256
1765688144.677636,627,256
1765688144.686891,628,256
1765688144.687566,629,256
1765688144.687999,630,256
1765688144.689229,631,256
1765688144.689490,632,256
1765688144.690970,633,256
1765688144.691824,634,256
1765688144.692357,635,256
1765688144.693801,636,256
1765688144.699336,637,256
1765688144.699928,638,256
1765688144.702404,639,256
1765688144.705852,640,256
1765688144.709347,641,256
1765688144.709727,642,256
1765688144.711333,643,256
1765688144.712294,644,256
1765688144.714509,645,256
1765688144.716096,646,256
1765688144.720198,647,256
1765688144.721348,648,256
1765688144.721822,649,256
1765688144.722341,650,256
1765688144.723606,651,256
1765688144.725974,652,256
1765688144.726290,653,256
1765688144.727984,654,256
1765688144.731892,655,256
1765688144.733091,656,256
1765688144.733338,657,256
1765688144.735506,658,256
1765688144.735824,659,256
1765688144.736274,660,256
1765688144.736662,661,256
1765688144.737055,662,256
1765688144.738553,663,256
1765688144.744581,664,256
1765688144.745758,665,256
1765688144.747499,666,256
1765688144.748445,667,256
1765688144.749168,668,256
1765688144.749676,669,256
1765688144.750402,670,256
1765688144.751906,671,256
1765688144.752087,672,256
1765688144.753992,673,256
1765688144.754654,674,256
1765688144.755555,675,256
1765688144.756647,676,256
1765688144.757123,677,256
1765688144.758507,678,256
1765688144.763310,679,256
1765688144.764400,680,256
1765688144.765708,681,256
1765688144.766783,682,256
1765688144.767487,683,256
1765688144.768094,684,256
1765688144.768143,685,256
1765688144.768748,686,256
1765688144.769560,687,256
1765688144.769635,688,256
1765688144.770398,689,256
1765688144.771508,690,256
1765688144.771952,691,256
1765688144.772560,692,256
1765688144.777507,693,256
1765688144.781782,694,256
1765688144.782146,695,256
1765688144.782276,696,256
1765688144.784153,697,256
1765688144.784616,698,256
1765688144.786394,699,256
1765688144.786824,700,256
1765688144.787272,701,256
1765688144.787452,702,256
1765688144.791494,703,256
1765688144.791883,704,256
1765688144.792115,705,256
1765688144.794789,706,256
1765688144.797232,707,256
1765688144.797613,708,256
1765688144.797770,709,256
1765688144.797915,710,256
1765688144.798838,711,256
1765688144.800339,712,256
1765688144.800506,713,256
1765688144.801754,714,256
1765688144.806855,715,256
1765688144.806939,716,256
1765688144.807141,717,256
1765688144.808712,718,256
1765688144.809432,719,256
1765688144.811068,720,256
1765688144.811641,721,256
1765688144.811686,722,256
1765688144.812217,723,256
1765688144.812808,724,256
1765688144.817791,725,256
1765688144.817993,726,256
1765688144.818774,727,256
1765688144.820566,728,256
1765688144.821802,729,256
1765688144.825032,730,256
1765688144.829493,731,256
1765688144.832309,732,256
1765688144.832650,733,256
1765688144.834255,734,256
1765688144.839514,735,256
1765688144.839773,736,256
1765688144.840856,737,256
1765688144.841306,738,256
1765688144.841434,739,256
1765688144.847857,740,256
1765688144.851838,741,256
1765688144.852119,742,256
1765688144.852381,743,256
1765688144.855735,744,256
1765688144.856756,745,256
1765688144.859513,746,256
1765688144.861296,747,256
1765688144.861707,748,256
1765688144.869423,749,256
1765688144.870055,750,256
1765688144.882537,751,256
1765688144.883353,752,256
1765688144.883804,753,256
1765688144.884181,754,256
1765688144.884795,755,256
1765688144.884837,756,256
1765688144.886490,757,256
1765688144.887777,758,256
1765688144.888813,759,256
1765688144.889163,760,256
1765688144.892956,761,256
1765688144.895200,762,256
1765688144.897352,763,256
1765688144.898268,764,256
1765688144.899759,765,256
1765688144.900628,766,256
1765688144.902045,767,256
1765688144.902246,768,256
1765688144.909243,769,256
1765688144.911958,770,256
1765688144.912893,771,256
1765688144.913449,772,256
1765688144.914032,773,256
1765688144.915572,774,256
1765688144.915630,775,256
1765688144.920018,776,256
1765688144.921983,777,256
1765688144.923444,778,256
1765688144.923556,779,256
1765688144.923587,780,256
1765688144.923932,781,256
1765688144.926616,782,256
1765688144.927619,783,256
1765688144.927847,784,256
1765688144.928054,785,256
1765688144.929928,786,256
1765688144.930408,787,256
1765688144.931714,788,256
1765688144.935739,789,256
1765688144.940130,790,256
1765688144.945541,791,256
1765688144.946216,792,256
1765688144.947090,793,256
1765688144.948048,794,256
1765688144.950212,795,256
1765688144.952606,796,256
1765688144.955322,797,256
1765688144.958033,798,256
1765688144.959995,799,256
1765688144.960196,800,256
1765688144.963584,801,256
1765688144.965407,802,256
1765688144.975249,803,256
1765688144.976601,804,256
1765688144.977523,805,256
1765688144.977831,806,256
1765688144.980898,807,256
1765688144.984056,808,256
1765688144.988572,809,256
1765688144.994047,810,256
1765688144.998695,811,256
1765688145.004992,812,256
1765688145.006569,813,256
1765688145.010480,814,256
1765688145.011421,815,256
1765688145.013387,816,256
1765688145.014408,817,256
1765688145.021089,818,256
1765688145.023432,819,256
1765688145.025138,820,256
1765688145.025561,821,256
1765688145.028145,822,256
1765688145.028538,823,256
1765688145.029934,824,256
1765688145.030871,825,256
1765688145.031694,826,256
1765688145.034665,827,256
1765688145.034956,828,256
1765688145.038339,829,256
1765688145.038870,830,256
1765688145.038894,831,256
1765688145.039337,832,256
1765688145.039829,833,256
1765688145.043313,834,256
1765688145.044561,835,256
1765688145.044940,836,256
1765688145.046568,837,256
1765688145.047748,838,256
1765688145.049987,839,256
1765688145.051488,840,256
1765688145.054107,841,256
1765688145.055710,842,256
1765688145.059177,843,256
1765688145.059374,844,256
1765688145.059767,845,256
1765688145.061658,846,256
1765688145.062033,847,256
1765688145.062940,848,256
1765688145.065367,849,256
1765688145.065650,850,256
1765688145.068756,851,256
1765688145.070415,852,256
1765688145.070737,853,256
1765688145.073746,854,256
1765688145.075270,855,256
1765688145.075803,856,256
1765688145.079799,857,256
1765688145.083935,858,256
1765688145.085442,859,256
1765688145.085867,860,256
1765688145.085919,861,256
1765688145.087542,862,256
1765688145.090606,863,256
1765688145.092866,864,256
1765688145.092951,865,256
1765688145.093327,866,256
1765688145.093918,867,256
1765688145.095162,868,256
1765688145.099736,869,256
1765688145.101295,870,256
1765688145.103629,871,256
1765688145.104270,872,256
1765688145.104328,873,256
1765688145.104487,874,256
1765688145.106321,875,256
1765688145.106673,876,256
1765688145.106881,877,256
1765688145.110865,878,256
1765688145.115525,879,256
1765688145.117457,880,256
1765688145.117774,881,256
1765688145.122111,882,256
1765688145.125011,883,256
1765688145.125101,884,256
1765688145.125141,885,256
1765688145.125967,886,256
1765688145.129692,887,256
1765688145.131843,888,256
1765688145.132419,889,256
1765688145.133090,890,256
1765688145.137305,891,256
1765688145.139261,892,256
1765688145.141103,893,256
1765688145.147538,894,256
1765688145.151006,895,256
1765688145.151814,896,256
1765688145.154542,897,256
1765688145.155575,898,256
1765688145.155636,899,256
1765688145.158457,900,256
1765688145.159735,901,256
1765688145.166810,902,256
1765688145.167417,903,256
1765688145.176370,904,256
1765688145.176909,905,256
1765688145.177523,906,256
1765688145.190360,907,256
1765688145.191097,908,256
1765688145.191463,909,256
1765688145.192326,910,256
1765688145.195270,911,256
1765688145.195775,912,256
1765688145.197618,913,256
1765688145.200011,914,256
1765688145.201555,915,256
1765688145.202209,916,256
1765688145.206203,917,256
1765688145.208724,918,256
1765688145.210569,919,256
1765688145.212752,920,256
1765688145.214873,921,256
1765688145.219325,922,256
1765688145.224849,923,256
1765688145.225800,924,256
1765688145.226527,925,256
1765688145.232343,926,256
1765688145.233345,927,256
1765688145.234584,928,256
1765688145.236041,929,256
1765688145.236298,930,256
1765688145.238314,931,256
1765688145.239760,932,256
1765688145.240705,933,256
1765688145.240746,934,256
1765688145.246339,935,256
1765688145.247823,936,256
1765688145.254801,937,256
1765688145.260159,938,256
1765688145.261180,939,256
1765688145.262570,940,256
1765688145.264892,941,256
1765688145.266723,942,256
1765688145.266929,943,256
1765688145.270570,944,256
1765688145.271486,945,256
1765688145.280013,946,256
1765688145.280097,947,256
1765688145.281595,948,256
1765688145.281915,949,256
1765688145.283682,950,256
1765688145.284805,951,256
1765688145.285352,952,256
1765688145.288100,953,256
1765688145.290594,954,256
1765688145.293133,955,256
1765688145.294341,956,256
1765688145.296149,957,256
1765688145.299573,958,256
1765688145.300096,959,256
1765688145.300396,960,256
1765688145.301210,961,256
1765688145.308285,962,256
1765688145.309571,963,256
1765688145.310046,964,256
1765688145.311014,965,256
1765688145.311089,966,256
1765688145.311516,967,256
1765688145.319912,968,256
1765688145.320563,969,256
1765688145.323355,970,256
1765688145.326945,971,256
1765688145.328282,972,256
1765688145.330104,973,256
1765688145.332826,974,256
1765688145.336133,975,256
1765688145.339324,976,256
1765688145.340439,977,256
1765688145.343587,978,256
1765688145.344059,979,256
1765688145.344862,980,256
1765688145.345408,981,256
1765688145.348709,982,256
1765688145.349552,983,256
1765688145.352935,984,256
1765688145.353650,985,256
1765688145.355316,986,256
1765688145.355444,987,256
1765688145.356833,988,256
1765688145.358377,989,256
1765688145.361061,990,256
1765688145.361262,991,256
1765688145.362557,992,256
1765688145.364398,993,256
1765688145.366696,994,256
1765688145.368268,995,256
1765688145.368459,996,256
1765688145.369522,997,256
1765688145.369743,998,256
1765688145.373663,999,256
1765688145.374790,1000,256
1765688145.374940,1001,256
1765688145.378870,1002,256
1765688145.387567,1003,256
1765688145.392252,1004,256
1765688145.394205,1005,256
1765688145.396840,1006,256
1765688145.400321,1007,256
1765688145.402083,1008,256
1765688145.402820,1009,256
1765688145.403501,1010,256
1765688145.403831,1011,256
1765688145.404042,1012,256
1765688145.404583,1013,256
1765688145.407814,1014,256
1765688145.409147,1015,256
1765688145.412630,1016,256
1765688145.415120,1017,256
1765688145.419890,1018,256
1765688145.421020,1019,256
1765688145.421798,1020,256
1765688145.424719,1021,256
1765688145.425567,1022,256
1765688145.428124,1023,256
1765688145.428579,1024,256
1765688145.429673,1025,256
1765688145.430045,1026,256
1765688145.430066,1027,256
1765688145.431656,1028,256
1765688145.433081,1029,256
1765688145.434436,1030,256
1765688145.435745,1031,256
1765688145.438866,1032,256
1765688145.440212,1033,256
1765688145.443838,1034,256
1765688145.446431,1035,256
1765688145.447350,1036,256
1765688145.447693,1037,256
1765688145.447888,1038,256
1765688145.448057,1039,256
1765688145.450927,1040,256
1765688145.451562,1041,256
1765688145.452303,1042,256
1765688145.455864,1043,256
1765688145.461954,1044,256
1765688145.462697,1045,256
1765688145.464696,1046,256
1765688145.469653,1047,256
1765688145.471182,1048,256
1765688145.471257,1049,256
1765688145.471271,1050,256
1765688145.472913,1051,256
1765688145.478592,1052,256
1765688145.481791,1053,256
1765688145.482302,1054,256
1765688145.482842,1055,256
1765688145.486840,1056,256
1765688145.487761,1057,256
1765688145.488791,1058,256
1765688145.489343,1059,256
1765688145.490077,1060,256
1765688145.491832,1061,256
1765688145.496955,1062,256
1765688145.496995,1063,256
1765688145.500400,1064,256
1765688145.502050,1065,256
1765688145.507526,1066,256
1765688145.511280,1067,256
1765688145.513170,1068,256
1765688145.516576,1069,256
1765688145.517882,1070,256
1765688145.520862,1071,256
1765688145.521434,1072,256
1765688145.521459,1073,256
1765688145.528179,1074,256
1765688145.528335,1075,256
1765688145.532519,1076,256
1765688145.535169,1077,256
1765688145.539802,1078,256
1765688145.540110,1079,256
1765688145.541115,1080,256
1765688145.541567,1081,256
1765688145.542301,1082,256
1765688145.544419,1083,256
1765688145.547681,1084,256
1765688145.547867,1085,256
1765688145.554859,1086,256
1765688145.556589,1087,256
1765688145.557017,1088,256
1765688145.559782,1089,256
1765688145.561717,1090,256
1765688145.562220,1091,256
1765688145.565564,1092,256
1765688145.565675,1093,256
1765688145.565762,1094,256
1765688145.565838,1095,256
1765688145.567558,1096,256
1765688145.570744,1097,256
1765688145.571300,1098,256
1765688145.572409,1099,256
1765688145.572556,1100,256
1765688145.572949,1101,256
1765688145.576840,1102,256
1765688145.577767,1103,256
1765688145.578934,1104,256
1765688145.579572,1105,256
1765688145.580915,1106,256
1765688145.581184,1107,256
1765688145.581209,1108,256
1765688145.583882,1109,256
1765688145.586118,1110,256
1765688145.586255,1111,256
1765688145.586824,1112,256
1765688145.588419,1113,256
1765688145.592790,1114,256
1765688145.594744,1115,256
1765688145.594932,1116,256
1765688145.599078,1117,256
1765688145.600120,1118,256
1765688145.605772,1119,256
1765688145.611691,1120,256
1765688145.613225,1121,256
1765688145.614517,1122,256
1765688145.615280,1123,256
1765688145.620283,1124,256
1765688145.626507,1125,256
1765688145.628230,1126,256
1765688145.632241,1127,256
1765688145.633191,1128,256
1765688145.637141,1129,256
1765688145.637335,1130,256
1765688145.640333,1131,256
1765688145.644032,1132,256
1765688145.645855,1133,256
1765688145.647972,1134,256
1765688145.650048,1135,256
1765688145.650256,1136,256
1765688145.651604,1137,256
1765688145.653529,1138,256
1765688145.655669,1139,256
1765688145.658965,1140,256
1765688145.659572,1141,256
1765688145.663652,1142,256
1765688145.667983,1143,256
1765688145.668727,1144,256
1765688145.670264,1145,256
1765688145.672833,1146,256
1765688145.673397,1147,256
1765688145.677567,1148,256
1765688145.677651,1149,256
1765688145.680908,1150,256
1765688145.681258,1151,256
1765688145.682746,1152,256
1765688145.683379,1153,256
1765688145.684286,1154,256
1765688145.685151,1155,256
1765688145.686620,1156,256
1765688145.686726,1157,256
1765688145.691088,1158,256
1765688145.691531,1159,256
1765688145.693296,1160,256
1765688145.693767,1161,256
1765688145.693830,1162,256
1765688145.693954,1163,256
1765688145.694398,1164,256
1765688145.697877,1165,256
1765688145.699561,1166,256
1765688145.699779,1167,256
1765688145.701472,1168,256
1765688145.704487,1169,256
1765688145.709091,1170,256
1765688145.709137,1171,256
1765688145.715563,1172,256
1765688145.716831,1173,256
1765688145.717377,1174,256
1765688145.717939,1175,256
1765688145.719417,1176,256
1765688145.720392,1177,256
1765688145.729119,1178,256
1765688145.729583,1179,256
1765688145.734638,1180,256
1765688145.735872,1181,256
1765688145.737713,1182,256
1765688145.738952,1183,256
1765688145.740433,1184,256
1765688145.741574,1185,256
1765688145.742024,1186,256
1765688145.742307,1187,256
1765688145.743159,1188,256
1765688145.744139,1189,256
1765688145.745640,1190,256
1765688145.745992,1191,256
1765688145.749194,1192,256
1765688145.750089,1193,256
1765688145.758096,1194,256
1765688145.758615,1195,256
1765688145.759539,1196,256
1765688145.763765,1197,256
1765688145.765065,1198,256
1765688145.769493,1199,256
1765688145.773946,1200,256
1765688145.775977,1201,256
1765688145.777279,1202,256
1765688145.777327,1203,256
1765688145.777847,1204,256
1765688145.777999,1205,256
1765688145.778569,1206,256
1765688145.780988,1207,256
1765688145.781478,1208,256
1765688145.783819,1209,256
1765688145.785009,1210,256
1765688145.792227,1211,256
1765688145.792298,1212,256
1765688145.793004,1213,256
1765688145.794004,1214,256
1765688145.802571,1215,256
1765688145.803849,1216,256
1765688145.807908,1217,256
1765688145.807988,1218,256
1765688145.810165,1219,256
1765688145.810510,1220,256
1765688145.814564,1221,256
1765688145.816272,1222,256
1765688145.818868,1223,256
1765688145.820843,1224,256
1765688145.822267,1225,256
1765688145.824647,1226,256
1765688145.824707,1227,256
1765688145.826061,1228,256
1765688145.826205,1229,256
1765688145.827149,1230,256
1765688145.829258,1231,256
1765688145.836340,1232,256
1765688145.842325,1233,256
1765688145.842813,1234,256
1765688145.842990,1235,256
1765688145.843091,1236,256
1765688145.847955,1237,256
1765688145.848120,1238,256
1765688145.849127,1239,256
1765688145.853530,1240,256
1765688145.853909,1241,256
1765688145.854540,1242,256
1765688145.855143,1243,256
1765688145.856266,1244,256
1765688145.857045,1245,256
1765688145.860639,1246,256
1765688145.861221,1247,256
1765688145.861479,1248,256
1765688145.865715,1249,256
1765688145.867143,1250,256
1765688145.869121,1251,256
1765688145.870760,1252,256
1765688145.871634,1253,256
1765688145.872999,1254,256
1765688145.877051,1255,256
1765688145.877186,1256,256
1765688145.878674,1257,256
1765688145.881963,1258,256
1765688145.884363,1259,256
1765688145.885025,1260,256
1765688145.889033,1261,256
1765688145.890704,1262,256
1765688145.892052,1263,256
1765688145.894021,1264,256
1765688145.895561,1265,256
1765688145.895600,1266,256
1765688145.897194,1267,256
1765688145.898080,1268,256
1765688145.904183,1269,256
1765688145.906953,1270,256
1765688145.908162,1271,256
1765688145.908474,1272,256
1765688145.911154,1273,256
1765688145.912504,1274,256
1765688145.912860,1275,256
1765688145.915562,1276,256
1765688145.915758,1277,256
1765688145.915790,1278,256
1765688145.920224,1279,256
1765688145.922856,1280,256
1765688145.924182,1281,256
1765688145.925869,1282,256
1765688145.927621,1283,256
1765688145.929590,1284,256
1765688145.930648,1285,256
1765688145.933616,1286,256
1765688145.934211,1287,256
1765688145.935477,1288,256
1765688145.935830,1289,256
1765688145.937242,1290,256
1765688145.937794,1291,256
1765688145.938658,1292,256
1765688145.938711,1293,256
1765688145.940271,1294,256
1765688145.944208,1295,256
1765688145.944565,1296,256
1765688145.947511,1297,256
1765688145.948285,1298,256
1765688145.949642,1299,256
1765688145.950641,1300,256
1765688145.951532,1301,256
1765688145.954365,1302,256
1765688145.961637,1303,256
1765688145.962465,1304,256
1765688145.962770,1305,256
1765688145.962814,1306,256
1765688145.964230,1307,256
1765688145.965263,1308,256
1765688145.967904,1309,256
1765688145.972635,1310,256
1765688145.973070,1311,256
1765688145.975205,1312,256
1765688145.978244,1313,256
1765688145.983569,1314,256
1765688145.984983,1315,256
1765688145.990784,1316,256
1765688145.992582,1317,256
1765688145.997499,1318,256
1765688145.997656,1319,256
1765688145.998348,1320,256
1765688145.999025,1321,256
1765688145.999372,1322,256
1765688145.999562,1323,256
1765688146.000566,1324,256
1765688146.000801,1325,256
1765688146.006088,1326,256
1765688146.007567,1327,256
1765688146.008061,1328,256
1765688146.016271,1329,256
1765688146.017055,1330,256
1765688146.019068,1331,256
1765688146.020318,1332,256
1765688146.020447,1333,256
1765688146.021024,1334,256
1765688146.023958,1335,256
1765688146.028989,1336,256
1765688146.029882,1337,256
1765688146.031475,1338,256
1765688146.031629,1339,256
1765688146.032260,1340,256
1765688146.036253,1341,256
1765688146.047875,1342,256
1765688146.048862,1343,256
1765688146.049085,1344,256
1765688146.049852,1345,256
1765688146.053466,1346,256
1765688146.054133,1347,256
1765688146.055947,1348,256
1765688146.057083,1349,256
1765688146.059753,1350,256
1765688146.060455,1351,256
1765688146.062368,1352,256
1765688146.062538,1353,256
1765688146.064232,1354,256
1765688146.065296,1355,256
1765688146.065783,1356,256
1765688146.066098,1357,256
1765688146.067495,1358,256
1765688146.070299,1359,256
1765688146.072325,1360,256
1765688146.072817,1361,256
1765688146.079086,1362,256
1765688146.080844,1363,256
1765688146.080940,1364,256
1765688146.082377,1365,256
1765688146.082569,1366,256
1765688146.092191,1367,256
1765688146.093281,1368,256
1765688146.095321,1369,256
1765688146.095767,1370,256
1765688146.099269,1371,256
1765688146.100101,1372,256
1765688146.103256,1373,256
1765688146.106170,1374,256
1765688146.109257,1375,256
1765688146.112175,1376,256
1765688146.112775,1377,256
1765688146.117776,1378,256
1765688146.118617,1379,256
1765688146.123029,1380,256
1765688146.125134,1381,256
1765688146.127141,1382,256
1765688146.132574,1383,256
1765688146.132678,1384,256
1765688146.135293,1385,256
1765688146.139419,1386,256
1765688146.141721,1387,256
1765688146.143899,1388,256
1765688146.144493,1389,256
1765688146.147112,1390,256
1765688146.147259,1391,256
1765688146.147677,1392,256
1765688146.155071,1393,256
1765688146.158579,1394,256
1765688146.160335,1395,256
1765688146.160931,1396,256
1765688146.161389,1397,256
1765688146.165534,1398,256
1765688146.171616,1399,256
1765688146.174258,1400,256
1765688146.176037,1401,256
1765688146.177015,1402,256
1765688146.179055,1403,256
1765688146.180157,1404,256
1765688146.180449,1405,256
1765688146.183408,1406,256
1765688146.185151,1407,256
1765688146.185657,1408,256
1765688146.186122,1409,256
1765688146.187061,1410,256
1765688146.187593,1411,256
1765688146.189798,1412,256
1765688146.191775,1413,256
1765688146.192014,1414,256
1765688146.194989,1415,256
1765688146.197881,1416,256
1765688146.200403,1417,256
1765688146.200898,1418,256
1765688146.201795,1419,256
1765688146.206505,1420,256
1765688146.206805,1421,256
1765688146.206936,1422,256
1765688146.207397,1423,256
1765688146.208050,1424,256
1765688146.209602,1425,256
1765688146.212740,1426,256
1765688146.215212,1427,256
1765688146.215440,1428,256
1765688146.216455,1429,256
1765688146.218341,1430,256
1765688146.221695,1431,256
1765688146.222391,1432,256
1765688146.223780,1433,256
1765688146.224820,1434,256
1765688146.225009,1435,256
1765688146.228876,1436,256
1765688146.235077,1437,256
1765688146.236642,1438,256
1765688146.238638,1439,256
1765688146.239313,1440,256
1765688146.240737,1441,256
1765688146.240980,1442,256
1765688146.242571,1443,256
1765688146.243101,1444,256
1765688146.245307,1445,256
1765688146.247986,1446,256
1765688146.251321,1447,256
1765688146.251746,1448,256
1765688146.251821,1449,256
1765688146.251860,1450,256
1765688146.253828,1451,256
1765688146.257893,1452,256
1765688146.258098,1453,256
1765688146.259514,1454,256
1765688146.261374,1455,256
1765688146.261723,1456,256
1765688146.263089,1457,256
1765688146.263557,1458,256
1765688146.263909,1459,256
1765688146.264739,1460,256
1765688146.266618,1461,256
1765688146.269760,1462,256
1765688146.273800,1463,256
1765688146.275609,1464,256
1765688146.275722,1465,256
1765688146.275772,1466,256
1765688146.276477,1467,256
1765688146.276974,1468,256
1765688146.277038,1469,256
1765688146.277079,1470,256
1765688146.279028,1471,256
1765688146.280370,1472,256
1765688146.280563,1473,256
1765688146.281509,1474,256
1765688146.283802,1475,256
1765688146.286008,1476,256
1765688146.290083,1477,256
1765688146.290220,1478,256
1765688146.291251,1479,256
1765688146.295427,1480,256
1765688146.299566,1481,256
1765688146.302064,1482,256
1765688146.302173,1483,256
1765688146.306094,1484,256
1765688146.309249,1485,256
1765688146.309581,1486,256
1765688146.311812,1487,256
1765688146.311949,1488,256
1765688146.313761,1489,256
1765688146.314801,1490,256
1765688146.315174,1491,256
1765688146.315352,1492,256
1765688146.317782,1493,256
1765688146.318743,1494,256
1765688146.321948,1495,256
1765688146.322433,1496,256
1765688146.322562,1497,256
1765688146.323981,1498,256
1765688146.325195,1499,256
1765688146.326390,1500,256
1765688146.330875,1501,256
1765688146.332579,1502,256
1765688146.332903,1503,256
1765688146.333072,1504,256
1765688146.333087,1505,256
1765688146.334354,1506,256
1765688146.335253,1507,256
1765688146.335284,1508,256
1765688146.340410,1509,256
1765688146.342779,1510,256
1765688146.344820,1511,256
1765688146.345363,1512,256
1765688146.349770,1513,256
1765688146.350847,1514,256
1765688146.351683,1515,256
1765688146.352140,1516,256
1765688146.356720,1517,256
1765688146.360650,1518,256
1765688146.361586,1519,256
1765688146.362711,1520,256
1765688146.364112,1521,256
1765688146.365273,1522,256
1765688146.366753,1523,256
1765688146.366884,1524,256
1765688146.367951,1525,256
1765688146.368383,1526,256
1765688146.368526,1527,256
1765688146.369385,1528,256
1765688146.375774,1529,256
1765688146.382623,1530,256
1765688146.383689,1531,256
1765688146.385941,1532,256
1765688146.386689,1533,256
1765688146.386906,1534,256
1765688146.389819,1535,256
1765688146.390378,1536,256
1765688146.391236,1537,256
1765688146.396349,1538,256
1765688146.397567,1539,256
1765688146.399140,1540,256
1765688146.399937,1541,256
1765688146.401126,1542,256
1765688146.401401,1543,256
1765688146.405029,1544,256
1765688146.407135,1545,256
1765688146.407246,1546,256
1765688146.408135,1547,256
1765688146.411012,1548,256
1765688146.411201,1549,256
1765688146.420257,1550,256
1765688146.424792,1551,256
1765688146.427320,1552,256
1765688146.428629,1553,256
1765688146.432670,1554,256
1765688146.432970,1555,256
1765688146.437542,1556,256
1765688146.437673,1557,256
1765688146.439378,1558,256
1765688146.445451,1559,256
1765688146.447117,1560,256
1765688146.447759,1561,256
1765688146.463003,1562,256
1765688146.465194,1563,256
1765688146.468041,1564,256
1765688146.472209,1565,256
1765688146.473584,1566,256
1765688146.475688,1567,256
1765688146.480229,1568,256
1765688146.481495,1569,256
1765688146.482353,1570,256
1765688146.486432,1571,256
1765688146.486632,1572,256
1765688146.494754,1573,256
1765688146.495792,1574,256
1765688146.497397,1575,256
1765688146.508301,1576,256
1765688146.508484,1577,256
1765688146.508532,1578,256
1765688146.508613,1579,256
1765688146.508658,1580,256
1765688146.508695,1581,256
1765688146.508731,1582,256
1765688146.508767,1583,256
1765688146.509664,1584,256
1765688146.513699,1585,256
1765688146.514134,1586,256
1765688146.516616,1587,256
1765688146.520698,1588,256
1765688146.522094,1589,256
1765688146.523152,1590,256
1765688146.523306,1591,256
1765688146.527122,1592,256
1765688146.530791,1593,256
1765688146.531558,1594,256
1765688146.533141,1595,256
1765688146.533319,1596,256
1765688146.538579,1597,256
1765688146.541973,1598,256
1765688146.543419,1599,256
1765688146.544056,1600,256
1765688146.546220,1601,256
1765688146.546265,1602,256
1765688146.546570,1603,256
1765688146.546732,1604,256
1765688146.547966,1605,256
1765688146.548563,1606,256
1765688146.550456,1607,256
1765688146.552000,1608,256
1765688146.552526,1609,256
1765688146.552605,1610,256
1765688146.553663,1611,256
1765688146.553828,1612,256
1765688146.554133,1613,256
1765688146.554191,1614,256
1765688146.556365,1615,256
1765688146.557217,1616,256
1765688146.557917,1617,256
1765688146.561741,1618,256
1765688146.565719,1619,256
1765688146.566296,1620,256
1765688146.568743,1621,256
1765688146.568895,1622,256
1765688146.569075,1623,256
1765688146.573245,1624,256
1765688146.577072,1625,256
1765688146.580649,1626,256
1765688146.581649,1627,256
1765688146.582618,1628,256
1765688146.582720,1629,256
1765688146.583488,1630,256
1765688146.583763,1631,256
1765688146.584478,1632,256
1765688146.587014,1633,256
1765688146.587917,1634,256
1765688146.590684,1635,256
1765688146.590976,1636,256
1765688146.592695,1637,256
1765688146.599563,1638,256
1765688146.602648,1639,256
1765688146.602733,1640,256
1765688146.603503,1641,256
1765688146.604232,1642,256
1765688146.604462,1643,256
1765688146.605487,1644,256
1765688146.605759,1645,256
1765688146.606725,1646,256
1765688146.607359,1647,256
1765688146.609654,1648,256
1765688146.610725,1649,256
1765688146.615050,1650,256
1765688146.619848,1651,256
1765688146.621248,1652,256
1765688146.624394,1653,256
1765688146.627112,1654,256
1765688146.627689,1655,256
1765688146.627920,1656,256
1765688146.629466,1657,256
1765688146.637373,1658,256
1765688146.638842,1659,256
1765688146.640676,1660,256
1765688146.640870,1661,256
1765688146.643836,1662,256
1765688146.645344,1663,256
1765688146.651407,1664,256
1765688146.652906,1665,256
1765688146.654725,1666,256
1765688146.654856,1667,256
1765688146.655619,1668,256
1765688146.656071,1669,256
1765688146.660019,1670,256
1765688146.660869,1671,256
1765688146.662035,1672,256
1765688146.662681,1673,256
1765688146.669875,1674,256
1765688146.672950,1675,256
1765688146.674019,1676,256
1765688146.676971,1677,256
1765688146.678421,1678,256
1765688146.678577,1679,256
1765688146.680826,1680,256
1765688146.682362,1681,256
1765688146.682561,1682,256
1765688146.687787,1683,256
1765688146.691182,1684,256
1765688146.691954,1685,256
1765688146.692488,1686,256
1765688146.693535,1687,256
1765688146.695733,1688,256
1765688146.696595,1689,256
1765688146.698318,1690,256
1765688146.706454,1691,256
1765688146.713294,1692,256
1765688146.713735,1693,256
1765688146.714929,1694,256
1765688146.718527,1695,256
1765688146.724863,1696,256
1765688146.727847,1697,256
1765688146.730597,1698,256
1765688146.733676,1699,256
1765688146.735031,1700,256
1765688146.737198,1701,256
1765688146.738075,1702,256
1765688146.738953,1703,256
1765688146.740219,1704,256
1765688146.741582,1705,256
1765688146.748109,1706,256
1765688146.748689,1707,256
1765688146.749717,1708,256
1765688146.751631,1709,256
1765688146.752880,1710,256
1765688146.754674,1711,256
1765688146.755215,1712,256
1765688146.759086,1713,256
1765688146.759259,1714,256
1765688146.759470,1715,256
1765688146.759508,1716,256
1765688146.764099,1717,256
1765688146.764211,1718,256
1765688146.767603,1719,256
1765688146.768529,1720,256
1765688146.772030,1721,256
1765688146.773111,1722,256
1765688146.775540,1723,256
1765688146.776563,1724,256
1765688146.784569,1725,256
1765688146.784975,1726,256
1765688146.785760,1727,256
1765688146.786971,1728,256
1765688146.789225,1729,256
1765688146.793647,1730,256
1765688146.804919,1731,256
1765688146.805036,1732,256
1765688146.805229,1733,256
1765688146.808904,1734,256
1765688146.809572,1735,256
1765688146.812807,1736,256
1765688146.814024,1737,256
1765688146.815782,1738,256
1765688146.821214,1739,256
1765688146.826095,1740,256
1765688146.828339,1741,256
1765688146.836238,1742,256
1765688146.837339,1743,256
1765688146.837404,1744,256
1765688146.840939,1745,256
1765688146.842422,1746,256
1765688146.847838,1747,256
1765688146.856217,1748,256
1765688146.857229,1749,256
1765688146.858261,1750,256
1765688146.862168,1751,256
1765688146.862515,1752,256
1765688146.863590,1753,256
1765688146.864450,1754,256
1765688146.867386,1755,256
1765688146.870483,1756,256
1765688146.879470,1757,256
1765688146.880435,1758,256
1765688146.881056,1759,256
1765688146.883824,1760,256
1765688146.888514,1761,256
1765688146.889965,1762,256
1765688146.896610,1763,256
1765688146.896964,1764,256
1765688146.897744,1765,256
1765688146.900695,1766,256
1765688146.902025,1767,256
1765688146.902480,1768,256
1765688146.906685,1769,256
1765688146.912114,1770,256
1765688146.913039,1771,256
1765688146.917995,1772,256
1765688146.922805,1773,256
1765688146.923950,1774,256
1765688146.924387,1775,256
1765688146.926276,1776,256
1765688146.928895,1777,256
1765688146.931016,1778,256
1765688146.931108,1779,256
1765688146.934176,1780,256
1765688146.935956,1781,256
1765688146.938065,1782,256
1765688146.939053,1783,256
1765688146.939250,1784,256
1765688146.947202,1785,256
1765688146.948663,1786,256
1765688146.949266,1787,256
1765688146.951679,1788,256
1765688146.954061,1789,256
1765688146.954100,1790,256
1765688146.954872,1791,256
1765688146.955825,1792,256
1765688146.956526,1793,256
1765688146.959346,1794,256
1765688146.961803,1795,256
1765688146.962738,1796,256
1765688146.963665,1797,256
1765688146.965712,1798,256
1765688146.969918,1799,256
1765688146.969958,1800,256
1765688146.974013,1801,256
1765688146.974365,1802,256
1765688146.975347,1803,256
1765688146.976836,1804,256
1765688146.978179,1805,256
1765688146.980516,1806,256
1765688146.981941,1807,256
1765688146.982970,1808,256
1765688146.983566,1809,256
1765688146.983625,1810,256
1765688146.985802,1811,256
1765688146.987030,1812,256
1765688146.988472,1813,256
1765688146.993585,1814,256
1765688146.993910,1815,256
1765688146.994395,1816,256
1765688146.996309,1817,256
1765688146.996972,1818,256
1765688146.997017,1819,256
1765688146.998496,1820,256
1765688147.000597,1821,256
1765688147.007367,1822,256
1765688147.008040,1823,256
1765688147.009297,1824,256
1765688147.009742,1825,256
1765688147.013375,1826,256
1765688147.013729,1827,256
1765688147.015449,1828,256
1765688147.016116,1829,256
1765688147.017091,1830,256
1765688147.018143,1831,256
1765688147.019252,1832,256
1765688147.020084,1833,256
1765688147.022413,1834,256
1765688147.023618,1835,256
1765688147.023901,1836,256
1765688147.025274,1837,256
1765688147.026420,1838,256
1765688147.029044,1839,256
1765688147.031479,1840,256
1765688147.033414,1841,256
1765688147.034253,1842,256
1765688147.036302,1843,256
1765688147.037300,1844,256
1765688147.038391,1845,256
1765688147.038931,1846,256
1765688147.039460,1847,256
1765688147.039696,1848,256
1765688147.044234,1849,256
1765688147.046483,1850,256
1765688147.051620,1851,256
1765688147.053462,1852,256
1765688147.054284,1853,256
1765688147.055026,1854,256
1765688147.055970,1855,256
1765688147.056006,1856,256
1765688147.056029,1857,256
1765688147.056638,1858,256
1765688147.061079,1859,256
1765688147.061379,1860,256
1765688147.063212,1861,256
1765688147.066713,1862,256
1765688147.067752,1863,256
1765688147.067827,1864,256
1765688147.069754,1865,256
1765688147.073481,1866,256
1765688147.075421,1867,256
1765688147.079857,1868,256
1765688147.083417,1869,256
1765688147.085847,1870,256
1765688147.086360,1871,256
1765688147.087074,1872,256
1765688147.087761,1873,256
1765688147.088449,1874,256
1765688147.091972,1875,256
1765688147.092817,1876,256
1765688147.097219,1877,256
1765688147.099989,1878,256
1765688147.101557,1879,256
1765688147.102164,1880,256
1765688147.108591,1881,256
1765688147.109771,1882,256
1765688147.109799,1883,256
1765688147.110409,1884,256
1765688147.110554,1885,256
1765688147.115205,1886,256
1765688147.116294,1887,256
1765688147.121639,1888,256
1765688147.121842,1889,256
1765688147.121864,1890,256
1765688147.122194,1891,256
1765688147.125817,1892,256
1765688147.130959,1893,256
1765688147.133342,1894,256
1765688147.134779,1895,256
1765688147.137047,1896,256
1765688147.138052,1897,256
1765688147.144045,1898,256
1765688147.145090,1899,256
1765688147.146004,1900,256
1765688147.162022,1901,256
1765688147.164427,1902,256
1765688147.165739,1903,256
1765688147.169066,1904,256
1765688147.171394,1905,256
1765688147.171705,1906,256
1765688147.172668,1907,256
1765688147.178577,1908,256
1765688147.179383,1909,256
1765688147.185105,1910,256
1765688147.185898,1911,256
1765688147.187652,1912,256
1765688147.188832,1913,256
1765688147.188875,1914,256
1765688147.189691,1915,256
1765688147.190095,1916,256
1765688147.190742,1917,256
1765688147.191479,1918,256
1765688147.192686,1919,256
1765688147.194805,1920,256
1765688147.195626,1921,256
1765688147.196274,1922,256
1765688147.197410,1923,256
1765688147.198870,1924,256
1765688147.200581,1925,256
1765688147.205046,1926,256
1765688147.207284,1927,256
1765688147.207653,1928,256
1765688147.209672,1929,256
1765688147.210834,1930,256
1765688147.211318,1931,256
1765688147.213386,1932,256
1765688147.216395,1933,256
1765688147.216559,1934,256
1765688147.219749,1935,256
1765688147.220616,1936,256
1765688147.220870,1937,256
1765688147.221004,1938,256
1765688147.221856,1939,256
1765688147.224673,1940,256
1765688147.225474,1941,256
1765688147.227443,1942,256
1765688147.228030,1943,256
1765688147.228357,1944,256
1765688147.228471,1945,256
1765688147.228842,1946,256
1765688147.229799,1947,256
1765688147.235223,1948,256
1765688147.235893,1949,256
1765688147.235928,1950,256
1765688147.236109,1951,256
1765688147.240390,1952,256
1765688147.240455,1953,256
1765688147.240469,1954,256
1765688147.243633,1955,256
1765688147.251205,1956,256
1765688147.254639,1957,256
1765688147.255382,1958,256
1765688147.256894,1959,256
1765688147.262680,1960,256
1765688147.262757,1961,256
1765688147.267332,1962,256
1765688147.269245,1963,256
1765688147.270958,1964,256
1765688147.271029,1965,256
1765688147.271682,1966,256
1765688147.273079,1967,256
1765688147.273978,1968,256
1765688147.275117,1969,256
1765688147.277617,1970,256
1765688147.278252,1971,256
1765688147.279169,1972,256
1765688147.279271,1973,256
1765688147.279298,1974,256
1765688147.282723,1975,256
1765688147.282796,1976,256
1765688147.283895,1977,256
1765688147.284911,1978,256
1765688147.285621,1979,256
1765688147.286800,1980,256
1765688147.287315,1981,256
1765688147.287905,1982,256
1765688147.290143,1983,256
1765688147.298395,1984,256
1765688147.299232,1985,256
1765688147.301871,1986,256
1765688147.305279,1987,256
1765688147.309060,1988,256
1765688147.309747,1989,256
1765688147.309782,1990,256
1765688147.309916,1991,256
1765688147.311268,1992,256
1765688147.314123,1993,256
1765688147.315600,1994,256
1765688147.317108,1995,256
1765688147.318566,1996,256
1765688147.323024,1997,256
1765688147.325349,1998,256
1765688147.325773,1999,256
1765688147.330538,2000,256
1765688147.338032,2001,256
1765688147.338177,2002,256
1765688147.339814,2003,256
1765688147.340537,2004,256
1765688147.340848,2005,256
1765688147.341470,2006,256
1765688147.343833,2007,256
1765688147.345171,2008,256
1765688147.345216,2009,256
1765688147.346459,2010,256
1765688147.351066,2011,256
1765688147.361131,2012,256
1765688147.361675,2013,256
1765688147.362497,2014,256
1765688147.366639,2015,256
1765688147.368038,2016,256
1765688147.369875,2017,256
1765688147.370321,2018,256
1765688147.373575,2019,256
1765688147.375026,2020,256
1765688147.375166,2021,256
1765688147.380645,2022,256
1765688147.381721,2023,256
1765688147.383515,2024,256
1765688147.384386,2025,256
1765688147.387008,2026,256
1765688147.388534,2027,256
1765688147.394683,2028,256
1765688147.395377,2029,256
1765688147.397227,2030,256
1765688147.398391,2031,256
1765688147.398953,2032,256
1765688147.402714,2033,256
1765688147.403806,2034,256
1765688147.404296,2035,256
1765688147.404979,2036,256
1765688147.407162,2037,256
1765688147.409471,2038,256
1765688147.414296,2039,256
1765688147.416216,2040,256
1765688147.418107,2041,256
1765688147.418343,2042,256
1765688147.419740,2043,256
1765688147.420649,2044,256
1765688147.422463,2045,256
1765688147.423391,2046,256
1765688147.425541,2047,256
1765688147.426062,2048,256
1765688147.427125,2049,256
1765688147.429787,2050,256
1765688147.432081,2051,256
1765688147.433801,2052,256
1765688147.437798,2053,256
1765688147.441134,2054,256
1765688147.442117,2055,256
1765688147.443184,2056,256
1765688147.443228,2057,256
1765688147.443869,2058,256
1765688147.444817,2059,256
1765688147.446003,2060,256
1765688147.446080,2061,256
1765688147.446816,2062,256
1765688147.446879,2063,256
1765688147.447142,2064,256
1765688147.449966,2065,256
1765688147.453756,2066,256
1765688147.453831,2067,256
1765688147.457984,2068,256
1765688147.459278,2069,256
1765688147.459513,2070,256
1765688147.459599,2071,256
1765688147.460825,2072,256
1765688147.462142,2073,256
1765688147.465446,2074,256
1765688147.467753,2075,256
1765688147.469418,2076,256
1765688147.469487,2077,256
1765688147.469995,2078,256
1765688147.472337,2079,256
1765688147.473534,2080,256
1765688147.475589,2081,256
1765688147.475833,2082,256
1765688147.477806,2083,256
1765688147.478886,2084,256
1765688147.479242,2085,256
1765688147.479267,2086,256
1765688147.479963,2087,256
1765688147.483706,2088,256
1765688147.484445,2089,256
1765688147.485778,2090,256
1765688147.486931,2091,256
1765688147.487027,2092,256
1765688147.487044,2093,256
1765688147.487555,2094,256
1765688147.490136,2095,256
1765688147.491394,2096,256
1765688147.493059,2097,256
1765688147.500573,2098,256
1765688147.503078,2099,256
1765688147.503140,2100,256
1765688147.506189,2101,256
1765688147.511364,2102,256
1765688147.514803,2103,256
1765688147.515901,2104,256
1765688147.516231,2105,256
1765688147.520912,2106,256
1765688147.521197,2107,256
1765688147.522896,2108,256
1765688147.524562,2109,256
1765688147.525078,2110,256
1765688147.527075,2111,256
1765688147.527836,2112,256
1765688147.528475,2113,256
1765688147.532371,2114,256
1765688147.533188,2115,256
1765688147.534361,2116,256
1765688147.537757,2117,256
1765688147.541940,2118,256
1765688147.542582,2119,256
1765688147.545593,2120,256
1765688147.547462,2121,256
1765688147.551425,2122,256
1765688147.554014,2123,256
1765688147.559032,2124,256
1765688147.565500,2125,256
1765688147.566783,2126,256
1765688147.572937,2127,256
1765688147.576935,2128,256
1765688147.579392,2129,256
1765688147.580956,2130,256
1765688147.583652,2131,256
1765688147.585976,2132,256
1765688147.587038,2133,256
1765688147.587380,2134,256
1765688147.589701,2135,256
1765688147.590285,2136,256
1765688147.591398,2137,256
1765688147.591419,2138,256
1765688147.595356,2139,256
1765688147.599317,2140,256
1765688147.601984,2141,256
1765688147.602240,2142,256
1765688147.604004,2143,256
1765688147.606261,2144,256
1765688147.606291,2145,256
1765688147.606760,2146,256
1765688147.608761,2147,256
1765688147.610740,2148,256
1765688147.612121,2149,256
1765688147.614489,2150,256
1765688147.616558,2151,256
1765688147.616765,2152,256
1765688147.619085,2153,256
1765688147.619560,2154,256
1765688147.619842,2155,256
1765688147.621803,2156,256
1765688147.621989,2157,256
1765688147.622964,2158,256
1765688147.624106,2159,256
1765688147.624621,2160,256
1765688147.624982,2161,256
1765688147.626715,2162,256
1765688147.627105,2163,256
1765688147.628265,2164,256
1765688147.628639,2165,256
1765688147.629838,2166,256
1765688147.630242,2167,256
1765688147.630343,2168,256
1765688147.630833,2169,256
1765688147.634140,2170,256
1765688147.635684,2171,256
1765688147.637877,2172,256
1765688147.639335,2173,256
1765688147.641369,2174,256
1765688147.642749,2175,256
1765688147.644303,2176,256
1765688147.645836,2177,256
1765688147.646024,2178,256
1765688147.648021,2179,256
1765688147.649899,2180,256
1765688147.654762,2181,256
1765688147.654984,2182,256
1765688147.655461,2183,256
1765688147.656981,2184,256
1765688147.657206,2185,256
1765688147.657654,2186,256
1765688147.660207,2187,256
1765688147.661616,2188,256
1765688147.668952,2189,256
1765688147.671770,2190,256
1765688147.673241,2191,256
1765688147.678945,2192,256
1765688147.680206,2193,256
1765688147.685572,2194,256
1765688147.687334,2195,256
1765688147.687368,2196,256
1765688147.689384,2197,256
1765688147.694809,2198,256
1765688147.697622,2199,256
1765688147.700275,2200,256
1765688147.702360,2201,256
1765688147.709639,2202,256
1765688147.710132,2203,256
1765688147.710423,2204,256
1765688147.711283,2205,256
1765688147.718144,2206,256
1765688147.718167,2207,256
1765688147.723141,2208,256
1765688147.724689,2209,256
1765688147.729676,2210,256
1765688147.730378,2211,256
1765688147.731470,2212,256
1765688147.733346,2213,256
1765688147.733754,2214,256
1765688147.734226,2215,256
1765688147.735130,2216,256
1765688147.736715,2217,256
1765688147.739171,2218,256
1765688147.740250,2219,256
1765688147.740284,2220,256
1765688147.740765,2221,256
1765688147.744033,2222,256
1765688147.745378,2223,256
1765688147.745816,2224,256
1765688147.747484,2225,256
1765688147.749861,2226,256
1765688147.751557,2227,256
1765688147.754562,2228,256
1765688147.754608,2229,256
1765688147.756646,2230,256
1765688147.756668,2231,256
1765688147.760970,2232,256
1765688147.763565,2233,256
1765688147.764208,2234,256
1765688147.766207,2235,256
1765688147.767904,2236,256
1765688147.771518,2237,256
1765688147.771658,2238,256
1765688147.778236,2239,256
1765688147.778560,2240,256
1765688147.778926,2241,256
1765688147.788596,2242,256
1765688147.789691,2243,256
1765688147.790256,2244,256
1765688147.790697,2245,256
1765688147.794041,2246,256
1765688147.794368,2247,256
1765688147.796723,2248,256
1765688147.797194,2249,256
1765688147.799691,2250,256
1765688147.802726,2251,256
1765688147.806412,2252,256
1765688147.806873,2253,256
1765688147.814641,2254,256
1765688147.816220,2255,256
1765688147.829732,2256,256
1765688147.831810,2257,256
1765688147.838023,2258,256
1765688147.840868,2259,256
1765688147.844009,2260,256
1765688147.850008,2261,256
1765688147.853141,2262,256
1765688147.853261,2263,256
1765688147.854388,2264,256
1765688147.855680,2265,256
1765688147.859305,2266,256
1765688147.864344,2267,256
1765688147.869338,2268,256
1765688147.870113,2269,256
1765688147.870158,2270,256
1765688147.871138,2271,256
1765688147.872305,2272,256
1765688147.875008,2273,256
1765688147.876015,2274,256
1765688147.877123,2275,256
1765688147.880433,2276,256
1765688147.885320,2277,256
1765688147.888847,2278,256
1765688147.892573,2279,256
1765688147.897458,2280,256
1765688147.898839,2281,256
1765688147.902046,2282,256
1765688147.902497,2283,256
1765688147.906555,2284,256
1765688147.907142,2285,256
1765688147.907553,2286,256
1765688147.907890,2287,256
1765688147.910382,2288,256
1765688147.912995,2289,256
1765688147.915442,2290,256
1765688147.916090,2291,256
1765688147.916837,2292,256
1765688147.921202,2293,256
1765688147.921537,2294,256
1765688147.924416,2295,256
1765688147.926883,2296,256
1765688147.937953,2297,256
1765688147.939963,2298,256
1765688147.946171,2299,256
1765688147.946898,2300,256
1765688147.948578,2301,256
1765688147.954363,2302,256
1765688147.955054,2303,256
1765688147.956664,2304,256
1765688147.958264,2305,256
1765688147.960263,2306,256
1765688147.963190,2307,256
1765688147.965695,2308,256
1765688147.966487,2309,256
1765688147.967889,2310,256
1765688147.976336,2311,256
1765688147.979212,2312,256
1765688147.979306,2313,256
1765688147.981072,2314,256
1765688147.988946,2315,256
1765688147.989115,2316,256
1765688147.989884,2317,256
1765688147.993792,2318,256
1765688147.995144,2319,256
1765688147.995667,2320,256
1765688147.996005,2321,256
1765688147.998351,2322,256
1765688148.000569,2323,256
1765688148.000700,2324,256
1765688148.003946,2325,256
1765688148.004564,2326,256
1765688148.004895,2327,256
1765688148.012042,2328,256
1765688148.012304,2329,256
1765688148.012872,2330,256
1765688148.012962,2331,256
1765688148.015768,2332,256
1765688148.022656,2333,256
1765688148.022892,2334,256
1765688148.028527,2335,256
1765688148.035684,2336,256
1765688148.037491,2337,256
1765688148.042599,2338,256
1765688148.043585,2339,256
1765688148.044068,2340,256
1765688148.045094,2341,256
1765688148.051963,2342,256
1765688148.052542,2343,256
1765688148.054929,2344,256
1765688148.056793,2345,256
1765688148.061110,2346,256
1765688148.061329,2347,256
1765688148.066645,2348,256
1765688148.068167,2349,256
1765688148.072278,2350,256
1765688148.074581,2351,256
1765688148.076952,2352,256
1765688148.082137,2353,256
1765688148.082787,2354,256
1765688148.083561,2355,256
1765688148.085773,2356,256
1765688148.091889,2357,256
1765688148.096096,2358,256
1765688148.096576,2359,256
1765688148.097914,2360,256
1765688148.102316,2361,256
1765688148.105608,2362,256
1765688148.106096,2363,256
1765688148.106132,2364,256
1765688148.108078,2365,256
1765688148.108642,2366,256
1765688148.117658,2367,256
1765688148.120801,2368,256
1765688148.121562,2369,256
1765688148.122394,2370,256
1765688148.123347,2371,256
1765688148.124416,2372,256
1765688148.125652,2373,256
1765688148.126117,2374,256
1765688148.127877,2375,256
1765688148.129562,2376,256
1765688148.130873,2377,256
1765688148.133786,2378,256
1765688148.135273,2379,256
1765688148.136436,2380,256
1765688148.136534,2381,256
1765688148.137625,2382,256
1765688148.137949,2383,256
1765688148.138252,2384,256
1765688148.141571,2385,256
1765688148.141618,2386,256
1765688148.143568,2387,256
1765688148.145458,2388,256
1765688148.147745,2389,256
1765688148.148560,2390,256
1765688148.150907,2391,256
1765688148.159044,2392,256
1765688148.163356,2393,256
1765688148.163404,2394,256
1765688148.165113,2395,256
1765688148.166055,2396,256
1765688148.167052,2397,256
1765688148.174640,2398,256
1765688148.177512,2399,256
1765688148.178488,2400,256
1765688148.179759,2401,256
1765688148.180192,2402,256
1765688148.181714,2403,256
1765688148.182167,2404,256
1765688148.183498,2405,256
1765688148.184559,2406,256
1765688148.187893,2407,256
1765688148.189566,2408,256
1765688148.189627,2409,256
1765688148.190474,2410,256
1765688148.191101,2411,256
1765688148.193268,2412,256
1765688148.193368,2413,256
1765688148.193418,2414,256
1765688148.193843,2415,256
1765688148.194946,2416,256
1765688148.198474,2417,256
1765688148.199717,2418,256
1765688148.199906,2419,256
1765688148.203501,2420,256
1765688148.203631,2421,256
1765688148.204614,2422,256
1765688148.204947,2423,256
1765688148.205003,2424,256
1765688148.205237,2425,256
1765688148.205629,2426,256
1765688148.207600,2427,256
1765688148.207802,2428,256
1765688148.212491,2429,256
1765688148.212925,2430,256
1765688148.214173,2431,256
1765688148.214946,2432,256
1765688148.215819,2433,256
1765688148.216743,2434,256
1765688148.217329,2435,256
1765688148.217828,2436,256
1765688148.220357,2437,256
1765688148.222655,2438,256
1765688148.225392,2439,256
1765688148.227385,2440,256
1765688148.227433,2441,256
1765688148.228774,2442,256
1765688148.231277,2443,256
1765688148.234163,2444,256
1765688148.234684,2445,256
1765688148.236778,2446,256
1765688148.237529,2447,256
1765688148.242571,2448,256
1765688148.244808,2449,256
1765688148.247661,2450,256
1765688148.248253,2451,256
1765688148.249239,2452,256
1765688148.250210,2453,256
1765688148.250514,2454,256
1765688148.253910,2455,256
1765688148.262856,2456,256
1765688148.262973,2457,256
1765688148.263581,2458,256
1765688148.264659,2459,256
1765688148.265356,2460,256
1765688148.266447,2461,256
1765688148.266782,2462,256
1765688148.270566,2463,256
1765688148.275493,2464,256
1765688148.276933,2465,256
1765688148.281150,2466,256
1765688148.281798,2467,256
1765688148.282522,2468,256
1765688148.282951,2469,256
1765688148.283133,2470,256
1765688148.286726,2471,256
1765688148.288145,2472,256
1765688148.290011,2473,256
1765688148.290436,2474,256
1765688148.295260,2475,256
1765688148.296176,2476,256
1765688148.297096,2477,256
1765688148.298363,2478,256
1765688148.298691,2479,256
1765688148.299263,2480,256
1765688148.300780,2481,256
1765688148.305076,2482,256
1765688148.305897,2483,256
1765688148.305949,2484,256
1765688148.309184,2485,256
1765688148.309219,2486,256
1765688148.310010,2487,256
1765688148.310234,2488,256
1765688148.311725,2489,256
1765688148.313036,2490,256
1765688148.313848,2491,256
1765688148.318190,2492,256
1765688148.320732,2493,256
1765688148.321574,2494,256
1765688148.322404,2495,256
1765688148.326149,2496,256
1765688148.326266,2497,256
1765688148.326355,2498,256
1765688148.328993,2499,256
1765688148.331032,2500,256
1765688148.331542,2501,256
1765688148.332819,2502,256
1765688148.337573,2503,256
1765688148.339485,2504,256
1765688148.346301,2505,256
1765688148.349452,2506,256
1765688148.351735,2507,256
1765688148.355370,2508,256
1765688148.355483,2509,256
1765688148.358311,2510,256
1765688148.359692,2511,256
1765688148.360001,2512,256
1765688148.362083,2513,256
1765688148.363056,2514,256
1765688148.363415,2515,256
1765688148.363435,2516,256
1765688148.366169,2517,256
1765688148.369254,2518,256
1765688148.377705,2519,256
1765688148.377799,2520,256
1765688148.378094,2521,256
1765688148.380263,2522,256
1765688148.381027,2523,256
1765688148.381654,2524,256
1765688148.383137,2525,256
1765688148.385328,2526,256
1765688148.388732,2527,256
1765688148.399190,2528,256
1765688148.400133,2529,256
1765688148.401015,2530,256
1765688148.401121,2531,256
1765688148.403067,2532,256
1765688148.405331,2533,256
1765688148.406495,2534,256
1765688148.411797,2535,256
1765688148.423131,2536,256
1765688148.423557,2537,256
1765688148.424582,2538,256
1765688148.426368,2539,256
1765688148.427574,2540,256
1765688148.429818,2541,256
1765688148.430399,2542,256
1765688148.433846,2543,256
1765688148.434556,2544,256
1765688148.435473,2545,256
1765688148.437268,2546,256
1765688148.438964,2547,256
1765688148.440197,2548,256
1765688148.442534,2549,256
1765688148.442626,2550,256
1765688148.445757,2551,256
1765688148.450140,2552,256
1765688148.450267,2553,256
1765688148.453054,2554,256
1765688148.453220,2555,256
1765688148.455570,2556,256
1765688148.457681,2557,256
1765688148.459678,2558,256
1765688148.462141,2559,256
1765688148.465293,2560,256
1765688148.467140,2561,256
1765688148.470026,2562,256
1765688148.470100,2563,256
1765688148.474566,2564,256
1765688148.474909,2565,256
1765688148.477569,2566,256
1765688148.480500,2567,256
1765688148.482223,2568,256
1765688148.483081,2569,256
1765688148.489174,2570,256
1765688148.490451,2571,256
1765688148.497276,2572,256
1765688148.498489,2573,256
1765688148.498622,2574,256
1765688148.498732,2575,256
1765688148.501807,2576,256
1765688148.501910,2577,256
1765688148.503559,2578,256
1765688148.504371,2579,256
1765688148.505686,2580,256
1765688148.505720,2581,256
1765688148.506843,2582,256
1765688148.507293,2583,256
1765688148.508537,2584,256
1765688148.510699,2585,256
1765688148.516053,2586,256
1765688148.516169,2587,256
1765688148.522641,2588,256
1765688148.524681,2589,256
1765688148.525915,2590,256
1765688148.525958,2591,256
1765688148.527820,2592,256
1765688148.528539,2593,256
1765688148.532281,2594,256
1765688148.535213,2595,256
1765688148.535475,2596,256
1765688148.538024,2597,256
1765688148.538323,2598,256
1765688148.539037,2599,256
1765688148.539560,2600,256
1765688148.539951,2601,256
1765688148.541169,2602,256
1765688148.541216,2603,256
1765688148.541629,2604,256
1765688148.541662,2605,256
1765688148.543259,2606,256
1765688148.544555,2607,256
1765688148.549108,2608,256
1765688148.549557,2609,256
1765688148.552803,2610,256
1765688148.558341,2611,256
1765688148.559119,2612,256
1765688148.560040,2613,256
1765688148.560877,2614,256
1765688148.563516,2615,256
1765688148.569357,2616,256
1765688148.569420,2617,256
1765688148.571119,2618,256
1765688148.572797,2619,256
1765688148.577218,2620,256
1765688148.579566,2621,256
1765688148.579954,2622,256
1765688148.580946,2623,256
1765688148.583318,2624,256
1765688148.584181,2625,256
1765688148.586736,2626,256
1765688148.589897,2627,256
1765688148.590646,2628,256
1765688148.591254,2629,256
1765688148.592180,2630,256
1765688148.592239,2631,256
1765688148.592879,2632,256
1765688148.594039,2633,256
1765688148.594638,2634,256
1765688148.597154,2635,256
1765688148.598570,2636,256
1765688148.601213,2637,256
1765688148.602424,2638,256
1765688148.603650,2639,256
1765688148.604148,2640,256
1765688148.606948,2641,256
1765688148.607249,2642,256
1765688148.614221,2643,256
1765688148.615399,2644,256
1765688148.617913,2645,256
1765688148.623661,2646,256
1765688148.624409,2647,256
1765688148.625566,2648,256
1765688148.626434,2649,256
1765688148.628501,2650,256
1765688148.631075,2651,256
1765688148.631562,2652,256
1765688148.632458,2653,256
1765688148.633963,2654,256
1765688148.636566,2655,256
1765688148.637461,2656,256
1765688148.639190,2657,256
1765688148.639653,2658,256
1765688148.640883,2659,256
1765688148.641441,2660,256
1765688148.646436,2661,256
1765688148.647025,2662,256
1765688148.649446,2663,256
1765688148.653100,2664,256
1765688148.653852,2665,256
1765688148.658015,2666,256
1765688148.658493,2667,256
1765688148.659759,2668,256
1765688148.665321,2669,256
1765688148.665478,2670,256
1765688148.666791,2671,256
1765688148.667273,2672,256
1765688148.672987,2673,256
1765688148.674188,2674,256
1765688148.675498,2675,256
1765688148.676714,2676,256
1765688148.677877,2677,256
1765688148.687159,2678,256
1765688148.688038,2679,256
1765688148.693279,2680,256
1765688148.696730,2681,256
1765688148.696917,2682,256
1765688148.699596,2683,256
1765688148.701393,2684,256
1765688148.705920,2685,256
1765688148.707311,2686,256
1765688148.713908,2687,256
1765688148.714243,2688,256
1765688148.716789,2689,256
1765688148.719434,2690,256
1765688148.719895,2691,256
1765688148.720105,2692,256
1765688148.721025,2693,256
1765688148.722708,2694,256
1765688148.725356,2695,256
1765688148.726226,2696,256
1765688148.726298,2697,256
1765688148.734566,2698,256
1765688148.737800,2699,256
1765688148.738517,2700,256
1765688148.738732,2701,256
1765688148.739650,2702,256
1765688148.740629,2703,256
1765688148.742625,2704,256
1765688148.744461,2705,256
1765688148.744788,2706,256
1765688148.746920,2707,256
1765688148.750717,2708,256
1765688148.751252,2709,256
1765688148.753578,2710,256
1765688148.753922,2711,256
1765688148.757043,2712,256
1765688148.759192,2713,256
1765688148.759459,2714,256
1765688148.762665,2715,256
1765688148.762959,2716,256
1765688148.764496,2717,256
1765688148.765465,2718,256
1765688148.768497,2719,256
1765688148.770303,2720,256
1765688148.770960,2721,256
1765688148.772494,2722,256
1765688148.773175,2723,256
1765688148.778126,2724,256
1765688148.779112,2725,256
1765688148.779343,2726,256
1765688148.782649,2727,256
1765688148.783255,2728,256
1765688148.783931,2729,256
1765688148.785685,2730,256
1765688148.785852,2731,256
1765688148.786722,2732,256
1765688148.787493,2733,256
1765688148.790886,2734,256
1765688148.794580,2735,256
1765688148.799870,2736,256
1765688148.801308,2737,256
1765688148.802365,2738,256
1765688148.804724,2739,256
1765688148.805120,2740,256
1765688148.814191,2741,256
1765688148.818935,2742,256
1765688148.822835,2743,256
1765688148.827121,2744,256
1765688148.827684,2745,256
1765688148.828848,2746,256
1765688148.828981,2747,256
1765688148.829508,2748,256
1765688148.835589,2749,256
1765688148.837821,2750,256
1765688148.838299,2751,256
1765688148.840011,2752,256
1765688148.841740,2753,256
1765688148.845413,2754,256
1765688148.845536,2755,256
1765688148.849965,2756,256
1765688148.850070,2757,256
1765688148.861851,2758,256
1765688148.862866,2759,256
1765688148.864336,2760,256
1765688148.864833,2761,256
1765688148.867364,2762,256
1765688148.867903,2763,256
1765688148.868913,2764,256
1765688148.869958,2765,256
1765688148.870511,2766,256
1765688148.870739,2767,256
1765688148.873750,2768,256
1765688148.874217,2769,256
1765688148.875819,2770,256
1765688148.877659,2771,256
1765688148.879888,2772,256
1765688148.885762,2773,256
1765688148.887493,2774,256
1765688148.888321,2775,256
1765688148.890098,2776,256
1765688148.890610,2777,256
1765688148.895765,2778,256
1765688148.898282,2779,256
1765688148.899158,2780,256
1765688148.899352,2781,256
1765688148.900255,2782,256
1765688148.905944,2783,256
1765688148.906239,2784,256
1765688148.906570,2785,256
1765688148.906633,2786,256
1765688148.907019,2787,256
1765688148.907752,2788,256
1765688148.908375,2789,256
1765688148.910653,2790,256
1765688148.910797,2791,256
1765688148.911621,2792,256
1765688148.912007,2793,256
1765688148.913118,2794,256
1765688148.914390,2795,256
1765688148.916394,2796,256
1765688148.918986,2797,256
1765688148.919089,2798,256
1765688148.919948,2799,256
1765688148.922845,2800,256
1765688148.923212,2801,256
1765688148.923507,2802,256
1765688148.925060,2803,256
1765688148.928313,2804,256
1765688148.936897,2805,256
1765688148.939198,2806,256
1765688148.939366,2807,256
1765688148.942827,2808,256
1765688148.942991,2809,256
1765688148.943566,2810,256
1765688148.943682,2811,256
1765688148.944201,2812,256
1765688148.944822,2813,256
1765688148.946051,2814,256
1765688148.950029,2815,256
1765688148.950295,2816,256
1765688148.950979,2817,256
1765688148.952113,2818,256
1765688148.954183,2819,256
1765688148.954364,2820,256
1765688148.957977,2821,256
1765688148.958783,2822,256
1765688148.959481,2823,256
1765688148.961390,2824,256
1765688148.961970,2825,256
1765688148.963318,2826,256
1765688148.964818,2827,256
1765688148.967567,2828,256
1765688148.968788,2829,256
1765688148.970440,2830,256
1765688148.970488,2831,256
1765688148.972033,2832,256
1765688148.973983,2833,256
1765688148.978631,2834,256
1765688148.981323,2835,256
1765688148.981384,2836,256
1765688148.982249,2837,256
1765688148.986365,2838,256
1765688148.986645,2839,256
1765688148.990224,2840,256
1765688148.997816,2841,256
1765688148.998542,2842,256
1765688148.999475,2843,256
1765688149.001382,2844,256
1765688149.002141,2845,256
1765688149.007790,2846,256
1765688149.013175,2847,256
1765688149.013484,2848,256
1765688149.013577,2849,256
1765688149.015638,2850,256
1765688149.016667,2851,256
1765688149.017465,2852,256
1765688149.019113,2853,256
1765688149.024592,2854,256
1765688149.025578,2855,256
1765688149.030219,2856,256
1765688149.030487,2857,256
1765688149.034481,2858,256
1765688149.034660,2859,256
1765688149.035409,2860,256
1765688149.036002,2861,256
1765688149.036514,2862,256
1765688149.041955,2863,256
1765688149.045123,2864,256
1765688149.046855,2865,256
1765688149.048753,2866,256
1765688149.051531,2867,256
1765688149.053015,2868,256
1765688149.053742,2869,256
1765688149.053766,2870,256
1765688149.053951,2871,256
1765688149.054786,2872,256
1765688149.054942,2873,256
1765688149.062062,2874,256
1765688149.064633,2875,256
1765688149.065329,2876,256
1765688149.067082,2877,256
1765688149.067226,2878,256
1765688149.069001,2879,256
1765688149.069414,2880,256
1765688149.071588,2881,256
1765688149.078535,2882,256
1765688149.083347,2883,256
1765688149.084501,2884,256
1765688149.085685,2885,256
1765688149.086884,2886,256
1765688149.087678,2887,256
1765688149.088093,2888,256
1765688149.090664,2889,256
1765688149.091516,2890,256
1765688149.091822,2891,256
1765688149.092183,2892,256
1765688149.095640,2893,256
1765688149.095994,2894,256
1765688149.096249,2895,256
1765688149.099145,2896,256
1765688149.099384,2897,256
1765688149.101368,2898,256
1765688149.101534,2899,256
1765688149.104595,2900,256
1765688149.105485,2901,256
1765688149.106026,2902,256
1765688149.106580,2903,256
1765688149.109866,2904,256
1765688149.110920,2905,256
1765688149.113343,2906,256
1765688149.116047,2907,256
1765688149.117676,2908,256
1765688149.118543,2909,256
1765688149.118937,2910,256
1765688149.119524,2911,256
1765688149.119717,2912,256
1765688149.119835,2913,256
1765688149.120963,2914,256
1765688149.125836,2915,256
1765688149.127395,2916,256
1765688149.127952,2917,256
1765688149.129273,2918,256
1765688149.131457,2919,256
1765688149.133145,2920,256
1765688149.134325,2921,256
1765688149.134737,2922,256
1765688149.135132,2923,256
1765688149.138087,2924,256
1765688149.141320,2925,256
1765688149.145120,2926,256
1765688149.146215,2927,256
1765688149.149564,2928,256
1765688149.150159,2929,256
1765688149.151766,2930,256
1765688149.152417,2931,256
1765688149.153248,2932,256
1765688149.155118,2933,256
1765688149.155357,2934,256
1765688149.160379,2935,256
1765688149.160848,2936,256
1765688149.165934,2937,256
1765688149.167110,2938,256
1765688149.171562,2939,256
1765688149.171712,2940,256
1765688149.173199,2941,256
1765688149.173308,2942,256
1765688149.173345,2943,256
1765688149.175530,2944,256
1765688149.177301,2945,256
1765688149.180451,2946,256
1765688149.182328,2947,256
1765688149.185078,2948,256
1765688149.185575,2949,256
1765688149.186465,2950,256
1765688149.186987,2951,256
1765688149.187974,2952,256
1765688149.189733,2953,256
1765688149.193750,2954,256
1765688149.194416,2955,256
1765688149.195171,2956,256
1765688149.195568,2957,256
1765688149.195622,2958,256
1765688149.196391,2959,256
1765688149.197227,2960,256
1765688149.197772,2961,256
1765688149.200567,2962,256
1765688149.201867,2963,256
1765688149.203185,2964,256
1765688149.203665,2965,256
1765688149.210379,2966,256
1765688149.229226,2967,256
1765688149.234007,2968,256
1765688149.234382,2969,256
1765688149.236232,2970,256
1765688149.236404,2971,256
1765688149.240508,2972,256
1765688149.242719,2973,256
1765688149.243180,2974,256
1765688149.245955,2975,256
1765688149.246103,2976,256
1765688149.249523,2977,256
1765688149.249684,2978,256
1765688149.250444,2979,256
1765688149.254481,2980,256
1765688149.255845,2981,256
1765688149.258966,2982,256
1765688149.259249,2983,256
1765688149.259927,2984,256
1765688149.263160,2985,256
1765688149.264295,2986,256
1765688149.267413,2987,256
1765688149.268268,2988,256
1765688149.269082,2989,256
1765688149.269135,2990,256
1765688149.273522,2991,256
1765688149.273732,2992,256
1765688149.274117,2993,256
1765688149.276376,2994,256
1765688149.277686,2995,256
1765688149.278168,2996,256
1765688149.278966,2997,256
1765688149.282431,2998,256
1765688149.283456,2999,256
1765688149.288439,3000,256
1765688149.289635,3001,256
1765688149.293769,3002,256
1765688149.299561,3003,256
1765688149.299927,3004,256
1765688149.300435,3005,256
1765688149.300539,3006,256
1765688149.303919,3007,256
1765688149.305693,3008,256
1765688149.305929,3009,256
1765688149.306593,3010,256
1765688149.307086,3011,256
1765688149.307669,3012,256
1765688149.307891,3013,256
1765688149.308275,3014,256
1765688149.308438,3015,256
1765688149.309735,3016,256
1765688149.309988,3017,256
1765688149.310956,3018,256
1765688149.312458,3019,256
1765688149.313502,3020,256
1765688149.325334,3021,256
1765688149.328021,3022,256
1765688149.329099,3023,256
1765688149.331894,3024,256
1765688149.332654,3025,256
1765688149.332893,3026,256
1765688149.334779,3027,256
1765688149.338353,3028,256
1765688149.339344,3029,256
1765688149.346435,3030,256
1765688149.347198,3031,256
1765688149.348174,3032,256
1765688149.356560,3033,256
1765688149.358360,3034,256
1765688149.359283,3035,256
1765688149.359350,3036,256
1765688149.361744,3037,256
1765688149.366525,3038,256
1765688149.366877,3039,256
1765688149.367602,3040,256
1765688149.371809,3041,256
1765688149.372271,3042,256
1765688149.372597,3043,256
1765688149.373959,3044,256
1765688149.374723,3045,256
1765688149.380646,3046,256
1765688149.384448,3047,256
1765688149.389736,3048,256
1765688149.392634,3049,256
1765688149.392924,3050,256
1765688149.394666,3051,256
1765688149.396060,3052,256
1765688149.396788,3053,256
1765688149.400934,3054,256
1765688149.403569,3055,256
1765688149.403682,3056,256
1765688149.404051,3057,256
1765688149.404640,3058,256
1765688149.408479,3059,256
1765688149.410308,3060,256
1765688149.411365,3061,256
1765688149.412693,3062,256
1765688149.413185,3063,256
1765688149.415018,3064,256
1765688149.415101,3065,256
1765688149.416222,3066,256
1765688149.417511,3067,256
1765688149.418522,3068,256
1765688149.424149,3069,256
1765688149.429541,3070,256
1765688149.430920,3071,256
1765688149.434391,3072,256
1765688149.438052,3073,256
1765688149.442788,3074,256
1765688149.443150,3075,256
1765688149.443329,3076,256
1765688149.445044,3077,256
1765688149.445207,3078,256
1765688149.448434,3079,256
1765688149.450417,3080,256
1765688149.457152,3081,256
1765688149.457958,3082,256
1765688149.462869,3083,256
1765688149.463103,3084,256
1765688149.464644,3085,256
1765688149.466984,3086,256
1765688149.467441,3087,256
1765688149.468485,3088,256
1765688149.468854,3089,256
1765688149.471027,3090,256
1765688149.472404,3091,256
1765688149.472873,3092,256
1765688149.475347,3093,256
1765688149.475851,3094,256
1765688149.480739,3095,256
1765688149.480839,3096,256
1765688149.486082,3097,256
1765688149.487257,3098,256
1765688149.488245,3099,256
1765688149.494051,3100,256
1765688149.501314,3101,256
1765688149.502170,3102,256
1765688149.506033,3103,256
1765688149.509732,3104,256
1765688149.509811,3105,256
1765688149.511057,3106,256
1765688149.512040,3107,256
1765688149.515428,3108,256
1765688149.519269,3109,256
1765688149.522989,3110,256
1765688149.524195,3111,256
1765688149.526522,3112,256
1765688149.528135,3113,256
1765688149.529440,3114,256
1765688149.531677,3115,256
1765688149.534947,3116,256
1765688149.537915,3117,256
1765688149.538733,3118,256
1765688149.539638,3119,256
1765688149.540177,3120,256
1765688149.541868,3121,256
1765688149.542211,3122,256
1765688149.542532,3123,256
1765688149.544801,3124,256
1765688149.546849,3125,256
1765688149.548266,3126,256
1765688149.548973,3127,256
1765688149.554670,3128,256
1765688149.557936,3129,256
1765688149.560812,3130,256
1765688149.561569,3131,256
1765688149.568755,3132,256
1765688149.570366,3133,256
1765688149.573079,3134,256
1765688149.573628,3135,256
1765688149.577020,3136,256
1765688149.577204,3137,256
1765688149.577380,3138,256
1765688149.578938,3139,256
1765688149.580856,3140,256
1765688149.583620,3141,256
1765688149.588986,3142,256
1765688149.590293,3143,256
1765688149.591456,3144,256
1765688149.594572,3145,256
1765688149.598805,3146,256
1765688149.599447,3147,256
1765688149.600934,3148,256
1765688149.602408,3149,256
1765688149.602561,3150,256
1765688149.602863,3151,256
1765688149.602902,3152,256
1765688149.603333,3153,256
1765688149.607873,3154,256
1765688149.609034,3155,256
1765688149.609216,3156,256
1765688149.609688,3157,256
1765688149.610976,3158,256
1765688149.622352,3159,256
1765688149.623790,3160,256
1765688149.629411,3161,256
1765688149.630454,3162,256
1765688149.632638,3163,256
1765688149.633233,3164,256
1765688149.633577,3165,256
1765688149.633861,3166,256
1765688149.636344,3167,256
1765688149.636533,3168,256
1765688149.637220,3169,256
1765688149.641104,3170,256
1765688149.641340,3171,256
1765688149.642028,3172,256
1765688149.646635,3173,256
1765688149.648278,3174,256
1765688149.650334,3175,256
1765688149.651040,3176,256
1765688149.651499,3177,256
1765688149.652848,3178,256
1765688149.659066,3179,256
1765688149.659512,3180,256
1765688149.660130,3181,256
1765688149.662602,3182,256
1765688149.665185,3183,256
1765688149.668687,3184,256
1765688149.671567,3185,256
1765688149.672328,3186,256
1765688149.674831,3187,256
1765688149.676650,3188,256
1765688149.678047,3189,256
1765688149.682619,3190,256
1765688149.683578,3191,256
1765688149.689167,3192,256
1765688149.689926,3193,256
1765688149.690043,3194,256
1765688149.694088,3195,256
1765688149.694211,3196,256
1765688149.700986,3197,256
1765688149.705783,3198,256
1765688149.706271,3199,256
1765688149.712211,3200,256
1765688149.712603,3201,256
1765688149.713137,3202,256
1765688149.720688,3203,256
1765688149.722648,3204,256
1765688149.724008,3205,256
1765688149.725311,3206,256
1765688149.726487,3207,256
1765688149.727051,3208,256
1765688149.728389,3209,256
1765688149.732193,3210,256
1765688149.732366,3211,256
1765688149.732424,3212,256
1765688149.732469,3213,256
1765688149.734843,3214,256
1765688149.737541,3215,256
1765688149.741796,3216,256
1765688149.744714,3217,256
1765688149.745293,3218,256
1765688149.746595,3219,256
1765688149.748241,3220,256
1765688149.749755,3221,256
1765688149.752374,3222,256
1765688149.759794,3223,256
1765688149.766327,3224,256
1765688149.766479,3225,256
1765688149.768446,3226,256
1765688149.769162,3227,256
1765688149.769827,3228,256
1765688149.770609,3229,256
1765688149.771493,3230,256
1765688149.771619,3231,256
1765688149.775062,3232,256
1765688149.776650,3233,256
1765688149.777717,3234,256
1765688149.777833,3235,256
1765688149.778402,3236,256
1765688149.779353,3237,256
1765688149.782144,3238,256
1765688149.782911,3239,256
1765688149.786556,3240,256
1765688149.787136,3241,256
1765688149.788818,3242,256
1765688149.790189,3243,256
1765688149.790659,3244,256
1765688149.790944,3245,256
1765688149.794254,3246,256
1765688149.794492,3247,256
1765688149.801089,3248,256
1765688149.801233,3249,256
1765688149.804644,3250,256
1765688149.808111,3251,256
1765688149.809216,3252,256
1765688149.809405,3253,256
1765688149.810828,3254,256
1765688149.811877,3255,256
1765688149.811966,3256,256
1765688149.813390,3257,256
1765688149.818679,3258,256
1765688149.820039,3259,256
1765688149.820502,3260,256
1765688149.821512,3261,256
1765688149.821822,3262,256
1765688149.827335,3263,256
1765688149.829218,3264,256
1765688149.832808,3265,256
1765688149.840094,3266,256
1765688149.841087,3267,256
1765688149.842502,3268,256
1765688149.842638,3269,256
1765688149.843011,3270,256
1765688149.846446,3271,256
1765688149.847145,3272,256
1765688149.847677,3273,256
1765688149.847764,3274,256
1765688149.849841,3275,256
1765688149.850497,3276,256
1765688149.853256,3277,256
1765688149.858731,3278,256
1765688149.860482,3279,256
1765688149.866223,3280,256
1765688149.873112,3281,256
1765688149.875505,3282,256
1765688149.878674,3283,256
1765688149.878800,3284,256
1765688149.881567,3285,256
1765688149.881662,3286,256
1765688149.888312,3287,256
1765688149.888576,3288,256
1765688149.890196,3289,256
1765688149.891108,3290,256
1765688149.891711,3291,256
1765688149.892586,3292,256
1765688149.900370,3293,256
1765688149.904729,3294,256
1765688149.906104,3295,256
1765688149.907534,3296,256
1765688149.909276,3297,256
1765688149.909387,3298,256
1765688149.911879,3299,256
1765688149.913074,3300,256
1765688149.914802,3301,256
1765688149.914920,3302,256
1765688149.915884,3303,256
1765688149.918782,3304,256
1765688149.919575,3305,256
1765688149.920169,3306,256
1765688149.922424,3307,256
1765688149.924157,3308,256
1765688149.924899,3309,256
1765688149.924941,3310,256
1765688149.925399,3311,256
1765688149.927582,3312,256
1765688149.928128,3313,256
1765688149.928561,3314,256
1765688149.928807,3315,256
1765688149.929026,3316,256
1765688149.929819,3317,256
1765688149.930802,3318,256
1765688149.930822,3319,256
1765688149.931393,3320,256
1765688149.934075,3321,256
1765688149.937540,3322,256
1765688149.940004,3323,256
1765688149.940749,3324,256
1765688149.940816,3325,256
1765688149.944313,3326,256
1765688149.945212,3327,256
1765688149.945307,3328,256
1765688149.946658,3329,256
1765688149.948695,3330,256
1765688149.949308,3331,256
1765688149.950209,3332,256
1765688149.951081,3333,256
1765688149.956752,3334,256
1765688149.957397,3335,256
1765688149.957639,3336,256
1765688149.959676,3337,256
1765688149.963310,3338,256
1765688149.963435,3339,256
1765688149.963681,3340,256
1765688149.968154,3341,256
1765688149.970582,3342,256
1765688149.971475,3343,256
1765688149.971874,3344,256
1765688149.971914,3345,256
1765688149.974990,3346,256
1765688149.975885,3347,256
1765688149.976987,3348,256
1765688149.980659,3349,256
1765688149.982172,3350,256
1765688149.985711,3351,256
1765688149.989379,3352,256
1765688149.989570,3353,256
1765688149.991066,3354,256
1765688149.993737,3355,256
1765688149.994524,3356,256
1765688149.995615,3357,256
1765688149.995762,3358,256
1765688149.997693,3359,256
1765688149.997846,3360,256
1765688149.997975,3361,256
1765688149.999597,3362,256
1765688150.000203,3363,256
1765688150.001090,3364,256
1765688150.001220,3365,256
1765688150.001511,3366,256
1765688150.004262,3367,256
1765688150.004819,3368,256
1765688150.005971,3369,256
1765688150.011837,3370,256
1765688150.011984,3371,256
1765688150.012994,3372,256
1765688150.015059,3373,256
1765688150.015902,3374,256
1765688150.017297,3375,256
1765688150.023466,3376,256
1765688150.024332,3377,256
1765688150.030279,3378,256
1765688150.030728,3379,256
1765688150.031619,3380,256
1765688150.033525,3381,256
1765688150.033802,3382,256
1765688150.038253,3383,256
1765688150.047923,3384,256
1765688150.049542,3385,256
1765688150.051506,3386,256
1765688150.052399,3387,256
1765688150.053154,3388,256
1765688150.058664,3389,256
1765688150.062133,3390,256
1765688150.066454,3391,256
1765688150.067661,3392,256
1765688150.069178,3393,256
1765688150.071301,3394,256
1765688150.071488,3395,256
1765688150.075467,3396,256
1765688150.076838,3397,256
1765688150.076988,3398,256
1765688150.078423,3399,256
1765688150.079135,3400,256
1765688150.079428,3401,256
1765688150.083094,3402,256
1765688150.083193,3403,256
1765688150.083977,3404,256
1765688150.084754,3405,256
1765688150.086754,3406,256
1765688150.088319,3407,256
1765688150.089500,3408,256
1765688150.090446,3409,256
1765688150.091750,3410,256
1765688150.094779,3411,256
1765688150.094991,3412,256
1765688150.098456,3413,256
1765688150.099490,3414,256
1765688150.102377,3415,256
1765688150.104346,3416,256
1765688150.105536,3417,256
1765688150.109699,3418,256
1765688150.112247,3419,256
1765688150.113744,3420,256
1765688150.114075,3421,256
1765688150.114877,3422,256
1765688150.121363,3423,256
1765688150.125686,3424,256
1765688150.126673,3425,256
1765688150.127330,3426,256
1765688150.128052,3427,256
1765688150.128734,3428,256
1765688150.129305,3429,256
1765688150.131075,3430,256
1765688150.136060,3431,256
1765688150.138376,3432,256
1765688150.138704,3433,256
1765688150.139571,3434,256
1765688150.139760,3435,256
1765688150.146574,3436,256
1765688150.148441,3437,256
1765688150.148475,3438,256
1765688150.153833,3439,256
1765688150.154444,3440,256
1765688150.156521,3441,256
1765688150.157718,3442,256
1765688150.158530,3443,256
1765688150.159286,3444,256
1765688150.159608,3445,256
1765688150.162001,3446,256
1765688150.164928,3447,256
1765688150.171594,3448,256
1765688150.174149,3449,256
1765688150.174699,3450,256
1765688150.177737,3451,256
1765688150.180185,3452,256
1765688150.181179,3453,256
1765688150.181457,3454,256
1765688150.185006,3455,256
1765688150.186143,3456,256
1765688150.187154,3457,256
1765688150.202707,3458,256
1765688150.205483,3459,256
1765688150.206685,3460,256
1765688150.207213,3461,256
1765688150.207246,3462,256
1765688150.209649,3463,256
1765688150.209805,3464,256
1765688150.211376,3465,256
1765688150.214724,3466,256
1765688150.219080,3467,256
1765688150.221396,3468,256
1765688150.224348,3469,256
1765688150.224418,3470,256
1765688150.225982,3471,256
1765688150.229057,3472,256
1765688150.236362,3473,256
1765688150.236560,3474,256
1765688150.239729,3475,256
1765688150.242141,3476,256
1765688150.243168,3477,256
1765688150.244786,3478,256
1765688150.251613,3479,256
1765688150.254211,3480,256
1765688150.256203,3481,256
1765688150.259695,3482,256
1765688150.259812,3483,256
1765688150.263858,3484,256
1765688150.264577,3485,256
1765688150.265079,3486,256
1765688150.265134,3487,256
1765688150.267874,3488,256
1765688150.272652,3489,256
1765688150.272925,3490,256
1765688150.274601,3491,256
1765688150.275713,3492,256
1765688150.277818,3493,256
1765688150.280611,3494,256
1765688150.281572,3495,256
1765688150.281844,3496,256
1765688150.282557,3497,256
1765688150.285453,3498,256
1765688150.286840,3499,256
1765688150.288030,3500,256
1765688150.290893,3501,256
1765688150.291641,3502,256
1765688150.291710,3503,256
1765688150.292283,3504,256
1765688150.294464,3505,256
1765688150.295755,3506,256
1765688150.297779,3507,256
1765688150.298065,3508,256
1765688150.299742,3509,256
1765688150.302482,3510,256
1765688150.303007,3511,256
1765688150.305303,3512,256
1765688150.310183,3513,256
1765688150.313077,3514,256
1765688150.317024,3515,256
1765688150.320543,3516,256
1765688150.320836,3517,256
1765688150.322508,3518,256
1765688150.329358,3519,256
1765688150.331666,3520,256
1765688150.332737,3521,256
1765688150.333686,3522,256
1765688150.339027,3523,256
1765688150.339713,3524,256
1765688150.343591,3525,256
1765688150.343729,3526,256
1765688150.344786,3527,256
1765688150.352923,3528,256
1765688150.353368,3529,256
1765688150.353429,3530,256
1765688150.353670,3531,256
1765688150.356660,3532,256
1765688150.359582,3533,256
1765688150.361525,3534,256
1765688150.364743,3535,256
1765688150.365738,3536,256
1765688150.371941,3537,256
1765688150.373585,3538,256
1765688150.374646,3539,256
1765688150.375340,3540,256
1765688150.377097,3541,256
1765688150.377907,3542,256
1765688150.380800,3543,256
1765688150.382880,3544,256
1765688150.383527,3545,256
1765688150.384712,3546,256
1765688150.386157,3547,256
1765688150.389504,3548,256
1765688150.389883,3549,256
1765688150.390278,3550,256
1765688150.390894,3551,256
1765688150.391674,3552,256
1765688150.392482,3553,256
1765688150.392662,3554,256
1765688150.393922,3555,256
1765688150.394540,3556,256
1765688150.395075,3557,256
1765688150.397045,3558,256
1765688150.403113,3559,256
1765688150.403642,3560,256
1765688150.405343,3561,256
1765688150.407512,3562,256
1765688150.410461,3563,256
1765688150.412434,3564,256
1765688150.413754,3565,256
1765688150.414714,3566,256
1765688150.416252,3567,256
1765688150.416299,3568,256
1765688150.416352,3569,256
1765688150.417049,3570,256
1765688150.418033,3571,256
1765688150.419132,3572,256
1765688150.419393,3573,256
1765688150.421893,3574,256
1765688150.422027,3575,256
1765688150.422257,3576,256
1765688150.425810,3577,256
1765688150.425947,3578,256
1765688150.425999,3579,256
1765688150.426602,3580,256
1765688150.428293,3581,256
1765688150.430501,3582,256
1765688150.431727,3583,256
1765688150.434019,3584,256
1765688150.435493,3585,256
1765688150.435968,3586,256
1765688150.436247,3587,256
1765688150.439587,3588,256
1765688150.442332,3589,256
1765688150.443413,3590,256
1765688150.445368,3591,256
1765688150.448621,3592,256
1765688150.449058,3593,256
1765688150.451285,3594,256
1765688150.451692,3595,256
1765688150.453779,3596,256
1765688150.453948,3597,256
1765688150.456770,3598,256
1765688150.459100,3599,256
1765688150.460752,3600,256
1765688150.462677,3601,256
1765688150.472957,3602,256
1765688150.477161,3603,256
1765688150.481556,3604,256
1765688150.486722,3605,256
1765688150.487065,3606,256
1765688150.487485,3607,256
1765688150.487974,3608,256
1765688150.488976,3609,256
1765688150.490403,3610,256
1765688150.491251,3611,256
1765688150.491568,3612,256
1765688150.495209,3613,256
1765688150.500803,3614,256
1765688150.501569,3615,256
1765688150.504082,3616,256
1765688150.511045,3617,256
1765688150.519013,3618,256
1765688150.519103,3619,256
1765688150.519425,3620,256
1765688150.520009,3621,256
1765688150.522049,3622,256
1765688150.525291,3623,256
1765688150.525367,3624,256
1765688150.525488,3625,256
1765688150.526802,3626,256
1765688150.528533,3627,256
1765688150.530155,3628,256
1765688150.530616,3629,256
1765688150.532156,3630,256
1765688150.534747,3631,256
1765688150.536055,3632,256
1765688150.536462,3633,256
1765688150.537572,3634,256
1765688150.538928,3635,256
1765688150.539426,3636,256
1765688150.539478,3637,256
1765688150.539715,3638,256
1765688150.540669,3639,256
1765688150.544649,3640,256
1765688150.546252,3641,256
1765688150.546438,3642,256
1765688150.546656,3643,256
1765688150.549245,3644,256
1765688150.552328,3645,256
1765688150.552580,3646,256
1765688150.552716,3647,256
1765688150.555157,3648,256
1765688150.560200,3649,256
1765688150.560302,3650,256
1765688150.565062,3651,256
1765688150.565363,3652,256
1765688150.568435,3653,256
1765688150.569920,3654,256
1765688150.571024,3655,256
1765688150.573708,3656,256
1765688150.574435,3657,256
1765688150.577749,3658,256
1765688150.578426,3659,256
1765688150.580901,3660,256
1765688150.584297,3661,256
1765688150.584341,3662,256
1765688150.584832,3663,256
1765688150.585004,3664,256
1765688150.587661,3665,256
1765688150.587746,3666,256
1765688150.588879,3667,256
1765688150.589033,3668,256
1765688150.589391,3669,256
1765688150.594601,3670,256
1765688150.594676,3671,256
1765688150.596519,3672,256
1765688150.598472,3673,256
1765688150.598849,3674,256
1765688150.599505,3675,256
1765688150.601874,3676,256
1765688150.606682,3677,256
1765688150.607710,3678,256
1765688150.608411,3679,256
1765688150.609151,3680,256
1765688150.609579,3681,256
1765688150.612642,3682,256
1765688150.613303,3683,256
1765688150.620250,3684,256
1765688150.621891,3685,256
1765688150.623765,3686,256
1765688150.625879,3687,256
1765688150.626752,3688,256
1765688150.628057,3689,256
1765688150.628646,3690,256
1765688150.632259,3691,256
1765688150.635280,3692,256
1765688150.636347,3693,256
1765688150.637697,3694,256
1765688150.637840,3695,256
1765688150.638797,3696,256
1765688150.641626,3697,256
1765688150.642113,3698,256
1765688150.642863,3699,256
1765688150.645826,3700,256
1765688150.646472,3701,256
1765688150.646503,3702,256
1765688150.648718,3703,256
1765688150.648961,3704,256
1765688150.649300,3705,256
1765688150.650849,3706,256
1765688150.651704,3707,256
1765688150.652649,3708,256
1765688150.655641,3709,256
1765688150.656484,3710,256
1765688150.656535,3711,256
1765688150.656581,3712,256
1765688150.656692,3713,256
1765688150.658215,3714,256
1765688150.659242,3715,256
1765688150.659668,3716,256
1765688150.659718,3717,256
1765688150.660879,3718,256
1765688150.661570,3719,256
1765688150.661714,3720,256
1765688150.662357,3721,256
1765688150.664586,3722,256
1765688150.665146,3723,256
1765688150.665450,3724,256
1765688150.666568,3725,256
1765688150.670981,3726,256
1765688150.672822,3727,256
1765688150.675855,3728,256
1765688150.679106,3729,256
1765688150.681318,3730,256
1765688150.686937,3731,256
1765688150.692592,3732,256
1765688150.695371,3733,256
1765688150.697009,3734,256
1765688150.697123,3735,256
1765688150.698792,3736,256
1765688150.702855,3737,256
1765688150.703449,3738,256
1765688150.704268,3739,256
1765688150.706091,3740,256
1765688150.706979,3741,256
1765688150.708402,3742,256
1765688150.710101,3743,256
1765688150.714654,3744,256
1765688150.714866,3745,256
1765688150.716328,3746,256
1765688150.717031,3747,256
1765688150.717366,3748,256
1765688150.721213,3749,256
1765688150.721383,3750,256
1765688150.723118,3751,256
1765688150.724045,3752,256
1765688150.725529,3753,256
1765688150.727343,3754,256
1765688150.732181,3755,256
1765688150.732397,3756,256
1765688150.736154,3757,256
1765688150.739013,3758,256
1765688150.740283,3759,256
1765688150.740341,3760,256
1765688150.741408,3761,256
1765688150.742357,3762,256
1765688150.743469,3763,256
1765688150.744809,3764,256
1765688150.745284,3765,256
1765688150.748588,3766,256
1765688150.749231,3767,256
1765688150.757608,3768,256
1765688150.759655,3769,256
1765688150.762178,3770,256
1765688150.763767,3771,256
1765688150.763858,3772,256
1765688150.765218,3773,256
1765688150.766062,3774,256
1765688150.767097,3775,256
1765688150.769446,3776,256
1765688150.775494,3777,256
1765688150.777398,3778,256
1765688150.777496,3779,256
1765688150.778715,3780,256
1765688150.784292,3781,256
1765688150.785017,3782,256
1765688150.785332,3783,256
1765688150.785698,3784,256
1765688150.788508,3785,256
1765688150.791483,3786,256
1765688150.792005,3787,256
1765688150.793021,3788,256
1765688150.798263,3789,256
1765688150.800069,3790,256
1765688150.802138,3791,256
1765688150.803831,3792,256
1765688150.807311,3793,256
1765688150.808310,3794,256
1765688150.810681,3795,256
1765688150.811185,3796,256
1765688150.811377,3797,256
1765688150.812647,3798,256
1765688150.815321,3799,256
1765688150.815393,3800,256
1765688150.817345,3801,256
1765688150.817411,3802,256
1765688150.821026,3803,256
1765688150.824943,3804,256
1765688150.826810,3805,256
1765688150.828667,3806,256
1765688150.830126,3807,256
1765688150.831613,3808,256
1765688150.831808,3809,256
1765688150.834437,3810,256
1765688150.837139,3811,256
1765688150.837713,3812,256
1765688150.838640,3813,256
1765688150.840002,3814,256
1765688150.843539,3815,256
1765688150.844633,3816,256
1765688150.844917,3817,256
1765688150.845394,3818,256
1765688150.846238,3819,256
1765688150.849631,3820,256
1765688150.849765,3821,256
1765688150.853847,3822,256
1765688150.857897,3823,256
1765688150.858888,3824,256
1765688150.862322,3825,256
1765688150.864339,3826,256
1765688150.867026,3827,256
1765688150.869144,3828,256
1765688150.872918,3829,256
1765688150.874053,3830,256
1765688150.874560,3831,256
1765688150.874982,3832,256
1765688150.877059,3833,256
1765688150.877685,3834,256
1765688150.878139,3835,256
1765688150.884748,3836,256
1765688150.885929,3837,256
1765688150.887793,3838,256
1765688150.888254,3839,256
1765688150.893365,3840,256
1765688150.894123,3841,256
1765688150.894156,3842,256
1765688150.896598,3843,256
1765688150.896795,3844,256
1765688150.896832,3845,256
1765688150.897262,3846,256
1765688150.897528,3847,256
1765688150.898160,3848,256
1765688150.900725,3849,256
1765688150.901367,3850,256
1765688150.902567,3851,256
1765688150.904565,3852,256
1765688150.911617,3853,256
1765688150.912577,3854,256
1765688150.913315,3855,256
1765688150.913735,3856,256
1765688150.915665,3857,256
1765688150.916591,3858,256
1765688150.917234,3859,256
1765688150.919294,3860,256
1765688150.919532,3861,256
1765688150.920063,3862,256
1765688150.920569,3863,256
1765688150.921079,3864,256
1765688150.921655,3865,256
1765688150.923743,3866,256
1765688150.930077,3867,256
1765688150.935902,3868,256
1765688150.937881,3869,256
1765688150.937997,3870,256
1765688150.938914,3871,256
1765688150.939379,3872,256
1765688150.944763,3873,256
1765688150.945839,3874,256
1765688150.945895,3875,256
1765688150.947516,3876,256
1765688150.952042,3877,256
1765688150.953784,3878,256
1765688150.953939,3879,256
1765688150.955917,3880,256
1765688150.957577,3881,256
1765688150.957856,3882,256
1765688150.958455,3883,256
1765688150.959404,3884,256
1765688150.960448,3885,256
1765688150.961763,3886,256
1765688150.964082,3887,256
1765688150.964931,3888,256
1765688150.967071,3889,256
1765688150.968372,3890,256
1765688150.969105,3891,256
1765688150.973608,3892,256
1765688150.974064,3893,256
1765688150.976010,3894,256
1765688150.976112,3895,256
1765688150.976993,3896,256
1765688150.980119,3897,256
1765688150.980204,3898,256
1765688150.982529,3899,256
1765688150.990568,3900,256
1765688150.992905,3901,256
1765688150.995249,3902,256
1765688151.000468,3903,256
1765688151.004272,3904,256
1765688151.006088,3905,256
1765688151.007264,3906,256
1765688151.007501,3907,256
1765688151.011358,3908,256
1765688151.012167,3909,256
1765688151.019865,3910,256
1765688151.023371,3911,256
1765688151.023815,3912,256
1765688151.028772,3913,256
1765688151.029573,3914,256
1765688151.031565,3915,256
1765688151.036573,3916,256
1765688151.040048,3917,256
1765688151.041724,3918,256
1765688151.042259,3919,256
1765688151.043451,3920,256
1765688151.044605,3921,256
1765688151.050535,3922,256
1765688151.056332,3923,256
1765688151.059988,3924,256
1765688151.060880,3925,256
1765688151.062498,3926,256
1765688151.063347,3927,256
1765688151.064731,3928,256
1765688151.066448,3929,256
1765688151.070210,3930,256
1765688151.070404,3931,256
1765688151.074709,3932,256
1765688151.077004,3933,256
1765688151.077622,3934,256
1765688151.077837,3935,256
1765688151.078639,3936,256
1765688151.081518,3937,256
1765688151.081742,3938,256
1765688151.082050,3939,256
1765688151.084331,3940,256
1765688151.086519,3941,256
1765688151.088049,3942,256
1765688151.088691,3943,256
1765688151.091318,3944,256
1765688151.091467,3945,256
1765688151.091933,3946,256
1765688151.095675,3947,256
1765688151.096509,3948,256
1765688151.096725,3949,256
1765688151.103110,3950,256
1765688151.103824,3951,256
1765688151.105108,3952,256
1765688151.110332,3953,256
1765688151.111910,3954,256
1765688151.113824,3955,256
1765688151.116356,3956,256
1765688151.119527,3957,256
1765688151.120055,3958,256
1765688151.120387,3959,256
1765688151.122535,3960,256
1765688151.126326,3961,256
1765688151.127236,3962,256
1765688151.129924,3963,256
1765688151.132641,3964,256
1765688151.133005,3965,256
1765688151.134304,3966,256
1765688151.141636,3967,256
1765688151.144191,3968,256
1765688151.147218,3969,256
1765688151.147357,3970,256
1765688151.148829,3971,256
1765688151.148954,3972,256
1765688151.159881,3973,256
1765688151.160811,3974,256
1765688151.161044,3975,256
1765688151.164048,3976,256
1765688151.164352,3977,256
1765688151.165521,3978,256
1765688151.165757,3979,256
1765688151.165803,3980,256
1765688151.166327,3981,256
1765688151.168777,3982,256
1765688151.176727,3983,256
1765688151.177602,3984,256
1765688151.177669,3985,256
1765688151.178573,3986,256
1765688151.179027,3987,256
1765688151.179650,3988,256
1765688151.180768,3989,256
1765688151.184000,3990,256
1765688151.185195,3991,256
1765688151.186593,3992,256
1765688151.187315,3993,256
1765688151.187410,3994,256
1765688151.192439,3995,256
1765688151.192628,3996,256
1765688151.195603,3997,256
1765688151.199295,3998,256
1765688151.199528,3999,256
1765688151.200194,4000,256
1765688151.200493,4001,256
1765688151.202683,4002,256
1765688151.203567,4003,256
1765688151.203784,4004,256
1765688151.206792,4005,256
1765688151.207736,4006,256
1765688151.212582,4007,256
1765688151.221831,4008,256
1765688151.225132,4009,256
1765688151.225771,4010,256
1765688151.227422,4011,256
1765688151.229075,4012,256
1765688151.229829,4013,256
1765688151.236994,4014,256
1765688151.239053,4015,256
1765688151.239372,4016,256
1765688151.242478,4017,256
1765688151.248843,4018,256
1765688151.250168,4019,256
1765688151.250957,4020,256
1765688151.251901,4021,256
1765688151.253363,4022,256
1765688151.255823,4023,256
1765688151.256326,4024,256
1765688151.256681,4025,256
1765688151.260310,4026,256
1765688151.262873,4027,256
1765688151.264024,4028,256
1765688151.264439,4029,256
1765688151.265179,4030,256
1765688151.266997,4031,256
1765688151.268036,4032,256
1765688151.271063,4033,256
1765688151.272808,4034,256
1765688151.277977,4035,256
1765688151.280934,4036,256
1765688151.289327,4037,256
1765688151.292035,4038,256
1765688151.292513,4039,256
1765688151.292935,4040,256
1765688151.295037,4041,256
1765688151.295464,4042,256
1765688151.297803,4043,256
1765688151.299860,4044,256
1765688151.305697,4045,256
1765688151.306186,4046,256
1765688151.306271,4047,256
1765688151.306727,4048,256
1765688151.307635,4049,256
1765688151.310017,4050,256
1765688151.310578,4051,256
1765688151.311791,4052,256
1765688151.312687,4053,256
1765688151.314750,4054,256
1765688151.316912,4055,256
1765688151.319119,4056,256
1765688151.320001,4057,256
1765688151.320100,4058,256
1765688151.322045,4059,256
1765688151.322665,4060,256
1765688151.323868,4061,256
1765688151.325835,4062,256
1765688151.328366,4063,256
1765688151.330295,4064,256
1765688151.330431,4065,256
1765688151.332165,4066,256
1765688151.333191,4067,256
1765688151.335906,4068,256
1765688151.337227,4069,256
1765688151.337893,4070,256
1765688151.339118,4071,256
1765688151.339814,4072,256
1765688151.341232,4073,256
1765688151.341717,4074,256
1765688151.343024,4075,256
1765688151.343370,4076,256
1765688151.346458,4077,256
1765688151.346532,4078,256
1765688151.346970,4079,256
1765688151.347805,4080,256
1765688151.348638,4081,256
1765688151.351154,4082,256
1765688151.351257,4083,256
1765688151.354076,4084,256
1765688151.356364,4085,256
1765688151.357759,4086,256
1765688151.361897,4087,256
1765688151.362767,4088,256
1765688151.363668,4089,256
1765688151.366153,4090,256
1765688151.366407,4091,256
1765688151.367498,4092,256
1765688151.371591,4093,256
1765688151.372026,4094,256
1765688151.373507,4095,256
1765688151.378312,4096,256
1765688151.378729,4097,256
1765688151.381138,4098,256
1765688151.382522,4099,256
1765688151.385402,4100,256
1765688151.387830,4101,256
1765688151.389183,4102,256
1765688151.389828,4103,256
1765688151.392829,4104,256
1765688151.393513,4105,256
1765688151.395871,4106,256
1765688151.400303,4107,256
1765688151.400640,4108,256
1765688151.406958,4109,256
1765688151.408103,4110,256
1765688151.412082,4111,256
1765688151.414489,4112,256
1765688151.414911,4113,256
1765688151.415088,4114,256
1765688151.419216,4115,256
1765688151.428766,4116,256
1765688151.429913,4117,256
1765688151.431193,4118,256
1765688151.435766,4119,256
1765688151.443342,4120,256
1765688151.443921,4121,256
1765688151.448696,4122,256
1765688151.453690,4123,256
1765688151.454299,4124,256
1765688151.454485,4125,256
1765688151.459119,4126,256
1765688151.459373,4127,256
1765688151.459564,4128,256
1765688151.464747,4129,256
1765688151.472232,4130,256
1765688151.472532,4131,256
1765688151.473984,4132,256
1765688151.475063,4133,256
1765688151.477237,4134,256
1765688151.477382,4135,256
1765688151.483406,4136,256
1765688151.487641,4137,256
1765688151.488804,4138,256
1765688151.490847,4139,256
1765688151.494583,4140,256
1765688151.494817,4141,256
1765688151.495515,4142,256
1765688151.496469,4143,256
1765688151.496970,4144,256
1765688151.498400,4145,256
1765688151.501851,4146,256
1765688151.502187,4147,256
1765688151.505055,4148,256
1765688151.505306,4149,256
1765688151.507202,4150,256
1765688151.507909,4151,256
1765688151.511026,4152,256
1765688151.517476,4153,256
1765688151.521272,4154,256
1765688151.521397,4155,256
1765688151.521654,4156,256
1765688151.524344,4157,256
1765688151.524717,4158,256
1765688151.524968,4159,256
1765688151.526651,4160,256
1765688151.526891,4161,256
1765688151.527065,4162,256
1765688151.528965,4163,256
1765688151.529006,4164,256
1765688151.532637,4165,256
1765688151.533067,4166,256
1765688151.533638,4167,256
1765688151.537254,4168,256
1765688151.537791,4169,256
1765688151.540901,4170,256
1765688151.542943,4171,256
1765688151.543602,4172,256
1765688151.544529,4173,256
1765688151.545044,4174,256
1765688151.545671,4175,256
1765688151.545975,4176,256
1765688151.546148,4177,256
1765688151.548915,4178,256
1765688151.554472,4179,256
1765688151.556653,4180,256
1765688151.557118,4181,256
1765688151.557671,4182,256
1765688151.558017,4183,256
1765688151.561024,4184,256
1765688151.561503,4185,256
1765688151.564526,4186,256
1765688151.565001,4187,256
1765688151.565258,4188,256
1765688151.569424,4189,256
1765688151.573115,4190,256
1765688151.577537,4191,256
1765688151.580633,4192,256
1765688151.581072,4193,256
1765688151.582155,4194,256
1765688151.583654,4195,256
1765688151.584468,4196,256
1765688151.585013,4197,256
1765688151.586008,4198,256
1765688151.588115,4199,256
1765688151.589911,4200,256
1765688151.591824,4201,256
1765688151.593847,4202,256
1765688151.594185,4203,256
1765688151.595077,4204,256
1765688151.610309,4205,256
1765688151.611804,4206,256
1765688151.612309,4207,256
1765688151.616338,4208,256
1765688151.619723,4209,256
1765688151.620720,4210,256
1765688151.622047,4211,256
1765688151.625294,4212,256
1765688151.626890,4213,256
1765688151.631644,4214,256
1765688151.634995,4215,256
1765688151.637779,4216,256
1765688151.639967,4217,256
1765688151.640470,4218,256
1765688151.640597,4219,256
1765688151.641523,4220,256
1765688151.648606,4221,256
1765688151.655017,4222,256
1765688151.656595,4223,256
1765688151.656743,4224,256
1765688151.658578,4225,256
1765688151.664794,4226,256
1765688151.665570,4227,256
1765688151.668875,4228,256
1765688151.670213,4229,256
1765688151.671293,4230,256
1765688151.673369,4231,256
1765688151.673904,4232,256
1765688151.673978,4233,256
1765688151.674517,4234,256
1765688151.677935,4235,256
1765688151.680474,4236,256
1765688151.684417,4237,256
1765688151.685514,4238,256
1765688151.685610,4239,256
1765688151.685734,4240,256
1765688151.688056,4241,256
1765688151.689695,4242,256
1765688151.689834,4243,256
1765688151.690898,4244,256
1765688151.693738,4245,256
1765688151.694062,4246,256
1765688151.694802,4247,256
1765688151.700184,4248,256
1765688151.702440,4249,256
1765688151.702580,4250,256
1765688151.704749,4251,256
1765688151.706407,4252,256
1765688151.707932,4253,256
1765688151.708946,4254,256
1765688151.714163,4255,256
1765688151.716398,4256,256
1765688151.718356,4257,256
1765688151.720142,4258,256
1765688151.720284,4259,256
1765688151.729609,4260,256
1765688151.730412,4261,256
1765688151.736063,4262,256
1765688151.736380,4263,256
1765688151.740255,4264,256
1765688151.747315,4265,256
1765688151.747453,4266,256
1765688151.751381,4267,256
1765688151.752852,4268,256
1765688151.756306,4269,256
1765688151.756958,4270,256
1765688151.757349,4271,256
1765688151.757572,4272,256
1765688151.765272,4273,256
1765688151.768412,4274,256
1765688151.769017,4275,256
1765688151.770087,4276,256
1765688151.772399,4277,256
1765688151.772662,4278,256
1765688151.773618,4279,256
1765688151.775028,4280,256
1765688151.775106,4281,256
1765688151.775142,4282,256
1765688151.777398,4283,256
1765688151.778785,4284,256
1765688151.779432,4285,256
1765688151.781237,4286,256
1765688151.783670,4287,256
1765688151.784050,4288,256
1765688151.784257,4289,256
1765688151.785308,4290,256
1765688151.787226,4291,256
1765688151.787361,4292,256
1765688151.794327,4293,256
1765688151.794880,4294,256
1765688151.797094,4295,256
1765688151.798812,4296,256
1765688151.799798,4297,256
1765688151.800164,4298,256
1765688151.803690,4299,256
1765688151.806429,4300,256
1765688151.807075,4301,256
1765688151.809264,4302,256
1765688151.815470,4303,256
1765688151.816615,4304,256
1765688151.819418,4305,256
1765688151.820579,4306,256
1765688151.821116,4307,256
1765688151.821979,4308,256
1765688151.824358,4309,256
1765688151.826494,4310,256
1765688151.829428,4311,256
1765688151.832309,4312,256
1765688151.832422,4313,256
1765688151.832469,4314,256
1765688151.834428,4315,256
1765688151.838794,4316,256
1765688151.839519,4317,256
1765688151.846642,4318,256
1765688151.847780,4319,256
1765688151.848742,4320,256
1765688151.849491,4321,256
1765688151.850409,4322,256
1765688151.856354,4323,256
1765688151.858267,4324,256
1765688151.858450,4325,256
1765688151.860461,4326,256
1765688151.864643,4327,256
1765688151.867229,4328,256
1765688151.867757,4329,256
1765688151.867877,4330,256
1765688151.869752,4331,256
1765688151.872411,4332,256
1765688151.873147,4333,256
1765688151.874232,4334,256
1765688151.878328,4335,256
1765688151.880045,4336,256
1765688151.885660,4337,256
1765688151.888437,4338,256
1765688151.888586,4339,256
1765688151.888858,4340,256
1765688151.889478,4341,256
1765688151.890621,4342,256
1765688151.892576,4343,256
1765688151.894569,4344,256
1765688151.894933,4345,256
1765688151.895185,4346,256
1765688151.895444,4347,256
1765688151.897070,4348,256
1765688151.899985,4349,256
1765688151.903824,4350,256
1765688151.903865,4351,256
1765688151.904013,4352,256
1765688151.907340,4353,256
1765688151.912604,4354,256
1765688151.913368,4355,256
1765688151.916651,4356,256
1765688151.918039,4357,256
1765688151.920070,4358,256
1765688151.920497,4359,256
1765688151.922285,4360,256
1765688151.930084,4361,256
1765688151.930569,4362,256
1765688151.931221,4363,256
1765688151.933199,4364,256
1765688151.933885,4365,256
1765688151.939706,4366,256
1765688151.941289,4367,256
1765688151.941656,4368,256
1765688151.944791,4369,256
1765688151.945534,4370,256
1765688151.945811,4371,256
1765688151.950204,4372,256
1765688151.953182,4373,256
1765688151.955868,4374,256
1765688151.956625,4375,256
1765688151.957675,4376,256
1765688151.959102,4377,256
1765688151.959338,4378,256
1765688151.961891,4379,256
1765688151.962008,4380,256
1765688151.964035,4381,256
1765688151.964196,4382,256
1765688151.965758,4383,256
1765688151.970436,4384,256
1765688151.971158,4385,256
1765688151.971837,4386,256
1765688151.973271,4387,256
1765688151.973690,4388,256
1765688151.981251,4389,256
1765688151.982758,4390,256
1765688151.983224,4391,256
1765688151.983282,4392,256
1765688151.990087,4393,256
1765688151.996070,4394,256
1765688151.997142,4395,256
1765688151.999161,4396,256
1765688152.002602,4397,256
1765688152.004000,4398,256
1765688152.005236,4399,256
1765688152.009406,4400,256
1765688152.010710,4401,256
1765688152.010907,4402,256
1765688152.011539,4403,256
1765688152.011741,4404,256
1765688152.016542,4405,256
1765688152.017937,4406,256
1765688152.018483,4407,256
1765688152.022122,4408,256
1765688152.022450,4409,256
1765688152.023600,4410,256
1765688152.023930,4411,256
1765688152.026604,4412,256
1765688152.026956,4413,256
1765688152.027297,4414,256
1765688152.028934,4415,256
1765688152.031927,4416,256
1765688152.032131,4417,256
1765688152.033609,4418,256
1765688152.037433,4419,256
1765688152.046595,4420,256
1765688152.048315,4421,256
1765688152.048823,4422,256
1765688152.051797,4423,256
1765688152.052651,4424,256
1765688152.059552,4425,256
1765688152.059858,4426,256
1765688152.062024,4427,256
1765688152.064841,4428,256
1765688152.068135,4429,256
1765688152.068272,4430,256
1765688152.070637,4431,256
1765688152.077378,4432,256
1765688152.078952,4433,256
1765688152.079074,4434,256
1765688152.079836,4435,256
1765688152.079985,4436,256
1765688152.081592,4437,256
1765688152.086120,4438,256
1765688152.087393,4439,256
1765688152.087475,4440,256
1765688152.088033,4441,256
1765688152.089201,4442,256
1765688152.091184,4443,256
1765688152.096109,4444,256
1765688152.097912,4445,256
1765688152.100730,4446,256
1765688152.106507,4447,256
1765688152.109566,4448,256
1765688152.111732,4449,256
1765688152.113594,4450,256
1765688152.117894,4451,256
1765688152.119772,4452,256
1765688152.123594,4453,256
1765688152.124585,4454,256
1765688152.126224,4455,256
1765688152.129487,4456,256
1765688152.130818,4457,256
1765688152.137058,4458,256
1765688152.140801,4459,256
1765688152.145274,4460,256
1765688152.148469,4461,256
1765688152.148533,4462,256
1765688152.149497,4463,256
1765688152.151939,4464,256
1765688152.152702,4465,256
1765688152.154486,4466,256
1765688152.154579,4467,256
1765688152.157772,4468,256
1765688152.159241,4469,256
1765688152.161670,4470,256
1765688152.163465,4471,256
1765688152.167580,4472,256
1765688152.168021,4473,256
1765688152.168208,4474,256
1765688152.170222,4475,256
1765688152.175981,4476,256
1765688152.176281,4477,256
1765688152.176353,4478,256
1765688152.177388,4479,256
1765688152.181413,4480,256
1765688152.181797,4481,256
1765688152.182032,4482,256
1765688152.183760,4483,256
1765688152.185576,4484,256
1765688152.187589,4485,256
1765688152.187744,4486,256
1765688152.187848,4487,256
1765688152.187866,4488,256
1765688152.191028,4489,256
1765688152.194094,4490,256
1765688152.195206,4491,256
1765688152.197397,4492,256
1765688152.197984,4493,256
1765688152.199133,4494,256
1765688152.199414,4495,256
1765688152.199765,4496,256
1765688152.200765,4497,256
1765688152.202861,4498,256
1765688152.204775,4499,256
1765688152.205260,4500,256
1765688152.208600,4501,256
1765688152.208747,4502,256
1765688152.210716,4503,256
1765688152.210988,4504,256
1765688152.212115,4505,256
1765688152.214657,4506,256
1765688152.215625,4507,256
1765688152.217998,4508,256
1765688152.218509,4509,256
1765688152.219534,4510,256
1765688152.224269,4511,256
1765688152.225266,4512,256
1765688152.226993,4513,256
1765688152.227038,4514,256
1765688152.229269,4515,256
1765688152.229466,4516,256
1765688152.230024,4517,256
1765688152.232095,4518,256
1765688152.232945,4519,256
1765688152.233319,4520,256
1765688152.233752,4521,256
1765688152.234913,4522,256
1765688152.235902,4523,256
1765688152.236960,4524,256
1765688152.238509,4525,256
1765688152.239356,4526,256
1765688152.240562,4527,256
1765688152.243962,4528,256
1765688152.245638,4529,256
1765688152.245958,4530,256
1765688152.247937,4531,256
1765688152.251377,4532,256
1765688152.251618,4533,256
1765688152.252314,4534,256
1765688152.252757,4535,256
1765688152.253166,4536,256
1765688152.253269,4537,256
1765688152.254417,4538,256
1765688152.254983,4539,256
1765688152.259014,4540,256
1765688152.261589,4541,256
1765688152.265293,4542,256
1765688152.270176,4543,256
1765688152.270721,4544,256
1765688152.272155,4545,256
1765688152.272441,4546,256
1765688152.274981,4547,256
1765688152.276087,4548,256
1765688152.276769,4549,256
1765688152.278102,4550,256
1765688152.278153,4551,256
1765688152.278384,4552,256
1765688152.282118,4553,256
1765688152.283976,4554,256
1765688152.286796,4555,256
1765688152.291585,4556,256
1765688152.292868,4557,256
1765688152.295348,4558,256
1765688152.295521,4559,256
1765688152.297212,4560,256
1765688152.301128,4561,256
1765688152.301379,4562,256
1765688152.301431,4563,256
1765688152.303709,4564,256
1765688152.311725,4565,256
1765688152.314980,4566,256
1765688152.316499,4567,256
1765688152.319937,4568,256
1765688152.321213,4569,256
1765688152.321313,4570,256
1765688152.324570,4571,256
1765688152.324664,4572,256
1765688152.325216,4573,256
1765688152.335565,4574,256
1765688152.337088,4575,256
1765688152.339069,4576,256
1765688152.339949,4577,256
1765688152.340214,4578,256
1765688152.341196,4579,256
1765688152.341478,4580,256
1765688152.344449,4581,256
1765688152.344646,4582,256
1765688152.345796,4583,256
1765688152.346168,4584,256
1765688152.350219,4585,256
1765688152.350525,4586,256
1765688152.352022,4587,256
1765688152.353405,4588,256
1765688152.353959,4589,256
1765688152.355312,4590,256
1765688152.358460,4591,256
1765688152.359640,4592,256
1765688152.366834,4593,256
1765688152.367010,4594,256
1765688152.367402,4595,256
1765688152.367824,4596,256
1765688152.372483,4597,256
1765688152.373963,4598,256
1765688152.374291,4599,256
1765688152.374740,4600,256
1765688152.379707,4601,256
1765688152.385378,4602,256
1765688152.385921,4603,256
1765688152.386158,4604,256
1765688152.391278,4605,256
1765688152.391402,4606,256
1765688152.392321,4607,256
1765688152.399250,4608,256
1765688152.400814,4609,256
1765688152.402011,4610,256
1765688152.402517,4611,256
1765688152.403176,4612,256
1765688152.404053,4613,256
1765688152.404852,4614,256
1765688152.406081,4615,256
1765688152.407895,4616,256
1765688152.410564,4617,256
1765688152.411097,4618,256
1765688152.416850,4619,256
1765688152.420766,4620,256
1765688152.422755,4621,256
1765688152.424820,4622,256
1765688152.427526,4623,256
1765688152.428059,4624,256
1765688152.428920,4625,256
1765688152.430524,4626,256
1765688152.430672,4627,256
1765688152.434130,4628,256
1765688152.438169,4629,256
1765688152.438357,4630,256
1765688152.439700,4631,256
1765688152.440530,4632,256
1765688152.440873,4633,256
1765688152.442071,4634,256
1765688152.442189,4635,256
1765688152.449640,4636,256
1765688152.451614,4637,256
1765688152.452485,4638,256
1765688152.452655,4639,256
1765688152.452706,4640,256
1765688152.455447,4641,256
1765688152.458202,4642,256
1765688152.460525,4643,256
1765688152.460635,4644,256
1765688152.462588,4645,256
1765688152.466369,4646,256
1765688152.469608,4647,256
1765688152.470059,4648,256
1765688152.470811,4649,256
1765688152.472702,4650,256
1765688152.474790,4651,256
1765688152.474902,4652,256
1765688152.479664,4653,256
1765688152.480387,4654,256
1765688152.481583,4655,256
1765688152.483311,4656,256
1765688152.484783,4657,256
1765688152.490715,4658,256
1765688152.497100,4659,256
1765688152.499732,4660,256
1765688152.501461,4661,256
1765688152.501624,4662,256
1765688152.503871,4663,256
1765688152.505519,4664,256
1765688152.512727,4665,256
1765688152.513691,4666,256
1765688152.516069,4667,256
1765688152.518990,4668,256
1765688152.519581,4669,256
1765688152.521046,4670,256
1765688152.525364,4671,256
1765688152.525535,4672,256
1765688152.526881,4673,256
1765688152.532347,4674,256
1765688152.532436,4675,256
1765688152.535987,4676,256
1765688152.536897,4677,256
1765688152.538135,4678,256
1765688152.538420,4679,256
1765688152.539138,4680,256
1765688152.539315,4681,256
1765688152.540170,4682,256
1765688152.540663,4683,256
1765688152.540811,4684,256
1765688152.542579,4685,256
1765688152.542648,4686,256
1765688152.543044,4687,256
1765688152.543183,4688,256
1765688152.547000,4689,256
1765688152.549956,4690,256
1765688152.553063,4691,256
1765688152.555107,4692,256
1765688152.557020,4693,256
1765688152.557976,4694,256
1765688152.559045,4695,256
1765688152.559693,4696,256
1765688152.560520,4697,256
1765688152.564606,4698,256
1765688152.565835,4699,256
1765688152.566960,4700,256
1765688152.568938,4701,256
1765688152.571629,4702,256
1765688152.573067,4703,256
1765688152.574429,4704,256
1765688152.576150,4705,256
1765688152.576735,4706,256
1765688152.577162,4707,256
1765688152.578116,4708,256
1765688152.585945,4709,256
1765688152.588419,4710,256
1765688152.588513,4711,256
1765688152.593406,4712,256
1765688152.595059,4713,256
1765688152.595455,4714,256
1765688152.606666,4715,256
1765688152.612518,4716,256
1765688152.613142,4717,256
1765688152.617411,4718,256
1765688152.617503,4719,256
1765688152.617522,4720,256
1765688152.619774,4721,256
1765688152.620039,4722,256
1765688152.621754,4723,256
1765688152.624695,4724,256
1765688152.630271,4725,256
1765688152.630608,4726,256
1765688152.630885,4727,256
1765688152.632589,4728,256
1765688152.636262,4729,256
1765688152.636580,4730,256
1765688152.637658,4731,256
1765688152.641248,4732,256
1765688152.641629,4733,256
1765688152.641818,4734,256
1765688152.642043,4735,256
1765688152.645060,4736,256
1765688152.648808,4737,256
1765688152.651493,4738,256
1765688152.652946,4739,256
1765688152.653828,4740,256
1765688152.655453,4741,256
1765688152.661569,4742,256
1765688152.667702,4743,256
1765688152.668632,4744,256
1765688152.669816,4745,256
1765688152.671023,4746,256
1765688152.677442,4747,256
1765688152.678818,4748,256
1765688152.685346,4749,256
1765688152.685871,4750,256
1765688152.686138,4751,256
1765688152.689807,4752,256
1765688152.691048,4753,256
1765688152.692029,4754,256
1765688152.693681,4755,256
1765688152.694980,4756,256
1765688152.697557,4757,256
1765688152.699429,4758,256
1765688152.701557,4759,256
1765688152.701733,4760,256
1765688152.703204,4761,256
1765688152.704190,4762,256
1765688152.706016,4763,256
1765688152.706452,4764,256
1765688152.707247,4765,256
1765688152.708543,4766,256
1765688152.710145,4767,256
1765688152.710766,4768,256
1765688152.711071,4769,256
1765688152.711349,4770,256
1765688152.711694,4771,256
1765688152.711749,4772,256
1765688152.714207,4773,256
1765688152.716249,4774,256
1765688152.716921,4775,256
1765688152.718412,4776,256
1765688152.719461,4777,256
1765688152.719508,4778,256
1765688152.722401,4779,256
1765688152.725011,4780,256
1765688152.732227,4781,256
1765688152.733657,4782,256
1765688152.733716,4783,256
1765688152.736089,4784,256
1765688152.737080,4785,256
1765688152.742972,4786,256
1765688152.743580,4787,256
1765688152.746533,4788,256
1765688152.747434,4789,256
1765688152.749738,4790,256
1765688152.752441,4791,256
1765688152.753268,4792,256
1765688152.753700,4793,256
1765688152.761398,4794,256
1765688152.762053,4795,256
1765688152.762351,4796,256
1765688152.763310,4797,256
1765688152.765709,4798,256
1765688152.767287,4799,256
1765688152.769661,4800,256
1765688152.770117,4801,256
1765688152.773181,4802,256
1765688152.774808,4803,256
1765688152.775118,4804,256
1765688152.775577,4805,256
1765688152.776910,4806,256
1765688152.780617,4807,256
1765688152.780993,4808,256
1765688152.781305,4809,256
1765688152.784372,4810,256
1765688152.786070,4811,256
1765688152.789651,4812,256
1765688152.789894,4813,256
1765688152.790217,4814,256
1765688152.791205,4815,256
1765688152.791735,4816,256
1765688152.792567,4817,256
1765688152.793326,4818,256
1765688152.798081,4819,256
1765688152.798634,4820,256
1765688152.799523,4821,256
1765688152.801277,4822,256
1765688152.803994,4823,256
1765688152.804444,4824,256
1765688152.805594,4825,256
1765688152.811054,4826,256
1765688152.812737,4827,256
1765688152.821149,4828,256
1765688152.821331,4829,256
1765688152.821580,4830,256
1765688152.823437,4831,256
1765688152.832121,4832,256
1765688152.832307,4833,256
1765688152.832527,4834,256
1765688152.834047,4835,256
1765688152.834902,4836,256
1765688152.836434,4837,256
1765688152.836599,4838,256
1765688152.837003,4839,256
1765688152.842779,4840,256
1765688152.844656,4841,256
1765688152.846416,4842,256
1765688152.846616,4843,256
1765688152.851883,4844,256
1765688152.855482,4845,256
1765688152.857602,4846,256
1765688152.860168,4847,256
1765688152.865246,4848,256
1765688152.867271,4849,256
1765688152.867364,4850,256
1765688152.868086,4851,256
1765688152.868860,4852,256
1765688152.871426,4853,256
1765688152.874329,4854,256
1765688152.881571,4855,256
1765688152.885336,4856,256
1765688152.885909,4857,256
1765688152.892969,4858,256
1765688152.893073,4859,256
1765688152.893930,4860,256
1765688152.895454,4861,256
1765688152.897400,4862,256
1765688152.898845,4863,256
1765688152.899369,4864,256
1765688152.901822,4865,256
1765688152.901905,4866,256
1765688152.903937,4867,256
1765688152.904238,4868,256
1765688152.904861,4869,256
1765688152.907627,4870,256
1765688152.908100,4871,256
1765688152.908474,4872,256
1765688152.912301,4873,256
1765688152.912742,4874,256
1765688152.916582,4875,256
1765688152.918229,4876,256
1765688152.923281,4877,256
1765688152.924672,4878,256
1765688152.928642,4879,256
1765688152.931076,4880,256
1765688152.932996,4881,256
1765688152.933381,4882,256
1765688152.935471,4883,256
1765688152.942190,4884,256
1765688152.942482,4885,256
1765688152.942979,4886,256
1765688152.943739,4887,256
1765688152.946953,4888,256
1765688152.950330,4889,256
1765688152.950435,4890,256
1765688152.952701,4891,256
1765688152.956216,4892,256
1765688152.956516,4893,256
1765688152.958671,4894,256
1765688152.959959,4895,256
1765688152.963871,4896,256
1765688152.967206,4897,256
1765688152.970578,4898,256
1765688152.971004,4899,256
1765688152.971154,4900,256
1765688152.972809,4901,256
1765688152.973488,4902,256
1765688152.973930,4903,256
1765688152.975362,4904,256
1765688152.976792,4905,256
1765688152.979891,4906,256
1765688152.980060,4907,256
1765688152.980324,4908,256
1765688152.980592,4909,256
1765688152.982110,4910,256
1765688152.983931,4911,256
1765688152.984774,4912,256
1765688152.990734,4913,256
1765688152.993203,4914,256
1765688152.993421,4915,256
1765688152.994293,4916,256
1765688152.995581,4917,256
1765688152.996599,4918,256
1765688153.000809,4919,256
1765688153.001197,4920,256
1765688153.002781,4921,256
1765688153.003158,4922,256
1765688153.004613,4923,256
1765688153.005121,4924,256
1765688153.006181,4925,256
1765688153.007367,4926,256
1765688153.007425,4927,256
1765688153.007454,4928,256
1765688153.012876,4929,256
1765688153.014235,4930,256
1765688153.014336,4931,256
1765688153.014561,4932,256
1765688153.018461,4933,256
1765688153.018609,4934,256
1765688153.022170,4935,256
1765688153.023482,4936,256
1765688153.026828,4937,256
1765688153.027585,4938,256
1765688153.028566,4939,256
1765688153.029825,4940,256
1765688153.029874,4941,256
1765688153.031475,4942,256
1765688153.033050,4943,256
1765688153.034742,4944,256
1765688153.034832,4945,256
1765688153.034878,4946,256
1765688153.036809,4947,256
1765688153.038022,4948,256
1765688153.040332,4949,256
1765688153.040912,4950,256
1765688153.042877,4951,256
1765688153.044996,4952,256
1765688153.049662,4953,256
1765688153.050809,4954,256
1765688153.052461,4955,256
1765688153.056239,4956,256
1765688153.056340,4957,256
1765688153.056687,4958,256
1765688153.059652,4959,256
1765688153.060342,4960,256
1765688153.061711,4961,256
1765688153.063573,4962,256
1765688153.065110,4963,256
1765688153.065175,4964,256
1765688153.065655,4965,256
1765688153.066952,4966,256
1765688153.067773,4967,256
1765688153.069362,4968,256
1765688153.071108,4969,256
1765688153.076727,4970,256
1765688153.077429,4971,256
1765688153.078134,4972,256
1765688153.082599,4973,256
1765688153.087399,4974,256
1765688153.088063,4975,256
1765688153.097723,4976,256
1765688153.098114,4977,256
1765688153.101712,4978,256
1765688153.101877,4979,256
1765688153.103420,4980,256
1765688153.106431,4981,256
1765688153.109146,4982,256
1765688153.111031,4983,256
1765688153.112084,4984,256
1765688153.118733,4985,256
1765688153.121381,4986,256
1765688153.121823,4987,256
1765688153.122370,4988,256
1765688153.132432,4989,256
1765688153.133215,4990,256
1765688153.135106,4991,256
1765688153.135644,4992,256
1765688153.139336,4993,256
1765688153.142535,4994,256
1765688153.144823,4995,256
1765688153.146224,4996,256
1765688153.153405,4997,256
1765688153.154816,4998,256
1765688153.155995,4999,256
1765688153.157254,5000,256
1765688153.162492,5001,256
1765688153.164643,5002,256
1765688153.165869,5003,256
1765688153.166648,5004,256
1765688153.167240,5005,256
1765688153.169055,5006,256
1765688153.171567,5007,256
1765688153.172222,5008,256
1765688153.173831,5009,256
1765688153.176096,5010,256
1765688153.176349,5011,256
1765688153.176479,5012,256
1765688153.177124,5013,256
1765688153.179384,5014,256
1765688153.179507,5015,256
1765688153.190153,5016,256
1765688153.191384,5017,256
1765688153.193270,5018,256
1765688153.193891,5019,256
1765688153.200451,5020,256
1765688153.201392,5021,256
1765688153.206525,5022,256
1765688153.207520,5023,256
1765688153.207764,5024,256
1765688153.208460,5025,256
1765688153.209117,5026,256
1765688153.215925,5027,256
1765688153.221853,5028,256
1765688153.222814,5029,256
1765688153.225429,5030,256
1765688153.225949,5031,256
1765688153.227107,5032,256
1765688153.228760,5033,256
1765688153.230068,5034,256
1765688153.231397,5035,256
1765688153.234773,5036,256
1765688153.235321,5037,256
1765688153.237563,5038,256
1765688153.239494,5039,256
1765688153.239920,5040,256
1765688153.240105,5041,256
1765688153.243935,5042,256
1765688153.244322,5043,256
1765688153.248460,5044,256
1765688153.250138,5045,256
1765688153.253396,5046,256
1765688153.254404,5047,256
1765688153.255056,5048,256
1765688153.256193,5049,256
1765688153.256266,5050,256
1765688153.256304,5051,256
1765688153.257478,5052,256
1765688153.257598,5053,256
1765688153.261391,5054,256
1765688153.261952,5055,256
1765688153.263523,5056,256
1765688153.268093,5057,256
1765688153.268246,5058,256
1765688153.269019,5059,256
1765688153.278926,5060,256
1765688153.281030,5061,256
1765688153.282755,5062,256
1765688153.283564,5063,256
1765688153.286336,5064,256
1765688153.290074,5065,256
1765688153.291003,5066,256
1765688153.292986,5067,256
1765688153.297096,5068,256
1765688153.297365,5069,256
1765688153.297420,5070,256
1765688153.299910,5071,256
1765688153.301747,5072,256
1765688153.304638,5073,256
1765688153.306169,5074,256
1765688153.311489,5075,256
1765688153.319829,5076,256
1765688153.321129,5077,256
1765688153.321320,5078,256
1765688153.321676,5079,256
1765688153.324485,5080,256
1765688153.325956,5081,256
1765688153.326691,5082,256
1765688153.326756,5083,256
1765688153.327630,5084,256
1765688153.327778,5085,256
1765688153.328700,5086,256
1765688153.329632,5087,256
1765688153.334625,5088,256
1765688153.335046,5089,256
1765688153.336566,5090,256
1765688153.338159,5091,256
1765688153.345401,5092,256
1765688153.346789,5093,256
1765688153.348061,5094,256
1765688153.348328,5095,256
1765688153.349807,5096,256
1765688153.351147,5097,256
1765688153.354478,5098,256
1765688153.363755,5099,256
1765688153.370109,5100,256
1765688153.371351,5101,256
1765688153.371681,5102,256
1765688153.375963,5103,256
1765688153.376730,5104,256
1765688153.381185,5105,256
1765688153.383333,5106,256
1765688153.385541,5107,256
1765688153.387082,5108,256
1765688153.388250,5109,256
1765688153.389476,5110,256
1765688153.390839,5111,256
1765688153.391195,5112,256
1765688153.394595,5113,256
1765688153.395064,5114,256
1765688153.395118,5115,256
1765688153.397653,5116,256
1765688153.399683,5117,256
1765688153.399936,5118,256
1765688153.407419,5119,256
1765688153.407983,5120,256
1765688153.408464,5121,256
1765688153.409284,5122,256
1765688153.411266,5123,256
1765688153.415338,5124,256
1765688153.416130,5125,256
1765688153.416767,5126,256
1765688153.417573,5127,256
1765688153.417806,5128,256
1765688153.421693,5129,256
1765688153.424189,5130,256
1765688153.428615,5131,256
1765688153.429193,5132,256
1765688153.429262,5133,256
1765688153.429580,5134,256
1765688153.432159,5135,256
1765688153.434362,5136,256
1765688153.435438,5137,256
1765688153.440192,5138,256
1765688153.444822,5139,256
1765688153.446881,5140,256
1765688153.447814,5141,256
1765688153.448179,5142,256
1765688153.448563,5143,256
1765688153.448739,5144,256
1765688153.452130,5145,256
1765688153.452307,5146,256
1765688153.452705,5147,256
1765688153.453721,5148,256
1765688153.455485,5149,256
1765688153.459819,5150,256
1765688153.460846,5151,256
1765688153.461519,5152,256
1765688153.461855,5153,256
1765688153.462620,5154,256
1765688153.463729,5155,256
1765688153.464161,5156,256
1765688153.464800,5157,256
1765688153.466628,5158,256
1765688153.466755,5159,256
1765688153.467834,5160,256
1765688153.468631,5161,256
1765688153.468898,5162,256
1765688153.471596,5163,256
1765688153.473867,5164,256
1765688153.474330,5165,256
1765688153.476375,5166,256
1765688153.476824,5167,256
1765688153.477236,5168,256
1765688153.479132,5169,256
1765688153.479500,5170,256
1765688153.480498,5171,256
1765688153.480688,5172,256
1765688153.483100,5173,256
1765688153.483339,5174,256
1765688153.484310,5175,256
1765688153.484561,5176,256
1765688153.484671,5177,256
1765688153.484782,5178,256
1765688153.484951,5179,256
1765688153.484992,5180,256
1765688153.486196,5181,256
1765688153.486432,5182,256
1765688153.489876,5183,256
1765688153.495156,5184,256
1765688153.495279,5185,256
1765688153.501652,5186,256
1765688153.502375,5187,256
1765688153.502690,5188,256
1765688153.504472,5189,256
1765688153.507563,5190,256
1765688153.513672,5191,256
1765688153.516040,5192,256
1765688153.517640,5193,256
1765688153.527309,5194,256
1765688153.529924,5195,256
1765688153.530141,5196,256
1765688153.531541,5197,256
1765688153.534814,5198,256
1765688153.534862,5199,256
1765688153.535897,5200,256
1765688153.536110,5201,256
1765688153.538236,5202,256
1765688153.543866,5203,256
1765688153.544962,5204,256
1765688153.545359,5205,256
1765688153.548765,5206,256
1765688153.550774,5207,256
1765688153.551595,5208,256
1765688153.557288,5209,256
1765688153.559693,5210,256
1765688153.562578,5211,256
1765688153.568798,5212,256
1765688153.571431,5213,256
1765688153.571870,5214,256
1765688153.572851,5215,256
1765688153.573591,5216,256
1765688153.578892,5217,256
1765688153.580425,5218,256
1765688153.580564,5219,256
1765688153.581052,5220,256
1765688153.582648,5221,256
1765688153.587806,5222,256
1765688153.593146,5223,256
1765688153.595414,5224,256
1765688153.598098,5225,256
1765688153.601261,5226,256
1765688153.602630,5227,256
1765688153.602809,5228,256
1765688153.603987,5229,256
1765688153.604112,5230,256
1765688153.604165,5231,256
1765688153.604918,5232,256
1765688153.607074,5233,256
1765688153.607372,5234,256
1765688153.607425,5235,256
1765688153.609381,5236,256
1765688153.609626,5237,256
1765688153.614308,5238,256
1765688153.615674,5239,256
1765688153.628126,5240,256
1765688153.629788,5241,256
1765688153.632907,5242,256
1765688153.634086,5243,256
1765688153.636837,5244,256
1765688153.636944,5245,256
1765688153.637078,5246,256
1765688153.643358,5247,256
1765688153.643474,5248,256
1765688153.643518,5249,256
1765688153.644757,5250,256
1765688153.648138,5251,256
1765688153.653929,5252,256
1765688153.654025,5253,256
1765688153.654069,5254,256
1765688153.655207,5255,256
1765688153.656237,5256,256
1765688153.657174,5257,256
1765688153.660331,5258,256
1765688153.661124,5259,256
1765688153.662576,5260,256
1765688153.668206,5261,256
1765688153.668335,5262,256
1765688153.669307,5263,256
1765688153.669476,5264,256
1765688153.669786,5265,256
1765688153.673387,5266,256
1765688153.675060,5267,256
1765688153.675923,5268,256
1765688153.676140,5269,256
1765688153.677293,5270,256
1765688153.677886,5271,256
1765688153.678329,5272,256
1765688153.680695,5273,256
1765688153.680928,5274,256
1765688153.682592,5275,256
1765688153.683596,5276,256
1765688153.689028,5277,256
1765688153.690566,5278,256
1765688153.691170,5279,256
1765688153.696293,5280,256
1765688153.699204,5281,256
1765688153.700319,5282,256
1765688153.700699,5283,256
1765688153.704697,5284,256
1765688153.707104,5285,256
1765688153.708345,5286,256
1765688153.711119,5287,256
1765688153.711649,5288,256
1765688153.712275,5289,256
1765688153.716091,5290,256
1765688153.718894,5291,256
1765688153.719301,5292,256
1765688153.721215,5293,256
1765688153.721928,5294,256
1765688153.723167,5295,256
1765688153.731205,5296,256
1765688153.733362,5297,256
1765688153.733444,5298,256
1765688153.734576,5299,256
1765688153.737094,5300,256
1765688153.738302,5301,256
1765688153.740278,5302,256
1765688153.740395,5303,256
1765688153.744338,5304,256
1765688153.745340,5305,256
1765688153.746691,5306,256
1765688153.748363,5307,256
1765688153.749371,5308,256
1765688153.751107,5309,256
1765688153.751201,5310,256
1765688153.753170,5311,256
1765688153.753258,5312,256
1765688153.753432,5313,256
1765688153.755051,5314,256
1765688153.757917,5315,256
1765688153.762019,5316,256
1765688153.765692,5317,256
1765688153.766628,5318,256
1765688153.766694,5319,256
1765688153.769874,5320,256
1765688153.773365,5321,256
1765688153.773468,5322,256
1765688153.774029,5323,256
1765688153.775081,5324,256
1765688153.781449,5325,256
1765688153.782147,5326,256
1765688153.786902,5327,256
1765688153.787568,5328,256
1765688153.790616,5329,256
1765688153.792698,5330,256
1765688153.793211,5331,256
1765688153.795645,5332,256
1765688153.798800,5333,256
1765688153.801008,5334,256
1765688153.801937,5335,256
1765688153.806825,5336,256
1765688153.807361,5337,256
1765688153.809112,5338,256
1765688153.810321,5339,256
1765688153.813743,5340,256
1765688153.814524,5341,256
1765688153.817527,5342,256
1765688153.817625,5343,256
1765688153.818538,5344,256
1765688153.819114,5345,256
1765688153.827801,5346,256
1765688153.828387,5347,256
1765688153.834647,5348,256
1765688153.839419,5349,256
1765688153.841481,5350,256
1765688153.843109,5351,256
1765688153.845239,5352,256
1765688153.847799,5353,256
1765688153.848473,5354,256
1765688153.852216,5355,256
1765688153.858841,5356,256
1765688153.859021,5357,256
1765688153.860717,5358,256
1765688153.865200,5359,256
1765688153.868208,5360,256
1765688153.869586,5361,256
1765688153.870490,5362,256
1765688153.872288,5363,256
1765688153.874707,5364,256
1765688153.880511,5365,256
1765688153.881908,5366,256
1765688153.884167,5367,256
1765688153.886478,5368,256
1765688153.887427,5369,256
1765688153.891578,5370,256
1765688153.892536,5371,256
1765688153.893962,5372,256
1765688153.894865,5373,256
1765688153.895075,5374,256
1765688153.898853,5375,256
1765688153.899077,5376,256
1765688153.900974,5377,256
1765688153.901369,5378,256
1765688153.902729,5379,256
1765688153.903124,5380,256
1765688153.908512,5381,256
1765688153.912584,5382,256
1765688153.913745,5383,256
1765688153.917709,5384,256
1765688153.923184,5385,256
1765688153.924493,5386,256
1765688153.926923,5387,256
1765688153.927769,5388,256
1765688153.931440,5389,256
1765688153.932556,5390,256
1765688153.934283,5391,256
1765688153.935564,5392,256
1765688153.937060,5393,256
1765688153.938567,5394,256
1765688153.941136,5395,256
1765688153.941623,5396,256
1765688153.944480,5397,256
1765688153.945110,5398,256
1765688153.946859,5399,256
1765688153.948029,5400,256
1765688153.948717,5401,256
1765688153.953374,5402,256
1765688153.953903,5403,256
1765688153.954035,5404,256
1765688153.955015,5405,256
1765688153.955648,5406,256
1765688153.956579,5407,256
1765688153.956923,5408,256
1765688153.960521,5409,256
1765688153.960865,5410,256
1765688153.962090,5411,256
1765688153.962438,5412,256
1765688153.963882,5413,256
1765688153.966589,5414,256
1765688153.967628,5415,256
1765688153.975811,5416,256
1765688153.978619,5417,256
1765688153.981826,5418,256
1765688153.982046,5419,256
1765688153.982198,5420,256
1765688153.986321,5421,256
1765688153.987779,5422,256
1765688153.988008,5423,256
1765688153.989202,5424,256
1765688153.989339,5425,256
1765688153.991361,5426,256
1765688153.992833,5427,256
1765688153.993314,5428,256
1765688153.993357,5429,256
1765688153.996161,5430,256
1765688154.003160,5431,256
1765688154.004384,5432,256
1765688154.007570,5433,256
1765688154.008006,5434,256
1765688154.010609,5435,256
1765688154.011921,5436,256
1765688154.013633,5437,256
1765688154.016350,5438,256
1765688154.022046,5439,256
1765688154.024574,5440,256
1765688154.025491,5441,256
1765688154.025917,5442,256
1765688154.027263,5443,256
1765688154.027730,5444,256
1765688154.031422,5445,256
1765688154.038682,5446,256
1765688154.046283,5447,256
1765688154.048371,5448,256
1765688154.048989,5449,256
1765688154.051557,5450,256
1765688154.055948,5451,256
1765688154.056953,5452,256
1765688154.057618,5453,256
1765688154.057994,5454,256
1765688154.058244,5455,256
1765688154.060255,5456,256
1765688154.060491,5457,256
1765688154.063988,5458,256
1765688154.070080,5459,256
1765688154.071575,5460,256
1765688154.073036,5461,256
1765688154.078953,5462,256
1765688154.079218,5463,256
1765688154.080029,5464,256
1765688154.080466,5465,256
1765688154.082575,5466,256
1765688154.083478,5467,256
1765688154.084055,5468,256
1765688154.087936,5469,256
1765688154.089640,5470,256
1765688154.089777,5471,256
1765688154.090654,5472,256
1765688154.091084,5473,256
1765688154.095701,5474,256
1765688154.101156,5475,256
1765688154.104750,5476,256
1765688154.104898,5477,256
1765688154.105868,5478,256
1765688154.109122,5479,256
1765688154.110577,5480,256
1765688154.111642,5481,256
1765688154.115353,5482,256
1765688154.118464,5483,256
1765688154.119318,5484,256
1765688154.120390,5485,256
1765688154.121761,5486,256
1765688154.123572,5487,256
1765688154.125563,5488,256
1765688154.128951,5489,256
1765688154.130092,5490,256
1765688154.130792,5491,256
1765688154.136768,5492,256
1765688154.137562,5493,256
1765688154.139691,5494,256
1765688154.147163,5495,256
1765688154.150717,5496,256
1765688154.151664,5497,256
1765688154.151845,5498,256
1765688154.155737,5499,256
1765688154.155866,5500,256
1765688154.156205,5501,256
1765688154.167193,5502,256
1765688154.167723,5503,256
1765688154.167870,5504,256
1765688154.169948,5505,256
1765688154.170409,5506,256
1765688154.171385,5507,256
1765688154.172758,5508,256
1765688154.184267,5509,256
1765688154.187124,5510,256
1765688154.189437,5511,256
1765688154.189708,5512,256
1765688154.191568,5513,256
1765688154.194793,5514,256
1765688154.198588,5515,256
1765688154.199019,5516,256
1765688154.203521,5517,256
1765688154.204590,5518,256
1765688154.215111,5519,256
1765688154.215568,5520,256
1765688154.215766,5521,256
1765688154.215804,5522,256
1765688154.215980,5523,256
1765688154.217068,5524,256
1765688154.218598,5525,256
1765688154.220707,5526,256
1765688154.222406,5527,256
1765688154.225778,5528,256
1765688154.227991,5529,256
1765688154.230252,5530,256
1765688154.232065,5531,256
1765688154.234800,5532,256
1765688154.249342,5533,256
1765688154.249772,5534,256
1765688154.250766,5535,256
1765688154.253339,5536,256
1765688154.255739,5537,256
1765688154.256517,5538,256
1765688154.256963,5539,256
1765688154.258740,5540,256
1765688154.259272,5541,256
1765688154.264611,5542,256
1765688154.264742,5543,256
1765688154.264780,5544,256
1765688154.264947,5545,256
1765688154.267403,5546,256
1765688154.267432,5547,256
1765688154.269116,5548,256
1765688154.270941,5549,256
1765688154.272485,5550,256
1765688154.278689,5551,256
1765688154.279463,5552,256
1765688154.281142,5553,256
1765688154.281617,5554,256
1765688154.283499,5555,256
1765688154.288210,5556,256
1765688154.291126,5557,256
1765688154.292975,5558,256
1765688154.298764,5559,256
1765688154.299240,5560,256
1765688154.303127,5561,256
1765688154.304899,5562,256
1765688154.306500,5563,256
1765688154.306665,5564,256
1765688154.306683,5565,256
1765688154.307769,5566,256
1765688154.308501,5567,256
1765688154.311503,5568,256
1765688154.311624,5569,256
1765688154.314139,5570,256
1765688154.316295,5571,256
1765688154.316563,5572,256
1765688154.316734,5573,256
1765688154.318513,5574,256
1765688154.319713,5575,256
1765688154.319982,5576,256
1765688154.321898,5577,256
1765688154.322146,5578,256
1765688154.326957,5579,256
1765688154.327332,5580,256
1765688154.328609,5581,256
1765688154.329458,5582,256
1765688154.336745,5583,256
1765688154.340005,5584,256
1765688154.340788,5585,256
1765688154.343654,5586,256
1765688154.345087,5587,256
1765688154.345443,5588,256
1765688154.347769,5589,256
1765688154.347854,5590,256
1765688154.351990,5591,256
1765688154.353494,5592,256
1765688154.354963,5593,256
1765688154.359006,5594,256
1765688154.360388,5595,256
1765688154.361535,5596,256
1765688154.367166,5597,256
1765688154.369263,5598,256
1765688154.369517,5599,256
1765688154.369610,5600,256
1765688154.372011,5601,256
1765688154.372988,5602,256
1765688154.378232,5603,256
1765688154.378409,5604,256
1765688154.381889,5605,256
1765688154.385898,5606,256
1765688154.386163,5607,256
1765688154.387097,5608,256
1765688154.389345,5609,256
1765688154.391000,5610,256
1765688154.394498,5611,256
1765688154.397732,5612,256
1765688154.399530,5613,256
1765688154.401172,5614,256
1765688154.401313,5615,256
1765688154.402263,5616,256
1765688154.407253,5617,256
1765688154.408766,5618,256
1765688154.412120,5619,256
1765688154.412937,5620,256
1765688154.415687,5621,256
1765688154.416521,5622,256
1765688154.419750,5623,256
1765688154.422483,5624,256
1765688154.423447,5625,256
1765688154.423583,5626,256
1765688154.425160,5627,256
1765688154.429265,5628,256
1765688154.430725,5629,256
1765688154.432061,5630,256
1765688154.436364,5631,256
1765688154.438174,5632,256
1765688154.438947,5633,256
1765688154.439980,5634,256
1765688154.440071,5635,256
1765688154.440115,5636,256
1765688154.442194,5637,256
1765688154.442847,5638,256
1765688154.443871,5639,256
1765688154.445674,5640,256
1765688154.446181,5641,256
1765688154.448137,5642,256
1765688154.448535,5643,256
1765688154.450271,5644,256
1765688154.452578,5645,256
1765688154.452784,5646,256
1765688154.454895,5647,256
1765688154.455176,5648,256
1765688154.455933,5649,256
1765688154.456500,5650,256
1765688154.458656,5651,256
1765688154.459309,5652,256
1765688154.461978,5653,256
1765688154.462063,5654,256
1765688154.464630,5655,256
1765688154.465116,5656,256
1765688154.466113,5657,256
1765688154.469393,5658,256
1765688154.471023,5659,256
1765688154.474941,5660,256
1765688154.475924,5661,256
1765688154.476971,5662,256
1765688154.478407,5663,256
1765688154.479589,5664,256
1765688154.480120,5665,256
1765688154.484802,5666,256
1765688154.486977,5667,256
1765688154.488371,5668,256
1765688154.489526,5669,256
1765688154.491466,5670,256
1765688154.493279,5671,256
1765688154.494604,5672,256
1765688154.498306,5673,256
1765688154.503978,5674,256
1765688154.504158,5675,256
1765688154.504565,5676,256
1765688154.504941,5677,256
1765688154.508602,5678,256
1765688154.508734,5679,256
1765688154.512230,5680,256
1765688154.514052,5681,256
1765688154.519982,5682,256
1765688154.521896,5683,256
1765688154.524834,5684,256
1765688154.526157,5685,256
1765688154.528159,5686,256
1765688154.533782,5687,256
1765688154.536654,5688,256
1765688154.537268,5689,256
1765688154.537437,5690,256
1765688154.537968,5691,256
1765688154.538441,5692,256
1765688154.539201,5693,256
1765688154.539436,5694,256
1765688154.539710,5695,256
1765688154.540555,5696,256
1765688154.541200,5697,256
1765688154.541246,5698,256
1765688154.541795,5699,256
1765688154.545848,5700,256
1765688154.550519,5701,256
1765688154.554580,5702,256
1765688154.555745,5703,256
1765688154.556174,5704,256
1765688154.556220,5705,256
1765688154.562659,5706,256
1765688154.565563,5707,256
1765688154.565624,5708,256
1765688154.565997,5709,256
1765688154.567209,5710,256
1765688154.568224,5711,256
1765688154.568891,5712,256
1765688154.572017,5713,256
1765688154.573447,5714,256
1765688154.573595,5715,256
1765688154.575832,5716,256
1765688154.577496,5717,256
1765688154.577899,5718,256
1765688154.585901,5719,256
1765688154.585994,5720,256
1765688154.589840,5721,256
1765688154.590663,5722,256
1765688154.596322,5723,256
1765688154.601459,5724,256
1765688154.601761,5725,256
1765688154.606958,5726,256
1765688154.607650,5727,256
1765688154.607708,5728,256
1765688154.608251,5729,256
1765688154.609199,5730,256
1765688154.609629,5731,256
1765688154.611312,5732,256
1765688154.612740,5733,256
1765688154.618825,5734,256
1765688154.621118,5735,256
1765688154.622190,5736,256
1765688154.624448,5737,256
1765688154.626677,5738,256
1765688154.628074,5739,256
1765688154.628186,5740,256
1765688154.628231,5741,256
1765688154.629569,5742,256
1765688154.636040,5743,256
1765688154.636181,5744,256
1765688154.636745,5745,256
1765688154.638930,5746,256
1765688154.643731,5747,256
1765688154.647332,5748,256
1765688154.647605,5749,256
1765688154.648091,5750,256
1765688154.648123,5751,256
1765688154.648910,5752,256
1765688154.648939,5753,256
1765688154.649920,5754,256
1765688154.651924,5755,256
1765688154.653798,5756,256
1765688154.653905,5757,256
1765688154.654102,5758,256
1765688154.655145,5759,256
1765688154.659606,5760,256
1765688154.663621,5761,256
1765688154.663710,5762,256
1765688154.669607,5763,256
1765688154.671927,5764,256
1765688154.672043,5765,256
1765688154.675966,5766,256
1765688154.679474,5767,256
1765688154.681031,5768,256
1765688154.683456,5769,256
1765688154.685744,5770,256
1765688154.687684,5771,256
1765688154.692593,5772,256
1765688154.693208,5773,256
1765688154.701857,5774,256
1765688154.702006,5775,256
1765688154.702028,5776,256
1765688154.707114,5777,256
1765688154.707313,5778,256
1765688154.712300,5779,256
1765688154.713562,5780,256
1765688154.714559,5781,256
1765688154.717503,5782,256
1765688154.718256,5783,256
1765688154.718349,5784,256
1765688154.726768,5785,256
1765688154.726911,5786,256
1765688154.729270,5787,256
1765688154.730017,5788,256
1765688154.730201,5789,256
1765688154.739327,5790,256
1765688154.740613,5791,256
1765688154.745465,5792,256
1765688154.745833,5793,256
1765688154.747317,5794,256
1765688154.748558,5795,256
1765688154.752928,5796,256
1765688154.758792,5797,256
1765688154.760028,5798,256
1765688154.762642,5799,256
1765688154.766382,5800,256
1765688154.767564,5801,256
1765688154.771659,5802,256
1765688154.777841,5803,256
1765688154.778372,5804,256
1765688154.783676,5805,256
1765688154.787991,5806,256
1765688154.788210,5807,256
1765688154.788233,5808,256
1765688154.790262,5809,256
1765688154.792323,5810,256
1765688154.794056,5811,256
1765688154.794865,5812,256
1765688154.794890,5813,256
1765688154.797226,5814,256
1765688154.798142,5815,256
1765688154.798164,5816,256
1765688154.799214,5817,256
1765688154.802374,5818,256
1765688154.802916,5819,256
1765688154.803147,5820,256
1765688154.807931,5821,256
1765688154.808183,5822,256
1765688154.809493,5823,256
1765688154.819860,5824,256
1765688154.823173,5825,256
1765688154.828073,5826,256
1765688154.828218,5827,256
1765688154.829701,5828,256
1765688154.829829,5829,256
1765688154.833972,5830,256
1765688154.835896,5831,256
1765688154.838073,5832,256
1765688154.839253,5833,256
1765688154.839600,5834,256
1765688154.840054,5835,256
1765688154.841362,5836,256
1765688154.842040,5837,256
1765688154.842662,5838,256
1765688154.844346,5839,256
1765688154.853315,5840,256
1765688154.856228,5841,256
1765688154.857543,5842,256
1765688154.859027,5843,256
1765688154.860155,5844,256
1765688154.861629,5845,256
1765688154.862581,5846,256
1765688154.863456,5847,256
1765688154.864203,5848,256
1765688154.867627,5849,256
1765688154.868997,5850,256
1765688154.869652,5851,256
1765688154.869969,5852,256
1765688154.870682,5853,256
1765688154.870848,5854,256
1765688154.874706,5855,256
1765688154.877052,5856,256
1765688154.877760,5857,256
1765688154.879321,5858,256
1765688154.882975,5859,256
1765688154.889158,5860,256
1765688154.889230,5861,256
1765688154.896121,5862,256
1765688154.897533,5863,256
1765688154.897820,5864,256
1765688154.898884,5865,256
1765688154.900500,5866,256
1765688154.902097,5867,256
1765688154.902304,5868,256
1765688154.906247,5869,256
1765688154.907928,5870,256
1765688154.908534,5871,256
1765688154.908850,5872,256
1765688154.909103,5873,256
1765688154.909610,5874,256
1765688154.910199,5875,256
1765688154.910691,5876,256
1765688154.912791,5877,256
1765688154.913201,5878,256
1765688154.919886,5879,256
1765688154.920108,5880,256
1765688154.922415,5881,256
1765688154.925447,5882,256
1765688154.928442,5883,256
1765688154.929082,5884,256
1765688154.931414,5885,256
1765688154.935614,5886,256
1765688154.936021,5887,256
1765688154.938543,5888,256
1765688154.940471,5889,256
1765688154.941440,5890,256
1765688154.942446,5891,256
1765688154.943279,5892,256
1765688154.950558,5893,256
1765688154.954337,5894,256
1765688154.957905,5895,256
1765688154.958377,5896,256
1765688154.962416,5897,256
1765688154.963634,5898,256
1765688154.964057,5899,256
1765688154.965077,5900,256
1765688154.966696,5901,256
1765688154.969986,5902,256
1765688154.972989,5903,256
1765688154.973824,5904,256
1765688154.974331,5905,256
1765688154.976901,5906,256
1765688154.980773,5907,256
1765688154.981086,5908,256
1765688154.982756,5909,256
1765688154.982827,5910,256
1765688154.983153,5911,256
1765688154.984922,5912,256
1765688154.985271,5913,256
1765688154.988632,5914,256
1765688154.989565,5915,256
1765688154.989920,5916,256
1765688154.990629,5917,256
1765688154.991105,5918,256
1765688154.994504,5919,256
1765688154.994880,5920,256
1765688154.997742,5921,256
1765688154.999634,5922,256
1765688155.001960,5923,256
1765688155.002051,5924,256
1765688155.002091,5925,256
1765688155.003911,5926,256
1765688155.004705,5927,256
1765688155.007054,5928,256
1765688155.008123,5929,256
1765688155.009112,5930,256
1765688155.010625,5931,256
1765688155.012078,5932,256
1765688155.019439,5933,256
1765688155.020231,5934,256
1765688155.020521,5935,256
1765688155.020598,5936,256
1765688155.022023,5937,256
1765688155.022361,5938,256
1765688155.025042,5939,256
1765688155.025385,5940,256
1765688155.027196,5941,256
1765688155.029415,5942,256
1765688155.029790,5943,256
1765688155.031972,5944,256
1765688155.033462,5945,256
1765688155.033971,5946,256
1765688155.038872,5947,256
1765688155.039860,5948,256
1765688155.040898,5949,256
1765688155.041754,5950,256
1765688155.044348,5951,256
1765688155.044677,5952,256
1765688155.046138,5953,256
1765688155.047862,5954,256
1765688155.049462,5955,256
1765688155.052207,5956,256
1765688155.052651,5957,256
1765688155.053317,5958,256
1765688155.054559,5959,256
1765688155.058100,5960,256
1765688155.066078,5961,256
1765688155.069009,5962,256
1765688155.070928,5963,256
1765688155.072648,5964,256
1765688155.076076,5965,256
1765688155.082405,5966,256
1765688155.083760,5967,256
1765688155.087573,5968,256
1765688155.087638,5969,256
1765688155.090347,5970,256
1765688155.092400,5971,256
1765688155.094033,5972,256
1765688155.094900,5973,256
1765688155.099266,5974,256
1765688155.100540,5975,256
1765688155.101338,5976,256
1765688155.107604,5977,256
1765688155.107882,5978,256
1765688155.108635,5979,256
1765688155.109149,5980,256
1765688155.109434,5981,256
1765688155.109720,5982,256
1765688155.110915,5983,256
1765688155.114521,5984,256
1765688155.115284,5985,256
1765688155.121415,5986,256
1765688155.124266,5987,256
1765688155.126308,5988,256
1765688155.129748,5989,256
1765688155.131629,5990,256
1765688155.135801,5991,256
1765688155.136876,5992,256
1765688155.137565,5993,256
1765688155.139107,5994,256
1765688155.140735,5995,256
1765688155.141641,5996,256
1765688155.148381,5997,256
1765688155.149644,5998,256
1765688155.152069,5999,256
1765688155.152328,6000,256
1765688155.163042,6001,256
1765688155.169294,6002,256
1765688155.169793,6003,256
1765688155.170341,6004,256
1765688155.172086,6005,256
1765688155.173000,6006,256
1765688155.177957,6007,256
1765688155.183337,6008,256
1765688155.184839,6009,256
1765688155.186513,6010,256
1765688155.188167,6011,256
1765688155.189259,6012,256
1765688155.189303,6013,256
1765688155.190129,6014,256
1765688155.190506,6015,256
1765688155.193152,6016,256
1765688155.197380,6017,256
1765688155.199446,6018,256
1765688155.199779,6019,256
1765688155.201983,6020,256
1765688155.206183,6021,256
1765688155.206368,6022,256
1765688155.206389,6023,256
1765688155.207482,6024,256
1765688155.210723,6025,256
1765688155.214095,6026,256
1765688155.216996,6027,256
1765688155.217973,6028,256
1765688155.223252,6029,256
1765688155.224925,6030,256
1765688155.225096,6031,256
1765688155.229884,6032,256
1765688155.232203,6033,256
1765688155.235095,6034,256
1765688155.238322,6035,256
1765688155.240073,6036,256
1765688155.240787,6037,256
1765688155.241419,6038,256
1765688155.242154,6039,256
1765688155.243514,6040,256
1765688155.244912,6041,256
1765688155.245070,6042,256
1765688155.245459,6043,256
1765688155.246225,6044,256
1765688155.246337,6045,256
1765688155.247651,6046,256
1765688155.251225,6047,256
1765688155.252379,6048,256
1765688155.252811,6049,256
1765688155.252831,6050,256
1765688155.255812,6051,256
1765688155.256564,6052,256
1765688155.260087,6053,256
1765688155.264566,6054,256
1765688155.267857,6055,256
1765688155.268787,6056,256
1765688155.271123,6057,256
1765688155.271221,6058,256
1765688155.271681,6059,256
1765688155.281998,6060,256
1765688155.282906,6061,256
1765688155.285097,6062,256
1765688155.285274,6063,256
1765688155.285801,6064,256
1765688155.286683,6065,256
1765688155.287713,6066,256
1765688155.289772,6067,256
1765688155.291681,6068,256
1765688155.291850,6069,256
1765688155.292035,6070,256
1765688155.295050,6071,256
1765688155.297573,6072,256
1765688155.297646,6073,256
1765688155.298433,6074,256
1765688155.300513,6075,256
1765688155.305716,6076,256
1765688155.305878,6077,256
1765688155.306484,6078,256
1765688155.311959,6079,256
1765688155.312082,6080,256
1765688155.316363,6081,256
1765688155.317458,6082,256
1765688155.317556,6083,256
1765688155.319592,6084,256
1765688155.321353,6085,256
1765688155.322171,6086,256
1765688155.325253,6087,256
1765688155.330703,6088,256
1765688155.331298,6089,256
1765688155.331437,6090,256
1765688155.337252,6091,256
1765688155.338847,6092,256
1765688155.339788,6093,256
1765688155.339839,6094,256
1765688155.344419,6095,256
1765688155.344514,6096,256
1765688155.346475,6097,256
1765688155.347958,6098,256
1765688155.349825,6099,256
1765688155.350704,6100,256
1765688155.351778,6101,256
1765688155.352172,6102,256
1765688155.354491,6103,256
1765688155.355591,6104,256
1765688155.358293,6105,256
1765688155.363849,6106,256
1765688155.369933,6107,256
1765688155.374214,6108,256
1765688155.376311,6109,256
1765688155.380702,6110,256
1765688155.380885,6111,256
1765688155.381978,6112,256
1765688155.383506,6113,256
1765688155.383914,6114,256
1765688155.384831,6115,256
1765688155.385070,6116,256
1765688155.391053,6117,256
1765688155.392337,6118,256
1765688155.393021,6119,256
1765688155.393327,6120,256
1765688155.393753,6121,256
1765688155.397090,6122,256
1765688155.399047,6123,256
1765688155.404519,6124,256
1765688155.406389,6125,256
1765688155.406469,6126,256
1765688155.407982,6127,256
1765688155.409621,6128,256
1765688155.412418,6129,256
1765688155.420063,6130,256
1765688155.421565,6131,256
1765688155.422573,6132,256
1765688155.425568,6133,256
1765688155.430728,6134,256
1765688155.432063,6135,256
1765688155.432580,6136,256
1765688155.433031,6137,256
1765688155.436768,6138,256
1765688155.438681,6139,256
1765688155.439884,6140,256
1765688155.443210,6141,256
1765688155.443815,6142,256
1765688155.445337,6143,256
1765688155.449341,6144,256
1765688155.449566,6145,256
1765688155.450518,6146,256
1765688155.454557,6147,256
1765688155.455503,6148,256
1765688155.460109,6149,256
1765688155.466689,6150,256
1765688155.471364,6151,256
1765688155.480077,6152,256
1765688155.480365,6153,256
1765688155.482102,6154,256
1765688155.482801,6155,256
1765688155.485925,6156,256
1765688155.486011,6157,256
1765688155.486027,6158,256
1765688155.490940,6159,256
1765688155.491095,6160,256
1765688155.493668,6161,256
1765688155.495207,6162,256
1765688155.496966,6163,256
1765688155.501140,6164,256
1765688155.506695,6165,256
1765688155.508636,6166,256
1765688155.510657,6167,256
1765688155.512575,6168,256
1765688155.512976,6169,256
1765688155.513146,6170,256
1765688155.515348,6171,256
1765688155.516432,6172,256
1765688155.519075,6173,256
1765688155.520661,6174,256
1765688155.521757,6175,256
1765688155.523757,6176,256
1765688155.524067,6177,256
1765688155.529791,6178,256
1765688155.530401,6179,256
1765688155.535293,6180,256
1765688155.535702,6181,256
1765688155.536898,6182,256
1765688155.538692,6183,256
1765688155.540490,6184,256
1765688155.542712,6185,256
1765688155.544466,6186,256
1765688155.547716,6187,256
1765688155.552265,6188,256
1765688155.552406,6189,256
1765688155.554105,6190,256
1765688155.555860,6191,256
1765688155.555998,6192,256
1765688155.557079,6193,256
1765688155.557345,6194,256
1765688155.557514,6195,256
1765688155.558699,6196,256
1765688155.562443,6197,256
1765688155.565882,6198,256
1765688155.571184,6199,256
1765688155.572143,6200,256
1765688155.572687,6201,256
1765688155.573843,6202,256
1765688155.574198,6203,256
1765688155.576569,6204,256
1765688155.576736,6205,256
1765688155.582637,6206,256
1765688155.584770,6207,256
1765688155.586314,6208,256
1765688155.586934,6209,256
1765688155.589067,6210,256
1765688155.591744,6211,256
1765688155.592715,6212,256
1765688155.594037,6213,256
1765688155.595721,6214,256
1765688155.597166,6215,256
1765688155.602469,6216,256
1765688155.603051,6217,256
1765688155.610868,6218,256
1765688155.612961,6219,256
1765688155.613122,6220,256
1765688155.617517,6221,256
1765688155.618221,6222,256
1765688155.623503,6223,256
1765688155.624758,6224,256
1765688155.628367,6225,256
1765688155.628511,6226,256
1765688155.632511,6227,256
1765688155.632684,6228,256
1765688155.634585,6229,256
1765688155.638733,6230,256
1765688155.638825,6231,256
1765688155.641855,6232,256
1765688155.645621,6233,256
1765688155.645805,6234,256
1765688155.646664,6235,256
1765688155.647252,6236,256
1765688155.648005,6237,256
1765688155.651507,6238,256
1765688155.654844,6239,256
1765688155.659106,6240,256
1765688155.662105,6241,256
1765688155.662746,6242,256
1765688155.663872,6243,256
1765688155.667445,6244,256
1765688155.668138,6245,256
1765688155.668345,6246,256
1765688155.673878,6247,256
1765688155.675845,6248,256
1765688155.680249,6249,256
1765688155.680360,6250,256
1765688155.681698,6251,256
1765688155.683592,6252,256
1765688155.685583,6253,256
1765688155.687884,6254,256
1765688155.688438,6255,256
1765688155.689141,6256,256
1765688155.689934,6257,256
1765688155.691540,6258,256
1765688155.696698,6259,256
1765688155.698238,6260,256
1765688155.698343,6261,256
1765688155.701338,6262,256
1765688155.706198,6263,256
1765688155.708707,6264,256
1765688155.709976,6265,256
1765688155.712931,6266,256
1765688155.713223,6267,256
1765688155.715505,6268,256
1765688155.716210,6269,256
1765688155.716987,6270,256
1765688155.722166,6271,256
1765688155.722233,6272,256
1765688155.723664,6273,256
1765688155.723790,6274,256
1765688155.726049,6275,256
1765688155.726665,6276,256
1765688155.729576,6277,256
1765688155.733408,6278,256
1765688155.734478,6279,256
1765688155.735086,6280,256
1765688155.736691,6281,256
1765688155.737820,6282,256
1765688155.746013,6283,256
1765688155.748266,6284,256
1765688155.749218,6285,256
1765688155.752622,6286,256
1765688155.756005,6287,256
1765688155.756792,6288,256
1765688155.758485,6289,256
1765688155.758573,6290,256
1765688155.760728,6291,256
1765688155.760960,6292,256
1765688155.765303,6293,256
1765688155.765352,6294,256
1765688155.770072,6295,256
1765688155.775563,6296,256
1765688155.778110,6297,256
1765688155.778982,6298,256
1765688155.779087,6299,256
1765688155.779440,6300,256
1765688155.780025,6301,256
1765688155.781694,6302,256
1765688155.781752,6303,256
1765688155.782565,6304,256
1765688155.783758,6305,256
1765688155.784189,6306,256
1765688155.786024,6307,256
1765688155.788666,6308,256
1765688155.791013,6309,256
1765688155.792415,6310,256
1765688155.794148,6311,256
1765688155.794562,6312,256
1765688155.796277,6313,256
1765688155.797016,6314,256
1765688155.808801,6315,256
1765688155.810983,6316,256
1765688155.814504,6317,256
1765688155.814574,6318,256
1765688155.815747,6319,256
1765688155.815941,6320,256
1765688155.817267,6321,256
1765688155.821537,6322,256
1765688155.822371,6323,256
1765688155.822575,6324,256
1765688155.823006,6325,256
1765688155.825045,6326,256
1765688155.825475,6327,256
1765688155.827211,6328,256
1765688155.827266,6329,256
1765688155.827568,6330,256
1765688155.828251,6331,256
1765688155.831997,6332,256
1765688155.833692,6333,256
1765688155.834109,6334,256
1765688155.837334,6335,256
1765688155.837678,6336,256
1765688155.846417,6337,256
1765688155.851631,6338,256
1765688155.854938,6339,256
1765688155.857221,6340,256
1765688155.857417,6341,256
1765688155.858239,6342,256
1765688155.861242,6343,256
1765688155.862474,6344,256
1765688155.867219,6345,256
1765688155.873410,6346,256
1765688155.874650,6347,256
1765688155.875104,6348,256
1765688155.875420,6349,256
1765688155.875622,6350,256
1765688155.884494,6351,256
1765688155.885584,6352,256
1765688155.889212,6353,256
1765688155.891164,6354,256
1765688155.891370,6355,256
1765688155.891665,6356,256
1765688155.894262,6357,256
1765688155.896401,6358,256
1765688155.899046,6359,256
1765688155.899889,6360,256
1765688155.900229,6361,256
1765688155.900467,6362,256
1765688155.902888,6363,256
1765688155.904533,6364,256
1765688155.904855,6365,256
1765688155.904931,6366,256
1765688155.906803,6367,256
1765688155.907636,6368,256
1765688155.909508,6369,256
1765688155.909822,6370,256
1765688155.910606,6371,256
1765688155.910906,6372,256
1765688155.911489,6373,256
1765688155.915297,6374,256
1765688155.915518,6375,256
1765688155.916751,6376,256
1765688155.916968,6377,256
1765688155.924598,6378,256
1765688155.926764,6379,256
1765688155.928795,6380,256
1765688155.930493,6381,256
1765688155.931653,6382,256
1765688155.932767,6383,256
1765688155.933398,6384,256
1765688155.947153,6385,256
1765688155.947486,6386,256
1765688155.947518,6387,256
1765688155.948984,6388,256
1765688155.949134,6389,256
1765688155.950094,6390,256
1765688155.952518,6391,256
1765688155.954880,6392,256
1765688155.958074,6393,256
1765688155.958655,6394,256
1765688155.960247,6395,256
1765688155.962278,6396,256
1765688155.963210,6397,256
1765688155.963408,6398,256
1765688155.966596,6399,256
1765688155.966928,6400,256
1765688155.972833,6401,256
1765688155.974234,6402,256
1765688155.975078,6403,256
1765688155.978774,6404,256
1765688155.981927,6405,256
1765688155.982097,6406,256
1765688155.984693,6407,256
1765688155.991310,6408,256
1765688155.994790,6409,256
1765688155.995698,6410,256
1765688155.996433,6411,256
1765688155.996602,6412,256
1765688155.996629,6413,256
1765688155.999771,6414,256
1765688156.001384,6415,256
1765688156.002894,6416,256
1765688156.002939,6417,256
1765688156.003132,6418,256
1765688156.004093,6419,256
1765688156.007221,6420,256
1765688156.007325,6421,256
1765688156.007375,6422,256
1765688156.009574,6423,256
1765688156.010247,6424,256
1765688156.010834,6425,256
1765688156.010890,6426,256
1765688156.010933,6427,256
1765688156.012610,6428,256
1765688156.014356,6429,256
1765688156.019127,6430,256
1765688156.021103,6431,256
1765688156.021914,6432,256
1765688156.022084,6433,256
1765688156.022846,6434,256
1765688156.023541,6435,256
1765688156.026650,6436,256
1765688156.028004,6437,256
1765688156.028081,6438,256
1765688156.031172,6439,256
1765688156.033665,6440,256
1765688156.034121,6441,256
1765688156.034723,6442,256
1765688156.037004,6443,256
1765688156.037688,6444,256
1765688156.037740,6445,256
1765688156.039925,6446,256
1765688156.040421,6447,256
1765688156.041467,6448,256
1765688156.043381,6449,256
1765688156.046347,6450,256
1765688156.050172,6451,256
1765688156.053094,6452,256
1765688156.061565,6453,256
1765688156.065703,6454,256
1765688156.066587,6455,256
1765688156.068312,6456,256
1765688156.074115,6457,256
1765688156.074363,6458,256
1765688156.074806,6459,256
1765688156.075534,6460,256
1765688156.077649,6461,256
1765688156.080069,6462,256
1765688156.084697,6463,256
1765688156.090167,6464,256
1765688156.096472,6465,256
1765688156.096639,6466,256
1765688156.096669,6467,256
1765688156.096882,6468,256
1765688156.097061,6469,256
1765688156.101281,6470,256
1765688156.102219,6471,256
1765688156.106219,6472,256
1765688156.112678,6473,256
1765688156.114945,6474,256
1765688156.116759,6475,256
1765688156.117316,6476,256
1765688156.117971,6477,256
1765688156.118783,6478,256
1765688156.121807,6479,256
1765688156.122897,6480,256
1765688156.123334,6481,256
1765688156.124412,6482,256
1765688156.124431,6483,256
1765688156.126758,6484,256
1765688156.126957,6485,256
1765688156.133281,6486,256
1765688156.133509,6487,256
1765688156.138576,6488,256
1765688156.138673,6489,256
1765688156.151607,6490,256
1765688156.154748,6491,256
1765688156.156624,6492,256
1765688156.156746,6493,256
1765688156.158517,6494,256
1765688156.159477,6495,256
1765688156.160842,6496,256
1765688156.165452,6497,256
1765688156.171676,6498,256
1765688156.173759,6499,256
1765688156.174926,6500,256
1765688156.178052,6501,256
1765688156.178437,6502,256
1765688156.179795,6503,256
1765688156.181079,6504,256
1765688156.181716,6505,256
1765688156.186319,6506,256
1765688156.186446,6507,256
1765688156.186834,6508,256
1765688156.187473,6509,256
1765688156.188819,6510,256
1765688156.189127,6511,256
1765688156.190468,6512,256
1765688156.197157,6513,256
1765688156.197777,6514,256
1765688156.199703,6515,256
1765688156.200732,6516,256
1765688156.200986,6517,256
1765688156.201690,6518,256
1765688156.202671,6519,256
1765688156.202838,6520,256
1765688156.203129,6521,256
1765688156.203419,6522,256
1765688156.207281,6523,256
1765688156.207309,6524,256
1765688156.208014,6525,256
1765688156.210298,6526,256
1765688156.211802,6527,256
1765688156.213580,6528,256
1765688156.215290,6529,256
1765688156.218503,6530,256
1765688156.221122,6531,256
1765688156.221740,6532,256
1765688156.223684,6533,256
1765688156.223829,6534,256
1765688156.224692,6535,256
1765688156.224803,6536,256
1765688156.224823,6537,256
1765688156.226434,6538,256
1765688156.226620,6539,256
1765688156.231287,6540,256
1765688156.238018,6541,256
1765688156.242589,6542,256
1765688156.242652,6543,256
1765688156.244005,6544,256
1765688156.244283,6545,256
1765688156.244526,6546,256
1765688156.254719,6547,256
1765688156.255692,6548,256
1765688156.258971,6549,256
1765688156.259124,6550,256
1765688156.259563,6551,256
1765688156.261430,6552,256
1765688156.263289,6553,256
1765688156.263553,6554,256
1765688156.265227,6555,256
1765688156.265417,6556,256
1765688156.265446,6557,256
1765688156.265557,6558,256
1765688156.265811,6559,256
1765688156.269533,6560,256
1765688156.270696,6561,256
1765688156.270906,6562,256
1765688156.271678,6563,256
1765688156.280124,6564,256
1765688156.283785,6565,256
1765688156.290151,6566,256
1765688156.291776,6567,256
1765688156.293348,6568,256
1765688156.293603,6569,256
1765688156.294780,6570,256
1765688156.299118,6571,256
1765688156.299390,6572,256
1765688156.299659,6573,256
1765688156.305263,6574,256
1765688156.308603,6575,256
1765688156.312607,6576,256
1765688156.313075,6577,256
1765688156.314430,6578,256
1765688156.314542,6579,256
1765688156.315358,6580,256
1765688156.322743,6581,256
1765688156.323406,6582,256
1765688156.324814,6583,256
1765688156.327949,6584,256
1765688156.328879,6585,256
1765688156.332166,6586,256
1765688156.332388,6587,256
1765688156.333524,6588,256
1765688156.334113,6589,256
1765688156.334443,6590,256
1765688156.334553,6591,256
1765688156.334991,6592,256
1765688156.341203,6593,256
1765688156.341515,6594,256
1765688156.345573,6595,256
1765688156.348258,6596,256
1765688156.352475,6597,256
1765688156.353969,6598,256
1765688156.356536,6599,256
1765688156.357509,6600,256
1765688156.357623,6601,256
1765688156.359082,6602,256
1765688156.363503,6603,256
1765688156.373405,6604,256
1765688156.373945,6605,256
1765688156.378597,6606,256
1765688156.380034,6607,256
1765688156.380567,6608,256
1765688156.382161,6609,256
1765688156.384580,6610,256
1765688156.384645,6611,256
1765688156.386760,6612,256
1765688156.394223,6613,256
1765688156.397156,6614,256
1765688156.398332,6615,256
1765688156.399623,6616,256
1765688156.399851,6617,256
1765688156.401036,6618,256
1765688156.401289,6619,256
1765688156.402030,6620,256
1765688156.404446,6621,256
1765688156.405379,6622,256
1765688156.408967,6623,256
1765688156.412476,6624,256
1765688156.413209,6625,256
1765688156.415640,6626,256
1765688156.417885,6627,256
1765688156.419605,6628,256
1765688156.419684,6629,256
1765688156.420174,6630,256
1765688156.420300,6631,256
1765688156.420420,6632,256
1765688156.423261,6633,256
1765688156.425261,6634,256
1765688156.427095,6635,256
1765688156.427163,6636,256
1765688156.428624,6637,256
1765688156.430760,6638,256
1765688156.432243,6639,256
1765688156.434369,6640,256
1765688156.440159,6641,256
1765688156.441230,6642,256
1765688156.443770,6643,256
1765688156.446837,6644,256
1765688156.449665,6645,256
1765688156.451062,6646,256
1765688156.453973,6647,256
1765688156.456315,6648,256
1765688156.456960,6649,256
1765688156.457980,6650,256
1765688156.458113,6651,256
1765688156.458364,6652,256
1765688156.459729,6653,256
1765688156.459899,6654,256
1765688156.462024,6655,256
1765688156.463009,6656,256
1765688156.463622,6657,256
1765688156.464455,6658,256
1765688156.464738,6659,256
1765688156.466470,6660,256
1765688156.469468,6661,256
1765688156.470747,6662,256
1765688156.470982,6663,256
1765688156.476016,6664,256
1765688156.482285,6665,256
1765688156.482500,6666,256
1765688156.483953,6667,256
1765688156.486707,6668,256
1765688156.490058,6669,256
1765688156.490349,6670,256
1765688156.491802,6671,256
1765688156.502278,6672,256
1765688156.502473,6673,256
1765688156.503721,6674,256
1765688156.506677,6675,256
1765688156.507187,6676,256
1765688156.507262,6677,256
1765688156.507763,6678,256
1765688156.508016,6679,256
1765688156.512797,6680,256
1765688156.513780,6681,256
1765688156.514213,6682,256
1765688156.516660,6683,256
1765688156.517638,6684,256
1765688156.521837,6685,256
1765688156.522245,6686,256
1765688156.523461,6687,256
1765688156.524161,6688,256
1765688156.525628,6689,256
1765688156.528748,6690,256
1765688156.529985,6691,256
1765688156.531007,6692,256
1765688156.532970,6693,256
1765688156.533400,6694,256
1765688156.533656,6695,256
1765688156.537385,6696,256
1765688156.539086,6697,256
1765688156.539483,6698,256
1765688156.541967,6699,256
1765688156.543633,6700,256
1765688156.547119,6701,256
1765688156.547272,6702,256
1765688156.548595,6703,256
1765688156.548749,6704,256
1765688156.549153,6705,256
1765688156.550754,6706,256
1765688156.550870,6707,256
1765688156.552015,6708,256
1765688156.552763,6709,256
1765688156.554169,6710,256
1765688156.555458,6711,256
1765688156.555999,6712,256
1765688156.558842,6713,256
1765688156.560229,6714,256
1765688156.561097,6715,256
1765688156.561430,6716,256
1765688156.561559,6717,256
1765688156.563155,6718,256
1765688156.564213,6719,256
1765688156.565243,6720,256
1765688156.567647,6721,256
1765688156.568091,6722,256
1765688156.571479,6723,256
1765688156.571779,6724,256
1765688156.571990,6725,256
1765688156.573395,6726,256
1765688156.584418,6727,256
1765688156.585964,6728,256
1765688156.586479,6729,256
1765688156.592487,6730,256
1765688156.594090,6731,256
1765688156.595871,6732,256
1765688156.597375,6733,256
1765688156.598946,6734,256
1765688156.602307,6735,256
1765688156.602453,6736,256
1765688156.603580,6737,256
1765688156.611683,6738,256
1765688156.613525,6739,256
1765688156.614278,6740,256
1765688156.618521,6741,256
1765688156.619683,6742,256
1765688156.620928,6743,256
1765688156.623109,6744,256
1765688156.623887,6745,256
1765688156.625591,6746,256
1765688156.625819,6747,256
1765688156.626779,6748,256
1765688156.628174,6749,256
1765688156.628682,6750,256
1765688156.629165,6751,256
1765688156.631231,6752,256
1765688156.634995,6753,256
1765688156.635207,6754,256
1765688156.637879,6755,256
1765688156.639440,6756,256
1765688156.640993,6757,256
1765688156.642136,6758,256
1765688156.648700,6759,256
1765688156.654861,6760,256
1765688156.657294,6761,256
1765688156.657332,6762,256
1765688156.657561,6763,256
1765688156.657734,6764,256
1765688156.658018,6765,256
1765688156.658885,6766,256
1765688156.659805,6767,256
1765688156.662148,6768,256
1765688156.662811,6769,256
1765688156.664638,6770,256
1765688156.665281,6771,256
1765688156.667470,6772,256
1765688156.667880,6773,256
1765688156.672649,6774,256
1765688156.673444,6775,256
1765688156.676762,6776,256
1765688156.678349,6777,256
1765688156.679184,6778,256
1765688156.679282,6779,256
1765688156.679420,6780,256
1765688156.680557,6781,256
1765688156.681729,6782,256
1765688156.682369,6783,256
1765688156.684156,6784,256
1765688156.685187,6785,256
1765688156.685212,6786,256
1765688156.686584,6787,256
1765688156.688437,6788,256
1765688156.688811,6789,256
1765688156.695679,6790,256
1765688156.695821,6791,256
1765688156.696204,6792,256
1765688156.697539,6793,256
1765688156.697779,6794,256
1765688156.701125,6795,256
1765688156.703021,6796,256
1765688156.703567,6797,256
1765688156.707899,6798,256
1765688156.708162,6799,256
1765688156.710121,6800,256
1765688156.710188,6801,256
1765688156.716657,6802,256
1765688156.717268,6803,256
1765688156.718224,6804,256
1765688156.721395,6805,256
1765688156.721437,6806,256
1765688156.722458,6807,256
1765688156.723013,6808,256
1765688156.723795,6809,256
1765688156.724281,6810,256
1765688156.724499,6811,256
1765688156.726219,6812,256
1765688156.726686,6813,256
1765688156.727202,6814,256
1765688156.730047,6815,256
1765688156.732763,6816,256
1765688156.733346,6817,256
1765688156.738732,6818,256
1765688156.740136,6819,256
1765688156.740955,6820,256
1765688156.740988,6821,256
1765688156.741164,6822,256
1765688156.742749,6823,256
1765688156.745892,6824,256
1765688156.746250,6825,256
1765688156.748672,6826,256
1765688156.748967,6827,256
1765688156.749210,6828,256
1765688156.749350,6829,256
1765688156.749629,6830,256
1765688156.753525,6831,256
1765688156.756329,6832,256
1765688156.756922,6833,256
1765688156.757213,6834,256
1765688156.759442,6835,256
1765688156.764594,6836,256
1765688156.764663,6837,256
1765688156.768461,6838,256
1765688156.771960,6839,256
1765688156.772487,6840,256
1765688156.774035,6841,256
1765688156.774118,6842,256
1765688156.778234,6843,256
1765688156.778790,6844,256
1765688156.781239,6845,256
1765688156.781875,6846,256
1765688156.782003,6847,256
1765688156.786532,6848,256
1765688156.788223,6849,256
1765688156.788276,6850,256
1765688156.788872,6851,256
1765688156.790013,6852,256
1765688156.791457,6853,256
1765688156.796103,6854,256
1765688156.798820,6855,256
1765688156.799623,6856,256
1765688156.800035,6857,256
1765688156.801926,6858,256
1765688156.802716,6859,256
1765688156.809793,6860,256
1765688156.810240,6861,256
1765688156.810626,6862,256
1765688156.813537,6863,256
1765688156.813654,6864,256
1765688156.813957,6865,256
1765688156.814620,6866,256
1765688156.815520,6867,256
1765688156.815833,6868,256
1765688156.818476,6869,256
1765688156.820787,6870,256
1765688156.823348,6871,256
1765688156.830175,6872,256
1765688156.838169,6873,256
1765688156.838411,6874,256
1765688156.844537,6875,256
1765688156.846092,6876,256
1765688156.846882,6877,256
1765688156.848252,6878,256
1765688156.850095,6879,256
1765688156.850263,6880,256
1765688156.853395,6881,256
1765688156.853781,6882,256
1765688156.853954,6883,256
1765688156.861639,6884,256
1765688156.861784,6885,256
1765688156.865262,6886,256
1765688156.865363,6887,256
1765688156.866142,6888,256
1765688156.871458,6889,256
1765688156.871803,6890,256
1765688156.873103,6891,256
1765688156.875619,6892,256
1765688156.881043,6893,256
1765688156.881905,6894,256
1765688156.888279,6895,256
1765688156.889753,6896,256
1765688156.900075,6897,256
1765688156.900516,6898,256
1765688156.909949,6899,256
1765688156.911045,6900,256
1765688156.912909,6901,256
1765688156.915331,6902,256
1765688156.923463,6903,256
1765688156.927890,6904,256
1765688156.939305,6905,256
1765688156.945710,6906,256
1765688156.947587,6907,256
1765688156.949655,6908,256
1765688156.949739,6909,256
1765688156.950226,6910,256
1765688156.950707,6911,256
1765688156.951648,6912,256
1765688156.954500,6913,256
1765688156.956008,6914,256
1765688156.959857,6915,256
1765688156.960565,6916,256
1765688156.961532,6917,256
1765688156.965109,6918,256
1765688156.975054,6919,256
1765688156.975384,6920,256
1765688156.977920,6921,256
1765688156.978026,6922,256
1765688156.978835,6923,256
1765688156.982884,6924,256
1765688156.987022,6925,256
1765688156.988530,6926,256
1765688156.989657,6927,256
1765688156.991136,6928,256
1765688156.992391,6929,256
1765688156.992708,6930,256
1765688156.993269,6931,256
1765688156.995074,6932,256
1765688156.996659,6933,256
1765688157.001105,6934,256
1765688157.002250,6935,256
1765688157.002517,6936,256
1765688157.003561,6937,256
1765688157.006043,6938,256
1765688157.009243,6939,256
1765688157.011362,6940,256
1765688157.011566,6941,256
1765688157.015364,6942,256
1765688157.019885,6943,256
1765688157.020464,6944,256
1765688157.020745,6945,256
1765688157.027158,6946,256
1765688157.030179,6947,256
1765688157.030753,6948,256
1765688157.031769,6949,256
1765688157.033499,6950,256
1765688157.035252,6951,256
1765688157.036098,6952,256
1765688157.037608,6953,256
1765688157.040339,6954,256
1765688157.048289,6955,256
1765688157.050578,6956,256
1765688157.057205,6957,256
1765688157.057569,6958,256
1765688157.057663,6959,256
1765688157.058018,6960,256
1765688157.058153,6961,256
1765688157.058175,6962,256
1765688157.062696,6963,256
1765688157.065027,6964,256
1765688157.067763,6965,256
1765688157.071307,6966,256
1765688157.071843,6967,256
1765688157.072067,6968,256
1765688157.072922,6969,256
1765688157.073250,6970,256
1765688157.074396,6971,256
1765688157.074558,6972,256
1765688157.075508,6973,256
1765688157.077493,6974,256
1765688157.085135,6975,256
1765688157.086957,6976,256
1765688157.087555,6977,256
1765688157.087574,6978,256
1765688157.088526,6979,256
1765688157.090626,6980,256
1765688157.092891,6981,256
1765688157.095288,6982,256
1765688157.097044,6983,256
1765688157.103436,6984,256
1765688157.104641,6985,256
1765688157.106867,6986,256
1765688157.109136,6987,256
1765688157.109944,6988,256
1765688157.110483,6989,256
1765688157.113610,6990,256
1765688157.113694,6991,256
1765688157.114670,6992,256
1765688157.117743,6993,256
1765688157.117868,6994,256
1765688157.120085,6995,256
1765688157.121304,6996,256
1765688157.122563,6997,256
1765688157.122662,6998,256
1765688157.126456,6999,256
1765688157.126535,7000,256
1765688157.127596,7001,256
1765688157.130690,7002,256
1765688157.130789,7003,256
1765688157.130961,7004,256
1765688157.131458,7005,256
1765688157.132023,7006,256
1765688157.137857,7007,256
1765688157.145070,7008,256
1765688157.146713,7009,256
1765688157.149801,7010,256
1765688157.151594,7011,256
1765688157.152508,7012,256
1765688157.157075,7013,256
1765688157.160060,7014,256
1765688157.161657,7015,256
1765688157.163805,7016,256
1765688157.166537,7017,256
1765688157.172684,7018,256
1765688157.175093,7019,256
1765688157.175475,7020,256
1765688157.178141,7021,256
1765688157.179039,7022,256
1765688157.188350,7023,256
1765688157.189731,7024,256
1765688157.192394,7025,256
1765688157.194272,7026,256
1765688157.194421,7027,256
1765688157.199606,7028,256
1765688157.200261,7029,256
1765688157.200541,7030,256
1765688157.204039,7031,256
1765688157.211438,7032,256
1765688157.213523,7033,256
1765688157.215280,7034,256
1765688157.217354,7035,256
1765688157.217908,7036,256
1765688157.218167,7037,256
1765688157.220150,7038,256
1765688157.220866,7039,256
1765688157.221043,7040,256
1765688157.221743,7041,256
1765688157.221969,7042,256
1765688157.223585,7043,256
1765688157.223629,7044,256
1765688157.225364,7045,256
1765688157.226055,7046,256
1765688157.226325,7047,256
1765688157.228495,7048,256
1765688157.230702,7049,256
1765688157.237099,7050,256
1765688157.240704,7051,256
1765688157.244212,7052,256
1765688157.247471,7053,256
1765688157.248846,7054,256
1765688157.252713,7055,256
1765688157.258271,7056,256
1765688157.258744,7057,256
1765688157.260513,7058,256
1765688157.261909,7059,256
1765688157.266565,7060,256
1765688157.267843,7061,256
1765688157.271391,7062,256
1765688157.272041,7063,256
1765688157.272077,7064,256
1765688157.274030,7065,256
1765688157.274182,7066,256
1765688157.274574,7067,256
1765688157.275730,7068,256
1765688157.276483,7069,256
1765688157.278424,7070,256
1765688157.280688,7071,256
1765688157.280834,7072,256
1765688157.281955,7073,256
1765688157.284923,7074,256
1765688157.287197,7075,256
1765688157.287726,7076,256
1765688157.289966,7077,256
1765688157.295331,7078,256
1765688157.296583,7079,256
1765688157.298262,7080,256
1765688157.298967,7081,256
1765688157.300267,7082,256
1765688157.301402,7083,256
1765688157.304607,7084,256
1765688157.304873,7085,256
1765688157.306193,7086,256
1765688157.306982,7087,256
1765688157.307731,7088,256
1765688157.307857,7089,256
1765688157.308771,7090,256
1765688157.311370,7091,256
1765688157.312259,7092,256
1765688157.314563,7093,256
1765688157.316287,7094,256
1765688157.318817,7095,256
1765688157.319639,7096,256
1765688157.323718,7097,256
1765688157.324119,7098,256
1765688157.324704,7099,256
1765688157.325575,7100,256
1765688157.329854,7101,256
1765688157.335509,7102,256
1765688157.337818,7103,256
1765688157.338334,7104,256
1765688157.340745,7105,256
1765688157.343245,7106,256
1765688157.345928,7107,256
1765688157.352522,7108,256
1765688157.353721,7109,256
1765688157.359394,7110,256
1765688157.362286,7111,256
1765688157.364499,7112,256
1765688157.364634,7113,256
1765688157.371143,7114,256
1765688157.374659,7115,256
1765688157.376106,7116,256
1765688157.376197,7117,256
1765688157.377352,7118,256
1765688157.378085,7119,256
1765688157.379400,7120,256
1765688157.380681,7121,256
1765688157.384825,7122,256
1765688157.385733,7123,256
1765688157.386411,7124,256
1765688157.387795,7125,256
1765688157.394856,7126,256
1765688157.395566,7127,256
1765688157.400539,7128,256
1765688157.402716,7129,256
1765688157.402883,7130,256
1765688157.407058,7131,256
1765688157.408049,7132,256
1765688157.408967,7133,256
1765688157.411630,7134,256
1765688157.413653,7135,256
1765688157.415582,7136,256
1765688157.417877,7137,256
1765688157.421786,7138,256
1765688157.425758,7139,256
1765688157.425805,7140,256
1765688157.426007,7141,256
1765688157.428632,7142,256
1765688157.432679,7143,256
1765688157.433669,7144,256
1765688157.439087,7145,256
1765688157.443641,7146,256
1765688157.444854,7147,256
1765688157.445151,7148,256
1765688157.446068,7149,256
1765688157.449482,7150,256
1765688157.451356,7151,256
1765688157.456758,7152,256
1765688157.461207,7153,256
1765688157.463838,7154,256
1765688157.464423,7155,256
1765688157.464894,7156,256
1765688157.468320,7157,256
1765688157.470024,7158,256
1765688157.476586,7159,256
1765688157.476716,7160,256
1765688157.477690,7161,256
1765688157.479030,7162,256
1765688157.479627,7163,256
1765688157.479778,7164,256
1765688157.480351,7165,256
1765688157.484610,7166,256
1765688157.485574,7167,256
1765688157.493733,7168,256
1765688157.498067,7169,256
1765688157.498766,7170,256
1765688157.503001,7171,256
1765688157.504058,7172,256
1765688157.509380,7173,256
1765688157.511718,7174,256
1765688157.514109,7175,256
1765688157.514140,7176,256
1765688157.521406,7177,256
1765688157.523726,7178,256
1765688157.525008,7179,256
1765688157.525468,7180,256
1765688157.526171,7181,256
1765688157.533366,7182,256
1765688157.539284,7183,256
1765688157.542412,7184,256
1765688157.543509,7185,256
1765688157.545621,7186,256
1765688157.551236,7187,256
1765688157.552939,7188,256
1765688157.553689,7189,256
1765688157.554341,7190,256
1765688157.561073,7191,256
1765688157.563290,7192,256
1765688157.576633,7193,256
1765688157.577013,7194,256
1765688157.578512,7195,256
1765688157.588997,7196,256
1765688157.590209,7197,256
1765688157.591872,7198,256
1765688157.593594,7199,256
1765688157.593763,7200,256
1765688157.597521,7201,256
1765688157.598923,7202,256
1765688157.599079,7203,256
1765688157.599882,7204,256
1765688157.603448,7205,256
1765688157.605106,7206,256
1765688157.610764,7207,256
1765688157.612479,7208,256
1765688157.616846,7209,256
1765688157.621663,7210,256
1765688157.622255,7211,256
1765688157.623059,7212,256
1765688157.625143,7213,256
1765688157.629704,7214,256
1765688157.635757,7215,256
1765688157.636766,7216,256
1765688157.637355,7217,256
1765688157.640665,7218,256
1765688157.643157,7219,256
1765688157.643300,7220,256
1765688157.645145,7221,256
1765688157.646246,7222,256
1765688157.646935,7223,256
1765688157.647803,7224,256
1765688157.647842,7225,256
1765688157.649196,7226,256
1765688157.649573,7227,256
1765688157.653579,7228,256
1765688157.654768,7229,256
1765688157.668480,7230,256
1765688157.670179,7231,256
1765688157.671343,7232,256
1765688157.671396,7233,256
1765688157.671777,7234,256
1765688157.672710,7235,256
1765688157.675940,7236,256
1765688157.677307,7237,256
1765688157.678138,7238,256
1765688157.679157,7239,256
1765688157.684771,7240,256
1765688157.685249,7241,256
1765688157.685887,7242,256
1765688157.687156,7243,256
1765688157.687510,7244,256
1765688157.688474,7245,256
1765688157.690375,7246,256
1765688157.690998,7247,256
1765688157.694117,7248,256
1765688157.696300,7249,256
1765688157.698677,7250,256
1765688157.699185,7251,256
1765688157.699733,7252,256
1765688157.700162,7253,256
1765688157.703064,7254,256
1765688157.703832,7255,256
1765688157.705710,7256,256
1765688157.707719,7257,256
1765688157.709396,7258,256
1765688157.709592,7259,256
1765688157.713580,7260,256
1765688157.713718,7261,256
1765688157.718469,7262,256
1765688157.719072,7263,256
1765688157.721892,7264,256
1765688157.722013,7265,256
1765688157.722174,7266,256
1765688157.722722,7267,256
1765688157.725736,7268,256
1765688157.729502,7269,256
1765688157.733459,7270,256
1765688157.734945,7271,256
1765688157.736617,7272,256
1765688157.738367,7273,256
1765688157.739749,7274,256
1765688157.741718,7275,256
1765688157.743507,7276,256
1765688157.744256,7277,256
1765688157.746651,7278,256
1765688157.747563,7279,256
1765688157.747655,7280,256
1765688157.750932,7281,256
1765688157.752973,7282,256
1765688157.754953,7283,256
1765688157.755024,7284,256
1765688157.756494,7285,256
1765688157.757383,7286,256
1765688157.757433,7287,256
1765688157.760570,7288,256
1765688157.761831,7289,256
1765688157.762048,7290,256
1765688157.763016,7291,256
1765688157.767244,7292,256
1765688157.767313,7293,256
1765688157.768741,7294,256
1765688157.769473,7295,256
1765688157.777989,7296,256
1765688157.781054,7297,256
1765688157.785343,7298,256
1765688157.787539,7299,256
1765688157.789656,7300,256
1765688157.791061,7301,256
1765688157.793538,7302,256
1765688157.796176,7303,256
1765688157.803196,7304,256
1765688157.805194,7305,256
1765688157.811860,7306,256
1765688157.814720,7307,256
1765688157.818683,7308,256
1765688157.820326,7309,256
1765688157.820982,7310,256
1765688157.821624,7311,256
1765688157.822335,7312,256
1765688157.826028,7313,256
1765688157.828856,7314,256
1765688157.833036,7315,256
1765688157.833264,7316,256
1765688157.842615,7317,256
1765688157.843059,7318,256
1765688157.847496,7319,256
1765688157.848092,7320,256
1765688157.852782,7321,256
1765688157.853089,7322,256
1765688157.854489,7323,256
1765688157.857665,7324,256
1765688157.860421,7325,256
1765688157.862571,7326,256
1765688157.866532,7327,256
1765688157.867375,7328,256
1765688157.867693,7329,256
1765688157.867852,7330,256
1765688157.869452,7331,256
1765688157.869682,7332,256
1765688157.872985,7333,256
1765688157.875310,7334,256
1765688157.878422,7335,256
1765688157.878804,7336,256
1765688157.879469,7337,256
1765688157.879518,7338,256
1765688157.880985,7339,256
1765688157.881094,7340,256
1765688157.882134,7341,256
1765688157.882519,7342,256
1765688157.888386,7343,256
1765688157.888427,7344,256
1765688157.891603,7345,256
1765688157.891733,7346,256
1765688157.892889,7347,256
1765688157.894445,7348,256
1765688157.896574,7349,256
1765688157.896692,7350,256
1765688157.896714,7351,256
1765688157.897163,7352,256
1765688157.897670,7353,256
1765688157.898335,7354,256
1765688157.902066,7355,256
1765688157.903890,7356,256
1765688157.907543,7357,256
1765688157.910977,7358,256
1765688157.911375,7359,256
1765688157.913862,7360,256
1765688157.917926,7361,256
1765688157.918814,7362,256
1765688157.920411,7363,256
1765688157.923783,7364,256
1765688157.927166,7365,256
1765688157.927822,7366,256
1765688157.929480,7367,256
1765688157.929837,7368,256
1765688157.933498,7369,256
1765688157.933675,7370,256
1765688157.935271,7371,256
1765688157.939306,7372,256
1765688157.939466,7373,256
1765688157.940515,7374,256
1765688157.944176,7375,256
1765688157.944330,7376,256
1765688157.945678,7377,256
1765688157.946081,7378,256
1765688157.946225,7379,256
1765688157.947567,7380,256
1765688157.949162,7381,256
1765688157.950556,7382,256
1765688157.954769,7383,256
1765688157.955159,7384,256
1765688157.956790,7385,256
1765688157.956883,7386,256
1765688157.958407,7387,256
1765688157.960986,7388,256
1765688157.961268,7389,256
1765688157.965556,7390,256
1765688157.965673,7391,256
1765688157.966436,7392,256
1765688157.966636,7393,256
1765688157.970709,7394,256
1765688157.972551,7395,256
1765688157.974994,7396,256
1765688157.978372,7397,256
1765688157.982590,7398,256
1765688157.992328,7399,256
1765688157.993004,7400,256
1765688157.997538,7401,256
1765688157.999489,7402,256
1765688158.004370,7403,256
1765688158.005085,7404,256
1765688158.005847,7405,256
1765688158.007011,7406,256
1765688158.008755,7407,256
1765688158.009999,7408,256
1765688158.011022,7409,256
1765688158.011175,7410,256
1765688158.013566,7411,256
1765688158.013838,7412,256
1765688158.018061,7413,256
1765688158.020875,7414,256
1765688158.022541,7415,256
1765688158.024193,7416,256
1765688158.026390,7417,256
1765688158.029473,7418,256
1765688158.029675,7419,256
1765688158.031997,7420,256
1765688158.033052,7421,256
1765688158.035038,7422,256
1765688158.036259,7423,256
1765688158.037450,7424,256
1765688158.040602,7425,256
1765688158.042217,7426,256
1765688158.042412,7427,256
1765688158.046585,7428,256
1765688158.047421,7429,256
1765688158.048571,7430,256
1765688158.049238,7431,256
1765688158.058837,7432,256
1765688158.062322,7433,256
1765688158.063005,7434,256
1765688158.063466,7435,256
1765688158.064050,7436,256
1765688158.064370,7437,256
1765688158.066464,7438,256
1765688158.066713,7439,256
1765688158.067664,7440,256
1765688158.069397,7441,256
1765688158.071033,7442,256
1765688158.072818,7443,256
1765688158.073562,7444,256
1765688158.073598,7445,256
1765688158.075246,7446,256
1765688158.077884,7447,256
1765688158.078283,7448,256
1765688158.079460,7449,256
1765688158.081951,7450,256
1765688158.082981,7451,256
1765688158.083795,7452,256
1765688158.085259,7453,256
1765688158.088248,7454,256
1765688158.088342,7455,256
1765688158.090519,7456,256
1765688158.094847,7457,256
1765688158.096451,7458,256
1765688158.096521,7459,256
1765688158.097411,7460,256
1765688158.103626,7461,256
1765688158.111365,7462,256
1765688158.111486,7463,256
1765688158.113967,7464,256
1765688158.114919,7465,256
1765688158.116556,7466,256
1765688158.120313,7467,256
1765688158.121096,7468,256
1765688158.121563,7469,256
1765688158.123639,7470,256
1765688158.124622,7471,256
1765688158.126671,7472,256
1765688158.132658,7473,256
1765688158.134635,7474,256
1765688158.134903,7475,256
1765688158.136286,7476,256
1765688158.138791,7477,256
1765688158.141786,7478,256
1765688158.144814,7479,256
1765688158.147966,7480,256
1765688158.154606,7481,256
1765688158.155543,7482,256
1765688158.155624,7483,256
1765688158.157190,7484,256
1765688158.157376,7485,256
1765688158.158001,7486,256
1765688158.161345,7487,256
1765688158.164342,7488,256
1765688158.165002,7489,256
1765688158.165523,7490,256
1765688158.166062,7491,256
1765688158.166966,7492,256
1765688158.173844,7493,256
1765688158.174632,7494,256
1765688158.175511,7495,256
1765688158.177101,7496,256
1765688158.179946,7497,256
1765688158.180808,7498,256
1765688158.183504,7499,256
1765688158.183730,7500,256
1765688158.184038,7501,256
1765688158.184838,7502,256
1765688158.185142,7503,256
1765688158.185791,7504,256
1765688158.186087,7505,256
1765688158.187426,7506,256
1765688158.188658,7507,256
1765688158.190143,7508,256
1765688158.192898,7509,256
1765688158.193737,7510,256
1765688158.194352,7511,256
1765688158.196440,7512,256
1765688158.196502,7513,256
1765688158.197879,7514,256
1765688158.198292,7515,256
1765688158.199182,7516,256
1765688158.200704,7517,256
1765688158.200939,7518,256
1765688158.202339,7519,256
1765688158.204658,7520,256
1765688158.208403,7521,256
1765688158.209273,7522,256
1765688158.209690,7523,256
1765688158.212451,7524,256
1765688158.219783,7525,256
1765688158.220515,7526,256
1765688158.221721,7527,256
1765688158.224162,7528,256
1765688158.225471,7529,256
1765688158.226739,7530,256
1765688158.227188,7531,256
1765688158.229356,7532,256
1765688158.230939,7533,256
1765688158.238975,7534,256
1765688158.245329,7535,256
1765688158.246831,7536,256
1765688158.247229,7537,256
1765688158.247273,7538,256
1765688158.249246,7539,256
1765688158.253890,7540,256
1765688158.256329,7541,256
1765688158.257922,7542,256
1765688158.258173,7543,256
1765688158.259797,7544,256
1765688158.260176,7545,256
1765688158.262011,7546,256
1765688158.262585,7547,256
1765688158.266092,7548,256
1765688158.267030,7549,256
1765688158.267351,7550,256
1765688158.267497,7551,256
1765688158.271330,7552,256
1765688158.272585,7553,256
1765688158.273335,7554,256
1765688158.274732,7555,256
1765688158.276391,7556,256
1765688158.276459,7557,256
1765688158.276663,7558,256
1765688158.277163,7559,256
1765688158.280054,7560,256
1765688158.282569,7561,256
1765688158.282987,7562,256
1765688158.285337,7563,256
1765688158.286347,7564,256
1765688158.286652,7565,256
1765688158.289992,7566,256
1765688158.294072,7567,256
1765688158.294207,7568,256
1765688158.295805,7569,256
1765688158.299253,7570,256
1765688158.300329,7571,256
1765688158.300797,7572,256
1765688158.301691,7573,256
1765688158.302998,7574,256
1765688158.303355,7575,256
1765688158.303989,7576,256
1765688158.304658,7577,256
1765688158.305251,7578,256
1765688158.307300,7579,256
1765688158.309764,7580,256
1765688158.310610,7581,256
1765688158.310983,7582,256
1765688158.311037,7583,256
1765688158.312078,7584,256
1765688158.315531,7585,256
1765688158.320817,7586,256
1765688158.325018,7587,256
1765688158.327722,7588,256
1765688158.329981,7589,256
1765688158.330059,7590,256
1765688158.332341,7591,256
1765688158.332947,7592,256
1765688158.335305,7593,256
1765688158.338454,7594,256
1765688158.339783,7595,256
1765688158.340293,7596,256
1765688158.342695,7597,256
1765688158.344560,7598,256
1765688158.345813,7599,256
1765688158.347212,7600,256
1765688158.347450,7601,256
1765688158.347769,7602,256
1765688158.353009,7603,256
1765688158.353636,7604,256
1765688158.359618,7605,256
1765688158.363450,7606,256
1765688158.367040,7607,256
1765688158.367979,7608,256
1765688158.369508,7609,256
1765688158.370392,7610,256
1765688158.377872,7611,256
1765688158.380542,7612,256
1765688158.381752,7613,256
1765688158.381951,7614,256
1765688158.383470,7615,256
1765688158.388562,7616,256
1765688158.389581,7617,256
1765688158.392899,7618,256
1765688158.394336,7619,256
1765688158.395241,7620,256
1765688158.395304,7621,256
1765688158.397623,7622,256
1765688158.398915,7623,256
1765688158.400743,7624,256
1765688158.401684,7625,256
1765688158.401966,7626,256
1765688158.402161,7627,256
1765688158.403002,7628,256
1765688158.407694,7629,256
1765688158.408331,7630,256
1765688158.408766,7631,256
1765688158.411782,7632,256
1765688158.412207,7633,256
1765688158.422119,7634,256
1765688158.422481,7635,256
1765688158.424478,7636,256
1765688158.426427,7637,256
1765688158.427449,7638,256
1765688158.428822,7639,256
1765688158.429370,7640,256
1765688158.430298,7641,256
1765688158.431748,7642,256
1765688158.433105,7643,256
1765688158.433207,7644,256
1765688158.433510,7645,256
1765688158.433681,7646,256
1765688158.433745,7647,256
1765688158.434083,7648,256
1765688158.438433,7649,256
1765688158.443956,7650,256
1765688158.445209,7651,256
1765688158.445347,7652,256
1765688158.446495,7653,256
1765688158.450737,7654,256
1765688158.452419,7655,256
1765688158.453671,7656,256
1765688158.453833,7657,256
1765688158.455672,7658,256
1765688158.456492,7659,256
1765688158.456866,7660,256
1765688158.456974,7661,256
1765688158.461347,7662,256
1765688158.462599,7663,256
1765688158.467829,7664,256
1765688158.475076,7665,256
1765688158.476523,7666,256
1765688158.478973,7667,256
1765688158.482013,7668,256
1765688158.483641,7669,256
1765688158.486616,7670,256
1765688158.487795,7671,256
1765688158.489009,7672,256
1765688158.489070,7673,256
1765688158.490847,7674,256
1765688158.493389,7675,256
1765688158.495003,7676,256
1765688158.496622,7677,256
1765688158.507420,7678,256
1765688158.509753,7679,256
1765688158.510647,7680,256
1765688158.513613,7681,256
1765688158.513674,7682,256
1765688158.513966,7683,256
1765688158.514985,7684,256
1765688158.515891,7685,256
1765688158.517136,7686,256
1765688158.518909,7687,256
1765688158.522362,7688,256
1765688158.522526,7689,256
1765688158.524605,7690,256
1765688158.525841,7691,256
1765688158.527008,7692,256
1765688158.527735,7693,256
1765688158.529698,7694,256
1765688158.531318,7695,256
1765688158.533726,7696,256
1765688158.536940,7697,256
1765688158.537355,7698,256
1765688158.538990,7699,256
1765688158.539226,7700,256
1765688158.539466,7701,256
1765688158.540225,7702,256
1765688158.541921,7703,256
1765688158.543247,7704,256
1765688158.548772,7705,256
1765688158.549331,7706,256
1765688158.552417,7707,256
1765688158.554410,7708,256
1765688158.556733,7709,256
1765688158.557265,7710,256
1765688158.557560,7711,256
1765688158.558226,7712,256
1765688158.558274,7713,256
1765688158.559329,7714,256
1765688158.559473,7715,256
1765688158.560400,7716,256
1765688158.562057,7717,256
1765688158.562659,7718,256
1765688158.562895,7719,256
1765688158.563750,7720,256
1765688158.563891,7721,256
1765688158.564837,7722,256
1765688158.567120,7723,256
1765688158.567786,7724,256
1765688158.572591,7725,256
1765688158.572830,7726,256
1765688158.573208,7727,256
1765688158.575773,7728,256
1765688158.582210,7729,256
1765688158.582486,7730,256
1765688158.583822,7731,256
1765688158.583966,7732,256
1765688158.585412,7733,256
1765688158.588972,7734,256
1765688158.592656,7735,256
1765688158.595582,7736,256
1765688158.597078,7737,256
1765688158.599808,7738,256
1765688158.602802,7739,256
1765688158.602890,7740,256
1765688158.603495,7741,256
1765688158.605344,7742,256
1765688158.609820,7743,256
1765688158.611709,7744,256
1765688158.613378,7745,256
1765688158.614362,7746,256
1765688158.618494,7747,256
1765688158.619085,7748,256
1765688158.620307,7749,256
1765688158.620668,7750,256
1765688158.621748,7751,256
1765688158.621964,7752,256
1765688158.623021,7753,256
1765688158.624571,7754,256
1765688158.625711,7755,256
1765688158.631682,7756,256
1765688158.634517,7757,256
1765688158.635707,7758,256
1765688158.638366,7759,256
1765688158.638973,7760,256
1765688158.639023,7761,256
1765688158.644608,7762,256
1765688158.647714,7763,256
1765688158.647796,7764,256
1765688158.650607,7765,256
1765688158.654484,7766,256
1765688158.655556,7767,256
1765688158.658113,7768,256
1765688158.660574,7769,256
1765688158.664078,7770,256
1765688158.666473,7771,256
1765688158.666826,7772,256
1765688158.669642,7773,256
1765688158.674227,7774,256
1765688158.674560,7775,256
1765688158.674970,7776,256
1765688158.676924,7777,256
1765688158.679081,7778,256
1765688158.679913,7779,256
1765688158.681566,7780,256
1765688158.681990,7781,256
1765688158.683025,7782,256
1765688158.683320,7783,256
1765688158.684484,7784,256
1765688158.684525,7785,256
1765688158.688323,7786,256
1765688158.689857,7787,256
1765688158.693835,7788,256
1765688158.696636,7789,256
1765688158.696792,7790,256
1765688158.700034,7791,256
1765688158.704114,7792,256
1765688158.705117,7793,256
1765688158.706053,7794,256
1765688158.707736,7795,256
1765688158.709033,7796,256
1765688158.709929,7797,256
1765688158.709986,7798,256
1765688158.711536,7799,256
1765688158.714135,7800,256
1765688158.716710,7801,256
1765688158.716908,7802,256
1765688158.720251,7803,256
1765688158.721739,7804,256
1765688158.727620,7805,256
1765688158.727757,7806,256
1765688158.730027,7807,256
1765688158.731431,7808,256
1765688158.732642,7809,256
1765688158.734340,7810,256
1765688158.734469,7811,256
1765688158.734793,7812,256
1765688158.735204,7813,256
1765688158.736162,7814,256
1765688158.736587,7815,256
1765688158.738933,7816,256
1765688158.742788,7817,256
1765688158.743011,7818,256
1765688158.745578,7819,256
1765688158.748259,7820,256
1765688158.753109,7821,256
1765688158.757288,7822,256
1765688158.757994,7823,256
1765688158.760109,7824,256
1765688158.760864,7825,256
1765688158.763578,7826,256
1765688158.764160,7827,256
1765688158.764329,7828,256
1765688158.766392,7829,256
1765688158.768575,7830,256
1765688158.775768,7831,256
1765688158.776659,7832,256
1765688158.776751,7833,256
1765688158.777928,7834,256
1765688158.779570,7835,256
1765688158.780557,7836,256
1765688158.780683,7837,256
1765688158.781272,7838,256
1765688158.782944,7839,256
1765688158.784940,7840,256
1765688158.785999,7841,256
1765688158.789702,7842,256
1765688158.789772,7843,256
1765688158.790309,7844,256
1765688158.791942,7845,256
1765688158.793703,7846,256
1765688158.796288,7847,256
1765688158.801445,7848,256
1765688158.803145,7849,256
1765688158.803986,7850,256
1765688158.809245,7851,256
1765688158.809925,7852,256
1765688158.811673,7853,256
1765688158.815322,7854,256
1765688158.816167,7855,256
1765688158.816630,7856,256
1765688158.818674,7857,256
1765688158.822419,7858,256
1765688158.824600,7859,256
1765688158.825247,7860,256
1765688158.825820,7861,256
1765688158.829757,7862,256
1765688158.830572,7863,256
1765688158.831363,7864,256
1765688158.832457,7865,256
1765688158.834833,7866,256
1765688158.838195,7867,256
1765688158.841211,7868,256
1765688158.841659,7869,256
1765688158.843307,7870,256
1765688158.846434,7871,256
1765688158.849221,7872,256
1765688158.850138,7873,256
1765688158.851234,7874,256
1765688158.855154,7875,256
1765688158.855261,7876,256
1765688158.859756,7877,256
1765688158.868835,7878,256
1765688158.870677,7879,256
1765688158.871699,7880,256
1765688158.873604,7881,256
1765688158.879175,7882,256
1765688158.879669,7883,256
1765688158.879975,7884,256
1765688158.880193,7885,256
1765688158.885854,7886,256
1765688158.890795,7887,256
1765688158.893926,7888,256
1765688158.896415,7889,256
1765688158.897788,7890,256
1765688158.900134,7891,256
1765688158.904121,7892,256
1765688158.904258,7893,256
1765688158.907391,7894,256
1765688158.907526,7895,256
1765688158.914263,7896,256
1765688158.914354,7897,256
1765688158.915314,7898,256
1765688158.927689,7899,256
1765688158.931807,7900,256
1765688158.934389,7901,256
1765688158.936051,7902,256
1765688158.937170,7903,256
1765688158.937348,7904,256
1765688158.938214,7905,256
1765688158.938250,7906,256
1765688158.942361,7907,256
1765688158.942580,7908,256
1765688158.942640,7909,256
1765688158.942682,7910,256
1765688158.944164,7911,256
1765688158.950917,7912,256
1765688158.951699,7913,256
1765688158.952194,7914,256
1765688158.952898,7915,256
1765688158.955148,7916,256
1765688158.956316,7917,256
1765688158.961888,7918,256
1765688158.962361,7919,256
1765688158.962679,7920,256
1765688158.963775,7921,256
1765688158.963846,7922,256
1765688158.969149,7923,256
1765688158.972656,7924,256
1765688158.973755,7925,256
1765688158.974117,7926,256
1765688158.977112,7927,256
1765688158.977328,7928,256
1765688158.978041,7929,256
1765688158.979326,7930,256
1765688158.980086,7931,256
1765688158.980565,7932,256
1765688158.981827,7933,256
1765688158.987992,7934,256
1765688158.989405,7935,256
1765688158.993072,7936,256
1765688158.994942,7937,256
1765688158.999828,7938,256
1765688158.999892,7939,256
1765688159.003253,7940,256
1765688159.004580,7941,256
1765688159.005724,7942,256
1765688159.006628,7943,256
1765688159.008294,7944,256
1765688159.009425,7945,256
1765688159.009632,7946,256
1765688159.010697,7947,256
1765688159.012238,7948,256
1765688159.012786,7949,256
1765688159.013181,7950,256
1765688159.015000,7951,256
1765688159.017889,7952,256
1765688159.022148,7953,256
1765688159.030229,7954,256
1765688159.037777,7955,256
1765688159.040461,7956,256
1765688159.040645,7957,256
1765688159.041620,7958,256
1765688159.042281,7959,256
1765688159.043480,7960,256
1765688159.044985,7961,256
1765688159.045452,7962,256
1765688159.050112,7963,256
1765688159.050640,7964,256
1765688159.051029,7965,256
1765688159.051498,7966,256
1765688159.053296,7967,256
1765688159.055120,7968,256
1765688159.057664,7969,256
1765688159.057980,7970,256
1765688159.059986,7971,256
1765688159.061618,7972,256
1765688159.064412,7973,256
1765688159.068686,7974,256
1765688159.068715,7975,256
1765688159.070507,7976,256
1765688159.074063,7977,256
1765688159.074897,7978,256
1765688159.077456,7979,256
1765688159.080301,7980,256
1765688159.080341,7981,256
1765688159.082000,7982,256
1765688159.085529,7983,256
1765688159.086833,7984,256
1765688159.087240,7985,256
1765688159.091247,7986,256
1765688159.094513,7987,256
1765688159.097014,7988,256
1765688159.098906,7989,256
1765688159.099556,7990,256
1765688159.099658,7991,256
1765688159.100639,7992,256
1765688159.101075,7993,256
1765688159.101487,7994,256
1765688159.103665,7995,256
1765688159.103946,7996,256
1765688159.104075,7997,256
1765688159.104918,7998,256
1765688159.106034,7999,256
1765688159.106575,8000,256
1765688159.112734,8001,256
1765688159.113389,8002,256
1765688159.115894,8003,256
1765688159.118384,8004,256
1765688159.124815,8005,256
1765688159.124999,8006,256
1765688159.125913,8007,256
1765688159.126475,8008,256
1765688159.127730,8009,256
1765688159.127868,8010,256
1765688159.132182,8011,256
1765688159.137101,8012,256
1765688159.139810,8013,256
1765688159.140486,8014,256
1765688159.141017,8015,256
1765688159.141840,8016,256
1765688159.143339,8017,256
1765688159.145755,8018,256
1765688159.145895,8019,256
1765688159.151202,8020,256
1765688159.154174,8021,256
1765688159.156459,8022,256
1765688159.161712,8023,256
1765688159.165333,8024,256
1765688159.165864,8025,256
1765688159.167739,8026,256
1765688159.168378,8027,256
1765688159.176145,8028,256
1765688159.178060,8029,256
1765688159.178422,8030,256
1765688159.178630,8031,256
1765688159.178679,8032,256
1765688159.181108,8033,256
1765688159.181144,8034,256
1765688159.181431,8035,256
1765688159.185162,8036,256
1765688159.185836,8037,256
1765688159.187414,8038,256
1765688159.188226,8039,256
1765688159.190408,8040,256
1765688159.191232,8041,256
1765688159.191778,8042,256
1765688159.192699,8043,256
1765688159.197563,8044,256
1765688159.197615,8045,256
1765688159.198234,8046,256
1765688159.201274,8047,256
1765688159.201316,8048,256
1765688159.201556,8049,256
1765688159.202326,8050,256
1765688159.203874,8051,256
1765688159.205630,8052,256
1765688159.205729,8053,256
1765688159.214093,8054,256
1765688159.217468,8055,256
1765688159.217788,8056,256
1765688159.218973,8057,256
1765688159.220614,8058,256
1765688159.220782,8059,256
1765688159.223322,8060,256
1765688159.225479,8061,256
1765688159.229908,8062,256
1765688159.232147,8063,256
1765688159.233775,8064,256
1765688159.236310,8065,256
1765688159.241988,8066,256
1765688159.242101,8067,256
1765688159.242965,8068,256
1765688159.243962,8069,256
1765688159.245407,8070,256
1765688159.246130,8071,256
1765688159.246429,8072,256
1765688159.247788,8073,256
1765688159.249870,8074,256
1765688159.251431,8075,256
1765688159.251526,8076,256
1765688159.257006,8077,256
1765688159.257244,8078,256
1765688159.260744,8079,256
1765688159.263643,8080,256
1765688159.265985,8081,256
1765688159.266955,8082,256
1765688159.268004,8083,256
1765688159.271076,8084,256
1765688159.272794,8085,256
1765688159.274980,8086,256
1765688159.275854,8087,256
1765688159.276416,8088,256
1765688159.277186,8089,256
1765688159.281517,8090,256
1765688159.281931,8091,256
1765688159.285391,8092,256
1765688159.286659,8093,256
1765688159.286806,8094,256
1765688159.287449,8095,256
1765688159.290949,8096,256
1765688159.305734,8097,256
1765688159.313738,8098,256
1765688159.317060,8099,256
1765688159.317208,8100,256
1765688159.318627,8101,256
1765688159.321087,8102,256
1765688159.321700,8103,256
1765688159.323647,8104,256
1765688159.324688,8105,256
1765688159.326225,8106,256
1765688159.329503,8107,256
1765688159.330701,8108,256
1765688159.331289,8109,256
1765688159.331614,8110,256
1765688159.338506,8111,256
1765688159.341564,8112,256
1765688159.343128,8113,256
1765688159.345015,8114,256
1765688159.355072,8115,256
1765688159.355102,8116,256
1765688159.355337,8117,256
1765688159.359246,8118,256
1765688159.363890,8119,256
1765688159.365075,8120,256
1765688159.369215,8121,256
1765688159.374343,8122,256
1765688159.377738,8123,256
1765688159.378927,8124,256
1765688159.380267,8125,256
1765688159.382063,8126,256
1765688159.382356,8127,256
1765688159.383414,8128,256
1765688159.383792,8129,256
1765688159.398315,8130,256
1765688159.400501,8131,256
1765688159.401551,8132,256
1765688159.409556,8133,256
1765688159.411079,8134,256
1765688159.412791,8135,256
1765688159.417501,8136,256
1765688159.417972,8137,256
1765688159.418875,8138,256
1765688159.423455,8139,256
1765688159.423733,8140,256
1765688159.424560,8141,256
1765688159.426836,8142,256
1765688159.427238,8143,256
1765688159.433204,8144,256
1765688159.437195,8145,256
1765688159.438112,8146,256
1765688159.439381,8147,256
1765688159.441029,8148,256
1765688159.442073,8149,256
1765688159.446228,8150,256
1765688159.446729,8151,256
1765688159.447026,8152,256
1765688159.447373,8153,256
1765688159.448704,8154,256
1765688159.452805,8155,256
1765688159.453234,8156,256
1765688159.455883,8157,256
1765688159.457633,8158,256
1765688159.459426,8159,256
1765688159.459583,8160,256
1765688159.462352,8161,256
1765688159.462618,8162,256
1765688159.466197,8163,256
1765688159.467539,8164,256
1765688159.471572,8165,256
1765688159.472127,8166,256
1765688159.472945,8167,256
1765688159.475109,8168,256
1765688159.476024,8169,256
1765688159.477287,8170,256
1765688159.479573,8171,256
1765688159.481576,8172,256
1765688159.481653,8173,256
1765688159.484135,8174,256
1765688159.485957,8175,256
1765688159.487842,8176,256
1765688159.489377,8177,256
1765688159.489870,8178,256
1765688159.491334,8179,256
1765688159.492791,8180,256
1765688159.494286,8181,256
1765688159.494687,8182,256
1765688159.498385,8183,256
1765688159.499559,8184,256
1765688159.501050,8185,256
1765688159.504164,8186,256
1765688159.513411,8187,256
1765688159.515995,8188,256
1765688159.516268,8189,256
1765688159.518281,8190,256
1765688159.519189,8191,256
1765688159.521974,8192,256
1765688159.522998,8193,256
1765688159.524770,8194,256
1765688159.526112,8195,256
1765688159.527675,8196,256
1765688159.528665,8197,256
1765688159.531450,8198,256
1765688159.533699,8199,256
1765688159.536582,8200,256
1765688159.540730,8201,256
1765688159.547609,8202,256
1765688159.552680,8203,256
1765688159.555885,8204,256
1765688159.557053,8205,256
1765688159.557984,8206,256
1765688159.562943,8207,256
1765688159.563526,8208,256
1765688159.571702,8209,256
1765688159.573897,8210,256
1765688159.575347,8211,256
1765688159.575712,8212,256
1765688159.578018,8213,256
1765688159.579024,8214,256
1765688159.580852,8215,256
1765688159.581185,8216,256
1765688159.584806,8217,256
1765688159.589517,8218,256
1765688159.591938,8219,256
1765688159.593702,8220,256
1765688159.594120,8221,256
1765688159.595192,8222,256
1765688159.597968,8223,256
1765688159.598836,8224,256
1765688159.600042,8225,256
1765688159.601434,8226,256
1765688159.602417,8227,256
1765688159.604819,8228,256
1765688159.611654,8229,256
1765688159.612861,8230,256
1765688159.616153,8231,256
1765688159.616658,8232,256
1765688159.621073,8233,256
1765688159.621234,8234,256
1765688159.622533,8235,256
1765688159.623442,8236,256
1765688159.623779,8237,256
1765688159.624272,8238,256
1765688159.624295,8239,256
1765688159.624713,8240,256
1765688159.624797,8241,256
1765688159.626963,8242,256
1765688159.631011,8243,256
1765688159.631117,8244,256
1765688159.633651,8245,256
1765688159.638179,8246,256
1765688159.639422,8247,256
1765688159.642386,8248,256
1765688159.645048,8249,256
1765688159.648115,8250,256
1765688159.650523,8251,256
1765688159.652131,8252,256
1765688159.653939,8253,256
1765688159.656456,8254,256
1765688159.657181,8255,256
1765688159.658333,8256,256
1765688159.659769,8257,256
1765688159.663187,8258,256
1765688159.663458,8259,256
1765688159.664563,8260,256
1765688159.664899,8261,256
1765688159.669173,8262,256
1765688159.672454,8263,256
1765688159.673713,8264,256
1765688159.674533,8265,256
1765688159.674932,8266,256
1765688159.679761,8267,256
1765688159.680965,8268,256
1765688159.680998,8269,256
1765688159.684271,8270,256
1765688159.684907,8271,256
1765688159.687164,8272,256
1765688159.691416,8273,256
1765688159.696772,8274,256
1765688159.697863,8275,256
1765688159.697995,8276,256
1765688159.700452,8277,256
1765688159.704985,8278,256
1765688159.710639,8279,256
1765688159.710855,8280,256
1765688159.711949,8281,256
1765688159.712429,8282,256
1765688159.712593,8283,256
1765688159.716206,8284,256
1765688159.718570,8285,256
1765688159.727509,8286,256
1765688159.727775,8287,256
1765688159.727952,8288,256
1765688159.728507,8289,256
1765688159.729423,8290,256
1765688159.729602,8291,256
1765688159.729813,8292,256
1765688159.730079,8293,256
1765688159.730619,8294,256
1765688159.730906,8295,256
1765688159.731317,8296,256
1765688159.732164,8297,256
1765688159.732820,8298,256
1765688159.733226,8299,256
1765688159.734462,8300,256
1765688159.734911,8301,256
1765688159.735922,8302,256
1765688159.738902,8303,256
1765688159.740962,8304,256
1765688159.743576,8305,256
1765688159.743738,8306,256
1765688159.750416,8307,256
1765688159.750535,8308,256
1765688159.752348,8309,256
1765688159.754536,8310,256
1765688159.757379,8311,256
1765688159.757670,8312,256
1765688159.763041,8313,256
1765688159.763118,8314,256
1765688159.764785,8315,256
1765688159.764851,8316,256
1765688159.768573,8317,256
1765688159.770214,8318,256
1765688159.770974,8319,256
1765688159.771667,8320,256
1765688159.773481,8321,256
1765688159.776806,8322,256
1765688159.777462,8323,256
1765688159.777534,8324,256
1765688159.778125,8325,256
1765688159.778183,8326,256
1765688159.782145,8327,256
1765688159.783736,8328,256
1765688159.783841,8329,256
1765688159.791619,8330,256
1765688159.794776,8331,256
1765688159.794986,8332,256
1765688159.798148,8333,256
1765688159.798882,8334,256
1765688159.800184,8335,256
1765688159.801413,8336,256
1765688159.802978,8337,256
1765688159.806090,8338,256
1765688159.808593,8339,256
1765688159.808720,8340,256
1765688159.809165,8341,256
1765688159.810879,8342,256
1765688159.811953,8343,256
1765688159.814558,8344,256
1765688159.814915,8345,256
1765688159.819511,8346,256
1765688159.820840,8347,256
1765688159.820963,8348,256
1765688159.825855,8349,256
1765688159.830173,8350,256
1765688159.834389,8351,256
1765688159.841225,8352,256
1765688159.842266,8353,256
1765688159.846101,8354,256
1765688159.849483,8355,256
1765688159.856711,8356,256
1765688159.856919,8357,256
1765688159.858822,8358,256
1765688159.863357,8359,256
1765688159.863739,8360,256
1765688159.865801,8361,256
1765688159.867601,8362,256
1765688159.870513,8363,256
1765688159.870957,8364,256
1765688159.872674,8365,256
1765688159.875737,8366,256
1765688159.875980,8367,256
1765688159.880310,8368,256
1765688159.880712,8369,256
1765688159.880978,8370,256
1765688159.885629,8371,256
1765688159.887361,8372,256
1765688159.888063,8373,256
1765688159.889853,8374,256
1765688159.891667,8375,256
1765688159.894508,8376,256
1765688159.894961,8377,256
1765688159.895753,8378,256
1765688159.896414,8379,256
1765688159.898922,8380,256
1765688159.908363,8381,256
1765688159.909560,8382,256
1765688159.911980,8383,256
1765688159.912991,8384,256
1765688159.918175,8385,256
1765688159.919194,8386,256
1765688159.919490,8387,256
1765688159.919716,8388,256
1765688159.920008,8389,256
1765688159.922949,8390,256
1765688159.924668,8391,256
1765688159.926239,8392,256
1765688159.929138,8393,256
1765688159.929810,8394,256
1765688159.931472,8395,256
1765688159.933984,8396,256
1765688159.934401,8397,256
1765688159.934423,8398,256
1765688159.934998,8399,256
1765688159.936662,8400,256
1765688159.936898,8401,256
1765688159.939589,8402,256
1765688159.940337,8403,256
1765688159.942834,8404,256
1765688159.944525,8405,256
1765688159.946528,8406,256
1765688159.951669,8407,256
1765688159.956222,8408,256
1765688159.957426,8409,256
1765688159.958969,8410,256
1765688159.959432,8411,256
1765688159.959467,8412,256
1765688159.962043,8413,256
1765688159.964597,8414,256
1765688159.969170,8415,256
1765688159.970456,8416,256
1765688159.971694,8417,256
1765688159.973811,8418,256
1765688159.977122,8419,256
1765688159.977629,8420,256
1765688159.980449,8421,256
1765688159.980645,8422,256
1765688159.983732,8423,256
1765688159.988810,8424,256
1765688159.992884,8425,256
1765688159.993383,8426,256
1765688159.993929,8427,256
1765688159.993964,8428,256
1765688159.996840,8429,256
1765688159.997527,8430,256
1765688159.999524,8431,256
1765688160.001041,8432,256
1765688160.004411,8433,256
1765688160.005662,8434,256
1765688160.007339,8435,256
1765688160.011745,8436,256
1765688160.012091,8437,256
1765688160.013093,8438,256
1765688160.015392,8439,256
1765688160.018153,8440,256
1765688160.019596,8441,256
1765688160.020328,8442,256
1765688160.023048,8443,256
1765688160.023072,8444,256
1765688160.024975,8445,256
1765688160.027802,8446,256
1765688160.028475,8447,256
1765688160.031614,8448,256
1765688160.036443,8449,256
1765688160.041162,8450,256
1765688160.041658,8451,256
1765688160.041803,8452,256
1765688160.042322,8453,256
1765688160.045122,8454,256
1765688160.046852,8455,256
1765688160.047130,8456,256
1765688160.047147,8457,256
1765688160.047948,8458,256
1765688160.049556,8459,256
1765688160.053104,8460,256
1765688160.055018,8461,256
1765688160.055541,8462,256
1765688160.057252,8463,256
1765688160.057933,8464,256
1765688160.058987,8465,256
1765688160.060590,8466,256
1765688160.061460,8467,256
1765688160.061677,8468,256
1765688160.062363,8469,256
1765688160.065905,8470,256
1765688160.067034,8471,256
1765688160.067962,8472,256
1765688160.068203,8473,256
1765688160.069488,8474,256
1765688160.073497,8475,256
1765688160.074846,8476,256
1765688160.077351,8477,256
1765688160.079553,8478,256
1765688160.081359,8479,256
1765688160.082613,8480,256
1765688160.087146,8481,256
1765688160.087769,8482,256
1765688160.090973,8483,256
1765688160.093860,8484,256
1765688160.095060,8485,256
1765688160.095916,8486,256
1765688160.096453,8487,256
1765688160.098294,8488,256
1765688160.102320,8489,256
1765688160.102836,8490,256
1765688160.106222,8491,256
1765688160.108210,8492,256
1765688160.114814,8493,256
1765688160.115571,8494,256
1765688160.120596,8495,256
1765688160.121893,8496,256
1765688160.125680,8497,256
1765688160.133266,8498,256
1765688160.135749,8499,256
1765688160.135870,8500,256
1765688160.136403,8501,256
1765688160.138024,8502,256
1765688160.138999,8503,256
1765688160.141493,8504,256
1765688160.142503,8505,256
1765688160.145543,8506,256
1765688160.148271,8507,256
1765688160.149434,8508,256
1765688160.149464,8509,256
1765688160.152777,8510,256
1765688160.156523,8511,256
1765688160.157426,8512,256
1765688160.157904,8513,256
1765688160.159805,8514,256
1765688160.163893,8515,256
1765688160.165231,8516,256
1765688160.166558,8517,256
1765688160.169622,8518,256
1765688160.170350,8519,256
1765688160.172794,8520,256
1765688160.174350,8521,256
1765688160.174525,8522,256
1765688160.175297,8523,256
1765688160.178191,8524,256
1765688160.178613,8525,256
1765688160.181197,8526,256
1765688160.183922,8527,256
1765688160.186113,8528,256
1765688160.187677,8529,256
1765688160.187711,8530,256
1765688160.187823,8531,256
1765688160.189747,8532,256
1765688160.189932,8533,256
1765688160.190273,8534,256
1765688160.190297,8535,256
1765688160.191707,8536,256
1765688160.192355,8537,256
1765688160.194645,8538,256
1765688160.199476,8539,256
1765688160.199508,8540,256
1765688160.201352,8541,256
1765688160.201465,8542,256
1765688160.209600,8543,256
1765688160.210838,8544,256
1765688160.219567,8545,256
1765688160.219657,8546,256
1765688160.222814,8547,256
1765688160.222954,8548,256
1765688160.224632,8549,256
1765688160.229656,8550,256
1765688160.230577,8551,256
1765688160.230955,8552,256
1765688160.234981,8553,256
1765688160.235530,8554,256
1765688160.237645,8555,256
1765688160.239054,8556,256
1765688160.240734,8557,256
1765688160.241875,8558,256
1765688160.242609,8559,256
1765688160.243802,8560,256
1765688160.244986,8561,256
1765688160.251222,8562,256
1765688160.256193,8563,256
1765688160.258196,8564,256
1765688160.259685,8565,256
1765688160.273033,8566,256
1765688160.276254,8567,256
1765688160.277438,8568,256
1765688160.278841,8569,256
1765688160.280408,8570,256
1765688160.280466,8571,256
1765688160.281337,8572,256
1765688160.283580,8573,256
1765688160.285419,8574,256
1765688160.286325,8575,256
1765688160.289071,8576,256
1765688160.292781,8577,256
1765688160.292851,8578,256
1765688160.307827,8579,256
1765688160.309567,8580,256
1765688160.311626,8581,256
1765688160.316230,8582,256
1765688160.320284,8583,256
1765688160.322268,8584,256
1765688160.325137,8585,256
1765688160.325191,8586,256
1765688160.325326,8587,256
1765688160.325466,8588,256
1765688160.328344,8589,256
1765688160.330275,8590,256
1765688160.330927,8591,256
1765688160.331945,8592,256
1765688160.335799,8593,256
1765688160.336210,8594,256
1765688160.340638,8595,256
1765688160.341619,8596,256
1765688160.342170,8597,256
1765688160.344563,8598,256
1765688160.345617,8599,256
1765688160.345937,8600,256
1765688160.346044,8601,256
1765688160.351660,8602,256
1765688160.356460,8603,256
1765688160.356835,8604,256
1765688160.357574,8605,256
1765688160.358219,8606,256
1765688160.358746,8607,256
1765688160.359992,8608,256
1765688160.362177,8609,256
1765688160.365783,8610,256
1765688160.367341,8611,256
1765688160.368095,8612,256
1765688160.368369,8613,256
1765688160.369581,8614,256
1765688160.372532,8615,256
1765688160.373575,8616,256
1765688160.375960,8617,256
1765688160.376182,8618,256
1765688160.378074,8619,256
1765688160.382741,8620,256
1765688160.382838,8621,256
1765688160.383752,8622,256
1765688160.389346,8623,256
1765688160.389458,8624,256
1765688160.394184,8625,256
1765688160.395162,8626,256
1765688160.398519,8627,256
1765688160.399338,8628,256
1765688160.404663,8629,256
1765688160.405672,8630,256
1765688160.406729,8631,256
1765688160.407355,8632,256
1765688160.413090,8633,256
1765688160.422386,8634,256
1765688160.423220,8635,256
1765688160.425528,8636,256
1765688160.427320,8637,256
1765688160.427562,8638,256
1765688160.428416,8639,256
1765688160.430889,8640,256
1765688160.432840,8641,256
1765688160.433085,8642,256
1765688160.434456,8643,256
1765688160.437789,8644,256
1765688160.438739,8645,256
1765688160.440404,8646,256
1765688160.440853,8647,256
1765688160.443741,8648,256
1765688160.446561,8649,256
1765688160.449933,8650,256
1765688160.451408,8651,256
1765688160.453791,8652,256
1765688160.455299,8653,256
1765688160.456082,8654,256
1765688160.457006,8655,256
1765688160.458305,8656,256
1765688160.458343,8657,256
1765688160.468589,8658,256
1765688160.469741,8659,256
1765688160.470559,8660,256
1765688160.473113,8661,256
1765688160.474205,8662,256
1765688160.483221,8663,256
1765688160.484120,8664,256
1765688160.485047,8665,256
1765688160.491009,8666,256
1765688160.492994,8667,256
1765688160.493693,8668,256
1765688160.493757,8669,256
1765688160.494576,8670,256
1765688160.500094,8671,256
1765688160.500565,8672,256
1765688160.500908,8673,256
1765688160.505316,8674,256
1765688160.508598,8675,256
1765688160.511230,8676,256
1765688160.511347,8677,256
1765688160.514776,8678,256
1765688160.516616,8679,256
1765688160.517859,8680,256
1765688160.518835,8681,256
1765688160.519998,8682,256
1765688160.522506,8683,256
1765688160.523440,8684,256
1765688160.524166,8685,256
1765688160.526200,8686,256
1765688160.526620,8687,256
1765688160.527578,8688,256
1765688160.528296,8689,256
1765688160.531873,8690,256
1765688160.534227,8691,256
1765688160.539871,8692,256
1765688160.540947,8693,256
1765688160.541341,8694,256
1765688160.541961,8695,256
1765688160.542839,8696,256
1765688160.545098,8697,256
1765688160.551375,8698,256
1765688160.553040,8699,256
1765688160.554121,8700,256
1765688160.558463,8701,256
1765688160.558557,8702,256
1765688160.561573,8703,256
1765688160.562564,8704,256
1765688160.563830,8705,256
1765688160.564866,8706,256
1765688160.568233,8707,256
1765688160.572446,8708,256
1765688160.574690,8709,256
1765688160.576416,8710,256
1765688160.579865,8711,256
1765688160.580570,8712,256
1765688160.581696,8713,256
1765688160.584557,8714,256
1765688160.587701,8715,256
1765688160.588365,8716,256
1765688160.591661,8717,256
1765688160.596290,8718,256
1765688160.596957,8719,256
1765688160.600022,8720,256
1765688160.600877,8721,256
1765688160.603974,8722,256
1765688160.605120,8723,256
1765688160.606653,8724,256
1765688160.613920,8725,256
1765688160.615695,8726,256
1765688160.619639,8727,256
1765688160.621744,8728,256
1765688160.621853,8729,256
1765688160.623179,8730,256
1765688160.625486,8731,256
1765688160.626813,8732,256
1765688160.627287,8733,256
1765688160.627726,8734,256
1765688160.633771,8735,256
1765688160.642975,8736,256
1765688160.644569,8737,256
1765688160.647757,8738,256
1765688160.649571,8739,256
1765688160.650404,8740,256
1765688160.653149,8741,256
1765688160.653713,8742,256
1765688160.655208,8743,256
1765688160.655907,8744,256
1765688160.655924,8745,256
1765688160.662410,8746,256
1765688160.664693,8747,256
1765688160.666596,8748,256
1765688160.670857,8749,256
1765688160.671125,8750,256
1765688160.677990,8751,256
1765688160.686724,8752,256
1765688160.690341,8753,256
1765688160.693929,8754,256
1765688160.694583,8755,256
1765688160.695105,8756,256
1765688160.701607,8757,256
1765688160.705304,8758,256
1765688160.706348,8759,256
1765688160.709082,8760,256
1765688160.709366,8761,256
1765688160.709388,8762,256
1765688160.711190,8763,256
1765688160.712521,8764,256
1765688160.714702,8765,256
1765688160.715800,8766,256
1765688160.716305,8767,256
1765688160.716939,8768,256
1765688160.721175,8769,256
1765688160.721468,8770,256
1765688160.723446,8771,256
1765688160.724738,8772,256
1765688160.731124,8773,256
1765688160.732908,8774,256
1765688160.734425,8775,256
1765688160.735323,8776,256
1765688160.736362,8777,256
1765688160.739057,8778,256
1765688160.740643,8779,256
1765688160.741734,8780,256
1765688160.746452,8781,256
1765688160.747439,8782,256
1765688160.748380,8783,256
1765688160.748418,8784,256
1765688160.749808,8785,256
1765688160.756909,8786,256
1765688160.757069,8787,256
1765688160.759573,8788,256
1765688160.762921,8789,256
1765688160.762986,8790,256
1765688160.766498,8791,256
1765688160.768633,8792,256
1765688160.773054,8793,256
1765688160.773680,8794,256
1765688160.774566,8795,256
1765688160.775080,8796,256
1765688160.776975,8797,256
1765688160.777031,8798,256
1765688160.778051,8799,256
1765688160.778664,8800,256
1765688160.784309,8801,256
1765688160.786654,8802,256
1765688160.788245,8803,256
1765688160.789419,8804,256
1765688160.790957,8805,256
1765688160.791695,8806,256
1765688160.791854,8807,256
1765688160.792785,8808,256
1765688160.794420,8809,256
1765688160.794747,8810,256
1765688160.797743,8811,256
1765688160.801111,8812,256
1765688160.801172,8813,256
1765688160.803023,8814,256
1765688160.804023,8815,256
1765688160.804311,8816,256
1765688160.809142,8817,256
1765688160.810905,8818,256
1765688160.811131,8819,256
1765688160.819915,8820,256
1765688160.820768,8821,256
1765688160.821469,8822,256
1765688160.826465,8823,256
1765688160.827163,8824,256
1765688160.827691,8825,256
1765688160.829041,8826,256
1765688160.831537,8827,256
1765688160.832671,8828,256
1765688160.833114,8829,256
1765688160.834634,8830,256
1765688160.837080,8831,256
1765688160.837782,8832,256
1765688160.838514,8833,256
1765688160.841994,8834,256
1765688160.842911,8835,256
1765688160.843990,8836,256
1765688160.844685,8837,256
1765688160.845640,8838,256
1765688160.848148,8839,256
1765688160.848423,8840,256
1765688160.850049,8841,256
1765688160.853560,8842,256
1765688160.856463,8843,256
1765688160.856812,8844,256
1765688160.857109,8845,256
1765688160.857650,8846,256
1765688160.857680,8847,256
1765688160.858812,8848,256
1765688160.859798,8849,256
1765688160.868084,8850,256
1765688160.871079,8851,256
1765688160.873760,8852,256
1765688160.878532,8853,256
1765688160.879209,8854,256
1765688160.879760,8855,256
1765688160.884281,8856,256
1765688160.884703,8857,256
1765688160.889797,8858,256
1765688160.890438,8859,256
1765688160.891068,8860,256
1765688160.904887,8861,256
1765688160.905921,8862,256
1765688160.907025,8863,256
1765688160.916575,8864,256
1765688160.922784,8865,256
1765688160.925847,8866,256
1765688160.927128,8867,256
1765688160.927233,8868,256
1765688160.928493,8869,256
1765688160.933721,8870,256
1765688160.934421,8871,256
1765688160.938570,8872,256
1765688160.939209,8873,256
1765688160.940099,8874,256
1765688160.940322,8875,256
1765688160.940529,8876,256
1765688160.942578,8877,256
1765688160.942855,8878,256
1765688160.944735,8879,256
1765688160.945217,8880,256
1765688160.948574,8881,256
1765688160.950359,8882,256
1765688160.951352,8883,256
1765688160.957668,8884,256
1765688160.958201,8885,256
1765688160.958449,8886,256
1765688160.959380,8887,256
1765688160.960392,8888,256
1765688160.962362,8889,256
1765688160.962657,8890,256
1765688160.963897,8891,256
1765688160.966061,8892,256
1765688160.969122,8893,256
1765688160.969482,8894,256
1765688160.970290,8895,256
1765688160.975608,8896,256
1765688160.976463,8897,256
1765688160.977212,8898,256
1765688160.977653,8899,256
1765688160.978981,8900,256
1765688160.981214,8901,256
1765688160.981831,8902,256
1765688160.983971,8903,256
1765688160.984526,8904,256
1765688160.985101,8905,256
1765688160.986377,8906,256
1765688160.988371,8907,256
1765688160.989678,8908,256
1765688160.991158,8909,256
1765688160.993202,8910,256
1765688160.994370,8911,256
1765688160.999034,8912,256
1765688160.999123,8913,256
1765688161.003999,8914,256
1765688161.004727,8915,256
1765688161.007380,8916,256
1765688161.007808,8917,256
1765688161.015104,8918,256
1765688161.016974,8919,256
1765688161.023657,8920,256
1765688161.024367,8921,256
1765688161.026932,8922,256
1765688161.029889,8923,256
1765688161.029961,8924,256
1765688161.033012,8925,256
1765688161.033087,8926,256
1765688161.035374,8927,256
1765688161.036239,8928,256
1765688161.038655,8929,256
1765688161.039177,8930,256
1765688161.040023,8931,256
1765688161.041148,8932,256
1765688161.042661,8933,256
1765688161.043055,8934,256
1765688161.044613,8935,256
1765688161.046724,8936,256
1765688161.046844,8937,256
1765688161.054627,8938,256
1765688161.055803,8939,256
1765688161.056808,8940,256
1765688161.058866,8941,256
1765688161.059294,8942,256
1765688161.063041,8943,256
1765688161.065381,8944,256
1765688161.066484,8945,256
1765688161.067526,8946,256
1765688161.067587,8947,256
1765688161.070372,8948,256
1765688161.080002,8949,256
1765688161.080319,8950,256
1765688161.081148,8951,256
1765688161.081251,8952,256
1765688161.081659,8953,256
1765688161.083133,8954,256
1765688161.085781,8955,256
1765688161.096186,8956,256
1765688161.096308,8957,256
1765688161.096365,8958,256
1765688161.096412,8959,256
1765688161.098689,8960,256
1765688161.099334,8961,256
1765688161.100616,8962,256
1765688161.101343,8963,256
1765688161.114054,8964,256
1765688161.117640,8965,256
1765688161.125244,8966,256
1765688161.126340,8967,256
1765688161.128671,8968,256
1765688161.130320,8969,256
1765688161.130374,8970,256
1765688161.130577,8971,256
1765688161.131084,8972,256
1765688161.131135,8973,256
1765688161.131359,8974,256
1765688161.135580,8975,256
1765688161.136517,8976,256
1765688161.136699,8977,256
1765688161.136900,8978,256
1765688161.137717,8979,256
1765688161.141541,8980,256
1765688161.142292,8981,256
1765688161.144621,8982,256
1765688161.145894,8983,256
1765688161.148517,8984,256
1765688161.148762,8985,256
1765688161.150271,8986,256
1765688161.152037,8987,256
1765688161.153468,8988,256
1765688161.154961,8989,256
1765688161.157123,8990,256
1765688161.163451,8991,256
1765688161.163589,8992,256
1765688161.164793,8993,256
1765688161.167377,8994,256
1765688161.170900,8995,256
1765688161.171918,8996,256
1765688161.173673,8997,256
1765688161.175575,8998,256
1765688161.176491,8999,256
1765688161.177876,9000,256
1765688161.178862,9001,256
1765688161.179422,9002,256
1765688161.180216,9003,256
1765688161.182188,9004,256
1765688161.186542,9005,256
1765688161.192744,9006,256
1765688161.193023,9007,256
1765688161.193076,9008,256
1765688161.194793,9009,256
1765688161.207359,9010,256
1765688161.208778,9011,256
1765688161.209838,9012,256
1765688161.210005,9013,256
1765688161.210766,9014,256
1765688161.213014,9015,256
1765688161.216598,9016,256
1765688161.217237,9017,256
1765688161.217435,9018,256
1765688161.218420,9019,256
1765688161.223999,9020,256
1765688161.224101,9021,256
1765688161.228798,9022,256
1765688161.231365,9023,256
1765688161.237530,9024,256
1765688161.240448,9025,256
1765688161.241543,9026,256
1765688161.243393,9027,256
1765688161.247313,9028,256
1765688161.249907,9029,256
1765688161.254000,9030,256
1765688161.254649,9031,256
1765688161.258294,9032,256
1765688161.258967,9033,256
1765688161.265682,9034,256
1765688161.265765,9035,256
1765688161.265781,9036,256
1765688161.268636,9037,256
1765688161.269913,9038,256
1765688161.270167,9039,256
1765688161.273710,9040,256
1765688161.273871,9041,256
1765688161.275199,9042,256
1765688161.277722,9043,256
1765688161.281698,9044,256
1765688161.284228,9045,256
1765688161.284779,9046,256
1765688161.288295,9047,256
1765688161.289353,9048,256
1765688161.290570,9049,256
1765688161.291101,9050,256
1765688161.292665,9051,256
1765688161.299258,9052,256
1765688161.300169,9053,256
1765688161.300380,9054,256
1765688161.302399,9055,256
1765688161.304482,9056,256
1765688161.304910,9057,256
1765688161.306012,9058,256
1765688161.306516,9059,256
1765688161.308962,9060,256
1765688161.311589,9061,256
1765688161.312669,9062,256
1765688161.313694,9063,256
1765688161.316155,9064,256
1765688161.317501,9065,256
1765688161.319241,9066,256
1765688161.321019,9067,256
1765688161.321828,9068,256
1765688161.322726,9069,256
1765688161.322832,9070,256
1765688161.324261,9071,256
1765688161.328922,9072,256
1765688161.332031,9073,256
1765688161.349512,9074,256
1765688161.353405,9075,256
1765688161.354633,9076,256
1765688161.355104,9077,256
1765688161.356711,9078,256
1765688161.357347,9079,256
1765688161.366307,9080,256
1765688161.368826,9081,256
1765688161.368858,9082,256
1765688161.378013,9083,256
1765688161.383028,9084,256
1765688161.386362,9085,256
1765688161.389285,9086,256
1765688161.390733,9087,256
1765688161.391122,9088,256
1765688161.394247,9089,256
1765688161.394677,9090,256
1765688161.396701,9091,256
1765688161.397678,9092,256
1765688161.398112,9093,256
1765688161.401387,9094,256
1765688161.404205,9095,256
1765688161.405610,9096,256
1765688161.406140,9097,256
1765688161.406254,9098,256
1765688161.412077,9099,256
1765688161.419276,9100,256
1765688161.420060,9101,256
1765688161.421821,9102,256
1765688161.428728,9103,256
1765688161.430559,9104,256
1765688161.432350,9105,256
1765688161.432852,9106,256
1765688161.434238,9107,256
1765688161.438289,9108,256
1765688161.438558,9109,256
1765688161.443586,9110,256
1765688161.444179,9111,256
1765688161.444828,9112,256
1765688161.445279,9113,256
1765688161.446571,9114,256
1765688161.447687,9115,256
1765688161.450566,9116,256
1765688161.452086,9117,256
1765688161.456655,9118,256
1765688161.458611,9119,256
1765688161.464610,9120,256
1765688161.466002,9121,256
1765688161.468308,9122,256
1765688161.471310,9123,256
1765688161.471926,9124,256
1765688161.472470,9125,256
1765688161.475254,9126,256
1765688161.486485,9127,256
1765688161.487220,9128,256
1765688161.490163,9129,256
1765688161.490630,9130,256
1765688161.491936,9131,256
1765688161.492568,9132,256
1765688161.493354,9133,256
1765688161.493959,9134,256
1765688161.494529,9135,256
1765688161.495275,9136,256
1765688161.497996,9137,256
1765688161.502324,9138,256
1765688161.505471,9139,256
1765688161.506299,9140,256
1765688161.507041,9141,256
1765688161.510217,9142,256
1765688161.511906,9143,256
1765688161.517898,9144,256
1765688161.524131,9145,256
1765688161.529019,9146,256
1765688161.529066,9147,256
1765688161.534465,9148,256
1765688161.534608,9149,256
1765688161.535148,9150,256
1765688161.536774,9151,256
1765688161.538826,9152,256
1765688161.541103,9153,256
1765688161.542132,9154,256
1765688161.542949,9155,256
1765688161.548563,9156,256
1765688161.548958,9157,256
1765688161.550334,9158,256
1765688161.550481,9159,256
1765688161.550511,9160,256
1765688161.551593,9161,256
1765688161.553800,9162,256
1765688161.556012,9163,256
1765688161.557430,9164,256
1765688161.562523,9165,256
1765688161.564430,9166,256
1765688161.565354,9167,256
1765688161.566308,9168,256
1765688161.569239,9169,256
1765688161.569837,9170,256
1765688161.570828,9171,256
1765688161.571429,9172,256
1765688161.577473,9173,256
1765688161.577766,9174,256
1765688161.579020,9175,256
1765688161.580837,9176,256
1765688161.584016,9177,256
1765688161.584182,9178,256
1765688161.585513,9179,256
1765688161.589390,9180,256
1765688161.592150,9181,256
1765688161.593613,9182,256
1765688161.593780,9183,256
1765688161.597557,9184,256
1765688161.600542,9185,256
1765688161.601757,9186,256
1765688161.605722,9187,256
1765688161.605965,9188,256
1765688161.606282,9189,256
1765688161.606320,9190,256
1765688161.607136,9191,256
1765688161.612215,9192,256
1765688161.612495,9193,256
1765688161.613596,9194,256
1765688161.613922,9195,256
1765688161.614141,9196,256
1765688161.616625,9197,256
1765688161.620063,9198,256
1765688161.622340,9199,256
1765688161.624101,9200,256
1765688161.624506,9201,256
1765688161.629140,9202,256
1765688161.630789,9203,256
1765688161.631912,9204,256
1765688161.632064,9205,256
1765688161.634449,9206,256
1765688161.635311,9207,256
1765688161.638590,9208,256
1765688161.638748,9209,256
1765688161.639227,9210,256
1765688161.639459,9211,256
1765688161.641410,9212,256
1765688161.644442,9213,256
1765688161.645863,9214,256
1765688161.648515,9215,256
1765688161.648647,9216,256
1765688161.650215,9217,256
1765688161.654618,9218,256
1765688161.654726,9219,256
1765688161.655915,9220,256
1765688161.656791,9221,256
1765688161.656874,9222,256
1765688161.656958,9223,256
1765688161.659353,9224,256
1765688161.660591,9225,256
1765688161.661140,9226,256
1765688161.661828,9227,256
1765688161.663717,9228,256
1765688161.664672,9229,256
1765688161.673812,9230,256
1765688161.676883,9231,256
1765688161.680779,9232,256
1765688161.681432,9233,256
1765688161.681957,9234,256
1765688161.683105,9235,256
1765688161.683412,9236,256
1765688161.684165,9237,256
1765688161.684431,9238,256
1765688161.685939,9239,256
1765688161.686796,9240,256
1765688161.691585,9241,256
1765688161.692793,9242,256
1765688161.694253,9243,256
1765688161.695163,9244,256
1765688161.695631,9245,256
1765688161.696301,9246,256
1765688161.697821,9247,256
1765688161.699812,9248,256
1765688161.700028,9249,256
1765688161.701375,9250,256
1765688161.702206,9251,256
1765688161.706896,9252,256
1765688161.707053,9253,256
1765688161.708810,9254,256
1765688161.711312,9255,256
1765688161.711468,9256,256
1765688161.711782,9257,256
1765688161.712787,9258,256
1765688161.713945,9259,256
1765688161.720828,9260,256
1765688161.721751,9261,256
1765688161.723699,9262,256
1765688161.725444,9263,256
1765688161.728222,9264,256
1765688161.731783,9265,256
1765688161.735585,9266,256
1765688161.745571,9267,256
1765688161.746968,9268,256
1765688161.748364,9269,256
1765688161.750387,9270,256
1765688161.751153,9271,256
1765688161.751711,9272,256
1765688161.758573,9273,256
1765688161.759696,9274,256
1765688161.760806,9275,256
1765688161.763082,9276,256
1765688161.765199,9277,256
1765688161.767734,9278,256
1765688161.767961,9279,256
1765688161.768529,9280,256
1765688161.771137,9281,256
1765688161.771228,9282,256
1765688161.774535,9283,256
1765688161.775321,9284,256
1765688161.777591,9285,256
1765688161.778579,9286,256
1765688161.778728,9287,256
1765688161.779459,9288,256
1765688161.785817,9289,256
1765688161.787815,9290,256
1765688161.788061,9291,256
1765688161.790735,9292,256
1765688161.792112,9293,256
1765688161.793197,9294,256
1765688161.797127,9295,256
1765688161.797254,9296,256
1765688161.797287,9297,256
1765688161.799066,9298,256
1765688161.801380,9299,256
1765688161.802237,9300,256
1765688161.802439,9301,256
1765688161.811704,9302,256
1765688161.811902,9303,256
1765688161.813626,9304,256
1765688161.813999,9305,256
1765688161.815814,9306,256
1765688161.816030,9307,256
1765688161.816503,9308,256
1765688161.818705,9309,256
1765688161.818830,9310,256
1765688161.822330,9311,256
1765688161.822403,9312,256
1765688161.823512,9313,256
1765688161.824197,9314,256
1765688161.825893,9315,256
1765688161.829195,9316,256
1765688161.830359,9317,256
1765688161.831861,9318,256
1765688161.834097,9319,256
1765688161.838157,9320,256
1765688161.838330,9321,256
1765688161.840892,9322,256
1765688161.843754,9323,256
1765688161.845763,9324,256
1765688161.846848,9325,256
1765688161.847761,9326,256
1765688161.854075,9327,256
1765688161.854933,9328,256
1765688161.856783,9329,256
1765688161.859404,9330,256
1765688161.863425,9331,256
1765688161.868286,9332,256
1765688161.868798,9333,256
1765688161.869006,9334,256
1765688161.869863,9335,256
1765688161.870325,9336,256
1765688161.872018,9337,256
1765688161.873572,9338,256
1765688161.878003,9339,256
1765688161.878303,9340,256
1765688161.883612,9341,256
1765688161.884760,9342,256
1765688161.889789,9343,256
1765688161.892341,9344,256
1765688161.894598,9345,256
1765688161.895022,9346,256
1765688161.899305,9347,256
1765688161.900285,9348,256
1765688161.900808,9349,256
1765688161.901784,9350,256
1765688161.902962,9351,256
1765688161.903385,9352,256
1765688161.903658,9353,256
1765688161.905463,9354,256
1765688161.905500,9355,256
1765688161.905633,9356,256
1765688161.906225,9357,256
1765688161.907033,9358,256
1765688161.907342,9359,256
1765688161.909781,9360,256
1765688161.911567,9361,256
1765688161.917401,9362,256
1765688161.919769,9363,256
1765688161.923581,9364,256
1765688161.923694,9365,256
1765688161.924750,9366,256
1765688161.926416,9367,256
1765688161.927636,9368,256
1765688161.928164,9369,256
1765688161.936176,9370,256
1765688161.938293,9371,256
1765688161.939253,9372,256
1765688161.939476,9373,256
1765688161.940017,9374,256
1765688161.940054,9375,256
1765688161.943053,9376,256
1765688161.943241,9377,256
1765688161.945232,9378,256
1765688161.946884,9379,256
1765688161.947076,9380,256
1765688161.947125,9381,256
1765688161.951295,9382,256
1765688161.951498,9383,256
1765688161.951567,9384,256
1765688161.955065,9385,256
1765688161.963220,9386,256
1765688161.966100,9387,256
1765688161.970625,9388,256
1765688161.973051,9389,256
1765688161.975877,9390,256
1765688161.977020,9391,256
1765688161.980031,9392,256
1765688161.981372,9393,256
1765688161.984109,9394,256
1765688161.987888,9395,256
1765688161.990951,9396,256
1765688161.991893,9397,256
1765688161.991923,9398,256
1765688161.993498,9399,256
1765688161.994584,9400,256
1765688161.995398,9401,256
1765688161.996719,9402,256
1765688161.997609,9403,256
1765688161.997841,9404,256
1765688161.998232,9405,256
1765688162.000222,9406,256
1765688162.000340,9407,256
1765688162.006887,9408,256
1765688162.008188,9409,256
1765688162.016219,9410,256
1765688162.018115,9411,256
1765688162.020245,9412,256
1765688162.021752,9413,256
1765688162.022295,9414,256
1765688162.024303,9415,256
1765688162.026680,9416,256
1765688162.027150,9417,256
1765688162.032215,9418,256
1765688162.032911,9419,256
1765688162.033277,9420,256
1765688162.033677,9421,256
1765688162.034585,9422,256
1765688162.039887,9423,256
1765688162.040727,9424,256
1765688162.042944,9425,256
1765688162.046622,9426,256
1765688162.048280,9427,256
1765688162.049908,9428,256
1765688162.053332,9429,256
1765688162.055518,9430,256
1765688162.056724,9431,256
1765688162.057806,9432,256
1765688162.061337,9433,256
1765688162.061945,9434,256
1765688162.065542,9435,256
1765688162.067345,9436,256
1765688162.067404,9437,256
1765688162.067829,9438,256
1765688162.069377,9439,256
1765688162.070946,9440,256
1765688162.071219,9441,256
1765688162.072806,9442,256
1765688162.075687,9443,256
1765688162.076686,9444,256
1765688162.076725,9445,256
1765688162.079070,9446,256
1765688162.081118,9447,256
1765688162.084311,9448,256
1765688162.085328,9449,256
1765688162.086285,9450,256
1765688162.089984,9451,256
1765688162.090292,9452,256
1765688162.102378,9453,256
1765688162.104082,9454,256
1765688162.104896,9455,256
1765688162.109473,9456,256
1765688162.113730,9457,256
1765688162.114131,9458,256
1765688162.114933,9459,256
1765688162.115988,9460,256
1765688162.116923,9461,256
1765688162.119662,9462,256
1765688162.121598,9463,256
1765688162.121644,9464,256
1765688162.123515,9465,256
1765688162.123568,9466,256
1765688162.125005,9467,256
1765688162.126783,9468,256
1765688162.133203,9469,256
1765688162.138246,9470,256
1765688162.140458,9471,256
1765688162.141153,9472,256
1765688162.142919,9473,256
1765688162.143097,9474,256
1765688162.147866,9475,256
1765688162.149690,9476,256
1765688162.156819,9477,256
1765688162.159786,9478,256
1765688162.160182,9479,256
1765688162.162431,9480,256
1765688162.164371,9481,256
1765688162.166639,9482,256
1765688162.166770,9483,256
1765688162.170030,9484,256
1765688162.178279,9485,256
1765688162.179672,9486,256
1765688162.180991,9487,256
1765688162.181338,9488,256
1765688162.185156,9489,256
1765688162.186509,9490,256
1765688162.192775,9491,256
1765688162.195820,9492,256
1765688162.197800,9493,256
1765688162.202264,9494,256
1765688162.203517,9495,256
1765688162.207681,9496,256
1765688162.208099,9497,256
1765688162.209270,9498,256
1765688162.218647,9499,256
1765688162.221710,9500,256
1765688162.223685,9501,256
1765688162.226531,9502,256
1765688162.226596,9503,256
1765688162.229394,9504,256
1765688162.234209,9505,256
1765688162.237661,9506,256
1765688162.238714,9507,256
1765688162.239707,9508,256
1765688162.240930,9509,256
1765688162.241467,9510,256
1765688162.242357,9511,256
1765688162.244247,9512,256
1765688162.244436,9513,256
1765688162.246899,9514,256
1765688162.249909,9515,256
1765688162.251526,9516,256
1765688162.251564,9517,256
1765688162.255354,9518,256
1765688162.255415,9519,256
1765688162.256205,9520,256
1765688162.263300,9521,256
1765688162.264487,9522,256
1765688162.265200,9523,256
1765688162.268219,9524,256
1765688162.269790,9525,256
1765688162.273178,9526,256
1765688162.274038,9527,256
1765688162.276062,9528,256
1765688162.278909,9529,256
1765688162.280191,9530,256
1765688162.280414,9531,256
1765688162.281074,9532,256
1765688162.282341,9533,256
1765688162.282652,9534,256
1765688162.284840,9535,256
1765688162.289619,9536,256
1765688162.291677,9537,256
1765688162.293786,9538,256
1765688162.294646,9539,256
1765688162.297580,9540,256
1765688162.299405,9541,256
1765688162.301744,9542,256
1765688162.302321,9543,256
1765688162.302437,9544,256
1765688162.303026,9545,256
1765688162.303529,9546,256
1765688162.304946,9547,256
1765688162.305246,9548,256
1765688162.307775,9549,256
1765688162.307882,9550,256
1765688162.311814,9551,256
1765688162.319164,9552,256
1765688162.319577,9553,256
1765688162.323596,9554,256
1765688162.326415,9555,256
1765688162.329152,9556,256
1765688162.331577,9557,256
1765688162.332481,9558,256
1765688162.333102,9559,256
1765688162.334527,9560,256
1765688162.334828,9561,256
1765688162.339894,9562,256
1765688162.341097,9563,256
1765688162.341152,9564,256
1765688162.341816,9565,256
1765688162.342815,9566,256
1765688162.344246,9567,256
1765688162.345095,9568,256
1765688162.345759,9569,256
1765688162.347802,9570,256
1765688162.349083,9571,256
1765688162.355797,9572,256
1765688162.355856,9573,256
1765688162.357931,9574,256
1765688162.361217,9575,256
1765688162.361330,9576,256
1765688162.362859,9577,256
1765688162.362990,9578,256
1765688162.363156,9579,256
1765688162.363488,9580,256
1765688162.363903,9581,256
1765688162.368451,9582,256
1765688162.371188,9583,256
1765688162.377465,9584,256
1765688162.379308,9585,256
1765688162.388322,9586,256
1765688162.388538,9587,256
1765688162.389052,9588,256
1765688162.394469,9589,256
1765688162.395156,9590,256
1765688162.398328,9591,256
1765688162.401566,9592,256
1765688162.403538,9593,256
1765688162.405869,9594,256
1765688162.409578,9595,256
1765688162.413232,9596,256
1765688162.413472,9597,256
1765688162.416753,9598,256
1765688162.419523,9599,256
1765688162.420209,9600,256
1765688162.423181,9601,256
1765688162.425755,9602,256
1765688162.427840,9603,256
1765688162.429020,9604,256
1765688162.437569,9605,256
1765688162.437756,9606,256
1765688162.440577,9607,256
1765688162.443957,9608,256
1765688162.444656,9609,256
1765688162.448492,9610,256
1765688162.448933,9611,256
1765688162.451125,9612,256
1765688162.455830,9613,256
1765688162.456370,9614,256
1765688162.458489,9615,256
1765688162.464129,9616,256
1765688162.469898,9617,256
1765688162.470453,9618,256
1765688162.471056,9619,256
1765688162.473730,9620,256
1765688162.473939,9621,256
1765688162.474467,9622,256
1765688162.476078,9623,256
1765688162.477332,9624,256
1765688162.479141,9625,256
1765688162.480119,9626,256
1765688162.485297,9627,256
1765688162.487651,9628,256
1765688162.489930,9629,256
1765688162.491909,9630,256
1765688162.491985,9631,256
1765688162.493033,9632,256
1765688162.493212,9633,256
1765688162.494560,9634,256
1765688162.494614,9635,256
1765688162.498312,9636,256
1765688162.498369,9637,256
1765688162.499418,9638,256
1765688162.501413,9639,256
1765688162.501455,9640,256
1765688162.503387,9641,256
1765688162.511579,9642,256
1765688162.513184,9643,256
1765688162.514116,9644,256
1765688162.516491,9645,256
1765688162.524356,9646,256
1765688162.525373,9647,256
1765688162.526095,9648,256
1765688162.527211,9649,256
1765688162.528727,9650,256
1765688162.528800,9651,256
1765688162.529499,9652,256
1765688162.534399,9653,256
1765688162.535039,9654,256
1765688162.535355,9655,256
1765688162.538274,9656,256
1765688162.538794,9657,256
1765688162.539862,9658,256
1765688162.539905,9659,256
1765688162.544103,9660,256
1765688162.545950,9661,256
1765688162.546538,9662,256
1765688162.547296,9663,256
1765688162.548705,9664,256
1765688162.549685,9665,256
1765688162.552984,9666,256
1765688162.555618,9667,256
1765688162.562779,9668,256
1765688162.563576,9669,256
1765688162.565169,9670,256
1765688162.565660,9671,256
1765688162.568006,9672,256
1765688162.568421,9673,256
1765688162.570520,9674,256
1765688162.570908,9675,256
1765688162.572004,9676,256
1765688162.573326,9677,256
1765688162.573463,9678,256
1765688162.576714,9679,256
1765688162.576883,9680,256
1765688162.579468,9681,256
1765688162.588689,9682,256
1765688162.593959,9683,256
1765688162.594070,9684,256
1765688162.598405,9685,256
1765688162.598638,9686,256
1765688162.599083,9687,256
1765688162.600998,9688,256
1765688162.607811,9689,256
1765688162.608056,9690,256
1765688162.608471,9691,256
1765688162.611400,9692,256
1765688162.621217,9693,256
1765688162.630841,9694,256
1765688162.631563,9695,256
1765688162.637159,9696,256
1765688162.639065,9697,256
1765688162.640857,9698,256
1765688162.642537,9699,256
1765688162.644241,9700,256
1765688162.646094,9701,256
1765688162.646251,9702,256
1765688162.647725,9703,256
1765688162.648006,9704,256
1765688162.651608,9705,256
1765688162.652444,9706,256
1765688162.653243,9707,256
1765688162.653455,9708,256
1765688162.654295,9709,256
1765688162.654840,9710,256
1765688162.657670,9711,256
1765688162.658391,9712,256
1765688162.658699,9713,256
1765688162.658729,9714,256
1765688162.659291,9715,256
1765688162.659944,9716,256
1765688162.666618,9717,256
1765688162.673002,9718,256
1765688162.673040,9719,256
1765688162.673946,9720,256
1765688162.675084,9721,256
1765688162.675354,9722,256
1765688162.677095,9723,256
1765688162.680411,9724,256
1765688162.685639,9725,256
1765688162.687232,9726,256
1765688162.687698,9727,256
1765688162.692019,9728,256
1765688162.693264,9729,256
1765688162.695551,9730,256
1765688162.695793,9731,256
1765688162.695998,9732,256
1765688162.696986,9733,256
1765688162.697005,9734,256
1765688162.698164,9735,256
1765688162.699039,9736,256
1765688162.699648,9737,256
1765688162.701235,9738,256
1765688162.705841,9739,256
1765688162.707557,9740,256
1765688162.711073,9741,256
1765688162.711555,9742,256
1765688162.714558,9743,256
1765688162.715694,9744,256
1765688162.716702,9745,256
1765688162.717792,9746,256
1765688162.719073,9747,256
1765688162.719098,9748,256
1765688162.719467,9749,256
1765688162.719774,9750,256
1765688162.722447,9751,256
1765688162.725586,9752,256
1765688162.725867,9753,256
1765688162.733763,9754,256
1765688162.734704,9755,256
1765688162.739730,9756,256
1765688162.743908,9757,256
1765688162.744280,9758,256
1765688162.746187,9759,256
1765688162.746645,9760,256
1765688162.746665,9761,256
1765688162.748424,9762,256
1765688162.755796,9763,256
1765688162.757895,9764,256
1765688162.757935,9765,256
1765688162.758704,9766,256
1765688162.760400,9767,256
1765688162.761215,9768,256
1765688162.766099,9769,256
1765688162.769691,9770,256
1765688162.772230,9771,256
1765688162.773840,9772,256
1765688162.774892,9773,256
1765688162.776681,9774,256
1765688162.781350,9775,256
1765688162.781673,9776,256
1765688162.783570,9777,256
1765688162.785165,9778,256
1765688162.788130,9779,256
1765688162.791353,9780,256
1765688162.794120,9781,256
1765688162.796014,9782,256
1765688162.798647,9783,256
1765688162.798961,9784,256
1765688162.807514,9785,256
1765688162.807931,9786,256
1765688162.809603,9787,256
1765688162.812872,9788,256
1765688162.815105,9789,256
1765688162.816499,9790,256
1765688162.818790,9791,256
1765688162.819948,9792,256
1765688162.821406,9793,256
1765688162.821776,9794,256
1765688162.824941,9795,256
1765688162.827642,9796,256
1765688162.830786,9797,256
1765688162.838174,9798,256
1765688162.840730,9799,256
1765688162.842577,9800,256
1765688162.843459,9801,256
1765688162.843800,9802,256
1765688162.844164,9803,256
1765688162.847336,9804,256
1765688162.850903,9805,256
1765688162.855803,9806,256
1765688162.856945,9807,256
1765688162.862610,9808,256
1765688162.864185,9809,256
1765688162.866174,9810,256
1765688162.866539,9811,256
1765688162.866782,9812,256
1765688162.867067,9813,256
1765688162.870307,9814,256
1765688162.870489,9815,256
1765688162.870632,9816,256
1765688162.871568,9817,256
1765688162.872533,9818,256
1765688162.874305,9819,256
1765688162.875762,9820,256
1765688162.875798,9821,256
1765688162.875822,9822,256
1765688162.880322,9823,256
1765688162.880450,9824,256
1765688162.882892,9825,256
1765688162.883461,9826,256
1765688162.885664,9827,256
1765688162.889001,9828,256
1765688162.890075,9829,256
1765688162.894241,9830,256
1765688162.895351,9831,256
1765688162.895383,9832,256
1765688162.900151,9833,256
1765688162.900221,9834,256
1765688162.905769,9835,256
1765688162.906972,9836,256
1765688162.907158,9837,256
1765688162.909735,9838,256
1765688162.913838,9839,256
1765688162.914197,9840,256
1765688162.915626,9841,256
1765688162.915781,9842,256
1765688162.915913,9843,256
1765688162.921050,9844,256
1765688162.924064,9845,256
1765688162.924356,9846,256
1765688162.927515,9847,256
1765688162.928535,9848,256
1765688162.928985,9849,256
1765688162.932076,9850,256
1765688162.933512,9851,256
1765688162.933588,9852,256
1765688162.934503,9853,256
1765688162.938109,9854,256
1765688162.950329,9855,256
1765688162.950825,9856,256
1765688162.951895,9857,256
1765688162.953135,9858,256
1765688162.953467,9859,256
1765688162.957596,9860,256
1765688162.958238,9861,256
1765688162.959598,9862,256
1765688162.964009,9863,256
1765688162.964434,9864,256
1765688162.964840,9865,256
1765688162.967210,9866,256
1765688162.972977,9867,256
1765688162.973334,9868,256
1765688162.980645,9869,256
1765688162.980776,9870,256
1765688162.982354,9871,256
1765688162.983341,9872,256
1765688162.983566,9873,256
1765688162.989833,9874,256
1765688162.991045,9875,256
1765688162.991245,9876,256
1765688162.991745,9877,256
1765688162.992275,9878,256
1765688162.993846,9879,256
1765688162.996125,9880,256
1765688162.996990,9881,256
1765688163.000226,9882,256
1765688163.005036,9883,256
1765688163.005208,9884,256
1765688163.006350,9885,256
1765688163.006717,9886,256
1765688163.013232,9887,256
1765688163.013323,9888,256
1765688163.015040,9889,256
1765688163.016919,9890,256
1765688163.017503,9891,256
1765688163.017656,9892,256
1765688163.019136,9893,256
1765688163.021883,9894,256
1765688163.027278,9895,256
1765688163.035168,9896,256
1765688163.035904,9897,256
1765688163.040109,9898,256
1765688163.050947,9899,256
1765688163.051848,9900,256
1765688163.052652,9901,256
1765688163.058108,9902,256
1765688163.059515,9903,256
1765688163.063421,9904,256
1765688163.063688,9905,256
1765688163.067285,9906,256
1765688163.071060,9907,256
1765688163.071369,9908,256
1765688163.072394,9909,256
1765688163.073324,9910,256
1765688163.073743,9911,256
1765688163.075865,9912,256
1765688163.077693,9913,256
1765688163.080013,9914,256
1765688163.080805,9915,256
1765688163.082010,9916,256
1765688163.083191,9917,256
1765688163.084916,9918,256
1765688163.087082,9919,256
1765688163.091468,9920,256
1765688163.093809,9921,256
1765688163.095071,9922,256
1765688163.097425,9923,256
1765688163.101898,9924,256
1765688163.103064,9925,256
1765688163.104950,9926,256
1765688163.106859,9927,256
1765688163.109120,9928,256
1765688163.118560,9929,256
1765688163.119225,9930,256
1765688163.119487,9931,256
1765688163.124154,9932,256
1765688163.124996,9933,256
1765688163.128082,9934,256
1765688163.128369,9935,256
1765688163.134575,9936,256
1765688163.135082,9937,256
1765688163.136558,9938,256
1765688163.137563,9939,256
1765688163.137720,9940,256
1765688163.138869,9941,256
1765688163.144039,9942,256
1765688163.145977,9943,256
1765688163.151564,9944,256
1765688163.152989,9945,256
1765688163.153129,9946,256
1765688163.159562,9947,256
1765688163.159680,9948,256
1765688163.162592,9949,256
1765688163.165848,9950,256
1765688163.167232,9951,256
1765688163.172290,9952,256
1765688163.177243,9953,256
1765688163.177320,9954,256
1765688163.178610,9955,256
1765688163.182078,9956,256
1765688163.185500,9957,256
1765688163.189625,9958,256
1765688163.198391,9959,256
1765688163.200244,9960,256
1765688163.201652,9961,256
1765688163.203130,9962,256
1765688163.203196,9963,256
1765688163.203453,9964,256
1765688163.204174,9965,256
1765688163.208316,9966,256
1765688163.208994,9967,256
1765688163.210135,9968,256
1765688163.210648,9969,256
1765688163.217693,9970,256
1765688163.218247,9971,256
1765688163.224743,9972,256
1765688163.228242,9973,256
1765688163.230562,9974,256
1765688163.232832,9975,256
1765688163.233039,9976,256
1765688163.234533,9977,256
1765688163.236521,9978,256
1765688163.236946,9979,256
1765688163.238074,9980,256
1765688163.240074,9981,256
1765688163.241234,9982,256
1765688163.241386,9983,256
1765688163.241796,9984,256
1765688163.241825,9985,256
1765688163.244344,9986,256
1765688163.244850,9987,256
1765688163.248283,9988,256
1765688163.248399,9989,256
1765688163.248431,9990,256
1765688163.249154,9991,256
1765688163.249369,9992,256
1765688163.249484,9993,256
1765688163.252119,9994,256
1765688163.254025,9995,256
1765688163.254215,9996,256
1765688163.257346,9997,256
1765688163.257771,9998,256
1765688163.258404,9999,256
1765688163.260576,10000,256
1765688163.264368,10001,256
1765688163.267514,10002,256
1765688163.270443,10003,256
1765688163.272786,10004,256
1765688163.273159,10005,256
1765688163.280657,10006,256
1765688163.281426,10007,256
1765688163.282964,10008,256
1765688163.283318,10009,256
1765688163.283985,10010,256
1765688163.285644,10011,256
1765688163.288918,10012,256
1765688163.289210,10013,256
1765688163.290776,10014,256
1765688163.295005,10015,256
1765688163.298664,10016,256
1765688163.301096,10017,256
1765688163.303002,10018,256
1765688163.303526,10019,256
1765688163.304820,10020,256
1765688163.305143,10021,256
1765688163.305379,10022,256
1765688163.308201,10023,256
1765688163.313715,10024,256
1765688163.314148,10025,256
1765688163.315421,10026,256
1765688163.316013,10027,256
1765688163.317125,10028,256
1765688163.317555,10029,256
1765688163.318842,10030,256
1765688163.321470,10031,256
1765688163.327507,10032,256
1765688163.331941,10033,256
1765688163.336314,10034,256
1765688163.338585,10035,256
1765688163.341227,10036,256
1765688163.341727,10037,256
1765688163.342044,10038,256
1765688163.342789,10039,256
1765688163.344161,10040,256
1765688163.344776,10041,256
1765688163.344989,10042,256
1765688163.346304,10043,256
1765688163.346975,10044,256
1765688163.348889,10045,256
1765688163.349335,10046,256
1765688163.350880,10047,256
1765688163.351598,10048,256
1765688163.357841,10049,256
1765688163.357981,10050,256
1765688163.358460,10051,256
1765688163.359456,10052,256
1765688163.361409,10053,256
1765688163.370596,10054,256
1765688163.372679,10055,256
1765688163.375147,10056,256
1765688163.376144,10057,256
1765688163.376212,10058,256
1765688163.378399,10059,256
1765688163.378880,10060,256
1765688163.379516,10061,256
1765688163.381229,10062,256
1765688163.381897,10063,256
1765688163.384625,10064,256
1765688163.385466,10065,256
1765688163.387317,10066,256
1765688163.390259,10067,256
1765688163.390955,10068,256
1765688163.391612,10069,256
1765688163.392556,10070,256
1765688163.394480,10071,256
1765688163.394970,10072,256
1765688163.402501,10073,256
1765688163.411144,10074,256
1765688163.412055,10075,256
1765688163.414366,10076,256
1765688163.419247,10077,256
1765688163.420908,10078,256
1765688163.421480,10079,256
1765688163.422909,10080,256
1765688163.426166,10081,256
1765688163.426903,10082,256
1765688163.429572,10083,256
1765688163.430792,10084,256
1765688163.433513,10085,256
1765688163.435155,10086,256
1765688163.435441,10087,256
1765688163.436218,10088,256
1765688163.436345,10089,256
1765688163.438635,10090,256
1765688163.443812,10091,256
1765688163.447275,10092,256
1765688163.447624,10093,256
1765688163.448167,10094,256
1765688163.449023,10095,256
1765688163.450685,10096,256
1765688163.450760,10097,256
1765688163.451217,10098,256
1765688163.452327,10099,256
1765688163.454184,10100,256
1765688163.456608,10101,256
1765688163.456719,10102,256
1765688163.462162,10103,256
1765688163.463663,10104,256
1765688163.465386,10105,256
1765688163.466939,10106,256
1765688163.468788,10107,256
1765688163.469416,10108,256
1765688163.470021,10109,256
1765688163.470355,10110,256
1765688163.472719,10111,256
1765688163.473190,10112,256
1765688163.481639,10113,256
1765688163.482194,10114,256
1765688163.488433,10115,256
1765688163.492243,10116,256
1765688163.492637,10117,256
1765688163.493474,10118,256
1765688163.493531,10119,256
1765688163.493965,10120,256
1765688163.494315,10121,256
1765688163.494472,10122,256
1765688163.497596,10123,256
1765688163.500821,10124,256
1765688163.501626,10125,256
1765688163.501986,10126,256
1765688163.502039,10127,256
1765688163.503305,10128,256
1765688163.505617,10129,256
1765688163.507317,10130,256
1765688163.507497,10131,256
1765688163.508042,10132,256
1765688163.508122,10133,256
1765688163.510000,10134,256
1765688163.510381,10135,256
1765688163.510748,10136,256
1765688163.512486,10137,256
1765688163.513781,10138,256
1765688163.514401,10139,256
1765688163.515882,10140,256
1765688163.518501,10141,256
1765688163.518832,10142,256
1765688163.519457,10143,256
1765688163.521070,10144,256
1765688163.521702,10145,256
1765688163.525919,10146,256
1765688163.527045,10147,256
1765688163.528434,10148,256
1765688163.531096,10149,256
1765688163.531734,10150,256
1765688163.533314,10151,256
1765688163.533385,10152,256
1765688163.536983,10153,256
1765688163.537251,10154,256
1765688163.537318,10155,256
1765688163.537736,10156,256
1765688163.540197,10157,256
1765688163.541157,10158,256
1765688163.544347,10159,256
1765688163.544543,10160,256
1765688163.545878,10161,256
1765688163.546353,10162,256
1765688163.554407,10163,256
1765688163.556993,10164,256
1765688163.557412,10165,256
1765688163.558586,10166,256
1765688163.559778,10167,256
1765688163.561103,10168,256
1765688163.561777,10169,256
1765688163.566071,10170,256
1765688163.566206,10171,256
1765688163.566345,10172,256
1765688163.571074,10173,256
1765688163.571379,10174,256
1765688163.571972,10175,256
1765688163.574588,10176,256
1765688163.580832,10177,256
1765688163.584928,10178,256
1765688163.585108,10179,256
1765688163.585847,10180,256
1765688163.590971,10181,256
1765688163.597595,10182,256
1765688163.597716,10183,256
1765688163.598121,10184,256
1765688163.598522,10185,256
1765688163.599731,10186,256
1765688163.600267,10187,256
1765688163.605520,10188,256
1765688163.613842,10189,256
1765688163.613996,10190,256
1765688163.614430,10191,256
1765688163.615785,10192,256
1765688163.617023,10193,256
1765688163.617582,10194,256
1765688163.617781,10195,256
1765688163.620784,10196,256
1765688163.620961,10197,256
1765688163.625613,10198,256
1765688163.628857,10199,256
1765688163.629251,10200,256
1765688163.633731,10201,256
1765688163.635040,10202,256
1765688163.635279,10203,256
1765688163.636497,10204,256
1765688163.638992,10205,256
1765688163.643670,10206,256
1765688163.644091,10207,256
1765688163.647760,10208,256
1765688163.647927,10209,256
1765688163.648134,10210,256
1765688163.649569,10211,256
1765688163.650021,10212,256
1765688163.650400,10213,256
1765688163.651378,10214,256
1765688163.654292,10215,256
1765688163.659089,10216,256
1765688163.663324,10217,256
1765688163.663517,10218,256
1765688163.672974,10219,256
1765688163.678055,10220,256
1765688163.680299,10221,256
1765688163.682976,10222,256
1765688163.687249,10223,256
1765688163.689081,10224,256
1765688163.690336,10225,256
1765688163.691156,10226,256
1765688163.694778,10227,256
1765688163.697567,10228,256
1765688163.698616,10229,256
1765688163.699369,10230,256
1765688163.699538,10231,256
1765688163.701143,10232,256
1765688163.704754,10233,256
1765688163.706410,10234,256
1765688163.717110,10235,256
1765688163.719532,10236,256
1765688163.719872,10237,256
1765688163.727012,10238,256
1765688163.729464,10239,256
1765688163.730439,10240,256
1765688163.732992,10241,256
1765688163.734831,10242,256
1765688163.739664,10243,256
1765688163.739821,10244,256
1765688163.741794,10245,256
1765688163.742558,10246,256
1765688163.755164,10247,256
1765688163.755610,10248,256
1765688163.759108,10249,256
1765688163.759511,10250,256
1765688163.760627,10251,256
1765688163.766872,10252,256
1765688163.767557,10253,256
1765688163.769185,10254,256
1765688163.769539,10255,256
1765688163.771842,10256,256
1765688163.776119,10257,256
1765688163.777564,10258,256
1765688163.778939,10259,256
1765688163.780215,10260,256
1765688163.780565,10261,256
1765688163.783563,10262,256
1765688163.786853,10263,256
1765688163.787202,10264,256
1765688163.787906,10265,256
1765688163.788929,10266,256
1765688163.789770,10267,256
1765688163.791137,10268,256
1765688163.792036,10269,256
1765688163.792279,10270,256
1765688163.793360,10271,256
1765688163.794183,10272,256
1765688163.794924,10273,256
1765688163.800807,10274,256
1765688163.803280,10275,256
1765688163.804731,10276,256
1765688163.804879,10277,256
1765688163.808432,10278,256
1765688163.809376,10279,256
1765688163.810938,10280,256
1765688163.811237,10281,256
1765688163.811821,10282,256
1765688163.812250,10283,256
1765688163.812863,10284,256
1765688163.819100,10285,256
1765688163.822236,10286,256
1765688163.825382,10287,256
1765688163.827646,10288,256
1765688163.830235,10289,256
1765688163.835812,10290,256
1765688163.838712,10291,256
1765688163.838884,10292,256
1765688163.845070,10293,256
1765688163.846991,10294,256
1765688163.859946,10295,256
1765688163.860133,10296,256
1765688163.860198,10297,256
1765688163.864237,10298,256
1765688163.867840,10299,256
1765688163.872020,10300,256
1765688163.873061,10301,256
1765688163.879473,10302,256
1765688163.883771,10303,256
1765688163.887324,10304,256
1765688163.890031,10305,256
1765688163.891030,10306,256
1765688163.891132,10307,256
1765688163.896227,10308,256
1765688163.896585,10309,256
1765688163.897954,10310,256
1765688163.901413,10311,256
1765688163.901685,10312,256
1765688163.902186,10313,256
1765688163.904163,10314,256
1765688163.905006,10315,256
1765688163.906378,10316,256
1765688163.907567,10317,256
1765688163.909315,10318,256
1765688163.914287,10319,256
1765688163.918945,10320,256
1765688163.919099,10321,256
1765688163.923911,10322,256
1765688163.924096,10323,256
1765688163.930065,10324,256
1765688163.931377,10325,256
1765688163.932178,10326,256
1765688163.934691,10327,256
1765688163.937479,10328,256
1765688163.940993,10329,256
1765688163.942751,10330,256
1765688163.944593,10331,256
1765688163.946678,10332,256
1765688163.953902,10333,256
1765688163.958095,10334,256
1765688163.958560,10335,256
1765688163.960810,10336,256
1765688163.962530,10337,256
1765688163.963500,10338,256
1765688163.965098,10339,256
1765688163.967065,10340,256
1765688163.971767,10341,256
1765688163.972648,10342,256
1765688163.975481,10343,256
1765688163.983571,10344,256
1765688163.987609,10345,256
1765688163.987859,10346,256
1765688163.990712,10347,256
1765688163.994960,10348,256
1765688163.996487,10349,256
1765688163.997530,10350,256
1765688164.006856,10351,256
1765688164.010862,10352,256
1765688164.012025,10353,256
1765688164.012116,10354,256
1765688164.013178,10355,256
1765688164.015865,10356,256
1765688164.018952,10357,256
1765688164.023290,10358,256
1765688164.028350,10359,256
1765688164.028987,10360,256
1765688164.029651,10361,256
1765688164.033588,10362,256
1765688164.033963,10363,256
1765688164.036221,10364,256
1765688164.037262,10365,256
1765688164.038899,10366,256
1765688164.039785,10367,256
1765688164.044791,10368,256
1765688164.045409,10369,256
1765688164.048389,10370,256
1765688164.052569,10371,256
1765688164.052781,10372,256
1765688164.055348,10373,256
1765688164.057127,10374,256
1765688164.058009,10375,256
1765688164.058901,10376,256
1765688164.059108,10377,256
1765688164.063073,10378,256
1765688164.064300,10379,256
1765688164.067019,10380,256
1765688164.067552,10381,256
1765688164.070555,10382,256
1765688164.070657,10383,256
1765688164.072017,10384,256
1765688164.072737,10385,256
1765688164.073834,10386,256
1765688164.074438,10387,256
1765688164.077537,10388,256
1765688164.080241,10389,256
1765688164.080657,10390,256
1765688164.084016,10391,256
1765688164.085171,10392,256
1765688164.097035,10393,256
1765688164.098009,10394,256
1765688164.099672,10395,256
1765688164.100427,10396,256
1765688164.102393,10397,256
1765688164.106439,10398,256
1765688164.107495,10399,256
1765688164.108321,10400,256
1765688164.110532,10401,256
1765688164.113304,10402,256
1765688164.117365,10403,256
1765688164.118587,10404,256
1765688164.121775,10405,256
1765688164.122280,10406,256
1765688164.122666,10407,256
1765688164.123839,10408,256
1765688164.126339,10409,256
1765688164.127172,10410,256
1765688164.127359,10411,256
1765688164.129529,10412,256
1765688164.131453,10413,256
1765688164.131612,10414,256
1765688164.134794,10415,256
1765688164.139815,10416,256
1765688164.146149,10417,256
1765688164.146362,10418,256
1765688164.150707,10419,256
1765688164.154517,10420,256
1765688164.154772,10421,256
1765688164.155815,10422,256
1765688164.156250,10423,256
1765688164.156369,10424,256
1765688164.158792,10425,256
1765688164.159383,10426,256
1765688164.161669,10427,256
1765688164.161976,10428,256
1765688164.162434,10429,256
1765688164.163585,10430,256
1765688164.169843,10431,256
1765688164.170931,10432,256
1765688164.178900,10433,256
1765688164.179116,10434,256
1765688164.184791,10435,256
1765688164.186573,10436,256
1765688164.188039,10437,256
1765688164.188372,10438,256
1765688164.190619,10439,256
1765688164.193328,10440,256
1765688164.193935,10441,256
1765688164.198390,10442,256
1765688164.200182,10443,256
1765688164.204740,10444,256
1765688164.205427,10445,256
1765688164.206271,10446,256
1765688164.208379,10447,256
1765688164.208570,10448,256
1765688164.208640,10449,256
1765688164.209050,10450,256
1765688164.214027,10451,256
1765688164.216599,10452,256
1765688164.217022,10453,256
1765688164.220629,10454,256
1765688164.225806,10455,256
1765688164.227068,10456,256
1765688164.230693,10457,256
1765688164.231591,10458,256
1765688164.234158,10459,256
1765688164.236863,10460,256
1765688164.240592,10461,256
1765688164.243642,10462,256
1765688164.249449,10463,256
1765688164.251170,10464,256
1765688164.253794,10465,256
1765688164.253948,10466,256
1765688164.254006,10467,256
1765688164.254678,10468,256
1765688164.254725,10469,256
1765688164.258663,10470,256
1765688164.259437,10471,256
1765688164.261720,10472,256
1765688164.262702,10473,256
1765688164.266446,10474,256
1765688164.266712,10475,256
1765688164.269570,10476,256
1765688164.271615,10477,256
1765688164.275227,10478,256
1765688164.275411,10479,256
1765688164.275772,10480,256
1765688164.277659,10481,256
1765688164.279131,10482,256
1765688164.281250,10483,256
1765688164.282077,10484,256
1765688164.285318,10485,256
1765688164.286602,10486,256
1765688164.292251,10487,256
1765688164.293675,10488,256
1765688164.298799,10489,256
1765688164.301058,10490,256
1765688164.301538,10491,256
1765688164.302666,10492,256
1765688164.305147,10493,256
1765688164.309185,10494,256
1765688164.311657,10495,256
1765688164.316053,10496,256
1765688164.317096,10497,256
1765688164.318300,10498,256
1765688164.320504,10499,256
1765688164.321996,10500,256
1765688164.323983,10501,256
1765688164.325938,10502,256
1765688164.327996,10503,256
1765688164.332612,10504,256
1765688164.334865,10505,256
1765688164.335685,10506,256
1765688164.342961,10507,256
1765688164.343738,10508,256
1765688164.346043,10509,256
1765688164.347452,10510,256
1765688164.349272,10511,256
1765688164.350611,10512,256
1765688164.357782,10513,256
1765688164.357919,10514,256
1765688164.360523,10515,256
1765688164.360976,10516,256
1765688164.361025,10517,256
1765688164.361306,10518,256
1765688164.366285,10519,256
1765688164.372704,10520,256
1765688164.378174,10521,256
1765688164.380139,10522,256
1765688164.382707,10523,256
1765688164.382942,10524,256
1765688164.387614,10525,256
1765688164.389979,10526,256
1765688164.391541,10527,256
1765688164.391814,10528,256
1765688164.391852,10529,256
1765688164.392728,10530,256
1765688164.395689,10531,256
1765688164.396481,10532,256
1765688164.398208,10533,256
1765688164.401881,10534,256
1765688164.402346,10535,256
1765688164.402443,10536,256
1765688164.406070,10537,256
1765688164.406934,10538,256
1765688164.408914,10539,256
1765688164.409212,10540,256
1765688164.413799,10541,256
1765688164.417321,10542,256
1765688164.418945,10543,256
1765688164.420062,10544,256
1765688164.420179,10545,256
1765688164.421485,10546,256
1765688164.422310,10547,256
1765688164.425081,10548,256
1765688164.428087,10549,256
1765688164.429996,10550,256
1765688164.430471,10551,256
1765688164.436443,10552,256
1765688164.441849,10553,256
1765688164.442066,10554,256
1765688164.442590,10555,256
1765688164.442881,10556,256
1765688164.444214,10557,256
1765688164.446569,10558,256
1765688164.446787,10559,256
1765688164.448578,10560,256
1765688164.450471,10561,256
1765688164.452569,10562,256
1765688164.454858,10563,256
1765688164.455832,10564,256
1765688164.457975,10565,256
1765688164.459492,10566,256
1765688164.459672,10567,256
1765688164.461454,10568,256
1765688164.464044,10569,256
1765688164.475660,10570,256
1765688164.479600,10571,256
1765688164.481798,10572,256
1765688164.483087,10573,256
1765688164.483145,10574,256
1765688164.483518,10575,256
1765688164.487174,10576,256
1765688164.493000,10577,256
1765688164.494844,10578,256
1765688164.496522,10579,256
1765688164.500105,10580,256
1765688164.500714,10581,256
1765688164.501870,10582,256
1765688164.504891,10583,256
1765688164.507132,10584,256
1765688164.515613,10585,256
1765688164.518727,10586,256
1765688164.522867,10587,256
1765688164.524597,10588,256
1765688164.525474,10589,256
1765688164.525706,10590,256
1765688164.527609,10591,256
1765688164.528779,10592,256
1765688164.528891,10593,256
1765688164.529497,10594,256
1765688164.529946,10595,256
1765688164.530954,10596,256
1765688164.531085,10597,256
1765688164.541763,10598,256
1765688164.541911,10599,256
1765688164.542632,10600,256
1765688164.543964,10601,256
1765688164.544288,10602,256
1765688164.550671,10603,256
1765688164.552820,10604,256
1765688164.556582,10605,256
1765688164.556748,10606,256
1765688164.558331,10607,256
1765688164.561235,10608,256
1765688164.565666,10609,256
1765688164.571254,10610,256
1765688164.573492,10611,256
1765688164.574489,10612,256
1765688164.576166,10613,256
1765688164.579229,10614,256
1765688164.580252,10615,256
1765688164.585587,10616,256
1765688164.585988,10617,256
1765688164.591401,10618,256
1765688164.592044,10619,256
1765688164.593161,10620,256
1765688164.594962,10621,256
1765688164.598294,10622,256
1765688164.604301,10623,256
1765688164.604644,10624,256
1765688164.606176,10625,256
1765688164.607361,10626,256
1765688164.609178,10627,256
1765688164.611826,10628,256
1765688164.613803,10629,256
1765688164.618233,10630,256
1765688164.618336,10631,256
1765688164.618880,10632,256
1765688164.620034,10633,256
1765688164.621358,10634,256
1765688164.621509,10635,256
1765688164.623605,10636,256
1765688164.624885,10637,256
1765688164.625205,10638,256
1765688164.632223,10639,256
1765688164.632842,10640,256
1765688164.632914,10641,256
1765688164.634705,10642,256
1765688164.634904,10643,256
1765688164.641393,10644,256
1765688164.642302,10645,256
1765688164.642670,10646,256
1765688164.645480,10647,256
1765688164.647911,10648,256
1765688164.651089,10649,256
1765688164.651121,10650,256
1765688164.652483,10651,256
1765688164.654432,10652,256
1765688164.656453,10653,256
1765688164.659564,10654,256
1765688164.661469,10655,256
1765688164.663282,10656,256
1765688164.668593,10657,256
1765688164.671227,10658,256
1765688164.675042,10659,256
1765688164.675205,10660,256
1765688164.676955,10661,256
1765688164.678014,10662,256
1765688164.681762,10663,256
1765688164.686920,10664,256
1765688164.691177,10665,256
1765688164.691268,10666,256
1765688164.691649,10667,256
1765688164.697477,10668,256
1765688164.701850,10669,256
1765688164.703162,10670,256
1765688164.703450,10671,256
1765688164.704300,10672,256
1765688164.715175,10673,256
1765688164.715504,10674,256
1765688164.715962,10675,256
1765688164.716094,10676,256
1765688164.728652,10677,256
1765688164.732493,10678,256
1765688164.732709,10679,256
1765688164.734737,10680,256
1765688164.735723,10681,256
1765688164.735909,10682,256
1765688164.736054,10683,256
1765688164.738825,10684,256
1765688164.740081,10685,256
1765688164.741867,10686,256
1765688164.745491,10687,256
1765688164.747784,10688,256
1765688164.751407,10689,256
1765688164.751565,10690,256
1765688164.753884,10691,256
1765688164.754529,10692,256
1765688164.756639,10693,256
1765688164.758591,10694,256
1765688164.759556,10695,256
1765688164.760123,10696,256
1765688164.763284,10697,256
1765688164.767015,10698,256
1765688164.767802,10699,256
1765688164.772817,10700,256
1765688164.774082,10701,256
1765688164.775576,10702,256
1765688164.776834,10703,256
1765688164.783621,10704,256
1765688164.786832,10705,256
1765688164.787100,10706,256
1765688164.787130,10707,256
1765688164.790815,10708,256
1765688164.794452,10709,256
1765688164.796451,10710,256
1765688164.797778,10711,256
1765688164.800339,10712,256
1765688164.800482,10713,256
1765688164.800665,10714,256
1765688164.804575,10715,256
1765688164.804845,10716,256
1765688164.806816,10717,256
1765688164.809510,10718,256
1765688164.811971,10719,256
1765688164.817240,10720,256
1765688164.818848,10721,256
1765688164.820466,10722,256
1765688164.823860,10723,256
1765688164.826744,10724,256
1765688164.827838,10725,256
1765688164.831562,10726,256
1765688164.831908,10727,256
1765688164.836187,10728,256
1765688164.840529,10729,256
1765688164.840841,10730,256
1765688164.844186,10731,256
1765688164.845178,10732,256
1765688164.846467,10733,256
1765688164.847298,10734,256
1765688164.847325,10735,256
1765688164.848524,10736,256
1765688164.850527,10737,256
1765688164.852162,10738,256
1765688164.852624,10739,256
1765688164.855634,10740,256
1765688164.855901,10741,256
1765688164.856185,10742,256
1765688164.857085,10743,256
1765688164.857640,10744,256
1765688164.859997,10745,256
1765688164.860379,10746,256
1765688164.862802,10747,256
1765688164.863075,10748,256
1765688164.864012,10749,256
1765688164.866126,10750,256
1765688164.867044,10751,256
1765688164.868343,10752,256
1765688164.871676,10753,256
1765688164.874559,10754,256
1765688164.879885,10755,256
1765688164.880533,10756,256
1765688164.885417,10757,256
1765688164.885564,10758,256
1765688164.888618,10759,256
1765688164.888880,10760,256
1765688164.894003,10761,256
1765688164.896574,10762,256
1765688164.896930,10763,256
1765688164.900061,10764,256
1765688164.900803,10765,256
1765688164.901629,10766,256
1765688164.903062,10767,256
1765688164.905579,10768,256
1765688164.905789,10769,256
1765688164.911520,10770,256
1765688164.911940,10771,256
1765688164.917630,10772,256
1765688164.917700,10773,256
1765688164.917887,10774,256
1765688164.920953,10775,256
1765688164.923246,10776,256
1765688164.925729,10777,256
1765688164.926596,10778,256
1765688164.926789,10779,256
1765688164.929186,10780,256
1765688164.929439,10781,256
1765688164.929739,10782,256
1765688164.930165,10783,256
1765688164.932790,10784,256
1765688164.934195,10785,256
1765688164.936879,10786,256
1765688164.938172,10787,256
1765688164.938566,10788,256
1765688164.943722,10789,256
1765688164.944067,10790,256
1765688164.944136,10791,256
1765688164.946688,10792,256
1765688164.952515,10793,256
1765688164.954459,10794,256
1765688164.954915,10795,256
1765688164.956557,10796,256
1765688164.957531,10797,256
1765688164.957618,10798,256
1765688164.959736,10799,256
1765688164.967813,10800,256
1765688164.968026,10801,256
1765688164.975245,10802,256
1765688164.976054,10803,256
1765688164.982052,10804,256
1765688164.984632,10805,256
1765688164.986519,10806,256
1765688164.987225,10807,256
1765688164.987274,10808,256
1765688164.990749,10809,256
1765688164.992121,10810,256
1765688164.993109,10811,256
1765688164.998574,10812,256
1765688164.999573,10813,256
1765688165.001654,10814,256
1765688165.007214,10815,256
1765688165.007563,10816,256
1765688165.007812,10817,256
1765688165.008690,10818,256
1765688165.009883,10819,256
1765688165.010216,10820,256
1765688165.010977,10821,256
1765688165.013729,10822,256
1765688165.019256,10823,256
1765688165.021129,10824,256
1765688165.022526,10825,256
1765688165.023049,10826,256
1765688165.024561,10827,256
1765688165.024631,10828,256
1765688165.024938,10829,256
1765688165.026726,10830,256
1765688165.027378,10831,256
1765688165.028314,10832,256
1765688165.028568,10833,256
1765688165.030680,10834,256
1765688165.033810,10835,256
1765688165.036247,10836,256
1765688165.038359,10837,256
1765688165.038919,10838,256
1765688165.047061,10839,256
1765688165.047268,10840,256
1765688165.049609,10841,256
1765688165.055864,10842,256
1765688165.059809,10843,256
1765688165.062885,10844,256
1765688165.064539,10845,256
1765688165.067794,10846,256
1765688165.068680,10847,256
1765688165.069269,10848,256
1765688165.072690,10849,256
1765688165.073808,10850,256
1765688165.074501,10851,256
1765688165.075314,10852,256
1765688165.079844,10853,256
1765688165.081503,10854,256
1765688165.086205,10855,256
1765688165.086884,10856,256
1765688165.087488,10857,256
1765688165.088539,10858,256
1765688165.092591,10859,256
1765688165.093441,10860,256
1765688165.093484,10861,256
1765688165.094563,10862,256
1765688165.096192,10863,256
1765688165.098023,10864,256
1765688165.102753,10865,256
1765688165.105140,10866,256
1765688165.106014,10867,256
1765688165.107747,10868,256
1765688165.110195,10869,256
1765688165.111442,10870,256
1765688165.111631,10871,256
1765688165.112340,10872,256
1765688165.114097,10873,256
1765688165.114592,10874,256
1765688165.116474,10875,256
1765688165.116696,10876,256
1765688165.117506,10877,256
1765688165.121676,10878,256
1765688165.127007,10879,256
1765688165.134674,10880,256
1765688165.135323,10881,256
1765688165.136428,10882,256
1765688165.139943,10883,256
1765688165.141543,10884,256
1765688165.141761,10885,256
1765688165.141981,10886,256
1765688165.143441,10887,256
1765688165.144274,10888,256
1765688165.145187,10889,256
1765688165.149993,10890,256
1765688165.150924,10891,256
1765688165.154094,10892,256
1765688165.154510,10893,256
1765688165.158147,10894,256
1765688165.159808,10895,256
1765688165.160717,10896,256
1765688165.167685,10897,256
1765688165.168997,10898,256
1765688165.174033,10899,256
1765688165.174144,10900,256
1765688165.176291,10901,256
1765688165.179396,10902,256
1765688165.183583,10903,256
1765688165.184742,10904,256
1765688165.184783,10905,256
1765688165.185126,10906,256
1765688165.188793,10907,256
1765688165.189255,10908,256
1765688165.189444,10909,256
1765688165.190488,10910,256
1765688165.193621,10911,256
1765688165.193913,10912,256
1765688165.198527,10913,256
1765688165.199512,10914,256
1765688165.199903,10915,256
1765688165.201552,10916,256
1765688165.202024,10917,256
1765688165.202312,10918,256
1765688165.204603,10919,256
1765688165.206223,10920,256
1765688165.206874,10921,256
1765688165.206940,10922,256
1765688165.207840,10923,256
1765688165.208207,10924,256
1765688165.208394,10925,256
1765688165.208942,10926,256
1765688165.209348,10927,256
1765688165.212897,10928,256
1765688165.215067,10929,256
1765688165.216237,10930,256
1765688165.220595,10931,256
1765688165.222809,10932,256
1765688165.223200,10933,256
1765688165.223303,10934,256
1765688165.224538,10935,256
1765688165.225239,10936,256
1765688165.227370,10937,256
1765688165.230764,10938,256
1765688165.232222,10939,256
1765688165.235141,10940,256
1765688165.235394,10941,256
1765688165.235718,10942,256
1765688165.236824,10943,256
1765688165.239650,10944,256
1765688165.239792,10945,256
1765688165.239831,10946,256
1765688165.242674,10947,256
1765688165.244357,10948,256
1765688165.245158,10949,256
1765688165.245865,10950,256
1765688165.248724,10951,256
1765688165.252666,10952,256
1765688165.253810,10953,256
1765688165.253976,10954,256
1765688165.254428,10955,256
1765688165.255713,10956,256
1765688165.258358,10957,256
1765688165.260139,10958,256
1765688165.261061,10959,256
1765688165.264992,10960,256
1765688165.266253,10961,256
1765688165.266314,10962,256
1765688165.266487,10963,256
1765688165.269339,10964,256
1765688165.270912,10965,256
1765688165.271736,10966,256
1765688165.272469,10967,256
1765688165.274264,10968,256
1765688165.278320,10969,256
1765688165.278638,10970,256
1765688165.279693,10971,256
1765688165.280156,10972,256
1765688165.291291,10973,256
1765688165.295614,10974,256
1765688165.298454,10975,256
1765688165.304165,10976,256
1765688165.304773,10977,256
1765688165.306512,10978,256
1765688165.306815,10979,256
1765688165.306903,10980,256
1765688165.313829,10981,256
1765688165.313990,10982,256
1765688165.314777,10983,256
1765688165.315320,10984,256
1765688165.317778,10985,256
1765688165.318523,10986,256
1765688165.320771,10987,256
1765688165.321062,10988,256
1765688165.324625,10989,256
1765688165.331209,10990,256
1765688165.332538,10991,256
1765688165.340173,10992,256
1765688165.342322,10993,256
1765688165.343967,10994,256
1765688165.344088,10995,256
1765688165.344849,10996,256
1765688165.345160,10997,256
1765688165.346883,10998,256
1765688165.347601,10999,256
1765688165.350997,11000,256
1765688165.352231,11001,256
1765688165.354473,11002,256
1765688165.357862,11003,256
1765688165.359833,11004,256
1765688165.360008,11005,256
1765688165.361228,11006,256
1765688165.365996,11007,256
1765688165.366931,11008,256
1765688165.369784,11009,256
1765688165.371389,11010,256
1765688165.372145,11011,256
1765688165.373423,11012,256
1765688165.377038,11013,256
1765688165.377326,11014,256
1765688165.382533,11015,256
1765688165.384458,11016,256
1765688165.389386,11017,256
1765688165.393372,11018,256
1765688165.394078,11019,256
1765688165.400177,11020,256
1765688165.401502,11021,256
1765688165.401740,11022,256
1765688165.408184,11023,256
1765688165.410019,11024,256
1765688165.411031,11025,256
1765688165.411220,11026,256
1765688165.415704,11027,256
1765688165.417578,11028,256
1765688165.418699,11029,256
1765688165.419397,11030,256
1765688165.424143,11031,256
1765688165.426832,11032,256
1765688165.428715,11033,256
1765688165.428991,11034,256
1765688165.430715,11035,256
1765688165.431205,11036,256
1765688165.432529,11037,256
1765688165.433216,11038,256
1765688165.433405,11039,256
1765688165.433867,11040,256
1765688165.434162,11041,256
1765688165.441818,11042,256
1765688165.441980,11043,256
1765688165.443317,11044,256
1765688165.446620,11045,256
1765688165.447258,11046,256
1765688165.449428,11047,256
1765688165.450094,11048,256
1765688165.452111,11049,256
1765688165.458061,11050,256
1765688165.462003,11051,256
1765688165.462575,11052,256
1765688165.462903,11053,256
1765688165.464858,11054,256
1765688165.465044,11055,256
1765688165.466001,11056,256
1765688165.471485,11057,256
1765688165.472032,11058,256
1765688165.472841,11059,256
1765688165.473185,11060,256
1765688165.477133,11061,256
1765688165.477872,11062,256
1765688165.478146,11063,256
1765688165.480450,11064,256
1765688165.481822,11065,256
1765688165.484460,11066,256
1765688165.486007,11067,256
1765688165.487179,11068,256
1765688165.490644,11069,256
1765688165.497486,11070,256
1765688165.497959,11071,256
1765688165.498217,11072,256
1765688165.499677,11073,256
1765688165.499989,11074,256
1765688165.501188,11075,256
1765688165.502465,11076,256
1765688165.505078,11077,256
1765688165.510473,11078,256
1765688165.511302,11079,256
1765688165.514562,11080,256
1765688165.520870,11081,256
1765688165.524571,11082,256
1765688165.524703,11083,256
1765688165.527006,11084,256
1765688165.527614,11085,256
1765688165.527702,11086,256
1765688165.527902,11087,256
1765688165.528372,11088,256
1765688165.532876,11089,256
1765688165.536028,11090,256
1765688165.537060,11091,256
1765688165.537498,11092,256
1765688165.540255,11093,256
1765688165.540561,11094,256
1765688165.541353,11095,256
1765688165.541967,11096,256
1765688165.543343,11097,256
1765688165.544566,11098,256
1765688165.546617,11099,256
1765688165.552266,11100,256
1765688165.557237,11101,256
1765688165.558343,11102,256
1765688165.559570,11103,256
1765688165.561116,11104,256
1765688165.568883,11105,256
1765688165.569448,11106,256
1765688165.569679,11107,256
1765688165.578485,11108,256
1765688165.582055,11109,256
1765688165.583447,11110,256
1765688165.584401,11111,256
1765688165.588182,11112,256
1765688165.589637,11113,256
1765688165.590663,11114,256
1765688165.594398,11115,256
1765688165.595277,11116,256
1765688165.599307,11117,256
1765688165.607721,11118,256
1765688165.609015,11119,256
1765688165.609409,11120,256
1765688165.610004,11121,256
1765688165.611069,11122,256
1765688165.611938,11123,256
1765688165.614047,11124,256
1765688165.617536,11125,256
1765688165.620455,11126,256
1765688165.624529,11127,256
1765688165.625736,11128,256
1765688165.627074,11129,256
1765688165.629025,11130,256
1765688165.632392,11131,256
1765688165.633239,11132,256
1765688165.635128,11133,256
1765688165.635292,11134,256
1765688165.635833,11135,256
1765688165.636816,11136,256
1765688165.639575,11137,256
1765688165.646428,11138,256
1765688165.647295,11139,256
1765688165.647618,11140,256
1765688165.648838,11141,256
1765688165.649584,11142,256
1765688165.650032,11143,256
1765688165.653494,11144,256
1765688165.655130,11145,256
1765688165.655985,11146,256
1765688165.657051,11147,256
1765688165.657773,11148,256
1765688165.658127,11149,256
1765688165.662105,11150,256
1765688165.663796,11151,256
1765688165.664192,11152,256
1765688165.665500,11153,256
1765688165.668572,11154,256
1765688165.680473,11155,256
1765688165.680678,11156,256
1765688165.692284,11157,256
1765688165.692649,11158,256
1765688165.695257,11159,256
1765688165.696575,11160,256
1765688165.697695,11161,256
1765688165.697844,11162,256
1765688165.699764,11163,256
1765688165.701844,11164,256
1765688165.704764,11165,256
1765688165.707042,11166,256
1765688165.707278,11167,256
1765688165.711216,11168,256
1765688165.712414,11169,256
1765688165.714078,11170,256
1765688165.714470,11171,256
1765688165.715053,11172,256
1765688165.716193,11173,256
1765688165.719558,11174,256
1765688165.727462,11175,256
1765688165.728244,11176,256
1765688165.729389,11177,256
1765688165.730998,11178,256
1765688165.735117,11179,256
1765688165.735736,11180,256
1765688165.737411,11181,256
1765688165.738028,11182,256
1765688165.738338,11183,256
1765688165.739278,11184,256
1765688165.739458,11185,256
1765688165.741580,11186,256
1765688165.743359,11187,256
1765688165.747397,11188,256
1765688165.749696,11189,256
1765688165.750180,11190,256
1765688165.751796,11191,256
1765688165.753717,11192,256
1765688165.754639,11193,256
1765688165.756979,11194,256
1765688165.757051,11195,256
1765688165.766403,11196,256
1765688165.766527,11197,256
1765688165.767137,11198,256
1765688165.767654,11199,256
1765688165.768538,11200,256
1765688165.770591,11201,256
1765688165.772078,11202,256
1765688165.773809,11203,256
1765688165.774273,11204,256
1765688165.775634,11205,256
1765688165.776417,11206,256
1765688165.782098,11207,256
1765688165.783108,11208,256
1765688165.788501,11209,256
1765688165.789319,11210,256
1765688165.791042,11211,256
1765688165.794140,11212,256
1765688165.794500,11213,256
1765688165.795810,11214,256
1765688165.798511,11215,256
1765688165.803220,11216,256
1765688165.808519,11217,256
1765688165.808763,11218,256
1765688165.811250,11219,256
1765688165.811710,11220,256
1765688165.821352,11221,256
1765688165.822029,11222,256
1765688165.828456,11223,256
1765688165.830625,11224,256
1765688165.832465,11225,256
1765688165.833312,11226,256
1765688165.834176,11227,256
1765688165.836565,11228,256
1765688165.837024,11229,256
1765688165.837304,11230,256
1765688165.839666,11231,256
1765688165.848599,11232,256
1765688165.848839,11233,256
1765688165.853467,11234,256
1765688165.854692,11235,256
1765688165.855568,11236,256
1765688165.858432,11237,256
1765688165.864759,11238,256
1765688165.867533,11239,256
1765688165.869047,11240,256
1765688165.870789,11241,256
1765688165.870910,11242,256
1765688165.875574,11243,256
1765688165.878040,11244,256
1765688165.878142,11245,256
1765688165.878386,11246,256
1765688165.883974,11247,256
1765688165.884929,11248,256
1765688165.891946,11249,256
1765688165.893306,11250,256
1765688165.895504,11251,256
1765688165.896501,11252,256
1765688165.902607,11253,256
1765688165.905306,11254,256
1765688165.908399,11255,256
1765688165.910270,11256,256
1765688165.910374,11257,256
1765688165.910571,11258,256
1765688165.910648,11259,256
1765688165.911108,11260,256
1765688165.911880,11261,256
1765688165.914655,11262,256
1765688165.920785,11263,256
1765688165.920926,11264,256
1765688165.923041,11265,256
1765688165.923183,11266,256
1765688165.923236,11267,256
1765688165.923277,11268,256
1765688165.923838,11269,256
1765688165.925306,11270,256
1765688165.926117,11271,256
1765688165.926311,11272,256
1765688165.927261,11273,256
1765688165.927972,11274,256
1765688165.928358,11275,256
1765688165.928514,11276,256
1765688165.929100,11277,256
1765688165.930338,11278,256
1765688165.936149,11279,256
1765688165.938276,11280,256
1765688165.938408,11281,256
1765688165.943859,11282,256
1765688165.945737,11283,256
1765688165.946663,11284,256
1765688165.947553,11285,256
1765688165.951025,11286,256
1765688165.955894,11287,256
1765688165.956125,11288,256
1765688165.958679,11289,256
1765688165.960072,11290,256
1765688165.961296,11291,256
1765688165.963910,11292,256
1765688165.964975,11293,256
1765688165.966073,11294,256
1765688165.967793,11295,256
1765688165.968454,11296,256
1765688165.968970,11297,256
1765688165.969575,11298,256
1765688165.971916,11299,256
1765688165.975737,11300,256
1765688165.975947,11301,256
1765688165.977944,11302,256
1765688165.983477,11303,256
1765688165.986625,11304,256
1765688165.987033,11305,256
1765688165.987455,11306,256
1765688165.988974,11307,256
1765688165.990031,11308,256
1765688165.990433,11309,256
1765688165.990494,11310,256
1765688165.991843,11311,256
1765688165.995245,11312,256
1765688165.997463,11313,256
1765688165.998045,11314,256
1765688165.998104,11315,256
1765688165.999514,11316,256
1765688166.001786,11317,256
1765688166.006524,11318,256
1765688166.007152,11319,256
1765688166.008314,11320,256
1765688166.010844,11321,256
1765688166.010994,11322,256
1765688166.013743,11323,256
1765688166.014060,11324,256
1765688166.017227,11325,256
1765688166.017305,11326,256
1765688166.022505,11327,256
1765688166.024399,11328,256
1765688166.029642,11329,256
1765688166.029933,11330,256
1765688166.032954,11331,256
1765688166.034416,11332,256
1765688166.035788,11333,256
1765688166.039269,11334,256
1765688166.039502,11335,256
1765688166.039709,11336,256
1765688166.041972,11337,256
1765688166.044569,11338,256
1765688166.044997,11339,256
1765688166.045795,11340,256
1765688166.049046,11341,256
1765688166.052149,11342,256
1765688166.053462,11343,256
1765688166.054115,11344,256
1765688166.056040,11345,256
1765688166.056460,11346,256
1765688166.059591,11347,256
1765688166.066403,11348,256
1765688166.070749,11349,256
1765688166.071477,11350,256
1765688166.072423,11351,256
1765688166.072836,11352,256
1765688166.078334,11353,256
1765688166.078575,11354,256
1765688166.080077,11355,256
1765688166.080826,11356,256
1765688166.081163,11357,256
1765688166.082690,11358,256
1765688166.083112,11359,256
1765688166.083361,11360,256
1765688166.087805,11361,256
1765688166.090366,11362,256
1765688166.094510,11363,256
1765688166.095408,11364,256
1765688166.098157,11365,256
1765688166.098971,11366,256
1765688166.100620,11367,256
1765688166.107828,11368,256
1765688166.109320,11369,256
1765688166.110204,11370,256
1765688166.111286,11371,256
1765688166.112699,11372,256
1765688166.114837,11373,256
1765688166.115777,11374,256
1765688166.119897,11375,256
1765688166.122409,11376,256
1765688166.124300,11377,256
1765688166.124361,11378,256
1765688166.124697,11379,256
1765688166.127768,11380,256
1765688166.129122,11381,256
1765688166.131579,11382,256
1765688166.136959,11383,256
1765688166.140352,11384,256
1765688166.140854,11385,256
1765688166.141517,11386,256
1765688166.141581,11387,256
1765688166.143918,11388,256
1765688166.144638,11389,256
1765688166.147865,11390,256
1765688166.150700,11391,256
1765688166.152981,11392,256
1765688166.154775,11393,256
1765688166.162126,11394,256
1765688166.166316,11395,256
1765688166.170060,11396,256
1765688166.170144,11397,256
1765688166.172184,11398,256
1765688166.172968,11399,256
1765688166.173443,11400,256
1765688166.174636,11401,256
1765688166.175912,11402,256
1765688166.176248,11403,256
1765688166.177394,11404,256
1765688166.177685,11405,256
1765688166.178332,11406,256
1765688166.179606,11407,256
1765688166.181305,11408,256
1765688166.182310,11409,256
1765688166.184452,11410,256
1765688166.184725,11411,256
1765688166.187694,11412,256
1765688166.187884,11413,256
1765688166.189243,11414,256
1765688166.190561,11415,256
1765688166.192267,11416,256
1765688166.192448,11417,256
1765688166.193359,11418,256
1765688166.193422,11419,256
1765688166.194822,11420,256
1765688166.196823,11421,256
1765688166.196897,11422,256
1765688166.202586,11423,256
1765688166.204293,11424,256
1765688166.207099,11425,256
1765688166.216682,11426,256
1765688166.220566,11427,256
1765688166.224931,11428,256
1765688166.226044,11429,256
1765688166.226807,11430,256
1765688166.233015,11431,256
1765688166.233631,11432,256
1765688166.235259,11433,256
1765688166.235316,11434,256
1765688166.236129,11435,256
1765688166.239740,11436,256
1765688166.242591,11437,256
1765688166.243962,11438,256
1765688166.245205,11439,256
1765688166.246175,11440,256
1765688166.246358,11441,256
1765688166.246875,11442,256
1765688166.248738,11443,256
1765688166.249177,11444,256
1765688166.251350,11445,256
1765688166.251409,11446,256
1765688166.251441,11447,256
1765688166.253743,11448,256
1765688166.257331,11449,256
1765688166.258562,11450,256
1765688166.259571,11451,256
1765688166.259628,11452,256
1765688166.260569,11453,256
1765688166.263422,11454,256
1765688166.265267,11455,256
1765688166.265332,11456,256
1765688166.266109,11457,256
1765688166.269204,11458,256
1765688166.269790,11459,256
1765688166.272473,11460,256
1765688166.279853,11461,256
1765688166.280420,11462,256
1765688166.281943,11463,256
1765688166.284376,11464,256
1765688166.284563,11465,256
1765688166.289391,11466,256
1765688166.290665,11467,256
1765688166.291137,11468,256
1765688166.292288,11469,256
1765688166.292577,11470,256
1765688166.297812,11471,256
1765688166.297992,11472,256
1765688166.299228,11473,256
1765688166.305589,11474,256
1765688166.309236,11475,256
1765688166.310885,11476,256
1765688166.311691,11477,256
1765688166.311821,11478,256
1765688166.312813,11479,256
1765688166.312929,11480,256
1765688166.315419,11481,256
1765688166.318278,11482,256
1765688166.318431,11483,256
1765688166.321765,11484,256
1765688166.323068,11485,256
1765688166.326469,11486,256
1765688166.326613,11487,256
1765688166.328520,11488,256
1765688166.330952,11489,256
1765688166.331043,11490,256
1765688166.331803,11491,256
1765688166.333627,11492,256
1765688166.337769,11493,256
1765688166.342376,11494,256
1765688166.346138,11495,256
1765688166.348083,11496,256
1765688166.349506,11497,256
1765688166.350420,11498,256
1765688166.352759,11499,256
1765688166.353312,11500,256
1765688166.353523,11501,256
1765688166.353948,11502,256
1765688166.358248,11503,256
1765688166.359322,11504,256
1765688166.361574,11505,256
1765688166.362231,11506,256
1765688166.367156,11507,256
1765688166.370188,11508,256
1765688166.370515,11509,256
1765688166.370606,11510,256
1765688166.374726,11511,256
1765688166.374885,11512,256
1765688166.379702,11513,256
1765688166.379826,11514,256
1765688166.383964,11515,256
1765688166.388053,11516,256
1765688166.391467,11517,256
1765688166.394299,11518,256
1765688166.396796,11519,256
1765688166.398336,11520,256
1765688166.399358,11521,256
1765688166.408916,11522,256
1765688166.413454,11523,256
1765688166.414898,11524,256
1765688166.416322,11525,256
1765688166.417501,11526,256
1765688166.418679,11527,256
1765688166.419213,11528,256
1765688166.421988,11529,256
1765688166.425246,11530,256
1765688166.425533,11531,256
1765688166.425718,11532,256
1765688166.426375,11533,256
1765688166.426917,11534,256
1765688166.427665,11535,256
1765688166.430318,11536,256
1765688166.430448,11537,256
1765688166.434492,11538,256
1765688166.439252,11539,256
1765688166.440052,11540,256
1765688166.440296,11541,256
1765688166.442886,11542,256
1765688166.444393,11543,256
1765688166.448879,11544,256
1765688166.450464,11545,256
1765688166.453069,11546,256
1765688166.453948,11547,256
1765688166.455560,11548,256
1765688166.455836,11549,256
1765688166.455876,11550,256
1765688166.456174,11551,256
1765688166.458568,11552,256
1765688166.460162,11553,256
1765688166.465230,11554,256
1765688166.468315,11555,256
1765688166.468880,11556,256
1765688166.472600,11557,256
1765688166.472785,11558,256
1765688166.474889,11559,256
1765688166.479501,11560,256
1765688166.483063,11561,256
1765688166.484095,11562,256
1765688166.484347,11563,256
1765688166.484865,11564,256
1765688166.485034,11565,256
1765688166.492744,11566,256
1765688166.492864,11567,256
1765688166.493321,11568,256
1765688166.493747,11569,256
1765688166.494567,11570,256
1765688166.495921,11571,256
1765688166.497146,11572,256
1765688166.498242,11573,256
1765688166.498271,11574,256
1765688166.498905,11575,256
1765688166.499424,11576,256
1765688166.499585,11577,256
1765688166.502199,11578,256
1765688166.505625,11579,256
1765688166.507426,11580,256
1765688166.509939,11581,256
1765688166.511640,11582,256
1765688166.514125,11583,256
1765688166.517527,11584,256
1765688166.519251,11585,256
1765688166.522466,11586,256
1765688166.530395,11587,256
1765688166.530569,11588,256
1765688166.531688,11589,256
1765688166.531955,11590,256
1765688166.532407,11591,256
1765688166.534921,11592,256
1765688166.538985,11593,256
1765688166.539442,11594,256
1765688166.543624,11595,256
1765688166.547664,11596,256
1765688166.574059,11597,256
1765688166.574258,11598,256
1765688166.577101,11599,256
1765688166.583920,11600,256
1765688166.588772,11601,256
1765688166.589916,11602,256
1765688166.590750,11603,256
1765688166.592489,11604,256
1765688166.595030,11605,256
1765688166.602787,11606,256
1765688166.605269,11607,256
1765688166.606804,11608,256
1765688166.607211,11609,256
1765688166.608254,11610,256
1765688166.609809,11611,256
1765688166.615467,11612,256
1765688166.615691,11613,256
1765688166.618527,11614,256
1765688166.619456,11615,256
1765688166.620575,11616,256
1765688166.624593,11617,256
1765688166.625763,11618,256
1765688166.630437,11619,256
1765688166.634313,11620,256
1765688166.635669,11621,256
1765688166.637733,11622,256
1765688166.637970,11623,256
1765688166.643285,11624,256
1765688166.644334,11625,256
1765688166.644893,11626,256
1765688166.657987,11627,256
1765688166.659491,11628,256
1765688166.662841,11629,256
1765688166.663143,11630,256
1765688166.663686,11631,256
1765688166.664587,11632,256
1765688166.666632,11633,256
1765688166.667038,11634,256
1765688166.667896,11635,256
1765688166.669440,11636,256
1765688166.676474,11637,256
1765688166.676679,11638,256
1765688166.677789,11639,256
1765688166.678226,11640,256
1765688166.682565,11641,256
1765688166.684354,11642,256
1765688166.685320,11643,256
1765688166.686910,11644,256
1765688166.689389,11645,256
1765688166.690252,11646,256
1765688166.690570,11647,256
1765688166.693571,11648,256
1765688166.693667,11649,256
1765688166.694880,11650,256
1765688166.695474,11651,256
1765688166.695534,11652,256
1765688166.699826,11653,256
1765688166.701105,11654,256
1765688166.704498,11655,256
1765688166.706659,11656,256
1765688166.707003,11657,256
1765688166.708741,11658,256
1765688166.709049,11659,256
1765688166.710444,11660,256
1765688166.712124,11661,256
1765688166.712185,11662,256
1765688166.712352,11663,256
1765688166.716290,11664,256
1765688166.717793,11665,256
1765688166.718094,11666,256
1765688166.727224,11667,256
1765688166.729642,11668,256
1765688166.730337,11669,256
1765688166.732397,11670,256
1765688166.735217,11671,256
1765688166.736678,11672,256
1765688166.740709,11673,256
1765688166.740872,11674,256
1765688166.743821,11675,256
1765688166.744587,11676,256
1765688166.749461,11677,256
1765688166.750460,11678,256
1765688166.752764,11679,256
1765688166.752929,11680,256
1765688166.753214,11681,256
1765688166.759405,11682,256
1765688166.759937,11683,256
1765688166.764752,11684,256
1765688166.766685,11685,256
1765688166.767203,11686,256
1765688166.771951,11687,256
1765688166.778173,11688,256
1765688166.778652,11689,256
1765688166.780379,11690,256
1765688166.788666,11691,256
1765688166.789764,11692,256
1765688166.792188,11693,256
1765688166.792359,11694,256
1765688166.794203,11695,256
1765688166.794681,11696,256
1765688166.799743,11697,256
1765688166.800969,11698,256
1765688166.802047,11699,256
1765688166.802260,11700,256
1765688166.804292,11701,256
1765688166.805894,11702,256
1765688166.807506,11703,256
1765688166.807611,11704,256
1765688166.812885,11705,256
1765688166.815187,11706,256
1765688166.815351,11707,256
1765688166.817204,11708,256
1765688166.820017,11709,256
1765688166.820683,11710,256
1765688166.821233,11711,256
1765688166.821687,11712,256
1765688166.823966,11713,256
1765688166.825246,11714,256
1765688166.827665,11715,256
1765688166.836333,11716,256
1765688166.836715,11717,256
1765688166.838003,11718,256
1765688166.838117,11719,256
1765688166.840941,11720,256
1765688166.842779,11721,256
1765688166.847344,11722,256
1765688166.847684,11723,256
1765688166.851110,11724,256
1765688166.851780,11725,256
1765688166.853297,11726,256
1765688166.860013,11727,256
1765688166.862077,11728,256
1765688166.864453,11729,256
1765688166.867937,11730,256
1765688166.871688,11731,256
1765688166.875372,11732,256
1765688166.879842,11733,256
1765688166.883733,11734,256
1765688166.884867,11735,256
1765688166.887660,11736,256
1765688166.889921,11737,256
1765688166.891350,11738,256
1765688166.892146,11739,256
1765688166.900693,11740,256
1765688166.901172,11741,256
1765688166.902885,11742,256
1765688166.904251,11743,256
1765688166.904691,11744,256
1765688166.904892,11745,256
1765688166.905858,11746,256
1765688166.910084,11747,256
1765688166.913655,11748,256
1765688166.917673,11749,256
1765688166.918515,11750,256
1765688166.920535,11751,256
1765688166.920677,11752,256
1765688166.923505,11753,256
1765688166.927543,11754,256
1765688166.928388,11755,256
1765688166.929209,11756,256
1765688166.931172,11757,256
1765688166.931262,11758,256
1765688166.936606,11759,256
1765688166.938503,11760,256
1765688166.941487,11761,256
1765688166.941887,11762,256
1765688166.942506,11763,256
1765688166.943438,11764,256
1765688166.946737,11765,256
1765688166.950725,11766,256
1765688166.952127,11767,256
1765688166.954693,11768,256
1765688166.955023,11769,256
1765688166.956080,11770,256
1765688166.958375,11771,256
1765688166.959744,11772,256
1765688166.960212,11773,256
1765688166.962751,11774,256
1765688166.968937,11775,256
1765688166.970663,11776,256
1765688166.973834,11777,256
1765688166.978182,11778,256
1765688166.980329,11779,256
1765688166.980919,11780,256
1765688166.984485,11781,256
1765688166.985923,11782,256
1765688166.988386,11783,256
1765688166.988819,11784,256
1765688166.990157,11785,256
1765688166.990667,11786,256
1765688166.991887,11787,256
1765688166.994040,11788,256
1765688166.994220,11789,256
1765688166.995992,11790,256
1765688166.996403,11791,256
1765688166.996710,11792,256
1765688166.997781,11793,256
1765688166.998475,11794,256
1765688166.999831,11795,256
1765688167.002287,11796,256
1765688167.003156,11797,256
1765688167.003912,11798,256
1765688167.005155,11799,256
1765688167.005829,11800,256
1765688167.008449,11801,256
1765688167.010946,11802,256
1765688167.011857,11803,256
1765688167.016841,11804,256
1765688167.020066,11805,256
1765688167.023074,11806,256
1765688167.026876,11807,256
1765688167.029435,11808,256
1765688167.033216,11809,256
1765688167.040770,11810,256
1765688167.044492,11811,256
1765688167.045499,11812,256
1765688167.046623,11813,256
1765688167.050004,11814,256
1765688167.051367,11815,256
1765688167.053785,11816,256
1765688167.055403,11817,256
1765688167.055890,11818,256
1765688167.059932,11819,256
1765688167.061518,11820,256
1765688167.061693,11821,256
1765688167.063800,11822,256
1765688167.064640,11823,256
1765688167.069269,11824,256
1765688167.069422,11825,256
1765688167.069917,11826,256
1765688167.070157,11827,256
1765688167.072260,11828,256
1765688167.072697,11829,256
1765688167.073356,11830,256
1765688167.075841,11831,256
1765688167.075940,11832,256
1765688167.076398,11833,256
1765688167.077742,11834,256
1765688167.080292,11835,256
1765688167.080820,11836,256
1765688167.082113,11837,256
1765688167.084076,11838,256
1765688167.086402,11839,256
1765688167.090643,11840,256
1765688167.091080,11841,256
1765688167.097566,11842,256
1765688167.100221,11843,256
1765688167.100330,11844,256
1765688167.101441,11845,256
1765688167.101529,11846,256
1765688167.102700,11847,256
1765688167.105541,11848,256
1765688167.115669,11849,256
1765688167.116535,11850,256
1765688167.117052,11851,256
1765688167.119263,11852,256
1765688167.119563,11853,256
1765688167.128794,11854,256
1765688167.128965,11855,256
1765688167.130894,11856,256
1765688167.130990,11857,256
1765688167.133409,11858,256
1765688167.133912,11859,256
1765688167.136081,11860,256
1765688167.137329,11861,256
1765688167.137623,11862,256
1765688167.140309,11863,256
1765688167.140624,11864,256
1765688167.140738,11865,256
1765688167.142361,11866,256
1765688167.143219,11867,256
1765688167.146439,11868,256
1765688167.147208,11869,256
1765688167.148128,11870,256
1765688167.155246,11871,256
1765688167.160064,11872,256
1765688167.160562,11873,256
1765688167.162314,11874,256
1765688167.163111,11875,256
1765688167.173035,11876,256
1765688167.174504,11877,256
1765688167.177906,11878,256
1765688167.186526,11879,256
1765688167.195914,11880,256
1765688167.196722,11881,256
1765688167.198556,11882,256
1765688167.199540,11883,256
1765688167.201066,11884,256
1765688167.203022,11885,256
1765688167.203577,11886,256
1765688167.204000,11887,256
1765688167.205707,11888,256
1765688167.214266,11889,256
1765688167.214647,11890,256
1765688167.217533,11891,256
1765688167.219593,11892,256
1765688167.220339,11893,256
1765688167.222301,11894,256
1765688167.223132,11895,256
1765688167.224239,11896,256
1765688167.224920,11897,256
1765688167.226012,11898,256
1765688167.227334,11899,256
1765688167.229080,11900,256
1765688167.230427,11901,256
1765688167.233222,11902,256
1765688167.233561,11903,256
1765688167.234465,11904,256
1765688167.235489,11905,256
1765688167.236514,11906,256
1765688167.239511,11907,256
1765688167.239883,11908,256
1765688167.241470,11909,256
1765688167.242396,11910,256
1765688167.245203,11911,256
1765688167.247792,11912,256
1765688167.249339,11913,256
1765688167.249895,11914,256
1765688167.250618,11915,256
1765688167.251962,11916,256
1765688167.253759,11917,256
1765688167.255826,11918,256
1765688167.256928,11919,256
1765688167.257720,11920,256
1765688167.262065,11921,256
1765688167.262448,11922,256
1765688167.265266,11923,256
1765688167.266883,11924,256
1765688167.269981,11925,256
1765688167.271212,11926,256
1765688167.277246,11927,256
1765688167.281451,11928,256
1765688167.286265,11929,256
1765688167.287480,11930,256
1765688167.287780,11931,256
1765688167.288668,11932,256
1765688167.289350,11933,256
1765688167.289866,11934,256
1765688167.290281,11935,256
1765688167.293608,11936,256
1765688167.294358,11937,256
1765688167.299091,11938,256
1765688167.299273,11939,256
1765688167.300064,11940,256
1765688167.302255,11941,256
1765688167.302540,11942,256
1765688167.304327,11943,256
1765688167.307764,11944,256
1765688167.308196,11945,256
1765688167.309967,11946,256
1765688167.310067,11947,256
1765688167.313945,11948,256
1765688167.317272,11949,256
1765688167.317445,11950,256
1765688167.318467,11951,256
1765688167.320274,11952,256
1765688167.320776,11953,256
1765688167.322676,11954,256
1765688167.328998,11955,256
1765688167.330272,11956,256
1765688167.330337,11957,256
1765688167.332079,11958,256
1765688167.334636,11959,256
1765688167.334747,11960,256
1765688167.336095,11961,256
1765688167.338501,11962,256
1765688167.338912,11963,256
1765688167.341141,11964,256
1765688167.342489,11965,256
1765688167.344838,11966,256
1765688167.344942,11967,256
1765688167.344985,11968,256
1765688167.349565,11969,256
1765688167.349662,11970,256
1765688167.350296,11971,256
1765688167.352776,11972,256
1765688167.354899,11973,256
1765688167.355649,11974,256
1765688167.356269,11975,256
1765688167.359186,11976,256
1765688167.359849,11977,256
1765688167.360623,11978,256
1765688167.363416,11979,256
1765688167.367512,11980,256
1765688167.368981,11981,256
1765688167.371385,11982,256
1765688167.371468,11983,256
1765688167.372123,11984,256
1765688167.373061,11985,256
1765688167.376928,11986,256
1765688167.378930,11987,256
1765688167.382212,11988,256
1765688167.383896,11989,256
1765688167.388993,11990,256
1765688167.389360,11991,256
1765688167.390145,11992,256
1765688167.393645,11993,256
1765688167.394339,11994,256
1765688167.396719,11995,256
1765688167.403242,11996,256
1765688167.403630,11997,256
1765688167.407066,11998,256
1765688167.407346,11999,256
1765688167.407394,12000,256
1765688167.409931,12001,256
1765688167.411676,12002,256
1765688167.411974,12003,256
1765688167.415446,12004,256
1765688167.415757,12005,256
1765688167.416240,12006,256
1765688167.417061,12007,256
1765688167.417374,12008,256
1765688167.420530,12009,256
1765688167.420685,12010,256
1765688167.428097,12011,256
1765688167.431738,12012,256
1765688167.432798,12013,256
1765688167.432978,12014,256
1765688167.433255,12015,256
1765688167.435899,12016,256
1765688167.436162,12017,256
1765688167.436481,12018,256
1765688167.437363,12019,256
1765688167.439442,12020,256
1765688167.440369,12021,256
1765688167.443454,12022,256
1765688167.444561,12023,256
1765688167.445647,12024,256
1765688167.445726,12025,256
1765688167.448035,12026,256
1765688167.448448,12027,256
1765688167.451534,12028,256
1765688167.454320,12029,256
1765688167.454562,12030,256
1765688167.455937,12031,256
1765688167.459543,12032,256
1765688167.464407,12033,256
1765688167.465280,12034,256
1765688167.467309,12035,256
1765688167.469363,12036,256
1765688167.471055,12037,256
1765688167.474063,12038,256
1765688167.476038,12039,256
1765688167.476482,12040,256
1765688167.477997,12041,256
1765688167.479813,12042,256
1765688167.479877,12043,256
1765688167.484495,12044,256
1765688167.487718,12045,256
1765688167.487941,12046,256
1765688167.488488,12047,256
1765688167.489791,12048,256
1765688167.490032,12049,256
1765688167.493502,12050,256
1765688167.495457,12051,256
1765688167.496967,12052,256
1765688167.500258,12053,256
1765688167.504380,12054,256
1765688167.504623,12055,256
1765688167.507430,12056,256
1765688167.508452,12057,256
1765688167.511491,12058,256
1765688167.514074,12059,256
1765688167.517040,12060,256
1765688167.523829,12061,256
1765688167.524776,12062,256
1765688167.525064,12063,256
1765688167.527127,12064,256
1765688167.528902,12065,256
1765688167.536005,12066,256
1765688167.536073,12067,256
1765688167.536935,12068,256
1765688167.537232,12069,256
1765688167.537560,12070,256
1765688167.539969,12071,256
1765688167.545373,12072,256
1765688167.546714,12073,256
1765688167.547962,12074,256
1765688167.548703,12075,256
1765688167.548724,12076,256
1765688167.550541,12077,256
1765688167.553310,12078,256
1765688167.556914,12079,256
1765688167.558519,12080,256
1765688167.558808,12081,256
1765688167.562395,12082,256
1765688167.568332,12083,256
1765688167.568729,12084,256
1765688167.568949,12085,256
1765688167.569256,12086,256
1765688167.577572,12087,256
1765688167.578875,12088,256
1765688167.579343,12089,256
1765688167.586820,12090,256
1765688167.587598,12091,256
1765688167.588775,12092,256
1765688167.592571,12093,256
1765688167.594589,12094,256
1765688167.595708,12095,256
1765688167.596168,12096,256
1765688167.597780,12097,256
1765688167.599197,12098,256
1765688167.599346,12099,256
1765688167.600023,12100,256
1765688167.602337,12101,256
1765688167.602681,12102,256
1765688167.605039,12103,256
1765688167.607179,12104,256
1765688167.607430,12105,256
1765688167.609060,12106,256
1765688167.609109,12107,256
1765688167.610348,12108,256
1765688167.611404,12109,256
1765688167.612264,12110,256
1765688167.613715,12111,256
1765688167.613732,12112,256
1765688167.619039,12113,256
1765688167.619730,12114,256
1765688167.621098,12115,256
1765688167.621255,12116,256
1765688167.627784,12117,256
1765688167.628797,12118,256
1765688167.631214,12119,256
1765688167.633995,12120,256
1765688167.637047,12121,256
1765688167.639557,12122,256
1765688167.641360,12123,256
1765688167.642198,12124,256
1765688167.642330,12125,256
1765688167.643919,12126,256
1765688167.644950,12127,256
1765688167.648657,12128,256
1765688167.649035,12129,256
1765688167.650715,12130,256
1765688167.653856,12131,256
1765688167.654757,12132,256
1765688167.658564,12133,256
1765688167.663634,12134,256
1765688167.665779,12135,256
1765688167.666341,12136,256
1765688167.671250,12137,256
1765688167.672557,12138,256
1765688167.672840,12139,256
1765688167.678527,12140,256
1765688167.678887,12141,256
1765688167.681227,12142,256
1765688167.684598,12143,256
1765688167.684688,12144,256
1765688167.685476,12145,256
1765688167.690704,12146,256
1765688167.692719,12147,256
1765688167.692801,12148,256
1765688167.693039,12149,256
1765688167.693180,12150,256
1765688167.693216,12151,256
1765688167.693561,12152,256
1765688167.694027,12153,256
1765688167.694183,12154,256
1765688167.694404,12155,256
1765688167.694901,12156,256
1765688167.698819,12157,256
1765688167.701003,12158,256
1765688167.701387,12159,256
1765688167.703785,12160,256
1765688167.704762,12161,256
1765688167.708469,12162,256
1765688167.709110,12163,256
1765688167.713013,12164,256
1765688167.714349,12165,256
1765688167.716382,12166,256
1765688167.717584,12167,256
1765688167.722077,12168,256
1765688167.725871,12169,256
1765688167.727728,12170,256
1765688167.730691,12171,256
1765688167.732808,12172,256
1765688167.733268,12173,256
1765688167.734262,12174,256
1765688167.734629,12175,256
1765688167.734882,12176,256
1765688167.737400,12177,256
1765688167.737441,12178,256
1765688167.740997,12179,256
1765688167.743076,12180,256
1765688167.744771,12181,256
1765688167.744922,12182,256
1765688167.756782,12183,256
1765688167.757421,12184,256
1765688167.759565,12185,256
1765688167.761419,12186,256
1765688167.761456,12187,256
1765688167.763134,12188,256
1765688167.767196,12189,256
1765688167.767446,12190,256
1765688167.768683,12191,256
1765688167.768935,12192,256
1765688167.769240,12193,256
1765688167.772243,12194,256
1765688167.772905,12195,256
1765688167.773086,12196,256
1765688167.773487,12197,256
1765688167.776258,12198,256
1765688167.776534,12199,256
1765688167.780159,12200,256
1765688167.781335,12201,256
1765688167.783776,12202,256
1765688167.785200,12203,256
1765688167.786054,12204,256
1765688167.786686,12205,256
1765688167.790186,12206,256
1765688167.791274,12207,256
1765688167.792790,12208,256
1765688167.795194,12209,256
1765688167.796320,12210,256
1765688167.797604,12211,256
1765688167.798728,12212,256
1765688167.799827,12213,256
1765688167.800454,12214,256
1765688167.808751,12215,256
1765688167.809432,12216,256
1765688167.810364,12217,256
1765688167.812215,12218,256
1765688167.815431,12219,256
1765688167.818453,12220,256
1765688167.818696,12221,256
1765688167.819856,12222,256
1765688167.821360,12223,256
1765688167.822247,12224,256
1765688167.833239,12225,256
1765688167.833653,12226,256
1765688167.836891,12227,256
1765688167.837031,12228,256
1765688167.839019,12229,256
1765688167.841013,12230,256
1765688167.842787,12231,256
1765688167.844370,12232,256
1765688167.850558,12233,256
1765688167.851275,12234,256
1765688167.851321,12235,256
1765688167.852572,12236,256
1765688167.853277,12237,256
1765688167.855485,12238,256
1765688167.860843,12239,256
1765688167.861789,12240,256
1765688167.862301,12241,256
1765688167.862611,12242,256
1765688167.863113,12243,256
1765688167.864573,12244,256
1765688167.868870,12245,256
1765688167.871964,12246,256
1765688167.873964,12247,256
1765688167.879394,12248,256
1765688167.880541,12249,256
1765688167.881167,12250,256
1765688167.881823,12251,256
1765688167.881999,12252,256
1765688167.885889,12253,256
1765688167.886248,12254,256
1765688167.889134,12255,256
1765688167.889246,12256,256
1765688167.895592,12257,256
1765688167.897510,12258,256
1765688167.904353,12259,256
1765688167.905324,12260,256
1765688167.913568,12261,256
1765688167.914519,12262,256
1765688167.914562,12263,256
1765688167.914987,12264,256
1765688167.916289,12265,256
1765688167.917105,12266,256
1765688167.919626,12267,256
1765688167.920177,12268,256
1765688167.921563,12269,256
1765688167.922124,12270,256
1765688167.926671,12271,256
1765688167.928964,12272,256
1765688167.928996,12273,256
1765688167.929019,12274,256
1765688167.930715,12275,256
1765688167.932850,12276,256
1765688167.934249,12277,256
1765688167.936765,12278,256
1765688167.937535,12279,256
1765688167.937736,12280,256
1765688167.939275,12281,256
1765688167.943461,12282,256
1765688167.944712,12283,256
1765688167.945979,12284,256
1765688167.946837,12285,256
1765688167.947643,12286,256
1765688167.948881,12287,256
1765688167.948920,12288,256
1765688167.950347,12289,256
1765688167.952800,12290,256
1765688167.953693,12291,256
1765688167.956531,12292,256
1765688167.959564,12293,256
1765688167.962861,12294,256
1765688167.963528,12295,256
1765688167.964952,12296,256
1765688167.968089,12297,256
1765688167.969666,12298,256
1765688167.970097,12299,256
1765688167.970298,12300,256
1765688167.977242,12301,256
1765688167.977510,12302,256
1765688167.977531,12303,256
1765688167.979560,12304,256
1765688167.981079,12305,256
1765688167.983097,12306,256
1765688167.984457,12307,256
1765688167.987561,12308,256
1765688167.992151,12309,256
1765688167.994695,12310,256
1765688167.998233,12311,256
1765688168.003803,12312,256
1765688168.006069,12313,256
1765688168.009521,12314,256
1765688168.009676,12315,256
1765688168.010397,12316,256
1765688168.010563,12317,256
1765688168.010658,12318,256
1765688168.010682,12319,256
1765688168.014781,12320,256
1765688168.015041,12321,256
1765688168.015841,12322,256
1765688168.017321,12323,256
1765688168.017662,12324,256
1765688168.019563,12325,256
1765688168.020207,12326,256
1765688168.020840,12327,256
1765688168.022538,12328,256
1765688168.022884,12329,256
1765688168.023294,12330,256
1765688168.025471,12331,256
1765688168.027318,12332,256
1765688168.028145,12333,256
1765688168.029234,12334,256
1765688168.032743,12335,256
1765688168.033946,12336,256
1765688168.038491,12337,256
1765688168.038564,12338,256
1765688168.043283,12339,256
1765688168.047234,12340,256
1765688168.049459,12341,256
1765688168.050900,12342,256
1765688168.051330,12343,256
1765688168.051608,12344,256
1765688168.054626,12345,256
1765688168.055804,12346,256
1765688168.056801,12347,256
1765688168.058000,12348,256
1765688168.061288,12349,256
1765688168.062748,12350,256
1765688168.070199,12351,256
1765688168.070457,12352,256
1765688168.073975,12353,256
1765688168.075720,12354,256
1765688168.082497,12355,256
1765688168.082606,12356,256
1765688168.085559,12357,256
1765688168.085883,12358,256
1765688168.086951,12359,256
1765688168.090649,12360,256
1765688168.100633,12361,256
1765688168.102486,12362,256
1765688168.102839,12363,256
1765688168.102999,12364,256
1765688168.105927,12365,256
1765688168.107125,12366,256
1765688168.112771,12367,256
1765688168.113633,12368,256
1765688168.114763,12369,256
1765688168.115028,12370,256
1765688168.119074,12371,256
1765688168.120055,12372,256
1765688168.120276,12373,256
1765688168.121929,12374,256
1765688168.122008,12375,256
1765688168.123600,12376,256
1765688168.124031,12377,256
1765688168.125826,12378,256
1765688168.127292,12379,256
1765688168.127832,12380,256
1765688168.128988,12381,256
1765688168.130795,12382,256
1765688168.133478,12383,256
1765688168.138442,12384,256
1765688168.142844,12385,256
1765688168.143008,12386,256
1765688168.146749,12387,256
1765688168.146994,12388,256
1765688168.151608,12389,256
1765688168.154178,12390,256
1765688168.156703,12391,256
1765688168.158257,12392,256
1765688168.160700,12393,256
1765688168.163883,12394,256
1765688168.165302,12395,256
1765688168.165569,12396,256
1765688168.165837,12397,256
1765688168.167759,12398,256
1765688168.169482,12399,256
1765688168.170093,12400,256
1765688168.173697,12401,256
1765688168.174168,12402,256
1765688168.175887,12403,256
1765688168.176103,12404,256
1765688168.176671,12405,256
1765688168.177873,12406,256
1765688168.178117,12407,256
1765688168.179714,12408,256
1765688168.180792,12409,256
1765688168.182243,12410,256
1765688168.183625,12411,256
1765688168.184491,12412,256
1765688168.187440,12413,256
1765688168.194332,12414,256
1765688168.196448,12415,256
1765688168.197107,12416,256
1765688168.198529,12417,256
1765688168.202563,12418,256
1765688168.208678,12419,256
1765688168.209785,12420,256
1765688168.212791,12421,256
1765688168.216478,12422,256
1765688168.217070,12423,256
1765688168.219042,12424,256
1765688168.221946,12425,256
1765688168.223470,12426,256
1765688168.223487,12427,256
1765688168.223640,12428,256
1765688168.224214,12429,256
1765688168.224451,12430,256
1765688168.226698,12431,256
1765688168.230132,12432,256
1765688168.232346,12433,256
1765688168.234502,12434,256
1765688168.238527,12435,256
1765688168.239005,12436,256
1765688168.240715,12437,256
1765688168.241361,12438,256
1765688168.243253,12439,256
1765688168.244865,12440,256
1765688168.244944,12441,256
1765688168.245182,12442,256
1765688168.246610,12443,256
1765688168.246936,12444,256
1765688168.249380,12445,256
1765688168.253031,12446,256
1765688168.253944,12447,256
1765688168.254116,12448,256
1765688168.254456,12449,256
1765688168.256790,12450,256
1765688168.256810,12451,256
1765688168.258121,12452,256
1765688168.260892,12453,256
1765688168.265400,12454,256
1765688168.265561,12455,256
1765688168.267043,12456,256
1765688168.268435,12457,256
1765688168.270704,12458,256
1765688168.271310,12459,256
1765688168.272265,12460,256
1765688168.273006,12461,256
1765688168.278019,12462,256
1765688168.278906,12463,256
1765688168.279232,12464,256
1765688168.285349,12465,256
1765688168.285441,12466,256
1765688168.287393,12467,256
1765688168.290657,12468,256
1765688168.292177,12469,256
1765688168.296285,12470,256
1765688168.297268,12471,256
1765688168.298161,12472,256
1765688168.298521,12473,256
1765688168.298684,12474,256
1765688168.299590,12475,256
1765688168.301965,12476,256
1765688168.302527,12477,256
1765688168.303245,12478,256
1765688168.306708,12479,256
1765688168.309455,12480,256
1765688168.312885,12481,256
1765688168.313843,12482,256
1765688168.316884,12483,256
1765688168.319604,12484,256
1765688168.321392,12485,256
1765688168.323678,12486,256
1765688168.324860,12487,256
1765688168.325430,12488,256
1765688168.326369,12489,256
1765688168.328501,12490,256
1765688168.329424,12491,256
1765688168.329555,12492,256
1765688168.335379,12493,256
1765688168.336222,12494,256
1765688168.338459,12495,256
1765688168.338857,12496,256
1765688168.342952,12497,256
1765688168.344078,12498,256
1765688168.344789,12499,256
1765688168.346423,12500,256
1765688168.349922,12501,256
1765688168.350967,12502,256
1765688168.352838,12503,256
1765688168.355175,12504,256
1765688168.355457,12505,256
1765688168.358632,12506,256
1765688168.358891,12507,256
1765688168.362929,12508,256
1765688168.369447,12509,256
1765688168.370405,12510,256
1765688168.371235,12511,256
1765688168.371392,12512,256
1765688168.371440,12513,256
1765688168.375097,12514,256
1765688168.375246,12515,256
1765688168.376183,12516,256
1765688168.376862,12517,256
1765688168.380592,12518,256
1765688168.389892,12519,256
1765688168.390135,12520,256
1765688168.390559,12521,256
1765688168.391313,12522,256
1765688168.391352,12523,256
1765688168.391797,12524,256
1765688168.392035,12525,256
1765688168.395177,12526,256
1765688168.395854,12527,256
1765688168.400663,12528,256
1765688168.404961,12529,256
1765688168.405187,12530,256
1765688168.405276,12531,256
1765688168.405514,12532,256
1765688168.406177,12533,256
1765688168.408563,12534,256
1765688168.409242,12535,256
1765688168.410983,12536,256
1765688168.411415,12537,256
1765688168.412502,12538,256
1765688168.414573,12539,256
1765688168.418346,12540,256
1765688168.419506,12541,256
1765688168.419741,12542,256
1765688168.424182,12543,256
1765688168.425247,12544,256
1765688168.425717,12545,256
1765688168.426961,12546,256
1765688168.427681,12547,256
1765688168.428454,12548,256
1765688168.430857,12549,256
1765688168.431821,12550,256
1765688168.432159,12551,256
1765688168.434303,12552,256
1765688168.434617,12553,256
1765688168.435241,12554,256
1765688168.437945,12555,256
1765688168.439147,12556,256
1765688168.439265,12557,256
1765688168.440464,12558,256
1765688168.441123,12559,256
1765688168.441767,12560,256
1765688168.443892,12561,256
1765688168.444670,12562,256
1765688168.446161,12563,256
1765688168.446263,12564,256
1765688168.447406,12565,256
1765688168.448212,12566,256
1765688168.454276,12567,256
1765688168.454947,12568,256
1765688168.457593,12569,256
1765688168.461142,12570,256
1765688168.462340,12571,256
1765688168.467537,12572,256
1765688168.470638,12573,256
1765688168.472512,12574,256
1765688168.472969,12575,256
1765688168.473644,12576,256
1765688168.481743,12577,256
1765688168.483516,12578,256
1765688168.483963,12579,256
1765688168.486362,12580,256
1765688168.487566,12581,256
1765688168.488630,12582,256
1765688168.489559,12583,256
1765688168.492556,12584,256
1765688168.493360,12585,256
1765688168.493745,12586,256
1765688168.495046,12587,256
1765688168.495592,12588,256
1765688168.496352,12589,256
1765688168.496372,12590,256
1765688168.497460,12591,256
1765688168.498833,12592,256
1765688168.498874,12593,256
1765688168.500493,12594,256
1765688168.501389,12595,256
1765688168.503023,12596,256
1765688168.506334,12597,256
1765688168.509803,12598,256
1765688168.511378,12599,256
1765688168.514473,12600,256
1765688168.515188,12601,256
1765688168.515357,12602,256
1765688168.516005,12603,256
1765688168.520978,12604,256
1765688168.522589,12605,256
1765688168.524515,12606,256
1765688168.526485,12607,256
1765688168.526538,12608,256
1765688168.526716,12609,256
1765688168.527133,12610,256
1765688168.530792,12611,256
1765688168.532936,12612,256
1765688168.537617,12613,256
1765688168.542710,12614,256
1765688168.544769,12615,256
1765688168.546298,12616,256
1765688168.549456,12617,256
1765688168.550039,12618,256
1765688168.550069,12619,256
1765688168.552206,12620,256
1765688168.554098,12621,256
1765688168.555101,12622,256
1765688168.558757,12623,256
1765688168.560717,12624,256
1765688168.564049,12625,256
1765688168.566091,12626,256
1765688168.572903,12627,256
1765688168.573913,12628,256
1765688168.574265,12629,256
1765688168.575339,12630,256
1765688168.577565,12631,256
1765688168.578222,12632,256
1765688168.579195,12633,256
1765688168.583245,12634,256
1765688168.583557,12635,256
1765688168.585207,12636,256
1765688168.588355,12637,256
1765688168.590665,12638,256
1765688168.591320,12639,256
1765688168.593954,12640,256
1765688168.594877,12641,256
1765688168.594991,12642,256
1765688168.600022,12643,256
1765688168.601565,12644,256
1765688168.603273,12645,256
1765688168.611387,12646,256
1765688168.612370,12647,256
1765688168.613542,12648,256
1765688168.615066,12649,256
1765688168.615230,12650,256
1765688168.619343,12651,256
1765688168.623264,12652,256
1765688168.625735,12653,256
1765688168.628456,12654,256
1765688168.629975,12655,256
1765688168.630003,12656,256
1765688168.631326,12657,256
1765688168.633956,12658,256
1765688168.636075,12659,256
1765688168.639790,12660,256
1765688168.640567,12661,256
1765688168.643456,12662,256
1765688168.648118,12663,256
1765688168.648423,12664,256
1765688168.651537,12665,256
1765688168.652204,12666,256
1765688168.653947,12667,256
1765688168.654095,12668,256
1765688168.654503,12669,256
1765688168.657377,12670,256
1765688168.658160,12671,256
1765688168.658896,12672,256
1765688168.659719,12673,256
1765688168.660145,12674,256
1765688168.661931,12675,256
1765688168.662627,12676,256
1765688168.669931,12677,256
1765688168.670068,12678,256
1765688168.670311,12679,256
1765688168.672762,12680,256
1765688168.675779,12681,256
1765688168.676057,12682,256
1765688168.676464,12683,256
1765688168.683441,12684,256
1765688168.684374,12685,256
1765688168.687247,12686,256
1765688168.688061,12687,256
1765688168.688869,12688,256
1765688168.690005,12689,256
1765688168.692192,12690,256
1765688168.693071,12691,256
1765688168.696642,12692,256
1765688168.697003,12693,256
1765688168.697209,12694,256
1765688168.707516,12695,256
1765688168.709780,12696,256
1765688168.711651,12697,256
1765688168.712611,12698,256
1765688168.713910,12699,256
1765688168.714450,12700,256
1765688168.719118,12701,256
1765688168.723242,12702,256
1765688168.728566,12703,256
1765688168.729609,12704,256
1765688168.732879,12705,256
1765688168.733084,12706,256
1765688168.735088,12707,256
1765688168.737382,12708,256
1765688168.740678,12709,256
1765688168.740718,12710,256
1765688168.747323,12711,256
1765688168.748641,12712,256
1765688168.748957,12713,256
1765688168.753423,12714,256
1765688168.755252,12715,256
1765688168.756031,12716,256
1765688168.757232,12717,256
1765688168.757539,12718,256
1765688168.759401,12719,256
1765688168.761770,12720,256
1765688168.762056,12721,256
1765688168.764338,12722,256
1765688168.765477,12723,256
1765688168.767502,12724,256
1765688168.771040,12725,256
1765688168.771590,12726,256
1765688168.773542,12727,256
1765688168.774868,12728,256
1765688168.784235,12729,256
1765688168.784972,12730,256
1765688168.785196,12731,256
1765688168.785364,12732,256
1765688168.785694,12733,256
1765688168.788333,12734,256
1765688168.791820,12735,256
1765688168.794272,12736,256
1765688168.798273,12737,256
1765688168.802325,12738,256
1765688168.804877,12739,256
1765688168.805247,12740,256
1765688168.807241,12741,256
1765688168.814696,12742,256
1765688168.815977,12743,256
1765688168.818364,12744,256
1765688168.818885,12745,256
1765688168.820375,12746,256
1765688168.821906,12747,256
1765688168.822248,12748,256
1765688168.825919,12749,256
1765688168.827516,12750,256
1765688168.828206,12751,256
1765688168.829526,12752,256
1765688168.830482,12753,256
1765688168.833999,12754,256
1765688168.840079,12755,256
1765688168.845395,12756,256
1765688168.845814,12757,256
1765688168.851793,12758,256
1765688168.853393,12759,256
1765688168.854752,12760,256
1765688168.855753,12761,256
1765688168.859196,12762,256
1765688168.860558,12763,256
1765688168.861350,12764,256
1765688168.862607,12765,256
1765688168.863974,12766,256
1765688168.867350,12767,256
1765688168.869437,12768,256
1765688168.870320,12769,256
1765688168.876901,12770,256
1765688168.878569,12771,256
1765688168.878843,12772,256
1765688168.880621,12773,256
1765688168.881091,12774,256
1765688168.884596,12775,256
1765688168.884703,12776,256
1765688168.885683,12777,256
1765688168.891541,12778,256
1765688168.896568,12779,256
1765688168.906309,12780,256
1765688168.912210,12781,256
1765688168.917706,12782,256
1765688168.918838,12783,256
1765688168.919526,12784,256
1765688168.919876,12785,256
1765688168.922296,12786,256
1765688168.922814,12787,256
1765688168.923437,12788,256
1765688168.923524,12789,256
1765688168.923807,12790,256
1765688168.930022,12791,256
1765688168.930252,12792,256
1765688168.930566,12793,256
1765688168.931725,12794,256
1765688168.932560,12795,256
1765688168.933487,12796,256
1765688168.933982,12797,256
1765688168.934030,12798,256
1765688168.934365,12799,256
1765688168.938182,12800,256
1765688168.939524,12801,256
1765688168.940632,12802,256
1765688168.941247,12803,256
1765688168.954450,12804,256
1765688168.955806,12805,256
1765688168.956337,12806,256
1765688168.957266,12807,256
1765688168.957977,12808,256
1765688168.958955,12809,256
1765688168.960611,12810,256
1765688168.961291,12811,256
1765688168.962338,12812,256
1765688168.962417,12813,256
1765688168.966213,12814,256
1765688168.970225,12815,256
1765688168.973041,12816,256
1765688168.975120,12817,256
1765688168.975506,12818,256
1765688168.979647,12819,256
1765688168.980097,12820,256
1765688168.980565,12821,256
1765688168.985508,12822,256
1765688168.988483,12823,256
1765688168.988624,12824,256
1765688168.992048,12825,256
1765688168.992365,12826,256
1765688168.992929,12827,256
1765688168.994073,12828,256
1765688168.994568,12829,256
1765688168.996826,12830,256
1765688169.000925,12831,256
1765688169.001275,12832,256
1765688169.002661,12833,256
1765688169.003419,12834,256
1765688169.004003,12835,256
1765688169.005509,12836,256
1765688169.007288,12837,256
1765688169.008393,12838,256
1765688169.010369,12839,256
1765688169.011535,12840,256
1765688169.012073,12841,256
1765688169.014657,12842,256
1765688169.014879,12843,256
1765688169.014998,12844,256
1765688169.016300,12845,256
1765688169.016514,12846,256
1765688169.017195,12847,256
1765688169.018127,12848,256
1765688169.018634,12849,256
1765688169.020766,12850,256
1765688169.020867,12851,256
1765688169.021890,12852,256
1765688169.023007,12853,256
1765688169.024673,12854,256
1765688169.027134,12855,256
1765688169.027222,12856,256
1765688169.028609,12857,256
1765688169.030565,12858,256
1765688169.034064,12859,256
1765688169.035663,12860,256
1765688169.035903,12861,256
1765688169.039345,12862,256
1765688169.043195,12863,256
1765688169.043427,12864,256
1765688169.044869,12865,256
1765688169.046052,12866,256
1765688169.046143,12867,256
1765688169.046495,12868,256
1765688169.046526,12869,256
1765688169.048469,12870,256
1765688169.050109,12871,256
1765688169.050196,12872,256
1765688169.050918,12873,256
1765688169.050989,12874,256
1765688169.051227,12875,256
1765688169.052043,12876,256
1765688169.052086,12877,256
1765688169.054087,12878,256
1765688169.055040,12879,256
1765688169.058975,12880,256
1765688169.060841,12881,256
1765688169.061350,12882,256
1765688169.064578,12883,256
1765688169.069237,12884,256
1765688169.069901,12885,256
1765688169.070372,12886,256
1765688169.071421,12887,256
1765688169.074122,12888,256
1765688169.074291,12889,256
1765688169.075891,12890,256
1765688169.078164,12891,256
1765688169.080486,12892,256
1765688169.089455,12893,256
1765688169.089596,12894,256
1765688169.090638,12895,256
1765688169.091205,12896,256
1765688169.094561,12897,256
1765688169.102587,12898,256
1765688169.104525,12899,256
1765688169.105390,12900,256
1765688169.105490,12901,256
1765688169.109375,12902,256
1765688169.109864,12903,256
1765688169.110346,12904,256
1765688169.110521,12905,256
1765688169.112661,12906,256
1765688169.117454,12907,256
1765688169.119538,12908,256
1765688169.120224,12909,256
1765688169.120703,12910,256
1765688169.122627,12911,256
1765688169.124893,12912,256
1765688169.126891,12913,256
1765688169.130678,12914,256
1765688169.134141,12915,256
1765688169.136886,12916,256
1765688169.143000,12917,256
1765688169.147659,12918,256
1765688169.150127,12919,256
1765688169.152361,12920,256
1765688169.153504,12921,256
1765688169.155305,12922,256
1765688169.155720,12923,256
1765688169.157629,12924,256
1765688169.158119,12925,256
1765688169.159428,12926,256
1765688169.161569,12927,256
1765688169.166229,12928,256
1765688169.169073,12929,256
1765688169.171343,12930,256
1765688169.173278,12931,256
1765688169.178352,12932,256
1765688169.178666,12933,256
1765688169.179214,12934,256
1765688169.184511,12935,256
1765688169.184791,12936,256
1765688169.187565,12937,256
1765688169.187768,12938,256
1765688169.191421,12939,256
1765688169.196111,12940,256
1765688169.199793,12941,256
1765688169.200927,12942,256
1765688169.202334,12943,256
1765688169.203694,12944,256
1765688169.205320,12945,256
1765688169.206592,12946,256
1765688169.209896,12947,256
1765688169.212443,12948,256
1765688169.219694,12949,256
1765688169.220985,12950,256
1765688169.224124,12951,256
1765688169.224685,12952,256
1765688169.226917,12953,256
1765688169.231876,12954,256
1765688169.235536,12955,256
1765688169.237817,12956,256
1765688169.238077,12957,256
1765688169.239532,12958,256
1765688169.244290,12959,256
1765688169.245531,12960,256
1765688169.249571,12961,256
1765688169.250110,12962,256
1765688169.250593,12963,256
1765688169.252171,12964,256
1765688169.252426,12965,256
1765688169.253358,12966,256
1765688169.254128,12967,256
1765688169.255309,12968,256
1765688169.255980,12969,256
1765688169.257318,12970,256
1765688169.257555,12971,256
1765688169.258472,12972,256
1765688169.260256,12973,256
1765688169.260280,12974,256
1765688169.260294,12975,256
1765688169.264709,12976,256
1765688169.265019,12977,256
1765688169.266039,12978,256
1765688169.268432,12979,256
1765688169.271262,12980,256
1765688169.274184,12981,256
1765688169.279725,12982,256
1765688169.279774,12983,256
1765688169.280431,12984,256
1765688169.284984,12985,256
1765688169.287141,12986,256
1765688169.288611,12987,256
1765688169.289558,12988,256
1765688169.294062,12989,256
1765688169.294971,12990,256
1765688169.295162,12991,256
1765688169.296673,12992,256
1765688169.297692,12993,256
1765688169.305317,12994,256
1765688169.307974,12995,256
1765688169.309813,12996,256
1765688169.311907,12997,256
1765688169.312662,12998,256
1765688169.313112,12999,256
1765688169.313506,13000,256
1765688169.315858,13001,256
1765688169.316182,13002,256
1765688169.316457,13003,256
1765688169.316680,13004,256
1765688169.316840,13005,256
1765688169.324425,13006,256
1765688169.327702,13007,256
1765688169.328761,13008,256
1765688169.331366,13009,256
1765688169.331502,13010,256
1765688169.334595,13011,256
1765688169.336570,13012,256
1765688169.336867,13013,256
1765688169.341316,13014,256
1765688169.344908,13015,256
1765688169.346243,13016,256
1765688169.347568,13017,256
1765688169.348722,13018,256
1765688169.349622,13019,256
1765688169.353900,13020,256
1765688169.354014,13021,256
1765688169.356205,13022,256
1765688169.359942,13023,256
1765688169.360831,13024,256
1765688169.362173,13025,256
1765688169.363496,13026,256
1765688169.367357,13027,256
1765688169.368433,13028,256
1765688169.368863,13029,256
1765688169.369431,13030,256
1765688169.370700,13031,256
1765688169.375219,13032,256
1765688169.377713,13033,256
1765688169.378623,13034,256
1765688169.380946,13035,256
1765688169.382115,13036,256
1765688169.383622,13037,256
1765688169.387146,13038,256
1765688169.388276,13039,256
1765688169.391447,13040,256
1765688169.391582,13041,256
1765688169.393023,13042,256
1765688169.394565,13043,256
1765688169.394668,13044,256
1765688169.395163,13045,256
1765688169.397558,13046,256
1765688169.402212,13047,256
1765688169.404787,13048,256
1765688169.405430,13049,256
1765688169.409235,13050,256
1765688169.409488,13051,256
1765688169.410035,13052,256
1765688169.410327,13053,256
1765688169.410806,13054,256
1765688169.411463,13055,256
1765688169.417475,13056,256
1765688169.419438,13057,256
1765688169.421878,13058,256
1765688169.422229,13059,256
1765688169.422519,13060,256
1765688169.424295,13061,256
1765688169.425501,13062,256
1765688169.426767,13063,256
1765688169.427801,13064,256
1765688169.428990,13065,256
1765688169.429556,13066,256
1765688169.433314,13067,256
1765688169.435698,13068,256
1765688169.439692,13069,256
1765688169.442241,13070,256
1765688169.444508,13071,256
1765688169.448059,13072,256
1765688169.449477,13073,256
1765688169.449584,13074,256
1765688169.450888,13075,256
1765688169.453322,13076,256
1765688169.454632,13077,256
1765688169.454684,13078,256
1765688169.457880,13079,256
1765688169.458478,13080,256
1765688169.459745,13081,256
1765688169.460883,13082,256
1765688169.460942,13083,256
1765688169.462281,13084,256
1765688169.464342,13085,256
1765688169.473454,13086,256
1765688169.475663,13087,256
1765688169.479120,13088,256
1765688169.479724,13089,256
1765688169.482771,13090,256
1765688169.484488,13091,256
1765688169.494159,13092,256
1765688169.497032,13093,256
1765688169.497882,13094,256
1765688169.499557,13095,256
1765688169.500965,13096,256
1765688169.501177,13097,256
1765688169.501436,13098,256
1765688169.502341,13099,256
1765688169.504364,13100,256
1765688169.505100,13101,256
1765688169.507296,13102,256
1765688169.508224,13103,256
1765688169.515719,13104,256
1765688169.519284,13105,256
1765688169.519738,13106,256
1765688169.520924,13107,256
1765688169.523481,13108,256
1765688169.525150,13109,256
1765688169.526619,13110,256
1765688169.526640,13111,256
1765688169.528815,13112,256
1765688169.531125,13113,256
1765688169.532782,13114,256
1765688169.536309,13115,256
1765688169.540778,13116,256
1765688169.542015,13117,256
1765688169.545164,13118,256
1765688169.545929,13119,256
1765688169.547224,13120,256
1765688169.547562,13121,256
1765688169.547817,13122,256
1765688169.551002,13123,256
1765688169.551128,13124,256
1765688169.551175,13125,256
1765688169.552577,13126,256
1765688169.555911,13127,256
1765688169.557683,13128,256
1765688169.560357,13129,256
1765688169.561913,13130,256
1765688169.563746,13131,256
1765688169.564432,13132,256
1765688169.564478,13133,256
1765688169.565631,13134,256
1765688169.566516,13135,256
1765688169.567316,13136,256
1765688169.570837,13137,256
1765688169.577061,13138,256
1765688169.577904,13139,256
1765688169.578356,13140,256
1765688169.578880,13141,256
1765688169.580337,13142,256
1765688169.582919,13143,256
1765688169.583787,13144,256
1765688169.590905,13145,256
1765688169.596748,13146,256
1765688169.598016,13147,256
1765688169.598775,13148,256
1765688169.599984,13149,256
1765688169.602492,13150,256
1765688169.602580,13151,256
1765688169.603762,13152,256
1765688169.605231,13153,256
1765688169.605780,13154,256
1765688169.605844,13155,256
1765688169.609416,13156,256
1765688169.611354,13157,256
1765688169.613680,13158,256
1765688169.616143,13159,256
1765688169.616697,13160,256
1765688169.619973,13161,256
1765688169.620851,13162,256
1765688169.623821,13163,256
1765688169.625514,13164,256
1765688169.628827,13165,256
1765688169.629377,13166,256
1765688169.631073,13167,256
1765688169.639762,13168,256
1765688169.640871,13169,256
1765688169.641571,13170,256
1765688169.642572,13171,256
1765688169.644111,13172,256
1765688169.648363,13173,256
1765688169.649713,13174,256
1765688169.652036,13175,256
1765688169.652291,13176,256
1765688169.653822,13177,256
1765688169.657362,13178,256
1765688169.659651,13179,256
1765688169.660493,13180,256
1765688169.661846,13181,256
1765688169.663105,13182,256
1765688169.664159,13183,256
1765688169.664293,13184,256
1765688169.666747,13185,256
1765688169.667608,13186,256
1765688169.669285,13187,256
1765688169.669389,13188,256
1765688169.670177,13189,256
1765688169.670324,13190,256
1765688169.674421,13191,256
1765688169.675760,13192,256
1765688169.676904,13193,256
1765688169.678597,13194,256
1765688169.679325,13195,256
1765688169.680964,13196,256
1765688169.682894,13197,256
1765688169.683523,13198,256
1765688169.686432,13199,256
1765688169.686785,13200,256
1765688169.686932,13201,256
1765688169.689395,13202,256
1765688169.690501,13203,256
1765688169.692056,13204,256
1765688169.693078,13205,256
1765688169.693207,13206,256
1765688169.695807,13207,256
1765688169.699584,13208,256
1765688169.702837,13209,256
1765688169.703315,13210,256
1765688169.703701,13211,256
1765688169.705845,13212,256
1765688169.708688,13213,256
1765688169.709285,13214,256
1765688169.709402,13215,256
1765688169.711041,13216,256
1765688169.713135,13217,256
1765688169.716861,13218,256
1765688169.717089,13219,256
1765688169.717140,13220,256
1765688169.717175,13221,256
1765688169.727471,13222,256
1765688169.730824,13223,256
1765688169.731084,13224,256
1765688169.732915,13225,256
1765688169.734537,13226,256
1765688169.736309,13227,256
1765688169.737233,13228,256
1765688169.738596,13229,256
1765688169.742377,13230,256
1765688169.742891,13231,256
1765688169.743038,13232,256
1765688169.743629,13233,256
1765688169.745329,13234,256
1765688169.745667,13235,256
1765688169.746733,13236,256
1765688169.749765,13237,256
1765688169.750846,13238,256
1765688169.752016,13239,256
1765688169.755600,13240,256
1765688169.757477,13241,256
1765688169.758125,13242,256
1765688169.761569,13243,256
1765688169.763783,13244,256
1765688169.765512,13245,256
1765688169.770058,13246,256
1765688169.771901,13247,256
1765688169.772399,13248,256
1765688169.775994,13249,256
1765688169.776138,13250,256
1765688169.776374,13251,256
1765688169.776419,13252,256
1765688169.780052,13253,256
1765688169.781373,13254,256
1765688169.781568,13255,256
1765688169.783017,13256,256
1765688169.786799,13257,256
1765688169.787678,13258,256
1765688169.788343,13259,256
1765688169.788388,13260,256
1765688169.793618,13261,256
1765688169.795213,13262,256
1765688169.795749,13263,256
1765688169.797871,13264,256
1765688169.799841,13265,256
1765688169.800273,13266,256
1765688169.804994,13267,256
1765688169.805065,13268,256
1765688169.805315,13269,256
1765688169.807991,13270,256
1765688169.808604,13271,256
1765688169.810205,13272,256
1765688169.811678,13273,256
1765688169.815361,13274,256
1765688169.817171,13275,256
1765688169.820804,13276,256
1765688169.821238,13277,256
1765688169.821815,13278,256
1765688169.822757,13279,256
1765688169.824618,13280,256
1765688169.824826,13281,256
1765688169.825494,13282,256
1765688169.825919,13283,256
1765688169.829736,13284,256
1765688169.832884,13285,256
1765688169.834778,13286,256
1765688169.834917,13287,256
1765688169.835691,13288,256
1765688169.837973,13289,256
1765688169.838308,13290,256
1765688169.843071,13291,256
1765688169.843227,13292,256
1765688169.849492,13293,256
1765688169.854081,13294,256
1765688169.856727,13295,256
1765688169.860500,13296,256
1765688169.862727,13297,256
1765688169.864669,13298,256
1765688169.865847,13299,256
1765688169.867223,13300,256
1765688169.868282,13301,256
1765688169.869016,13302,256
1765688169.869067,13303,256
1765688169.870306,13304,256
1765688169.871193,13305,256
1765688169.873641,13306,256
1765688169.879523,13307,256
1765688169.881214,13308,256
1765688169.882042,13309,256
1765688169.885933,13310,256
1765688169.888895,13311,256
1765688169.889959,13312,256
1765688169.890339,13313,256
1765688169.892928,13314,256
1765688169.893036,13315,256
1765688169.897382,13316,256
1765688169.897564,13317,256
1765688169.898332,13318,256
1765688169.898371,13319,256
1765688169.899806,13320,256
1765688169.900559,13321,256
1765688169.907818,13322,256
1765688169.908563,13323,256
1765688169.909620,13324,256
1765688169.909676,13325,256
1765688169.909701,13326,256
1765688169.912400,13327,256
1765688169.913812,13328,256
1765688169.915057,13329,256
1765688169.915305,13330,256
1765688169.918222,13331,256
1765688169.923733,13332,256
1765688169.926919,13333,256
1765688169.927021,13334,256
1765688169.932286,13335,256
1765688169.933027,13336,256
1765688169.933182,13337,256
1765688169.933329,13338,256
1765688169.935110,13339,256
1765688169.936139,13340,256
1765688169.936171,13341,256
1765688169.938134,13342,256
1765688169.941308,13343,256
1765688169.942718,13344,256
1765688169.943664,13345,256
1765688169.944687,13346,256
1765688169.957968,13347,256
1765688169.958338,13348,256
1765688169.958842,13349,256
1765688169.958877,13350,256
1765688169.962052,13351,256
1765688169.962563,13352,256
1765688169.966173,13353,256
1765688169.968811,13354,256
1765688169.970635,13355,256
1765688169.970713,13356,256
1765688169.971387,13357,256
1765688169.973093,13358,256
1765688169.973413,13359,256
1765688169.974124,13360,256
1765688169.974155,13361,256
1765688169.974966,13362,256
1765688169.975542,13363,256
1765688169.980204,13364,256
1765688169.980938,13365,256
1765688169.981453,13366,256
1765688169.983208,13367,256
1765688169.987698,13368,256
1765688169.988300,13369,256
1765688169.988503,13370,256
1765688169.989482,13371,256
1765688169.996849,13372,256
1765688169.997490,13373,256
1765688169.998647,13374,256
1765688170.000003,13375,256
1765688170.002126,13376,256
1765688170.002856,13377,256
1765688170.005151,13378,256
1765688170.005637,13379,256
1765688170.010360,13380,256
1765688170.010475,13381,256
1765688170.014654,13382,256
1765688170.015876,13383,256
1765688170.018025,13384,256
1765688170.018373,13385,256
1765688170.021677,13386,256
1765688170.023352,13387,256
1765688170.024323,13388,256
1765688170.033740,13389,256
1765688170.035789,13390,256
1765688170.038260,13391,256
1765688170.039468,13392,256
1765688170.039702,13393,256
1765688170.042938,13394,256
1765688170.043915,13395,256
1765688170.045522,13396,256
1765688170.048675,13397,256
1765688170.049610,13398,256
1765688170.051166,13399,256
1765688170.051998,13400,256
1765688170.052102,13401,256
1765688170.054759,13402,256
1765688170.056258,13403,256
1765688170.056795,13404,256
1765688170.057221,13405,256
1765688170.061723,13406,256
1765688170.064642,13407,256
1765688170.065342,13408,256
1765688170.067043,13409,256
1765688170.068027,13410,256
1765688170.068316,13411,256
1765688170.069175,13412,256
1765688170.069292,13413,256
1765688170.071307,13414,256
1765688170.071393,13415,256
1765688170.072169,13416,256
1765688170.072452,13417,256
1765688170.080069,13418,256
1765688170.081489,13419,256
1765688170.081525,13420,256
1765688170.082147,13421,256
1765688170.082695,13422,256
1765688170.083207,13423,256
1765688170.083469,13424,256
1765688170.089106,13425,256
1765688170.090186,13426,256
1765688170.092372,13427,256
1765688170.093541,13428,256
1765688170.096214,13429,256
1765688170.101153,13430,256
1765688170.101925,13431,256
1765688170.102705,13432,256
1765688170.106956,13433,256
1765688170.109646,13434,256
1765688170.109681,13435,256
1765688170.110590,13436,256
1765688170.116187,13437,256
1765688170.116841,13438,256
1765688170.117937,13439,256
1765688170.119777,13440,256
1765688170.120661,13441,256
1765688170.121147,13442,256
1765688170.121297,13443,256
1765688170.123615,13444,256
1765688170.123802,13445,256
1765688170.126814,13446,256
1765688170.127569,13447,256
1765688170.129199,13448,256
1765688170.132752,13449,256
1765688170.133089,13450,256
1765688170.135226,13451,256
1765688170.138398,13452,256
1765688170.138555,13453,256
1765688170.139380,13454,256
1765688170.142045,13455,256
1765688170.142585,13456,256
1765688170.143559,13457,256
1765688170.144640,13458,256
1765688170.147497,13459,256
1765688170.147599,13460,256
1765688170.148892,13461,256
1765688170.150204,13462,256
1765688170.151500,13463,256
1765688170.151613,13464,256
1765688170.152647,13465,256
1765688170.156405,13466,256
1765688170.161570,13467,256
1765688170.165489,13468,256
1765688170.168406,13469,256
1765688170.169296,13470,256
1765688170.171189,13471,256
1765688170.171995,13472,256
1765688170.173916,13473,256
1765688170.176573,13474,256
1765688170.177192,13475,256
1765688170.178775,13476,256
1765688170.186267,13477,256
1765688170.191260,13478,256
1765688170.191661,13479,256
1765688170.194199,13480,256
1765688170.195953,13481,256
1765688170.197819,13482,256
1765688170.203447,13483,256
1765688170.203762,13484,256
1765688170.206386,13485,256
1765688170.206855,13486,256
1765688170.210315,13487,256
1765688170.210802,13488,256
1765688170.212238,13489,256
1765688170.213214,13490,256
1765688170.218072,13491,256
1765688170.220603,13492,256
1765688170.223045,13493,256
1765688170.224165,13494,256
1765688170.225338,13495,256
1765688170.226048,13496,256
1765688170.226316,13497,256
1765688170.226687,13498,256
1765688170.228067,13499,256
1765688170.228428,13500,256
1765688170.229009,13501,256
1765688170.232444,13502,256
1765688170.233146,13503,256
1765688170.235683,13504,256
1765688170.248423,13505,256
1765688170.250275,13506,256
1765688170.250762,13507,256
1765688170.251314,13508,256
1765688170.251884,13509,256
1765688170.254568,13510,256
1765688170.257637,13511,256
1765688170.260327,13512,256
1765688170.273746,13513,256
1765688170.276434,13514,256
1765688170.278490,13515,256
1765688170.280193,13516,256
1765688170.280323,13517,256
1765688170.280957,13518,256
1765688170.283047,13519,256
1765688170.284234,13520,256
1765688170.284701,13521,256
1765688170.291220,13522,256
1765688170.293157,13523,256
1765688170.297095,13524,256
1765688170.297493,13525,256
1765688170.317118,13526,256
1765688170.317310,13527,256
1765688170.318290,13528,256
1765688170.319710,13529,256
1765688170.321741,13530,256
1765688170.322060,13531,256
1765688170.325054,13532,256
1765688170.330357,13533,256
1765688170.330663,13534,256
1765688170.333410,13535,256
1765688170.333823,13536,256
1765688170.334313,13537,256
1765688170.337353,13538,256
1765688170.337766,13539,256
1765688170.338571,13540,256
1765688170.338671,13541,256
1765688170.343073,13542,256
1765688170.343373,13543,256
1765688170.346510,13544,256
1765688170.351762,13545,256
1765688170.353678,13546,256
1765688170.357708,13547,256
1765688170.357791,13548,256
1765688170.358371,13549,256
1765688170.358870,13550,256
1765688170.359212,13551,256
1765688170.360381,13552,256
1765688170.361293,13553,256
1765688170.361761,13554,256
1765688170.365711,13555,256
1765688170.369175,13556,256
1765688170.371128,13557,256
1765688170.372220,13558,256
1765688170.377180,13559,256
1765688170.378288,13560,256
1765688170.381879,13561,256
1765688170.384228,13562,256
1765688170.385966,13563,256
1765688170.388031,13564,256
1765688170.388972,13565,256
1765688170.389604,13566,256
1765688170.390185,13567,256
1765688170.390250,13568,256
1765688170.390736,13569,256
1765688170.391998,13570,256
1765688170.393948,13571,256
1765688170.393991,13572,256
1765688170.396376,13573,256
1765688170.397707,13574,256
1765688170.401490,13575,256
1765688170.403530,13576,256
1765688170.403813,13577,256
1765688170.408240,13578,256
1765688170.410798,13579,256
1765688170.413031,13580,256
1765688170.416183,13581,256
1765688170.419146,13582,256
1765688170.421437,13583,256
1765688170.423272,13584,256
1765688170.425669,13585,256
1765688170.427135,13586,256
1765688170.429858,13587,256
1765688170.430571,13588,256
1765688170.430844,13589,256
1765688170.432932,13590,256
1765688170.433594,13591,256
1765688170.435272,13592,256
1765688170.437249,13593,256
1765688170.439233,13594,256
1765688170.449537,13595,256
1765688170.449643,13596,256
1765688170.449682,13597,256
1765688170.449714,13598,256
1765688170.450336,13599,256
1765688170.450570,13600,256
1765688170.451336,13601,256
1765688170.454277,13602,256
1765688170.455068,13603,256
1765688170.458157,13604,256
1765688170.459893,13605,256
1765688170.459964,13606,256
1765688170.460123,13607,256
1765688170.464837,13608,256
1765688170.464923,13609,256
1765688170.464960,13610,256
1765688170.465109,13611,256
1765688170.465898,13612,256
1765688170.470533,13613,256
1765688170.470631,13614,256
1765688170.471675,13615,256
1765688170.477007,13616,256
1765688170.477302,13617,256
1765688170.479127,13618,256
1765688170.480402,13619,256
1765688170.484701,13620,256
1765688170.490345,13621,256
1765688170.496455,13622,256
1765688170.496681,13623,256
1765688170.497084,13624,256
1765688170.498838,13625,256
1765688170.499873,13626,256
1765688170.500280,13627,256
1765688170.501125,13628,256
1765688170.502926,13629,256
1765688170.504733,13630,256
1765688170.505532,13631,256
1765688170.505587,13632,256
1765688170.506138,13633,256
1765688170.507147,13634,256
1765688170.507195,13635,256
1765688170.510063,13636,256
1765688170.515236,13637,256
1765688170.515323,13638,256
1765688170.516490,13639,256
1765688170.516891,13640,256
1765688170.520006,13641,256
1765688170.520597,13642,256
1765688170.521448,13643,256
1765688170.521917,13644,256
1765688170.521954,13645,256
1765688170.524646,13646,256
1765688170.526364,13647,256
1765688170.526443,13648,256
1765688170.526699,13649,256
1765688170.527629,13650,256
1765688170.530419,13651,256
1765688170.531275,13652,256
1765688170.531328,13653,256
1765688170.532186,13654,256
1765688170.533748,13655,256
1765688170.533900,13656,256
1765688170.534008,13657,256
1765688170.534526,13658,256
1765688170.540664,13659,256
1765688170.540787,13660,256
1765688170.543495,13661,256
1765688170.543935,13662,256
1765688170.544597,13663,256
1765688170.545298,13664,256
1765688170.546935,13665,256
1765688170.551793,13666,256
1765688170.555219,13667,256
1765688170.555505,13668,256
1765688170.556176,13669,256
1765688170.556306,13670,256
1765688170.558238,13671,256
1765688170.560433,13672,256
1765688170.561925,13673,256
1765688170.562295,13674,256
1765688170.566294,13675,256
1765688170.568090,13676,256
1765688170.570759,13677,256
1765688170.571793,13678,256
1765688170.573317,13679,256
1765688170.574110,13680,256
1765688170.574779,13681,256
1765688170.575217,13682,256
1765688170.577607,13683,256
1765688170.580183,13684,256
1765688170.580908,13685,256
1765688170.584997,13686,256
1765688170.587294,13687,256
1765688170.587528,13688,256
1765688170.591160,13689,256
1765688170.594003,13690,256
1765688170.595135,13691,256
1765688170.598493,13692,256
1765688170.600794,13693,256
1765688170.601218,13694,256
1765688170.601638,13695,256
1765688170.604802,13696,256
1765688170.605357,13697,256
1765688170.605410,13698,256
1765688170.607670,13699,256
1765688170.607852,13700,256
1765688170.609575,13701,256
1765688170.613583,13702,256
1765688170.617009,13703,256
1765688170.617871,13704,256
1765688170.619659,13705,256
1765688170.625150,13706,256
1765688170.625250,13707,256
1765688170.627322,13708,256
1765688170.628798,13709,256
1765688170.631560,13710,256
1765688170.632731,13711,256
1765688170.632890,13712,256
1765688170.632933,13713,256
1765688170.633875,13714,256
1765688170.634928,13715,256
1765688170.634993,13716,256
1765688170.638212,13717,256
1765688170.638533,13718,256
1765688170.640790,13719,256
1765688170.641063,13720,256
1765688170.642840,13721,256
1765688170.643896,13722,256
1765688170.647466,13723,256
1765688170.648598,13724,256
1765688170.655200,13725,256
1765688170.656967,13726,256
1765688170.661907,13727,256
1765688170.662368,13728,256
1765688170.665350,13729,256
1765688170.667332,13730,256
1765688170.667991,13731,256
1765688170.670949,13732,256
1765688170.672478,13733,256
1765688170.674929,13734,256
1765688170.675871,13735,256
1765688170.677261,13736,256
1765688170.678220,13737,256
1765688170.681574,13738,256
1765688170.682996,13739,256
1765688170.684569,13740,256
1765688170.685569,13741,256
1765688170.689903,13742,256
1765688170.691242,13743,256
1765688170.699515,13744,256
1765688170.699738,13745,256
1765688170.699774,13746,256
1765688170.700078,13747,256
1765688170.703705,13748,256
1765688170.704171,13749,256
1765688170.707097,13750,256
1765688170.707192,13751,256
1765688170.712179,13752,256
1765688170.712553,13753,256
1765688170.714466,13754,256
1765688170.717311,13755,256
1765688170.718937,13756,256
1765688170.719620,13757,256
1765688170.719659,13758,256
1765688170.721165,13759,256
1765688170.721335,13760,256
1765688170.721693,13761,256
1765688170.721788,13762,256
1765688170.724325,13763,256
1765688170.724400,13764,256
1765688170.724429,13765,256
1765688170.724451,13766,256
1765688170.725603,13767,256
1765688170.726567,13768,256
1765688170.728053,13769,256
1765688170.731308,13770,256
1765688170.734969,13771,256
1765688170.736013,13772,256
1765688170.736970,13773,256
1765688170.737736,13774,256
1765688170.739436,13775,256
1765688170.739672,13776,256
1765688170.740712,13777,256
1765688170.740761,13778,256
1765688170.741659,13779,256
1765688170.742156,13780,256
1765688170.744873,13781,256
1765688170.745050,13782,256
1765688170.746242,13783,256
1765688170.753247,13784,256
1765688170.754205,13785,256
1765688170.755072,13786,256
1765688170.755172,13787,256
1765688170.761002,13788,256
1765688170.765233,13789,256
1765688170.765565,13790,256
1765688170.769673,13791,256
1765688170.771385,13792,256
1765688170.772503,13793,256
1765688170.772809,13794,256
1765688170.775292,13795,256
1765688170.775995,13796,256
1765688170.778763,13797,256
1765688170.780476,13798,256
1765688170.781034,13799,256
1765688170.784400,13800,256
1765688170.786078,13801,256
1765688170.786983,13802,256
1765688170.788091,13803,256
1765688170.789328,13804,256
1765688170.789458,13805,256
1765688170.791604,13806,256
1765688170.794563,13807,256
1765688170.796117,13808,256
1765688170.796399,13809,256
1765688170.797016,13810,256
1765688170.799646,13811,256
1765688170.800615,13812,256
1765688170.802071,13813,256
1765688170.803541,13814,256
1765688170.804223,13815,256
1765688170.804927,13816,256
1765688170.805118,13817,256
1765688170.808155,13818,256
1765688170.808345,13819,256
1765688170.810750,13820,256
1765688170.811855,13821,256
1765688170.812648,13822,256
1765688170.814228,13823,256
1765688170.814521,13824,256
1765688170.814820,13825,256
1765688170.815044,13826,256
1765688170.818330,13827,256
1765688170.821886,13828,256
1765688170.826106,13829,256
1765688170.827625,13830,256
1765688170.829121,13831,256
1765688170.850396,13832,256
1765688170.851278,13833,256
1765688170.859862,13834,256
1765688170.861467,13835,256
1765688170.866922,13836,256
1765688170.870709,13837,256
1765688170.871917,13838,256
1765688170.872335,13839,256
1765688170.875135,13840,256
1765688170.876611,13841,256
1765688170.876794,13842,256
1765688170.877213,13843,256
1765688170.880867,13844,256
1765688170.881308,13845,256
1765688170.881326,13846,256
1765688170.882987,13847,256
1765688170.883023,13848,256
1765688170.884818,13849,256
1765688170.884948,13850,256
1765688170.885541,13851,256
1765688170.885819,13852,256
1765688170.891707,13853,256
1765688170.894956,13854,256
1765688170.901319,13855,256
1765688170.904704,13856,256
1765688170.907758,13857,256
1765688170.908484,13858,256
1765688170.909380,13859,256
1765688170.909908,13860,256
1765688170.912830,13861,256
1765688170.917241,13862,256
1765688170.917569,13863,256
1765688170.919078,13864,256
1765688170.919516,13865,256
1765688170.922187,13866,256
1765688170.927185,13867,256
1765688170.927310,13868,256
1765688170.928003,13869,256
1765688170.929400,13870,256
1765688170.930458,13871,256
1765688170.931882,13872,256
1765688170.932387,13873,256
1765688170.933992,13874,256
1765688170.934516,13875,256
1765688170.936186,13876,256
1765688170.937965,13877,256
1765688170.940228,13878,256
1765688170.941236,13879,256
1765688170.943723,13880,256
1765688170.943848,13881,256
1765688170.944621,13882,256
1765688170.951195,13883,256
1765688170.953269,13884,256
1765688170.954891,13885,256
1765688170.958037,13886,256
1765688170.958158,13887,256
1765688170.958736,13888,256
1765688170.962163,13889,256
1765688170.964839,13890,256
1765688170.965729,13891,256
1765688170.965777,13892,256
1765688170.967522,13893,256
1765688170.971395,13894,256
1765688170.971596,13895,256
1765688170.972692,13896,256
1765688170.972934,13897,256
1765688170.974847,13898,256
1765688170.974897,13899,256
1765688170.977831,13900,256
1765688170.979630,13901,256
1765688170.981247,13902,256
1765688170.982045,13903,256
1765688170.982586,13904,256
1765688170.982632,13905,256
1765688170.982942,13906,256
1765688170.984565,13907,256
1765688170.985409,13908,256
1765688170.987022,13909,256
1765688170.987965,13910,256
1765688170.989238,13911,256
1765688170.991130,13912,256
1765688170.992216,13913,256
1765688170.995477,13914,256
1765688171.000861,13915,256
1765688171.004180,13916,256
1765688171.004299,13917,256
1765688171.006486,13918,256
1765688171.011735,13919,256
1765688171.012264,13920,256
1765688171.016074,13921,256
1765688171.017086,13922,256
1765688171.020191,13923,256
1765688171.021352,13924,256
1765688171.028119,13925,256
1765688171.032818,13926,256
1765688171.038232,13927,256
1765688171.044568,13928,256
1765688171.046412,13929,256
1765688171.055773,13930,256
1765688171.058449,13931,256
1765688171.059631,13932,256
1765688171.059894,13933,256
1765688171.062131,13934,256
1765688171.064357,13935,256
1765688171.068325,13936,256
1765688171.068537,13937,256
1765688171.069104,13938,256
1765688171.069680,13939,256
1765688171.070640,13940,256
1765688171.071176,13941,256
1765688171.073759,13942,256
1765688171.074890,13943,256
1765688171.078667,13944,256
1765688171.079791,13945,256
1765688171.083211,13946,256
1765688171.084154,13947,256
1765688171.084567,13948,256
1765688171.087532,13949,256
1765688171.087604,13950,256
1765688171.095347,13951,256
1765688171.097245,13952,256
1765688171.097346,13953,256
1765688171.097360,13954,256
1765688171.097718,13955,256
1765688171.099680,13956,256
1765688171.102846,13957,256
1765688171.103646,13958,256
1765688171.109585,13959,256
1765688171.110058,13960,256
1765688171.111565,13961,256
1765688171.113612,13962,256
1765688171.114211,13963,256
1765688171.114652,13964,256
1765688171.116682,13965,256
1765688171.117796,13966,256
1765688171.118783,13967,256
1765688171.119241,13968,256
1765688171.120676,13969,256
1765688171.125689,13970,256
1765688171.126868,13971,256
1765688171.127070,13972,256
1765688171.128185,13973,256
1765688171.129883,13974,256
1765688171.134449,13975,256
1765688171.140174,13976,256
1765688171.144970,13977,256
1765688171.145567,13978,256
1765688171.147244,13979,256
1765688171.147672,13980,256
1765688171.157114,13981,256
1765688171.158044,13982,256
1765688171.158556,13983,256
1765688171.158574,13984,256
1765688171.159249,13985,256
1765688171.161294,13986,256
1765688171.161719,13987,256
1765688171.162098,13988,256
1765688171.163228,13989,256
1765688171.163873,13990,256
1765688171.165463,13991,256
1765688171.172936,13992,256
1765688171.174412,13993,256
1765688171.175153,13994,256
1765688171.176022,13995,256
1765688171.185397,13996,256
1765688171.186093,13997,256
1765688171.186770,13998,256
1765688171.189552,13999,256
1765688171.189823,14000,256
1765688171.193225,14001,256
1765688171.197555,14002,256
1765688171.198715,14003,256
1765688171.205968,14004,256
1765688171.206180,14005,256
1765688171.206985,14006,256
1765688171.207996,14007,256
1765688171.209784,14008,256
1765688171.210206,14009,256
1765688171.210698,14010,256
1765688171.214076,14011,256
1765688171.215065,14012,256
1765688171.217715,14013,256
1765688171.224653,14014,256
1765688171.225230,14015,256
1765688171.230966,14016,256
1765688171.231863,14017,256
1765688171.234592,14018,256
1765688171.236558,14019,256
1765688171.237411,14020,256
1765688171.238073,14021,256
1765688171.239810,14022,256
1765688171.240989,14023,256
1765688171.242671,14024,256
1765688171.243075,14025,256
1765688171.244916,14026,256
1765688171.246194,14027,256
1765688171.248705,14028,256
1765688171.249477,14029,256
1765688171.250748,14030,256
1765688171.252783,14031,256
1765688171.253459,14032,256
1765688171.256346,14033,256
1765688171.257805,14034,256
1765688171.259319,14035,256
1765688171.260976,14036,256
1765688171.266024,14037,256
1765688171.266399,14038,256
1765688171.267954,14039,256
1765688171.272510,14040,256
1765688171.273534,14041,256
1765688171.276253,14042,256
1765688171.277763,14043,256
1765688171.279274,14044,256
1765688171.281939,14045,256
1765688171.285942,14046,256
1765688171.287918,14047,256
1765688171.292216,14048,256
1765688171.295448,14049,256
1765688171.299124,14050,256
1765688171.300035,14051,256
1765688171.303538,14052,256
1765688171.311066,14053,256
1765688171.312615,14054,256
1765688171.315894,14055,256
1765688171.319148,14056,256
1765688171.321515,14057,256
1765688171.321929,14058,256
1765688171.322392,14059,256
1765688171.323458,14060,256
1765688171.326627,14061,256
1765688171.331232,14062,256
1765688171.332580,14063,256
1765688171.333458,14064,256
1765688171.333845,14065,256
1765688171.334147,14066,256
1765688171.334694,14067,256
1765688171.336335,14068,256
1765688171.336791,14069,256
1765688171.338620,14070,256
1765688171.338891,14071,256
1765688171.341166,14072,256
1765688171.342129,14073,256
1765688171.343445,14074,256
1765688171.345768,14075,256
1765688171.348030,14076,256
1765688171.349803,14077,256
1765688171.350086,14078,256
1765688171.350782,14079,256
1765688171.350800,14080,256
1765688171.351877,14081,256
1765688171.353500,14082,256
1765688171.355987,14083,256
1765688171.356054,14084,256
1765688171.360774,14085,256
1765688171.361138,14086,256
1765688171.362706,14087,256
1765688171.364434,14088,256
1765688171.368843,14089,256
1765688171.370088,14090,256
1765688171.371851,14091,256
1765688171.372168,14092,256
1765688171.372711,14093,256
1765688171.374259,14094,256
1765688171.377945,14095,256
1765688171.378669,14096,256
1765688171.378817,14097,256
1765688171.380466,14098,256
1765688171.383036,14099,256
1765688171.383591,14100,256
1765688171.389598,14101,256
1765688171.391973,14102,256
1765688171.394459,14103,256
1765688171.395182,14104,256
1765688171.397570,14105,256
1765688171.407761,14106,256
1765688171.409045,14107,256
1765688171.410574,14108,256
1765688171.414641,14109,256
1765688171.415678,14110,256
1765688171.417297,14111,256
1765688171.417779,14112,256
1765688171.420627,14113,256
1765688171.422409,14114,256
1765688171.422857,14115,256
1765688171.423404,14116,256
1765688171.430710,14117,256
1765688171.432381,14118,256
1765688171.434448,14119,256
1765688171.436475,14120,256
1765688171.438334,14121,256
1765688171.439281,14122,256
1765688171.442211,14123,256
1765688171.443650,14124,256
1765688171.444000,14125,256
1765688171.444172,14126,256
1765688171.448014,14127,256
1765688171.448306,14128,256
1765688171.448426,14129,256
1765688171.448715,14130,256
1765688171.448805,14131,256
1765688171.449939,14132,256
1765688171.450468,14133,256
1765688171.451148,14134,256
1765688171.452140,14135,256
1765688171.454427,14136,256
1765688171.454672,14137,256
1765688171.455125,14138,256
1765688171.457328,14139,256
1765688171.458162,14140,256
1765688171.458873,14141,256
1765688171.459514,14142,256
1765688171.461344,14143,256
1765688171.462354,14144,256
1765688171.463349,14145,256
1765688171.465966,14146,256
1765688171.473140,14147,256
1765688171.473331,14148,256
1765688171.477107,14149,256
1765688171.479022,14150,256
1765688171.482773,14151,256
1765688171.488081,14152,256
1765688171.488618,14153,256
1765688171.490237,14154,256
1765688171.491575,14155,256
1765688171.493163,14156,256
1765688171.495108,14157,256
1765688171.495477,14158,256
1765688171.498775,14159,256
1765688171.500499,14160,256
1765688171.500739,14161,256
1765688171.500851,14162,256
1765688171.501810,14163,256
1765688171.501992,14164,256
1765688171.502354,14165,256
1765688171.503217,14166,256
1765688171.507766,14167,256
1765688171.509961,14168,256
1765688171.510012,14169,256
1765688171.513019,14170,256
1765688171.516798,14171,256
1765688171.516960,14172,256
1765688171.521288,14173,256
1765688171.528280,14174,256
1765688171.530719,14175,256
1765688171.533560,14176,256
1765688171.533622,14177,256
1765688171.534275,14178,256
1765688171.534772,14179,256
1765688171.534804,14180,256
1765688171.535692,14181,256
1765688171.537744,14182,256
1765688171.543743,14183,256
1765688171.544591,14184,256
1765688171.549222,14185,256
1765688171.550180,14186,256
1765688171.550227,14187,256
1765688171.550767,14188,256
1765688171.550806,14189,256
1765688171.551279,14190,256
1765688171.554659,14191,256
1765688171.558058,14192,256
1765688171.558525,14193,256
1765688171.562603,14194,256
1765688171.563644,14195,256
1765688171.564164,14196,256
1765688171.567734,14197,256
1765688171.572976,14198,256
1765688171.576098,14199,256
1765688171.577658,14200,256
1765688171.579498,14201,256
1765688171.584684,14202,256
1765688171.584900,14203,256
1765688171.589935,14204,256
1765688171.592324,14205,256
1765688171.595180,14206,256
1765688171.597045,14207,256
1765688171.597337,14208,256
1765688171.600027,14209,256
1765688171.600424,14210,256
1765688171.601936,14211,256
1765688171.602430,14212,256
1765688171.606047,14213,256
1765688171.609841,14214,256
1765688171.609900,14215,256
1765688171.610324,14216,256
1765688171.611913,14217,256
1765688171.611969,14218,256
1765688171.615730,14219,256
1765688171.618828,14220,256
1765688171.620112,14221,256
1765688171.620966,14222,256
1765688171.626185,14223,256
1765688171.626572,14224,256
1765688171.627239,14225,256
1765688171.627470,14226,256
1765688171.627684,14227,256
1765688171.628561,14228,256
1765688171.628946,14229,256
1765688171.630194,14230,256
1765688171.632396,14231,256
1765688171.632888,14232,256
1765688171.634887,14233,256
1765688171.636505,14234,256
1765688171.638941,14235,256
1765688171.643724,14236,256
1765688171.645015,14237,256
1765688171.645712,14238,256
1765688171.647403,14239,256
1765688171.647563,14240,256
1765688171.651058,14241,256
1765688171.651743,14242,256
1765688171.655592,14243,256
1765688171.655759,14244,256
1765688171.666692,14245,256
1765688171.667539,14246,256
1765688171.669885,14247,256
1765688171.670044,14248,256
1765688171.670173,14249,256
1765688171.670377,14250,256
1765688171.671692,14251,256
1765688171.672029,14252,256
1765688171.674968,14253,256
1765688171.684903,14254,256
1765688171.687358,14255,256
1765688171.689176,14256,256
1765688171.690252,14257,256
1765688171.690644,14258,256
1765688171.694487,14259,256
1765688171.694993,14260,256
1765688171.706390,14261,256
1765688171.706948,14262,256
1765688171.709884,14263,256
1765688171.711540,14264,256
1765688171.712191,14265,256
1765688171.712796,14266,256
1765688171.713990,14267,256
1765688171.716773,14268,256
1765688171.717641,14269,256
1765688171.721091,14270,256
1765688171.721353,14271,256
1765688171.721890,14272,256
1765688171.723094,14273,256
1765688171.724652,14274,256
1765688171.724795,14275,256
1765688171.726756,14276,256
1765688171.726832,14277,256
1765688171.727447,14278,256
1765688171.730134,14279,256
1765688171.730464,14280,256
1765688171.731706,14281,256
1765688171.732179,14282,256
1765688171.734040,14283,256
1765688171.736506,14284,256
1765688171.738084,14285,256
1765688171.739157,14286,256
1765688171.739751,14287,256
1765688171.739866,14288,256
1765688171.740277,14289,256
1765688171.741239,14290,256
1765688171.741562,14291,256
1765688171.741721,14292,256
1765688171.741854,14293,256
1765688171.742031,14294,256
1765688171.743384,14295,256
1765688171.745651,14296,256
1765688171.746089,14297,256
1765688171.746233,14298,256
1765688171.747060,14299,256
1765688171.757299,14300,256
1765688171.758454,14301,256
1765688171.759790,14302,256
1765688171.760485,14303,256
1765688171.760877,14304,256
1765688171.761976,14305,256
1765688171.762250,14306,256
1765688171.762296,14307,256
1765688171.763125,14308,256
1765688171.763855,14309,256
1765688171.765896,14310,256
1765688171.767071,14311,256
1765688171.768570,14312,256
1765688171.769804,14313,256
1765688171.774157,14314,256
1765688171.776076,14315,256
1765688171.780518,14316,256
1765688171.783861,14317,256
1765688171.784054,14318,256
1765688171.788303,14319,256
1765688171.789949,14320,256
1765688171.791660,14321,256
1765688171.792190,14322,256
1765688171.793167,14323,256
1765688171.794561,14324,256
1765688171.798709,14325,256
1765688171.799927,14326,256
1765688171.800482,14327,256
1765688171.801888,14328,256
1765688171.802655,14329,256
1765688171.806685,14330,256
1765688171.808673,14331,256
1765688171.808765,14332,256
1765688171.809217,14333,256
1765688171.816696,14334,256
1765688171.818260,14335,256
1765688171.820939,14336,256
1765688171.823097,14337,256
1765688171.832565,14338,256
1765688171.834080,14339,256
1765688171.834673,14340,256
1765688171.836230,14341,256
1765688171.836384,14342,256
1765688171.841524,14343,256
1765688171.841697,14344,256
1765688171.842010,14345,256
1765688171.843302,14346,256
1765688171.843513,14347,256
1765688171.847193,14348,256
1765688171.848054,14349,256
1765688171.852887,14350,256
1765688171.854109,14351,256
1765688171.854460,14352,256
1765688171.858344,14353,256
1765688171.858616,14354,256
1765688171.858950,14355,256
1765688171.859265,14356,256
1765688171.860491,14357,256
1765688171.861937,14358,256
1765688171.864432,14359,256
1765688171.870333,14360,256
1765688171.871764,14361,256
1765688171.873832,14362,256
1765688171.877564,14363,256
1765688171.879109,14364,256
1765688171.879825,14365,256
1765688171.880187,14366,256
1765688171.880237,14367,256
1765688171.886497,14368,256
1765688171.887154,14369,256
1765688171.887316,14370,256
1765688171.887883,14371,256
1765688171.888008,14372,256
1765688171.895330,14373,256
1765688171.897712,14374,256
1765688171.899198,14375,256
1765688171.903521,14376,256
1765688171.909504,14377,256
1765688171.913197,14378,256
1765688171.914902,14379,256
1765688171.915476,14380,256
1765688171.929959,14381,256
1765688171.930062,14382,256
1765688171.939361,14383,256
1765688171.941058,14384,256
1765688171.943756,14385,256
1765688171.944247,14386,256
1765688171.947254,14387,256
1765688171.947768,14388,256
1765688171.948678,14389,256
1765688171.950078,14390,256
1765688171.950130,14391,256
1765688171.950394,14392,256
1765688171.951838,14393,256
1765688171.953412,14394,256
1765688171.956120,14395,256
1765688171.957007,14396,256
1765688171.962478,14397,256
1765688171.963396,14398,256
1765688171.965449,14399,256
1765688171.965893,14400,256
1765688171.971221,14401,256
1765688171.971371,14402,256
1765688171.973506,14403,256
1765688171.975191,14404,256
1765688171.975616,14405,256
1765688171.976012,14406,256
1765688171.977591,14407,256
1765688171.982247,14408,256
1765688171.984283,14409,256
1765688171.984658,14410,256
1765688171.987677,14411,256
1765688171.987842,14412,256
1765688171.987999,14413,256
1765688171.988873,14414,256
1765688171.989814,14415,256
1765688171.991183,14416,256
1765688171.995512,14417,256
1765688171.995909,14418,256
1765688171.997352,14419,256
1765688172.001183,14420,256
1765688172.002848,14421,256
1765688172.004121,14422,256
1765688172.008131,14423,256
1765688172.012758,14424,256
1765688172.013726,14425,256
1765688172.013746,14426,256
1765688172.018027,14427,256
1765688172.021628,14428,256
1765688172.027220,14429,256
1765688172.028990,14430,256
1765688172.029129,14431,256
1765688172.029283,14432,256
1765688172.029349,14433,256
1765688172.032107,14434,256
1765688172.032575,14435,256
1765688172.036892,14436,256
1765688172.038347,14437,256
1765688172.040945,14438,256
1765688172.042104,14439,256
1765688172.043406,14440,256
1765688172.044331,14441,256
1765688172.047579,14442,256
1765688172.047673,14443,256
1765688172.048805,14444,256
1765688172.051033,14445,256
1765688172.051143,14446,256
1765688172.051565,14447,256
1765688172.052288,14448,256
1765688172.057413,14449,256
1765688172.059790,14450,256
1765688172.060817,14451,256
1765688172.062151,14452,256
1765688172.062876,14453,256
1765688172.067108,14454,256
1765688172.067832,14455,256
1765688172.070842,14456,256
1765688172.071029,14457,256
1765688172.081353,14458,256
1765688172.082215,14459,256
1765688172.082790,14460,256
1765688172.085188,14461,256
1765688172.088018,14462,256
1765688172.088143,14463,256
1765688172.093254,14464,256
1765688172.094351,14465,256
1765688172.094959,14466,256
1765688172.095454,14467,256
1765688172.096040,14468,256
1765688172.097159,14469,256
1765688172.099332,14470,256
1765688172.099564,14471,256
1765688172.105035,14472,256
1765688172.107189,14473,256
1765688172.107389,14474,256
1765688172.107438,14475,256
1765688172.110388,14476,256
1765688172.113538,14477,256
1765688172.115028,14478,256
1765688172.121176,14479,256
1765688172.121285,14480,256
1765688172.121324,14481,256
1765688172.124684,14482,256
1765688172.128512,14483,256
1765688172.131823,14484,256
1765688172.132905,14485,256
1765688172.135020,14486,256
1765688172.135988,14487,256
1765688172.136662,14488,256
1765688172.140449,14489,256
1765688172.140656,14490,256
1765688172.143130,14491,256
1765688172.143198,14492,256
1765688172.146263,14493,256
1765688172.147486,14494,256
1765688172.147789,14495,256
1765688172.148358,14496,256
1765688172.150692,14497,256
1765688172.152045,14498,256
1765688172.155811,14499,256
1765688172.158241,14500,256
1765688172.158295,14501,256
1765688172.160474,14502,256
1765688172.162703,14503,256
1765688172.171293,14504,256
1765688172.171462,14505,256
1765688172.172985,14506,256
1765688172.173118,14507,256
1765688172.173439,14508,256
1765688172.174696,14509,256
1765688172.176478,14510,256
1765688172.177136,14511,256
1765688172.177730,14512,256
1765688172.179417,14513,256
1765688172.180428,14514,256
1765688172.182946,14515,256
1765688172.183461,14516,256
1765688172.184846,14517,256
1765688172.186587,14518,256
1765688172.186790,14519,256
1765688172.187699,14520,256
1765688172.188715,14521,256
1765688172.189570,14522,256
1765688172.190936,14523,256
1765688172.195041,14524,256
1765688172.195825,14525,256
1765688172.196954,14526,256
1765688172.199120,14527,256
1765688172.200991,14528,256
1765688172.210808,14529,256
1765688172.211555,14530,256
1765688172.212566,14531,256
1765688172.213737,14532,256
1765688172.215022,14533,256
1765688172.215250,14534,256
1765688172.216498,14535,256
1765688172.218529,14536,256
1765688172.219335,14537,256
1765688172.225268,14538,256
1765688172.227149,14539,256
1765688172.229315,14540,256
1765688172.232317,14541,256
1765688172.236372,14542,256
1765688172.238227,14543,256
1765688172.240195,14544,256
1765688172.240650,14545,256
1765688172.240797,14546,256
1765688172.242101,14547,256
1765688172.242293,14548,256
1765688172.243633,14549,256
1765688172.246066,14550,256
1765688172.248833,14551,256
1765688172.248953,14552,256
1765688172.250583,14553,256
1765688172.257251,14554,256
1765688172.259282,14555,256
1765688172.261084,14556,256
1765688172.262978,14557,256
1765688172.265420,14558,256
1765688172.266400,14559,256
1765688172.269249,14560,256
1765688172.270314,14561,256
1765688172.270517,14562,256
1765688172.270844,14563,256
1765688172.275473,14564,256
1765688172.275698,14565,256
1765688172.275943,14566,256
1765688172.277084,14567,256
1765688172.280816,14568,256
1765688172.281063,14569,256
1765688172.290643,14570,256
1765688172.290910,14571,256
1765688172.290980,14572,256
1765688172.291028,14573,256
1765688172.292812,14574,256
1765688172.294056,14575,256
1765688172.294426,14576,256
1765688172.295027,14577,256
1765688172.295809,14578,256
1765688172.295891,14579,256
1765688172.298054,14580,256
1765688172.299499,14581,256
1765688172.300682,14582,256
1765688172.308345,14583,256
1765688172.308425,14584,256
1765688172.311275,14585,256
1765688172.312969,14586,256
1765688172.313043,14587,256
1765688172.313078,14588,256
1765688172.315934,14589,256
1765688172.320068,14590,256
1765688172.320791,14591,256
1765688172.320858,14592,256
1765688172.326606,14593,256
1765688172.327032,14594,256
1765688172.328384,14595,256
1765688172.330076,14596,256
1765688172.334636,14597,256
1765688172.334721,14598,256
1765688172.334752,14599,256
1765688172.334779,14600,256
1765688172.335101,14601,256
1765688172.337592,14602,256
1765688172.337760,14603,256
1765688172.337802,14604,256
1765688172.340957,14605,256
1765688172.341194,14606,256
1765688172.341475,14607,256
1765688172.342541,14608,256
1765688172.343032,14609,256
1765688172.344593,14610,256
1765688172.346570,14611,256
1765688172.346653,14612,256
1765688172.346684,14613,256
1765688172.354078,14614,256
1765688172.356840,14615,256
1765688172.357060,14616,256
1765688172.357105,14617,256
1765688172.357134,14618,256
1765688172.365416,14619,256
1765688172.366623,14620,256
1765688172.368962,14621,256
1765688172.370579,14622,256
1765688172.370868,14623,256
1765688172.370905,14624,256
1765688172.372684,14625,256
1765688172.374706,14626,256
1765688172.379332,14627,256
1765688172.381348,14628,256
1765688172.382865,14629,256
1765688172.384707,14630,256
1765688172.384848,14631,256
1765688172.385376,14632,256
1765688172.385765,14633,256
1765688172.386846,14634,256
1765688172.391357,14635,256
1765688172.391554,14636,256
1765688172.392552,14637,256
1765688172.395305,14638,256
1765688172.396396,14639,256
1765688172.401517,14640,256
1765688172.401747,14641,256
1765688172.402411,14642,256
1765688172.403267,14643,256
1765688172.407258,14644,256
1765688172.407826,14645,256
1765688172.407863,14646,256
1765688172.408307,14647,256
1765688172.409557,14648,256
1765688172.409620,14649,256
1765688172.410039,14650,256
1765688172.413404,14651,256
1765688172.416916,14652,256
1765688172.417772,14653,256
1765688172.417906,14654,256
1765688172.418946,14655,256
1765688172.419907,14656,256
1765688172.422473,14657,256
1765688172.423960,14658,256
1765688172.425247,14659,256
1765688172.426297,14660,256
1765688172.429796,14661,256
1765688172.431473,14662,256
1765688172.441725,14663,256
1765688172.442090,14664,256
1765688172.442101,14665,256
1765688172.446336,14666,256
1765688172.449397,14667,256
1765688172.451277,14668,256
1765688172.452868,14669,256
1765688172.453472,14670,256
1765688172.453657,14671,256
1765688172.455857,14672,256
1765688172.457242,14673,256
1765688172.457997,14674,256
1765688172.461520,14675,256
1765688172.461906,14676,256
1765688172.463840,14677,256
1765688172.468070,14678,256
1765688172.468348,14679,256
1765688172.470018,14680,256
1765688172.476271,14681,256
1765688172.488131,14682,256
1765688172.498756,14683,256
1765688172.500691,14684,256
1765688172.501829,14685,256
1765688172.502719,14686,256
1765688172.509025,14687,256
1765688172.509565,14688,256
1765688172.510283,14689,256
1765688172.510347,14690,256
1765688172.511179,14691,256
1765688172.511585,14692,256
1765688172.513078,14693,256
1765688172.518861,14694,256
1765688172.520208,14695,256
1765688172.520497,14696,256
1765688172.527162,14697,256
1765688172.528183,14698,256
1765688172.530152,14699,256
1765688172.530291,14700,256
1765688172.530347,14701,256
1765688172.530756,14702,256
1765688172.531797,14703,256
1765688172.532722,14704,256
1765688172.533889,14705,256
1765688172.534145,14706,256
1765688172.536846,14707,256
1765688172.537426,14708,256
1765688172.537615,14709,256
1765688172.540136,14710,256
1765688172.543260,14711,256
1765688172.543477,14712,256
1765688172.545999,14713,256
1765688172.546438,14714,256
1765688172.548913,14715,256
1765688172.549078,14716,256
1765688172.552955,14717,256
1765688172.556055,14718,256
1765688172.556744,14719,256
1765688172.557241,14720,256
1765688172.557823,14721,256
1765688172.561408,14722,256
1765688172.564492,14723,256
1765688172.568395,14724,256
1765688172.569850,14725,256
1765688172.573274,14726,256
1765688172.577790,14727,256
1765688172.579024,14728,256
1765688172.580209,14729,256
1765688172.581016,14730,256
1765688172.583666,14731,256
1765688172.586148,14732,256
1765688172.588037,14733,256
1765688172.588393,14734,256
1765688172.589261,14735,256
1765688172.590803,14736,256
1765688172.593151,14737,256
1765688172.593762,14738,256
1765688172.596222,14739,256
1765688172.598961,14740,256
1765688172.601338,14741,256
1765688172.601508,14742,256
1765688172.603588,14743,256
1765688172.603734,14744,256
1765688172.606123,14745,256
1765688172.608017,14746,256
1765688172.608389,14747,256
1765688172.610567,14748,256
1765688172.610804,14749,256
1765688172.613322,14750,256
1765688172.614974,14751,256
1765688172.619147,14752,256
1765688172.620674,14753,256
1765688172.622693,14754,256
1765688172.622892,14755,256
1765688172.624156,14756,256
1765688172.624721,14757,256
1765688172.625571,14758,256
1765688172.625631,14759,256
1765688172.627089,14760,256
1765688172.627360,14761,256
1765688172.629128,14762,256
1765688172.630337,14763,256
1765688172.631425,14764,256
1765688172.633763,14765,256
1765688172.633919,14766,256
1765688172.641463,14767,256
1765688172.650587,14768,256
1765688172.654966,14769,256
1765688172.659169,14770,256
1765688172.660220,14771,256
1765688172.661809,14772,256
1765688172.662082,14773,256
1765688172.663064,14774,256
1765688172.663897,14775,256
1765688172.666930,14776,256
1765688172.667191,14777,256
1765688172.667540,14778,256
1765688172.669007,14779,256
1765688172.670345,14780,256
1765688172.671528,14781,256
1765688172.674996,14782,256
1765688172.680303,14783,256
1765688172.680998,14784,256
1765688172.684851,14785,256
1765688172.685780,14786,256
1765688172.686601,14787,256
1765688172.688622,14788,256
1765688172.689445,14789,256
1765688172.690057,14790,256
1765688172.693973,14791,256
1765688172.694143,14792,256
1765688172.694341,14793,256
1765688172.695864,14794,256
1765688172.697007,14795,256
1765688172.698054,14796,256
1765688172.700495,14797,256
1765688172.701093,14798,256
1765688172.704693,14799,256
1765688172.707064,14800,256
1765688172.710057,14801,256
1765688172.710573,14802,256
1765688172.711221,14803,256
1765688172.711411,14804,256
1765688172.711828,14805,256
1765688172.711876,14806,256
1765688172.718636,14807,256
1765688172.720648,14808,256
1765688172.721587,14809,256
1765688172.722243,14810,256
1765688172.727153,14811,256
1765688172.727237,14812,256
1765688172.730731,14813,256
1765688172.734074,14814,256
1765688172.737814,14815,256
1765688172.738243,14816,256
1765688172.739240,14817,256
1765688172.749709,14818,256
1765688172.749850,14819,256
1765688172.750906,14820,256
1765688172.751822,14821,256
1765688172.755785,14822,256
1765688172.756058,14823,256
1765688172.758482,14824,256
1765688172.761102,14825,256
1765688172.765465,14826,256
1765688172.767390,14827,256
1765688172.767577,14828,256
1765688172.768339,14829,256
1765688172.769422,14830,256
1765688172.770416,14831,256
1765688172.771290,14832,256
1765688172.774798,14833,256
1765688172.775223,14834,256
1765688172.778119,14835,256
1765688172.782336,14836,256
1765688172.783193,14837,256
1765688172.783277,14838,256
1765688172.787869,14839,256
1765688172.789708,14840,256
1765688172.793285,14841,256
1765688172.793973,14842,256
1765688172.795753,14843,256
1765688172.795810,14844,256
1765688172.799759,14845,256
1765688172.799944,14846,256
1765688172.800621,14847,256
1765688172.800705,14848,256
1765688172.801342,14849,256
1765688172.801783,14850,256
1765688172.808194,14851,256
1765688172.808648,14852,256
1765688172.815013,14853,256
1765688172.817109,14854,256
1765688172.818373,14855,256
1765688172.818492,14856,256
1765688172.819098,14857,256
1765688172.824136,14858,256
1765688172.825365,14859,256
1765688172.832542,14860,256
1765688172.835134,14861,256
1765688172.840414,14862,256
1765688172.843394,14863,256
1765688172.855305,14864,256
1765688172.857321,14865,256
1765688172.857936,14866,256
1765688172.863882,14867,256
1765688172.865716,14868,256
1765688172.866228,14869,256
1765688172.869180,14870,256
1765688172.869676,14871,256
1765688172.872514,14872,256
1765688172.874672,14873,256
1765688172.879812,14874,256
1765688172.882041,14875,256
1765688172.883200,14876,256
1765688172.883307,14877,256
1765688172.885309,14878,256
1765688172.888895,14879,256
1765688172.891111,14880,256
1765688172.893966,14881,256
1765688172.901709,14882,256
1765688172.905078,14883,256
1765688172.907074,14884,256
1765688172.907529,14885,256
1765688172.911366,14886,256
1765688172.911484,14887,256
1765688172.913534,14888,256
1765688172.913751,14889,256
1765688172.914996,14890,256
1765688172.915948,14891,256
1765688172.917045,14892,256
1765688172.919843,14893,256
1765688172.921844,14894,256
1765688172.925329,14895,256
1765688172.928230,14896,256
1765688172.930925,14897,256
1765688172.932344,14898,256
1765688172.935087,14899,256
1765688172.935850,14900,256
1765688172.936037,14901,256
1765688172.937536,14902,256
1765688172.940217,14903,256
1765688172.940322,14904,256
1765688172.941155,14905,256
1765688172.943321,14906,256
1765688172.944876,14907,256
1765688172.945420,14908,256
1765688172.948824,14909,256
1765688172.951680,14910,256
1765688172.953047,14911,256
1765688172.956105,14912,256
1765688172.958022,14913,256
1765688172.959165,14914,256
1765688172.959427,14915,256
1765688172.959675,14916,256
1765688172.962631,14917,256
1765688172.967736,14918,256
1765688172.968077,14919,256
1765688172.972183,14920,256
1765688172.972277,14921,256
1765688172.977564,14922,256
1765688172.977700,14923,256
1765688172.978050,14924,256
1765688172.980625,14925,256
1765688172.981635,14926,256
1765688172.982404,14927,256
1765688172.984792,14928,256
1765688172.992349,14929,256
1765688172.998057,14930,256
1765688172.999043,14931,256
1765688172.999386,14932,256
1765688173.000320,14933,256
1765688173.006852,14934,256
1765688173.010966,14935,256
1765688173.012322,14936,256
1765688173.014554,14937,256
1765688173.017805,14938,256
1765688173.018476,14939,256
1765688173.019186,14940,256
1765688173.019901,14941,256
1765688173.025037,14942,256
1765688173.026537,14943,256
1765688173.029050,14944,256
1765688173.031634,14945,256
1765688173.038063,14946,256
1765688173.040183,14947,256
1765688173.041955,14948,256
1765688173.042498,14949,256
1765688173.043487,14950,256
1765688173.044429,14951,256
1765688173.045314,14952,256
1765688173.047567,14953,256
1765688173.047637,14954,256
1765688173.047672,14955,256
1765688173.049201,14956,256
1765688173.050637,14957,256
1765688173.053243,14958,256
1765688173.056372,14959,256
1765688173.057732,14960,256
1765688173.058476,14961,256
1765688173.061902,14962,256
1765688173.067268,14963,256
1765688173.068190,14964,256
1765688173.071101,14965,256
1765688173.071222,14966,256
1765688173.073454,14967,256
1765688173.074095,14968,256
1765688173.075675,14969,256
1765688173.075955,14970,256
1765688173.078428,14971,256
1765688173.082038,14972,256
1765688173.083564,14973,256
1765688173.083773,14974,256
1765688173.089700,14975,256
1765688173.093315,14976,256
1765688173.097282,14977,256
1765688173.109485,14978,256
1765688173.109802,14979,256
1765688173.111238,14980,256
1765688173.111582,14981,256
1765688173.113453,14982,256
1765688173.113902,14983,256
1765688173.114852,14984,256
1765688173.115035,14985,256
1765688173.117078,14986,256
1765688173.119268,14987,256
1765688173.119637,14988,256
1765688173.120062,14989,256
1765688173.120394,14990,256
1765688173.122850,14991,256
1765688173.127726,14992,256
1765688173.128317,14993,256
1765688173.129977,14994,256
1765688173.130965,14995,256
1765688173.131569,14996,256
1765688173.131997,14997,256
1765688173.132186,14998,256
1765688173.132418,14999,256
1765688173.132944,15000,256
1765688173.133020,15001,256
1765688173.134682,15002,256
1765688173.141045,15003,256
1765688173.142828,15004,256
1765688173.146760,15005,256
1765688173.149325,15006,256
1765688173.153898,15007,256
1765688173.154668,15008,256
1765688173.154756,15009,256
1765688173.155869,15010,256
1765688173.157978,15011,256
1765688173.158351,15012,256
1765688173.159702,15013,256
1765688173.166431,15014,256
1765688173.167384,15015,256
1765688173.168737,15016,256
1765688173.168845,15017,256
1765688173.174754,15018,256
1765688173.176528,15019,256
1765688173.179022,15020,256
1765688173.183920,15021,256
1765688173.185023,15022,256
1765688173.185725,15023,256
1765688173.186025,15024,256
1765688173.188049,15025,256
1765688173.189878,15026,256
1765688173.191398,15027,256
1765688173.191499,15028,256
1765688173.192659,15029,256
1765688173.195882,15030,256
1765688173.196371,15031,256
1765688173.196570,15032,256
1765688173.197105,15033,256
1765688173.206508,15034,256
1765688173.207421,15035,256
1765688173.208859,15036,256
1765688173.211988,15037,256
1765688173.212459,15038,256
1765688173.220378,15039,256
1765688173.222906,15040,256
1765688173.224677,15041,256
1765688173.225327,15042,256
1765688173.226396,15043,256
1765688173.226730,15044,256
1765688173.228578,15045,256
1765688173.231502,15046,256
1765688173.233575,15047,256
1765688173.234281,15048,256
1765688173.234386,15049,256
1765688173.234593,15050,256
1765688173.237720,15051,256
1765688173.246957,15052,256
1765688173.249190,15053,256
1765688173.251560,15054,256
1765688173.253001,15055,256
1765688173.260902,15056,256
1765688173.261560,15057,256
1765688173.270360,15058,256
1765688173.278604,15059,256
1765688173.279381,15060,256
1765688173.280265,15061,256
1765688173.284088,15062,256
1765688173.284585,15063,256
1765688173.285213,15064,256
1765688173.290053,15065,256
1765688173.290171,15066,256
1765688173.291706,15067,256
1765688173.293585,15068,256
1765688173.293687,15069,256
1765688173.300631,15070,256
1765688173.302583,15071,256
1765688173.303563,15072,256
1765688173.303918,15073,256
1765688173.305510,15074,256
1765688173.307327,15075,256
1765688173.307413,15076,256
1765688173.308630,15077,256
1765688173.308953,15078,256
1765688173.311391,15079,256
1765688173.312027,15080,256
1765688173.312968,15081,256
1765688173.313104,15082,256
1765688173.316755,15083,256
1765688173.316914,15084,256
1765688173.318902,15085,256
1765688173.319494,15086,256
1765688173.327465,15087,256
1765688173.328709,15088,256
1765688173.330173,15089,256
1765688173.331792,15090,256
1765688173.335418,15091,256
1765688173.340621,15092,256
1765688173.343822,15093,256
1765688173.344941,15094,256
1765688173.347313,15095,256
1765688173.347439,15096,256
1765688173.352201,15097,256
1765688173.355180,15098,256
1765688173.356019,15099,256
1765688173.359002,15100,256
1765688173.373277,15101,256
1765688173.374796,15102,256
1765688173.375281,15103,256
1765688173.376157,15104,256
1765688173.377928,15105,256
1765688173.380103,15106,256
1765688173.380863,15107,256
1765688173.382639,15108,256
1765688173.384682,15109,256
1765688173.387255,15110,256
1765688173.387705,15111,256
1765688173.388404,15112,256
1765688173.389369,15113,256
1765688173.393015,15114,256
1765688173.393211,15115,256
1765688173.393453,15116,256
1765688173.393624,15117,256
1765688173.396248,15118,256
1765688173.396304,15119,256
1765688173.396419,15120,256
1765688173.396966,15121,256
1765688173.397273,15122,256
1765688173.398805,15123,256
1765688173.399040,15124,256
1765688173.401257,15125,256
1765688173.402782,15126,256
1765688173.403882,15127,256
1765688173.404221,15128,256
1765688173.404654,15129,256
1765688173.408108,15130,256
1765688173.408504,15131,256
1765688173.409188,15132,256
1765688173.410274,15133,256
1765688173.411598,15134,256
