t_recv,seq,bytes,t_send,latency_ms
1764724099.512884,1,256,1764724099.490973,21.912
1764724099.515299,2,256,1764724099.494299,21.000
1764724099.518578,3,256,1764724099.497634,20.944
1764724099.521895,4,256,1764724099.500966,20.929
1764724099.525268,5,256,1764724099.504253,21.015
1764724099.528587,6,256,1764724099.507632,20.955
1764724099.531928,7,256,1764724099.510962,20.966
1764724099.535407,8,256,1764724099.514263,21.143
1764724099.538624,9,256,1764724099.517622,21.002
1764724099.541932,10,256,1764724099.520963,20.969
1764724099.545327,11,256,1764724099.524255,21.072
1764724099.548619,12,256,1764724099.527637,20.982
1764724099.551878,13,256,1764724099.530970,20.908
1764724099.555104,14,256,1764724099.534237,20.867
1764724099.558575,15,256,1764724099.537613,20.962
1764724099.561881,16,256,1764724099.540974,20.907
1764724099.565334,17,256,1764724099.544303,21.031
1764724099.568560,18,256,1764724099.547595,20.965
1764724099.571871,19,256,1764724099.550951,20.920
1764724099.575485,20,256,1764724099.554283,21.202
1764724099.578714,21,256,1764724099.557619,21.095
1764724099.582050,22,256,1764724099.560954,21.096
1764724099.585410,23,256,1764724099.564307,21.103
1764724099.588581,24,256,1764724099.567591,20.990
1764724099.591934,25,256,1764724099.570957,20.977
1764724099.595474,26,256,1764724099.574241,21.233
1764724099.598691,27,256,1764724099.577616,21.074
1764724099.602006,28,256,1764724099.580930,21.076
1764724099.605195,29,256,1764724099.584249,20.946
1764724099.608606,30,256,1764724099.587624,20.982
1764724099.611959,31,256,1764724099.590960,20.999
1764724099.615225,32,256,1764724099.594349,20.876
1764724099.618543,33,256,1764724099.597626,20.917
1764724099.621898,34,256,1764724099.600954,20.944
1764724099.625170,35,256,1764724099.604273,20.897
1764724099.628568,36,256,1764724099.607680,20.888
1764724099.631908,37,256,1764724099.610967,20.941
1764724099.635200,38,256,1764724099.614275,20.925
1764724099.638596,39,256,1764724099.617654,20.942
1764724099.641937,40,256,1764724099.620995,20.943
1764724099.645371,41,256,1764724099.624428,20.943
1764724099.648649,42,256,1764724099.627661,20.988
1764724099.651946,43,256,1764724099.630998,20.948
1764724099.655399,44,256,1764724099.634426,20.973
1764724099.658667,45,256,1764724099.637663,21.004
1764724099.661977,46,256,1764724099.641007,20.970
1764724099.665378,47,256,1764724099.644409,20.969
1764724099.668603,48,256,1764724099.647652,20.951
1764724099.671991,49,256,1764724099.651017,20.974
1764724099.675348,50,256,1764724099.654408,20.939
1764724099.678684,51,256,1764724099.657783,20.901
1764724099.681943,52,256,1764724099.661012,20.931
1764724099.685426,53,256,1764724099.664400,21.026
1764724099.688724,54,256,1764724099.667774,20.950
1764724099.691954,55,256,1764724099.671005,20.949
1764724099.695414,56,256,1764724099.674366,21.048
1764724099.698678,57,256,1764724099.677626,21.052
1764724099.701946,58,256,1764724099.681044,20.901
1764724099.705289,59,256,1764724099.684353,20.936
1764724099.708648,60,256,1764724099.687698,20.950
1764724099.711935,61,256,1764724099.691000,20.935
1764724099.715320,62,256,1764724099.694350,20.970
1764724099.718617,63,256,1764724099.697723,20.894
1764724099.722046,64,256,1764724099.701113,20.933
1764724099.725190,65,256,1764724099.704291,20.899
1764724099.728591,66,256,1764724099.707646,20.946
1764724099.731942,67,256,1764724099.710976,20.966
1764724099.735130,68,256,1764724099.714243,20.887
1764724099.738446,69,256,1764724099.717613,20.833
1764724099.741828,70,256,1764724099.720956,20.872
1764724099.745189,71,256,1764724099.724251,20.939
1764724099.748654,72,256,1764724099.727644,21.010
1764724099.751834,73,256,1764724099.730944,20.891
1764724099.755426,74,256,1764724099.734364,21.063
1764724099.758661,75,256,1764724099.737645,21.016
1764724099.761942,76,256,1764724099.740958,20.983
1764724099.765097,77,256,1764724099.744237,20.860
1764724099.768550,78,256,1764724099.747626,20.924
1764724099.771900,79,256,1764724099.750957,20.943
1764724099.775194,80,256,1764724099.754336,20.858
1764724099.778437,81,256,1764724099.757631,20.806
1764724099.781835,82,256,1764724099.761012,20.823
1764724099.785144,83,256,1764724099.764338,20.806
1764724099.788566,84,256,1764724099.767714,20.852
1764724099.791859,85,256,1764724099.771023,20.836
1764724099.795274,86,256,1764724099.774376,20.897
1764724099.798756,87,256,1764724099.777774,20.983
1764724099.802100,88,256,1764724099.781113,20.988
1764724099.805345,89,256,1764724099.784446,20.899
1764724099.808697,90,256,1764724099.787688,21.009
1764724099.811909,91,256,1764724099.791002,20.907
1764724099.815323,92,256,1764724099.794451,20.872
1764724099.818487,93,256,1764724099.797652,20.835
1764724099.821963,94,256,1764724099.801013,20.951
1764724099.825525,95,256,1764724099.804446,21.078
1764724099.828691,96,256,1764724099.807648,21.043
1764724099.832000,97,256,1764724099.811002,20.998
1764724099.835356,98,256,1764724099.814271,21.086
1764724099.838722,99,256,1764724099.817649,21.073
1764724099.842005,100,256,1764724099.821018,20.988
1764724099.845344,101,256,1764724099.824322,21.022
1764724099.848652,102,256,1764724099.827657,20.996
1764724099.851992,103,256,1764724099.831001,20.991
1764724099.855326,104,256,1764724099.834330,20.995
1764724099.858618,105,256,1764724099.837632,20.986
1764724099.862014,106,256,1764724099.841025,20.989
1764724099.865338,107,256,1764724099.844409,20.929
1764724099.868505,108,256,1764724099.847653,20.852
1764724099.872032,109,256,1764724099.851025,21.007
1764724099.875484,110,256,1764724099.854449,21.035
1764724099.878767,111,256,1764724099.857769,20.999
1764724099.882006,112,256,1764724099.861039,20.967
1764724099.885274,113,256,1764724099.864406,20.868
1764724099.888698,114,256,1764724099.867774,20.924
1764724099.891996,115,256,1764724099.871040,20.957
1764724099.895434,116,256,1764724099.874445,20.989
1764724099.898808,117,256,1764724099.877769,21.038
1764724099.902021,118,256,1764724099.881031,20.990
1764724099.905430,119,256,1764724099.884440,20.990
1764724099.908581,120,256,1764724099.887640,20.941
1764724099.911883,121,256,1764724099.890959,20.924
1764724099.915507,122,256,1764724099.894349,21.158
1764724099.918631,123,256,1764724099.897629,21.002
1764724099.921941,124,256,1764724099.900964,20.977
1764724099.925444,125,256,1764724099.904356,21.088
1764724099.928740,126,256,1764724099.907626,21.114
1764724099.931937,127,256,1764724099.910963,20.974
1764724099.935457,128,256,1764724099.914352,21.105
1764724099.938683,129,256,1764724099.917622,21.061
1764724099.941947,130,256,1764724099.920955,20.993
1764724099.945431,131,256,1764724099.924350,21.081
1764724099.948614,132,256,1764724099.927625,20.989
1764724099.952003,133,256,1764724099.930953,21.050
1764724099.955372,134,256,1764724099.934335,21.037
1764724099.958594,135,256,1764724099.937620,20.974
1764724099.962072,136,256,1764724099.940961,21.111
1764724099.965421,137,256,1764724099.944335,21.086
1764724099.968610,138,256,1764724099.947619,20.991
1764724099.972041,139,256,1764724099.950956,21.084
1764724099.975436,140,256,1764724099.954339,21.097
1764724099.978624,141,256,1764724099.957624,21.000
1764724099.981998,142,256,1764724099.960954,21.044
1764724099.985475,143,256,1764724099.964346,21.129
1764724099.988625,144,256,1764724099.967623,21.002
1764724099.991978,145,256,1764724099.970959,21.019
1764724099.995310,146,256,1764724099.974320,20.990
1764724099.998508,147,256,1764724099.977625,20.883
1764724100.001853,148,256,1764724099.980962,20.891
1764724100.005199,149,256,1764724099.984354,20.845
1764724100.008461,150,256,1764724099.987627,20.834
1764724100.011810,151,256,1764724099.990960,20.850
1764724100.015229,152,256,1764724099.994285,20.945
1764724100.018510,153,256,1764724099.997632,20.879
1764724100.021832,154,256,1764724100.000952,20.880
1764724100.025234,155,256,1764724100.004364,20.870
1764724100.028545,156,256,1764724100.007722,20.823
1764724100.031981,157,256,1764724100.011019,20.963
1764724100.035275,158,256,1764724100.014366,20.910
1764724100.038525,159,256,1764724100.017630,20.895
1764724100.041840,160,256,1764724100.020972,20.868
1764724100.045317,161,256,1764724100.024436,20.881
1764724100.048626,162,256,1764724100.027754,20.872
1764724100.051995,163,256,1764724100.031114,20.880
1764724100.055312,164,256,1764724100.034398,20.913
1764724100.058503,165,256,1764724100.037633,20.870
1764724100.061831,166,256,1764724100.040973,20.858
1764724100.065066,167,256,1764724100.044263,20.803
1764724100.068471,168,256,1764724100.047645,20.826
1764724100.071827,169,256,1764724100.050951,20.876
1764724100.075238,170,256,1764724100.054355,20.883
1764724100.078482,171,256,1764724100.057627,20.855
1764724100.081804,172,256,1764724100.060953,20.851
1764724100.085151,173,256,1764724100.064238,20.913
1764724100.088471,174,256,1764724100.067623,20.848
1764724100.091793,175,256,1764724100.070957,20.836
1764724100.095130,176,256,1764724100.074288,20.842
1764724100.098590,177,256,1764724100.077728,20.862
1764724100.101822,178,256,1764724100.080966,20.855
1764724100.105206,179,256,1764724100.084297,20.909
1764724100.108497,180,256,1764724100.087620,20.877
1764724100.111794,181,256,1764724100.090954,20.840
1764724100.115249,182,256,1764724100.094299,20.951
1764724100.118480,183,256,1764724100.097648,20.833
1764724100.121884,184,256,1764724100.101054,20.829
1764724100.125149,185,256,1764724100.104310,20.840
1764724100.128508,186,256,1764724100.107647,20.861
1764724100.131986,187,256,1764724100.111079,20.907
1764724100.135389,188,256,1764724100.114352,21.037
1764724100.138690,189,256,1764724100.117651,21.039
1764724100.141880,190,256,1764724100.120956,20.924
1764724100.145237,191,256,1764724100.124282,20.955
1764724100.148530,192,256,1764724100.127633,20.897
1764724100.151917,193,256,1764724100.130945,20.972
1764724100.155299,194,256,1764724100.134295,21.003
1764724100.158643,195,256,1764724100.137627,21.016
1764724100.162087,196,256,1764724100.141016,21.071
1764724100.165335,197,256,1764724100.144398,20.937
1764724100.168562,198,256,1764724100.147647,20.915
1764724100.172011,199,256,1764724100.151067,20.945
1764724100.175278,200,256,1764724100.154403,20.875
1764724100.178643,201,256,1764724100.157741,20.902
1764724100.182012,202,256,1764724100.160992,21.020
1764724100.185277,203,256,1764724100.164405,20.872
1764724100.188567,204,256,1764724100.167655,20.912
1764724100.191844,205,256,1764724100.170970,20.874
1764724100.195114,206,256,1764724100.174286,20.828
1764724100.198459,207,256,1764724100.177616,20.843
1764724100.201767,208,256,1764724100.180946,20.821
1764724100.205114,209,256,1764724100.184280,20.834
1764724100.208483,210,256,1764724100.187610,20.873
1764724100.211833,211,256,1764724100.190950,20.883
1764724100.215114,212,256,1764724100.194283,20.831
1764724100.219705,213,256,1764724100.197627,22.079
1764724100.222261,214,256,1764724100.200953,21.309
1764724100.225127,215,256,1764724100.204238,20.888
1764724100.228537,216,256,1764724100.207622,20.914
1764724100.231842,217,256,1764724100.210958,20.883
1764724100.235188,218,256,1764724100.214287,20.901
1764724100.238564,219,256,1764724100.217628,20.936
1764724100.242175,220,256,1764724100.221257,20.917
1764724100.245232,221,256,1764724100.224302,20.930
1764724100.248589,222,256,1764724100.227636,20.953
1764724100.251915,223,256,1764724100.230970,20.945
1764724100.255159,224,256,1764724100.234261,20.899
1764724100.258563,225,256,1764724100.237642,20.921
1764724100.261865,226,256,1764724100.240964,20.902
1764724100.265191,227,256,1764724100.244267,20.923
1764724100.268596,228,256,1764724100.247646,20.950
1764724100.271863,229,256,1764724100.250976,20.888
1764724100.275163,230,256,1764724100.254266,20.897
1764724100.278556,231,256,1764724100.257639,20.917
1764724100.281901,232,256,1764724100.260972,20.928
1764724100.285168,233,256,1764724100.264251,20.917
1764724100.288556,234,256,1764724100.267614,20.941
1764724100.291876,235,256,1764724100.270967,20.909
1764724100.295170,236,256,1764724100.274256,20.914
1764724100.298515,237,256,1764724100.277628,20.887
1764724100.301911,238,256,1764724100.280960,20.952
1764724100.305175,239,256,1764724100.284258,20.917
1764724100.308629,240,256,1764724100.287624,21.004
1764724100.311937,241,256,1764724100.290959,20.977
1764724100.315195,242,256,1764724100.294271,20.924
1764724100.318560,243,256,1764724100.297639,20.921
1764724100.321883,244,256,1764724100.300973,20.911
1764724100.325267,245,256,1764724100.304288,20.979
1764724100.328659,246,256,1764724100.307721,20.938
1764724100.331849,247,256,1764724100.310961,20.887
1764724100.335161,248,256,1764724100.314245,20.916
1764724100.338577,249,256,1764724100.317636,20.941
1764724100.341886,250,256,1764724100.320969,20.918
1764724100.345327,251,256,1764724100.324331,20.996
1764724100.348608,252,256,1764724100.327662,20.947
1764724100.351909,253,256,1764724100.330977,20.932
1764724100.355236,254,256,1764724100.334306,20.930
1764724100.358588,255,256,1764724100.337636,20.951
1764724100.361826,256,256,1764724100.340961,20.865
1764724100.365267,257,256,1764724100.344337,20.930
1764724100.368628,258,256,1764724100.347653,20.975
1764724100.371846,259,256,1764724100.350973,20.873
1764724100.375151,260,256,1764724100.354259,20.892
1764724100.378586,261,256,1764724100.357648,20.938
1764724100.381829,262,256,1764724100.360977,20.852
1764724100.385124,263,256,1764724100.364292,20.832
1764724100.388483,264,256,1764724100.367633,20.850
1764724100.391788,265,256,1764724100.370972,20.816
1764724100.395096,266,256,1764724100.374268,20.828
1764724100.398523,267,256,1764724100.377633,20.890
1764724100.401772,268,256,1764724100.380943,20.829
1764724100.405102,269,256,1764724100.384264,20.838
1764724100.408558,270,256,1764724100.387645,20.913
1764724100.411841,271,256,1764724100.390965,20.875
1764724100.415110,272,256,1764724100.394266,20.844
1764724100.418742,273,256,1764724100.397658,21.084
1764724100.421950,274,256,1764724100.400972,20.978
1764724100.425421,275,256,1764724100.404435,20.986
1764724100.428570,276,256,1764724100.407655,20.915
1764724100.431801,277,256,1764724100.410958,20.843
1764724100.435187,278,256,1764724100.414308,20.879
1764724100.438591,279,256,1764724100.417680,20.911
1764724100.441958,280,256,1764724100.421011,20.947
1764724100.445256,281,256,1764724100.424352,20.904
1764724100.448648,282,256,1764724100.427644,21.004
1764724100.451874,283,256,1764724100.430965,20.909
1764724100.455270,284,256,1764724100.434243,21.027
1764724100.458547,285,256,1764724100.437632,20.916
1764724100.461836,286,256,1764724100.440955,20.881
1764724100.465259,287,256,1764724100.444261,20.998
1764724100.468500,288,256,1764724100.447619,20.880
1764724100.471937,289,256,1764724100.451001,20.936
1764724100.475334,290,256,1764724100.454311,21.023
1764724100.478506,291,256,1764724100.457626,20.881
1764724100.481917,292,256,1764724100.460962,20.955
1764724100.485235,293,256,1764724100.464262,20.974
1764724100.488561,294,256,1764724100.467650,20.911
1764724100.491950,295,256,1764724100.470970,20.980
1764724100.495373,296,256,1764724100.474358,21.014
1764724100.498723,297,256,1764724100.477657,21.065
1764724100.502078,298,256,1764724100.481054,21.024
1764724100.505275,299,256,1764724100.484358,20.918
1764724100.508615,300,256,1764724100.487731,20.884
1764724100.511928,301,256,1764724100.491079,20.850
1764724100.515268,302,256,1764724100.494405,20.863
1764724100.518568,303,256,1764724100.497729,20.838
1764724100.521916,304,256,1764724100.501080,20.837
1764724100.525288,305,256,1764724100.504371,20.917
1764724100.528507,306,256,1764724100.507633,20.874
1764724100.531801,307,256,1764724100.510944,20.856
1764724100.535192,308,256,1764724100.514297,20.895
1764724100.538488,309,256,1764724100.517621,20.867
1764724100.541815,310,256,1764724100.520961,20.854
1764724100.545284,311,256,1764724100.524370,20.914
1764724100.548540,312,256,1764724100.527650,20.890
1764724100.551754,313,256,1764724100.530948,20.806
1764724100.555238,314,256,1764724100.534281,20.957
1764724100.558541,315,256,1764724100.537625,20.916
1764724100.561841,316,256,1764724100.540953,20.888
1764724100.565276,317,256,1764724100.544287,20.990
1764724100.568735,318,256,1764724100.547646,21.089
1764724100.572285,319,256,1764724100.551131,21.154
1764724100.575416,320,256,1764724100.554449,20.967
1764724100.578756,321,256,1764724100.557795,20.962
1764724100.582072,322,256,1764724100.561118,20.953
1764724100.585401,323,256,1764724100.564447,20.954
1764724100.588546,324,256,1764724100.567635,20.911
1764724100.592246,325,256,1764724100.571265,20.981
1764724100.595269,326,256,1764724100.574298,20.971
1764724100.598512,327,256,1764724100.577623,20.889
1764724100.601874,328,256,1764724100.580994,20.881
1764724100.605186,329,256,1764724100.584322,20.864
1764724100.608519,330,256,1764724100.587640,20.880
1764724100.611791,331,256,1764724100.590954,20.837
1764724100.615141,332,256,1764724100.594268,20.873
1764724100.618536,333,256,1764724100.597662,20.874
1764724100.621983,334,256,1764724100.601003,20.980
1764724100.625301,335,256,1764724100.604353,20.947
1764724100.628552,336,256,1764724100.607658,20.895
1764724100.631889,337,256,1764724100.610971,20.918
1764724100.635319,338,256,1764724100.614364,20.955
1764724100.638544,339,256,1764724100.617659,20.885
1764724100.641921,340,256,1764724100.620995,20.926
1764724100.645278,341,256,1764724100.624374,20.904
1764724100.648539,342,256,1764724100.627643,20.896
1764724100.651805,343,256,1764724100.630958,20.848
1764724100.655278,344,256,1764724100.634383,20.895
1764724100.658492,345,256,1764724100.637630,20.863
1764724100.661813,346,256,1764724100.640962,20.851
1764724100.665083,347,256,1764724100.644241,20.842
1764724100.668467,348,256,1764724100.647625,20.842
1764724100.671853,349,256,1764724100.650987,20.866
1764724100.675163,350,256,1764724100.654290,20.873
1764724100.678487,351,256,1764724100.657642,20.846
1764724100.681819,352,256,1764724100.660977,20.842
1764724100.685119,353,256,1764724100.664299,20.820
1764724100.688468,354,256,1764724100.667635,20.833
1764724100.691763,355,256,1764724100.670964,20.799
1764724100.695140,356,256,1764724100.674335,20.805
1764724100.698502,357,256,1764724100.677649,20.853
1764724100.709249,358,256,1764724100.680974,28.275
1764724100.709295,359,256,1764724100.684381,24.914
1764724100.709315,360,256,1764724100.687735,21.580
1764724100.711848,361,256,1764724100.690974,20.875
1764724100.715321,362,256,1764724100.694388,20.932
1764724100.718562,363,256,1764724100.697651,20.911
1764724100.721792,364,256,1764724100.700963,20.830
1764724100.730390,365,256,1764724100.709211,21.179
1764724100.730765,366,256,1764724100.709301,21.463
1764724100.731785,367,256,1764724100.710980,20.805
1764724100.735070,368,256,1764724100.714262,20.807
1764724100.738450,369,256,1764724100.717632,20.818
1764724100.741821,370,256,1764724100.720981,20.840
1764724100.745164,371,256,1764724100.724318,20.846
1764724100.748440,372,256,1764724100.727611,20.829
1764724100.751869,373,256,1764724100.730982,20.887
1764724100.755120,374,256,1764724100.734235,20.885
1764724100.758565,375,256,1764724100.737610,20.955
1764724100.761834,376,256,1764724100.740945,20.889
1764724100.765194,377,256,1764724100.744229,20.966
1764724100.768564,378,256,1764724100.747609,20.955
1764724100.771822,379,256,1764724100.750949,20.874
1764724100.775308,380,256,1764724100.754332,20.976
1764724100.778553,381,256,1764724100.757584,20.969
1764724100.781881,382,256,1764724100.760951,20.930
1764724100.785181,383,256,1764724100.764248,20.933
1764724100.788430,384,256,1764724100.767616,20.814
1764724100.791893,385,256,1764724100.770952,20.941
1764724100.795269,386,256,1764724100.774327,20.943
1764724100.798736,387,256,1764724100.777718,21.018
1764724100.801976,388,256,1764724100.781008,20.968
1764724100.805390,389,256,1764724100.784377,21.013
1764724100.808706,390,256,1764724100.787732,20.974
1764724100.811880,391,256,1764724100.790963,20.917
1764724100.815164,392,256,1764724100.794238,20.926
1764724100.818474,393,256,1764724100.797628,20.846
1764724100.821780,394,256,1764724100.800961,20.819
1764724100.825078,395,256,1764724100.804240,20.837
1764724100.828442,396,256,1764724100.807612,20.830
1764724100.831786,397,256,1764724100.810954,20.832
1764724100.835071,398,256,1764724100.814233,20.838
1764724100.838535,399,256,1764724100.817676,20.858
1764724100.841872,400,256,1764724100.821012,20.860
1764724100.845200,401,256,1764724100.824357,20.843
1764724100.848634,402,256,1764724100.827673,20.961
1764724100.851994,403,256,1764724100.831009,20.985
1764724100.855420,404,256,1764724100.834341,21.079
1764724100.858632,405,256,1764724100.837634,20.998
1764724100.861962,406,256,1764724100.840966,20.996
1764724100.865317,407,256,1764724100.844236,21.081
1764724100.868681,408,256,1764724100.847642,21.039
1764724100.872068,409,256,1764724100.851008,21.060
1764724100.875403,410,256,1764724100.854323,21.080
1764724100.878703,411,256,1764724100.857659,21.044
1764724100.882156,412,256,1764724100.861079,21.077
1764724100.885493,413,256,1764724100.864406,21.087
1764724100.888775,414,256,1764724100.867734,21.041
1764724100.892136,415,256,1764724100.871076,21.061
1764724100.895534,416,256,1764724100.874427,21.107
1764724100.898842,417,256,1764724100.877739,21.103
1764724100.902137,418,256,1764724100.881078,21.059
1764724100.905519,419,256,1764724100.884417,21.102
1764724100.908663,420,256,1764724100.887652,21.011
1764724100.912040,421,256,1764724100.890993,21.048
1764724100.915520,422,256,1764724100.894356,21.163
1764724100.918806,423,256,1764724100.897725,21.081
1764724100.922145,424,256,1764724100.901083,21.062
1764724100.925397,425,256,1764724100.904399,20.998
1764724100.928788,426,256,1764724100.907739,21.049
1764724100.932091,427,256,1764724100.911074,21.017
1764724100.935314,428,256,1764724100.914423,20.892
1764724100.938804,429,256,1764724100.917728,21.076
1764724100.941999,430,256,1764724100.920979,21.020
1764724100.945303,431,256,1764724100.924365,20.938
1764724100.948681,432,256,1764724100.927734,20.947
1764724100.951978,433,256,1764724100.931085,20.892
1764724100.955266,434,256,1764724100.934290,20.975
1764724100.958592,435,256,1764724100.937630,20.962
1764724100.961928,436,256,1764724100.940993,20.935
1764724100.965263,437,256,1764724100.944413,20.850
1764724100.968685,438,256,1764724100.947731,20.954
1764724100.971971,439,256,1764724100.951078,20.893
1764724100.975208,440,256,1764724100.954350,20.858
1764724100.978563,441,256,1764724100.957628,20.934
1764724100.982028,442,256,1764724100.961053,20.975
1764724100.985122,443,256,1764724100.964239,20.883
1764724100.988482,444,256,1764724100.967631,20.850
1764724100.991984,445,256,1764724100.970988,20.996
1764724100.995351,446,256,1764724100.974293,21.058
1764724100.998569,447,256,1764724100.977633,20.936
1764724101.001901,448,256,1764724100.980932,20.970
1764724101.005305,449,256,1764724100.984247,21.057
1764724101.008547,450,256,1764724100.987626,20.921
1764724101.011894,451,256,1764724100.990953,20.941
1764724101.015312,452,256,1764724100.994255,21.057
1764724101.018538,453,256,1764724100.997630,20.909
1764724101.021896,454,256,1764724101.000958,20.938
1764724101.025412,455,256,1764724101.004364,21.049
1764724101.028493,456,256,1764724101.007625,20.868
1764724101.031851,457,256,1764724101.010956,20.896
1764724101.035291,458,256,1764724101.014315,20.976
1764724101.038475,459,256,1764724101.017618,20.857
1764724101.041828,460,256,1764724101.020954,20.874
1764724101.045235,461,256,1764724101.024340,20.895
1764724101.048462,462,256,1764724101.027629,20.833
1764724101.051778,463,256,1764724101.030956,20.822
1764724101.055116,464,256,1764724101.034298,20.818
1764724101.058530,465,256,1764724101.037621,20.909
1764724101.061887,466,256,1764724101.040947,20.941
1764724101.065300,467,256,1764724101.044253,21.047
1764724101.068551,468,256,1764724101.047613,20.937
1764724101.071899,469,256,1764724101.050960,20.939
1764724101.075278,470,256,1764724101.054355,20.923
1764724101.078663,471,256,1764724101.057684,20.978
1764724101.081973,472,256,1764724101.061018,20.955
1764724101.085304,473,256,1764724101.064358,20.946
1764724101.088611,474,256,1764724101.067667,20.944
1764724101.092014,475,256,1764724101.071023,20.991
1764724101.095386,476,256,1764724101.074340,21.046
1764724101.098602,477,256,1764724101.077621,20.981
1764724101.101907,478,256,1764724101.080956,20.951
1764724101.105213,479,256,1764724101.084312,20.901
1764724101.108518,480,256,1764724101.087620,20.898
1764724101.111931,481,256,1764724101.090953,20.978
1764724101.115259,482,256,1764724101.094301,20.958
1764724101.118666,483,256,1764724101.097623,21.043
1764724101.121884,484,256,1764724101.100959,20.925
1764724101.125260,485,256,1764724101.104343,20.918
1764724101.128597,486,256,1764724101.107641,20.957
1764724101.131953,487,256,1764724101.110961,20.992
1764724101.135288,488,256,1764724101.114299,20.989
1764724101.138592,489,256,1764724101.117624,20.968
1764724101.141868,490,256,1764724101.120954,20.914
1764724101.145128,491,256,1764724101.124240,20.888
1764724101.148497,492,256,1764724101.127625,20.872
1764724101.151795,493,256,1764724101.130958,20.837
1764724101.155248,494,256,1764724101.134344,20.904
1764724101.158461,495,256,1764724101.137621,20.840
1764724101.161788,496,256,1764724101.140956,20.832
1764724101.165246,497,256,1764724101.144331,20.916
1764724101.168429,498,256,1764724101.147621,20.808
1764724101.171801,499,256,1764724101.150948,20.853
1764724101.175364,500,256,1764724101.154303,21.061
1764724101.178605,501,256,1764724101.157621,20.984
1764724101.181874,502,256,1764724101.160955,20.919
1764724101.185355,503,256,1764724101.164296,21.059
1764724101.188520,504,256,1764724101.167624,20.896
1764724101.191858,505,256,1764724101.170954,20.904
1764724101.195282,506,256,1764724101.174305,20.977
1764724101.198545,507,256,1764724101.177629,20.916
1764724101.201931,508,256,1764724101.180956,20.974
1764724101.205252,509,256,1764724101.184312,20.940
1764724101.208513,510,256,1764724101.187626,20.887
1764724101.211903,511,256,1764724101.190953,20.950
1764724101.215264,512,256,1764724101.194290,20.974
1764724101.218605,513,256,1764724101.197641,20.964
1764724101.221997,514,256,1764724101.200996,21.002
1764724101.225394,515,256,1764724101.204355,21.039
1764724101.228709,516,256,1764724101.207736,20.974
1764724101.232028,517,256,1764724101.211070,20.959
1764724101.235370,518,256,1764724101.214433,20.937
1764724101.238604,519,256,1764724101.217663,20.941
1764724101.241865,520,256,1764724101.220996,20.869
1764724101.245263,521,256,1764724101.224369,20.894
1764724101.248568,522,256,1764724101.227638,20.930
1764724101.251936,523,256,1764724101.230982,20.955
1764724101.255364,524,256,1764724101.234265,21.100
1764724101.258577,525,256,1764724101.237613,20.964
1764724101.261888,526,256,1764724101.240972,20.916
1764724101.265456,527,256,1764724101.244406,21.050
1764724101.268676,528,256,1764724101.247639,21.037
1764724101.271969,529,256,1764724101.250969,21.000
1764724101.275494,530,256,1764724101.254373,21.121
1764724101.278769,531,256,1764724101.257761,21.008
1764724101.282192,532,256,1764724101.261090,21.101
1764724101.285395,533,256,1764724101.264277,21.118
1764724101.288785,534,256,1764724101.267714,21.071
1764724101.291908,535,256,1764724101.270959,20.949
1764724101.295101,536,256,1764724101.274268,20.833
1764724101.298715,537,256,1764724101.277736,20.979
1764724101.302051,538,256,1764724101.281048,21.003
1764724101.305362,539,256,1764724101.284368,20.994
1764724101.308626,540,256,1764724101.287624,21.002
1764724101.311974,541,256,1764724101.290962,21.012
1764724101.315313,542,256,1764724101.294309,21.004
1764724101.318738,543,256,1764724101.297726,21.012
1764724101.322171,544,256,1764724101.301121,21.050
1764724101.325460,545,256,1764724101.304454,21.006
1764724101.328777,546,256,1764724101.307772,21.004
1764724101.332164,547,256,1764724101.311112,21.052
1764724101.335342,548,256,1764724101.314450,20.893
1764724101.338683,549,256,1764724101.317778,20.905
1764724101.341958,550,256,1764724101.321080,20.878
1764724101.345443,551,256,1764724101.324446,20.997
1764724101.348709,552,256,1764724101.327770,20.939
1764724101.352065,553,256,1764724101.331125,20.939
1764724101.355200,554,256,1764724101.334369,20.831
1764724101.358447,555,256,1764724101.337615,20.833
1764724101.361799,556,256,1764724101.340957,20.842
1764724101.365101,557,256,1764724101.344228,20.873
1764724101.368493,558,256,1764724101.347613,20.880
1764724101.371786,559,256,1764724101.350960,20.826
1764724101.375102,560,256,1764724101.354247,20.855
1764724101.378476,561,256,1764724101.357608,20.868
1764724101.381864,562,256,1764724101.360960,20.903
1764724101.385272,563,256,1764724101.364359,20.913
1764724101.388491,564,256,1764724101.367620,20.871
1764724101.391845,565,256,1764724101.370964,20.882
1764724101.395305,566,256,1764724101.374268,21.037
1764724101.398622,567,256,1764724101.377644,20.977
1764724101.402001,568,256,1764724101.380995,21.007
1764724101.405262,569,256,1764724101.384279,20.983
1764724101.408537,570,256,1764724101.387633,20.904
1764724101.411957,571,256,1764724101.390975,20.983
1764724101.415416,572,256,1764724101.394407,21.009
1764724101.418752,573,256,1764724101.397738,21.014
1764724101.422079,574,256,1764724101.401074,21.005
1764724101.425418,575,256,1764724101.404437,20.981
1764724101.428612,576,256,1764724101.407647,20.964
1764724101.432110,577,256,1764724101.411078,21.032
1764724101.435443,578,256,1764724101.414405,21.038
1764724101.438741,579,256,1764724101.417739,21.002
1764724101.442100,580,256,1764724101.421076,21.024
1764724101.445493,581,256,1764724101.424403,21.091
1764724101.448825,582,256,1764724101.427739,21.086
1764724101.452047,583,256,1764724101.431073,20.974
1764724101.455322,584,256,1764724101.434408,20.914
1764724101.458631,585,256,1764724101.437748,20.883
1764724101.462001,586,256,1764724101.441103,20.898
1764724101.465280,587,256,1764724101.444400,20.880
1764724101.468486,588,256,1764724101.447653,20.833
1764724101.471936,589,256,1764724101.450958,20.977
1764724101.475285,590,256,1764724101.454262,21.023
1764724101.478614,591,256,1764724101.457614,20.999
1764724101.481888,592,256,1764724101.460947,20.941
1764724101.485168,593,256,1764724101.464233,20.935
1764724101.488475,594,256,1764724101.467608,20.866
1764724101.491956,595,256,1764724101.470973,20.983
1764724101.495415,596,256,1764724101.474396,21.019
1764724101.498628,597,256,1764724101.477625,21.003
1764724101.501992,598,256,1764724101.480996,20.995
1764724101.505393,599,256,1764724101.484412,20.981
1764724101.508605,600,256,1764724101.487623,20.982
1764724101.511909,601,256,1764724101.490966,20.943
1764724101.515385,602,256,1764724101.494400,20.985
1764724101.518646,603,256,1764724101.497639,21.007
1764724101.522098,604,256,1764724101.501074,21.024
1764724101.525327,605,256,1764724101.504350,20.977
1764724101.528587,606,256,1764724101.507653,20.934
1764724101.532043,607,256,1764724101.510994,21.049
1764724101.535396,608,256,1764724101.514408,20.988
1764724101.538634,609,256,1764724101.517660,20.974
1764724101.541941,610,256,1764724101.521065,20.876
1764724101.545284,611,256,1764724101.524408,20.876
1764724101.548561,612,256,1764724101.527660,20.901
1764724101.551848,613,256,1764724101.530977,20.871
1764724101.555322,614,256,1764724101.534366,20.956
1764724101.558652,615,256,1764724101.537631,21.021
1764724101.561965,616,256,1764724101.540953,21.012
1764724101.565266,617,256,1764724101.544267,20.999
1764724101.568624,618,256,1764724101.547629,20.996
1764724101.572171,619,256,1764724101.550950,21.221
1764724101.575214,620,256,1764724101.554255,20.959
1764724101.578601,621,256,1764724101.557653,20.949
1764724101.581876,622,256,1764724101.560989,20.886
1764724101.585285,623,256,1764724101.564362,20.923
1764724101.588726,624,256,1764724101.567731,20.995
1764724101.591893,625,256,1764724101.570966,20.927
1764724101.595324,626,256,1764724101.574360,20.963
1764724101.598452,627,256,1764724101.577643,20.809
1764724101.601796,628,256,1764724101.580951,20.845
1764724101.605399,629,256,1764724101.584373,21.026
1764724101.608514,630,256,1764724101.587658,20.855
1764724101.611895,631,256,1764724101.590987,20.908
1764724101.615170,632,256,1764724101.594276,20.894
1764724101.618532,633,256,1764724101.597638,20.894
1764724101.621978,634,256,1764724101.601029,20.949
1764724101.625294,635,256,1764724101.604368,20.926
1764724101.628522,636,256,1764724101.607627,20.895
1764724101.631979,637,256,1764724101.611027,20.953
1764724101.635292,638,256,1764724101.614372,20.920
1764724101.638569,639,256,1764724101.617654,20.915
1764724101.641991,640,256,1764724101.621028,20.963
1764724101.645297,641,256,1764724101.624365,20.932
1764724101.648511,642,256,1764724101.627642,20.869
1764724101.652034,643,256,1764724101.631033,21.001
1764724101.655496,644,256,1764724101.634363,21.133
1764724101.658595,645,256,1764724101.637652,20.943
1764724101.661947,646,256,1764724101.640988,20.958
1764724101.665406,647,256,1764724101.644358,21.048
1764724101.668677,648,256,1764724101.647723,20.954
1764724101.672028,649,256,1764724101.651064,20.964
1764724101.675272,650,256,1764724101.654272,20.999
1764724101.678604,651,256,1764724101.657628,20.976
1764724101.681913,652,256,1764724101.660960,20.953
1764724101.685235,653,256,1764724101.664237,20.998
1764724101.688573,654,256,1764724101.667696,20.876
1764724101.691912,655,256,1764724101.670964,20.948
1764724101.695396,656,256,1764724101.674329,21.067
1764724101.698635,657,256,1764724101.677633,21.002
1764724101.701885,658,256,1764724101.680960,20.926
1764724101.705319,659,256,1764724101.684314,21.006
1764724101.708643,660,256,1764724101.687669,20.975
1764724101.711964,661,256,1764724101.691024,20.940
1764724101.715326,662,256,1764724101.694319,21.007
1764724101.718642,663,256,1764724101.697665,20.977
1764724101.721965,664,256,1764724101.701020,20.944
1764724101.725312,665,256,1764724101.704300,21.013
1764724101.728579,666,256,1764724101.707668,20.911
1764724101.731964,667,256,1764724101.711014,20.950
1764724101.735243,668,256,1764724101.714314,20.929
1764724101.738526,669,256,1764724101.717671,20.855
1764724101.741791,670,256,1764724101.720961,20.830
1764724101.745147,671,256,1764724101.724316,20.832
1764724101.748582,672,256,1764724101.727714,20.868
1764724101.751817,673,256,1764724101.730961,20.855
1764724101.755287,674,256,1764724101.734401,20.886
1764724101.758530,675,256,1764724101.737678,20.852
1764724101.761843,676,256,1764724101.741006,20.836
1764724101.765270,677,256,1764724101.744359,20.911
1764724101.768548,678,256,1764724101.747675,20.873
1764724101.771902,679,256,1764724101.750984,20.919
1764724101.775105,680,256,1764724101.754297,20.808
1764724101.778482,681,256,1764724101.757613,20.869
1764724101.781875,682,256,1764724101.760948,20.927
1764724101.785174,683,256,1764724101.764236,20.937
1764724101.788437,684,256,1764724101.767631,20.806
1764724101.791803,685,256,1764724101.770977,20.826
1764724101.795116,686,256,1764724101.774262,20.854
1764724101.798420,687,256,1764724101.777627,20.793
1764724101.801848,688,256,1764724101.780961,20.887
1764724101.805177,689,256,1764724101.784238,20.939
1764724101.808456,690,256,1764724101.787615,20.842
1764724101.811867,691,256,1764724101.790949,20.917
1764724101.815230,692,256,1764724101.794270,20.960
1764724101.818482,693,256,1764724101.797611,20.872
1764724101.821855,694,256,1764724101.800946,20.909
1764724101.825365,695,256,1764724101.804323,21.041
1764724101.828514,696,256,1764724101.807620,20.895
1764724101.831824,697,256,1764724101.810952,20.873
1764724101.835384,698,256,1764724101.814334,21.050
1764724101.838492,699,256,1764724101.817619,20.873
1764724101.841860,700,256,1764724101.820957,20.904
1764724101.845363,701,256,1764724101.824342,21.021
1764724101.848560,702,256,1764724101.827623,20.936
1764724101.851954,703,256,1764724101.831015,20.939
1764724101.855358,704,256,1764724101.834354,21.003
1764724101.858481,705,256,1764724101.837637,20.844
1764724101.861870,706,256,1764724101.840954,20.917
1764724101.865206,707,256,1764724101.844322,20.884
1764724101.868499,708,256,1764724101.847622,20.877
1764724101.871942,709,256,1764724101.850963,20.978
1764724101.875386,710,256,1764724101.854330,21.055
1764724101.878551,711,256,1764724101.857620,20.930
1764724101.881954,712,256,1764724101.860963,20.991
1764724101.885286,713,256,1764724101.864245,21.041
1764724101.888514,714,256,1764724101.867613,20.901
1764724101.891800,715,256,1764724101.870948,20.853
1764724101.895210,716,256,1764724101.874235,20.976
1764724101.898487,717,256,1764724101.877614,20.874
1764724101.901846,718,256,1764724101.880950,20.896
1764724101.905303,719,256,1764724101.884262,21.040
1764724101.908527,720,256,1764724101.887624,20.903
1764724101.911922,721,256,1764724101.891002,20.920
1764724101.915340,722,256,1764724101.894348,20.991
1764724101.918643,723,256,1764724101.897679,20.965
1764724101.921928,724,256,1764724101.901008,20.920
1764724101.925351,725,256,1764724101.904345,21.007
1764724101.928564,726,256,1764724101.907675,20.890
1764724101.931931,727,256,1764724101.911009,20.922
1764724101.935311,728,256,1764724101.914338,20.973
1764724101.938499,729,256,1764724101.917662,20.837
1764724101.941921,730,256,1764724101.921009,20.913
1764724101.945241,731,256,1764724101.924340,20.902
1764724101.948425,732,256,1764724101.927590,20.835
1764724101.951788,733,256,1764724101.930959,20.830
1764724101.955269,734,256,1764724101.934335,20.935
1764724101.958463,735,256,1764724101.937624,20.839
1764724101.961845,736,256,1764724101.941008,20.837
1764724101.965227,737,256,1764724101.944367,20.861
1764724101.968457,738,256,1764724101.947629,20.829
1764724101.971835,739,256,1764724101.950997,20.838
1764724101.975120,740,256,1764724101.954289,20.831
1764724101.978423,741,256,1764724101.957615,20.808
1764724101.981770,742,256,1764724101.960952,20.818
1764724101.985146,743,256,1764724101.964304,20.842
1764724101.988439,744,256,1764724101.967618,20.821
1764724101.991762,745,256,1764724101.970957,20.806
1764724101.995073,746,256,1764724101.974249,20.823
1764724101.998495,747,256,1764724101.977672,20.823
1764724102.001822,748,256,1764724101.981007,20.816
1764724102.005131,749,256,1764724101.984288,20.843
1764724102.008418,750,256,1764724101.987616,20.802
1764724102.011772,751,256,1764724101.990961,20.811
1764724102.015050,752,256,1764724101.994238,20.812
1764724102.018405,753,256,1764724101.997613,20.792
1764724102.021783,754,256,1764724102.000972,20.812
1764724102.025085,755,256,1764724102.004248,20.837
1764724102.028501,756,256,1764724102.007686,20.815
1764724102.031785,757,256,1764724102.010964,20.821
1764724102.035111,758,256,1764724102.014282,20.829
1764724102.038433,759,256,1764724102.017622,20.811
1764724102.041777,760,256,1764724102.020955,20.822
1764724102.045099,761,256,1764724102.024251,20.848
1764724102.048599,762,256,1764724102.027665,20.933
1764724102.051974,763,256,1764724102.030960,21.014
1764724102.055201,764,256,1764724102.034333,20.868
1764724102.058466,765,256,1764724102.037621,20.845
1764724102.061800,766,256,1764724102.040948,20.852
1764724102.065164,767,256,1764724102.044230,20.934
1764724102.068442,768,256,1764724102.047610,20.833
1764724102.071799,769,256,1764724102.050953,20.846
1764724102.075033,770,256,1764724102.054235,20.798
1764724102.078422,771,256,1764724102.057615,20.807
1764724102.081798,772,256,1764724102.060950,20.847
1764724102.085053,773,256,1764724102.064233,20.821
1764724102.088447,774,256,1764724102.067621,20.826
1764724102.091773,775,256,1764724102.070952,20.821
1764724102.095087,776,256,1764724102.074249,20.838
1764724102.098529,777,256,1764724102.077654,20.876
1764724102.101908,778,256,1764724102.081006,20.902
1764724102.105164,779,256,1764724102.084242,20.923
1764724102.108572,780,256,1764724102.087653,20.919
1764724102.111820,781,256,1764724102.090965,20.855
1764724102.115078,782,256,1764724102.094234,20.845
1764724102.118465,783,256,1764724102.097626,20.839
1764724102.121802,784,256,1764724102.100956,20.846
1764724102.125127,785,256,1764724102.104266,20.860
1764724102.128480,786,256,1764724102.107626,20.854
1764724102.131989,787,256,1764724102.111065,20.924
1764724102.135356,788,256,1764724102.114358,20.998
1764724102.138453,789,256,1764724102.117637,20.817
1764724102.141949,790,256,1764724102.121062,20.887
1764724102.145401,791,256,1764724102.124376,21.024
1764724102.148564,792,256,1764724102.127655,20.909
1764724102.151849,793,256,1764724102.130989,20.860
1764724102.155377,794,256,1764724102.134351,21.026
1764724102.158484,795,256,1764724102.137625,20.859
1764724102.161962,796,256,1764724102.141058,20.903
1764724102.165348,797,256,1764724102.144351,20.997
1764724102.168691,798,256,1764724102.147740,20.952
1764724102.171903,799,256,1764724102.150982,20.921
1764724102.175174,800,256,1764724102.154283,20.892
1764724102.178698,801,256,1764724102.157646,21.052
1764724102.182012,802,256,1764724102.161066,20.947
1764724102.185313,803,256,1764724102.164411,20.902
1764724102.189129,804,256,1764724102.167733,21.396
1764724102.191955,805,256,1764724102.171083,20.872
1764724102.195263,806,256,1764724102.174371,20.893
1764724102.198564,807,256,1764724102.177644,20.920
1764724102.201874,808,256,1764724102.181001,20.874
1764724102.205095,809,256,1764724102.184236,20.859
1764724102.208457,810,256,1764724102.187608,20.849
1764724102.211841,811,256,1764724102.190970,20.871
1764724102.215101,812,256,1764724102.194242,20.859
1764724102.218534,813,256,1764724102.197642,20.891
1764724102.221874,814,256,1764724102.200986,20.888
1764724102.225152,815,256,1764724102.204274,20.878
1764724102.228456,816,256,1764724102.207639,20.817
1764724102.232050,817,256,1764724102.211047,21.003
1764724102.235331,818,256,1764724102.214353,20.978
1764724102.238502,819,256,1764724102.217626,20.876
1764724102.241948,820,256,1764724102.221066,20.882
1764724102.245408,821,256,1764724102.224464,20.944
1764724102.248473,822,256,1764724102.227613,20.859
1764724102.251828,823,256,1764724102.230966,20.862
1764724102.255295,824,256,1764724102.234363,20.932
1764724102.258529,825,256,1764724102.237652,20.877
1764724102.261941,826,256,1764724102.241064,20.878
1764724102.265253,827,256,1764724102.244284,20.970
1764724102.268527,828,256,1764724102.247631,20.895
1764724102.271906,829,256,1764724102.250992,20.914
1764724102.275366,830,256,1764724102.254376,20.989
1764724102.278493,831,256,1764724102.257625,20.868
1764724102.281852,832,256,1764724102.260962,20.890
1764724102.285163,833,256,1764724102.264258,20.905
1764724102.288571,834,256,1764724102.267657,20.914
1764724102.291822,835,256,1764724102.270967,20.855
1764724102.295656,836,256,1764724102.274501,21.155
1764724102.298517,837,256,1764724102.277640,20.878
1764724102.301886,838,256,1764724102.280972,20.914
1764724102.305350,839,256,1764724102.284371,20.979
1764724102.308679,840,256,1764724102.287640,21.039
1764724102.312035,841,256,1764724102.291034,21.001
1764724102.315161,842,256,1764724102.294251,20.910
1764724102.318552,843,256,1764724102.297634,20.918
1764724102.321880,844,256,1764724102.300975,20.904
1764724102.325173,845,256,1764724102.304243,20.930
1764724102.328542,846,256,1764724102.307622,20.920
1764724102.331899,847,256,1764724102.310984,20.915
1764724102.335183,848,256,1764724102.314307,20.876
1764724102.338583,849,256,1764724102.317658,20.925
1764724102.341962,850,256,1764724102.321076,20.886
1764724102.345317,851,256,1764724102.324357,20.960
1764724102.348557,852,256,1764724102.327654,20.903
1764724102.352117,853,256,1764724102.331056,21.062
1764724102.355154,854,256,1764724102.334248,20.906
1764724102.358508,855,256,1764724102.337637,20.870
1764724102.361957,856,256,1764724102.340988,20.968
1764724102.365194,857,256,1764724102.344281,20.913
1764724102.368559,858,256,1764724102.347662,20.897
1764724102.372060,859,256,1764724102.350945,21.116
1764724102.375101,860,256,1764724102.354228,20.873
1764724102.378533,861,256,1764724102.357632,20.902
1764724102.381826,862,256,1764724102.360961,20.864
1764724102.385199,863,256,1764724102.364293,20.906
1764724102.388535,864,256,1764724102.367645,20.890
1764724102.391818,865,256,1764724102.370971,20.847
1764724102.395316,866,256,1764724102.374374,20.942
1764724102.398524,867,256,1764724102.377642,20.882
1764724102.401878,868,256,1764724102.380980,20.899
1764724102.405140,869,256,1764724102.384261,20.879
1764724102.408497,870,256,1764724102.387628,20.869
1764724102.411839,871,256,1764724102.390945,20.894
1764724102.415144,872,256,1764724102.394246,20.899
1764724102.418473,873,256,1764724102.397622,20.850
1764724102.421821,874,256,1764724102.400965,20.856
1764724102.425064,875,256,1764724102.404241,20.823
1764724102.428512,876,256,1764724102.407622,20.890
1764724102.431948,877,256,1764724102.411055,20.893
1764724102.435273,878,256,1764724102.414362,20.911
1764724102.438581,879,256,1764724102.417660,20.921
1764724102.441885,880,256,1764724102.420991,20.894
1764724102.445154,881,256,1764724102.424320,20.833
1764724102.448588,882,256,1764724102.427638,20.950
1764724102.451838,883,256,1764724102.430967,20.872
1764724102.455138,884,256,1764724102.434252,20.886
1764724102.458516,885,256,1764724102.437629,20.887
1764724102.461801,886,256,1764724102.440962,20.839
1764724102.465102,887,256,1764724102.444254,20.849
1764724102.468555,888,256,1764724102.447645,20.910
1764724102.471876,889,256,1764724102.450989,20.887
1764724102.475261,890,256,1764724102.454345,20.917
1764724102.478649,891,256,1764724102.457584,21.065
1764724102.481906,892,256,1764724102.460976,20.930
1764724102.485129,893,256,1764724102.464272,20.857
1764724102.488589,894,256,1764724102.467652,20.936
1764724102.491983,895,256,1764724102.471046,20.937
1764724102.495179,896,256,1764724102.474244,20.935
1764724102.498657,897,256,1764724102.477682,20.975
1764724102.501861,898,256,1764724102.480963,20.898
1764724102.505250,899,256,1764724102.484265,20.984
1764724102.508589,900,256,1764724102.487661,20.928
1764724102.511920,901,256,1764724102.490971,20.949
1764724102.515314,902,256,1764724102.494268,21.046
1764724102.518607,903,256,1764724102.497631,20.976
1764724102.521854,904,256,1764724102.500960,20.894
1764724102.525196,905,256,1764724102.504286,20.910
1764724102.528579,906,256,1764724102.507632,20.948
1764724102.531841,907,256,1764724102.510958,20.882
1764724102.535147,908,256,1764724102.514268,20.879
1764724102.538685,909,256,1764724102.517658,21.027
1764724102.541853,910,256,1764724102.520966,20.887
1764724102.545271,911,256,1764724102.524260,21.012
1764724102.548542,912,256,1764724102.527630,20.912
1764724102.551915,913,256,1764724102.530955,20.960
1764724102.555240,914,256,1764724102.534295,20.946
1764724102.558576,915,256,1764724102.537626,20.950
1764724102.561965,916,256,1764724102.540965,21.000
1764724102.565279,917,256,1764724102.544273,21.007
1764724102.568573,918,256,1764724102.547634,20.939
1764724102.571944,919,256,1764724102.550956,20.988
1764724102.575179,920,256,1764724102.554250,20.929
1764724102.578564,921,256,1764724102.557619,20.945
1764724102.581966,922,256,1764724102.560976,20.991
1764724102.585168,923,256,1764724102.564248,20.921
1764724102.588615,924,256,1764724102.567692,20.923
1764724102.591961,925,256,1764724102.570963,20.998
1764724102.595303,926,256,1764724102.574319,20.984
1764724102.598602,927,256,1764724102.577626,20.976
1764724102.601859,928,256,1764724102.580958,20.900
1764724102.605123,929,256,1764724102.584234,20.889
1764724102.608462,930,256,1764724102.587611,20.851
1764724102.611879,931,256,1764724102.590943,20.936
1764724102.615464,932,256,1764724102.594314,21.150
1764724102.618492,933,256,1764724102.597619,20.873
1764724102.621952,934,256,1764724102.600991,20.961
1764724102.625176,935,256,1764724102.604242,20.935
1764724102.628597,936,256,1764724102.607624,20.972
1764724102.631913,937,256,1764724102.610966,20.948
1764724102.635210,938,256,1764724102.614261,20.949
1764724102.638553,939,256,1764724102.617634,20.919
1764724102.641885,940,256,1764724102.620966,20.918
1764724102.645349,941,256,1764724102.624369,20.981
1764724102.648566,942,256,1764724102.627653,20.913
1764724102.651898,943,256,1764724102.630969,20.930
1764724102.655343,944,256,1764724102.634282,21.061
1764724102.658541,945,256,1764724102.637626,20.915
1764724102.661918,946,256,1764724102.640932,20.986
1764724102.665213,947,256,1764724102.644263,20.950
1764724102.668705,948,256,1764724102.647654,21.051
1764724102.671924,949,256,1764724102.650984,20.941
1764724102.675373,950,256,1764724102.654358,21.014
1764724102.678545,951,256,1764724102.657641,20.904
1764724102.681869,952,256,1764724102.660975,20.894
1764724102.685167,953,256,1764724102.664285,20.882
1764724102.688489,954,256,1764724102.667626,20.863
1764724102.691863,955,256,1764724102.670989,20.875
1764724102.695324,956,256,1764724102.674319,21.006
1764724102.698573,957,256,1764724102.677648,20.925
1764724102.701876,958,256,1764724102.680961,20.915
1764724102.705178,959,256,1764724102.684247,20.931
1764724102.708531,960,256,1764724102.687621,20.910
1764724102.711891,961,256,1764724102.690978,20.914
1764724102.715167,962,256,1764724102.694293,20.874
1764724102.718586,963,256,1764724102.697656,20.930
1764724102.722090,964,256,1764724102.701112,20.978
1764724102.725174,965,256,1764724102.704269,20.905
1764724102.728682,966,256,1764724102.707630,21.052
1764724102.731873,967,256,1764724102.710962,20.911
1764724102.735261,968,256,1764724102.714330,20.931
1764724102.738516,969,256,1764724102.717627,20.889
1764724102.741837,970,256,1764724102.720963,20.874
1764724102.745125,971,256,1764724102.724293,20.833
1764724102.748420,972,256,1764724102.727609,20.810
1764724102.751796,973,256,1764724102.730938,20.857
1764724102.755135,974,256,1764724102.734272,20.863
1764724102.758452,975,256,1764724102.737606,20.847
1764724102.761786,976,256,1764724102.740942,20.844
1764724102.765064,977,256,1764724102.744227,20.837
1764724102.768432,978,256,1764724102.747604,20.828
1764724102.771803,979,256,1764724102.750978,20.825
1764724102.775079,980,256,1764724102.754234,20.845
1764724102.778471,981,256,1764724102.757612,20.859
1764724102.781835,982,256,1764724102.760959,20.875
1764724102.785111,983,256,1764724102.764257,20.854
1764724102.788444,984,256,1764724102.767625,20.819
1764724102.791728,985,256,1764724102.770947,20.782
1764724102.795074,986,256,1764724102.774253,20.821
1764724102.798431,987,256,1764724102.777610,20.820
1764724102.801769,988,256,1764724102.780957,20.813
1764724102.805156,989,256,1764724102.784256,20.900
1764724102.808486,990,256,1764724102.787630,20.856
1764724102.811764,991,256,1764724102.790945,20.819
1764724102.815144,992,256,1764724102.794268,20.876
1764724102.818476,993,256,1764724102.797622,20.854
1764724102.821836,994,256,1764724102.800970,20.866
1764724102.825190,995,256,1764724102.804276,20.914
1764724102.828524,996,256,1764724102.807647,20.878
1764724102.831807,997,256,1764724102.810976,20.831
1764724102.835187,998,256,1764724102.814268,20.919
1764724102.838727,999,256,1764724102.817711,21.017
1764724102.841880,1000,256,1764724102.820951,20.929
1764724102.845390,1001,256,1764724102.824370,21.020
1764724102.848547,1002,256,1764724102.827628,20.918
1764724102.851930,1003,256,1764724102.830958,20.972
1764724102.855181,1004,256,1764724102.834238,20.942
1764724102.858540,1005,256,1764724102.837648,20.892
1764724102.861906,1006,256,1764724102.840983,20.924
1764724102.865314,1007,256,1764724102.844384,20.930
1764724102.868497,1008,256,1764724102.847622,20.875
1764724102.871842,1009,256,1764724102.850961,20.881
1764724102.875236,1010,256,1764724102.854358,20.877
1764724102.878521,1011,256,1764724102.857641,20.879
1764724102.881854,1012,256,1764724102.860955,20.900
1764724102.885132,1013,256,1764724102.864251,20.882
1764724102.888506,1014,256,1764724102.867624,20.882
1764724102.891826,1015,256,1764724102.870958,20.869
1764724102.895327,1016,256,1764724102.874347,20.979
1764724102.898586,1017,256,1764724102.877629,20.957
1764724102.901857,1018,256,1764724102.880956,20.901
1764724102.905350,1019,256,1764724102.884298,21.052
1764724102.908558,1020,256,1764724102.887645,20.913
1764724102.911907,1021,256,1764724102.890968,20.939
1764724102.915191,1022,256,1764724102.894271,20.920
1764724102.918504,1023,256,1764724102.897624,20.881
1764724102.921882,1024,256,1764724102.900963,20.919
1764724102.925271,1025,256,1764724102.904251,21.020
1764724102.928567,1026,256,1764724102.907627,20.939
1764724102.931917,1027,256,1764724102.911014,20.903
1764724102.935205,1028,256,1764724102.914251,20.955
1764724102.938496,1029,256,1764724102.917621,20.875
1764724102.941866,1030,256,1764724102.920965,20.901
1764724102.945258,1031,256,1764724102.924257,21.001
1764724102.948595,1032,256,1764724102.927643,20.952
1764724102.951887,1033,256,1764724102.930984,20.903
1764724102.955281,1034,256,1764724102.934322,20.959
1764724102.958519,1035,256,1764724102.937627,20.892
1764724102.961895,1036,256,1764724102.940962,20.933
1764724102.965188,1037,256,1764724102.944313,20.875
1764724102.968565,1038,256,1764724102.947639,20.926
1764724102.971860,1039,256,1764724102.950963,20.896
1764724102.975260,1040,256,1764724102.954299,20.960
1764724102.978516,1041,256,1764724102.957628,20.887
1764724102.981820,1042,256,1764724102.960973,20.847
1764724102.985129,1043,256,1764724102.964275,20.854
1764724102.988937,1044,256,1764724102.968042,20.895
1764724102.991801,1045,256,1764724102.970964,20.837
1764724102.995267,1046,256,1764724102.974357,20.911
1764724102.998499,1047,256,1764724102.977654,20.845
1764724103.001800,1048,256,1764724102.980953,20.846
1764724103.005100,1049,256,1764724102.984234,20.866
1764724103.008429,1050,256,1764724102.987611,20.818
1764724103.011797,1051,256,1764724102.990951,20.846
1764724103.015077,1052,256,1764724102.994239,20.838
1764724103.018545,1053,256,1764724102.997663,20.883
1764724103.021867,1054,256,1764724103.000995,20.872
1764724103.025170,1055,256,1764724103.004246,20.924
1764724103.028493,1056,256,1764724103.007623,20.870
1764724103.031816,1057,256,1764724103.010963,20.853
1764724103.035122,1058,256,1764724103.014253,20.869
1764724103.038459,1059,256,1764724103.017592,20.867
1764724103.041814,1060,256,1764724103.020951,20.863
1764724103.045306,1061,256,1764724103.024256,21.050
1764724103.048502,1062,256,1764724103.027632,20.870
1764724103.051848,1063,256,1764724103.030968,20.880
1764724103.055202,1064,256,1764724103.034277,20.925
1764724103.058526,1065,256,1764724103.037639,20.887
1764724103.061938,1066,256,1764724103.040966,20.972
1764724103.065137,1067,256,1764724103.044249,20.888
1764724103.068482,1068,256,1764724103.047625,20.857
1764724103.071812,1069,256,1764724103.050950,20.862
1764724103.075133,1070,256,1764724103.054248,20.885
1764724103.078551,1071,256,1764724103.057628,20.923
1764724103.081833,1072,256,1764724103.060960,20.873
1764724103.085123,1073,256,1764724103.064273,20.850
1764724103.088444,1074,256,1764724103.067620,20.824
1764724103.091757,1075,256,1764724103.070946,20.811
1764724103.095205,1076,256,1764724103.074254,20.951
1764724103.098545,1077,256,1764724103.077636,20.909
1764724103.101812,1078,256,1764724103.080953,20.859
1764724103.105158,1079,256,1764724103.084264,20.894
1764724103.108525,1080,256,1764724103.087631,20.893
1764724103.111832,1081,256,1764724103.090949,20.883
1764724103.115478,1082,256,1764724103.094329,21.150
1764724103.118602,1083,256,1764724103.097638,20.964
1764724103.121920,1084,256,1764724103.100998,20.921
1764724103.125190,1085,256,1764724103.104293,20.897
1764724103.128511,1086,256,1764724103.107628,20.883
1764724103.131816,1087,256,1764724103.110946,20.871
1764724103.135136,1088,256,1764724103.114260,20.876
1764724103.138612,1089,256,1764724103.117637,20.975
1764724103.141810,1090,256,1764724103.120960,20.849
1764724103.145236,1091,256,1764724103.124261,20.976
1764724103.148527,1092,256,1764724103.127629,20.898
1764724103.151818,1093,256,1764724103.130955,20.863
1764724103.155154,1094,256,1764724103.134259,20.895
1764724103.158614,1095,256,1764724103.137628,20.986
1764724103.161876,1096,256,1764724103.140996,20.880
1764724103.165170,1097,256,1764724103.144266,20.904
1764724103.168504,1098,256,1764724103.147628,20.876
1764724103.171850,1099,256,1764724103.150960,20.890
1764724103.175234,1100,256,1764724103.154276,20.958
1764724103.178568,1101,256,1764724103.157633,20.936
1764724103.181845,1102,256,1764724103.160966,20.879
1764724103.185136,1103,256,1764724103.164256,20.880
1764724103.188510,1104,256,1764724103.167640,20.871
1764724103.191853,1105,256,1764724103.170960,20.893
1764724103.195418,1106,256,1764724103.174412,21.006
1764724103.198543,1107,256,1764724103.177658,20.885
1764724103.201907,1108,256,1764724103.180968,20.938
1764724103.205145,1109,256,1764724103.184253,20.892
1764724103.208533,1110,256,1764724103.187625,20.907
1764724103.211917,1111,256,1764724103.190970,20.947
1764724103.215180,1112,256,1764724103.194276,20.904
1764724103.218572,1113,256,1764724103.197645,20.926
1764724103.221868,1114,256,1764724103.200977,20.891
1764724103.225170,1115,256,1764724103.204242,20.928
1764724103.228628,1116,256,1764724103.207659,20.969
1764724103.231846,1117,256,1764724103.210963,20.883
1764724103.235193,1118,256,1764724103.214274,20.919
1764724103.238490,1119,256,1764724103.217623,20.868
1764724103.241833,1120,256,1764724103.220953,20.881
1764724103.245113,1121,256,1764724103.224251,20.862
1764724103.248525,1122,256,1764724103.227641,20.884
1764724103.251876,1123,256,1764724103.230973,20.903
1764724103.255285,1124,256,1764724103.234398,20.886
1764724103.258582,1125,256,1764724103.237672,20.910
1764724103.261903,1126,256,1764724103.240967,20.936
1764724103.265202,1127,256,1764724103.244271,20.931
1764724103.268550,1128,256,1764724103.247639,20.911
1764724103.271871,1129,256,1764724103.250972,20.900
1764724103.275144,1130,256,1764724103.254244,20.900
1764724103.278533,1131,256,1764724103.257625,20.908
1764724103.281830,1132,256,1764724103.260970,20.860
1764724103.285198,1133,256,1764724103.264265,20.933
1764724103.288605,1134,256,1764724103.267653,20.951
1764724103.291827,1135,256,1764724103.270953,20.874
1764724103.295239,1136,256,1764724103.274263,20.976
1764724103.298590,1137,256,1764724103.277642,20.949
1764724103.301871,1138,256,1764724103.280985,20.886
1764724103.305253,1139,256,1764724103.284273,20.979
1764724103.308551,1140,256,1764724103.287637,20.914
1764724103.311856,1141,256,1764724103.290959,20.898
1764724103.315181,1142,256,1764724103.294267,20.913
1764724103.318604,1143,256,1764724103.297605,20.999
1764724103.321869,1144,256,1764724103.300958,20.911
1764724103.325161,1145,256,1764724103.304263,20.898
1764724103.328548,1146,256,1764724103.307632,20.916
1764724103.331916,1147,256,1764724103.310969,20.948
1764724103.335174,1148,256,1764724103.314278,20.896
1764724103.338534,1149,256,1764724103.317647,20.886
1764724103.341875,1150,256,1764724103.320989,20.886
1764724103.345300,1151,256,1764724103.324262,21.038
1764724103.348543,1152,256,1764724103.327645,20.898
1764724103.351853,1153,256,1764724103.330978,20.875
1764724103.355191,1154,256,1764724103.334275,20.916
1764724103.358538,1155,256,1764724103.337628,20.911
1764724103.361822,1156,256,1764724103.340948,20.874
1764724103.365121,1157,256,1764724103.344271,20.850
1764724103.368503,1158,256,1764724103.347634,20.869
1764724103.371810,1159,256,1764724103.350959,20.851
1764724103.375157,1160,256,1764724103.354322,20.835
1764724103.378628,1161,256,1764724103.357631,20.998
1764724103.381868,1162,256,1764724103.360984,20.884
1764724103.385190,1163,256,1764724103.364280,20.910
1764724103.388586,1164,256,1764724103.367644,20.942
1764724103.391901,1165,256,1764724103.370984,20.917
1764724103.395321,1166,256,1764724103.374383,20.938
1764724103.398579,1167,256,1764724103.377659,20.920
1764724103.401880,1168,256,1764724103.381002,20.878
1764724103.405150,1169,256,1764724103.384270,20.879
1764724103.408598,1170,256,1764724103.387647,20.951
1764724103.411903,1171,256,1764724103.390966,20.937
1764724103.415233,1172,256,1764724103.394291,20.942
1764724103.418561,1173,256,1764724103.397599,20.962
1764724103.421891,1174,256,1764724103.400972,20.918
1764724103.425157,1175,256,1764724103.404237,20.920
1764724103.428635,1176,256,1764724103.407688,20.947
1764724103.431961,1177,256,1764724103.410959,21.002
1764724103.435238,1178,256,1764724103.414296,20.941
1764724103.438526,1179,256,1764724103.417629,20.896
1764724103.441832,1180,256,1764724103.420961,20.871
1764724103.445201,1181,256,1764724103.424261,20.940
1764724103.448617,1182,256,1764724103.427634,20.983
1764724103.451887,1183,256,1764724103.430981,20.906
1764724103.455421,1184,256,1764724103.434358,21.063
1764724103.458554,1185,256,1764724103.437626,20.928
1764724103.461906,1186,256,1764724103.440948,20.957
1764724103.465172,1187,256,1764724103.444257,20.915
1764724103.468517,1188,256,1764724103.447633,20.884
1764724103.471897,1189,256,1764724103.450989,20.908
1764724103.475206,1190,256,1764724103.454261,20.945
1764724103.478734,1191,256,1764724103.457651,21.083
1764724103.481942,1192,256,1764724103.461013,20.929
1764724103.485417,1193,256,1764724103.464285,21.132
1764724103.488628,1194,256,1764724103.467646,20.983
1764724103.491890,1195,256,1764724103.470968,20.922
1764724103.495333,1196,256,1764724103.474359,20.974
1764724103.498614,1197,256,1764724103.477658,20.956
1764724103.502008,1198,256,1764724103.481097,20.911
1764724103.505319,1199,256,1764724103.484442,20.877
1764724103.508707,1200,256,1764724103.487782,20.925
1764724103.511969,1201,256,1764724103.491043,20.926
1764724103.515153,1202,256,1764724103.494283,20.870
1764724103.518480,1203,256,1764724103.497652,20.828
1764724103.521982,1204,256,1764724103.501105,20.878
1764724103.525342,1205,256,1764724103.504399,20.943
1764724103.528564,1206,256,1764724103.507638,20.926
1764724103.531879,1207,256,1764724103.510957,20.922
1764724103.535266,1208,256,1764724103.514297,20.969
1764724103.538515,1209,256,1764724103.517607,20.908
1764724103.541888,1210,256,1764724103.521038,20.850
1764724103.545164,1211,256,1764724103.524320,20.843
1764724103.548463,1212,256,1764724103.527627,20.836
1764724103.551913,1213,256,1764724103.531048,20.865
1764724103.555177,1214,256,1764724103.534308,20.869
1764724103.558524,1215,256,1764724103.537678,20.845
1764724103.561824,1216,256,1764724103.540959,20.865
1764724103.565123,1217,256,1764724103.544236,20.887
1764724103.568518,1218,256,1764724103.547616,20.902
1764724103.571807,1219,256,1764724103.550953,20.853
1764724103.575080,1220,256,1764724103.554241,20.840
1764724103.578525,1221,256,1764724103.557620,20.905
1764724103.581819,1222,256,1764724103.560959,20.860
1764724103.585088,1223,256,1764724103.564241,20.847
1764724103.588579,1224,256,1764724103.567704,20.875
1764724103.591814,1225,256,1764724103.570972,20.842
1764724103.595190,1226,256,1764724103.574292,20.898
1764724103.598511,1227,256,1764724103.577619,20.891
1764724103.602049,1228,256,1764724103.580951,21.098
1764724103.605186,1229,256,1764724103.584252,20.934
1764724103.608609,1230,256,1764724103.587663,20.946
1764724103.611827,1231,256,1764724103.590956,20.871
1764724103.615201,1232,256,1764724103.594298,20.902
1764724103.618546,1233,256,1764724103.597638,20.908
1764724103.621848,1234,256,1764724103.600959,20.889
1764724103.625235,1235,256,1764724103.604300,20.936
1764724103.628598,1236,256,1764724103.607626,20.972
1764724103.631898,1237,256,1764724103.610967,20.931
1764724103.635185,1238,256,1764724103.614278,20.908
1764724103.638587,1239,256,1764724103.617642,20.945
1764724103.641891,1240,256,1764724103.621015,20.875
1764724103.645590,1241,256,1764724103.624290,21.300
1764724103.648528,1242,256,1764724103.627635,20.893
1764724103.652006,1243,256,1764724103.631047,20.959
1764724103.655271,1244,256,1764724103.634345,20.926
1764724103.658509,1245,256,1764724103.637645,20.863
1764724103.661893,1246,256,1764724103.641009,20.884
1764724103.665272,1247,256,1764724103.644401,20.871
1764724103.668562,1248,256,1764724103.647653,20.909
1764724103.671908,1249,256,1764724103.651020,20.887
1764724103.675123,1250,256,1764724103.654257,20.866
1764724103.678703,1251,256,1764724103.657722,20.982
1764724103.681881,1252,256,1764724103.660975,20.906
1764724103.685197,1253,256,1764724103.664249,20.947
1764724103.688529,1254,256,1764724103.667621,20.909
1764724103.691817,1255,256,1764724103.670967,20.850
1764724103.695260,1256,256,1764724103.674358,20.902
1764724103.698630,1257,256,1764724103.677643,20.987
1764724103.701869,1258,256,1764724103.680965,20.903
1764724103.705235,1259,256,1764724103.684341,20.893
1764724103.708613,1260,256,1764724103.687652,20.962
1764724103.711858,1261,256,1764724103.690945,20.913
1764724103.715261,1262,256,1764724103.694252,21.009
1764724103.718538,1263,256,1764724103.697628,20.910
1764724103.721837,1264,256,1764724103.700961,20.876
1764724103.725172,1265,256,1764724103.704254,20.918
1764724103.728587,1266,256,1764724103.707625,20.962
1764724103.731879,1267,256,1764724103.710968,20.911
1764724103.735208,1268,256,1764724103.714283,20.925
1764724103.738652,1269,256,1764724103.717646,21.006
1764724103.741820,1270,256,1764724103.720958,20.862
1764724103.745247,1271,256,1764724103.724278,20.969
1764724103.748610,1272,256,1764724103.727638,20.972
1764724103.751901,1273,256,1764724103.730975,20.926
1764724103.755534,1274,256,1764724103.734439,21.095
1764724103.758548,1275,256,1764724103.737628,20.920
1764724103.761898,1276,256,1764724103.740942,20.956
1764724103.765392,1277,256,1764724103.744322,21.070
1764724103.768553,1278,256,1764724103.747627,20.925
1764724103.772045,1279,256,1764724103.750986,21.059
1764724103.775149,1280,256,1764724103.754254,20.895
1764724103.778610,1281,256,1764724103.757658,20.952
1764724103.781937,1282,256,1764724103.760990,20.947
1764724103.785301,1283,256,1764724103.764248,21.053
1764724103.788686,1284,256,1764724103.767739,20.947
1764724103.791823,1285,256,1764724103.770962,20.860
1764724103.795335,1286,256,1764724103.774331,21.003
1764724103.798545,1287,256,1764724103.777638,20.908
1764724103.801942,1288,256,1764724103.780992,20.951
1764724103.805278,1289,256,1764724103.784244,21.034
1764724103.808514,1290,256,1764724103.787617,20.898
1764724103.811887,1291,256,1764724103.790966,20.921
1764724103.815312,1292,256,1764724103.794290,21.022
1764724103.818544,1293,256,1764724103.797632,20.912
1764724103.821889,1294,256,1764724103.800971,20.918
1764724103.825254,1295,256,1764724103.804281,20.974
1764724103.828585,1296,256,1764724103.807629,20.956
1764724103.831893,1297,256,1764724103.810968,20.925
1764724103.835191,1298,256,1764724103.814280,20.912
1764724103.838525,1299,256,1764724103.817643,20.881
1764724103.841851,1300,256,1764724103.820966,20.885
1764724103.845210,1301,256,1764724103.824289,20.920
1764724103.848613,1302,256,1764724103.827684,20.929
1764724103.851856,1303,256,1764724103.830966,20.890
1764724103.855357,1304,256,1764724103.834405,20.951
1764724103.858469,1305,256,1764724103.837616,20.853
1764724103.861929,1306,256,1764724103.841056,20.873
1764724103.865277,1307,256,1764724103.844275,21.001
1764724103.868532,1308,256,1764724103.847633,20.899
1764724103.871910,1309,256,1764724103.850962,20.948
1764724103.875343,1310,256,1764724103.854379,20.964
1764724103.878484,1311,256,1764724103.857642,20.842
1764724103.881854,1312,256,1764724103.860976,20.877
1764724103.885238,1313,256,1764724103.864280,20.958
1764724103.888482,1314,256,1764724103.867642,20.839
1764724103.891830,1315,256,1764724103.870959,20.871
1764724103.895128,1316,256,1764724103.874247,20.881
1764724103.898539,1317,256,1764724103.877635,20.903
1764724103.901843,1318,256,1764724103.880965,20.878
1764724103.905293,1319,256,1764724103.884289,21.003
1764724103.908499,1320,256,1764724103.887642,20.857
1764724103.911944,1321,256,1764724103.891064,20.880
1764724103.915159,1322,256,1764724103.894256,20.903
1764724103.918565,1323,256,1764724103.897639,20.926
1764724103.921824,1324,256,1764724103.900952,20.873
1764724103.925111,1325,256,1764724103.904260,20.851
1764724103.928509,1326,256,1764724103.907623,20.885
1764724103.932045,1327,256,1764724103.911052,20.993
1764724103.935140,1328,256,1764724103.914255,20.885
1764724103.938492,1329,256,1764724103.917638,20.854
1764724103.941835,1330,256,1764724103.920958,20.877
1764724103.945091,1331,256,1764724103.924259,20.832
1764724103.948437,1332,256,1764724103.927617,20.820
1764724103.951886,1333,256,1764724103.930982,20.904
1764724103.955198,1334,256,1764724103.934297,20.901
1764724103.958488,1335,256,1764724103.937637,20.851
1764724103.961892,1336,256,1764724103.941008,20.884
1764724103.965080,1337,256,1764724103.944259,20.821
1764724103.968496,1338,256,1764724103.947613,20.883
1764724103.971967,1339,256,1764724103.951063,20.904
1764724103.975231,1340,256,1764724103.954368,20.863
1764724103.978492,1341,256,1764724103.957645,20.848
1764724103.981774,1342,256,1764724103.960962,20.812
1764724103.985059,1343,256,1764724103.964235,20.824
1764724103.988398,1344,256,1764724103.967604,20.794
1764724103.991746,1345,256,1764724103.970942,20.804
1764724103.995062,1346,256,1764724103.974258,20.804
1764724103.998398,1347,256,1764724103.977605,20.793
1764724104.001826,1348,256,1764724103.980985,20.841
1764724104.005116,1349,256,1764724103.984246,20.871
1764724104.008466,1350,256,1764724103.987628,20.838
1764724104.011833,1351,256,1764724103.990968,20.864
1764724104.015085,1352,256,1764724103.994230,20.855
1764724104.018461,1353,256,1764724103.997624,20.837
1764724104.021725,1354,256,1764724104.000941,20.784
1764724104.025038,1355,256,1764724104.004230,20.808
1764724104.028397,1356,256,1764724104.007622,20.775
1764724104.031726,1357,256,1764724104.010936,20.790
1764724104.035034,1358,256,1764724104.014248,20.786
1764724104.038440,1359,256,1764724104.017635,20.805
1764724104.041770,1360,256,1764724104.020949,20.821
1764724104.045039,1361,256,1764724104.024248,20.791
1764724104.048426,1362,256,1764724104.027627,20.799
1764724104.051770,1363,256,1764724104.030943,20.828
1764724104.055070,1364,256,1764724104.034258,20.812
1764724104.058559,1365,256,1764724104.037680,20.879
1764724104.061765,1366,256,1764724104.040951,20.814
1764724104.065109,1367,256,1764724104.044286,20.823
1764724104.068438,1368,256,1764724104.047621,20.816
1764724104.071836,1369,256,1764724104.051022,20.815
1764724104.075204,1370,256,1764724104.054372,20.833
1764724104.078794,1371,256,1764724104.057786,21.008
1764724104.082165,1372,256,1764724104.061110,21.055
1764724104.085310,1373,256,1764724104.064442,20.867
1764724104.088669,1374,256,1764724104.067772,20.896
1764724104.091995,1375,256,1764724104.071111,20.884
1764724104.095347,1376,256,1764724104.074440,20.907
1764724104.098573,1377,256,1764724104.077661,20.912
1764724104.101886,1378,256,1764724104.080988,20.898
1764724104.105346,1379,256,1764724104.084447,20.899
1764724104.108680,1380,256,1764724104.087761,20.919
1764724104.111843,1381,256,1764724104.090962,20.881
1764724104.115183,1382,256,1764724104.094303,20.881
1764724104.118556,1383,256,1764724104.097636,20.921
1764724104.121852,1384,256,1764724104.100963,20.889
1764724104.125180,1385,256,1764724104.104345,20.835
1764724104.128484,1386,256,1764724104.107681,20.803
1764724104.131808,1387,256,1764724104.110957,20.851
1764724104.135190,1388,256,1764724104.114307,20.883
1764724104.138548,1389,256,1764724104.117678,20.870
1764724104.141894,1390,256,1764724104.121016,20.878
1764724104.145181,1391,256,1764724104.124305,20.876
1764724104.148436,1392,256,1764724104.127605,20.831
1764724104.151816,1393,256,1764724104.130958,20.858
1764724104.155354,1394,256,1764724104.134363,20.991
1764724104.158535,1395,256,1764724104.137646,20.890
1764724104.162083,1396,256,1764724104.141066,21.017
1764724104.165322,1397,256,1764724104.144378,20.944
1764724104.168524,1398,256,1764724104.147660,20.864
1764724104.171963,1399,256,1764724104.151064,20.899
1764724104.175270,1400,256,1764724104.154352,20.918
1764724104.178493,1401,256,1764724104.157646,20.847
1764724104.181933,1402,256,1764724104.161052,20.881
1764724104.185414,1403,256,1764724104.164412,21.002
1764724104.188483,1404,256,1764724104.167638,20.845
1764724104.191858,1405,256,1764724104.170986,20.871
1764724104.195270,1406,256,1764724104.174367,20.903
1764724104.198473,1407,256,1764724104.177639,20.834
1764724104.201854,1408,256,1764724104.180993,20.862
1764724104.205207,1409,256,1764724104.184348,20.859
1764724104.208496,1410,256,1764724104.187641,20.855
1764724104.211940,1411,256,1764724104.191066,20.874
1764724104.215366,1412,256,1764724104.194403,20.963
1764724104.218472,1413,256,1764724104.197637,20.835
1764724104.222043,1414,256,1764724104.201074,20.969
1764724104.225335,1415,256,1764724104.204395,20.940
1764724104.228645,1416,256,1764724104.207743,20.902
1764724104.231889,1417,256,1764724104.210993,20.896
1764724104.235248,1418,256,1764724104.214365,20.883
1764724104.238479,1419,256,1764724104.217634,20.845
1764724104.241955,1420,256,1764724104.221068,20.887
1764724104.245264,1421,256,1764724104.224356,20.908
1764724104.248529,1422,256,1764724104.227640,20.890
1764724104.251872,1423,256,1764724104.230990,20.882
1764724104.255243,1424,256,1764724104.234376,20.868
1764724104.258489,1425,256,1764724104.237646,20.843
1764724104.261865,1426,256,1764724104.240985,20.880
1764724104.265378,1427,256,1764724104.244394,20.985
1764724104.268466,1428,256,1764724104.247633,20.833
1764724104.271860,1429,256,1764724104.250997,20.863
1764724104.275196,1430,256,1764724104.254359,20.837
1764724104.278536,1431,256,1764724104.257724,20.812
1764724104.281937,1432,256,1764724104.261069,20.868
1764724104.285364,1433,256,1764724104.264377,20.987
1764724104.288504,1434,256,1764724104.267655,20.850
1764724104.291825,1435,256,1764724104.270952,20.873
1764724104.295106,1436,256,1764724104.274272,20.833
1764724104.298426,1437,256,1764724104.277623,20.802
1764724104.301786,1438,256,1764724104.280938,20.848
1764724104.305111,1439,256,1764724104.284255,20.856
1764724104.308437,1440,256,1764724104.287606,20.831
1764724104.311853,1441,256,1764724104.290948,20.905
1764724104.315214,1442,256,1764724104.294340,20.874
1764724104.318582,1443,256,1764724104.297717,20.865
1764724104.322319,1444,256,1764724104.300986,21.333
1764724104.325212,1445,256,1764724104.304369,20.843
1764724104.328533,1446,256,1764724104.307644,20.890
1764724104.331980,1447,256,1764724104.311071,20.909
1764724104.335269,1448,256,1764724104.314384,20.885
1764724104.338532,1449,256,1764724104.317650,20.881
1764724104.341952,1450,256,1764724104.321000,20.952
1764724104.345121,1451,256,1764724104.324260,20.861
1764724104.348467,1452,256,1764724104.327640,20.827
1764724104.351813,1453,256,1764724104.330960,20.853
1764724104.355108,1454,256,1764724104.334239,20.869
1764724104.358450,1455,256,1764724104.337616,20.834
1764724104.361755,1456,256,1764724104.340945,20.810
1764724104.365051,1457,256,1764724104.344244,20.807
1764724104.368434,1458,256,1764724104.347624,20.810
1764724104.371774,1459,256,1764724104.350960,20.814
1764724104.375071,1460,256,1764724104.354271,20.800
1764724104.378483,1461,256,1764724104.357630,20.852
1764724104.381783,1462,256,1764724104.360959,20.824
1764724104.385167,1463,256,1764724104.364338,20.829
1764724104.388494,1464,256,1764724104.367653,20.841
1764724104.391959,1465,256,1764724104.371049,20.910
1764724104.395252,1466,256,1764724104.374354,20.898
1764724104.398467,1467,256,1764724104.377628,20.839
1764724104.401864,1468,256,1764724104.381008,20.856
1764724104.405302,1469,256,1764724104.384346,20.956
1764724104.408492,1470,256,1764724104.387628,20.864
1764724104.411868,1471,256,1764724104.391019,20.849
1764724104.415146,1472,256,1764724104.394258,20.887
1764724104.418434,1473,256,1764724104.397616,20.818
1764724104.421848,1474,256,1764724104.400992,20.856
1764724104.425173,1475,256,1764724104.404316,20.857
1764724104.428485,1476,256,1764724104.407626,20.858
1764724104.431814,1477,256,1764724104.410996,20.819
1764724104.435190,1478,256,1764724104.414335,20.855
1764724104.438491,1479,256,1764724104.417665,20.826
1764724104.441843,1480,256,1764724104.421004,20.839
1764724104.445368,1481,256,1764724104.424408,20.960
1764724104.448492,1482,256,1764724104.427629,20.863
1764724104.451893,1483,256,1764724104.431019,20.874
1764724104.455375,1484,256,1764724104.434416,20.959
1764724104.458606,1485,256,1764724104.437752,20.854
1764724104.461895,1486,256,1764724104.440991,20.905
1764724104.465147,1487,256,1764724104.444291,20.856
1764724104.468448,1488,256,1764724104.447637,20.811
1764724104.471833,1489,256,1764724104.451010,20.823
1764724104.475280,1490,256,1764724104.454408,20.872
1764724104.478682,1491,256,1764724104.457768,20.914
1764724104.481795,1492,256,1764724104.460962,20.833
1764724104.485340,1493,256,1764724104.464441,20.899
1764724104.488672,1494,256,1764724104.467766,20.906
1764724104.492026,1495,256,1764724104.471063,20.963
1764724104.495343,1496,256,1764724104.474446,20.897
1764724104.498468,1497,256,1764724104.477626,20.843
1764724104.501835,1498,256,1764724104.481003,20.832
1764724104.505197,1499,256,1764724104.484342,20.855
1764724104.508438,1500,256,1764724104.487617,20.821
1764724104.511875,1501,256,1764724104.491001,20.874
1764724104.515158,1502,256,1764724104.494310,20.848
1764724104.518506,1503,256,1764724104.497622,20.884
1764724104.521808,1504,256,1764724104.500967,20.840
1764724104.525073,1505,256,1764724104.504235,20.838
1764724104.528464,1506,256,1764724104.507614,20.851
1764724104.531808,1507,256,1764724104.510954,20.854
1764724104.535233,1508,256,1764724104.514304,20.929
1764724104.538538,1509,256,1764724104.517673,20.865
1764724104.541821,1510,256,1764724104.520949,20.872
1764724104.545107,1511,256,1764724104.524240,20.867
1764724104.548526,1512,256,1764724104.527622,20.905
1764724104.551798,1513,256,1764724104.530950,20.848
1764724104.555226,1514,256,1764724104.534254,20.972
1764724104.558530,1515,256,1764724104.537622,20.908
1764724104.561832,1516,256,1764724104.540952,20.880
1764724104.565298,1517,256,1764724104.544252,21.046
1764724104.568542,1518,256,1764724104.547613,20.929
1764724104.571887,1519,256,1764724104.550955,20.932
1764724104.575267,1520,256,1764724104.554302,20.965
1764724104.578515,1521,256,1764724104.557625,20.890
1764724104.581828,1522,256,1764724104.560960,20.868
1764724104.585233,1523,256,1764724104.564268,20.965
1764724104.588507,1524,256,1764724104.567670,20.837
1764724104.591844,1525,256,1764724104.571006,20.838
1764724104.595260,1526,256,1764724104.574343,20.917
1764724104.598547,1527,256,1764724104.577631,20.917
1764724104.601881,1528,256,1764724104.580959,20.922
1764724104.605309,1529,256,1764724104.584354,20.955
1764724104.608555,1530,256,1764724104.587618,20.937
1764724104.611850,1531,256,1764724104.590950,20.900
1764724104.615232,1532,256,1764724104.594280,20.952
1764724104.618510,1533,256,1764724104.597642,20.868
1764724104.621814,1534,256,1764724104.600956,20.859
1764724104.625209,1535,256,1764724104.604350,20.859
1764724104.628516,1536,256,1764724104.607627,20.889
1764724104.631846,1537,256,1764724104.610949,20.898
1764724104.635254,1538,256,1764724104.614279,20.976
1764724104.638590,1539,256,1764724104.617695,20.895
1764724104.641834,1540,256,1764724104.620959,20.875
1764724104.645470,1541,256,1764724104.624411,21.059
1764724104.648580,1542,256,1764724104.627640,20.940
1764724104.651822,1543,256,1764724104.630962,20.860
1764724104.655184,1544,256,1764724104.634285,20.899
1764724104.658550,1545,256,1764724104.637641,20.909
1764724104.661811,1546,256,1764724104.640959,20.851
1764724104.665121,1547,256,1764724104.644293,20.828
1764724104.668476,1548,256,1764724104.647617,20.859
1764724104.671823,1549,256,1764724104.650917,20.905
1764724104.675173,1550,256,1764724104.654238,20.935
1764724104.678572,1551,256,1764724104.657618,20.954
1764724104.681922,1552,256,1764724104.660955,20.967
1764724104.685114,1553,256,1764724104.664287,20.827
1764724104.688535,1554,256,1764724104.667626,20.909
1764724104.691850,1555,256,1764724104.670999,20.851
1764724104.695141,1556,256,1764724104.674301,20.840
1764724104.698543,1557,256,1764724104.677627,20.915
1764724104.701972,1558,256,1764724104.680997,20.976
1764724104.705156,1559,256,1764724104.684291,20.864
1764724104.708661,1560,256,1764724104.687679,20.983
1764724104.711964,1561,256,1764724104.691039,20.925
1764724104.715117,1562,256,1764724104.694248,20.868
1764724104.718506,1563,256,1764724104.697615,20.891
1764724104.721758,1564,256,1764724104.700952,20.806
1764724104.725147,1565,256,1764724104.704295,20.851
1764724104.728473,1566,256,1764724104.707615,20.859
1764724104.731892,1567,256,1764724104.710964,20.928
1764724104.735181,1568,256,1764724104.714325,20.857
1764724104.738601,1569,256,1764724104.717674,20.928
1764724104.741871,1570,256,1764724104.720960,20.911
1764724104.745229,1571,256,1764724104.724309,20.920
1764724104.748453,1572,256,1764724104.727616,20.837
1764724104.751803,1573,256,1764724104.730950,20.853
1764724104.755063,1574,256,1764724104.734235,20.828
1764724104.758538,1575,256,1764724104.737632,20.906
1764724104.761862,1576,256,1764724104.740968,20.894
1764724104.765071,1577,256,1764724104.744242,20.829
1764724104.768406,1578,256,1764724104.747612,20.794
1764724104.771758,1579,256,1764724104.750949,20.809
1764724104.775069,1580,256,1764724104.754254,20.816
1764724104.778435,1581,256,1764724104.757622,20.813
1764724104.781810,1582,256,1764724104.760960,20.850
1764724104.785122,1583,256,1764724104.764302,20.821
1764724104.788435,1584,256,1764724104.767617,20.818
1764724104.791766,1585,256,1764724104.770954,20.812
1764724104.795180,1586,256,1764724104.774349,20.831
1764724104.798481,1587,256,1764724104.777676,20.806
1764724104.801754,1588,256,1764724104.780953,20.800
1764724104.805098,1589,256,1764724104.784239,20.859
1764724104.808467,1590,256,1764724104.787619,20.849
1764724104.811805,1591,256,1764724104.790947,20.858
1764724104.815143,1592,256,1764724104.794281,20.861
1764724104.818464,1593,256,1764724104.797617,20.847
1764724104.821794,1594,256,1764724104.800953,20.841
1764724104.825139,1595,256,1764724104.804312,20.827
1764724104.828432,1596,256,1764724104.807594,20.839
1764724104.831850,1597,256,1764724104.810964,20.886
1764724104.835084,1598,256,1764724104.814232,20.852
1764724104.838452,1599,256,1764724104.817610,20.843
1764724104.841782,1600,256,1764724104.820944,20.838
1764724104.845088,1601,256,1764724104.824231,20.857
1764724104.848439,1602,256,1764724104.827613,20.826
1764724104.851771,1603,256,1764724104.830942,20.829
1764724104.855093,1604,256,1764724104.834244,20.849
1764724104.858438,1605,256,1764724104.837612,20.827
1764724104.861878,1606,256,1764724104.841012,20.865
1764724104.865092,1607,256,1764724104.844249,20.843
1764724104.868438,1608,256,1764724104.847615,20.823
1764724104.871768,1609,256,1764724104.850956,20.812
1764724104.875181,1610,256,1764724104.854343,20.838
1764724104.878464,1611,256,1764724104.857616,20.848
1764724104.881757,1612,256,1764724104.860950,20.807
1764724104.885077,1613,256,1764724104.864233,20.844
1764724104.888420,1614,256,1764724104.867609,20.812
1764724104.891749,1615,256,1764724104.870953,20.797
1764724104.895053,1616,256,1764724104.874234,20.819
1764724104.898446,1617,256,1764724104.877617,20.829
1764724104.901774,1618,256,1764724104.880952,20.822
1764724104.905135,1619,256,1764724104.884295,20.840
1764724104.908417,1620,256,1764724104.887594,20.823
1764724104.911777,1621,256,1764724104.890951,20.827
1764724104.915182,1622,256,1764724104.894259,20.922
1764724104.918443,1623,256,1764724104.897613,20.831
1764724104.921843,1624,256,1764724104.900948,20.895
1764724104.925202,1625,256,1764724104.904306,20.896
1764724104.928510,1626,256,1764724104.907617,20.893
1764724104.931909,1627,256,1764724104.911001,20.907
1764724104.935093,1628,256,1764724104.914243,20.850
1764724104.938383,1629,256,1764724104.917577,20.806
1764724104.941832,1630,256,1764724104.920996,20.836
1764724104.945149,1631,256,1764724104.924302,20.848
1764724104.948524,1632,256,1764724104.927696,20.828
1764724104.951963,1633,256,1764724104.930999,20.965
1764724104.955176,1634,256,1764724104.934303,20.873
1764724104.958507,1635,256,1764724104.937668,20.839
1764724104.961809,1636,256,1764724104.940992,20.817
1764724104.965133,1637,256,1764724104.944257,20.876
1764724104.968482,1638,256,1764724104.947613,20.869
1764724104.971767,1639,256,1764724104.950917,20.850
1764724104.975090,1640,256,1764724104.954245,20.845
1764724104.978451,1641,256,1764724104.957619,20.832
1764724104.981819,1642,256,1764724104.960959,20.860
1764724104.985097,1643,256,1764724104.964244,20.853
1764724104.988450,1644,256,1764724104.967615,20.835
1764724104.991771,1645,256,1764724104.970946,20.825
1764724104.995149,1646,256,1764724104.974238,20.911
1764724104.998535,1647,256,1764724104.977678,20.857
1764724105.001829,1648,256,1764724104.980958,20.872
1764724105.005328,1649,256,1764724104.984354,20.975
1764724105.008554,1650,256,1764724104.987617,20.937
1764724105.011873,1651,256,1764724104.991003,20.869
1764724105.015189,1652,256,1764724104.994245,20.944
1764724105.018543,1653,256,1764724104.997621,20.922
1764724105.021868,1654,256,1764724105.000996,20.872
1764724105.025171,1655,256,1764724105.004338,20.833
1764724105.028487,1656,256,1764724105.007618,20.869
1764724105.031847,1657,256,1764724105.010961,20.885
1764724105.035242,1658,256,1764724105.014306,20.936
1764724105.038489,1659,256,1764724105.017623,20.866
1764724105.041837,1660,256,1764724105.020957,20.880
1764724105.045173,1661,256,1764724105.024290,20.883
1764724105.048573,1662,256,1764724105.027624,20.948
1764724105.051834,1663,256,1764724105.030949,20.885
1764724105.055145,1664,256,1764724105.034260,20.885
1764724105.058584,1665,256,1764724105.037637,20.947
1764724105.061807,1666,256,1764724105.040951,20.856
1764724105.065182,1667,256,1764724105.044252,20.930
1764724105.068659,1668,256,1764724105.047654,21.005
1764724105.071959,1669,256,1764724105.051032,20.926
1764724105.075278,1670,256,1764724105.054310,20.968
1764724105.078530,1671,256,1764724105.057627,20.902
1764724105.081834,1672,256,1764724105.060953,20.881
1764724105.085238,1673,256,1764724105.064261,20.977
1764724105.088527,1674,256,1764724105.067630,20.897
1764724105.091814,1675,256,1764724105.070944,20.870
1764724105.095256,1676,256,1764724105.074313,20.943
1764724105.098722,1677,256,1764724105.077639,21.083
1764724105.101936,1678,256,1764724105.080965,20.971
1764724105.105205,1679,256,1764724105.084252,20.953
1764724105.108513,1680,256,1764724105.087615,20.899
1764724105.112027,1681,256,1764724105.091109,20.919
1764724105.115240,1682,256,1764724105.094269,20.971
1764724105.118583,1683,256,1764724105.097647,20.936
1764724105.121916,1684,256,1764724105.100974,20.942
1764724105.125100,1685,256,1764724105.104240,20.860
1764724105.128525,1686,256,1764724105.107611,20.914
1764724105.131866,1687,256,1764724105.110985,20.882
1764724105.135308,1688,256,1764724105.114309,20.999
1764724105.138584,1689,256,1764724105.117635,20.949
1764724105.141891,1690,256,1764724105.120963,20.928
1764724105.145162,1691,256,1764724105.124239,20.922
1764724105.148577,1692,256,1764724105.127628,20.950
1764724105.151957,1693,256,1764724105.130986,20.971
1764724105.155324,1694,256,1764724105.134349,20.975
1764724105.158585,1695,256,1764724105.137644,20.941
1764724105.161904,1696,256,1764724105.140962,20.942
1764724105.165242,1697,256,1764724105.144260,20.981
1764724105.168767,1698,256,1764724105.147799,20.967
1764724105.172007,1699,256,1764724105.150996,21.011
1764724105.175213,1700,256,1764724105.154271,20.942
1764724105.178551,1701,256,1764724105.157624,20.927
1764724105.181911,1702,256,1764724105.160971,20.941
1764724105.185199,1703,256,1764724105.164259,20.940
1764724105.188590,1704,256,1764724105.167639,20.951
1764724105.191874,1705,256,1764724105.170963,20.911
1764724105.195283,1706,256,1764724105.174250,21.033
1764724105.198621,1707,256,1764724105.177640,20.982
1764724105.201901,1708,256,1764724105.180972,20.929
1764724105.205264,1709,256,1764724105.184273,20.990
1764724105.208594,1710,256,1764724105.187634,20.960
1764724105.211907,1711,256,1764724105.190966,20.941
1764724105.215383,1712,256,1764724105.194295,21.088
1764724105.218635,1713,256,1764724105.197643,20.993
1764724105.221932,1714,256,1764724105.200977,20.955
1764724105.225207,1715,256,1764724105.204267,20.940
1764724105.228580,1716,256,1764724105.207635,20.945
1764724105.231942,1717,256,1764724105.210980,20.962
1764724105.235293,1718,256,1764724105.214270,21.023
1764724105.238614,1719,256,1764724105.217650,20.964
1764724105.241879,1720,256,1764724105.220970,20.909
1764724105.245286,1721,256,1764724105.224249,21.038
1764724105.248600,1722,256,1764724105.227642,20.957
1764724105.251953,1723,256,1764724105.230987,20.966
1764724105.255296,1724,256,1764724105.234284,21.013
1764724105.258580,1725,256,1764724105.237647,20.933
1764724105.261895,1726,256,1764724105.240980,20.915
1764724105.265303,1727,256,1764724105.244282,21.021
1764724105.268662,1728,256,1764724105.247655,21.007
1764724105.271919,1729,256,1764724105.250987,20.932
1764724105.275285,1730,256,1764724105.254372,20.913
1764724105.278589,1731,256,1764724105.257692,20.898
1764724105.281854,1732,256,1764724105.260973,20.881
1764724105.285180,1733,256,1764724105.264268,20.912
1764724105.288572,1734,256,1764724105.267650,20.922
1764724105.291829,1735,256,1764724105.270963,20.866
1764724105.295270,1736,256,1764724105.274363,20.907
1764724105.298518,1737,256,1764724105.277639,20.879
1764724105.301867,1738,256,1764724105.280970,20.897
1764724105.305208,1739,256,1764724105.284280,20.928
1764724105.308549,1740,256,1764724105.287630,20.920
1764724105.311917,1741,256,1764724105.291019,20.898
1764724105.315183,1742,256,1764724105.294299,20.884
1764724105.318618,1743,256,1764724105.297649,20.969
1764724105.321864,1744,256,1764724105.301009,20.854
1764724105.325342,1745,256,1764724105.304319,21.023
1764724105.328529,1746,256,1764724105.307619,20.911
1764724105.331868,1747,256,1764724105.310983,20.884
1764724105.335304,1748,256,1764724105.314305,20.999
1764724105.338590,1749,256,1764724105.317656,20.934
1764724105.341938,1750,256,1764724105.321019,20.920
1764724105.345279,1751,256,1764724105.324350,20.929
1764724105.348520,1752,256,1764724105.327632,20.888
1764724105.351757,1753,256,1764724105.330928,20.828
1764724105.355141,1754,256,1764724105.334238,20.903
1764724105.358443,1755,256,1764724105.337614,20.828
1764724105.361823,1756,256,1764724105.340950,20.873
1764724105.365297,1757,256,1764724105.344319,20.978
1764724105.368539,1758,256,1764724105.347639,20.900
1764724105.371820,1759,256,1764724105.350960,20.859
1764724105.375156,1760,256,1764724105.354242,20.915
1764724105.378527,1761,256,1764724105.357636,20.891
1764724105.381822,1762,256,1764724105.360955,20.867
1764724105.385150,1763,256,1764724105.364238,20.912
1764724105.388521,1764,256,1764724105.367622,20.899
1764724105.391868,1765,256,1764724105.370950,20.918
1764724105.395132,1766,256,1764724105.374235,20.897
1764724105.398441,1767,256,1764724105.377622,20.820
1764724105.401885,1768,256,1764724105.380963,20.921
1764724105.405181,1769,256,1764724105.384310,20.870
1764724105.408536,1770,256,1764724105.387689,20.848
1764724105.411838,1771,256,1764724105.390966,20.872
1764724105.415126,1772,256,1764724105.394271,20.855
1764724105.418549,1773,256,1764724105.397640,20.909
1764724105.421855,1774,256,1764724105.400963,20.893
1764724105.425057,1775,256,1764724105.404235,20.822
1764724105.428477,1776,256,1764724105.407618,20.859
1764724105.431818,1777,256,1764724105.410961,20.858
1764724105.435169,1778,256,1764724105.414299,20.870
1764724105.438505,1779,256,1764724105.417623,20.882
1764724105.441826,1780,256,1764724105.420980,20.846
1764724105.445252,1781,256,1764724105.424310,20.942
1764724105.448614,1782,256,1764724105.427618,20.995
1764724105.451852,1783,256,1764724105.430952,20.899
1764724105.455411,1784,256,1764724105.434456,20.955
1764724105.458536,1785,256,1764724105.437638,20.898
1764724105.461817,1786,256,1764724105.440947,20.870
1764724105.465137,1787,256,1764724105.444243,20.894
1764724105.468457,1788,256,1764724105.447632,20.825
1764724105.471820,1789,256,1764724105.450957,20.864
1764724105.475264,1790,256,1764724105.454392,20.872
1764724105.478519,1791,256,1764724105.457627,20.893
1764724105.481824,1792,256,1764724105.460943,20.881
1764724105.485454,1793,256,1764724105.464308,21.146
1764724105.488518,1794,256,1764724105.467679,20.838
1764724105.491965,1795,256,1764724105.471002,20.962
1764724105.495140,1796,256,1764724105.474235,20.906
1764724105.498633,1797,256,1764724105.477620,21.013
1764724105.501802,1798,256,1764724105.480938,20.864
1764724105.505096,1799,256,1764724105.484256,20.840
1764724105.508456,1800,256,1764724105.487622,20.834
1764724105.511877,1801,256,1764724105.490951,20.926
1764724105.515134,1802,256,1764724105.494248,20.886
1764724105.518485,1803,256,1764724105.497612,20.873
1764724105.521830,1804,256,1764724105.500946,20.885
1764724105.525168,1805,256,1764724105.504300,20.868
1764724105.528439,1806,256,1764724105.507614,20.825
1764724105.531839,1807,256,1764724105.510996,20.844
1764724105.535239,1808,256,1764724105.514256,20.984
1764724105.538530,1809,256,1764724105.517619,20.911
1764724105.541831,1810,256,1764724105.520951,20.881
1764724105.545105,1811,256,1764724105.524235,20.869
1764724105.548727,1812,256,1764724105.527629,21.097
1764724105.551856,1813,256,1764724105.530954,20.902
1764724105.555301,1814,256,1764724105.534319,20.983
1764724105.558534,1815,256,1764724105.537622,20.912
1764724105.561936,1816,256,1764724105.541068,20.868
1764724105.565100,1817,256,1764724105.544240,20.861
1764724105.568439,1818,256,1764724105.547602,20.836
1764724105.571834,1819,256,1764724105.550947,20.886
1764724105.575096,1820,256,1764724105.554250,20.846
1764724105.578440,1821,256,1764724105.557607,20.833
1764724105.581791,1822,256,1764724105.560944,20.847
1764724105.585147,1823,256,1764724105.564257,20.890
1764724105.588605,1824,256,1764724105.567631,20.974
1764724105.591969,1825,256,1764724105.570984,20.985
1764724105.595468,1826,256,1764724105.574386,21.082
1764724105.598549,1827,256,1764724105.577637,20.912
1764724105.602102,1828,256,1764724105.581065,21.037
1764724105.605441,1829,256,1764724105.584378,21.064
1764724105.608670,1830,256,1764724105.587636,21.034
1764724105.611895,1831,256,1764724105.590986,20.910
1764724105.615332,1832,256,1764724105.594368,20.965
1764724105.618627,1833,256,1764724105.597611,21.016
1764724105.622043,1834,256,1764724105.601071,20.972
1764724105.625327,1835,256,1764724105.604354,20.973
1764724105.628670,1836,256,1764724105.607616,21.054
1764724105.631833,1837,256,1764724105.610944,20.890
1764724105.635186,1838,256,1764724105.614260,20.927
1764724105.638561,1839,256,1764724105.617624,20.937
1764724105.641902,1840,256,1764724105.620957,20.946
1764724105.645357,1841,256,1764724105.624398,20.959
1764724105.648691,1842,256,1764724105.627636,21.055
1764724105.651940,1843,256,1764724105.630991,20.950
1764724105.655300,1844,256,1764724105.634231,21.069
1764724105.658609,1845,256,1764724105.637606,21.003
1764724105.661949,1846,256,1764724105.640943,21.006
1764724105.665075,1847,256,1764724105.644261,20.814
1764724105.668399,1848,256,1764724105.647610,20.788
1764724105.671803,1849,256,1764724105.650964,20.839
1764724105.675099,1850,256,1764724105.654247,20.853
1764724105.678492,1851,256,1764724105.657608,20.884
1764724105.681839,1852,256,1764724105.660942,20.898
1764724105.685125,1853,256,1764724105.664255,20.870
1764724105.688566,1854,256,1764724105.667622,20.945
1764724105.691955,1855,256,1764724105.670978,20.977
1764724105.695323,1856,256,1764724105.674360,20.963
1764724105.698500,1857,256,1764724105.677636,20.864
1764724105.702042,1858,256,1764724105.681064,20.978
1764724105.705281,1859,256,1764724105.684396,20.885
1764724105.708551,1860,256,1764724105.687633,20.919
1764724105.712055,1861,256,1764724105.691070,20.985
1764724105.715240,1862,256,1764724105.694352,20.888
1764724105.718534,1863,256,1764724105.697633,20.901
1764724105.721988,1864,256,1764724105.701076,20.912
1764724105.725248,1865,256,1764724105.704361,20.887
1764724105.728475,1866,256,1764724105.707642,20.833
1764724105.731779,1867,256,1764724105.710960,20.819
1764724105.735243,1868,256,1764724105.714358,20.885
1764724105.738510,1869,256,1764724105.717642,20.868
1764724105.741812,1870,256,1764724105.720968,20.845
1764724105.745242,1871,256,1764724105.724358,20.884
1764724105.748463,1872,256,1764724105.727618,20.845
1764724105.751897,1873,256,1764724105.730967,20.930
1764724105.755402,1874,256,1764724105.734377,21.025
1764724105.758637,1875,256,1764724105.737645,20.992
1764724105.762120,1876,256,1764724105.741112,21.009
1764724105.765259,1877,256,1764724105.744356,20.903
1764724105.768511,1878,256,1764724105.747614,20.897
1764724105.771831,1879,256,1764724105.750952,20.879
1764724105.775321,1880,256,1764724105.754337,20.985
1764724105.778538,1881,256,1764724105.757615,20.924
1764724105.781866,1882,256,1764724105.760951,20.915
1764724105.785255,1883,256,1764724105.764331,20.924
1764724105.788564,1884,256,1764724105.767626,20.938
1764724105.791892,1885,256,1764724105.770947,20.946
1764724105.795178,1886,256,1764724105.774300,20.878
1764724105.798517,1887,256,1764724105.777668,20.850
1764724105.801893,1888,256,1764724105.781005,20.888
1764724105.805209,1889,256,1764724105.784339,20.869
1764724105.808574,1890,256,1764724105.787659,20.916
1764724105.811901,1891,256,1764724105.790962,20.940
1764724105.815233,1892,256,1764724105.794333,20.901
1764724105.818605,1893,256,1764724105.797706,20.899
1764724105.822085,1894,256,1764724105.801102,20.983
1764724105.825372,1895,256,1764724105.804443,20.929
1764724105.828729,1896,256,1764724105.807780,20.949
1764724105.832061,1897,256,1764724105.811091,20.970
1764724105.835372,1898,256,1764724105.814441,20.931
1764724105.838755,1899,256,1764724105.817782,20.972
1764724105.841998,1900,256,1764724105.821091,20.906
1764724105.845379,1901,256,1764724105.824447,20.932
1764724105.848736,1902,256,1764724105.827770,20.965
1764724105.852180,1903,256,1764724105.831118,21.062
1764724105.855447,1904,256,1764724105.834453,20.994
1764724105.858705,1905,256,1764724105.837791,20.914
1764724105.862058,1906,256,1764724105.841119,20.939
1764724105.865407,1907,256,1764724105.844456,20.951
1764724105.868740,1908,256,1764724105.847768,20.972
1764724105.871952,1909,256,1764724105.850992,20.960
1764724105.875213,1910,256,1764724105.854274,20.940
1764724105.878681,1911,256,1764724105.857706,20.975
1764724105.882043,1912,256,1764724105.861111,20.931
1764724105.885423,1913,256,1764724105.864453,20.970
1764724105.888675,1914,256,1764724105.867758,20.917
1764724105.892032,1915,256,1764724105.871112,20.920
1764724105.895321,1916,256,1764724105.874368,20.953
1764724105.898661,1917,256,1764724105.877666,20.995
1764724105.901920,1918,256,1764724105.881043,20.877
1764724105.905465,1919,256,1764724105.884446,21.019
1764724105.908621,1920,256,1764724105.887726,20.895
1764724105.911986,1921,256,1764724105.891040,20.946
1764724105.915206,1922,256,1764724105.894284,20.922
1764724105.918609,1923,256,1764724105.897678,20.931
1764724105.921950,1924,256,1764724105.901005,20.946
1764724105.925179,1925,256,1764724105.904341,20.838
1764724105.928589,1926,256,1764724105.907660,20.929
1764724105.931965,1927,256,1764724105.911011,20.954
1764724105.935181,1928,256,1764724105.914339,20.842
1764724105.938480,1929,256,1764724105.917663,20.817
1764724105.941952,1930,256,1764724105.921010,20.941
1764724105.945288,1931,256,1764724105.924343,20.945
1764724105.948595,1932,256,1764724105.927664,20.931
1764724105.951911,1933,256,1764724105.931004,20.907
1764724105.955163,1934,256,1764724105.934342,20.822
1764724105.958532,1935,256,1764724105.937675,20.857
1764724105.961851,1936,256,1764724105.941011,20.840
1764724105.965191,1937,256,1764724105.944348,20.844
1764724105.968474,1938,256,1764724105.947670,20.804
1764724105.971860,1939,256,1764724105.951020,20.840
1764724105.975239,1940,256,1764724105.954343,20.896
1764724105.978534,1941,256,1764724105.957676,20.858
1764724105.981852,1942,256,1764724105.960998,20.854
1764724105.985148,1943,256,1764724105.964255,20.893
1764724105.988660,1944,256,1764724105.967665,20.995
1764724105.991895,1945,256,1764724105.970970,20.925
1764724105.995154,1946,256,1764724105.974259,20.895
1764724105.998615,1947,256,1764724105.977640,20.975
1764724106.002005,1948,256,1764724105.981094,20.911
1764724106.005351,1949,256,1764724105.984434,20.917
1764724106.008628,1950,256,1764724105.987638,20.990
1764724106.011919,1951,256,1764724105.990990,20.929
1764724106.015332,1952,256,1764724105.994399,20.932
1764724106.018567,1953,256,1764724105.997632,20.936
1764724106.021924,1954,256,1764724106.001038,20.886
1764724106.025266,1955,256,1764724106.004373,20.893
1764724106.028531,1956,256,1764724106.007664,20.866
1764724106.031970,1957,256,1764724106.011046,20.924
1764724106.035279,1958,256,1764724106.014393,20.886
1764724106.038583,1959,256,1764724106.017615,20.968
1764724106.041808,1960,256,1764724106.020970,20.838
1764724106.045093,1961,256,1764724106.024269,20.824
1764724106.048460,1962,256,1764724106.027643,20.817
1764724106.051884,1963,256,1764724106.030970,20.914
1764724106.055142,1964,256,1764724106.034297,20.845
1764724106.058548,1965,256,1764724106.037620,20.928
1764724106.061778,1966,256,1764724106.040958,20.820
1764724106.065107,1967,256,1764724106.044275,20.832
1764724106.068426,1968,256,1764724106.047638,20.788
1764724106.071921,1969,256,1764724106.051093,20.828
1764724106.075264,1970,256,1764724106.054401,20.864
1764724106.078601,1971,256,1764724106.057754,20.848
1764724106.081977,1972,256,1764724106.061111,20.866
1764724106.085276,1973,256,1764724106.064410,20.866
1764724106.088604,1974,256,1764724106.067740,20.865
1764724106.091923,1975,256,1764724106.071063,20.859
1764724106.095281,1976,256,1764724106.074406,20.875
1764724106.098480,1977,256,1764724106.077669,20.811
1764724106.101829,1978,256,1764724106.080974,20.856
1764724106.105161,1979,256,1764724106.084343,20.818
1764724106.108497,1980,256,1764724106.087688,20.808
1764724106.111833,1981,256,1764724106.091017,20.817
1764724106.115171,1982,256,1764724106.094348,20.822
1764724106.118461,1983,256,1764724106.097617,20.844
1764724106.121765,1984,256,1764724106.100962,20.803
1764724106.125189,1985,256,1764724106.104311,20.878
1764724106.128454,1986,256,1764724106.107638,20.816
1764724106.131750,1987,256,1764724106.110946,20.805
1764724106.135066,1988,256,1764724106.114244,20.821
1764724106.138437,1989,256,1764724106.117623,20.814
1764724106.141753,1990,256,1764724106.120951,20.802
1764724106.145085,1991,256,1764724106.124262,20.823
1764724106.148449,1992,256,1764724106.127619,20.830
1764724106.151770,1993,256,1764724106.130972,20.798
1764724106.155124,1994,256,1764724106.134309,20.815
1764724106.158444,1995,256,1764724106.137623,20.821
1764724106.161781,1996,256,1764724106.140948,20.833
1764724106.165152,1997,256,1764724106.144255,20.898
1764724106.168437,1998,256,1764724106.147625,20.813
1764724106.171774,1999,256,1764724106.150959,20.815
1764724106.175123,2000,256,1764724106.154250,20.873
1764724106.178471,2001,256,1764724106.157619,20.852
1764724106.181810,2002,256,1764724106.160954,20.856
1764724106.185152,2003,256,1764724106.164304,20.848
1764724106.188472,2004,256,1764724106.167618,20.854
1764724106.191820,2005,256,1764724106.170949,20.871
1764724106.195148,2006,256,1764724106.174247,20.901
1764724106.198559,2007,256,1764724106.177628,20.930
1764724106.201798,2008,256,1764724106.180969,20.829
1764724106.205113,2009,256,1764724106.184240,20.873
1764724106.208495,2010,256,1764724106.187613,20.882
1764724106.211809,2011,256,1764724106.190960,20.849
1764724106.215139,2012,256,1764724106.194239,20.900
1764724106.218565,2013,256,1764724106.197681,20.885
1764724106.221901,2014,256,1764724106.201021,20.880
1764724106.225351,2015,256,1764724106.204361,20.989
1764724106.228524,2016,256,1764724106.207670,20.854
1764724106.231870,2017,256,1764724106.211004,20.866
1764724106.235277,2018,256,1764724106.214334,20.942
1764724106.238559,2019,256,1764724106.217662,20.897
1764724106.241921,2020,256,1764724106.221003,20.918
1764724106.245280,2021,256,1764724106.224348,20.932
1764724106.248546,2022,256,1764724106.227658,20.888
1764724106.251904,2023,256,1764724106.231001,20.904
1764724106.255341,2024,256,1764724106.234348,20.993
1764724106.258510,2025,256,1764724106.237666,20.844
1764724106.261907,2026,256,1764724106.241001,20.906
1764724106.265253,2027,256,1764724106.244354,20.899
1764724106.268522,2028,256,1764724106.247661,20.861
1764724106.271889,2029,256,1764724106.251015,20.875
1764724106.275304,2030,256,1764724106.254354,20.950
1764724106.278516,2031,256,1764724106.257612,20.904
1764724106.281946,2032,256,1764724106.261016,20.930
1764724106.285343,2033,256,1764724106.264401,20.942
1764724106.288576,2034,256,1764724106.267668,20.908
1764724106.291923,2035,256,1764724106.271016,20.907
1764724106.295309,2036,256,1764724106.274347,20.963
1764724106.298517,2037,256,1764724106.277678,20.839
1764724106.301870,2038,256,1764724106.281003,20.868
1764724106.305232,2039,256,1764724106.284338,20.893
1764724106.308512,2040,256,1764724106.287663,20.849
1764724106.311880,2041,256,1764724106.290998,20.881
1764724106.315187,2042,256,1764724106.294260,20.927
1764724106.318493,2043,256,1764724106.297614,20.878
1764724106.321821,2044,256,1764724106.300946,20.875
1764724106.325125,2045,256,1764724106.304250,20.875
1764724106.328498,2046,256,1764724106.307617,20.881
1764724106.331871,2047,256,1764724106.310946,20.925
1764724106.335163,2048,256,1764724106.314240,20.923
1764724106.338602,2049,256,1764724106.317616,20.986
1764724106.341859,2050,256,1764724106.320954,20.905
1764724106.345237,2051,256,1764724106.324301,20.936
1764724106.348550,2052,256,1764724106.327666,20.883
1764724106.351948,2053,256,1764724106.331015,20.933
1764724106.355337,2054,256,1764724106.334343,20.994
1764724106.358548,2055,256,1764724106.337670,20.878
1764724106.361894,2056,256,1764724106.340989,20.905
1764724106.365281,2057,256,1764724106.344351,20.930
1764724106.368582,2058,256,1764724106.347622,20.960
1764724106.371957,2059,256,1764724106.351044,20.913
1764724106.375163,2060,256,1764724106.354249,20.914
1764724106.378586,2061,256,1764724106.357621,20.965
1764724106.381865,2062,256,1764724106.360954,20.911
1764724106.385187,2063,256,1764724106.364322,20.865
1764724106.388618,2064,256,1764724106.367677,20.941
1764724106.391908,2065,256,1764724106.370959,20.949
1764724106.395258,2066,256,1764724106.374301,20.957
1764724106.398599,2067,256,1764724106.377679,20.920
1764724106.401973,2068,256,1764724106.381057,20.916
1764724106.405234,2069,256,1764724106.384311,20.923
1764724106.408614,2070,256,1764724106.387619,20.996
1764724106.411912,2071,256,1764724106.390945,20.967
1764724106.415241,2072,256,1764724106.394326,20.915
1764724106.418628,2073,256,1764724106.397621,21.006
1764724106.421946,2074,256,1764724106.401001,20.946
1764724106.425186,2075,256,1764724106.404295,20.891
1764724106.428577,2076,256,1764724106.407618,20.959
1764724106.431964,2077,256,1764724106.410994,20.970
1764724106.435250,2078,256,1764724106.414336,20.913
1764724106.438471,2079,256,1764724106.417617,20.854
1764724106.441859,2080,256,1764724106.420998,20.860
1764724106.445410,2081,256,1764724106.424340,21.070
1764724106.448544,2082,256,1764724106.427633,20.911
1764724106.451871,2083,256,1764724106.430971,20.900
1764724106.455272,2084,256,1764724106.434361,20.912
1764724106.458577,2085,256,1764724106.437619,20.958
1764724106.461951,2086,256,1764724106.441060,20.891
1764724106.465184,2087,256,1764724106.444274,20.910
1764724106.468618,2088,256,1764724106.447643,20.975
1764724106.471891,2089,256,1764724106.450994,20.897
1764724106.475239,2090,256,1764724106.454357,20.881
1764724106.478619,2091,256,1764724106.457651,20.967
1764724106.482073,2092,256,1764724106.461059,21.014
1764724106.485286,2093,256,1764724106.464362,20.924
1764724106.488523,2094,256,1764724106.467654,20.869
1764724106.491891,2095,256,1764724106.470982,20.909
1764724106.495182,2096,256,1764724106.474300,20.882
1764724106.498464,2097,256,1764724106.477613,20.851
1764724106.501817,2098,256,1764724106.480954,20.864
1764724106.505091,2099,256,1764724106.484250,20.842
1764724106.508553,2100,256,1764724106.487650,20.902
1764724106.511941,2101,256,1764724106.490987,20.954
1764724106.515283,2102,256,1764724106.494341,20.941
1764724106.518669,2103,256,1764724106.497728,20.941
1764724106.521942,2104,256,1764724106.500990,20.953
1764724106.525432,2105,256,1764724106.504358,21.074
1764724106.528515,2106,256,1764724106.507652,20.863
1764724106.532007,2107,256,1764724106.511072,20.935
1764724106.535438,2108,256,1764724106.514362,21.076
1764724106.538491,2109,256,1764724106.517622,20.869
1764724106.541842,2110,256,1764724106.520958,20.883
1764724106.545361,2111,256,1764724106.524371,20.990
1764724106.548602,2112,256,1764724106.527621,20.981
1764724106.551966,2113,256,1764724106.530967,20.999
1764724106.555278,2114,256,1764724106.534261,21.017
1764724106.558698,2115,256,1764724106.537615,21.083
1764724106.561976,2116,256,1764724106.540978,20.998
1764724106.565403,2117,256,1764724106.544341,21.062
1764724106.568712,2118,256,1764724106.547640,21.071
1764724106.572067,2119,256,1764724106.551063,21.004
1764724106.575311,2120,256,1764724106.554271,21.040
1764724106.578617,2121,256,1764724106.557627,20.991
1764724106.581996,2122,256,1764724106.560996,21.000
1764724106.585379,2123,256,1764724106.564363,21.017
1764724106.588561,2124,256,1764724106.567646,20.916
1764724106.591871,2125,256,1764724106.570989,20.883
1764724106.595236,2126,256,1764724106.574355,20.881
1764724106.598555,2127,256,1764724106.577635,20.920
1764724106.602078,2128,256,1764724106.581075,21.003
1764724106.605262,2129,256,1764724106.584359,20.903
1764724106.608527,2130,256,1764724106.587615,20.912
1764724106.611871,2131,256,1764724106.590955,20.916
1764724106.615189,2132,256,1764724106.594257,20.932
1764724106.618591,2133,256,1764724106.597638,20.952
1764724106.622079,2134,256,1764724106.601063,21.016
1764724106.625364,2135,256,1764724106.604383,20.981
1764724106.628561,2136,256,1764724106.607634,20.927
1764724106.632119,2137,256,1764724106.611070,21.049
1764724106.635276,2138,256,1764724106.614369,20.906
1764724106.638561,2139,256,1764724106.617633,20.928
1764724106.642026,2140,256,1764724106.621057,20.969
1764724106.645303,2141,256,1764724106.624367,20.937
1764724106.648623,2142,256,1764724106.627632,20.991
1764724106.651989,2143,256,1764724106.631058,20.931
1764724106.655106,2144,256,1764724106.634234,20.872
1764724106.658452,2145,256,1764724106.637620,20.832
1764724106.661947,2146,256,1764724106.641062,20.886
1764724106.665231,2147,256,1764724106.644372,20.859
1764724106.668533,2148,256,1764724106.647624,20.909
1764724106.671818,2149,256,1764724106.650961,20.858
1764724106.675110,2150,256,1764724106.654266,20.844
1764724106.678462,2151,256,1764724106.657626,20.837
1764724106.681847,2152,256,1764724106.660977,20.870
