t_send,seq,bytes
1765645954.265531,1,256
1765645954.265842,2,256
1765645954.265890,3,256
1765645954.269066,4,256
1765645954.271544,5,256
1765645954.278909,6,256
1765645954.279064,7,256
1765645954.280571,8,256
1765645954.281807,9,256
1765645954.283335,10,256
1765645954.289535,11,256
1765645954.290126,12,256
1765645954.291368,13,256
1765645954.294517,14,256
1765645954.294564,15,256
1765645954.300101,16,256
1765645954.301836,17,256
1765645954.303113,18,256
1765645954.305367,19,256
1765645954.311726,20,256
1765645954.313811,21,256
1765645954.320668,22,256
1765645954.326280,23,256
1765645954.327004,24,256
1765645954.330368,25,256
1765645954.333019,26,256
1765645954.335278,27,256
1765645954.335850,28,256
1765645954.336773,29,256
1765645954.339342,30,256
1765645954.339714,31,256
1765645954.342510,32,256
1765645954.350087,33,256
1765645954.353742,34,256
1765645954.355859,35,256
1765645954.359147,36,256
1765645954.360010,37,256
1765645954.360193,38,256
1765645954.368045,39,256
1765645954.378426,40,256
1765645954.379575,41,256
1765645954.388754,42,256
1765645954.391016,43,256
1765645954.403939,44,256
1765645954.404977,45,256
1765645954.409637,46,256
1765645954.409905,47,256
1765645954.417068,48,256
1765645954.423558,49,256
1765645954.424440,50,256
1765645954.425400,51,256
1765645954.427444,52,256
1765645954.427691,53,256
1765645954.428063,54,256
1765645954.431282,55,256
1765645954.433668,56,256
1765645954.433844,57,256
1765645954.435712,58,256
1765645954.442015,59,256
1765645954.450883,60,256
1765645954.452685,61,256
1765645954.459775,62,256
1765645954.461543,63,256
1765645954.465871,64,256
1765645954.474071,65,256
1765645954.482057,66,256
1765645954.489591,67,256
1765645954.490041,68,256
1765645954.493567,69,256
1765645954.501020,70,256
1765645954.511681,71,256
1765645954.517491,72,256
1765645954.518358,73,256
1765645954.518424,74,256
1765645954.519823,75,256
1765645954.529131,76,256
1765645954.530942,77,256
1765645954.531095,78,256
1765645954.531228,79,256
1765645954.531562,80,256
1765645954.534741,81,256
1765645954.542532,82,256
1765645954.542608,83,256
1765645954.552083,84,256
1765645954.552273,85,256
1765645954.553083,86,256
1765645954.555169,87,256
1765645954.556879,88,256
1765645954.569288,89,256
1765645954.571627,90,256
1765645954.571998,91,256
1765645954.575704,92,256
1765645954.576359,93,256
1765645954.580563,94,256
1765645954.583276,95,256
1765645954.586658,96,256
1765645954.587390,97,256
1765645954.588187,98,256
1765645954.592154,99,256
1765645954.593054,100,256
1765645954.596328,101,256
1765645954.597166,102,256
1765645954.601032,103,256
1765645954.603572,104,256
1765645954.613303,105,256
1765645954.622346,106,256
1765645954.629689,107,256
1765645954.640414,108,256
1765645954.648325,109,256
1765645954.649546,110,256
1765645954.654050,111,256
1765645954.654534,112,256
1765645954.663607,113,256
1765645954.664309,114,256
1765645954.670028,115,256
1765645954.670255,116,256
1765645954.671838,117,256
1765645954.674243,118,256
1765645954.677545,119,256
1765645954.683583,120,256
1765645954.684073,121,256
1765645954.684143,122,256
1765645954.687466,123,256
1765645954.695327,124,256
1765645954.701568,125,256
1765645954.704322,126,256
1765645954.704786,127,256
1765645954.710255,128,256
1765645954.712503,129,256
1765645954.716748,130,256
1765645954.721052,131,256
1765645954.727583,132,256
1765645954.731362,133,256
1765645954.734658,134,256
1765645954.741217,135,256
1765645954.742549,136,256
1765645954.743091,137,256
1765645954.744255,138,256
1765645954.746911,139,256
1765645954.747025,140,256
1765645954.756675,141,256
1765645954.760996,142,256
1765645954.762462,143,256
1765645954.766991,144,256
1765645954.769365,145,256
1765645954.774300,146,256
1765645954.777778,147,256
1765645954.777858,148,256
1765645954.801128,149,256
1765645954.802408,150,256
1765645954.803816,151,256
1765645954.804975,152,256
1765645954.805326,153,256
1765645954.810845,154,256
1765645954.816966,155,256
1765645954.818866,156,256
1765645954.819090,157,256
1765645954.819599,158,256
1765645954.820214,159,256
1765645954.820646,160,256
1765645954.821414,161,256
1765645954.829567,162,256
1765645954.829761,163,256
1765645954.830061,164,256
1765645954.830678,165,256
1765645954.830845,166,256
1765645954.846188,167,256
1765645954.848737,168,256
1765645954.851048,169,256
1765645954.851218,170,256
1765645954.854357,171,256
1765645954.854454,172,256
1765645954.861700,173,256
1765645954.861915,174,256
1765645954.866008,175,256
1765645954.867670,176,256
1765645954.874140,177,256
1765645954.874585,178,256
1765645954.876148,179,256
1765645954.876607,180,256
1765645954.878436,181,256
1765645954.880564,182,256
1765645954.885329,183,256
1765645954.885554,184,256
1765645954.886659,185,256
1765645954.888867,186,256
1765645954.892606,187,256
1765645954.895559,188,256
1765645954.898059,189,256
1765645954.899033,190,256
1765645954.902353,191,256
1765645954.903486,192,256
1765645954.910049,193,256
1765645954.920773,194,256
1765645954.922421,195,256
1765645954.924953,196,256
1765645954.925904,197,256
1765645954.928252,198,256
1765645954.932905,199,256
1765645954.940890,200,256
1765645954.941581,201,256
1765645954.943687,202,256
1765645954.947729,203,256
1765645954.950964,204,256
1765645954.955362,205,256
1765645954.959347,206,256
1765645954.964426,207,256
1765645954.965875,208,256
1765645954.966267,209,256
1765645954.967270,210,256
1765645954.979689,211,256
1765645954.981862,212,256
1765645954.983298,213,256
1765645954.983587,214,256
1765645954.985131,215,256
1765645954.992466,216,256
1765645954.993228,217,256
1765645954.993301,218,256
1765645954.997408,219,256
1765645955.000551,220,256
1765645955.002103,221,256
1765645955.014071,222,256
1765645955.016619,223,256
1765645955.016994,224,256
1765645955.022339,225,256
1765645955.024811,226,256
1765645955.026920,227,256
1765645955.027651,228,256
1765645955.028054,229,256
1765645955.030314,230,256
1765645955.030509,231,256
1765645955.033809,232,256
1765645955.034390,233,256
1765645955.034472,234,256
1765645955.049948,235,256
1765645955.052404,236,256
1765645955.055340,237,256
1765645955.056473,238,256
1765645955.056697,239,256
1765645955.058478,240,256
1765645955.064397,241,256
1765645955.064817,242,256
1765645955.065554,243,256
1765645955.065710,244,256
1765645955.067707,245,256
1765645955.076535,246,256
1765645955.088752,247,256
1765645955.091677,248,256
1765645955.092386,249,256
1765645955.097409,250,256
1765645955.098641,251,256
1765645955.099954,252,256
1765645955.101397,253,256
1765645955.108064,254,256
1765645955.115207,255,256
1765645955.116656,256,256
1765645955.118890,257,256
1765645955.122852,258,256
1765645955.123802,259,256
1765645955.129220,260,256
1765645955.134568,261,256
1765645955.136704,262,256
1765645955.138835,263,256
1765645955.141830,264,256
1765645955.142025,265,256
1765645955.142136,266,256
1765645955.150212,267,256
1765645955.154072,268,256
1765645955.155678,269,256
1765645955.157877,270,256
1765645955.169601,271,256
1765645955.171003,272,256
1765645955.173146,273,256
1765645955.174545,274,256
1765645955.177279,275,256
1765645955.178516,276,256
1765645955.183356,277,256
1765645955.183949,278,256
1765645955.184143,279,256
1765645955.184473,280,256
1765645955.189569,281,256
1765645955.189703,282,256
1765645955.206693,283,256
1765645955.206785,284,256
1765645955.213094,285,256
1765645955.231018,286,256
1765645955.234575,287,256
1765645955.234885,288,256
1765645955.235234,289,256
1765645955.235730,290,256
1765645955.238086,291,256
1765645955.244072,292,256
1765645955.248235,293,256
1765645955.252395,294,256
1765645955.253349,295,256
1765645955.255770,296,256
1765645955.259663,297,256
1765645955.261519,298,256
1765645955.261852,299,256
1765645955.263124,300,256
1765645955.263658,301,256
1765645955.266213,302,256
1765645955.268426,303,256
1765645955.281067,304,256
1765645955.284942,305,256
1765645955.285633,306,256
1765645955.291596,307,256
1765645955.308775,308,256
1765645955.310531,309,256
1765645955.318567,310,256
1765645955.322602,311,256
1765645955.328600,312,256
1765645955.336283,313,256
1765645955.344369,314,256
1765645955.345085,315,256
1765645955.350567,316,256
1765645955.352470,317,256
1765645955.357305,318,256
1765645955.360050,319,256
1765645955.366627,320,256
1765645955.367102,321,256
1765645955.367134,322,256
1765645955.375474,323,256
1765645955.378043,324,256
1765645955.379550,325,256
1765645955.380704,326,256
1765645955.381315,327,256
1765645955.383682,328,256
1765645955.386422,329,256
1765645955.390248,330,256
1765645955.393287,331,256
1765645955.395019,332,256
1765645955.397408,333,256
1765645955.400331,334,256
1765645955.406771,335,256
1765645955.412764,336,256
1765645955.413565,337,256
1765645955.423512,338,256
1765645955.423663,339,256
1765645955.424242,340,256
1765645955.429676,341,256
1765645955.432710,342,256
1765645955.434155,343,256
1765645955.435598,344,256
1765645955.436039,345,256
1765645955.437904,346,256
1765645955.439278,347,256
1765645955.440461,348,256
1765645955.443666,349,256
1765645955.443887,350,256
1765645955.445394,351,256
1765645955.447963,352,256
1765645955.448190,353,256
1765645955.450350,354,256
1765645955.450474,355,256
1765645955.451908,356,256
1765645955.453071,357,256
1765645955.454540,358,256
1765645955.462287,359,256
1765645955.467557,360,256
1765645955.471887,361,256
1765645955.472251,362,256
1765645955.473392,363,256
1765645955.475226,364,256
1765645955.475387,365,256
1765645955.479331,366,256
1765645955.482896,367,256
1765645955.483481,368,256
1765645955.484297,369,256
1765645955.488199,370,256
1765645955.490147,371,256
1765645955.492526,372,256
1765645955.494189,373,256
1765645955.494954,374,256
1765645955.495093,375,256
1765645955.496990,376,256
1765645955.501415,377,256
1765645955.506086,378,256
1765645955.509193,379,256
1765645955.512143,380,256
1765645955.514954,381,256
1765645955.516566,382,256
1765645955.518883,383,256
1765645955.519040,384,256
1765645955.527145,385,256
1765645955.527382,386,256
1765645955.533770,387,256
1765645955.534325,388,256
1765645955.536274,389,256
1765645955.540115,390,256
1765645955.549816,391,256
1765645955.551947,392,256
1765645955.552090,393,256
1765645955.552735,394,256
1765645955.561641,395,256
1765645955.562057,396,256
1765645955.574125,397,256
1765645955.580338,398,256
1765645955.580944,399,256
1765645955.588317,400,256
1765645955.588520,401,256
1765645955.589122,402,256
1765645955.599165,403,256
1765645955.601935,404,256
1765645955.603431,405,256
1765645955.603581,406,256
1765645955.616753,407,256
1765645955.617610,408,256
1765645955.619215,409,256
1765645955.619390,410,256
1765645955.622954,411,256
1765645955.625223,412,256
1765645955.626205,413,256
1765645955.628459,414,256
1765645955.629424,415,256
1765645955.637249,416,256
1765645955.637936,417,256
1765645955.643125,418,256
1765645955.645673,419,256
1765645955.646486,420,256
1765645955.647846,421,256
1765645955.648524,422,256
1765645955.652930,423,256
1765645955.658020,424,256
1765645955.661837,425,256
1765645955.665421,426,256
1765645955.667160,427,256
1765645955.674083,428,256
1765645955.674322,429,256
1765645955.675076,430,256
1765645955.678927,431,256
1765645955.682409,432,256
1765645955.687434,433,256
1765645955.690881,434,256
1765645955.695018,435,256
1765645955.695854,436,256
1765645955.696769,437,256
1765645955.696893,438,256
1765645955.699112,439,256
1765645955.700262,440,256
1765645955.701583,441,256
1765645955.708227,442,256
1765645955.708504,443,256
1765645955.711901,444,256
1765645955.717536,445,256
1765645955.718160,446,256
1765645955.719143,447,256
1765645955.726972,448,256
1765645955.732339,449,256
1765645955.733505,450,256
1765645955.734190,451,256
1765645955.741455,452,256
1765645955.743679,453,256
1765645955.743962,454,256
1765645955.745190,455,256
1765645955.747626,456,256
1765645955.751757,457,256
1765645955.751919,458,256
1765645955.752743,459,256
1765645955.753308,460,256
1765645955.764495,461,256
1765645955.767435,462,256
1765645955.770717,463,256
1765645955.775405,464,256
1765645955.778621,465,256
1765645955.781545,466,256
1765645955.783316,467,256
1765645955.787995,468,256
1765645955.791018,469,256
1765645955.797541,470,256
1765645955.800391,471,256
1765645955.805522,472,256
1765645955.806155,473,256
1765645955.806199,474,256
1765645955.807820,475,256
1765645955.808387,476,256
1765645955.809582,477,256
1765645955.810771,478,256
1765645955.813278,479,256
1765645955.822773,480,256
1765645955.824236,481,256
1765645955.832141,482,256
1765645955.835481,483,256
1765645955.837328,484,256
1765645955.842497,485,256
1765645955.849295,486,256
1765645955.854028,487,256
1765645955.854252,488,256
1765645955.862697,489,256
1765645955.862964,490,256
1765645955.863363,491,256
1765645955.867163,492,256
1765645955.885599,493,256
1765645955.888185,494,256
1765645955.888483,495,256
1765645955.893008,496,256
1765645955.897113,497,256
1765645955.897524,498,256
1765645955.904011,499,256
1765645955.905095,500,256
1765645955.906004,501,256
1765645955.907476,502,256
1765645955.913217,503,256
1765645955.915180,504,256
1765645955.916724,505,256
1765645955.917846,506,256
1765645955.924889,507,256
1765645955.926580,508,256
1765645955.926767,509,256
1765645955.928832,510,256
1765645955.930202,511,256
1765645955.932137,512,256
1765645955.934456,513,256
1765645955.941848,514,256
1765645955.948180,515,256
1765645955.955790,516,256
1765645955.959424,517,256
1765645955.960457,518,256
1765645955.963386,519,256
1765645955.963810,520,256
1765645955.966549,521,256
1765645955.971724,522,256
1765645955.973444,523,256
1765645955.978491,524,256
1765645955.978956,525,256
1765645955.980859,526,256
1765645955.983228,527,256
1765645955.992637,528,256
1765645955.995998,529,256
1765645955.998603,530,256
1765645955.999223,531,256
1765645956.000507,532,256
1765645956.005330,533,256
1765645956.009223,534,256
1765645956.010550,535,256
1765645956.015137,536,256
1765645956.018485,537,256
1765645956.018648,538,256
1765645956.020941,539,256
1765645956.021056,540,256
1765645956.022561,541,256
1765645956.022954,542,256
1765645956.023918,543,256
1765645956.034561,544,256
1765645956.036827,545,256
1765645956.039572,546,256
1765645956.041616,547,256
1765645956.048830,548,256
1765645956.058722,549,256
1765645956.059791,550,256
1765645956.064660,551,256
1765645956.068144,552,256
1765645956.070029,553,256
1765645956.073614,554,256
1765645956.079473,555,256
1765645956.085343,556,256
1765645956.088079,557,256
1765645956.095796,558,256
1765645956.098904,559,256
1765645956.102733,560,256
1765645956.113420,561,256
1765645956.117661,562,256
1765645956.118868,563,256
1765645956.120483,564,256
1765645956.122154,565,256
1765645956.122442,566,256
1765645956.122495,567,256
1765645956.122790,568,256
1765645956.127117,569,256
1765645956.130441,570,256
1765645956.133145,571,256
1765645956.147565,572,256
1765645956.152314,573,256
1765645956.158324,574,256
1765645956.161927,575,256
1765645956.162930,576,256
1765645956.173963,577,256
1765645956.179233,578,256
1765645956.183700,579,256
1765645956.184330,580,256
1765645956.189499,581,256
1765645956.198833,582,256
1765645956.200873,583,256
1765645956.200921,584,256
1765645956.201588,585,256
1765645956.203815,586,256
1765645956.204108,587,256
1765645956.208029,588,256
1765645956.208715,589,256
1765645956.211585,590,256
1765645956.215820,591,256
1765645956.220408,592,256
1765645956.220689,593,256
1765645956.225059,594,256
1765645956.226784,595,256
1765645956.228219,596,256
1765645956.233794,597,256
1765645956.241754,598,256
1765645956.245624,599,256
1765645956.245775,600,256
1765645956.246601,601,256
1765645956.249002,602,256
1765645956.251572,603,256
1765645956.255772,604,256
1765645956.260031,605,256
1765645956.261327,606,256
1765645956.265028,607,256
1765645956.281144,608,256
1765645956.282741,609,256
1765645956.291917,610,256
1765645956.292129,611,256
1765645956.298884,612,256
1765645956.302221,613,256
1765645956.309236,614,256
1765645956.320228,615,256
1765645956.324547,616,256
1765645956.328794,617,256
1765645956.332947,618,256
1765645956.335004,619,256
1765645956.345724,620,256
1765645956.346028,621,256
1765645956.351358,622,256
1765645956.355356,623,256
1765645956.357095,624,256
1765645956.360787,625,256
1765645956.378726,626,256
1765645956.385263,627,256
1765645956.385475,628,256
1765645956.388203,629,256
1765645956.390731,630,256
1765645956.392980,631,256
1765645956.393976,632,256
1765645956.396512,633,256
1765645956.398548,634,256
1765645956.398949,635,256
1765645956.400237,636,256
1765645956.402940,637,256
1765645956.404782,638,256
1765645956.404975,639,256
1765645956.405874,640,256
1765645956.408715,641,256
1765645956.409346,642,256
1765645956.411542,643,256
1765645956.415032,644,256
1765645956.416411,645,256
1765645956.427414,646,256
1765645956.428160,647,256
1765645956.438406,648,256
1765645956.440838,649,256
1765645956.442750,650,256
1765645956.444211,651,256
1765645956.447899,652,256
1765645956.448813,653,256
1765645956.451526,654,256
1765645956.452113,655,256
1765645956.456618,656,256
1765645956.458859,657,256
1765645956.465070,658,256
1765645956.473920,659,256
1765645956.475125,660,256
1765645956.488239,661,256
1765645956.489899,662,256
1765645956.492587,663,256
1765645956.495658,664,256
1765645956.496877,665,256
1765645956.499861,666,256
1765645956.500454,667,256
1765645956.502280,668,256
1765645956.502445,669,256
1765645956.504273,670,256
1765645956.505520,671,256
1765645956.514201,672,256
1765645956.516747,673,256
1765645956.517673,674,256
1765645956.520267,675,256
1765645956.522971,676,256
1765645956.524795,677,256
1765645956.527239,678,256
1765645956.527416,679,256
1765645956.533541,680,256
1765645956.539573,681,256
1765645956.554096,682,256
1765645956.555938,683,256
1765645956.557688,684,256
1765645956.559809,685,256
1765645956.560660,686,256
1765645956.560708,687,256
1765645956.560909,688,256
1765645956.562545,689,256
1765645956.565881,690,256
1765645956.566358,691,256
1765645956.581009,692,256
1765645956.581275,693,256
1765645956.581683,694,256
1765645956.581756,695,256
1765645956.589943,696,256
1765645956.590106,697,256
1765645956.593408,698,256
1765645956.593553,699,256
1765645956.596661,700,256
1765645956.601101,701,256
1765645956.601362,702,256
1765645956.602462,703,256
1765645956.602741,704,256
1765645956.605311,705,256
1765645956.609684,706,256
1765645956.614350,707,256
1765645956.619845,708,256
1765645956.626959,709,256
1765645956.637224,710,256
1765645956.640994,711,256
1765645956.642183,712,256
1765645956.642334,713,256
1765645956.645312,714,256
1765645956.646450,715,256
1765645956.647055,716,256
1765645956.647229,717,256
1765645956.650205,718,256
1765645956.654561,719,256
1765645956.658655,720,256
1765645956.664360,721,256
1765645956.664554,722,256
1765645956.664586,723,256
1765645956.666519,724,256
1765645956.668146,725,256
1765645956.672029,726,256
1765645956.672173,727,256
1765645956.677051,728,256
1765645956.680964,729,256
1765645956.681064,730,256
1765645956.690825,731,256
1765645956.694161,732,256
1765645956.696821,733,256
1765645956.701089,734,256
1765645956.702090,735,256
1765645956.702555,736,256
1765645956.710171,737,256
1765645956.713245,738,256
1765645956.715326,739,256
1765645956.716588,740,256
1765645956.718449,741,256
1765645956.723701,742,256
1765645956.729457,743,256
1765645956.731919,744,256
1765645956.739929,745,256
1765645956.740716,746,256
1765645956.743626,747,256
1765645956.746283,748,256
1765645956.756393,749,256
1765645956.760430,750,256
1765645956.769526,751,256
1765645956.778130,752,256
1765645956.778388,753,256
1765645956.778963,754,256
1765645956.779274,755,256
1765645956.780971,756,256
1765645956.787256,757,256
1765645956.787434,758,256
1765645956.788087,759,256
1765645956.795673,760,256
1765645956.797754,761,256
1765645956.798180,762,256
1765645956.804915,763,256
1765645956.805505,764,256
1765645956.806096,765,256
1765645956.810629,766,256
1765645956.810833,767,256
1765645956.813402,768,256
1765645956.813926,769,256
1765645956.814312,770,256
1765645956.822643,771,256
1765645956.823026,772,256
1765645956.824438,773,256
1765645956.830437,774,256
1765645956.830593,775,256
1765645956.834266,776,256
1765645956.835509,777,256
1765645956.841030,778,256
1765645956.842003,779,256
1765645956.851167,780,256
1765645956.853007,781,256
1765645956.867559,782,256
1765645956.878283,783,256
1765645956.881099,784,256
1765645956.884158,785,256
1765645956.884573,786,256
1765645956.888506,787,256
1765645956.892593,788,256
1765645956.893911,789,256
1765645956.896197,790,256
1765645956.899123,791,256
1765645956.899701,792,256
1765645956.905349,793,256
1765645956.906254,794,256
1765645956.916332,795,256
1765645956.920303,796,256
1765645956.921139,797,256
1765645956.923959,798,256
1765645956.928664,799,256
1765645956.929654,800,256
1765645956.931820,801,256
1765645956.933408,802,256
1765645956.945791,803,256
1765645956.950623,804,256
1765645956.954502,805,256
1765645956.956454,806,256
1765645956.960037,807,256
1765645956.962551,808,256
1765645956.962856,809,256
1765645956.965308,810,256
1765645956.968740,811,256
1765645956.972146,812,256
1765645956.976149,813,256
1765645956.977685,814,256
1765645956.983404,815,256
1765645956.984047,816,256
1765645956.990118,817,256
1765645956.991288,818,256
1765645957.009530,819,256
1765645957.010097,820,256
1765645957.015931,821,256
1765645957.021932,822,256
1765645957.024136,823,256
1765645957.027829,824,256
1765645957.027987,825,256
1765645957.030506,826,256
1765645957.030629,827,256
1765645957.033043,828,256
1765645957.033948,829,256
1765645957.039167,830,256
1765645957.039390,831,256
1765645957.048114,832,256
1765645957.054202,833,256
1765645957.054343,834,256
1765645957.055548,835,256
1765645957.055871,836,256
1765645957.056634,837,256
1765645957.059736,838,256
1765645957.073793,839,256
1765645957.074840,840,256
1765645957.076738,841,256
1765645957.079519,842,256
1765645957.080495,843,256
1765645957.085535,844,256
1765645957.094887,845,256
1765645957.098151,846,256
1765645957.100269,847,256
1765645957.101765,848,256
1765645957.106086,849,256
1765645957.110208,850,256
1765645957.110934,851,256
1765645957.110976,852,256
1765645957.118701,853,256
1765645957.119032,854,256
1765645957.122541,855,256
1765645957.122954,856,256
1765645957.123588,857,256
1765645957.125237,858,256
1765645957.127572,859,256
1765645957.138553,860,256
1765645957.141959,861,256
1765645957.142743,862,256
1765645957.145120,863,256
1765645957.149389,864,256
1765645957.150750,865,256
1765645957.151448,866,256
1765645957.154446,867,256
1765645957.156718,868,256
1765645957.158488,869,256
1765645957.158671,870,256
1765645957.162059,871,256
1765645957.164341,872,256
1765645957.172095,873,256
1765645957.175676,874,256
1765645957.177513,875,256
1765645957.179724,876,256
1765645957.180511,877,256
1765645957.182037,878,256
1765645957.182440,879,256
1765645957.190149,880,256
1765645957.193463,881,256
1765645957.196515,882,256
1765645957.198544,883,256
1765645957.200778,884,256
1765645957.201663,885,256
1765645957.201774,886,256
1765645957.203560,887,256
1765645957.206022,888,256
1765645957.210591,889,256
1765645957.214488,890,256
1765645957.226583,891,256
1765645957.228304,892,256
1765645957.229616,893,256
1765645957.229659,894,256
1765645957.230602,895,256
1765645957.235494,896,256
1765645957.241278,897,256
1765645957.247910,898,256
1765645957.250052,899,256
1765645957.258972,900,256
1765645957.264050,901,256
1765645957.266306,902,256
1765645957.270556,903,256
1765645957.271987,904,256
1765645957.274506,905,256
1765645957.281451,906,256
1765645957.285985,907,256
1765645957.286548,908,256
1765645957.287527,909,256
1765645957.287677,910,256
1765645957.290555,911,256
1765645957.296410,912,256
1765645957.305490,913,256
1765645957.308502,914,256
1765645957.308726,915,256
1765645957.312756,916,256
1765645957.313120,917,256
1765645957.315027,918,256
1765645957.318132,919,256
1765645957.320466,920,256
1765645957.327872,921,256
1765645957.334887,922,256
1765645957.337942,923,256
1765645957.349156,924,256
1765645957.351302,925,256
1765645957.353438,926,256
1765645957.357779,927,256
1765645957.362221,928,256
1765645957.364519,929,256
1765645957.365053,930,256
1765645957.369903,931,256
1765645957.370489,932,256
1765645957.377185,933,256
1765645957.379289,934,256
1765645957.394119,935,256
1765645957.408447,936,256
1765645957.409940,937,256
1765645957.412159,938,256
1765645957.412473,939,256
1765645957.413505,940,256
1765645957.413827,941,256
1765645957.417522,942,256
1765645957.417769,943,256
1765645957.418101,944,256
1765645957.423779,945,256
1765645957.425513,946,256
1765645957.425797,947,256
1765645957.434823,948,256
1765645957.437254,949,256
1765645957.439843,950,256
1765645957.440197,951,256
1765645957.448691,952,256
1765645957.450212,953,256
1765645957.454566,954,256
1765645957.457758,955,256
1765645957.458393,956,256
1765645957.460517,957,256
1765645957.461159,958,256
1765645957.461547,959,256
1765645957.462366,960,256
1765645957.475443,961,256
1765645957.481618,962,256
1765645957.482244,963,256
1765645957.484122,964,256
1765645957.489640,965,256
1765645957.497820,966,256
1765645957.499288,967,256
1765645957.505579,968,256
1765645957.507753,969,256
1765645957.510218,970,256
1765645957.517616,971,256
1765645957.518190,972,256
1765645957.519458,973,256
1765645957.520155,974,256
1765645957.524369,975,256
1765645957.527895,976,256
1765645957.534321,977,256
1765645957.541198,978,256
1765645957.546438,979,256
1765645957.547607,980,256
1765645957.551431,981,256
1765645957.554400,982,256
1765645957.557259,983,256
1765645957.557426,984,256
1765645957.562971,985,256
1765645957.563251,986,256
1765645957.564519,987,256
1765645957.575258,988,256
1765645957.576917,989,256
1765645957.578626,990,256
1765645957.581010,991,256
1765645957.581478,992,256
1765645957.581506,993,256
1765645957.581760,994,256
1765645957.584495,995,256
1765645957.585169,996,256
1765645957.585939,997,256
1765645957.587904,998,256
1765645957.588148,999,256
1765645957.600029,1000,256
1765645957.609298,1001,256
1765645957.612800,1002,256
1765645957.623692,1003,256
1765645957.627743,1004,256
1765645957.638752,1005,256
1765645957.640971,1006,256
1765645957.641830,1007,256
1765645957.643203,1008,256
1765645957.643859,1009,256
1765645957.649277,1010,256
1765645957.653609,1011,256
1765645957.658256,1012,256
1765645957.660125,1013,256
1765645957.662055,1014,256
1765645957.669052,1015,256
1765645957.670363,1016,256
1765645957.671220,1017,256
1765645957.680206,1018,256
1765645957.681570,1019,256
1765645957.684039,1020,256
1765645957.699484,1021,256
1765645957.700594,1022,256
1765645957.703555,1023,256
1765645957.704073,1024,256
1765645957.715987,1025,256
1765645957.717002,1026,256
1765645957.719601,1027,256
1765645957.726437,1028,256
1765645957.730727,1029,256
1765645957.731646,1030,256
1765645957.738591,1031,256
1765645957.739483,1032,256
1765645957.741302,1033,256
1765645957.747908,1034,256
1765645957.749132,1035,256
1765645957.752230,1036,256
1765645957.755871,1037,256
1765645957.756128,1038,256
1765645957.757406,1039,256
1765645957.760188,1040,256
1765645957.766331,1041,256
1765645957.771515,1042,256
1765645957.775001,1043,256
1765645957.779531,1044,256
1765645957.784672,1045,256
1765645957.790322,1046,256
1765645957.796140,1047,256
1765645957.797872,1048,256
1765645957.799934,1049,256
1765645957.810699,1050,256
1765645957.810992,1051,256
1765645957.815269,1052,256
1765645957.817796,1053,256
1765645957.819932,1054,256
1765645957.820124,1055,256
1765645957.821054,1056,256
1765645957.821270,1057,256
1765645957.827503,1058,256
1765645957.829241,1059,256
1765645957.831033,1060,256
1765645957.831841,1061,256
1765645957.838704,1062,256
1765645957.845955,1063,256
1765645957.851216,1064,256
1765645957.855819,1065,256
1765645957.856698,1066,256
1765645957.860198,1067,256
1765645957.865664,1068,256
1765645957.867023,1069,256
1765645957.873047,1070,256
1765645957.873698,1071,256
1765645957.880535,1072,256
1765645957.883031,1073,256
1765645957.893717,1074,256
1765645957.894324,1075,256
1765645957.894694,1076,256
1765645957.898801,1077,256
1765645957.909575,1078,256
1765645957.916308,1079,256
1765645957.920414,1080,256
1765645957.923858,1081,256
1765645957.924727,1082,256
1765645957.928574,1083,256
1765645957.937460,1084,256
1765645957.938463,1085,256
1765645957.938923,1086,256
1765645957.940945,1087,256
1765645957.943209,1088,256
1765645957.944031,1089,256
1765645957.945448,1090,256
1765645957.947575,1091,256
1765645957.953275,1092,256
1765645957.960493,1093,256
1765645957.968945,1094,256
1765645957.971417,1095,256
1765645957.978771,1096,256
1765645957.982598,1097,256
1765645957.989408,1098,256
1765645957.989583,1099,256
1765645957.990235,1100,256
1765645957.993408,1101,256
1765645958.002985,1102,256
1765645958.007411,1103,256
1765645958.014255,1104,256
1765645958.016703,1105,256
1765645958.022804,1106,256
1765645958.022959,1107,256
1765645958.023216,1108,256
1765645958.024258,1109,256
1765645958.025726,1110,256
1765645958.027003,1111,256
1765645958.027242,1112,256
1765645958.028263,1113,256
1765645958.029225,1114,256
1765645958.029382,1115,256
1765645958.034845,1116,256
1765645958.036027,1117,256
1765645958.037062,1118,256
1765645958.049991,1119,256
1765645958.050924,1120,256
1765645958.052953,1121,256
1765645958.054948,1122,256
1765645958.055822,1123,256
1765645958.056117,1124,256
1765645958.057696,1125,256
1765645958.061045,1126,256
1765645958.061946,1127,256
1765645958.064534,1128,256
1765645958.067178,1129,256
1765645958.068609,1130,256
1765645958.071701,1131,256
1765645958.074604,1132,256
1765645958.078788,1133,256
1765645958.085450,1134,256
1765645958.086552,1135,256
1765645958.089415,1136,256
1765645958.091970,1137,256
1765645958.092766,1138,256
1765645958.092813,1139,256
1765645958.095493,1140,256
1765645958.096770,1141,256
1765645958.100013,1142,256
1765645958.104133,1143,256
1765645958.106807,1144,256
1765645958.111273,1145,256
1765645958.114048,1146,256
1765645958.118545,1147,256
1765645958.123750,1148,256
1765645958.126086,1149,256
1765645958.129414,1150,256
1765645958.130050,1151,256
1765645958.131636,1152,256
1765645958.134456,1153,256
1765645958.134564,1154,256
1765645958.140713,1155,256
1765645958.145872,1156,256
1765645958.153047,1157,256
1765645958.154620,1158,256
1765645958.155223,1159,256
1765645958.155777,1160,256
1765645958.156090,1161,256
1765645958.158697,1162,256
1765645958.159144,1163,256
1765645958.159393,1164,256
1765645958.164710,1165,256
1765645958.165519,1166,256
1765645958.165919,1167,256
1765645958.165964,1168,256
1765645958.169045,1169,256
1765645958.173733,1170,256
1765645958.179983,1171,256
1765645958.181637,1172,256
1765645958.182852,1173,256
1765645958.184283,1174,256
1765645958.189209,1175,256
1765645958.190314,1176,256
1765645958.206622,1177,256
1765645958.206850,1178,256
1765645958.210124,1179,256
1765645958.229098,1180,256
1765645958.234826,1181,256
1765645958.235227,1182,256
1765645958.235260,1183,256
1765645958.236485,1184,256
1765645958.242204,1185,256
1765645958.242482,1186,256
1765645958.253185,1187,256
1765645958.253600,1188,256
1765645958.258944,1189,256
1765645958.262920,1190,256
1765645958.263740,1191,256
1765645958.264275,1192,256
1765645958.268765,1193,256
1765645958.269912,1194,256
1765645958.270650,1195,256
1765645958.271591,1196,256
1765645958.273716,1197,256
1765645958.285801,1198,256
1765645958.293216,1199,256
1765645958.298637,1200,256
1765645958.304257,1201,256
1765645958.304413,1202,256
1765645958.309713,1203,256
1765645958.314740,1204,256
1765645958.314910,1205,256
1765645958.316650,1206,256
1765645958.320090,1207,256
1765645958.326220,1208,256
1765645958.328290,1209,256
1765645958.329463,1210,256
1765645958.329586,1211,256
1765645958.337265,1212,256
1765645958.341947,1213,256
1765645958.349505,1214,256
1765645958.354477,1215,256
1765645958.355824,1216,256
1765645958.356221,1217,256
1765645958.363185,1218,256
1765645958.363912,1219,256
1765645958.366640,1220,256
1765645958.370071,1221,256
1765645958.373707,1222,256
1765645958.373872,1223,256
1765645958.378477,1224,256
1765645958.381600,1225,256
1765645958.387427,1226,256
1765645958.387781,1227,256
1765645958.393219,1228,256
1765645958.395181,1229,256
1765645958.399044,1230,256
1765645958.399978,1231,256
1765645958.408416,1232,256
1765645958.412084,1233,256
1765645958.412632,1234,256
1765645958.414536,1235,256
1765645958.415403,1236,256
1765645958.418732,1237,256
1765645958.419334,1238,256
1765645958.420969,1239,256
1765645958.422284,1240,256
1765645958.423638,1241,256
1765645958.424894,1242,256
1765645958.426911,1243,256
1765645958.431052,1244,256
1765645958.435576,1245,256
1765645958.437536,1246,256
1765645958.443762,1247,256
1765645958.452234,1248,256
1765645958.454619,1249,256
1765645958.455117,1250,256
1765645958.456760,1251,256
1765645958.459323,1252,256
1765645958.461871,1253,256
1765645958.475660,1254,256
1765645958.479481,1255,256
1765645958.482004,1256,256
1765645958.492326,1257,256
1765645958.494463,1258,256
1765645958.498990,1259,256
1765645958.503569,1260,256
1765645958.509581,1261,256
1765645958.509753,1262,256
1765645958.515315,1263,256
1765645958.517524,1264,256
1765645958.526164,1265,256
1765645958.526822,1266,256
1765645958.527141,1267,256
1765645958.528859,1268,256
1765645958.531359,1269,256
1765645958.531668,1270,256
1765645958.532547,1271,256
1765645958.533171,1272,256
1765645958.534565,1273,256
1765645958.535360,1274,256
1765645958.538783,1275,256
1765645958.540606,1276,256
1765645958.543776,1277,256
1765645958.543956,1278,256
1765645958.544687,1279,256
1765645958.545175,1280,256
1765645958.546550,1281,256
1765645958.547062,1282,256
1765645958.556400,1283,256
1765645958.559181,1284,256
1765645958.562209,1285,256
1765645958.563485,1286,256
1765645958.567640,1287,256
1765645958.568239,1288,256
1765645958.568910,1289,256
1765645958.569999,1290,256
1765645958.572242,1291,256
1765645958.573467,1292,256
1765645958.573611,1293,256
1765645958.578015,1294,256
1765645958.588705,1295,256
1765645958.593070,1296,256
1765645958.593723,1297,256
1765645958.594022,1298,256
1765645958.600004,1299,256
1765645958.603908,1300,256
1765645958.604535,1301,256
1765645958.607571,1302,256
1765645958.617753,1303,256
1765645958.622184,1304,256
1765645958.622642,1305,256
1765645958.629860,1306,256
1765645958.633737,1307,256
1765645958.638436,1308,256
1765645958.641531,1309,256
1765645958.641991,1310,256
1765645958.646175,1311,256
1765645958.650738,1312,256
1765645958.654300,1313,256
1765645958.654793,1314,256
1765645958.655464,1315,256
1765645958.659933,1316,256
1765645958.660130,1317,256
1765645958.663951,1318,256
1765645958.664813,1319,256
1765645958.666102,1320,256
1765645958.667387,1321,256
1765645958.670621,1322,256
1765645958.671090,1323,256
1765645958.676130,1324,256
1765645958.679297,1325,256
1765645958.679789,1326,256
1765645958.683551,1327,256
1765645958.687453,1328,256
1765645958.690615,1329,256
1765645958.699347,1330,256
1765645958.699709,1331,256
1765645958.702093,1332,256
1765645958.705333,1333,256
1765645958.709618,1334,256
1765645958.714886,1335,256
1765645958.716415,1336,256
1765645958.719301,1337,256
1765645958.724837,1338,256
1765645958.727155,1339,256
1765645958.731672,1340,256
1765645958.734988,1341,256
1765645958.738303,1342,256
1765645958.740435,1343,256
1765645958.741301,1344,256
1765645958.745672,1345,256
1765645958.750499,1346,256
1765645958.751563,1347,256
1765645958.754551,1348,256
1765645958.757028,1349,256
1765645958.757821,1350,256
1765645958.757911,1351,256
1765645958.761357,1352,256
1765645958.767283,1353,256
1765645958.767427,1354,256
1765645958.768530,1355,256
1765645958.771689,1356,256
1765645958.772636,1357,256
1765645958.785520,1358,256
1765645958.794651,1359,256
1765645958.804147,1360,256
1765645958.804920,1361,256
1765645958.807596,1362,256
1765645958.809705,1363,256
1765645958.810139,1364,256
1765645958.812660,1365,256
1765645958.821339,1366,256
1765645958.821747,1367,256
1765645958.823270,1368,256
1765645958.829827,1369,256
1765645958.832304,1370,256
1765645958.835544,1371,256
1765645958.838798,1372,256
1765645958.839002,1373,256
1765645958.844067,1374,256
1765645958.844497,1375,256
1765645958.847611,1376,256
1765645958.849846,1377,256
1765645958.853801,1378,256
1765645958.861491,1379,256
1765645958.862919,1380,256
1765645958.870296,1381,256
1765645958.886900,1382,256
1765645958.893432,1383,256
1765645958.896610,1384,256
1765645958.898776,1385,256
1765645958.905111,1386,256
1765645958.909855,1387,256
1765645958.914100,1388,256
1765645958.938323,1389,256
1765645958.941136,1390,256
1765645958.942013,1391,256
1765645958.945810,1392,256
1765645958.951876,1393,256
1765645958.958047,1394,256
1765645958.960145,1395,256
1765645958.962706,1396,256
1765645958.962935,1397,256
1765645958.964538,1398,256
1765645958.966332,1399,256
1765645958.969996,1400,256
1765645958.983979,1401,256
1765645958.991663,1402,256
1765645958.992522,1403,256
1765645958.993494,1404,256
1765645958.999625,1405,256
1765645959.004544,1406,256
1765645959.008321,1407,256
1765645959.017404,1408,256
1765645959.022884,1409,256
1765645959.029797,1410,256
1765645959.032265,1411,256
1765645959.044646,1412,256
1765645959.046098,1413,256
1765645959.047156,1414,256
1765645959.048893,1415,256
1765645959.050977,1416,256
1765645959.055124,1417,256
1765645959.060732,1418,256
1765645959.061095,1419,256
1765645959.062177,1420,256
1765645959.063977,1421,256
1765645959.067280,1422,256
1765645959.071702,1423,256
1765645959.073240,1424,256
1765645959.076342,1425,256
1765645959.076699,1426,256
1765645959.079283,1427,256
1765645959.085202,1428,256
1765645959.088789,1429,256
1765645959.096143,1430,256
1765645959.096320,1431,256
1765645959.099762,1432,256
1765645959.103312,1433,256
1765645959.103579,1434,256
1765645959.112502,1435,256
1765645959.113063,1436,256
1765645959.113741,1437,256
1765645959.118870,1438,256
1765645959.119673,1439,256
1765645959.125352,1440,256
1765645959.127758,1441,256
1765645959.131570,1442,256
1765645959.136512,1443,256
1765645959.139438,1444,256
1765645959.140491,1445,256
1765645959.144827,1446,256
1765645959.150428,1447,256
1765645959.161527,1448,256
1765645959.161963,1449,256
1765645959.164140,1450,256
1765645959.166539,1451,256
1765645959.170178,1452,256
1765645959.171894,1453,256
1765645959.176621,1454,256
1765645959.176909,1455,256
1765645959.177714,1456,256
1765645959.178442,1457,256
1765645959.179851,1458,256
1765645959.186795,1459,256
1765645959.191902,1460,256
1765645959.192074,1461,256
1765645959.193605,1462,256
1765645959.194624,1463,256
1765645959.195741,1464,256
1765645959.201167,1465,256
1765645959.206063,1466,256
1765645959.209711,1467,256
1765645959.219422,1468,256
1765645959.219966,1469,256
1765645959.228915,1470,256
1765645959.232815,1471,256
1765645959.234227,1472,256
1765645959.234679,1473,256
1765645959.236066,1474,256
1765645959.236337,1475,256
1765645959.236608,1476,256
1765645959.248766,1477,256
1765645959.255029,1478,256
1765645959.260247,1479,256
1765645959.263835,1480,256
1765645959.264046,1481,256
1765645959.266577,1482,256
1765645959.275224,1483,256
1765645959.278164,1484,256
1765645959.280483,1485,256
1765645959.280649,1486,256
1765645959.284974,1487,256
1765645959.288525,1488,256
1765645959.289619,1489,256
1765645959.297042,1490,256
1765645959.298885,1491,256
1765645959.299005,1492,256
1765645959.299058,1493,256
1765645959.299674,1494,256
1765645959.314429,1495,256
1765645959.315006,1496,256
1765645959.317573,1497,256
1765645959.325662,1498,256
1765645959.331022,1499,256
1765645959.332809,1500,256
1765645959.333575,1501,256
1765645959.337046,1502,256
1765645959.338137,1503,256
1765645959.339662,1504,256
1765645959.344868,1505,256
1765645959.348825,1506,256
1765645959.349579,1507,256
1765645959.353789,1508,256
1765645959.355464,1509,256
1765645959.360001,1510,256
1765645959.361165,1511,256
1765645959.366163,1512,256
1765645959.370415,1513,256
1765645959.375745,1514,256
1765645959.382052,1515,256
1765645959.384562,1516,256
1765645959.385640,1517,256
1765645959.385785,1518,256
1765645959.388159,1519,256
1765645959.391408,1520,256
1765645959.397471,1521,256
1765645959.403691,1522,256
1765645959.405475,1523,256
1765645959.405599,1524,256
1765645959.406791,1525,256
1765645959.413657,1526,256
1765645959.415132,1527,256
1765645959.421117,1528,256
1765645959.422935,1529,256
1765645959.423462,1530,256
1765645959.425689,1531,256
1765645959.429139,1532,256
1765645959.436243,1533,256
1765645959.436449,1534,256
1765645959.439167,1535,256
1765645959.450304,1536,256
1765645959.451403,1537,256
1765645959.452402,1538,256
1765645959.455238,1539,256
1765645959.457902,1540,256
1765645959.458197,1541,256
1765645959.458847,1542,256
1765645959.460303,1543,256
1765645959.474157,1544,256
1765645959.482310,1545,256
1765645959.484074,1546,256
1765645959.484943,1547,256
1765645959.486482,1548,256
1765645959.491284,1549,256
1765645959.492080,1550,256
1765645959.497032,1551,256
1765645959.497185,1552,256
1765645959.512328,1553,256
1765645959.516314,1554,256
1765645959.522053,1555,256
1765645959.526351,1556,256
1765645959.529418,1557,256
1765645959.530088,1558,256
1765645959.530689,1559,256
1765645959.530860,1560,256
1765645959.531783,1561,256
1765645959.533518,1562,256
1765645959.533817,1563,256
1765645959.534039,1564,256
1765645959.545040,1565,256
1765645959.548437,1566,256
1765645959.550653,1567,256
1765645959.557706,1568,256
1765645959.562354,1569,256
1765645959.566871,1570,256
1765645959.569554,1571,256
1765645959.571935,1572,256
1765645959.574575,1573,256
1765645959.578052,1574,256
1765645959.583904,1575,256
1765645959.584404,1576,256
1765645959.585330,1577,256
1765645959.586408,1578,256
1765645959.587220,1579,256
1765645959.593702,1580,256
1765645959.596335,1581,256
1765645959.596724,1582,256
1765645959.598749,1583,256
1765645959.601468,1584,256
1765645959.617578,1585,256
1765645959.619617,1586,256
1765645959.620393,1587,256
1765645959.623693,1588,256
1765645959.626295,1589,256
1765645959.627872,1590,256
1765645959.631464,1591,256
1765645959.633629,1592,256
1765645959.638772,1593,256
1765645959.639719,1594,256
1765645959.644998,1595,256
1765645959.647568,1596,256
1765645959.648695,1597,256
1765645959.658558,1598,256
1765645959.662205,1599,256
1765645959.669197,1600,256
1765645959.691984,1601,256
1765645959.700144,1602,256
1765645959.705438,1603,256
1765645959.708139,1604,256
1765645959.715668,1605,256
1765645959.724438,1606,256
1765645959.727913,1607,256
1765645959.729085,1608,256
1765645959.735608,1609,256
1765645959.736674,1610,256
1765645959.738080,1611,256
1765645959.749941,1612,256
1765645959.750988,1613,256
1765645959.754563,1614,256
1765645959.754830,1615,256
1765645959.762294,1616,256
1765645959.766306,1617,256
1765645959.768984,1618,256
1765645959.770505,1619,256
1765645959.772064,1620,256
1765645959.772788,1621,256
1765645959.775394,1622,256
1765645959.781219,1623,256
1765645959.783804,1624,256
1765645959.785943,1625,256
1765645959.788532,1626,256
1765645959.789490,1627,256
1765645959.790107,1628,256
1765645959.790750,1629,256
1765645959.794312,1630,256
1765645959.797622,1631,256
1765645959.797790,1632,256
1765645959.798151,1633,256
1765645959.800411,1634,256
1765645959.801175,1635,256
1765645959.801248,1636,256
1765645959.809237,1637,256
1765645959.811500,1638,256
1765645959.818785,1639,256
1765645959.823485,1640,256
1765645959.826793,1641,256
1765645959.829453,1642,256
1765645959.830123,1643,256
1765645959.835942,1644,256
1765645959.843174,1645,256
1765645959.860621,1646,256
1765645959.861318,1647,256
1765645959.866424,1648,256
1765645959.866688,1649,256
1765645959.867948,1650,256
1765645959.875664,1651,256
1765645959.877434,1652,256
1765645959.878762,1653,256
1765645959.879508,1654,256
1765645959.887424,1655,256
1765645959.888021,1656,256
1765645959.890635,1657,256
1765645959.890864,1658,256
1765645959.895247,1659,256
1765645959.898480,1660,256
1765645959.901669,1661,256
1765645959.906576,1662,256
1765645959.909723,1663,256
1765645959.910647,1664,256
1765645959.910879,1665,256
1765645959.913973,1666,256
1765645959.914872,1667,256
1765645959.922298,1668,256
1765645959.923038,1669,256
1765645959.928420,1670,256
1765645959.936321,1671,256
1765645959.951425,1672,256
1765645959.953503,1673,256
1765645959.958283,1674,256
1765645959.972002,1675,256
1765645959.973201,1676,256
1765645959.981846,1677,256
1765645959.988649,1678,256
1765645959.989670,1679,256
1765645959.992581,1680,256
1765645960.000870,1681,256
1765645960.001976,1682,256
1765645960.004276,1683,256
1765645960.012613,1684,256
1765645960.013398,1685,256
1765645960.023924,1686,256
1765645960.028438,1687,256
1765645960.032069,1688,256
1765645960.033965,1689,256
1765645960.042153,1690,256
1765645960.049820,1691,256
1765645960.052501,1692,256
1765645960.052684,1693,256
1765645960.053240,1694,256
1765645960.056332,1695,256
1765645960.059507,1696,256
1765645960.061704,1697,256
1765645960.063469,1698,256
1765645960.066987,1699,256
1765645960.072011,1700,256
1765645960.077025,1701,256
1765645960.079856,1702,256
1765645960.082464,1703,256
1765645960.095104,1704,256
1765645960.096067,1705,256
1765645960.098733,1706,256
1765645960.104632,1707,256
1765645960.106307,1708,256
1765645960.110478,1709,256
1765645960.116429,1710,256
1765645960.118587,1711,256
1765645960.120038,1712,256
1765645960.121651,1713,256
1765645960.123330,1714,256
1765645960.123786,1715,256
1765645960.124009,1716,256
1765645960.128567,1717,256
1765645960.130985,1718,256
1765645960.143474,1719,256
1765645960.143682,1720,256
1765645960.147540,1721,256
1765645960.150156,1722,256
1765645960.154776,1723,256
1765645960.155442,1724,256
1765645960.156433,1725,256
1765645960.157534,1726,256
1765645960.161287,1727,256
1765645960.164145,1728,256
1765645960.164341,1729,256
1765645960.166303,1730,256
1765645960.168309,1731,256
1765645960.176173,1732,256
1765645960.176363,1733,256
1765645960.189827,1734,256
1765645960.191048,1735,256
1765645960.199766,1736,256
1765645960.200315,1737,256
1765645960.202548,1738,256
1765645960.203517,1739,256
1765645960.211662,1740,256
1765645960.214393,1741,256
1765645960.218749,1742,256
1765645960.218981,1743,256
1765645960.222123,1744,256
1765645960.226617,1745,256
1765645960.226851,1746,256
1765645960.230920,1747,256
1765645960.239527,1748,256
1765645960.242001,1749,256
1765645960.244148,1750,256
1765645960.244779,1751,256
1765645960.248995,1752,256
1765645960.250780,1753,256
1765645960.257192,1754,256
1765645960.259833,1755,256
1765645960.265706,1756,256
1765645960.277051,1757,256
1765645960.277286,1758,256
1765645960.277648,1759,256
1765645960.288098,1760,256
1765645960.288329,1761,256
1765645960.289925,1762,256
1765645960.290740,1763,256
1765645960.294000,1764,256
1765645960.296261,1765,256
1765645960.296622,1766,256
1765645960.297891,1767,256
1765645960.304168,1768,256
1765645960.305903,1769,256
1765645960.308202,1770,256
1765645960.308409,1771,256
1765645960.309398,1772,256
1765645960.314796,1773,256
1765645960.315327,1774,256
1765645960.320096,1775,256
1765645960.320625,1776,256
1765645960.321200,1777,256
1765645960.324439,1778,256
1765645960.326051,1779,256
1765645960.328786,1780,256
1765645960.330811,1781,256
1765645960.336667,1782,256
1765645960.341516,1783,256
1765645960.347995,1784,256
1765645960.353354,1785,256
1765645960.356697,1786,256
1765645960.357704,1787,256
1765645960.361209,1788,256
1765645960.363547,1789,256
1765645960.365272,1790,256
1765645960.366610,1791,256
1765645960.368457,1792,256
1765645960.370579,1793,256
1765645960.371894,1794,256
1765645960.374556,1795,256
1765645960.377094,1796,256
1765645960.385431,1797,256
1765645960.385880,1798,256
1765645960.387787,1799,256
1765645960.391106,1800,256
1765645960.393506,1801,256
1765645960.393693,1802,256
1765645960.397449,1803,256
1765645960.408861,1804,256
1765645960.414471,1805,256
1765645960.414729,1806,256
1765645960.427038,1807,256
1765645960.427529,1808,256
1765645960.428867,1809,256
1765645960.431329,1810,256
1765645960.433853,1811,256
1765645960.441917,1812,256
1765645960.442228,1813,256
1765645960.446734,1814,256
1765645960.448237,1815,256
1765645960.456535,1816,256
1765645960.457797,1817,256
1765645960.458706,1818,256
1765645960.459668,1819,256
1765645960.460603,1820,256
1765645960.462622,1821,256
1765645960.464135,1822,256
1765645960.477997,1823,256
1765645960.481447,1824,256
1765645960.484671,1825,256
1765645960.491407,1826,256
1765645960.492262,1827,256
1765645960.497424,1828,256
1765645960.497582,1829,256
1765645960.504828,1830,256
1765645960.506244,1831,256
1765645960.516079,1832,256
1765645960.517362,1833,256
1765645960.519365,1834,256
1765645960.520093,1835,256
1765645960.520492,1836,256
1765645960.525612,1837,256
1765645960.535706,1838,256
1765645960.536389,1839,256
1765645960.540684,1840,256
1765645960.542697,1841,256
1765645960.550483,1842,256
1765645960.550636,1843,256
1765645960.553396,1844,256
1765645960.555095,1845,256
1765645960.557441,1846,256
1765645960.561693,1847,256
1765645960.565038,1848,256
1765645960.566994,1849,256
1765645960.571979,1850,256
1765645960.575617,1851,256
1765645960.583694,1852,256
1765645960.586570,1853,256
1765645960.592582,1854,256
1765645960.594724,1855,256
1765645960.601290,1856,256
1765645960.601666,1857,256
1765645960.608672,1858,256
1765645960.610337,1859,256
1765645960.616830,1860,256
1765645960.619980,1861,256
1765645960.623640,1862,256
1765645960.625396,1863,256
1765645960.626285,1864,256
1765645960.628799,1865,256
1765645960.629560,1866,256
1765645960.631586,1867,256
1765645960.631799,1868,256
1765645960.633307,1869,256
1765645960.633478,1870,256
1765645960.634781,1871,256
1765645960.638658,1872,256
1765645960.640711,1873,256
1765645960.642916,1874,256
1765645960.644240,1875,256
1765645960.644655,1876,256
1765645960.648928,1877,256
1765645960.652029,1878,256
1765645960.652498,1879,256
1765645960.656627,1880,256
1765645960.666137,1881,256
1765645960.666685,1882,256
1765645960.667857,1883,256
1765645960.670293,1884,256
1765645960.672596,1885,256
1765645960.674021,1886,256
1765645960.679554,1887,256
1765645960.691577,1888,256
1765645960.696790,1889,256
1765645960.700098,1890,256
1765645960.701010,1891,256
1765645960.703439,1892,256
1765645960.705609,1893,256
1765645960.705926,1894,256
1765645960.711167,1895,256
1765645960.717918,1896,256
1765645960.729233,1897,256
1765645960.730606,1898,256
1765645960.730835,1899,256
1765645960.741070,1900,256
1765645960.748879,1901,256
1765645960.757260,1902,256
1765645960.765768,1903,256
1765645960.766877,1904,256
1765645960.767207,1905,256
1765645960.774026,1906,256
1765645960.776640,1907,256
1765645960.785949,1908,256
1765645960.788224,1909,256
1765645960.790321,1910,256
1765645960.791004,1911,256
1765645960.796421,1912,256
1765645960.796999,1913,256
1765645960.797065,1914,256
1765645960.800692,1915,256
1765645960.802542,1916,256
1765645960.804424,1917,256
1765645960.805772,1918,256
1765645960.807643,1919,256
1765645960.818025,1920,256
1765645960.820529,1921,256
1765645960.821461,1922,256
1765645960.826867,1923,256
1765645960.828643,1924,256
1765645960.832264,1925,256
1765645960.838035,1926,256
1765645960.838844,1927,256
1765645960.843570,1928,256
1765645960.844520,1929,256
1765645960.846429,1930,256
1765645960.846695,1931,256
1765645960.847168,1932,256
1765645960.848092,1933,256
1765645960.852932,1934,256
1765645960.853180,1935,256
1765645960.856730,1936,256
1765645960.857613,1937,256
1765645960.869306,1938,256
1765645960.897815,1939,256
1765645960.903134,1940,256
1765645960.906592,1941,256
1765645960.906871,1942,256
1765645960.906904,1943,256
1765645960.908983,1944,256
1765645960.909345,1945,256
1765645960.909390,1946,256
1765645960.910465,1947,256
1765645960.918627,1948,256
1765645960.920189,1949,256
1765645960.921049,1950,256
1765645960.921139,1951,256
1765645960.928493,1952,256
1765645960.931749,1953,256
1765645960.934121,1954,256
1765645960.934269,1955,256
1765645960.943068,1956,256
1765645960.945347,1957,256
1765645960.946777,1958,256
1765645960.948818,1959,256
1765645960.949109,1960,256
1765645960.952166,1961,256
1765645960.961003,1962,256
1765645960.963850,1963,256
1765645960.965404,1964,256
1765645960.967496,1965,256
1765645960.969823,1966,256
1765645960.977674,1967,256
1765645960.978408,1968,256
1765645960.980728,1969,256
1765645960.980959,1970,256
1765645960.981291,1971,256
1765645960.982853,1972,256
1765645960.985561,1973,256
1765645960.997956,1974,256
1765645960.999927,1975,256
1765645961.003287,1976,256
1765645961.004902,1977,256
1765645961.007096,1978,256
1765645961.008301,1979,256
1765645961.010695,1980,256
1765645961.012724,1981,256
1765645961.014157,1982,256
1765645961.015586,1983,256
1765645961.017792,1984,256
1765645961.017937,1985,256
1765645961.021628,1986,256
1765645961.023113,1987,256
1765645961.028442,1988,256
1765645961.037585,1989,256
1765645961.038204,1990,256
1765645961.047551,1991,256
1765645961.051466,1992,256
1765645961.052912,1993,256
1765645961.060213,1994,256
1765645961.060343,1995,256
1765645961.061638,1996,256
1765645961.061745,1997,256
1765645961.069574,1998,256
1765645961.070576,1999,256
1765645961.070738,2000,256
1765645961.071503,2001,256
1765645961.072548,2002,256
1765645961.073129,2003,256
1765645961.076488,2004,256
1765645961.079642,2005,256
1765645961.082213,2006,256
1765645961.083705,2007,256
1765645961.087587,2008,256
1765645961.093408,2009,256
1765645961.100156,2010,256
1765645961.100325,2011,256
1765645961.104880,2012,256
1765645961.111231,2013,256
1765645961.121419,2014,256
1765645961.121575,2015,256
1765645961.128077,2016,256
1765645961.130739,2017,256
1765645961.132360,2018,256
1765645961.134571,2019,256
1765645961.136861,2020,256
1765645961.138048,2021,256
1765645961.138102,2022,256
1765645961.142340,2023,256
1765645961.145366,2024,256
1765645961.146710,2025,256
1765645961.150144,2026,256
1765645961.154604,2027,256
1765645961.155623,2028,256
1765645961.157609,2029,256
1765645961.163720,2030,256
1765645961.164786,2031,256
1765645961.170231,2032,256
1765645961.170450,2033,256
1765645961.186354,2034,256
1765645961.188742,2035,256
1765645961.191057,2036,256
1765645961.193331,2037,256
1765645961.195853,2038,256
1765645961.197892,2039,256
1765645961.201481,2040,256
1765645961.201934,2041,256
1765645961.202724,2042,256
1765645961.203237,2043,256
1765645961.203392,2044,256
1765645961.205020,2045,256
1765645961.209708,2046,256
1765645961.210557,2047,256
1765645961.221212,2048,256
1765645961.223718,2049,256
1765645961.225667,2050,256
1765645961.230389,2051,256
1765645961.237703,2052,256
1765645961.241624,2053,256
1765645961.242657,2054,256
1765645961.254770,2055,256
1765645961.259310,2056,256
1765645961.262573,2057,256
1765645961.265523,2058,256
1765645961.269942,2059,256
1765645961.272401,2060,256
1765645961.272537,2061,256
1765645961.277597,2062,256
1765645961.280565,2063,256
1765645961.287155,2064,256
1765645961.301413,2065,256
1765645961.303097,2066,256
1765645961.305132,2067,256
1765645961.307745,2068,256
1765645961.309547,2069,256
1765645961.311220,2070,256
1765645961.311456,2071,256
1765645961.320090,2072,256
1765645961.321965,2073,256
1765645961.325494,2074,256
1765645961.330291,2075,256
1765645961.332609,2076,256
1765645961.333935,2077,256
1765645961.337058,2078,256
1765645961.340488,2079,256
1765645961.340881,2080,256
1765645961.346756,2081,256
1765645961.346839,2082,256
1765645961.349723,2083,256
1765645961.354826,2084,256
1765645961.361090,2085,256
1765645961.363317,2086,256
1765645961.363765,2087,256
1765645961.363857,2088,256
1765645961.368654,2089,256
1765645961.368982,2090,256
1765645961.370532,2091,256
1765645961.372016,2092,256
1765645961.375846,2093,256
1765645961.378135,2094,256
1765645961.378363,2095,256
1765645961.383642,2096,256
1765645961.383920,2097,256
1765645961.387931,2098,256
1765645961.391824,2099,256
1765645961.392592,2100,256
1765645961.392642,2101,256
1765645961.398470,2102,256
1765645961.400870,2103,256
1765645961.401202,2104,256
1765645961.402872,2105,256
1765645961.406543,2106,256
1765645961.409354,2107,256
1765645961.418845,2108,256
1765645961.419336,2109,256
1765645961.423518,2110,256
1765645961.426778,2111,256
1765645961.427397,2112,256
1765645961.429277,2113,256
1765645961.429509,2114,256
1765645961.432612,2115,256
1765645961.443978,2116,256
1765645961.450834,2117,256
1765645961.453201,2118,256
1765645961.454959,2119,256
1765645961.466412,2120,256
1765645961.474579,2121,256
1765645961.475388,2122,256
1765645961.476403,2123,256
1765645961.476897,2124,256
1765645961.478524,2125,256
1765645961.489800,2126,256
1765645961.498580,2127,256
1765645961.502806,2128,256
1765645961.503023,2129,256
1765645961.503058,2130,256
1765645961.503831,2131,256
1765645961.503859,2132,256
1765645961.507353,2133,256
1765645961.507560,2134,256
1765645961.512419,2135,256
1765645961.512634,2136,256
1765645961.514392,2137,256
1765645961.517591,2138,256
1765645961.520169,2139,256
1765645961.522324,2140,256
1765645961.529252,2141,256
1765645961.530938,2142,256
1765645961.533431,2143,256
1765645961.538439,2144,256
1765645961.541446,2145,256
1765645961.541994,2146,256
1765645961.542041,2147,256
1765645961.546213,2148,256
1765645961.548444,2149,256
1765645961.551213,2150,256
1765645961.556451,2151,256
1765645961.558427,2152,256
1765645961.559494,2153,256
1765645961.560302,2154,256
1765645961.560874,2155,256
1765645961.561812,2156,256
1765645961.562871,2157,256
1765645961.564622,2158,256
1765645961.572958,2159,256
1765645961.577258,2160,256
1765645961.585728,2161,256
1765645961.586968,2162,256
1765645961.601056,2163,256
1765645961.603414,2164,256
1765645961.610484,2165,256
1765645961.610712,2166,256
1765645961.613820,2167,256
1765645961.614064,2168,256
1765645961.614604,2169,256
1765645961.624565,2170,256
1765645961.627572,2171,256
1765645961.635830,2172,256
1765645961.638316,2173,256
1765645961.651135,2174,256
1765645961.659555,2175,256
1765645961.663864,2176,256
1765645961.678914,2177,256
1765645961.683224,2178,256
1765645961.686922,2179,256
1765645961.688563,2180,256
1765645961.696404,2181,256
1765645961.698155,2182,256
1765645961.699877,2183,256
1765645961.703629,2184,256
1765645961.704347,2185,256
1765645961.710672,2186,256
1765645961.716301,2187,256
1765645961.716442,2188,256
1765645961.716816,2189,256
1765645961.719241,2190,256
1765645961.722040,2191,256
1765645961.725100,2192,256
1765645961.730133,2193,256
1765645961.731418,2194,256
1765645961.731500,2195,256
1765645961.738001,2196,256
1765645961.740135,2197,256
1765645961.741816,2198,256
1765645961.752825,2199,256
1765645961.760404,2200,256
1765645961.764533,2201,256
1765645961.769690,2202,256
1765645961.776582,2203,256
1765645961.776799,2204,256
1765645961.786341,2205,256
1765645961.787274,2206,256
1765645961.787784,2207,256
1765645961.792825,2208,256
1765645961.798429,2209,256
1765645961.806286,2210,256
1765645961.819074,2211,256
1765645961.819266,2212,256
1765645961.819554,2213,256
1765645961.819869,2214,256
1765645961.821006,2215,256
1765645961.821973,2216,256
1765645961.822735,2217,256
1765645961.824758,2218,256
1765645961.829495,2219,256
1765645961.834414,2220,256
1765645961.850359,2221,256
1765645961.852540,2222,256
1765645961.853096,2223,256
1765645961.853139,2224,256
1765645961.861001,2225,256
1765645961.866149,2226,256
1765645961.869360,2227,256
1765645961.869692,2228,256
1765645961.869933,2229,256
1765645961.871944,2230,256
1765645961.874576,2231,256
1765645961.877305,2232,256
1765645961.877485,2233,256
1765645961.886279,2234,256
1765645961.887977,2235,256
1765645961.891126,2236,256
1765645961.895406,2237,256
1765645961.913769,2238,256
1765645961.917673,2239,256
1765645961.921258,2240,256
1765645961.921623,2241,256
1765645961.929868,2242,256
1765645961.931031,2243,256
1765645961.937842,2244,256
1765645961.938328,2245,256
1765645961.939187,2246,256
1765645961.941358,2247,256
1765645961.942338,2248,256
1765645961.945098,2249,256
1765645961.955171,2250,256
1765645961.956291,2251,256
1765645961.958163,2252,256
1765645961.963671,2253,256
1765645961.965506,2254,256
1765645961.968657,2255,256
1765645961.968801,2256,256
1765645961.972689,2257,256
1765645961.972797,2258,256
1765645961.975638,2259,256
1765645961.976161,2260,256
1765645961.979086,2261,256
1765645961.981449,2262,256
1765645961.982565,2263,256
1765645961.985875,2264,256
1765645961.987911,2265,256
1765645961.997279,2266,256
1765645962.001945,2267,256
1765645962.006286,2268,256
1765645962.010530,2269,256
1765645962.013799,2270,256
1765645962.014060,2271,256
1765645962.020978,2272,256
1765645962.026607,2273,256
1765645962.031671,2274,256
1765645962.034704,2275,256
1765645962.039882,2276,256
1765645962.040988,2277,256
1765645962.044246,2278,256
1765645962.044910,2279,256
1765645962.047801,2280,256
1765645962.056311,2281,256
1765645962.060437,2282,256
1765645962.076394,2283,256
1765645962.079729,2284,256
1765645962.081851,2285,256
1765645962.084740,2286,256
1765645962.091482,2287,256
1765645962.093160,2288,256
1765645962.093882,2289,256
1765645962.096913,2290,256
1765645962.099470,2291,256
1765645962.100228,2292,256
1765645962.103586,2293,256
1765645962.105571,2294,256
1765645962.109282,2295,256
1765645962.112167,2296,256
1765645962.128239,2297,256
1765645962.135049,2298,256
1765645962.136419,2299,256
1765645962.137462,2300,256
1765645962.137513,2301,256
1765645962.142946,2302,256
1765645962.145472,2303,256
1765645962.145722,2304,256
1765645962.150403,2305,256
1765645962.151408,2306,256
1765645962.154480,2307,256
1765645962.158518,2308,256
1765645962.164447,2309,256
1765645962.164645,2310,256
1765645962.167197,2311,256
1765645962.168685,2312,256
1765645962.171444,2313,256
1765645962.175658,2314,256
1765645962.182105,2315,256
1765645962.185607,2316,256
1765645962.187087,2317,256
1765645962.190007,2318,256
1765645962.192882,2319,256
1765645962.194631,2320,256
1765645962.198427,2321,256
1765645962.209062,2322,256
1765645962.210829,2323,256
1765645962.212191,2324,256
1765645962.212580,2325,256
1765645962.213079,2326,256
1765645962.216939,2327,256
1765645962.218146,2328,256
1765645962.219157,2329,256
1765645962.220067,2330,256
1765645962.223831,2331,256
1765645962.226752,2332,256
1765645962.227481,2333,256
1765645962.228017,2334,256
1765645962.239088,2335,256
1765645962.242863,2336,256
1765645962.248491,2337,256
1765645962.251035,2338,256
1765645962.252144,2339,256
1765645962.254355,2340,256
1765645962.263422,2341,256
1765645962.265091,2342,256
1765645962.268582,2343,256
1765645962.270656,2344,256
1765645962.272399,2345,256
1765645962.279661,2346,256
1765645962.292929,2347,256
1765645962.302466,2348,256
1765645962.302963,2349,256
1765645962.303003,2350,256
1765645962.306751,2351,256
1765645962.306872,2352,256
1765645962.307166,2353,256
1765645962.311760,2354,256
1765645962.313207,2355,256
1765645962.319402,2356,256
1765645962.322607,2357,256
1765645962.325593,2358,256
1765645962.325852,2359,256
1765645962.327320,2360,256
1765645962.328944,2361,256
1765645962.331234,2362,256
1765645962.331414,2363,256
1765645962.331451,2364,256
1765645962.338262,2365,256
1765645962.338967,2366,256
1765645962.342626,2367,256
1765645962.346677,2368,256
1765645962.349776,2369,256
1765645962.350548,2370,256
1765645962.358747,2371,256
1765645962.360682,2372,256
1765645962.361104,2373,256
1765645962.364405,2374,256
1765645962.376225,2375,256
1765645962.376724,2376,256
1765645962.386987,2377,256
1765645962.389518,2378,256
1765645962.390235,2379,256
1765645962.391241,2380,256
1765645962.393305,2381,256
1765645962.396909,2382,256
1765645962.397054,2383,256
1765645962.398594,2384,256
1765645962.403049,2385,256
1765645962.403136,2386,256
1765645962.403842,2387,256
1765645962.412826,2388,256
1765645962.419490,2389,256
1765645962.422225,2390,256
1765645962.422494,2391,256
1765645962.423427,2392,256
1765645962.424500,2393,256
1765645962.428979,2394,256
1765645962.430898,2395,256
1765645962.433458,2396,256
1765645962.439715,2397,256
1765645962.442101,2398,256
1765645962.442670,2399,256
1765645962.449014,2400,256
1765645962.449191,2401,256
1765645962.451819,2402,256
1765645962.459430,2403,256
1765645962.466897,2404,256
1765645962.467634,2405,256
1765645962.472207,2406,256
1765645962.481947,2407,256
1765645962.484695,2408,256
1765645962.491804,2409,256
1765645962.502655,2410,256
1765645962.507411,2411,256
1765645962.516526,2412,256
1765645962.518460,2413,256
1765645962.523558,2414,256
1765645962.525072,2415,256
1765645962.530961,2416,256
1765645962.531242,2417,256
1765645962.533017,2418,256
1765645962.533465,2419,256
1765645962.534240,2420,256
1765645962.544926,2421,256
1765645962.546982,2422,256
1765645962.550623,2423,256
1765645962.551024,2424,256
1765645962.553569,2425,256
1765645962.558621,2426,256
1765645962.565662,2427,256
1765645962.566195,2428,256
1765645962.567498,2429,256
1765645962.576358,2430,256
1765645962.578621,2431,256
1765645962.597676,2432,256
1765645962.598388,2433,256
1765645962.599743,2434,256
1765645962.600392,2435,256
1765645962.602511,2436,256
1765645962.604523,2437,256
1765645962.608181,2438,256
1765645962.608342,2439,256
1765645962.615047,2440,256
1765645962.615835,2441,256
1765645962.615888,2442,256
1765645962.616565,2443,256
1765645962.618326,2444,256
1765645962.621619,2445,256
1765645962.625850,2446,256
1765645962.627156,2447,256
1765645962.628843,2448,256
1765645962.634502,2449,256
1765645962.642112,2450,256
1765645962.642630,2451,256
1765645962.644681,2452,256
1765645962.649904,2453,256
1765645962.652412,2454,256
1765645962.652513,2455,256
1765645962.661401,2456,256
1765645962.661783,2457,256
1765645962.663276,2458,256
1765645962.666706,2459,256
1765645962.674083,2460,256
1765645962.687591,2461,256
1765645962.688420,2462,256
1765645962.692574,2463,256
1765645962.692823,2464,256
1765645962.693252,2465,256
1765645962.699815,2466,256
1765645962.703511,2467,256
1765645962.709725,2468,256
1765645962.713141,2469,256
1765645962.722409,2470,256
1765645962.726606,2471,256
1765645962.727745,2472,256
1765645962.729000,2473,256
1765645962.730275,2474,256
1765645962.739613,2475,256
1765645962.741739,2476,256
1765645962.742681,2477,256
1765645962.743167,2478,256
1765645962.743311,2479,256
1765645962.747657,2480,256
1765645962.749583,2481,256
1765645962.766153,2482,256
1765645962.768055,2483,256
1765645962.774978,2484,256
1765645962.779163,2485,256
1765645962.785427,2486,256
1765645962.786444,2487,256
1765645962.796429,2488,256
1765645962.801544,2489,256
1765645962.806607,2490,256
1765645962.815617,2491,256
1765645962.817871,2492,256
1765645962.821818,2493,256
1765645962.823192,2494,256
1765645962.831758,2495,256
1765645962.839401,2496,256
1765645962.840491,2497,256
1765645962.847906,2498,256
1765645962.849568,2499,256
1765645962.852630,2500,256
1765645962.857167,2501,256
1765645962.858701,2502,256
1765645962.858917,2503,256
1765645962.859015,2504,256
1765645962.860276,2505,256
1765645962.864655,2506,256
1765645962.867188,2507,256
1765645962.867622,2508,256
1765645962.873799,2509,256
1765645962.877982,2510,256
1765645962.883480,2511,256
1765645962.884227,2512,256
1765645962.889978,2513,256
1765645962.891549,2514,256
1765645962.892126,2515,256
1765645962.896220,2516,256
1765645962.897597,2517,256
1765645962.897751,2518,256
1765645962.898685,2519,256
1765645962.902407,2520,256
1765645962.902571,2521,256
1765645962.902710,2522,256
1765645962.902855,2523,256
1765645962.904223,2524,256
1765645962.905779,2525,256
1765645962.906401,2526,256
1765645962.915159,2527,256
1765645962.916390,2528,256
1765645962.921765,2529,256
1765645962.922105,2530,256
1765645962.923415,2531,256
1765645962.923688,2532,256
1765645962.925732,2533,256
1765645962.934470,2534,256
1765645962.934938,2535,256
1765645962.936450,2536,256
1765645962.940648,2537,256
1765645962.942696,2538,256
1765645962.943520,2539,256
1765645962.945035,2540,256
1765645962.947003,2541,256
1765645962.950693,2542,256
1765645962.952554,2543,256
1765645962.959505,2544,256
1765645962.960883,2545,256
1765645962.962494,2546,256
1765645962.964659,2547,256
1765645962.976787,2548,256
1765645962.983899,2549,256
1765645962.987109,2550,256
1765645962.988145,2551,256
1765645962.988537,2552,256
1765645962.989501,2553,256
1765645962.991023,2554,256
1765645962.993963,2555,256
1765645962.996180,2556,256
1765645962.998209,2557,256
1765645963.003653,2558,256
1765645963.007241,2559,256
1765645963.008099,2560,256
1765645963.009408,2561,256
1765645963.010099,2562,256
1765645963.031617,2563,256
1765645963.051445,2564,256
1765645963.054430,2565,256
1765645963.055230,2566,256
1765645963.057073,2567,256
1765645963.057826,2568,256
1765645963.058410,2569,256
1765645963.062304,2570,256
1765645963.064841,2571,256
1765645963.068156,2572,256
1765645963.071001,2573,256
1765645963.071527,2574,256
1765645963.073198,2575,256
1765645963.076640,2576,256
1765645963.083272,2577,256
1765645963.095337,2578,256
1765645963.099646,2579,256
1765645963.105526,2580,256
1765645963.105674,2581,256
1765645963.108887,2582,256
1765645963.114177,2583,256
1765645963.118496,2584,256
1765645963.119191,2585,256
1765645963.122519,2586,256
1765645963.132104,2587,256
1765645963.137662,2588,256
1765645963.146514,2589,256
1765645963.149657,2590,256
1765645963.150535,2591,256
1765645963.155841,2592,256
1765645963.156731,2593,256
1765645963.159867,2594,256
1765645963.169574,2595,256
1765645963.169852,2596,256
1765645963.169990,2597,256
1765645963.170127,2598,256
1765645963.173208,2599,256
1765645963.177563,2600,256
1765645963.178231,2601,256
1765645963.179971,2602,256
1765645963.182284,2603,256
1765645963.184548,2604,256
1765645963.186919,2605,256
1765645963.198563,2606,256
1765645963.200522,2607,256
1765645963.200898,2608,256
1765645963.202509,2609,256
1765645963.202921,2610,256
1765645963.209340,2611,256
1765645963.210814,2612,256
1765645963.212518,2613,256
1765645963.213945,2614,256
1765645963.214886,2615,256
1765645963.219291,2616,256
1765645963.221960,2617,256
1765645963.224849,2618,256
1765645963.226683,2619,256
1765645963.228113,2620,256
1765645963.232092,2621,256
1765645963.232524,2622,256
1765645963.235697,2623,256
1765645963.237174,2624,256
1765645963.250723,2625,256
1765645963.257416,2626,256
1765645963.260410,2627,256
1765645963.264182,2628,256
1765645963.273102,2629,256
1765645963.275459,2630,256
1765645963.279663,2631,256
1765645963.280590,2632,256
1765645963.282143,2633,256
1765645963.282590,2634,256
1765645963.288268,2635,256
1765645963.289226,2636,256
1765645963.289639,2637,256
1765645963.290571,2638,256
1765645963.293537,2639,256
1765645963.301683,2640,256
1765645963.305220,2641,256
1765645963.305424,2642,256
1765645963.308755,2643,256
1765645963.317000,2644,256
1765645963.317977,2645,256
1765645963.323287,2646,256
1765645963.330147,2647,256
1765645963.335742,2648,256
1765645963.336023,2649,256
1765645963.336828,2650,256
1765645963.337986,2651,256
1765645963.338066,2652,256
1765645963.339638,2653,256
1765645963.345430,2654,256
1765645963.346113,2655,256
1765645963.348512,2656,256
1765645963.348606,2657,256
1765645963.352017,2658,256
1765645963.359213,2659,256
1765645963.366449,2660,256
1765645963.367392,2661,256
1765645963.382032,2662,256
1765645963.384471,2663,256
1765645963.387046,2664,256
1765645963.393597,2665,256
1765645963.394083,2666,256
1765645963.396867,2667,256
1765645963.397392,2668,256
1765645963.404924,2669,256
1765645963.407010,2670,256
1765645963.408935,2671,256
1765645963.410688,2672,256
1765645963.412335,2673,256
1765645963.413770,2674,256
1765645963.414961,2675,256
1765645963.415010,2676,256
1765645963.419005,2677,256
1765645963.424547,2678,256
1765645963.429554,2679,256
1765645963.431738,2680,256
1765645963.436963,2681,256
1765645963.438109,2682,256
1765645963.438713,2683,256
1765645963.443669,2684,256
1765645963.452710,2685,256
1765645963.453408,2686,256
1765645963.457408,2687,256
1765645963.459257,2688,256
1765645963.460573,2689,256
1765645963.460869,2690,256
1765645963.462227,2691,256
1765645963.463878,2692,256
1765645963.468341,2693,256
1765645963.473105,2694,256
1765645963.474629,2695,256
1765645963.476817,2696,256
1765645963.484535,2697,256
1765645963.484670,2698,256
1765645963.498656,2699,256
1765645963.498820,2700,256
1765645963.499552,2701,256
1765645963.510422,2702,256
1765645963.516203,2703,256
1765645963.516759,2704,256
1765645963.518601,2705,256
1765645963.526106,2706,256
1765645963.527863,2707,256
1765645963.528270,2708,256
1765645963.533708,2709,256
1765645963.540832,2710,256
1765645963.541342,2711,256
1765645963.547466,2712,256
1765645963.554811,2713,256
1765645963.558251,2714,256
1765645963.560273,2715,256
1765645963.561507,2716,256
1765645963.564289,2717,256
1765645963.566546,2718,256
1765645963.566700,2719,256
1765645963.566941,2720,256
1765645963.567487,2721,256
1765645963.568113,2722,256
1765645963.569666,2723,256
1765645963.569753,2724,256
1765645963.572749,2725,256
1765645963.573128,2726,256
1765645963.575766,2727,256
1765645963.577167,2728,256
1765645963.577277,2729,256
1765645963.578302,2730,256
1765645963.579818,2731,256
1765645963.580475,2732,256
1765645963.581078,2733,256
1765645963.584576,2734,256
1765645963.585705,2735,256
1765645963.593930,2736,256
1765645963.600699,2737,256
1765645963.600872,2738,256
1765645963.601715,2739,256
1765645963.607700,2740,256
1765645963.609978,2741,256
1765645963.612796,2742,256
1765645963.617087,2743,256
1765645963.620775,2744,256
1765645963.620945,2745,256
1765645963.624413,2746,256
1765645963.631148,2747,256
1765645963.632331,2748,256
1765645963.637006,2749,256
1765645963.638044,2750,256
1765645963.639779,2751,256
1765645963.642200,2752,256
1765645963.652342,2753,256
1765645963.657011,2754,256
1765645963.660072,2755,256
1765645963.660384,2756,256
1765645963.661578,2757,256
1765645963.664487,2758,256
1765645963.664978,2759,256
1765645963.671076,2760,256
1765645963.679979,2761,256
1765645963.681437,2762,256
1765645963.682160,2763,256
1765645963.690725,2764,256
1765645963.698482,2765,256
1765645963.702199,2766,256
1765645963.712172,2767,256
1765645963.716210,2768,256
1765645963.718519,2769,256
1765645963.722646,2770,256
1765645963.722820,2771,256
1765645963.725077,2772,256
1765645963.725559,2773,256
1765645963.728703,2774,256
1765645963.729830,2775,256
1765645963.735675,2776,256
1765645963.747835,2777,256
1765645963.760169,2778,256
1765645963.762859,2779,256
1765645963.763565,2780,256
1765645963.763832,2781,256
1765645963.770901,2782,256
1765645963.775012,2783,256
1765645963.775574,2784,256
1765645963.776638,2785,256
1765645963.790098,2786,256
1765645963.791199,2787,256
1765645963.791780,2788,256
1765645963.797446,2789,256
1765645963.797874,2790,256
1765645963.804443,2791,256
1765645963.805591,2792,256
1765645963.806574,2793,256
1765645963.813479,2794,256
1765645963.814832,2795,256
1765645963.818285,2796,256
1765645963.820450,2797,256
1765645963.827047,2798,256
1765645963.830634,2799,256
1765645963.831218,2800,256
1765645963.839969,2801,256
1765645963.841701,2802,256
1765645963.841859,2803,256
1765645963.843318,2804,256
1765645963.844676,2805,256
1765645963.848059,2806,256
1765645963.848195,2807,256
1765645963.851966,2808,256
1765645963.852547,2809,256
1765645963.854265,2810,256
1765645963.855529,2811,256
1765645963.859195,2812,256
1765645963.860668,2813,256
1765645963.863125,2814,256
1765645963.865709,2815,256
1765645963.866574,2816,256
1765645963.869690,2817,256
1765645963.873166,2818,256
1765645963.879744,2819,256
1765645963.882976,2820,256
1765645963.885680,2821,256
1765645963.885861,2822,256
1765645963.886917,2823,256
1765645963.886947,2824,256
1765645963.898504,2825,256
1765645963.898668,2826,256
1765645963.903199,2827,256
1765645963.916155,2828,256
1765645963.919185,2829,256
1765645963.922512,2830,256
1765645963.922768,2831,256
1765645963.927763,2832,256
1765645963.933325,2833,256
1765645963.942523,2834,256
1765645963.942922,2835,256
1765645963.943607,2836,256
1765645963.944841,2837,256
1765645963.953405,2838,256
1765645963.956548,2839,256
1765645963.957312,2840,256
1765645963.962833,2841,256
1765645963.979768,2842,256
1765645963.985152,2843,256
1765645963.989927,2844,256
1765645963.997457,2845,256
1765645963.997628,2846,256
1765645964.001104,2847,256
1765645964.001968,2848,256
1765645964.006430,2849,256
1765645964.007968,2850,256
1765645964.011696,2851,256
1765645964.018147,2852,256
1765645964.018523,2853,256
1765645964.021305,2854,256
1765645964.023739,2855,256
1765645964.025884,2856,256
1765645964.029187,2857,256
1765645964.036711,2858,256
1765645964.039391,2859,256
1765645964.040179,2860,256
1765645964.040612,2861,256
1765645964.041201,2862,256
1765645964.051880,2863,256
1765645964.052946,2864,256
1765645964.054386,2865,256
1765645964.055841,2866,256
1765645964.060951,2867,256
1765645964.064693,2868,256
1765645964.070517,2869,256
1765645964.075339,2870,256
1765645964.081595,2871,256
1765645964.085616,2872,256
1765645964.086423,2873,256
1765645964.086856,2874,256
1765645964.086881,2875,256
1765645964.091027,2876,256
1765645964.101905,2877,256
1765645964.104160,2878,256
1765645964.104323,2879,256
1765645964.107512,2880,256
1765645964.112499,2881,256
1765645964.114486,2882,256
1765645964.117929,2883,256
1765645964.118634,2884,256
1765645964.121109,2885,256
1765645964.121759,2886,256
1765645964.127954,2887,256
1765645964.129216,2888,256
1765645964.129451,2889,256
1765645964.129607,2890,256
1765645964.132656,2891,256
1765645964.132803,2892,256
1765645964.140029,2893,256
1765645964.140594,2894,256
1765645964.143508,2895,256
1765645964.146136,2896,256
1765645964.148300,2897,256
1765645964.152556,2898,256
1765645964.161029,2899,256
1765645964.163277,2900,256
1765645964.163712,2901,256
1765645964.167706,2902,256
1765645964.169096,2903,256
1765645964.172422,2904,256
1765645964.179190,2905,256
1765645964.191536,2906,256
1765645964.192899,2907,256
1765645964.193611,2908,256
1765645964.197421,2909,256
1765645964.199342,2910,256
1765645964.204878,2911,256
1765645964.206763,2912,256
1765645964.210738,2913,256
1765645964.211890,2914,256
1765645964.213898,2915,256
1765645964.214669,2916,256
1765645964.223323,2917,256
1765645964.224849,2918,256
1765645964.226134,2919,256
1765645964.227646,2920,256
1765645964.231839,2921,256
1765645964.233549,2922,256
1765645964.234733,2923,256
1765645964.238214,2924,256
1765645964.239919,2925,256
1765645964.243503,2926,256
1765645964.247890,2927,256
1765645964.248227,2928,256
1765645964.256910,2929,256
1765645964.258613,2930,256
1765645964.261124,2931,256
1765645964.262965,2932,256
1765645964.263360,2933,256
1765645964.267303,2934,256
1765645964.271241,2935,256
1765645964.275434,2936,256
1765645964.277055,2937,256
1765645964.278937,2938,256
1765645964.281327,2939,256
1765645964.282687,2940,256
1765645964.283563,2941,256
1765645964.288267,2942,256
1765645964.290967,2943,256
1765645964.296113,2944,256
1765645964.302995,2945,256
1765645964.303486,2946,256
1765645964.314557,2947,256
1765645964.318438,2948,256
1765645964.319588,2949,256
1765645964.320700,2950,256
1765645964.323325,2951,256
1765645964.329044,2952,256
1765645964.330774,2953,256
1765645964.336588,2954,256
1765645964.340416,2955,256
1765645964.344661,2956,256
1765645964.346091,2957,256
1765645964.349622,2958,256
1765645964.349791,2959,256
1765645964.349838,2960,256
1765645964.354603,2961,256
1765645964.354680,2962,256
1765645964.357627,2963,256
1765645964.366290,2964,256
1765645964.372516,2965,256
1765645964.373575,2966,256
1765645964.374197,2967,256
1765645964.375449,2968,256
1765645964.376717,2969,256
1765645964.381930,2970,256
1765645964.386740,2971,256
1765645964.391900,2972,256
1765645964.400325,2973,256
1765645964.407103,2974,256
1765645964.408888,2975,256
1765645964.413660,2976,256
1765645964.413793,2977,256
1765645964.415311,2978,256
1765645964.419052,2979,256
1765645964.423963,2980,256
1765645964.424221,2981,256
1765645964.425642,2982,256
1765645964.425767,2983,256
1765645964.427187,2984,256
1765645964.427513,2985,256
1765645964.431399,2986,256
1765645964.433528,2987,256
1765645964.443409,2988,256
1765645964.445030,2989,256
1765645964.446307,2990,256
1765645964.446343,2991,256
1765645964.448008,2992,256
1765645964.449189,2993,256
1765645964.449682,2994,256
1765645964.449857,2995,256
1765645964.451500,2996,256
1765645964.451847,2997,256
1765645964.464114,2998,256
1765645964.466444,2999,256
1765645964.473483,3000,256
1765645964.475183,3001,256
1765645964.478570,3002,256
1765645964.480659,3003,256
1765645964.480802,3004,256
1765645964.481356,3005,256
1765645964.481637,3006,256
1765645964.481860,3007,256
1765645964.486901,3008,256
1765645964.488139,3009,256
1765645964.489201,3010,256
1765645964.494650,3011,256
1765645964.495094,3012,256
1765645964.496698,3013,256
1765645964.502512,3014,256
1765645964.506227,3015,256
1765645964.510141,3016,256
1765645964.511573,3017,256
1765645964.511924,3018,256
1765645964.513250,3019,256
1765645964.513807,3020,256
1765645964.516028,3021,256
1765645964.519388,3022,256
1765645964.526271,3023,256
1765645964.529404,3024,256
1765645964.531511,3025,256
1765645964.537502,3026,256
1765645964.539797,3027,256
1765645964.546704,3028,256
1765645964.547562,3029,256
1765645964.547690,3030,256
1765645964.548609,3031,256
1765645964.551112,3032,256
1765645964.555126,3033,256
1765645964.560815,3034,256
1765645964.561552,3035,256
1765645964.562235,3036,256
1765645964.565020,3037,256
1765645964.568024,3038,256
1765645964.568172,3039,256
1765645964.568675,3040,256
1765645964.569856,3041,256
1765645964.573182,3042,256
1765645964.576243,3043,256
1765645964.579469,3044,256
1765645964.579511,3045,256
1765645964.583528,3046,256
1765645964.598505,3047,256
1765645964.599558,3048,256
1765645964.603464,3049,256
1765645964.604389,3050,256
1765645964.604831,3051,256
1765645964.611319,3052,256
1765645964.615582,3053,256
1765645964.617601,3054,256
1765645964.619347,3055,256
1765645964.620110,3056,256
1765645964.622007,3057,256
1765645964.622933,3058,256
1765645964.622973,3059,256
1765645964.624389,3060,256
1765645964.629914,3061,256
1765645964.632641,3062,256
1765645964.633785,3063,256
1765645964.636231,3064,256
1765645964.643773,3065,256
1765645964.644917,3066,256
1765645964.651309,3067,256
1765645964.653367,3068,256
1765645964.665560,3069,256
1765645964.670680,3070,256
1765645964.671419,3071,256
1765645964.676415,3072,256
1765645964.700460,3073,256
1765645964.702796,3074,256
1765645964.714618,3075,256
1765645964.715088,3076,256
1765645964.718085,3077,256
1765645964.718795,3078,256
1765645964.721737,3079,256
1765645964.722051,3080,256
1765645964.722742,3081,256
1765645964.724003,3082,256
1765645964.724278,3083,256
1765645964.724303,3084,256
1765645964.726521,3085,256
1765645964.728897,3086,256
1765645964.733439,3087,256
1765645964.735532,3088,256
1765645964.739699,3089,256
1765645964.742581,3090,256
1765645964.747689,3091,256
1765645964.748958,3092,256
1765645964.753513,3093,256
1765645964.757572,3094,256
1765645964.758080,3095,256
1765645964.759106,3096,256
1765645964.759751,3097,256
1765645964.762648,3098,256
1765645964.763121,3099,256
1765645964.768817,3100,256
1765645964.769618,3101,256
1765645964.770186,3102,256
1765645964.770438,3103,256
1765645964.778909,3104,256
1765645964.780703,3105,256
1765645964.781747,3106,256
1765645964.783640,3107,256
1765645964.785691,3108,256
1765645964.787618,3109,256
1765645964.789008,3110,256
1765645964.790202,3111,256
1765645964.799084,3112,256
1765645964.801393,3113,256
1765645964.801795,3114,256
1765645964.804102,3115,256
1765645964.819016,3116,256
1765645964.828229,3117,256
1765645964.832632,3118,256
1765645964.833469,3119,256
1765645964.836413,3120,256
1765645964.840418,3121,256
1765645964.840994,3122,256
1765645964.841185,3123,256
1765645964.850567,3124,256
1765645964.853005,3125,256
1765645964.855688,3126,256
1765645964.864468,3127,256
1765645964.865865,3128,256
1765645964.866185,3129,256
1765645964.867208,3130,256
1765645964.868787,3131,256
1765645964.873726,3132,256
1765645964.874233,3133,256
1765645964.877146,3134,256
1765645964.883861,3135,256
1765645964.894454,3136,256
1765645964.896482,3137,256
1765645964.901446,3138,256
1765645964.908907,3139,256
1765645964.918513,3140,256
1765645964.922164,3141,256
1765645964.930232,3142,256
1765645964.930469,3143,256
1765645964.933587,3144,256
1765645964.936004,3145,256
1765645964.936199,3146,256
1765645964.938947,3147,256
1765645964.943151,3148,256
1765645964.945659,3149,256
1765645964.945759,3150,256
1765645964.950486,3151,256
1765645964.955809,3152,256
1765645964.957405,3153,256
1765645964.963437,3154,256
1765645964.968519,3155,256
1765645964.971062,3156,256
1765645964.971474,3157,256
1765645964.972222,3158,256
1765645964.978100,3159,256
1765645964.983153,3160,256
1765645964.984426,3161,256
1765645964.989592,3162,256
1765645964.990247,3163,256
1765645964.995555,3164,256
1765645964.997027,3165,256
1765645965.004605,3166,256
1765645965.009049,3167,256
1765645965.009734,3168,256
1765645965.011633,3169,256
1765645965.013688,3170,256
1765645965.015960,3171,256
1765645965.021402,3172,256
1765645965.027716,3173,256
1765645965.030970,3174,256
1765645965.033432,3175,256
1765645965.034137,3176,256
1765645965.040857,3177,256
1765645965.046411,3178,256
1765645965.055479,3179,256
1765645965.061132,3180,256
1765645965.080059,3181,256
1765645965.086497,3182,256
1765645965.086674,3183,256
1765645965.086721,3184,256
1765645965.086758,3185,256
1765645965.086789,3186,256
1765645965.086818,3187,256
1765645965.095832,3188,256
1765645965.096100,3189,256
1765645965.099661,3190,256
1765645965.102731,3191,256
1765645965.105362,3192,256
1765645965.109422,3193,256
1765645965.116507,3194,256
1765645965.116771,3195,256
1765645965.117573,3196,256
1765645965.121540,3197,256
1765645965.128621,3198,256
1765645965.128856,3199,256
1765645965.131564,3200,256
1765645965.131948,3201,256
1765645965.134097,3202,256
1765645965.135826,3203,256
1765645965.137876,3204,256
1765645965.143226,3205,256
1765645965.150655,3206,256
1765645965.153484,3207,256
1765645965.154249,3208,256
1765645965.155414,3209,256
1765645965.159896,3210,256
1765645965.161101,3211,256
1765645965.163539,3212,256
1765645965.170969,3213,256
1765645965.171251,3214,256
1765645965.171545,3215,256
1765645965.177159,3216,256
1765645965.182486,3217,256
1765645965.184087,3218,256
1765645965.188405,3219,256
1765645965.197218,3220,256
1765645965.203364,3221,256
1765645965.204826,3222,256
1765645965.212922,3223,256
1765645965.218623,3224,256
1765645965.225503,3225,256
1765645965.226311,3226,256
1765645965.226767,3227,256
1765645965.226950,3228,256
1765645965.227217,3229,256
1765645965.229665,3230,256
1765645965.231418,3231,256
1765645965.235578,3232,256
1765645965.236760,3233,256
1765645965.238543,3234,256
1765645965.238889,3235,256
1765645965.246634,3236,256
1765645965.264280,3237,256
1765645965.267252,3238,256
1765645965.270412,3239,256
1765645965.273747,3240,256
1765645965.283136,3241,256
1765645965.290355,3242,256
1765645965.293020,3243,256
1765645965.294205,3244,256
1765645965.294956,3245,256
1765645965.302741,3246,256
1765645965.303422,3247,256
1765645965.303571,3248,256
1765645965.303993,3249,256
1765645965.305575,3250,256
1765645965.312714,3251,256
1765645965.317286,3252,256
1765645965.319562,3253,256
1765645965.319896,3254,256
1765645965.323175,3255,256
1765645965.328533,3256,256
1765645965.333607,3257,256
1765645965.338752,3258,256
1765645965.350150,3259,256
1765645965.350451,3260,256
1765645965.354655,3261,256
1765645965.356433,3262,256
1765645965.360147,3263,256
1765645965.360815,3264,256
1765645965.364043,3265,256
1765645965.369442,3266,256
1765645965.369593,3267,256
1765645965.376816,3268,256
1765645965.376969,3269,256
1765645965.387147,3270,256
1765645965.387718,3271,256
1765645965.390034,3272,256
1765645965.390360,3273,256
1765645965.392412,3274,256
1765645965.394709,3275,256
1765645965.397249,3276,256
1765645965.407926,3277,256
1765645965.409299,3278,256
1765645965.411247,3279,256
1765645965.417575,3280,256
1765645965.417862,3281,256
1765645965.418658,3282,256
1765645965.418907,3283,256
1765645965.418936,3284,256
1765645965.421106,3285,256
1765645965.432910,3286,256
1765645965.435400,3287,256
1765645965.438771,3288,256
1765645965.438929,3289,256
1765645965.440663,3290,256
1765645965.440937,3291,256
1765645965.448490,3292,256
1765645965.458878,3293,256
1765645965.459784,3294,256
1765645965.462955,3295,256
1765645965.470985,3296,256
1765645965.476102,3297,256
1765645965.477555,3298,256
1765645965.483915,3299,256
1765645965.492049,3300,256
1765645965.497502,3301,256
1765645965.497677,3302,256
1765645965.499217,3303,256
1765645965.500612,3304,256
1765645965.502411,3305,256
1765645965.502894,3306,256
1765645965.515952,3307,256
1765645965.516853,3308,256
1765645965.517057,3309,256
1765645965.523878,3310,256
1765645965.526186,3311,256
1765645965.528279,3312,256
1765645965.537730,3313,256
1765645965.538189,3314,256
1765645965.540862,3315,256
1765645965.541039,3316,256
1765645965.542237,3317,256
1765645965.545878,3318,256
1765645965.550785,3319,256
1765645965.554842,3320,256
1765645965.555669,3321,256
1765645965.557657,3322,256
1765645965.559249,3323,256
1765645965.561627,3324,256
1765645965.580864,3325,256
1765645965.587159,3326,256
1765645965.588064,3327,256
1765645965.589627,3328,256
1765645965.595576,3329,256
1765645965.596823,3330,256
1765645965.600028,3331,256
1765645965.601776,3332,256
1765645965.611555,3333,256
1765645965.612453,3334,256
1765645965.613253,3335,256
1765645965.623799,3336,256
1765645965.626255,3337,256
1765645965.629620,3338,256
1765645965.630532,3339,256
1765645965.633681,3340,256
1765645965.637460,3341,256
1765645965.638765,3342,256
1765645965.642063,3343,256
1765645965.646942,3344,256
1765645965.648241,3345,256
1765645965.653753,3346,256
1765645965.654974,3347,256
1765645965.657008,3348,256
1765645965.657952,3349,256
1765645965.661202,3350,256
1765645965.661388,3351,256
1765645965.663555,3352,256
1765645965.669412,3353,256
1765645965.669593,3354,256
1765645965.672759,3355,256
1765645965.673600,3356,256
1765645965.680427,3357,256
1765645965.683001,3358,256
1765645965.688987,3359,256
1765645965.691008,3360,256
1765645965.692577,3361,256
1765645965.698429,3362,256
1765645965.706721,3363,256
1765645965.710368,3364,256
1765645965.711620,3365,256
1765645965.712655,3366,256
1765645965.714977,3367,256
1765645965.726803,3368,256
1765645965.727026,3369,256
1765645965.727833,3370,256
1765645965.736345,3371,256
1765645965.739565,3372,256
1765645965.741252,3373,256
1765645965.742416,3374,256
1765645965.744325,3375,256
1765645965.744524,3376,256
1765645965.744558,3377,256
1765645965.744784,3378,256
1765645965.748251,3379,256
1765645965.748511,3380,256
1765645965.751218,3381,256
1765645965.752650,3382,256
1765645965.752761,3383,256
1765645965.754449,3384,256
1765645965.763407,3385,256
1765645965.769109,3386,256
1765645965.769804,3387,256
1765645965.770934,3388,256
1765645965.773524,3389,256
1765645965.780164,3390,256
1765645965.780343,3391,256
1765645965.780837,3392,256
1765645965.786180,3393,256
1765645965.789891,3394,256
1765645965.790478,3395,256
1765645965.797028,3396,256
1765645965.797171,3397,256
1765645965.797496,3398,256
1765645965.797868,3399,256
1765645965.799165,3400,256
1765645965.800166,3401,256
1765645965.801138,3402,256
1765645965.801719,3403,256
1765645965.804062,3404,256
1765645965.804447,3405,256
1765645965.808509,3406,256
1765645965.809301,3407,256
1765645965.809872,3408,256
1765645965.810397,3409,256
1765645965.814501,3410,256
1765645965.814893,3411,256
1765645965.820297,3412,256
1765645965.822072,3413,256
1765645965.822287,3414,256
1765645965.828928,3415,256
1765645965.833144,3416,256
1765645965.836770,3417,256
1765645965.841244,3418,256
1765645965.843747,3419,256
1765645965.845251,3420,256
1765645965.850357,3421,256
1765645965.854763,3422,256
1765645965.858979,3423,256
1765645965.861829,3424,256
1765645965.862782,3425,256
1765645965.864679,3426,256
1765645965.883513,3427,256
1765645965.886048,3428,256
1765645965.899856,3429,256
1765645965.907350,3430,256
1765645965.924078,3431,256
1765645965.926473,3432,256
1765645965.929578,3433,256
1765645965.932333,3434,256
1765645965.934067,3435,256
1765645965.936576,3436,256
1765645965.940517,3437,256
1765645965.941996,3438,256
1765645965.942448,3439,256
1765645965.943185,3440,256
1765645965.947460,3441,256
1765645965.950137,3442,256
1765645965.956281,3443,256
1765645965.966772,3444,256
1765645965.973549,3445,256
1765645965.977490,3446,256
1765645965.981007,3447,256
1765645965.981871,3448,256
1765645965.988441,3449,256
1765645965.991181,3450,256
1765645965.995625,3451,256
1765645965.996690,3452,256
1765645965.997856,3453,256
1765645965.999672,3454,256
1765645966.001445,3455,256
1765645966.003454,3456,256
1765645966.013927,3457,256
1765645966.030178,3458,256
1765645966.031054,3459,256
1765645966.035406,3460,256
1765645966.037289,3461,256
1765645966.038061,3462,256
1765645966.042026,3463,256
1765645966.042892,3464,256
1765645966.047396,3465,256
1765645966.049546,3466,256
1765645966.058736,3467,256
1765645966.059549,3468,256
1765645966.059964,3469,256
1765645966.063555,3470,256
1765645966.063710,3471,256
1765645966.067338,3472,256
1765645966.068196,3473,256
1765645966.071417,3474,256
1765645966.073055,3475,256
1765645966.076273,3476,256
1765645966.079150,3477,256
1765645966.085357,3478,256
1765645966.096630,3479,256
1765645966.097509,3480,256
1765645966.100397,3481,256
1765645966.101425,3482,256
1765645966.101800,3483,256
1765645966.101901,3484,256
1765645966.102873,3485,256
1765645966.108753,3486,256
1765645966.111639,3487,256
1765645966.117500,3488,256
1765645966.121514,3489,256
1765645966.121623,3490,256
1765645966.123185,3491,256
1765645966.126412,3492,256
1765645966.129282,3493,256
1765645966.130399,3494,256
1765645966.141848,3495,256
1765645966.148089,3496,256
1765645966.152096,3497,256
1765645966.155601,3498,256
1765645966.157519,3499,256
1765645966.168357,3500,256
1765645966.168705,3501,256
1765645966.168757,3502,256
1765645966.168792,3503,256
1765645966.174144,3504,256
1765645966.175449,3505,256
1765645966.176062,3506,256
1765645966.179154,3507,256
1765645966.179388,3508,256
1765645966.186014,3509,256
1765645966.188611,3510,256
1765645966.193791,3511,256
1765645966.204603,3512,256
1765645966.208840,3513,256
1765645966.210725,3514,256
1765645966.211053,3515,256
1765645966.212467,3516,256
1765645966.217680,3517,256
1765645966.220510,3518,256
1765645966.239990,3519,256
1765645966.243839,3520,256
1765645966.250597,3521,256
1765645966.253797,3522,256
1765645966.254942,3523,256
1765645966.258317,3524,256
1765645966.259876,3525,256
1765645966.268680,3526,256
1765645966.269957,3527,256
1765645966.271967,3528,256
1765645966.275260,3529,256
1765645966.277605,3530,256
1765645966.278471,3531,256
1765645966.278811,3532,256
1765645966.279268,3533,256
1765645966.279583,3534,256
1765645966.280171,3535,256
1765645966.282832,3536,256
1765645966.283235,3537,256
1765645966.283384,3538,256
1765645966.283776,3539,256
1765645966.284461,3540,256
1765645966.295188,3541,256
1765645966.301482,3542,256
1765645966.306960,3543,256
1765645966.314363,3544,256
1765645966.314811,3545,256
1765645966.324872,3546,256
1765645966.332983,3547,256
1765645966.336347,3548,256
1765645966.337259,3549,256
1765645966.341702,3550,256
1765645966.342829,3551,256
1765645966.346219,3552,256
1765645966.348005,3553,256
1765645966.350585,3554,256
1765645966.350707,3555,256
1765645966.352766,3556,256
1765645966.354256,3557,256
1765645966.355231,3558,256
1765645966.355309,3559,256
1765645966.358809,3560,256
1765645966.362520,3561,256
1765645966.366580,3562,256
1765645966.373408,3563,256
1765645966.386553,3564,256
1765645966.394875,3565,256
1765645966.405140,3566,256
1765645966.408109,3567,256
1765645966.413301,3568,256
1765645966.413532,3569,256
1765645966.420636,3570,256
1765645966.421014,3571,256
1765645966.422177,3572,256
1765645966.422293,3573,256
1765645966.422317,3574,256
1765645966.423882,3575,256
1765645966.426472,3576,256
1765645966.430471,3577,256
1765645966.432080,3578,256
1765645966.432590,3579,256
1765645966.433664,3580,256
1765645966.434114,3581,256
1765645966.434164,3582,256
1765645966.439680,3583,256
1765645966.455827,3584,256
1765645966.461173,3585,256
1765645966.461347,3586,256
1765645966.468732,3587,256
1765645966.472508,3588,256
1765645966.474707,3589,256
1765645966.474870,3590,256
1765645966.477137,3591,256
1765645966.481597,3592,256
1765645966.484160,3593,256
1765645966.484332,3594,256
1765645966.495674,3595,256
1765645966.499139,3596,256
1765645966.515050,3597,256
1765645966.517154,3598,256
1765645966.517873,3599,256
1765645966.519309,3600,256
1765645966.519995,3601,256
1765645966.522941,3602,256
1765645966.528742,3603,256
1765645966.535213,3604,256
1765645966.535385,3605,256
1765645966.544650,3606,256
1765645966.546048,3607,256
1765645966.549484,3608,256
1765645966.549977,3609,256
1765645966.550820,3610,256
1765645966.552861,3611,256
1765645966.552904,3612,256
1765645966.553598,3613,256
1765645966.558770,3614,256
1765645966.560621,3615,256
1765645966.564484,3616,256
1765645966.566899,3617,256
1765645966.567893,3618,256
1765645966.568513,3619,256
1765645966.574406,3620,256
1765645966.584246,3621,256
1765645966.585360,3622,256
1765645966.591665,3623,256
1765645966.602081,3624,256
1765645966.611518,3625,256
1765645966.612881,3626,256
1765645966.615252,3627,256
1765645966.620708,3628,256
1765645966.624422,3629,256
1765645966.624646,3630,256
1765645966.624685,3631,256
1765645966.625111,3632,256
1765645966.633676,3633,256
1765645966.633815,3634,256
1765645966.634171,3635,256
1765645966.641654,3636,256
1765645966.642972,3637,256
1765645966.647638,3638,256
1765645966.648879,3639,256
1765645966.649563,3640,256
1765645966.652319,3641,256
1765645966.656192,3642,256
1765645966.665508,3643,256
1765645966.670637,3644,256
1765645966.673614,3645,256
1765645966.674662,3646,256
1765645966.684543,3647,256
1765645966.693107,3648,256
1765645966.694852,3649,256
1765645966.697549,3650,256
1765645966.702639,3651,256
1765645966.706047,3652,256
1765645966.709511,3653,256
1765645966.721655,3654,256
1765645966.727716,3655,256
1765645966.729726,3656,256
1765645966.730900,3657,256
1765645966.735862,3658,256
1765645966.750046,3659,256
1765645966.752017,3660,256
1765645966.753729,3661,256
1765645966.757586,3662,256
1765645966.759264,3663,256
1765645966.759439,3664,256
1765645966.760089,3665,256
1765645966.760833,3666,256
1765645966.766983,3667,256
1765645966.772447,3668,256
1765645966.777295,3669,256
1765645966.780580,3670,256
1765645966.785689,3671,256
1765645966.795587,3672,256
1765645966.798254,3673,256
1765645966.800059,3674,256
1765645966.800665,3675,256
1765645966.800850,3676,256
1765645966.802145,3677,256
1765645966.807603,3678,256
1765645966.808913,3679,256
1765645966.815366,3680,256
1765645966.815952,3681,256
1765645966.817636,3682,256
1765645966.820845,3683,256
1765645966.823070,3684,256
1765645966.823206,3685,256
1765645966.830003,3686,256
1765645966.832778,3687,256
1765645966.839679,3688,256
1765645966.842193,3689,256
1765645966.844666,3690,256
1765645966.845852,3691,256
1765645966.860515,3692,256
1765645966.862030,3693,256
1765645966.863877,3694,256
1765645966.864793,3695,256
1765645966.877746,3696,256
1765645966.883576,3697,256
1765645966.883877,3698,256
1765645966.888288,3699,256
1765645966.890826,3700,256
1765645966.891011,3701,256
1765645966.891527,3702,256
1765645966.894719,3703,256
1765645966.897298,3704,256
1765645966.907063,3705,256
1765645966.914069,3706,256
1765645966.916458,3707,256
1765645966.930458,3708,256
1765645966.930661,3709,256
1765645966.933589,3710,256
1765645966.936454,3711,256
1765645966.945750,3712,256
1765645966.946544,3713,256
1765645966.948594,3714,256
1765645966.948771,3715,256
1765645966.953439,3716,256
1765645966.955516,3717,256
1765645966.957488,3718,256
1765645966.964182,3719,256
1765645966.964525,3720,256
1765645966.965584,3721,256
1765645966.967487,3722,256
1765645966.968469,3723,256
1765645966.970903,3724,256
1765645966.972459,3725,256
1765645966.978104,3726,256
1765645966.979399,3727,256
1765645966.979736,3728,256
1765645966.980007,3729,256
1765645966.982034,3730,256
1765645966.982515,3731,256
1765645966.983740,3732,256
1765645966.984312,3733,256
1765645966.985009,3734,256
1765645966.988264,3735,256
1765645966.989515,3736,256
1765645966.990403,3737,256
1765645966.999951,3738,256
1765645967.007262,3739,256
1765645967.012834,3740,256
1765645967.013398,3741,256
1765645967.013915,3742,256
1765645967.015616,3743,256
1765645967.018851,3744,256
1765645967.020431,3745,256
1765645967.020733,3746,256
1765645967.027436,3747,256
1765645967.027684,3748,256
1765645967.033657,3749,256
1765645967.041417,3750,256
1765645967.043611,3751,256
1765645967.047838,3752,256
1765645967.054004,3753,256
1765645967.058313,3754,256
1765645967.058961,3755,256
1765645967.062818,3756,256
1765645967.065021,3757,256
1765645967.069955,3758,256
1765645967.073812,3759,256
1765645967.076444,3760,256
1765645967.083068,3761,256
1765645967.084504,3762,256
1765645967.086743,3763,256
1765645967.089906,3764,256
1765645967.094975,3765,256
1765645967.097579,3766,256
1765645967.100749,3767,256
1765645967.100880,3768,256
1765645967.108487,3769,256
1765645967.111586,3770,256
1765645967.117095,3771,256
1765645967.122182,3772,256
1765645967.123708,3773,256
1765645967.129473,3774,256
1765645967.130611,3775,256
1765645967.132846,3776,256
1765645967.133158,3777,256
1765645967.133923,3778,256
1765645967.139031,3779,256
1765645967.142104,3780,256
1765645967.142588,3781,256
1765645967.146892,3782,256
1765645967.146929,3783,256
1765645967.154502,3784,256
1765645967.155310,3785,256
1765645967.165570,3786,256
1765645967.168137,3787,256
1765645967.172885,3788,256
1765645967.179945,3789,256
1765645967.183664,3790,256
1765645967.186854,3791,256
1765645967.187891,3792,256
1765645967.190145,3793,256
1765645967.193947,3794,256
1765645967.199658,3795,256
1765645967.199900,3796,256
1765645967.200213,3797,256
1765645967.200817,3798,256
1765645967.202320,3799,256
1765645967.203111,3800,256
1765645967.206870,3801,256
1765645967.211310,3802,256
1765645967.214492,3803,256
1765645967.215646,3804,256
1765645967.217652,3805,256
1765645967.218213,3806,256
1765645967.219322,3807,256
1765645967.221839,3808,256
1765645967.223136,3809,256
1765645967.230244,3810,256
1765645967.230402,3811,256
1765645967.230816,3812,256
1765645967.231396,3813,256
1765645967.232340,3814,256
1765645967.235724,3815,256
1765645967.242316,3816,256
1765645967.243455,3817,256
1765645967.254663,3818,256
1765645967.257841,3819,256
1765645967.260958,3820,256
1765645967.261228,3821,256
1765645967.261270,3822,256
1765645967.264591,3823,256
1765645967.265995,3824,256
1765645967.278843,3825,256
1765645967.280386,3826,256
1765645967.284164,3827,256
1765645967.285921,3828,256
1765645967.286191,3829,256
1765645967.286353,3830,256
1765645967.291245,3831,256
1765645967.291927,3832,256
1765645967.292974,3833,256
1765645967.302648,3834,256
1765645967.308950,3835,256
1765645967.311161,3836,256
1765645967.313396,3837,256
1765645967.321801,3838,256
1765645967.326199,3839,256
1765645967.328812,3840,256
1765645967.334153,3841,256
1765645967.339409,3842,256
1765645967.340599,3843,256
1765645967.345527,3844,256
1765645967.346934,3845,256
1765645967.350168,3846,256
1765645967.357418,3847,256
1765645967.363022,3848,256
1765645967.365472,3849,256
1765645967.373510,3850,256
1765645967.376686,3851,256
1765645967.378680,3852,256
1765645967.380661,3853,256
1765645967.385407,3854,256
1765645967.387473,3855,256
1765645967.387628,3856,256
1765645967.390334,3857,256
1765645967.395474,3858,256
1765645967.399170,3859,256
1765645967.400464,3860,256
1765645967.404411,3861,256
1765645967.406728,3862,256
1765645967.406876,3863,256
1765645967.415846,3864,256
1765645967.421991,3865,256
1765645967.423728,3866,256
1765645967.424540,3867,256
1765645967.430722,3868,256
1765645967.434594,3869,256
1765645967.442309,3870,256
1765645967.452683,3871,256
1765645967.453482,3872,256
1765645967.455630,3873,256
1765645967.459653,3874,256
1765645967.462481,3875,256
1765645967.465036,3876,256
1765645967.474929,3877,256
1765645967.476461,3878,256
1765645967.485426,3879,256
1765645967.486023,3880,256
1765645967.486652,3881,256
1765645967.486844,3882,256
1765645967.491432,3883,256
1765645967.491582,3884,256
1765645967.494026,3885,256
1765645967.496663,3886,256
1765645967.496875,3887,256
1765645967.499183,3888,256
1765645967.500241,3889,256
1765645967.502272,3890,256
1765645967.506041,3891,256
1765645967.513121,3892,256
1765645967.513198,3893,256
1765645967.513568,3894,256
1765645967.514045,3895,256
1765645967.517567,3896,256
1765645967.519265,3897,256
1765645967.522179,3898,256
1765645967.522283,3899,256
1765645967.524445,3900,256
1765645967.530950,3901,256
1765645967.531885,3902,256
1765645967.534444,3903,256
1765645967.537227,3904,256
1765645967.539782,3905,256
1765645967.544932,3906,256
1765645967.548573,3907,256
1765645967.552282,3908,256
1765645967.552469,3909,256
1765645967.555420,3910,256
1765645967.561121,3911,256
1765645967.564691,3912,256
1765645967.564834,3913,256
1765645967.568074,3914,256
1765645967.569502,3915,256
1765645967.572739,3916,256
1765645967.573035,3917,256
1765645967.574415,3918,256
1765645967.576211,3919,256
1765645967.579613,3920,256
1765645967.582905,3921,256
1765645967.584128,3922,256
1765645967.584493,3923,256
1765645967.585772,3924,256
1765645967.586887,3925,256
1765645967.591552,3926,256
1765645967.593517,3927,256
1765645967.593662,3928,256
1765645967.595049,3929,256
1765645967.599318,3930,256
1765645967.609559,3931,256
1765645967.609726,3932,256
1765645967.613424,3933,256
1765645967.613889,3934,256
1765645967.615521,3935,256
1765645967.616145,3936,256
1765645967.619510,3937,256
1765645967.620229,3938,256
1765645967.621552,3939,256
1765645967.625258,3940,256
1765645967.626163,3941,256
1765645967.632456,3942,256
1765645967.637755,3943,256
1765645967.644534,3944,256
1765645967.646235,3945,256
1765645967.650127,3946,256
1765645967.665826,3947,256
1765645967.666760,3948,256
1765645967.672858,3949,256
1765645967.676244,3950,256
1765645967.679144,3951,256
1765645967.684543,3952,256
1765645967.688611,3953,256
1765645967.689295,3954,256
1765645967.699043,3955,256
1765645967.704173,3956,256
1765645967.706302,3957,256
1765645967.709912,3958,256
1765645967.710403,3959,256
1765645967.711046,3960,256
1765645967.721570,3961,256
1765645967.730779,3962,256
1765645967.733104,3963,256
1765645967.736744,3964,256
1765645967.741627,3965,256
1765645967.746358,3966,256
1765645967.747863,3967,256
1765645967.748070,3968,256
1765645967.754138,3969,256
1765645967.765640,3970,256
1765645967.765921,3971,256
1765645967.767805,3972,256
1765645967.768570,3973,256
1765645967.770407,3974,256
1765645967.771557,3975,256
1765645967.777237,3976,256
1765645967.782904,3977,256
1765645967.785630,3978,256
1765645967.785779,3979,256
1765645967.790548,3980,256
1765645967.791278,3981,256
1765645967.792004,3982,256
1765645967.793464,3983,256
1765645967.796400,3984,256
1765645967.798102,3985,256
1765645967.798523,3986,256
1765645967.798930,3987,256
1765645967.802909,3988,256
1765645967.811496,3989,256
1765645967.815800,3990,256
1765645967.816448,3991,256
1765645967.828632,3992,256
1765645967.830977,3993,256
1765645967.831087,3994,256
1765645967.835429,3995,256
1765645967.835834,3996,256
1765645967.843401,3997,256
1765645967.845809,3998,256
1765645967.847640,3999,256
1765645967.850919,4000,256
1765645967.854969,4001,256
1765645967.859799,4002,256
1765645967.861890,4003,256
1765645967.868417,4004,256
1765645967.868655,4005,256
1765645967.868678,4006,256
1765645967.876079,4007,256
1765645967.878443,4008,256
1765645967.878599,4009,256
1765645967.881902,4010,256
1765645967.883999,4011,256
1765645967.887975,4012,256
1765645967.890601,4013,256
1765645967.890782,4014,256
1765645967.891291,4015,256
1765645967.891874,4016,256
1765645967.896940,4017,256
1765645967.897591,4018,256
1765645967.900226,4019,256
1765645967.905938,4020,256
1765645967.910163,4021,256
1765645967.913591,4022,256
1765645967.914241,4023,256
1765645967.914385,4024,256
1765645967.914533,4025,256
1765645967.916260,4026,256
1765645967.918761,4027,256
1765645967.920536,4028,256
1765645967.920659,4029,256
1765645967.927757,4030,256
1765645967.931590,4031,256
1765645967.933577,4032,256
1765645967.936660,4033,256
1765645967.940455,4034,256
1765645967.941205,4035,256
1765645967.942991,4036,256
1765645967.943692,4037,256
1765645967.947507,4038,256
1765645967.947893,4039,256
1765645967.951610,4040,256
1765645967.960763,4041,256
1765645967.962949,4042,256
1765645967.966565,4043,256
1765645967.968714,4044,256
1765645967.968868,4045,256
1765645967.972877,4046,256
1765645967.973955,4047,256
1765645967.974492,4048,256
1765645967.977871,4049,256
1765645967.977997,4050,256
1765645967.981482,4051,256
1765645967.983607,4052,256
1765645967.984469,4053,256
1765645967.984763,4054,256
1765645967.984988,4055,256
1765645967.992705,4056,256
1765645967.995020,4057,256
1765645968.019106,4058,256
1765645968.025256,4059,256
1765645968.025915,4060,256
1765645968.026727,4061,256
1765645968.030368,4062,256
1765645968.039094,4063,256
1765645968.042299,4064,256
1765645968.043138,4065,256
1765645968.045111,4066,256
1765645968.047927,4067,256
1765645968.050239,4068,256
1765645968.051590,4069,256
1765645968.055834,4070,256
1765645968.059064,4071,256
1765645968.067855,4072,256
1765645968.090506,4073,256
1765645968.090634,4074,256
1765645968.092611,4075,256
1765645968.095887,4076,256
1765645968.099791,4077,256
1765645968.105825,4078,256
1765645968.110532,4079,256
1765645968.115946,4080,256
1765645968.117066,4081,256
1765645968.117165,4082,256
1765645968.120839,4083,256
1765645968.125661,4084,256
1765645968.127809,4085,256
1765645968.128088,4086,256
1765645968.134068,4087,256
1765645968.134835,4088,256
1765645968.135163,4089,256
1765645968.135370,4090,256
1765645968.136591,4091,256
1765645968.139832,4092,256
1765645968.141078,4093,256
1765645968.142383,4094,256
1765645968.144984,4095,256
1765645968.145972,4096,256
1765645968.152353,4097,256
1765645968.155005,4098,256
1765645968.156748,4099,256
1765645968.159901,4100,256
1765645968.164202,4101,256
1765645968.170831,4102,256
1765645968.172207,4103,256
1765645968.174855,4104,256
1765645968.176172,4105,256
1765645968.180403,4106,256
1765645968.181859,4107,256
1765645968.183455,4108,256
1765645968.183549,4109,256
1765645968.184345,4110,256
1765645968.184577,4111,256
1765645968.189620,4112,256
1765645968.191717,4113,256
1765645968.193872,4114,256
1765645968.199988,4115,256
1765645968.214648,4116,256
1765645968.219130,4117,256
1765645968.224816,4118,256
1765645968.227426,4119,256
1765645968.229355,4120,256
1765645968.236722,4121,256
1765645968.237369,4122,256
1765645968.241583,4123,256
1765645968.242493,4124,256
1765645968.243582,4125,256
1765645968.247110,4126,256
1765645968.256680,4127,256
1765645968.258732,4128,256
1765645968.260368,4129,256
1765645968.260665,4130,256
1765645968.264625,4131,256
1765645968.274743,4132,256
1765645968.279584,4133,256
1765645968.280166,4134,256
1765645968.294109,4135,256
1765645968.296148,4136,256
1765645968.299490,4137,256
1765645968.301267,4138,256
1765645968.310157,4139,256
1765645968.315079,4140,256
1765645968.316819,4141,256
1765645968.319396,4142,256
1765645968.322979,4143,256
1765645968.332599,4144,256
1765645968.337125,4145,256
1765645968.339431,4146,256
1765645968.345758,4147,256
1765645968.346136,4148,256
1765645968.361286,4149,256
1765645968.376166,4150,256
1765645968.377495,4151,256
1765645968.381755,4152,256
1765645968.389317,4153,256
1765645968.392669,4154,256
1765645968.393131,4155,256
1765645968.395003,4156,256
1765645968.403518,4157,256
1765645968.406254,4158,256
1765645968.407010,4159,256
1765645968.407133,4160,256
1765645968.420161,4161,256
1765645968.421676,4162,256
1765645968.424892,4163,256
1765645968.437302,4164,256
1765645968.440958,4165,256
1765645968.444544,4166,256
1765645968.450420,4167,256
1765645968.477637,4168,256
1765645968.478324,4169,256
1765645968.479599,4170,256
1765645968.482274,4171,256
1765645968.491919,4172,256
1765645968.497574,4173,256
1765645968.498082,4174,256
1765645968.498599,4175,256
1765645968.500758,4176,256
1765645968.501130,4177,256
1765645968.501232,4178,256
1765645968.502915,4179,256
1765645968.502944,4180,256
1765645968.504366,4181,256
1765645968.512058,4182,256
1765645968.516359,4183,256
1765645968.516962,4184,256
1765645968.520960,4185,256
1765645968.523465,4186,256
1765645968.537781,4187,256
1765645968.538234,4188,256
1765645968.538663,4189,256
1765645968.540788,4190,256
1765645968.542018,4191,256
1765645968.548167,4192,256
1765645968.555955,4193,256
1765645968.557919,4194,256
1765645968.559592,4195,256
1765645968.574540,4196,256
1765645968.577315,4197,256
1765645968.582140,4198,256
1765645968.584575,4199,256
1765645968.587082,4200,256
1765645968.591155,4201,256
1765645968.591294,4202,256
1765645968.591538,4203,256
1765645968.593544,4204,256
1765645968.599701,4205,256
1765645968.601545,4206,256
1765645968.604851,4207,256
1765645968.606559,4208,256
1765645968.607551,4209,256
1765645968.609327,4210,256
1765645968.613353,4211,256
1765645968.615521,4212,256
1765645968.615544,4213,256
1765645968.616654,4214,256
1765645968.619168,4215,256
1765645968.626050,4216,256
1765645968.626503,4217,256
1765645968.629926,4218,256
1765645968.632199,4219,256
1765645968.640856,4220,256
1765645968.642397,4221,256
1765645968.645001,4222,256
1765645968.648985,4223,256
1765645968.655840,4224,256
1765645968.658206,4225,256
1765645968.660345,4226,256
1765645968.661495,4227,256
1765645968.665774,4228,256
1765645968.672717,4229,256
1765645968.675125,4230,256
1765645968.675350,4231,256
1765645968.678002,4232,256
1765645968.679046,4233,256
1765645968.679432,4234,256
1765645968.681850,4235,256
1765645968.689108,4236,256
1765645968.689306,4237,256
1765645968.694064,4238,256
1765645968.696879,4239,256
1765645968.703136,4240,256
1765645968.706368,4241,256
1765645968.722454,4242,256
1765645968.727283,4243,256
1765645968.730622,4244,256
1765645968.736644,4245,256
1765645968.742369,4246,256
1765645968.742916,4247,256
1765645968.743674,4248,256
1765645968.747128,4249,256
1765645968.747391,4250,256
1765645968.749272,4251,256
1765645968.750514,4252,256
1765645968.753681,4253,256
1765645968.759311,4254,256
1765645968.761673,4255,256
1765645968.767947,4256,256
1765645968.772914,4257,256
1765645968.774060,4258,256
1765645968.780150,4259,256
1765645968.787870,4260,256
1765645968.788127,4261,256
1765645968.790768,4262,256
1765645968.791189,4263,256
1765645968.792845,4264,256
1765645968.795420,4265,256
1765645968.805894,4266,256
1765645968.808819,4267,256
1765645968.809969,4268,256
1765645968.819577,4269,256
1765645968.820210,4270,256
1765645968.827967,4271,256
1765645968.828206,4272,256
1765645968.828409,4273,256
1765645968.831893,4274,256
1765645968.833505,4275,256
1765645968.834770,4276,256
1765645968.839176,4277,256
1765645968.841703,4278,256
1765645968.843429,4279,256
1765645968.850579,4280,256
1765645968.854882,4281,256
1765645968.857841,4282,256
1765645968.866252,4283,256
1765645968.866726,4284,256
1765645968.873111,4285,256
1765645968.877600,4286,256
1765645968.878397,4287,256
1765645968.889038,4288,256
1765645968.895871,4289,256
1765645968.903098,4290,256
1765645968.903757,4291,256
1765645968.909153,4292,256
1765645968.909982,4293,256
1765645968.916795,4294,256
1765645968.917304,4295,256
1765645968.918664,4296,256
1765645968.920076,4297,256
1765645968.922780,4298,256
1765645968.927441,4299,256
1765645968.928341,4300,256
1765645968.928485,4301,256
1765645968.932230,4302,256
1765645968.934935,4303,256
1765645968.935471,4304,256
1765645968.942569,4305,256
1765645968.947164,4306,256
1765645968.955760,4307,256
1765645968.958081,4308,256
1765645968.959677,4309,256
1765645968.964416,4310,256
1765645968.965135,4311,256
1765645968.965898,4312,256
1765645968.969229,4313,256
1765645968.979355,4314,256
1765645968.980604,4315,256
1765645968.986666,4316,256
1765645968.988429,4317,256
1765645968.994245,4318,256
1765645969.005434,4319,256
1765645969.006123,4320,256
1765645969.006918,4321,256
1765645969.008732,4322,256
1765645969.009007,4323,256
1765645969.010924,4324,256
1765645969.012077,4325,256
1765645969.017222,4326,256
1765645969.017456,4327,256
1765645969.024138,4328,256
1765645969.028158,4329,256
1765645969.029732,4330,256
1765645969.036308,4331,256
1765645969.040149,4332,256
1765645969.041689,4333,256
1765645969.042407,4334,256
1765645969.042563,4335,256
1765645969.044356,4336,256
1765645969.046522,4337,256
1765645969.046665,4338,256
1765645969.046704,4339,256
1765645969.053163,4340,256
1765645969.053301,4341,256
1765645969.056266,4342,256
1765645969.057051,4343,256
1765645969.057291,4344,256
1765645969.064248,4345,256
1765645969.068673,4346,256
1765645969.074155,4347,256
1765645969.082415,4348,256
1765645969.085131,4349,256
1765645969.085401,4350,256
1765645969.088386,4351,256
1765645969.089548,4352,256
1765645969.091857,4353,256
1765645969.104667,4354,256
1765645969.109956,4355,256
1765645969.124275,4356,256
1765645969.126277,4357,256
1765645969.129798,4358,256
1765645969.130579,4359,256
1765645969.133779,4360,256
1765645969.133984,4361,256
1765645969.136096,4362,256
1765645969.136642,4363,256
1765645969.137778,4364,256
1765645969.138700,4365,256
1765645969.141862,4366,256
1765645969.149852,4367,256
1765645969.150479,4368,256
1765645969.152022,4369,256
1765645969.152928,4370,256
1765645969.153020,4371,256
1765645969.156150,4372,256
1765645969.161716,4373,256
1765645969.161958,4374,256
1765645969.167365,4375,256
1765645969.167838,4376,256
1765645969.167874,4377,256
1765645969.173540,4378,256
1765645969.173633,4379,256
1765645969.175611,4380,256
1765645969.178870,4381,256
1765645969.185488,4382,256
1765645969.185683,4383,256
1765645969.186382,4384,256
1765645969.188458,4385,256
1765645969.189954,4386,256
1765645969.217618,4387,256
1765645969.229718,4388,256
1765645969.235742,4389,256
1765645969.237273,4390,256
1765645969.243569,4391,256
1765645969.254603,4392,256
1765645969.255696,4393,256
1765645969.259962,4394,256
1765645969.265679,4395,256
1765645969.266354,4396,256
1765645969.266592,4397,256
1765645969.267774,4398,256
1765645969.271063,4399,256
1765645969.276981,4400,256
1765645969.281899,4401,256
1765645969.283454,4402,256
1765645969.284189,4403,256
1765645969.284559,4404,256
1765645969.286297,4405,256
1765645969.292068,4406,256
1765645969.293555,4407,256
1765645969.294147,4408,256
1765645969.300351,4409,256
1765645969.305013,4410,256
1765645969.307688,4411,256
1765645969.315582,4412,256
1765645969.321547,4413,256
1765645969.326821,4414,256
1765645969.327583,4415,256
1765645969.330062,4416,256
1765645969.333681,4417,256
1765645969.333896,4418,256
1765645969.333948,4419,256
1765645969.336712,4420,256
1765645969.339959,4421,256
1765645969.342920,4422,256
1765645969.347163,4423,256
1765645969.349501,4424,256
1765645969.355030,4425,256
1765645969.359104,4426,256
1765645969.364708,4427,256
1765645969.365513,4428,256
1765645969.366313,4429,256
1765645969.376004,4430,256
1765645969.376901,4431,256
1765645969.379684,4432,256
1765645969.380013,4433,256
1765645969.384033,4434,256
1765645969.386425,4435,256
1765645969.388812,4436,256
1765645969.390410,4437,256
1765645969.391513,4438,256
1765645969.397036,4439,256
1765645969.397514,4440,256
1765645969.399627,4441,256
1765645969.411692,4442,256
1765645969.425062,4443,256
1765645969.431363,4444,256
1765645969.431534,4445,256
1765645969.432523,4446,256
1765645969.433144,4447,256
1765645969.435392,4448,256
1765645969.436125,4449,256
1765645969.438495,4450,256
1765645969.438704,4451,256
1765645969.438739,4452,256
1765645969.440616,4453,256
1765645969.445839,4454,256
1765645969.451411,4455,256
1765645969.452238,4456,256
1765645969.453030,4457,256
1765645969.461901,4458,256
1765645969.472629,4459,256
1765645969.472929,4460,256
1765645969.478578,4461,256
1765645969.479005,4462,256
1765645969.483669,4463,256
1765645969.483962,4464,256
1765645969.489029,4465,256
1765645969.492015,4466,256
1765645969.492465,4467,256
1765645969.493178,4468,256
1765645969.495034,4469,256
1765645969.501609,4470,256
1765645969.503791,4471,256
1765645969.510645,4472,256
1765645969.511195,4473,256
1765645969.516309,4474,256
1765645969.517464,4475,256
1765645969.518200,4476,256
1765645969.520793,4477,256
1765645969.523188,4478,256
1765645969.524262,4479,256
1765645969.528945,4480,256
1765645969.532678,4481,256
1765645969.537279,4482,256
1765645969.538637,4483,256
1765645969.540419,4484,256
1765645969.541860,4485,256
1765645969.545036,4486,256
1765645969.546799,4487,256
1765645969.548083,4488,256
1765645969.548137,4489,256
1765645969.558269,4490,256
1765645969.561544,4491,256
1765645969.562425,4492,256
1765645969.562510,4493,256
1765645969.563558,4494,256
1765645969.564692,4495,256
1765645969.565330,4496,256
1765645969.567822,4497,256
1765645969.577266,4498,256
1765645969.578434,4499,256
1765645969.581298,4500,256
1765645969.585048,4501,256
1765645969.586575,4502,256
1765645969.586841,4503,256
1765645969.589091,4504,256
1765645969.594475,4505,256
1765645969.596725,4506,256
1765645969.611649,4507,256
1765645969.613870,4508,256
1765645969.614531,4509,256
1765645969.615294,4510,256
1765645969.621027,4511,256
1765645969.622590,4512,256
1765645969.635236,4513,256
1765645969.635474,4514,256
1765645969.637026,4515,256
1765645969.637492,4516,256
1765645969.644320,4517,256
1765645969.646170,4518,256
1765645969.649652,4519,256
1765645969.651495,4520,256
1765645969.654295,4521,256
1765645969.654575,4522,256
1765645969.655965,4523,256
1765645969.656452,4524,256
1765645969.658834,4525,256
1765645969.658970,4526,256
1765645969.659169,4527,256
1765645969.665019,4528,256
1765645969.671039,4529,256
1765645969.672196,4530,256
1765645969.675770,4531,256
1765645969.679474,4532,256
1765645969.679641,4533,256
1765645969.680401,4534,256
1765645969.683247,4535,256
1765645969.690231,4536,256
1765645969.690902,4537,256
1765645969.694132,4538,256
1765645969.696731,4539,256
1765645969.696965,4540,256
1765645969.698553,4541,256
1765645969.698808,4542,256
1765645969.699614,4543,256
1765645969.710023,4544,256
1765645969.722306,4545,256
1765645969.724131,4546,256
1765645969.728027,4547,256
1765645969.728272,4548,256
1765645969.728629,4549,256
1765645969.728739,4550,256
1765645969.730980,4551,256
1765645969.735427,4552,256
1765645969.735691,4553,256
1765645969.740098,4554,256
1765645969.741516,4555,256
1765645969.747914,4556,256
1765645969.754274,4557,256
1765645969.758638,4558,256
1765645969.761145,4559,256
1765645969.761574,4560,256
1765645969.762673,4561,256
1765645969.763469,4562,256
1765645969.764157,4563,256
1765645969.764557,4564,256
1765645969.765405,4565,256
1765645969.766903,4566,256
1765645969.772825,4567,256
1765645969.777708,4568,256
1765645969.779577,4569,256
1765645969.783666,4570,256
1765645969.790047,4571,256
1765645969.792574,4572,256
1765645969.796412,4573,256
1765645969.800833,4574,256
1765645969.803121,4575,256
1765645969.805691,4576,256
1765645969.806393,4577,256
1765645969.817561,4578,256
1765645969.831877,4579,256
1765645969.838471,4580,256
1765645969.846169,4581,256
1765645969.852718,4582,256
1765645969.853019,4583,256
1765645969.853091,4584,256
1765645969.856987,4585,256
1765645969.857198,4586,256
1765645969.857823,4587,256
1765645969.861046,4588,256
1765645969.863272,4589,256
1765645969.863627,4590,256
1765645969.868198,4591,256
1765645969.876978,4592,256
1765645969.880269,4593,256
1765645969.887758,4594,256
1765645969.894709,4595,256
1765645969.897587,4596,256
1765645969.898169,4597,256
1765645969.900312,4598,256
1765645969.901590,4599,256
1765645969.901778,4600,256
1765645969.904898,4601,256
1765645969.908236,4602,256
1765645969.910005,4603,256
1765645969.912541,4604,256
1765645969.922678,4605,256
1765645969.931129,4606,256
1765645969.938708,4607,256
1765645969.940986,4608,256
1765645969.942449,4609,256
1765645969.943528,4610,256
1765645969.944890,4611,256
1765645969.944939,4612,256
1765645969.945719,4613,256
1765645969.948629,4614,256
1765645969.948857,4615,256
1765645969.956512,4616,256
1765645969.958671,4617,256
1765645969.959528,4618,256
1765645969.960646,4619,256
1765645969.963407,4620,256
1765645969.964107,4621,256
1765645969.970263,4622,256
1765645969.970814,4623,256
1765645969.975122,4624,256
1765645969.976411,4625,256
1765645969.980490,4626,256
1765645969.983964,4627,256
1765645969.988264,4628,256
1765645969.991895,4629,256
1765645969.994672,4630,256
1765645969.994887,4631,256
1765645969.995340,4632,256
1765645970.000660,4633,256
1765645970.002365,4634,256
1765645970.010398,4635,256
1765645970.012516,4636,256
1765645970.014643,4637,256
1765645970.015168,4638,256
1765645970.021149,4639,256
1765645970.023231,4640,256
1765645970.026181,4641,256
1765645970.028394,4642,256
1765645970.038031,4643,256
1765645970.038308,4644,256
1765645970.042806,4645,256
1765645970.046938,4646,256
1765645970.052054,4647,256
1765645970.054252,4648,256
1765645970.055133,4649,256
1765645970.059653,4650,256
1765645970.065749,4651,256
1765645970.066107,4652,256
1765645970.084479,4653,256
1765645970.097254,4654,256
1765645970.105819,4655,256
1765645970.111044,4656,256
1765645970.115566,4657,256
1765645970.116313,4658,256
1765645970.119586,4659,256
1765645970.123003,4660,256
1765645970.123523,4661,256
1765645970.124109,4662,256
1765645970.132802,4663,256
1765645970.133029,4664,256
1765645970.134650,4665,256
1765645970.137576,4666,256
1765645970.145118,4667,256
1765645970.146401,4668,256
1765645970.150513,4669,256
1765645970.151260,4670,256
1765645970.153738,4671,256
1765645970.157260,4672,256
1765645970.166660,4673,256
1765645970.166806,4674,256
1765645970.169447,4675,256
1765645970.183437,4676,256
1765645970.185816,4677,256
1765645970.187919,4678,256
1765645970.190289,4679,256
1765645970.194254,4680,256
1765645970.200351,4681,256
1765645970.200702,4682,256
1765645970.211046,4683,256
1765645970.212567,4684,256
1765645970.218501,4685,256
1765645970.225546,4686,256
1765645970.225688,4687,256
1765645970.241877,4688,256
1765645970.244110,4689,256
1765645970.246417,4690,256
1765645970.248412,4691,256
1765645970.253912,4692,256
1765645970.254703,4693,256
1765645970.259608,4694,256
1765645970.260158,4695,256
1765645970.260870,4696,256
1765645970.262100,4697,256
1765645970.263092,4698,256
1765645970.263970,4699,256
1765645970.268017,4700,256
1765645970.268394,4701,256
1765645970.269095,4702,256
1765645970.277643,4703,256
1765645970.281936,4704,256
1765645970.290595,4705,256
1765645970.291785,4706,256
1765645970.305419,4707,256
1765645970.305574,4708,256
1765645970.307018,4709,256
1765645970.310357,4710,256
1765645970.311858,4711,256
1765645970.313452,4712,256
1765645970.318961,4713,256
1765645970.319061,4714,256
1765645970.329141,4715,256
1765645970.333780,4716,256
1765645970.343360,4717,256
1765645970.345601,4718,256
1765645970.350181,4719,256
1765645970.351330,4720,256
1765645970.351944,4721,256
1765645970.354321,4722,256
1765645970.358491,4723,256
1765645970.360644,4724,256
1765645970.363497,4725,256
1765645970.369336,4726,256
1765645970.370885,4727,256
1765645970.371929,4728,256
1765645970.373341,4729,256
1765645970.377696,4730,256
1765645970.380939,4731,256
1765645970.386054,4732,256
1765645970.386232,4733,256
1765645970.386838,4734,256
1765645970.388423,4735,256
1765645970.397761,4736,256
1765645970.397937,4737,256
1765645970.397988,4738,256
1765645970.401793,4739,256
1765645970.403488,4740,256
1765645970.419657,4741,256
1765645970.420618,4742,256
1765645970.423493,4743,256
1765645970.423672,4744,256
1765645970.426922,4745,256
1765645970.429942,4746,256
1765645970.431724,4747,256
1765645970.431981,4748,256
1765645970.435860,4749,256
1765645970.438919,4750,256
1765645970.439778,4751,256
1765645970.444292,4752,256
1765645970.445635,4753,256
1765645970.448797,4754,256
1765645970.449986,4755,256
1765645970.457838,4756,256
1765645970.461249,4757,256
1765645970.461915,4758,256
1765645970.465383,4759,256
1765645970.467220,4760,256
1765645970.476302,4761,256
1765645970.482218,4762,256
1765645970.484654,4763,256
1765645970.485523,4764,256
1765645970.487100,4765,256
1765645970.495234,4766,256
1765645970.509118,4767,256
1765645970.516941,4768,256
1765645970.518574,4769,256
1765645970.519392,4770,256
1765645970.523501,4771,256
1765645970.527318,4772,256
1765645970.530106,4773,256
1765645970.530785,4774,256
1765645970.532902,4775,256
1765645970.541622,4776,256
1765645970.547292,4777,256
1765645970.548438,4778,256
1765645970.554837,4779,256
1765645970.558577,4780,256
1765645970.559051,4781,256
1765645970.561755,4782,256
1765645970.562491,4783,256
1765645970.562949,4784,256
1765645970.565745,4785,256
1765645970.565974,4786,256
1765645970.566009,4787,256
1765645970.566517,4788,256
1765645970.568011,4789,256
1765645970.571500,4790,256
1765645970.572591,4791,256
1765645970.574722,4792,256
1765645970.578013,4793,256
1765645970.584062,4794,256
1765645970.591938,4795,256
1765645970.598384,4796,256
1765645970.601506,4797,256
1765645970.602045,4798,256
1765645970.604479,4799,256
1765645970.612683,4800,256
1765645970.614068,4801,256
1765645970.616786,4802,256
1765645970.625150,4803,256
1765645970.627405,4804,256
1765645970.630548,4805,256
1765645970.633962,4806,256
1765645970.635563,4807,256
1765645970.648573,4808,256
1765645970.650862,4809,256
1765645970.663694,4810,256
1765645970.668495,4811,256
1765645970.671160,4812,256
1765645970.671284,4813,256
1765645970.673262,4814,256
1765645970.674471,4815,256
1765645970.677351,4816,256
1765645970.679432,4817,256
1765645970.681592,4818,256
1765645970.683673,4819,256
1765645970.686586,4820,256
1765645970.690845,4821,256
1765645970.692175,4822,256
1765645970.693693,4823,256
1765645970.700504,4824,256
1765645970.711653,4825,256
1765645970.713997,4826,256
1765645970.715724,4827,256
1765645970.718103,4828,256
1765645970.720123,4829,256
1765645970.722013,4830,256
1765645970.722620,4831,256
1765645970.723758,4832,256
1765645970.727424,4833,256
1765645970.727644,4834,256
1765645970.727880,4835,256
1765645970.733344,4836,256
1765645970.736587,4837,256
1765645970.737452,4838,256
1765645970.738686,4839,256
1765645970.740070,4840,256
1765645970.740144,4841,256
1765645970.741008,4842,256
1765645970.744406,4843,256
1765645970.751139,4844,256
1765645970.751393,4845,256
1765645970.752757,4846,256
1765645970.756227,4847,256
1765645970.757583,4848,256
1765645970.763742,4849,256
1765645970.767298,4850,256
1765645970.767423,4851,256
1765645970.768804,4852,256
1765645970.775149,4853,256
1765645970.781360,4854,256
1765645970.782079,4855,256
1765645970.782919,4856,256
1765645970.789067,4857,256
1765645970.790733,4858,256
1765645970.801961,4859,256
1765645970.804921,4860,256
1765645970.805052,4861,256
1765645970.808523,4862,256
1765645970.809565,4863,256
1765645970.813867,4864,256
1765645970.818478,4865,256
1765645970.829349,4866,256
1765645970.830313,4867,256
1765645970.834081,4868,256
1765645970.834188,4869,256
1765645970.856424,4870,256
1765645970.857495,4871,256
1765645970.859515,4872,256
1765645970.861059,4873,256
1765645970.863477,4874,256
1765645970.864669,4875,256
1765645970.868574,4876,256
1765645970.872539,4877,256
1765645970.874257,4878,256
1765645970.881220,4879,256
1765645970.886945,4880,256
1765645970.892703,4881,256
1765645970.893234,4882,256
1765645970.893857,4883,256
1765645970.898359,4884,256
1765645970.900831,4885,256
1765645970.907096,4886,256
1765645970.913090,4887,256
1765645970.915887,4888,256
1765645970.921721,4889,256
1765645970.934426,4890,256
1765645970.938501,4891,256
1765645970.939034,4892,256
1765645970.944034,4893,256
1765645970.946666,4894,256
1765645970.951068,4895,256
1765645970.951214,4896,256
1765645970.954699,4897,256
1765645970.956018,4898,256
1765645970.959286,4899,256
1765645970.964346,4900,256
1765645970.966872,4901,256
1765645970.967403,4902,256
1765645970.970533,4903,256
1765645970.970657,4904,256
1765645970.991441,4905,256
1765645970.993738,4906,256
1765645970.996155,4907,256
1765645971.001847,4908,256
1765645971.003215,4909,256
1765645971.007050,4910,256
1765645971.009355,4911,256
1765645971.011508,4912,256
1765645971.012217,4913,256
1765645971.012425,4914,256
1765645971.015015,4915,256
1765645971.016912,4916,256
1765645971.018085,4917,256
1765645971.019975,4918,256
1765645971.023739,4919,256
1765645971.031662,4920,256
1765645971.031856,4921,256
1765645971.042815,4922,256
1765645971.050352,4923,256
1765645971.051833,4924,256
1765645971.055591,4925,256
1765645971.057261,4926,256
1765645971.059674,4927,256
1765645971.061095,4928,256
1765645971.063658,4929,256
1765645971.064229,4930,256
1765645971.064317,4931,256
1765645971.067865,4932,256
1765645971.068460,4933,256
1765645971.071168,4934,256
1765645971.076891,4935,256
1765645971.081261,4936,256
1765645971.085828,4937,256
1765645971.087008,4938,256
1765645971.088202,4939,256
1765645971.088385,4940,256
1765645971.092705,4941,256
1765645971.092851,4942,256
1765645971.093096,4943,256
1765645971.095526,4944,256
1765645971.101963,4945,256
1765645971.103465,4946,256
1765645971.108841,4947,256
1765645971.110845,4948,256
1765645971.112591,4949,256
1765645971.118335,4950,256
1765645971.126778,4951,256
1765645971.128022,4952,256
1765645971.133739,4953,256
1765645971.136473,4954,256
1765645971.140039,4955,256
1765645971.150836,4956,256
1765645971.154333,4957,256
1765645971.154537,4958,256
1765645971.168414,4959,256
1765645971.173304,4960,256
1765645971.178204,4961,256
1765645971.183769,4962,256
1765645971.188109,4963,256
1765645971.193092,4964,256
1765645971.198884,4965,256
1765645971.199018,4966,256
1765645971.205398,4967,256
1765645971.213029,4968,256
1765645971.214242,4969,256
1765645971.218595,4970,256
1765645971.219546,4971,256
1765645971.220391,4972,256
1765645971.224157,4973,256
1765645971.226825,4974,256
1765645971.227135,4975,256
1765645971.230622,4976,256
1765645971.233869,4977,256
1765645971.236274,4978,256
1765645971.237685,4979,256
1765645971.249181,4980,256
1765645971.259250,4981,256
1765645971.260386,4982,256
1765645971.264344,4983,256
1765645971.264975,4984,256
1765645971.265639,4985,256
1765645971.269368,4986,256
1765645971.270766,4987,256
1765645971.270794,4988,256
1765645971.271804,4989,256
1765645971.272301,4990,256
1765645971.275392,4991,256
1765645971.276319,4992,256
1765645971.277024,4993,256
1765645971.277390,4994,256
1765645971.277734,4995,256
1765645971.278212,4996,256
1765645971.281038,4997,256
1765645971.283948,4998,256
1765645971.287537,4999,256
1765645971.292730,5000,256
1765645971.305120,5001,256
1765645971.309797,5002,256
1765645971.312333,5003,256
1765645971.315649,5004,256
1765645971.320560,5005,256
1765645971.322632,5006,256
1765645971.322802,5007,256
1765645971.329309,5008,256
1765645971.333424,5009,256
1765645971.334549,5010,256
1765645971.335892,5011,256
1765645971.344341,5012,256
1765645971.345143,5013,256
1765645971.346268,5014,256
1765645971.356455,5015,256
1765645971.356664,5016,256
1765645971.359623,5017,256
1765645971.365686,5018,256
1765645971.369100,5019,256
1765645971.373716,5020,256
1765645971.374916,5021,256
1765645971.381935,5022,256
1765645971.385531,5023,256
1765645971.390589,5024,256
1765645971.390725,5025,256
1765645971.394822,5026,256
1765645971.401185,5027,256
1765645971.409545,5028,256
1765645971.410580,5029,256
1765645971.412589,5030,256
1765645971.414036,5031,256
1765645971.415174,5032,256
1765645971.417780,5033,256
1765645971.420470,5034,256
1765645971.420625,5035,256
1765645971.427737,5036,256
1765645971.433114,5037,256
1765645971.434831,5038,256
1765645971.436290,5039,256
1765645971.438370,5040,256
1765645971.443174,5041,256
1765645971.447273,5042,256
1765645971.447787,5043,256
1765645971.451828,5044,256
1765645971.454271,5045,256
1765645971.456284,5046,256
1765645971.457439,5047,256
1765645971.458589,5048,256
1765645971.459808,5049,256
1765645971.463691,5050,256
1765645971.465628,5051,256
1765645971.465790,5052,256
1765645971.473768,5053,256
1765645971.477588,5054,256
1765645971.485278,5055,256
1765645971.486590,5056,256
1765645971.488558,5057,256
1765645971.489971,5058,256
1765645971.490702,5059,256
1765645971.491877,5060,256
1765645971.494594,5061,256
1765645971.497185,5062,256
1765645971.499876,5063,256
1765645971.508107,5064,256
1765645971.513477,5065,256
1765645971.521566,5066,256
1765645971.526128,5067,256
1765645971.527638,5068,256
1765645971.531458,5069,256
1765645971.531798,5070,256
1765645971.532776,5071,256
1765645971.537702,5072,256
1765645971.538395,5073,256
1765645971.540367,5074,256
1765645971.545494,5075,256
1765645971.546295,5076,256
1765645971.548074,5077,256
1765645971.551204,5078,256
1765645971.551953,5079,256
1765645971.552390,5080,256
1765645971.552431,5081,256
1765645971.552461,5082,256
1765645971.553043,5083,256
1765645971.556421,5084,256
1765645971.559825,5085,256
1765645971.560017,5086,256
1765645971.560568,5087,256
1765645971.561448,5088,256
1765645971.571643,5089,256
1765645971.577357,5090,256
1765645971.579618,5091,256
1765645971.582108,5092,256
1765645971.585644,5093,256
1765645971.588155,5094,256
1765645971.591539,5095,256
1765645971.594800,5096,256
1765645971.595778,5097,256
1765645971.604323,5098,256
1765645971.610232,5099,256
1765645971.611038,5100,256
1765645971.620305,5101,256
1765645971.622869,5102,256
1765645971.626543,5103,256
1765645971.628155,5104,256
1765645971.629465,5105,256
1765645971.629774,5106,256
1765645971.635496,5107,256
1765645971.637421,5108,256
1765645971.646698,5109,256
1765645971.653013,5110,256
1765645971.655557,5111,256
1765645971.662349,5112,256
1765645971.667284,5113,256
1765645971.667986,5114,256
1765645971.669870,5115,256
1765645971.670058,5116,256
1765645971.675562,5117,256
1765645971.680587,5118,256
1765645971.680879,5119,256
1765645971.683289,5120,256
1765645971.684566,5121,256
1765645971.690956,5122,256
1765645971.692011,5123,256
1765645971.694074,5124,256
1765645971.697797,5125,256
1765645971.698545,5126,256
1765645971.700755,5127,256
1765645971.701587,5128,256
1765645971.708485,5129,256
1765645971.710487,5130,256
1765645971.711474,5131,256
1765645971.714941,5132,256
1765645971.717723,5133,256
1765645971.719931,5134,256
1765645971.723413,5135,256
1765645971.727817,5136,256
1765645971.730742,5137,256
1765645971.732867,5138,256
1765645971.742034,5139,256
1765645971.747400,5140,256
1765645971.754531,5141,256
1765645971.754664,5142,256
1765645971.756504,5143,256
1765645971.760707,5144,256
1765645971.762305,5145,256
1765645971.762702,5146,256
1765645971.763864,5147,256
1765645971.764740,5148,256
1765645971.765633,5149,256
1765645971.766781,5150,256
1765645971.773590,5151,256
1765645971.777595,5152,256
1765645971.781101,5153,256
1765645971.781396,5154,256
1765645971.782586,5155,256
1765645971.787055,5156,256
1765645971.793162,5157,256
1765645971.795267,5158,256
1765645971.796928,5159,256
1765645971.797162,5160,256
1765645971.800216,5161,256
1765645971.806207,5162,256
1765645971.812505,5163,256
1765645971.814071,5164,256
1765645971.814996,5165,256
1765645971.815126,5166,256
1765645971.817004,5167,256
1765645971.817627,5168,256
1765645971.818005,5169,256
1765645971.818659,5170,256
1765645971.829203,5171,256
1765645971.830508,5172,256
1765645971.837222,5173,256
1765645971.838923,5174,256
1765645971.839791,5175,256
1765645971.843538,5176,256
1765645971.847033,5177,256
1765645971.847289,5178,256
1765645971.848488,5179,256
1765645971.852849,5180,256
1765645971.854180,5181,256
1765645971.857131,5182,256
1765645971.868148,5183,256
1765645971.881206,5184,256
1765645971.883506,5185,256
1765645971.884526,5186,256
1765645971.886510,5187,256
1765645971.886655,5188,256
1765645971.887200,5189,256
1765645971.888506,5190,256
1765645971.890523,5191,256
1765645971.894130,5192,256
1765645971.896099,5193,256
1765645971.899342,5194,256
1765645971.902232,5195,256
1765645971.904505,5196,256
1765645971.912508,5197,256
1765645971.919650,5198,256
1765645971.919921,5199,256
1765645971.927868,5200,256
1765645971.928572,5201,256
1765645971.937879,5202,256
1765645971.951880,5203,256
1765645971.952605,5204,256
1765645971.957629,5205,256
1765645971.958862,5206,256
1765645971.959853,5207,256
1765645971.961534,5208,256
1765645971.961698,5209,256
1765645971.962418,5210,256
1765645971.963613,5211,256
1765645971.964752,5212,256
1765645971.968153,5213,256
1765645971.976139,5214,256
1765645971.976623,5215,256
1765645971.978842,5216,256
1765645971.991627,5217,256
1765645971.993355,5218,256
1765645971.993533,5219,256
1765645971.994795,5220,256
1765645971.995033,5221,256
1765645971.997342,5222,256
1765645972.002004,5223,256
1765645972.003684,5224,256
1765645972.006730,5225,256
1765645972.013199,5226,256
1765645972.014529,5227,256
1765645972.016545,5228,256
1765645972.024576,5229,256
1765645972.027070,5230,256
1765645972.029220,5231,256
1765645972.031147,5232,256
1765645972.032517,5233,256
1765645972.035472,5234,256
1765645972.036865,5235,256
1765645972.039809,5236,256
1765645972.044547,5237,256
1765645972.049779,5238,256
1765645972.049984,5239,256
1765645972.050491,5240,256
1765645972.050757,5241,256
1765645972.061934,5242,256
1765645972.062266,5243,256
1765645972.063480,5244,256
1765645972.064076,5245,256
1765645972.064106,5246,256
1765645972.069468,5247,256
1765645972.069621,5248,256
1765645972.075266,5249,256
1765645972.086634,5250,256
1765645972.093606,5251,256
1765645972.100191,5252,256
1765645972.115085,5253,256
1765645972.115404,5254,256
1765645972.117754,5255,256
1765645972.134110,5256,256
1765645972.142713,5257,256
1765645972.144972,5258,256
1765645972.145648,5259,256
1765645972.150861,5260,256
1765645972.151486,5261,256
1765645972.152007,5262,256
1765645972.155644,5263,256
1765645972.160095,5264,256
1765645972.165924,5265,256
1765645972.166502,5266,256
1765645972.167607,5267,256
1765645972.169711,5268,256
1765645972.170258,5269,256
1765645972.172070,5270,256
1765645972.174603,5271,256
1765645972.176416,5272,256
1765645972.178697,5273,256
1765645972.184014,5274,256
1765645972.186790,5275,256
1765645972.187510,5276,256
1765645972.187753,5277,256
1765645972.191782,5278,256
1765645972.195551,5279,256
1765645972.198724,5280,256
1765645972.199233,5281,256
1765645972.200217,5282,256
1765645972.207017,5283,256
1765645972.210707,5284,256
1765645972.211447,5285,256
1765645972.216941,5286,256
1765645972.222621,5287,256
1765645972.227150,5288,256
1765645972.228623,5289,256
1765645972.232644,5290,256
1765645972.232833,5291,256
1765645972.234552,5292,256
1765645972.236630,5293,256
1765645972.240808,5294,256
1765645972.242257,5295,256
1765645972.250898,5296,256
1765645972.251473,5297,256
1765645972.254502,5298,256
1765645972.260820,5299,256
1765645972.263147,5300,256
1765645972.266478,5301,256
1765645972.290682,5302,256
1765645972.294600,5303,256
1765645972.301804,5304,256
1765645972.302022,5305,256
1765645972.311450,5306,256
1765645972.316595,5307,256
1765645972.316984,5308,256
1765645972.332053,5309,256
1765645972.334663,5310,256
1765645972.336941,5311,256
1765645972.341249,5312,256
1765645972.348304,5313,256
1765645972.348537,5314,256
1765645972.348594,5315,256
1765645972.348772,5316,256
1765645972.350955,5317,256
1765645972.351087,5318,256
1765645972.355150,5319,256
1765645972.355360,5320,256
1765645972.361393,5321,256
1765645972.363212,5322,256
1765645972.363990,5323,256
1765645972.368991,5324,256
1765645972.374218,5325,256
1765645972.376451,5326,256
1765645972.376602,5327,256
1765645972.377232,5328,256
1765645972.389579,5329,256
1765645972.390134,5330,256
1765645972.393400,5331,256
1765645972.398417,5332,256
1765645972.398778,5333,256
1765645972.404927,5334,256
1765645972.407261,5335,256
1765645972.407424,5336,256
1765645972.409312,5337,256
1765645972.414710,5338,256
1765645972.415968,5339,256
1765645972.417435,5340,256
1765645972.419184,5341,256
1765645972.419806,5342,256
1765645972.423434,5343,256
1765645972.425034,5344,256
1765645972.431244,5345,256
1765645972.432968,5346,256
1765645972.437959,5347,256
1765645972.438535,5348,256
1765645972.441525,5349,256
1765645972.443981,5350,256
1765645972.446304,5351,256
1765645972.446618,5352,256
1765645972.449473,5353,256
1765645972.450397,5354,256
1765645972.452750,5355,256
1765645972.458965,5356,256
1765645972.459950,5357,256
1765645972.463703,5358,256
1765645972.470181,5359,256
1765645972.471721,5360,256
1765645972.473984,5361,256
1765645972.477556,5362,256
1765645972.486031,5363,256
1765645972.495418,5364,256
1765645972.499448,5365,256
1765645972.502301,5366,256
1765645972.503418,5367,256
1765645972.511225,5368,256
1765645972.514407,5369,256
1765645972.516944,5370,256
1765645972.518322,5371,256
1765645972.523740,5372,256
1765645972.526405,5373,256
1765645972.529599,5374,256
1765645972.531553,5375,256
1765645972.536901,5376,256
1765645972.540652,5377,256
1765645972.541694,5378,256
1765645972.548431,5379,256
1765645972.548601,5380,256
1765645972.548960,5381,256
1765645972.551058,5382,256
1765645972.551121,5383,256
1765645972.554360,5384,256
1765645972.558462,5385,256
1765645972.560001,5386,256
1765645972.561890,5387,256
1765645972.562547,5388,256
1765645972.564713,5389,256
1765645972.576442,5390,256
1765645972.580091,5391,256
1765645972.580435,5392,256
1765645972.585036,5393,256
1765645972.589905,5394,256
1765645972.593089,5395,256
1765645972.595892,5396,256
1765645972.598443,5397,256
1765645972.598620,5398,256
1765645972.604154,5399,256
1765645972.604370,5400,256
1765645972.607434,5401,256
1765645972.611274,5402,256
1765645972.611639,5403,256
1765645972.616320,5404,256
1765645972.616550,5405,256
1765645972.617574,5406,256
1765645972.622852,5407,256
1765645972.623047,5408,256
1765645972.626000,5409,256
1765645972.627105,5410,256
1765645972.628612,5411,256
1765645972.635340,5412,256
1765645972.636674,5413,256
1765645972.638280,5414,256
1765645972.648683,5415,256
1765645972.650233,5416,256
1765645972.652658,5417,256
1765645972.652988,5418,256
1765645972.653015,5419,256
1765645972.657321,5420,256
1765645972.657514,5421,256
1765645972.657548,5422,256
1765645972.658418,5423,256
1765645972.660019,5424,256
1765645972.663481,5425,256
1765645972.680318,5426,256
1765645972.687795,5427,256
1765645972.693530,5428,256
1765645972.693697,5429,256
1765645972.694882,5430,256
1765645972.704219,5431,256
1765645972.708645,5432,256
1765645972.712058,5433,256
1765645972.712974,5434,256
1765645972.713532,5435,256
1765645972.732011,5436,256
1765645972.732247,5437,256
1765645972.732459,5438,256
1765645972.733341,5439,256
1765645972.735320,5440,256
1765645972.736617,5441,256
1765645972.736642,5442,256
1765645972.738954,5443,256
1765645972.739480,5444,256
1765645972.740426,5445,256
1765645972.743828,5446,256
1765645972.746201,5447,256
1765645972.764315,5448,256
1765645972.768069,5449,256
1765645972.768947,5450,256
1765645972.771572,5451,256
1765645972.772619,5452,256
1765645972.773077,5453,256
1765645972.774583,5454,256
1765645972.778652,5455,256
1765645972.779555,5456,256
1765645972.782153,5457,256
1765645972.783354,5458,256
1765645972.783674,5459,256
1765645972.785698,5460,256
1765645972.788423,5461,256
1765645972.789182,5462,256
1765645972.795588,5463,256
1765645972.796652,5464,256
1765645972.801037,5465,256
1765645972.807515,5466,256
1765645972.809669,5467,256
1765645972.809874,5468,256
1765645972.815594,5469,256
1765645972.817469,5470,256
1765645972.834230,5471,256
1765645972.837511,5472,256
1765645972.840735,5473,256
1765645972.842902,5474,256
1765645972.846135,5475,256
1765645972.846777,5476,256
1765645972.852504,5477,256
1765645972.852800,5478,256
1765645972.862897,5479,256
1765645972.863475,5480,256
1765645972.867253,5481,256
1765645972.868297,5482,256
1765645972.869576,5483,256
1765645972.873561,5484,256
1765645972.882090,5485,256
1765645972.886429,5486,256
1765645972.887592,5487,256
1765645972.890666,5488,256
1765645972.898686,5489,256
1765645972.901201,5490,256
1765645972.908273,5491,256
1765645972.908533,5492,256
1765645972.908786,5493,256
1765645972.912018,5494,256
1765645972.916847,5495,256
1765645972.918506,5496,256
1765645972.920284,5497,256
1765645972.921914,5498,256
1765645972.926465,5499,256
1765645972.927758,5500,256
1765645972.930152,5501,256
1765645972.933599,5502,256
1765645972.957276,5503,256
1765645972.961054,5504,256
1765645972.961335,5505,256
1765645972.964409,5506,256
1765645972.966117,5507,256
1765645972.974943,5508,256
1765645972.988416,5509,256
1765645972.990415,5510,256
1765645972.991498,5511,256
1765645972.991647,5512,256
1765645972.992393,5513,256
1765645972.996783,5514,256
1765645972.996957,5515,256
1765645972.997722,5516,256
1765645973.004296,5517,256
1765645973.004880,5518,256
1765645973.008470,5519,256
1765645973.010878,5520,256
1765645973.014922,5521,256
1765645973.020027,5522,256
1765645973.028039,5523,256
1765645973.031131,5524,256
1765645973.034730,5525,256
1765645973.037016,5526,256
1765645973.038988,5527,256
1765645973.040285,5528,256
1765645973.041063,5529,256
1765645973.044419,5530,256
1765645973.046360,5531,256
1765645973.047582,5532,256
1765645973.047811,5533,256
1765645973.058027,5534,256
1765645973.063633,5535,256
1765645973.063912,5536,256
1765645973.063969,5537,256
1765645973.065591,5538,256
1765645973.067315,5539,256
1765645973.072247,5540,256
1765645973.075050,5541,256
1765645973.076352,5542,256
1765645973.078472,5543,256
1765645973.095583,5544,256
1765645973.095757,5545,256
1765645973.098094,5546,256
1765645973.103528,5547,256
1765645973.105289,5548,256
1765645973.108820,5549,256
1765645973.117743,5550,256
1765645973.118773,5551,256
1765645973.120143,5552,256
1765645973.122095,5553,256
1765645973.122891,5554,256
1765645973.127300,5555,256
1765645973.135131,5556,256
1765645973.135333,5557,256
1765645973.138057,5558,256
1765645973.139596,5559,256
1765645973.141090,5560,256
1765645973.144335,5561,256
1765645973.144940,5562,256
1765645973.146394,5563,256
1765645973.146583,5564,256
1765645973.147757,5565,256
1765645973.148078,5566,256
1765645973.156611,5567,256
1765645973.159017,5568,256
1765645973.163364,5569,256
1765645973.166435,5570,256
1765645973.172410,5571,256
1765645973.185471,5572,256
1765645973.186832,5573,256
1765645973.191175,5574,256
1765645973.193356,5575,256
1765645973.206977,5576,256
1765645973.211316,5577,256
1765645973.211491,5578,256
1765645973.212880,5579,256
1765645973.217534,5580,256
1765645973.222170,5581,256
1765645973.223424,5582,256
1765645973.233512,5583,256
1765645973.238903,5584,256
1765645973.241950,5585,256
1765645973.243413,5586,256
1765645973.246341,5587,256
1765645973.248110,5588,256
1765645973.253482,5589,256
1765645973.257869,5590,256
1765645973.260647,5591,256
1765645973.266430,5592,256
1765645973.268156,5593,256
1765645973.270990,5594,256
1765645973.271908,5595,256
1765645973.277537,5596,256
1765645973.283106,5597,256
1765645973.292554,5598,256
1765645973.292796,5599,256
1765645973.295568,5600,256
1765645973.295820,5601,256
1765645973.296906,5602,256
1765645973.303414,5603,256
1765645973.310474,5604,256
1765645973.317314,5605,256
1765645973.317568,5606,256
1765645973.319877,5607,256
1765645973.320395,5608,256
1765645973.322602,5609,256
1765645973.323269,5610,256
1765645973.332895,5611,256
1765645973.357923,5612,256
1765645973.358524,5613,256
1765645973.360030,5614,256
1765645973.362345,5615,256
1765645973.366464,5616,256
1765645973.367090,5617,256
1765645973.373781,5618,256
1765645973.376571,5619,256
1765645973.378657,5620,256
1765645973.381138,5621,256
1765645973.381729,5622,256
1765645973.382609,5623,256
1765645973.395206,5624,256
1765645973.404260,5625,256
1765645973.404651,5626,256
1765645973.416770,5627,256
1765645973.428211,5628,256
1765645973.428579,5629,256
1765645973.429488,5630,256
1765645973.431735,5631,256
1765645973.435232,5632,256
1765645973.435877,5633,256
1765645973.438409,5634,256
1765645973.438697,5635,256
1765645973.441622,5636,256
1765645973.441878,5637,256
1765645973.445322,5638,256
1765645973.445396,5639,256
1765645973.447271,5640,256
1765645973.451708,5641,256
1765645973.454653,5642,256
1765645973.455338,5643,256
1765645973.457890,5644,256
1765645973.460657,5645,256
1765645973.460994,5646,256
1765645973.461240,5647,256
1765645973.462508,5648,256
1765645973.463457,5649,256
1765645973.463953,5650,256
1765645973.465020,5651,256
1765645973.467340,5652,256
1765645973.475112,5653,256
1765645973.476698,5654,256
1765645973.477662,5655,256
1765645973.484292,5656,256
1765645973.484476,5657,256
1765645973.485148,5658,256
1765645973.486057,5659,256
1765645973.486899,5660,256
1765645973.490090,5661,256
1765645973.495303,5662,256
1765645973.495460,5663,256
1765645973.507066,5664,256
1765645973.507251,5665,256
1765645973.512148,5666,256
1765645973.521851,5667,256
1765645973.532092,5668,256
1765645973.532321,5669,256
1765645973.532982,5670,256
1765645973.533536,5671,256
1765645973.534939,5672,256
1765645973.536995,5673,256
1765645973.539518,5674,256
1765645973.553737,5675,256
1765645973.555288,5676,256
1765645973.555409,5677,256
1765645973.557608,5678,256
1765645973.565474,5679,256
1765645973.569410,5680,256
1765645973.574143,5681,256
1765645973.575721,5682,256
1765645973.576228,5683,256
1765645973.576886,5684,256
1765645973.579494,5685,256
1765645973.587714,5686,256
1765645973.588246,5687,256
1765645973.592102,5688,256
1765645973.593150,5689,256
1765645973.593953,5690,256
1765645973.595141,5691,256
1765645973.598823,5692,256
1765645973.607585,5693,256
1765645973.609716,5694,256
1765645973.610133,5695,256
1765645973.614393,5696,256
1765645973.615497,5697,256
1765645973.617597,5698,256
1765645973.617831,5699,256
1765645973.630657,5700,256
1765645973.631916,5701,256
1765645973.642151,5702,256
1765645973.642491,5703,256
1765645973.645790,5704,256
1765645973.647624,5705,256
1765645973.648574,5706,256
1765645973.653728,5707,256
1765645973.654838,5708,256
1765645973.656052,5709,256
1765645973.656605,5710,256
1765645973.660593,5711,256
1765645973.663369,5712,256
1765645973.666490,5713,256
1765645973.670932,5714,256
1765645973.672568,5715,256
1765645973.673304,5716,256
1765645973.675568,5717,256
1765645973.680207,5718,256
1765645973.683424,5719,256
1765645973.684789,5720,256
1765645973.688430,5721,256
1765645973.692790,5722,256
1765645973.694053,5723,256
1765645973.698039,5724,256
1765645973.701402,5725,256
1765645973.704623,5726,256
1765645973.708698,5727,256
1765645973.715644,5728,256
1765645973.724528,5729,256
1765645973.733634,5730,256
1765645973.738771,5731,256
1765645973.741421,5732,256
1765645973.742252,5733,256
1765645973.746131,5734,256
1765645973.750577,5735,256
1765645973.754038,5736,256
1765645973.761770,5737,256
1765645973.772292,5738,256
1765645973.775313,5739,256
1765645973.783303,5740,256
1765645973.784424,5741,256
1765645973.784824,5742,256
1765645973.785046,5743,256
1765645973.794026,5744,256
1765645973.799421,5745,256
1765645973.799617,5746,256
1765645973.800127,5747,256
1765645973.804718,5748,256
1765645973.806217,5749,256
1765645973.806693,5750,256
1765645973.809594,5751,256
1765645973.810993,5752,256
1765645973.811629,5753,256
1765645973.819627,5754,256
1765645973.821602,5755,256
1765645973.822399,5756,256
1765645973.824251,5757,256
1765645973.833806,5758,256
1765645973.833933,5759,256
1765645973.833975,5760,256
1765645973.835417,5761,256
1765645973.838356,5762,256
1765645973.839517,5763,256
1765645973.840695,5764,256
1765645973.841143,5765,256
1765645973.842158,5766,256
1765645973.843399,5767,256
1765645973.844700,5768,256
1765645973.847772,5769,256
1765645973.851548,5770,256
1765645973.852255,5771,256
1765645973.852367,5772,256
1765645973.854985,5773,256
1765645973.855130,5774,256
1765645973.862317,5775,256
1765645973.865729,5776,256
1765645973.868423,5777,256
1765645973.870466,5778,256
1765645973.879949,5779,256
1765645973.880711,5780,256
1765645973.882220,5781,256
1765645973.887624,5782,256
1765645973.894060,5783,256
1765645973.894328,5784,256
1765645973.895490,5785,256
1765645973.903764,5786,256
1765645973.909053,5787,256
1765645973.911158,5788,256
1765645973.911299,5789,256
1765645973.917040,5790,256
1765645973.918383,5791,256
1765645973.919671,5792,256
1765645973.923339,5793,256
1765645973.927313,5794,256
1765645973.934581,5795,256
1765645973.935395,5796,256
1765645973.935919,5797,256
1765645973.937615,5798,256
1765645973.950066,5799,256
1765645973.950361,5800,256
1765645973.956332,5801,256
1765645973.958626,5802,256
1765645973.962918,5803,256
1765645973.964603,5804,256
1765645973.975422,5805,256
1765645973.976773,5806,256
1765645973.978572,5807,256
1765645973.981230,5808,256
1765645973.984628,5809,256
1765645973.986405,5810,256
1765645973.988059,5811,256
1765645973.991149,5812,256
1765645973.993289,5813,256
1765645973.995813,5814,256
1765645974.002052,5815,256
1765645974.008583,5816,256
1765645974.008912,5817,256
1765645974.012661,5818,256
1765645974.015727,5819,256
1765645974.026667,5820,256
1765645974.027838,5821,256
1765645974.032872,5822,256
1765645974.038031,5823,256
1765645974.039601,5824,256
1765645974.041646,5825,256
1765645974.055063,5826,256
1765645974.058951,5827,256
1765645974.063716,5828,256
1765645974.066554,5829,256
1765645974.067741,5830,256
1765645974.071782,5831,256
1765645974.074744,5832,256
1765645974.075877,5833,256
1765645974.078123,5834,256
1765645974.093481,5835,256
1765645974.095395,5836,256
1765645974.095685,5837,256
1765645974.101609,5838,256
1765645974.105291,5839,256
1765645974.116883,5840,256
1765645974.117333,5841,256
1765645974.118897,5842,256
1765645974.126969,5843,256
1765645974.131883,5844,256
1765645974.136286,5845,256
1765645974.141976,5846,256
1765645974.146565,5847,256
1765645974.148237,5848,256
1765645974.149603,5849,256
1765645974.150827,5850,256
1765645974.152423,5851,256
1765645974.158421,5852,256
1765645974.158841,5853,256
1765645974.161931,5854,256
1765645974.162894,5855,256
1765645974.163858,5856,256
1765645974.166551,5857,256
1765645974.177873,5858,256
1765645974.179591,5859,256
1765645974.185160,5860,256
1765645974.189395,5861,256
1765645974.189988,5862,256
1765645974.192508,5863,256
1765645974.194165,5864,256
1765645974.198270,5865,256
1765645974.203423,5866,256
1765645974.203656,5867,256
1765645974.207177,5868,256
1765645974.211917,5869,256
1765645974.222050,5870,256
1765645974.226771,5871,256
1765645974.231638,5872,256
1765645974.240079,5873,256
1765645974.242973,5874,256
1765645974.252430,5875,256
1765645974.253924,5876,256
1765645974.255948,5877,256
