t_recv,seq,bytes,t_send,latency_ms
1764871372.714359,1,256,1764871372.703544,10.815
1764871372.717636,2,256,1764871372.706947,10.689
1764871372.720855,3,256,1764871372.710175,10.681
1764871372.724155,4,256,1764871372.713511,10.644
1764871372.727544,5,256,1764871372.716856,10.688
1764871372.730844,6,256,1764871372.720173,10.670
1764871372.734173,7,256,1764871372.723522,10.651
1764871372.737496,8,256,1764871372.726854,10.642
1764871372.740798,9,256,1764871372.730172,10.626
1764871372.744128,10,256,1764871372.733531,10.598
1764871372.747555,11,256,1764871372.736932,10.623
1764871372.751052,12,256,1764871372.740284,10.767
1764871372.754242,13,256,1764871372.743527,10.715
1764871372.757785,14,256,1764871372.747025,10.759
1764871372.760924,15,256,1764871372.750179,10.746
1764871372.764374,16,256,1764871372.753663,10.711
1764871372.767771,17,256,1764871372.756985,10.786
1764871372.770938,18,256,1764871372.760290,10.648
1764871372.774454,19,256,1764871372.763641,10.813
1764871372.777757,20,256,1764871372.766965,10.792
1764871372.781050,21,256,1764871372.770298,10.752
1764871372.784162,22,256,1764871372.773552,10.610
1764871372.787561,23,256,1764871372.776978,10.583
1764871372.791188,24,256,1764871372.780374,10.815
1764871372.794190,25,256,1764871372.783549,10.641
1764871372.797420,26,256,1764871372.786876,10.544
1764871372.800954,27,256,1764871372.790315,10.638
1764871372.804232,28,256,1764871372.793511,10.721
1764871372.807635,29,256,1764871372.796886,10.749
1764871372.811038,30,256,1764871372.800305,10.733
1764871372.814367,31,256,1764871372.803648,10.719
1764871372.817725,32,256,1764871372.807003,10.722
1764871372.821048,33,256,1764871372.810312,10.736
1764871372.824268,34,256,1764871372.813541,10.727
1764871372.827618,35,256,1764871372.816987,10.631
1764871372.830941,36,256,1764871372.820312,10.630
1764871372.834257,37,256,1764871372.823536,10.720
1764871372.837717,38,256,1764871372.826994,10.723
1764871372.840910,39,256,1764871372.830173,10.736
1764871372.844289,40,256,1764871372.833639,10.650
1764871372.847701,41,256,1764871372.836983,10.718
1764871372.851030,42,256,1764871372.840313,10.717
1764871372.854274,43,256,1764871372.843565,10.709
1764871372.857707,44,256,1764871372.846990,10.716
1764871372.860846,45,256,1764871372.850225,10.621
1764871372.864301,46,256,1764871372.853647,10.654
1764871372.867711,47,256,1764871372.856987,10.724
1764871372.870814,48,256,1764871372.860210,10.604
1764871372.874277,49,256,1764871372.863543,10.734
1764871372.877725,50,256,1764871372.867009,10.717
1764871372.880928,51,256,1764871372.870211,10.717
1764871372.884269,52,256,1764871372.873551,10.719
1764871372.887715,53,256,1764871372.876977,10.738
1764871372.890975,54,256,1764871372.880307,10.667
1764871372.894272,55,256,1764871372.883638,10.634
1764871372.897660,56,256,1764871372.886994,10.666
1764871372.900894,57,256,1764871372.890234,10.660
1764871372.904141,58,256,1764871372.893538,10.603
1764871372.907634,59,256,1764871372.896978,10.656
1764871372.910830,60,256,1764871372.900174,10.655
1764871372.914149,61,256,1764871372.903570,10.579
1764871372.917600,62,256,1764871372.906956,10.644
1764871372.920834,63,256,1764871372.910169,10.665
1764871372.924181,64,256,1764871372.913584,10.597
1764871372.927546,65,256,1764871372.916927,10.618
1764871372.930793,66,256,1764871372.920254,10.539
1764871372.934065,67,256,1764871372.923519,10.547
1764871372.937567,68,256,1764871372.926955,10.612
1764871372.940877,69,256,1764871372.930262,10.615
1764871372.944120,70,256,1764871372.933575,10.544
1764871372.947535,71,256,1764871372.936927,10.607
1764871372.950690,72,256,1764871372.940154,10.536
1764871372.954079,73,256,1764871372.943521,10.558
1764871372.957541,74,256,1764871372.946917,10.624
1764871372.960933,75,256,1764871372.950242,10.691
1764871372.964228,76,256,1764871372.953591,10.637
1764871372.967547,77,256,1764871372.956954,10.594
1764871372.970862,78,256,1764871372.960204,10.658
1764871372.974182,79,256,1764871372.963538,10.644
1764871372.977532,80,256,1764871372.966903,10.629
1764871372.980877,81,256,1764871372.970187,10.690
1764871372.984195,82,256,1764871372.973592,10.604
1764871372.987875,83,256,1764871372.977129,10.746
1764871372.991124,84,256,1764871372.980358,10.766
1764871372.994478,85,256,1764871372.983683,10.795
1764871372.997756,86,256,1764871372.987006,10.750
1764871373.001156,87,256,1764871372.990352,10.803
1764871373.004460,88,256,1764871372.993667,10.792
1764871373.007814,89,256,1764871372.997060,10.753
1764871373.011178,90,256,1764871373.000376,10.802
1764871373.014418,91,256,1764871373.003704,10.714
1764871373.017653,92,256,1764871373.007002,10.650
1764871373.020895,93,256,1764871373.010222,10.673
1764871373.024275,94,256,1764871373.013531,10.744
1764871373.027772,95,256,1764871373.017018,10.754
1764871373.030809,96,256,1764871373.020173,10.637
1764871373.034309,97,256,1764871373.023660,10.649
1764871373.037652,98,256,1764871373.027008,10.644
1764871373.040868,99,256,1764871373.030187,10.681
1764871373.044213,100,256,1764871373.033533,10.680
1764871373.047567,101,256,1764871373.036885,10.682
1764871373.050884,102,256,1764871373.040201,10.683
1764871373.054464,103,256,1764871373.043527,10.937
1764871373.057701,104,256,1764871373.046891,10.810
1764871373.060937,105,256,1764871373.050200,10.737
1764871373.064239,106,256,1764871373.053535,10.705
1764871373.068043,107,256,1764871373.057058,10.985
1764871373.071057,108,256,1764871373.060294,10.763
1764871373.074364,109,256,1764871373.063617,10.747
1764871373.077683,110,256,1764871373.066959,10.724
1764871373.081046,111,256,1764871373.070290,10.756
1764871373.084378,112,256,1764871373.073650,10.728
1764871373.087696,113,256,1764871373.076987,10.710
1764871373.091055,114,256,1764871373.080294,10.761
1764871373.094409,115,256,1764871373.083663,10.746
1764871373.097618,116,256,1764871373.086935,10.683
1764871373.101083,117,256,1764871373.090287,10.795
1764871373.104388,118,256,1764871373.093655,10.733
1764871373.107792,119,256,1764871373.097079,10.713
1764871373.111064,120,256,1764871373.100290,10.773
1764871373.114378,121,256,1764871373.103647,10.731
1764871373.117700,122,256,1764871373.106985,10.715
1764871373.121073,123,256,1764871373.110322,10.751
1764871373.124394,124,256,1764871373.113690,10.705
1764871373.127694,125,256,1764871373.116996,10.698
1764871373.131069,126,256,1764871373.120327,10.741
1764871373.134366,127,256,1764871373.123653,10.713
1764871373.137632,128,256,1764871373.126941,10.691
1764871373.140996,129,256,1764871373.130270,10.725
1764871373.144253,130,256,1764871373.133612,10.641
1764871373.147670,131,256,1764871373.136965,10.705
1764871373.151069,132,256,1764871373.140328,10.741
1764871373.154328,133,256,1764871373.143633,10.695
1764871373.157599,134,256,1764871373.146906,10.694
1764871373.160879,135,256,1764871373.150169,10.710
1764871373.164397,136,256,1764871373.153664,10.732
1764871373.167612,137,256,1764871373.156970,10.642
1764871373.170937,138,256,1764871373.160295,10.642
1764871373.174317,139,256,1764871373.163684,10.633
1764871373.177595,140,256,1764871373.166957,10.637
1764871373.180901,141,256,1764871373.170299,10.602
1764871373.184191,142,256,1764871373.173619,10.572
1764871373.187558,143,256,1764871373.176959,10.599
1764871373.190774,144,256,1764871373.180198,10.576
1764871373.194041,145,256,1764871373.183493,10.548
1764871373.197452,146,256,1764871373.186875,10.577
1764871373.200767,147,256,1764871373.190177,10.590
1764871373.206610,148,256,1764871373.193530,13.081
1764871373.207739,149,256,1764871373.196964,10.775
1764871373.210847,150,256,1764871373.200175,10.673
1764871373.214221,151,256,1764871373.203518,10.704
1764871373.217747,152,256,1764871373.207009,10.738
1764871373.220933,153,256,1764871373.210204,10.730
1764871373.224202,154,256,1764871373.213512,10.690
1764871373.227507,155,256,1764871373.216863,10.644
1764871373.230866,156,256,1764871373.220194,10.671
1764871373.234257,157,256,1764871373.223547,10.711
1764871373.237597,158,256,1764871373.226923,10.675
1764871373.240910,159,256,1764871373.230209,10.701
1764871373.244213,160,256,1764871373.233525,10.689
1764871373.247595,161,256,1764871373.236917,10.678
1764871373.250933,162,256,1764871373.240249,10.684
1764871373.254239,163,256,1764871373.243546,10.693
1764871373.257586,164,256,1764871373.246891,10.695
1764871373.261032,165,256,1764871373.250210,10.822
1764871373.264261,166,256,1764871373.253536,10.725
1764871373.267610,167,256,1764871373.256890,10.720
1764871373.271020,168,256,1764871373.260195,10.825
1764871373.274190,169,256,1764871373.263525,10.665
1764871373.277664,170,256,1764871373.266906,10.758
1764871373.282938,171,256,1764871373.271539,11.399
1764871373.284597,172,256,1764871373.273549,11.048
1764871373.287620,173,256,1764871373.276878,10.742
1764871373.295357,174,256,1764871373.284562,10.795
1764871373.295780,175,256,1764871373.284898,10.883
1764871373.297913,176,256,1764871373.287144,10.769
1764871373.301776,177,256,1764871373.290853,10.923
1764871373.304428,178,256,1764871373.293587,10.841
1764871373.307621,179,256,1764871373.296888,10.733
1764871373.310941,180,256,1764871373.300209,10.732
1764871373.314466,181,256,1764871373.303561,10.905
1764871373.317735,182,256,1764871373.307013,10.722
1764871373.320927,183,256,1764871373.310205,10.723
1764871373.324243,184,256,1764871373.313541,10.702
1764871373.327556,185,256,1764871373.316878,10.678
1764871373.330955,186,256,1764871373.320193,10.762
1764871373.334291,187,256,1764871373.323522,10.768
1764871373.337560,188,256,1764871373.326870,10.690
1764871373.340969,189,256,1764871373.330203,10.766
1764871373.344296,190,256,1764871373.333612,10.684
1764871373.347635,191,256,1764871373.336941,10.695
1764871373.350863,192,256,1764871373.340173,10.691
1764871373.354172,193,256,1764871373.343524,10.648
1764871373.357542,194,256,1764871373.346838,10.704
1764871373.360868,195,256,1764871373.350177,10.691
1764871373.364325,196,256,1764871373.353510,10.815
1764871373.367755,197,256,1764871373.356899,10.856
1764871373.371086,198,256,1764871373.360201,10.885
1764871373.374400,199,256,1764871373.363523,10.877
1764871373.377800,200,256,1764871373.367018,10.782
1764871373.380991,201,256,1764871373.370233,10.758
1764871373.384433,202,256,1764871373.373645,10.787
1764871373.387881,203,256,1764871373.377015,10.865
1764871373.391020,204,256,1764871373.380193,10.827
1764871373.394422,205,256,1764871373.383656,10.766
1764871373.397810,206,256,1764871373.387063,10.748
1764871373.401019,207,256,1764871373.390195,10.824
1764871373.404471,208,256,1764871373.393658,10.813
1764871373.407774,209,256,1764871373.397017,10.757
1764871373.410892,210,256,1764871373.400197,10.695
1764871373.414465,211,256,1764871373.403665,10.800
1764871373.417721,212,256,1764871373.406993,10.728
1764871373.420890,213,256,1764871373.410187,10.703
1764871373.424240,214,256,1764871373.413510,10.731
1764871373.427655,215,256,1764871373.416996,10.659
1764871373.430969,216,256,1764871373.420308,10.661
1764871373.434526,217,256,1764871373.423715,10.811
1764871373.437655,218,256,1764871373.426987,10.668
1764871373.441000,219,256,1764871373.430330,10.669
1764871373.444399,220,256,1764871373.433658,10.741
1764871373.447651,221,256,1764871373.437014,10.637
1764871373.450854,222,256,1764871373.440200,10.653
1764871373.454336,223,256,1764871373.443543,10.793
1764871373.457495,224,256,1764871373.446858,10.637
1764871373.460811,225,256,1764871373.450187,10.624
1764871373.464108,226,256,1764871373.453504,10.604
1764871373.467602,227,256,1764871373.456946,10.656
1764871373.470889,228,256,1764871373.460202,10.687
1764871373.474149,229,256,1764871373.463502,10.647
1764871373.477688,230,256,1764871373.467010,10.678
1764871373.480871,231,256,1764871373.470183,10.689
1764871373.484341,232,256,1764871373.473661,10.680
1764871373.487655,233,256,1764871373.476993,10.662
1764871373.490885,234,256,1764871373.480200,10.685
1764871373.494437,235,256,1764871373.483661,10.775
1764871373.497744,236,256,1764871373.487019,10.725
1764871373.500949,237,256,1764871373.490200,10.749
1764871373.504346,238,256,1764871373.493661,10.684
1764871373.507763,239,256,1764871373.497019,10.745
1764871373.510866,240,256,1764871373.500197,10.669
1764871373.514270,241,256,1764871373.503545,10.724
1764871373.517608,242,256,1764871373.506875,10.733
1764871373.520898,243,256,1764871373.510190,10.707
1764871373.524199,244,256,1764871373.513502,10.697
1764871373.527495,245,256,1764871373.516858,10.638
1764871373.530919,246,256,1764871373.520179,10.740
1764871373.534635,247,256,1764871373.523541,11.094
1764871373.537639,248,256,1764871373.526953,10.686
1764871373.541238,249,256,1764871373.530411,10.828
1764871373.544367,250,256,1764871373.533566,10.801
1764871373.547508,251,256,1764871373.536859,10.649
1764871373.550807,252,256,1764871373.540201,10.605
1764871373.554291,253,256,1764871373.543650,10.641
1764871373.557709,254,256,1764871373.547074,10.635
1764871373.560926,255,256,1764871373.550307,10.618
1764871373.564301,256,256,1764871373.553661,10.640
1764871373.567646,257,256,1764871373.557020,10.626
1764871373.570948,258,256,1764871373.560325,10.623
1764871373.574183,259,256,1764871373.563536,10.647
1764871373.577626,260,256,1764871373.566995,10.631
1764871373.580917,261,256,1764871373.570288,10.628
1764871373.584324,262,256,1764871373.573674,10.650
1764871373.587631,263,256,1764871373.576999,10.632
1764871373.590815,264,256,1764871373.580190,10.625
1764871373.594419,265,256,1764871373.583656,10.763
1764871373.597722,266,256,1764871373.587000,10.722
1764871373.601007,267,256,1764871373.590327,10.680
1764871373.604383,268,256,1764871373.593659,10.724
1764871373.607715,269,256,1764871373.597010,10.705
1764871373.611006,270,256,1764871373.600321,10.685
1764871373.614321,271,256,1764871373.603700,10.622
1764871373.617750,272,256,1764871373.607032,10.717
1764871373.620929,273,256,1764871373.610196,10.733
1764871373.624305,274,256,1764871373.613599,10.705
1764871373.627659,275,256,1764871373.617016,10.642
1764871373.631006,276,256,1764871373.620203,10.803
1764871373.634390,277,256,1764871373.623664,10.726
1764871373.637656,278,256,1764871373.626946,10.710
1764871373.641063,279,256,1764871373.630353,10.710
1764871373.644379,280,256,1764871373.633652,10.727
1764871373.647682,281,256,1764871373.636973,10.709
1764871373.651042,282,256,1764871373.640332,10.710
1764871373.654351,283,256,1764871373.643651,10.700
1764871373.657624,284,256,1764871373.647004,10.620
1764871373.660896,285,256,1764871373.650273,10.623
1764871373.664112,286,256,1764871373.653531,10.581
1764871373.667503,287,256,1764871373.656885,10.618
1764871373.670919,288,256,1764871373.660189,10.729
1764871373.674271,289,256,1764871373.663547,10.724
1764871373.677951,290,256,1764871373.667197,10.754
1764871373.681286,291,256,1764871373.670269,11.017
1764871373.684264,292,256,1764871373.673528,10.736
1764871373.687929,293,256,1764871373.677011,10.918
1764871373.691124,294,256,1764871373.680188,10.936
1764871373.694327,295,256,1764871373.683623,10.703
1764871373.697690,296,256,1764871373.686976,10.714
1764871373.700987,297,256,1764871373.690196,10.792
1764871373.704271,298,256,1764871373.693546,10.725
1764871373.707657,299,256,1764871373.696880,10.777
1764871373.710977,300,256,1764871373.700188,10.789
1764871373.714356,301,256,1764871373.703543,10.813
1764871373.717843,302,256,1764871373.706976,10.867
1764871373.721054,303,256,1764871373.710299,10.756
1764871373.724298,304,256,1764871373.713523,10.774
1764871373.727762,305,256,1764871373.717021,10.741
1764871373.730936,306,256,1764871373.720182,10.754
1764871373.734240,307,256,1764871373.723545,10.695
1764871373.737705,308,256,1764871373.726997,10.708
1764871373.740897,309,256,1764871373.730195,10.702
1764871373.744199,310,256,1764871373.733546,10.652
1764871373.747693,311,256,1764871373.737002,10.691
1764871373.750991,312,256,1764871373.740218,10.772
1764871373.754297,313,256,1764871373.743644,10.652
1764871373.757815,314,256,1764871373.746993,10.822
1764871373.760927,315,256,1764871373.750196,10.731
1764871373.764479,316,256,1764871373.753622,10.857
1764871373.767763,317,256,1764871373.757015,10.748
1764871373.770907,318,256,1764871373.760202,10.705
1764871373.774391,319,256,1764871373.763625,10.766
1764871373.777734,320,256,1764871373.767037,10.697
1764871373.781333,321,256,1764871373.770288,11.045
1764871373.784200,322,256,1764871373.773512,10.688
1764871373.787743,323,256,1764871373.777061,10.682
1764871373.791054,324,256,1764871373.780261,10.793
1764871373.794497,325,256,1764871373.783548,10.949
1764871373.797739,326,256,1764871373.786881,10.858
1764871373.801090,327,256,1764871373.790202,10.887
1764871373.804314,328,256,1764871373.793521,10.792
1764871373.807953,329,256,1764871373.797069,10.884
1764871373.811108,330,256,1764871373.800227,10.881
1764871373.814454,331,256,1764871373.803570,10.884
1764871373.818002,332,256,1764871373.807078,10.924
1764871373.821138,333,256,1764871373.810227,10.910
1764871373.824465,334,256,1764871373.813569,10.896
1764871373.827950,335,256,1764871373.817032,10.918
1764871373.831095,336,256,1764871373.820226,10.869
1764871373.834435,337,256,1764871373.823567,10.868
1764871373.837760,338,256,1764871373.826873,10.887
1764871373.841159,339,256,1764871373.830223,10.936
1764871373.844472,340,256,1764871373.833571,10.901
1764871373.847945,341,256,1764871373.837135,10.810
1764871373.851129,342,256,1764871373.840236,10.892
1764871373.854370,343,256,1764871373.843575,10.796
1764871373.858045,344,256,1764871373.847059,10.986
1764871373.861294,345,256,1764871373.850389,10.905
1764871373.864416,346,256,1764871373.853653,10.762
1764871373.867725,347,256,1764871373.856980,10.745
1764871373.871015,348,256,1764871373.860286,10.729
1764871373.874496,349,256,1764871373.863672,10.824
1764871373.877943,350,256,1764871373.867055,10.889
1764871373.881067,351,256,1764871373.870215,10.852
1764871373.884715,352,256,1764871373.873735,10.980
1764871373.887891,353,256,1764871373.877062,10.830
1764871373.890941,354,256,1764871373.880321,10.621
1764871373.894391,355,256,1764871373.883657,10.733
1764871373.897592,356,256,1764871373.886877,10.715
1764871373.900886,357,256,1764871373.890167,10.719
1764871373.904209,358,256,1764871373.893540,10.669
1764871373.907815,359,256,1764871373.897058,10.757
1764871373.911097,360,256,1764871373.900311,10.786
1764871373.914275,361,256,1764871373.903654,10.621
1764871373.917724,362,256,1764871373.907062,10.662
1764871373.921035,363,256,1764871373.910325,10.710
1764871373.924191,364,256,1764871373.913547,10.644
1764871373.927776,365,256,1764871373.917020,10.756
1764871373.931087,366,256,1764871373.920281,10.806
1764871373.934410,367,256,1764871373.923658,10.752
1764871373.937735,368,256,1764871373.927019,10.717
1764871373.941158,369,256,1764871373.930371,10.787
1764871373.944445,370,256,1764871373.933650,10.795
1764871373.947766,371,256,1764871373.936999,10.768
1764871373.951128,372,256,1764871373.940333,10.795
1764871373.954422,373,256,1764871373.943659,10.763
1764871373.957881,374,256,1764871373.947062,10.818
1764871373.961172,375,256,1764871373.950375,10.797
1764871373.964409,376,256,1764871373.953657,10.752
1764871373.967713,377,256,1764871373.956969,10.745
1764871373.971046,378,256,1764871373.960283,10.763
1764871373.974369,379,256,1764871373.963614,10.754
1764871373.977764,380,256,1764871373.967027,10.737
1764871373.981052,381,256,1764871373.970292,10.761
1764871373.984522,382,256,1764871373.973706,10.816
1764871373.987775,383,256,1764871373.977004,10.771
1764871373.991102,384,256,1764871373.980338,10.764
1764871373.994403,385,256,1764871373.983657,10.746
1764871373.997775,386,256,1764871373.987062,10.713
1764871374.001136,387,256,1764871373.990325,10.810
1764871374.004378,388,256,1764871373.993645,10.733
1764871374.007695,389,256,1764871373.996955,10.740
1764871374.011157,390,256,1764871374.000362,10.795
1764871374.014415,391,256,1764871374.003657,10.757
1764871374.017740,392,256,1764871374.006994,10.746
1764871374.021021,393,256,1764871374.010402,10.619
1764871374.024364,394,256,1764871374.013626,10.738
1764871374.027700,395,256,1764871374.016993,10.707
1764871374.031049,396,256,1764871374.020323,10.726
1764871374.034505,397,256,1764871374.023528,10.977
1764871374.037722,398,256,1764871374.027072,10.649
1764871374.040885,399,256,1764871374.030205,10.680
1764871374.044952,400,256,1764871374.034009,10.943
1764871374.047714,401,256,1764871374.036876,10.838
1764871374.051150,402,256,1764871374.040182,10.968
1764871374.054225,403,256,1764871374.043511,10.714
1764871374.057773,404,256,1764871374.047007,10.765
1764871374.061078,405,256,1764871374.050315,10.763
1764871374.064308,406,256,1764871374.053667,10.641
1764871374.067781,407,256,1764871374.057059,10.722
1764871374.070875,408,256,1764871374.060198,10.677
1764871374.074142,409,256,1764871374.063516,10.625
1764871374.077586,410,256,1764871374.066939,10.648
1764871374.080877,411,256,1764871374.070194,10.683
1764871374.084364,412,256,1764871374.073654,10.710
1764871374.087648,413,256,1764871374.076988,10.659
1764871374.090881,414,256,1764871374.080183,10.698
1764871374.094213,415,256,1764871374.083549,10.664
1764871374.097633,416,256,1764871374.086975,10.658
1764871374.100881,417,256,1764871374.090198,10.683
1764871374.104208,418,256,1764871374.093541,10.667
1764871374.107644,419,256,1764871374.096980,10.664
1764871374.110902,420,256,1764871374.100196,10.706
1764871374.114222,421,256,1764871374.103546,10.675
1764871374.117674,422,256,1764871374.107006,10.668
1764871374.121140,423,256,1764871374.110408,10.732
1764871374.124327,424,256,1764871374.113616,10.711
1764871374.127790,425,256,1764871374.117064,10.725
1764871374.131064,426,256,1764871374.120327,10.737
1764871374.134232,427,256,1764871374.123532,10.700
1764871374.137709,428,256,1764871374.127020,10.689
1764871374.140868,429,256,1764871374.130195,10.673
1764871374.144407,430,256,1764871374.133671,10.736
1764871374.147752,431,256,1764871374.137018,10.734
1764871374.151049,432,256,1764871374.140301,10.748
1764871374.154372,433,256,1764871374.143630,10.741
1764871374.157601,434,256,1764871374.146880,10.722
1764871374.160961,435,256,1764871374.150299,10.662
1764871374.164386,436,256,1764871374.153662,10.724
1764871374.167652,437,256,1764871374.157015,10.637
1764871374.171119,438,256,1764871374.160387,10.732
1764871374.174264,439,256,1764871374.163548,10.716
1764871374.177665,440,256,1764871374.167010,10.654
1764871374.181095,441,256,1764871374.170337,10.757
1764871374.184207,442,256,1764871374.173531,10.676
1764871374.187746,443,256,1764871374.177012,10.734
1764871374.190884,444,256,1764871374.180196,10.689
1764871374.194427,445,256,1764871374.183664,10.763
1764871374.197705,446,256,1764871374.186994,10.712
1764871374.200864,447,256,1764871374.190189,10.675
1764871374.204197,448,256,1764871374.193541,10.656
1764871374.207668,449,256,1764871374.197006,10.663
1764871374.211000,450,256,1764871374.200334,10.666
1764871374.214391,451,256,1764871374.203657,10.734
1764871374.217714,452,256,1764871374.207006,10.708
1764871374.220878,453,256,1764871374.210195,10.683
1764871374.224334,454,256,1764871374.213614,10.719
1764871374.227640,455,256,1764871374.217004,10.637
1764871374.230874,456,256,1764871374.220195,10.678
1764871374.234165,457,256,1764871374.223516,10.649
1764871374.237642,458,256,1764871374.227040,10.602
1764871374.240952,459,256,1764871374.230197,10.755
1764871374.244299,460,256,1764871374.233536,10.763
1764871374.249147,461,256,1764871374.238455,10.692
1764871374.250738,462,256,1764871374.240162,10.576
1764871374.254255,463,256,1764871374.243541,10.714
1764871374.257745,464,256,1764871374.247007,10.738
1764871374.260906,465,256,1764871374.250250,10.656
1764871374.264276,466,256,1764871374.253631,10.645
1764871374.267682,467,256,1764871374.256956,10.726
1764871374.270949,468,256,1764871374.260280,10.669
1764871374.274290,469,256,1764871374.263620,10.670
1764871374.277492,470,256,1764871374.266866,10.625
1764871374.280945,471,256,1764871374.270167,10.778
1764871374.284384,472,256,1764871374.273607,10.777
1764871374.287719,473,256,1764871374.276958,10.761
1764871374.290975,474,256,1764871374.280200,10.775
1764871374.294408,475,256,1764871374.283547,10.861
1764871374.297680,476,256,1764871374.286952,10.729
1764871374.300976,477,256,1764871374.290192,10.784
1764871374.304185,478,256,1764871374.293512,10.673
1764871374.307756,479,256,1764871374.296925,10.831
1764871374.311122,480,256,1764871374.300198,10.924
1764871374.314298,481,256,1764871374.303560,10.738
1764871374.317879,482,256,1764871374.307026,10.854
1764871374.321064,483,256,1764871374.310198,10.866
1764871374.324580,484,256,1764871374.313665,10.915
1764871374.327696,485,256,1764871374.316863,10.834
1764871374.331125,486,256,1764871374.320370,10.755
1764871374.334376,487,256,1764871374.323682,10.694
1764871374.337895,488,256,1764871374.327082,10.813
1764871374.341308,489,256,1764871374.330364,10.943
1764871374.344556,490,256,1764871374.333689,10.867
1764871374.347877,491,256,1764871374.337030,10.847
1764871374.351110,492,256,1764871374.340319,10.791
1764871374.354459,493,256,1764871374.343669,10.789
1764871374.357865,494,256,1764871374.347066,10.799
1764871374.361001,495,256,1764871374.350202,10.799
1764871374.364251,496,256,1764871374.353544,10.707
1764871374.367633,497,256,1764871374.356881,10.753
1764871374.370861,498,256,1764871374.360166,10.695
1764871374.374050,499,256,1764871374.363497,10.553
1764871374.377574,500,256,1764871374.366904,10.671
1764871374.380801,501,256,1764871374.370198,10.602
1764871374.384151,502,256,1764871374.373531,10.619
1764871374.387573,503,256,1764871374.376890,10.683
1764871374.390903,504,256,1764871374.380171,10.732
1764871374.394203,505,256,1764871374.383541,10.662
1764871374.397849,506,256,1764871374.386972,10.876
1764871374.400967,507,256,1764871374.390195,10.772
1764871374.404235,508,256,1764871374.393544,10.691
1764871374.407754,509,256,1764871374.396993,10.761
1764871374.410973,510,256,1764871374.400199,10.774
1764871374.414307,511,256,1764871374.403549,10.758
1764871374.417734,512,256,1764871374.406965,10.769
1764871374.420951,513,256,1764871374.410192,10.759
1764871374.424387,514,256,1764871374.413628,10.760
1764871374.427778,515,256,1764871374.417022,10.756
1764871374.431070,516,256,1764871374.420309,10.761
1764871374.434357,517,256,1764871374.423620,10.737
1764871374.437681,518,256,1764871374.426948,10.733
1764871374.441088,519,256,1764871374.430333,10.756
1764871374.444273,520,256,1764871374.433529,10.744
1764871374.447682,521,256,1764871374.437006,10.675
1764871374.450946,522,256,1764871374.440334,10.612
1764871374.454422,523,256,1764871374.443658,10.764
1764871374.457613,524,256,1764871374.446961,10.652
1764871374.460862,525,256,1764871374.450172,10.690
1764871374.464297,526,256,1764871374.453605,10.692
1764871374.467750,527,256,1764871374.457015,10.735
1764871374.470814,528,256,1764871374.460188,10.626
1764871374.474168,529,256,1764871374.463548,10.620
1764871374.477555,530,256,1764871374.466971,10.584
1764871374.480985,531,256,1764871374.470269,10.716
1764871374.484271,532,256,1764871374.473532,10.739
1764871374.487656,533,256,1764871374.477069,10.587
1764871374.490866,534,256,1764871374.480181,10.685
1764871374.494195,535,256,1764871374.483545,10.651
1764871374.497547,536,256,1764871374.486872,10.675
1764871374.500854,537,256,1764871374.490195,10.659
1764871374.504276,538,256,1764871374.493539,10.737
1764871374.507755,539,256,1764871374.497005,10.750
1764871374.510932,540,256,1764871374.500199,10.734
1764871374.514375,541,256,1764871374.503633,10.742
1764871374.517753,542,256,1764871374.507010,10.743
1764871374.520931,543,256,1764871374.510253,10.678
1764871374.524179,544,256,1764871374.513544,10.634
1764871374.527702,545,256,1764871374.517010,10.692
1764871374.531462,546,256,1764871374.520192,11.270
1764871374.534210,547,256,1764871374.523535,10.675
1764871374.537648,548,256,1764871374.527003,10.645
1764871374.540833,549,256,1764871374.530184,10.649
1764871374.544289,550,256,1764871374.533561,10.728
1764871374.547710,551,256,1764871374.536870,10.840
1764871374.551005,552,256,1764871374.540197,10.808
1764871374.554361,553,256,1764871374.543550,10.811
1764871374.557800,554,256,1764871374.546978,10.822
1764871374.561148,555,256,1764871374.550340,10.808
1764871374.564491,556,256,1764871374.553662,10.829
1764871374.567802,557,256,1764871374.556999,10.803
1764871374.571128,558,256,1764871374.560253,10.875
1764871374.574479,559,256,1764871374.563657,10.822
1764871374.577796,560,256,1764871374.566995,10.800
1764871374.581193,561,256,1764871374.570339,10.854
1764871374.584440,562,256,1764871374.573622,10.817
1764871374.587846,563,256,1764871374.577004,10.842
1764871374.591066,564,256,1764871374.580239,10.826
1764871374.594367,565,256,1764871374.583665,10.702
1764871374.597759,566,256,1764871374.587002,10.757
1764871374.601087,567,256,1764871374.590327,10.760
1764871374.604331,568,256,1764871374.593624,10.707
1764871374.607739,569,256,1764871374.596997,10.742
1764871374.611017,570,256,1764871374.600324,10.692
1764871374.614394,571,256,1764871374.603653,10.741
1764871374.617656,572,256,1764871374.606958,10.699
1764871374.620912,573,256,1764871374.610197,10.715
1764871374.624294,574,256,1764871374.613520,10.774
1764871374.627705,575,256,1764871374.617005,10.700
1764871374.631000,576,256,1764871374.620311,10.689
1764871374.634394,577,256,1764871374.623682,10.713
1764871374.637705,578,256,1764871374.627000,10.704
1764871374.640950,579,256,1764871374.630308,10.642
1764871374.644307,580,256,1764871374.633610,10.697
1764871374.647666,581,256,1764871374.636972,10.694
1764871374.651003,582,256,1764871374.640284,10.719
1764871374.654369,583,256,1764871374.643654,10.715
1764871374.657835,584,256,1764871374.647020,10.815
1764871374.660965,585,256,1764871374.650336,10.630
1764871374.664438,586,256,1764871374.653652,10.786
1764871374.667594,587,256,1764871374.656953,10.641
1764871374.670805,588,256,1764871374.660187,10.618
1764871374.674171,589,256,1764871374.663510,10.661
1764871374.677648,590,256,1764871374.667006,10.642
1764871374.680916,591,256,1764871374.670264,10.651
1764871374.684257,592,256,1764871374.673666,10.592
1764871374.687542,593,256,1764871374.676918,10.624
1764871374.690872,594,256,1764871374.680261,10.612
1764871374.694112,595,256,1764871374.683528,10.584
1764871374.697619,596,256,1764871374.687006,10.613
1764871374.700911,597,256,1764871374.690275,10.636
1764871374.704271,598,256,1764871374.693643,10.628
1764871374.707651,599,256,1764871374.697005,10.647
1764871374.710902,600,256,1764871374.700264,10.638
1764871374.714377,601,256,1764871374.703741,10.637
1764871374.717648,602,256,1764871374.706993,10.655
1764871374.720846,603,256,1764871374.710197,10.649
1764871374.724184,604,256,1764871374.713513,10.670
1764871374.727633,605,256,1764871374.717003,10.630
1764871374.730970,606,256,1764871374.720303,10.667
1764871374.734328,607,256,1764871374.723672,10.656
1764871374.737612,608,256,1764871374.726990,10.622
1764871374.741024,609,256,1764871374.730355,10.669
1764871374.744274,610,256,1764871374.733648,10.626
1764871374.747593,611,256,1764871374.736977,10.616
1764871374.750981,612,256,1764871374.740352,10.629
1764871374.754234,613,256,1764871374.743615,10.619
1764871374.757565,614,256,1764871374.746948,10.617
1764871374.760899,615,256,1764871374.750297,10.603
1764871374.764266,616,256,1764871374.753651,10.614
1764871374.767601,617,256,1764871374.756953,10.648
1764871374.770961,618,256,1764871374.760326,10.635
1764871374.774212,619,256,1764871374.763618,10.594
1764871374.777653,620,256,1764871374.767008,10.645
1764871374.781052,621,256,1764871374.770288,10.763
1764871374.784319,622,256,1764871374.773592,10.726
1764871374.787663,623,256,1764871374.777016,10.647
1764871374.790891,624,256,1764871374.780194,10.697
1764871374.794418,625,256,1764871374.783544,10.875
1764871374.797780,626,256,1764871374.786905,10.875
1764871374.801078,627,256,1764871374.790207,10.871
1764871374.804557,628,256,1764871374.793676,10.880
1764871374.807937,629,256,1764871374.797045,10.891
1764871374.811268,630,256,1764871374.800384,10.883
1764871374.814612,631,256,1764871374.803707,10.905
1764871374.818029,632,256,1764871374.807015,11.014
1764871374.821140,633,256,1764871374.810376,10.763
1764871374.824431,634,256,1764871374.813574,10.858
1764871374.827865,635,256,1764871374.816968,10.897
1764871374.831115,636,256,1764871374.820274,10.841
1764871374.834450,637,256,1764871374.823681,10.770
1764871374.837759,638,256,1764871374.826896,10.863
1764871374.840965,639,256,1764871374.830227,10.738
1764871374.844473,640,256,1764871374.833639,10.834
1764871374.847779,641,256,1764871374.837061,10.718
1764871374.850940,642,256,1764871374.840215,10.725
1764871374.854474,643,256,1764871374.843731,10.743
1764871374.857990,644,256,1764871374.847107,10.883
1764871374.860959,645,256,1764871374.850209,10.750
1764871374.864417,646,256,1764871374.853709,10.708
1764871374.867896,647,256,1764871374.857104,10.792
1764871374.870994,648,256,1764871374.860266,10.728
1764871374.874395,649,256,1764871374.863605,10.790
1764871374.877916,650,256,1764871374.867108,10.808
1764871374.881014,651,256,1764871374.870208,10.807
1764871374.884210,652,256,1764871374.873542,10.668
1764871374.887674,653,256,1764871374.876917,10.757
1764871374.890988,654,256,1764871374.880205,10.783
1764871374.894253,655,256,1764871374.883556,10.697
1764871374.897482,656,256,1764871374.886849,10.633
1764871374.900889,657,256,1764871374.890185,10.705
1764871374.904354,658,256,1764871374.893589,10.766
1764871374.907866,659,256,1764871374.897117,10.749
1764871374.910968,660,256,1764871374.900206,10.762
1764871374.914287,661,256,1764871374.903563,10.724
1764871374.917886,662,256,1764871374.907120,10.767
1764871374.920924,663,256,1764871374.910217,10.707
1764871374.924379,664,256,1764871374.913590,10.789
1764871374.927915,665,256,1764871374.917122,10.793
1764871374.931169,666,256,1764871374.920376,10.793
1764871374.934555,667,256,1764871374.923733,10.822
1764871374.937756,668,256,1764871374.926992,10.764
1764871374.940995,669,256,1764871374.930221,10.774
1764871374.944273,670,256,1764871374.933566,10.707
1764871374.947678,671,256,1764871374.937012,10.666
1764871374.950938,672,256,1764871374.940219,10.719
1764871374.954406,673,256,1764871374.943696,10.710
1764871374.957871,674,256,1764871374.947052,10.820
1764871374.961160,675,256,1764871374.950375,10.785
1764871374.964530,676,256,1764871374.953710,10.820
1764871374.967854,677,256,1764871374.956886,10.968
1764871374.971081,678,256,1764871374.960323,10.758
1764871374.974387,679,256,1764871374.963637,10.750
1764871374.977767,680,256,1764871374.967025,10.742
1764871374.981100,681,256,1764871374.970360,10.741
1764871374.984417,682,256,1764871374.973667,10.750
1764871374.987793,683,256,1764871374.977063,10.730
1764871374.991045,684,256,1764871374.980309,10.736
1764871374.994414,685,256,1764871374.983659,10.756
1764871374.997771,686,256,1764871374.987031,10.740
1764871375.001098,687,256,1764871374.990335,10.763
1764871375.004444,688,256,1764871374.993676,10.768
1764871375.007779,689,256,1764871374.997061,10.718
1764871375.011036,690,256,1764871375.000286,10.750
1764871375.014437,691,256,1764871375.003671,10.766
1764871375.017797,692,256,1764871375.007079,10.718
1764871375.021072,693,256,1764871375.010327,10.745
1764871375.024269,694,256,1764871375.013628,10.642
1764871375.027721,695,256,1764871375.017005,10.717
1764871375.030960,696,256,1764871375.020289,10.671
1764871375.034280,697,256,1764871375.023527,10.753
1764871375.038014,698,256,1764871375.026984,11.029
1764871375.040967,699,256,1764871375.030286,10.682
1764871375.044276,700,256,1764871375.033542,10.733
1764871375.048228,701,256,1764871375.036908,11.319
1764871375.051121,702,256,1764871375.040190,10.932
1764871375.054470,703,256,1764871375.043547,10.923
1764871375.057795,704,256,1764871375.046916,10.879
1764871375.061167,705,256,1764871375.050369,10.798
1764871375.064710,706,256,1764871375.053726,10.984
1764871375.067990,707,256,1764871375.057047,10.943
1764871375.071320,708,256,1764871375.060381,10.939
1764871375.074440,709,256,1764871375.063542,10.898
1764871375.077763,710,256,1764871375.066914,10.849
1764871375.081161,711,256,1764871375.070261,10.900
1764871375.084579,712,256,1764871375.073740,10.839
1764871375.087589,713,256,1764871375.076883,10.706
1764871375.090995,714,256,1764871375.080343,10.652
1764871375.094483,715,256,1764871375.083650,10.833
1764871375.097762,716,256,1764871375.086890,10.871
1764871375.101054,717,256,1764871375.090176,10.878
1764871375.104385,718,256,1764871375.093549,10.835
1764871375.107932,719,256,1764871375.097041,10.891
1764871375.111075,720,256,1764871375.100208,10.867
1764871375.114610,721,256,1764871375.103705,10.905
1764871375.117794,722,256,1764871375.106863,10.931
1764871375.121328,723,256,1764871375.110363,10.965
1764871375.124616,724,256,1764871375.113672,10.944
1764871375.127745,725,256,1764871375.116912,10.833
1764871375.131266,726,256,1764871375.120374,10.892
1764871375.134664,727,256,1764871375.123709,10.955
1764871375.137613,728,256,1764871375.126908,10.705
1764871375.140951,729,256,1764871375.130182,10.769
1764871375.144346,730,256,1764871375.133556,10.790
1764871375.147904,731,256,1764871375.137122,10.782
1764871375.151008,732,256,1764871375.140209,10.798
1764871375.154283,733,256,1764871375.143557,10.726
1764871375.157893,734,256,1764871375.147116,10.777
1764871375.160883,735,256,1764871375.150204,10.680
1764871375.164277,736,256,1764871375.153555,10.721
1764871375.167815,737,256,1764871375.157077,10.738
1764871375.170959,738,256,1764871375.160196,10.763
1764871375.174487,739,256,1764871375.163693,10.794
1764871375.177936,740,256,1764871375.167120,10.816
1764871375.181102,741,256,1764871375.170292,10.810
1764871375.184376,742,256,1764871375.173651,10.726
1764871375.187884,743,256,1764871375.177097,10.787
1764871375.191047,744,256,1764871375.180312,10.735
1764871375.194453,745,256,1764871375.183726,10.727
1764871375.197850,746,256,1764871375.187065,10.785
1764871375.201047,747,256,1764871375.190287,10.760
1764871375.204254,748,256,1764871375.193536,10.718
1764871375.207847,749,256,1764871375.197034,10.813
1764871375.211051,750,256,1764871375.200328,10.723
1764871375.214411,751,256,1764871375.203656,10.755
1764871375.217776,752,256,1764871375.207016,10.761
1764871375.221069,753,256,1764871375.210321,10.748
1764871375.224244,754,256,1764871375.213519,10.725
1764871375.227690,755,256,1764871375.216958,10.733
1764871375.231067,756,256,1764871375.220330,10.737
1764871375.234265,757,256,1764871375.223642,10.623
1764871375.237656,758,256,1764871375.227011,10.644
1764871375.240977,759,256,1764871375.230343,10.634
1764871375.244238,760,256,1764871375.233616,10.622
1764871375.247752,761,256,1764871375.237069,10.684
1764871375.250856,762,256,1764871375.240185,10.671
1764871375.254236,763,256,1764871375.243540,10.696
1764871375.257684,764,256,1764871375.246949,10.735
1764871375.260880,765,256,1764871375.250193,10.687
1764871375.264407,766,256,1764871375.253654,10.753
1764871375.267715,767,256,1764871375.256967,10.748
1764871375.271015,768,256,1764871375.260337,10.677
1764871375.274146,769,256,1764871375.263542,10.603
1764871375.277723,770,256,1764871375.267016,10.707
1764871375.280795,771,256,1764871375.270193,10.601
1764871375.284204,772,256,1764871375.273517,10.687
1764871375.287611,773,256,1764871375.276947,10.663
1764871375.291140,774,256,1764871375.280258,10.882
1764871375.294508,775,256,1764871375.283650,10.857
1764871375.297652,776,256,1764871375.286929,10.723
1764871375.300971,777,256,1764871375.290201,10.769
1764871375.304624,778,256,1764871375.293657,10.967
1764871375.307739,779,256,1764871375.296933,10.806
1764871375.311169,780,256,1764871375.300334,10.834
1764871375.314363,781,256,1764871375.303595,10.768
1764871375.317959,782,256,1764871375.307065,10.894
1764871375.321057,783,256,1764871375.310266,10.791
1764871375.324536,784,256,1764871375.313686,10.850
1764871375.327947,785,256,1764871375.317059,10.888
1764871375.331203,786,256,1764871375.320341,10.862
1764871375.334507,787,256,1764871375.323694,10.813
1764871375.337941,788,256,1764871375.327052,10.889
1764871375.341131,789,256,1764871375.330223,10.908
1764871375.344497,790,256,1764871375.333694,10.802
1764871375.347988,791,256,1764871375.337044,10.945
1764871375.351362,792,256,1764871375.340396,10.966
1764871375.354668,793,256,1764871375.343705,10.962
1764871375.357991,794,256,1764871375.346993,10.998
1764871375.360836,795,256,1764871375.350194,10.642
1764871375.364357,796,256,1764871375.353652,10.704
1764871375.367676,797,256,1764871375.356946,10.730
1764871375.370860,798,256,1764871375.360194,10.666
1764871375.374217,799,256,1764871375.363510,10.706
1764871375.377789,800,256,1764871375.367058,10.731
1764871375.380851,801,256,1764871375.370190,10.661
1764871375.384195,802,256,1764871375.373544,10.651
1764871375.387747,803,256,1764871375.377007,10.740
1764871375.390893,804,256,1764871375.380185,10.708
1764871375.394303,805,256,1764871375.383625,10.678
1764871375.397815,806,256,1764871375.387071,10.744
1764871375.401100,807,256,1764871375.390344,10.756
1764871375.404394,808,256,1764871375.393656,10.738
1764871375.407780,809,256,1764871375.397011,10.768
1764871375.411064,810,256,1764871375.400327,10.737
1764871375.414402,811,256,1764871375.403654,10.748
1764871375.417948,812,256,1764871375.407042,10.906
1764871375.420904,813,256,1764871375.410185,10.719
1764871375.424232,814,256,1764871375.413508,10.724
1764871375.427854,815,256,1764871375.417039,10.814
1764871375.431073,816,256,1764871375.420317,10.756
1764871375.434474,817,256,1764871375.423669,10.804
1764871375.437691,818,256,1764871375.426953,10.739
1764871375.440949,819,256,1764871375.430286,10.663
1764871375.444359,820,256,1764871375.433684,10.675
1764871375.447633,821,256,1764871375.436994,10.638
1764871375.450809,822,256,1764871375.440195,10.614
1764871375.454308,823,256,1764871375.443655,10.653
1764871375.457694,824,256,1764871375.446971,10.723
1764871375.460809,825,256,1764871375.450165,10.644
1764871375.464274,826,256,1764871375.453539,10.735
1764871375.467672,827,256,1764871375.457012,10.660
1764871375.470829,828,256,1764871375.460191,10.638
1764871375.474214,829,256,1764871375.463546,10.668
1764871375.477630,830,256,1764871375.466995,10.635
1764871375.480882,831,256,1764871375.470200,10.683
1764871375.484287,832,256,1764871375.473539,10.747
1764871375.487708,833,256,1764871375.476984,10.724
1764871375.490852,834,256,1764871375.480193,10.659
1764871375.494296,835,256,1764871375.483552,10.743
1764871375.497708,836,256,1764871375.487032,10.676
1764871375.500855,837,256,1764871375.490185,10.670
1764871375.504451,838,256,1764871375.493730,10.721
1764871375.507782,839,256,1764871375.497053,10.730
1764871375.511032,840,256,1764871375.500310,10.722
1764871375.514171,841,256,1764871375.503507,10.664
1764871375.517857,842,256,1764871375.507072,10.786
1764871375.521081,843,256,1764871375.510331,10.750
1764871375.524183,844,256,1764871375.513560,10.623
1764871375.527802,845,256,1764871375.517052,10.750
1764871375.531094,846,256,1764871375.520385,10.709
1764871375.534304,847,256,1764871375.523580,10.724
1764871375.537549,848,256,1764871375.526874,10.674
1764871375.540927,849,256,1764871375.530277,10.650
1764871375.544118,850,256,1764871375.533530,10.588
1764871375.547526,851,256,1764871375.536875,10.651
1764871375.550961,852,256,1764871375.540184,10.777
1764871375.554178,853,256,1764871375.543540,10.639
1764871375.557470,854,256,1764871375.546890,10.580
1764871375.561059,855,256,1764871375.550244,10.815
1764871375.564330,856,256,1764871375.553607,10.723
1764871375.567633,857,256,1764871375.556895,10.738
1764871375.571045,858,256,1764871375.560315,10.729
1764871375.574466,859,256,1764871375.563674,10.792
1764871375.577789,860,256,1764871375.567023,10.766
1764871375.581129,861,256,1764871375.570312,10.816
1764871375.584577,862,256,1764871375.573761,10.817
1764871375.587731,863,256,1764871375.576946,10.784
1764871375.590978,864,256,1764871375.580252,10.726
1764871375.594383,865,256,1764871375.583668,10.715
1764871375.597740,866,256,1764871375.586997,10.743
1764871375.601022,867,256,1764871375.590315,10.707
1764871375.604478,868,256,1764871375.593706,10.772
1764871375.607554,869,256,1764871375.596876,10.678
1764871375.611161,870,256,1764871375.600358,10.802
1764871375.614447,871,256,1764871375.603704,10.743
1764871375.617783,872,256,1764871375.607047,10.735
1764871375.621100,873,256,1764871375.610329,10.771
1764871375.624274,874,256,1764871375.613542,10.731
1764871375.627729,875,256,1764871375.617009,10.720
1764871375.630928,876,256,1764871375.620180,10.747
1764871375.634321,877,256,1764871375.623549,10.773
1764871375.637737,878,256,1764871375.627078,10.659
1764871375.640853,879,256,1764871375.630191,10.663
1764871375.644128,880,256,1764871375.633524,10.604
1764871375.647598,881,256,1764871375.636947,10.651
1764871375.650905,882,256,1764871375.640252,10.653
1764871375.654317,883,256,1764871375.643699,10.618
1764871375.657598,884,256,1764871375.646972,10.625
1764871375.660924,885,256,1764871375.650293,10.631
1764871375.664288,886,256,1764871375.653637,10.650
1764871375.667607,887,256,1764871375.656968,10.638
1764871375.670907,888,256,1764871375.660285,10.622
1764871375.674294,889,256,1764871375.663638,10.656
1764871375.677668,890,256,1764871375.667046,10.622
1764871375.680929,891,256,1764871375.670291,10.638
1764871375.684187,892,256,1764871375.673600,10.587
1764871375.687563,893,256,1764871375.676964,10.599
1764871375.690934,894,256,1764871375.680341,10.592
1764871375.694147,895,256,1764871375.683535,10.612
1764871375.697548,896,256,1764871375.686911,10.637
1764871375.700916,897,256,1764871375.690274,10.642
1764871375.704267,898,256,1764871375.693648,10.619
1764871375.707605,899,256,1764871375.697006,10.599
1764871375.710876,900,256,1764871375.700286,10.590
1764871375.714201,901,256,1764871375.703555,10.646
1764871375.717561,902,256,1764871375.706946,10.614
1764871375.720924,903,256,1764871375.710268,10.656
1764871375.724274,904,256,1764871375.713634,10.641
1764871375.727643,905,256,1764871375.717013,10.630
1764871375.730957,906,256,1764871375.720310,10.647
1764871375.734363,907,256,1764871375.723665,10.698
1764871375.737874,908,256,1764871375.727119,10.756
1764871375.740992,909,256,1764871375.730296,10.696
1764871375.744400,910,256,1764871375.733702,10.698
1764871375.747870,911,256,1764871375.737131,10.739
1764871375.751205,912,256,1764871375.740402,10.803
1764871375.754425,913,256,1764871375.743673,10.752
1764871375.757679,914,256,1764871375.746927,10.752
1764871375.761044,915,256,1764871375.750206,10.838
1764871375.764555,916,256,1764871375.753702,10.854
1764871375.767787,917,256,1764871375.757053,10.734
1764871375.771139,918,256,1764871375.760391,10.748
1764871375.774423,919,256,1764871375.763717,10.706
1764871375.777876,920,256,1764871375.767058,10.818
1764871375.781127,921,256,1764871375.770336,10.791
1764871375.784343,922,256,1764871375.773654,10.689
1764871375.787804,923,256,1764871375.777051,10.753
1764871375.791068,924,256,1764871375.780358,10.710
1764871375.794228,925,256,1764871375.783544,10.684
1764871375.798297,926,256,1764871375.787449,10.848
1764871375.801008,927,256,1764871375.790178,10.830
1764871375.804231,928,256,1764871375.793498,10.733
1764871375.807718,929,256,1764871375.796875,10.843
1764871375.811011,930,256,1764871375.800191,10.820
1764871375.814417,931,256,1764871375.803649,10.768
1764871375.817786,932,256,1764871375.807050,10.736
1764871375.820954,933,256,1764871375.810267,10.686
1764871375.824255,934,256,1764871375.813630,10.625
1764871375.827612,935,256,1764871375.817017,10.595
1764871375.830950,936,256,1764871375.820259,10.691
1764871375.834218,937,256,1764871375.823537,10.681
1764871375.837653,938,256,1764871375.826940,10.712
1764871375.840899,939,256,1764871375.830163,10.737
1764871375.844327,940,256,1764871375.833602,10.725
1764871375.847658,941,256,1764871375.836941,10.717
1764871375.851072,942,256,1764871375.840320,10.752
1764871375.854308,943,256,1764871375.843650,10.659
1764871375.857657,944,256,1764871375.846977,10.681
1764871375.861022,945,256,1764871375.850311,10.711
1764871375.864340,946,256,1764871375.853623,10.717
1764871375.867693,947,256,1764871375.857010,10.682
1764871375.871005,948,256,1764871375.860295,10.710
1764871375.874329,949,256,1764871375.863623,10.706
1764871375.877786,950,256,1764871375.867041,10.745
1764871375.881031,951,256,1764871375.870288,10.743
1764871375.884451,952,256,1764871375.873710,10.742
1764871375.887708,953,256,1764871375.876987,10.721
1764871375.891132,954,256,1764871375.880327,10.806
1764871375.894516,955,256,1764871375.883675,10.841
1764871375.897948,956,256,1764871375.887048,10.900
1764871375.901029,957,256,1764871375.890320,10.710
1764871375.904484,958,256,1764871375.893655,10.829
1764871375.907555,959,256,1764871375.896894,10.660
1764871375.911139,960,256,1764871375.900319,10.820
1764871375.914419,961,256,1764871375.903650,10.770
1764871375.917698,962,256,1764871375.906970,10.728
1764871375.920933,963,256,1764871375.910195,10.738
1764871375.924249,964,256,1764871375.913521,10.729
1764871375.927589,965,256,1764871375.916856,10.733
1764871375.931047,966,256,1764871375.920250,10.797
1764871375.934395,967,256,1764871375.923634,10.761
1764871375.937692,968,256,1764871375.926976,10.716
1764871375.940943,969,256,1764871375.930182,10.761
1764871375.944349,970,256,1764871375.933621,10.728
1764871375.947698,971,256,1764871375.936969,10.728
1764871375.951025,972,256,1764871375.940270,10.755
1764871375.954399,973,256,1764871375.943642,10.757
1764871375.957723,974,256,1764871375.946971,10.752
1764871375.961027,975,256,1764871375.950302,10.725
1764871375.964368,976,256,1764871375.953643,10.725
1764871375.967713,977,256,1764871375.956978,10.735
1764871375.971020,978,256,1764871375.960275,10.745
1764871375.974366,979,256,1764871375.963636,10.731
1764871375.977730,980,256,1764871375.966989,10.741
1764871375.981031,981,256,1764871375.970368,10.664
1764871375.984350,982,256,1764871375.973646,10.704
1764871375.987749,983,256,1764871375.976992,10.757
1764871375.991091,984,256,1764871375.980336,10.755
1764871375.994464,985,256,1764871375.983649,10.815
1764871375.997738,986,256,1764871375.987003,10.735
1764871376.001076,987,256,1764871375.990326,10.750
1764871376.004507,988,256,1764871375.993685,10.823
1764871376.007565,989,256,1764871375.996873,10.692
1764871376.011122,990,256,1764871376.000381,10.741
1764871376.014457,991,256,1764871376.003713,10.744
1764871376.017669,992,256,1764871376.006986,10.683
1764871376.020992,993,256,1764871376.010383,10.608
1764871376.024254,994,256,1764871376.013616,10.638
1764871376.027484,995,256,1764871376.016875,10.610
1764871376.030926,996,256,1764871376.020173,10.753
1764871376.034366,997,256,1764871376.023608,10.758
1764871376.037658,998,256,1764871376.026992,10.667
1764871376.040895,999,256,1764871376.030193,10.702
1764871376.044271,1000,256,1764871376.033523,10.749
1764871376.047516,1001,256,1764871376.036856,10.661
1764871376.050843,1002,256,1764871376.040183,10.660
1764871376.054388,1003,256,1764871376.043672,10.715
1764871376.057519,1004,256,1764871376.046877,10.642
1764871376.060863,1005,256,1764871376.050179,10.684
1764871376.064108,1006,256,1764871376.053531,10.577
1764871376.067484,1007,256,1764871376.056887,10.597
1764871376.070843,1008,256,1764871376.060177,10.666
1764871376.074048,1009,256,1764871376.063498,10.550
1764871376.077482,1010,256,1764871376.066833,10.650
1764871376.080804,1011,256,1764871376.070157,10.648
1764871376.084152,1012,256,1764871376.073495,10.657
1764871376.087503,1013,256,1764871376.076930,10.573
1764871376.090840,1014,256,1764871376.080168,10.673
1764871376.094087,1015,256,1764871376.083529,10.557
1764871376.097526,1016,256,1764871376.086941,10.585
1764871376.100755,1017,256,1764871376.090167,10.589
1764871376.104087,1018,256,1764871376.093523,10.565
1764871376.107514,1019,256,1764871376.096932,10.582
1764871376.110778,1020,256,1764871376.100163,10.615
1764871376.114391,1021,256,1764871376.103697,10.694
1764871376.117698,1022,256,1764871376.107020,10.678
1764871376.120832,1023,256,1764871376.110191,10.641
1764871376.124308,1024,256,1764871376.113616,10.693
1764871376.127647,1025,256,1764871376.116993,10.653
1764871376.130928,1026,256,1764871376.120246,10.683
1764871376.134358,1027,256,1764871376.123642,10.716
1764871376.137744,1028,256,1764871376.127025,10.719
1764871376.140952,1029,256,1764871376.130198,10.753
1764871376.144264,1030,256,1764871376.133546,10.718
1764871376.147724,1031,256,1764871376.137072,10.652
1764871376.150915,1032,256,1764871376.140256,10.659
1764871376.154550,1033,256,1764871376.143666,10.885
1764871376.157660,1034,256,1764871376.146997,10.663
1764871376.160970,1035,256,1764871376.150307,10.663
1764871376.164193,1036,256,1764871376.153527,10.666
1764871376.167796,1037,256,1764871376.157036,10.760
1764871376.171045,1038,256,1764871376.160292,10.753
1764871376.174341,1039,256,1764871376.163625,10.716
1764871376.177781,1040,256,1764871376.167070,10.711
1764871376.181126,1041,256,1764871376.170363,10.763
1764871376.184238,1042,256,1764871376.173546,10.692
1764871376.187638,1043,256,1764871376.176979,10.660
1764871376.191091,1044,256,1764871376.180363,10.728
1764871376.194372,1045,256,1764871376.183663,10.710
1764871376.197639,1046,256,1764871376.187018,10.621
1764871376.201096,1047,256,1764871376.190333,10.763
1764871376.204292,1048,256,1764871376.193617,10.675
1764871376.207593,1049,256,1764871376.196939,10.654
1764871376.210987,1050,256,1764871376.200324,10.663
1764871376.214421,1051,256,1764871376.203726,10.695
1764871376.217734,1052,256,1764871376.206988,10.746
1764871376.221179,1053,256,1764871376.210315,10.864
1764871376.224357,1054,256,1764871376.213651,10.706
1764871376.227627,1055,256,1764871376.216978,10.649
1764871376.230877,1056,256,1764871376.220191,10.685
1764871376.234372,1057,256,1764871376.223671,10.701
1764871376.237726,1058,256,1764871376.227007,10.720
1764871376.241083,1059,256,1764871376.230332,10.751
1764871376.244426,1060,256,1764871376.233670,10.756
1764871376.247568,1061,256,1764871376.236873,10.694
1764871376.251124,1062,256,1764871376.240373,10.752
1764871376.254422,1063,256,1764871376.243654,10.769
1764871376.257702,1064,256,1764871376.247049,10.653
1764871376.260981,1065,256,1764871376.250329,10.652
1764871376.264356,1066,256,1764871376.253619,10.737
1764871376.267630,1067,256,1764871376.256996,10.633
1764871376.270856,1068,256,1764871376.260196,10.660
1764871376.274383,1069,256,1764871376.263679,10.704
1764871376.277684,1070,256,1764871376.266978,10.706
1764871376.280970,1071,256,1764871376.270250,10.720
1764871376.284240,1072,256,1764871376.273604,10.636
1764871376.287616,1073,256,1764871376.276947,10.668
1764871376.290799,1074,256,1764871376.280195,10.604
1764871376.294206,1075,256,1764871376.283547,10.659
1764871376.297551,1076,256,1764871376.286885,10.666
1764871376.300938,1077,256,1764871376.290206,10.732
1764871376.304215,1078,256,1764871376.293546,10.669
1764871376.307681,1079,256,1764871376.296953,10.728
1764871376.311109,1080,256,1764871376.300331,10.778
1764871376.314410,1081,256,1764871376.303616,10.794
1764871376.317899,1082,256,1764871376.307020,10.878
1764871376.320998,1083,256,1764871376.310258,10.740
1764871376.324334,1084,256,1764871376.313666,10.668
1764871376.328028,1085,256,1764871376.317060,10.968
1764871376.331116,1086,256,1764871376.320328,10.788
1764871376.334439,1087,256,1764871376.323595,10.844
1764871376.337542,1088,256,1764871376.326900,10.642
1764871376.341114,1089,256,1764871376.330294,10.820
1764871376.344447,1090,256,1764871376.333733,10.715
1764871376.347865,1091,256,1764871376.337065,10.800
1764871376.351075,1092,256,1764871376.340332,10.744
1764871376.354376,1093,256,1764871376.343672,10.705
1764871376.357849,1094,256,1764871376.347048,10.801
1764871376.361148,1095,256,1764871376.350338,10.810
1764871376.364396,1096,256,1764871376.353674,10.722
1764871376.367805,1097,256,1764871376.357029,10.776
1764871376.371024,1098,256,1764871376.360349,10.675
1764871376.374458,1099,256,1764871376.363668,10.790
1764871376.377737,1100,256,1764871376.366983,10.754
1764871376.381090,1101,256,1764871376.370322,10.769
1764871376.384481,1102,256,1764871376.373682,10.799
1764871376.387845,1103,256,1764871376.377081,10.764
1764871376.391276,1104,256,1764871376.380386,10.890
1764871376.394325,1105,256,1764871376.383563,10.762
1764871376.397761,1106,256,1764871376.386984,10.777
1764871376.401083,1107,256,1764871376.390338,10.746
1764871376.404448,1108,256,1764871376.393698,10.751
1764871376.407843,1109,256,1764871376.397091,10.751
1764871376.411083,1110,256,1764871376.400346,10.737
1764871376.414481,1111,256,1764871376.403714,10.767
1764871376.417922,1112,256,1764871376.407074,10.848
1764871376.421163,1113,256,1764871376.410343,10.819
1764871376.424484,1114,256,1764871376.413677,10.807
1764871376.427905,1115,256,1764871376.417039,10.866
1764871376.431095,1116,256,1764871376.420343,10.752
1764871376.434525,1117,256,1764871376.423728,10.797
1764871376.437808,1118,256,1764871376.427034,10.774
1764871376.441146,1119,256,1764871376.430294,10.852
1764871376.444556,1120,256,1764871376.433755,10.801
1764871376.447803,1121,256,1764871376.437011,10.793
1764871376.451132,1122,256,1764871376.440396,10.736
1764871376.454660,1123,256,1764871376.443712,10.948
1764871376.457761,1124,256,1764871376.446918,10.843
1764871376.460953,1125,256,1764871376.450174,10.778
1764871376.464240,1126,256,1764871376.453594,10.646
1764871376.467865,1127,256,1764871376.457035,10.829
1764871376.471118,1128,256,1764871376.460423,10.695
1764871376.474368,1129,256,1764871376.463672,10.695
1764871376.477706,1130,256,1764871376.466934,10.771
1764871376.481121,1131,256,1764871376.470326,10.795
1764871376.484447,1132,256,1764871376.473749,10.698
1764871376.487738,1133,256,1764871376.477041,10.697
1764871376.491166,1134,256,1764871376.480419,10.747
1764871376.494352,1135,256,1764871376.483677,10.675
1764871376.497719,1136,256,1764871376.487000,10.719
1764871376.501118,1137,256,1764871376.490375,10.744
1764871376.504474,1138,256,1764871376.493669,10.805
1764871376.507762,1139,256,1764871376.497058,10.704
1764871376.511210,1140,256,1764871376.500425,10.785
1764871376.514562,1141,256,1764871376.503756,10.806
1764871376.517910,1142,256,1764871376.507109,10.801
1764871376.521178,1143,256,1764871376.510377,10.802
1764871376.524404,1144,256,1764871376.513678,10.725
1764871376.527790,1145,256,1764871376.517056,10.735
1764871376.531070,1146,256,1764871376.520382,10.688
1764871376.534447,1147,256,1764871376.523705,10.742
1764871376.537618,1148,256,1764871376.526904,10.714
1764871376.540814,1149,256,1764871376.530177,10.637
1764871376.544333,1150,256,1764871376.533526,10.807
1764871376.547747,1151,256,1764871376.536868,10.879
1764871376.551050,1152,256,1764871376.540194,10.857
1764871376.554354,1153,256,1764871376.543544,10.810
1764871376.557707,1154,256,1764871376.546982,10.725
1764871376.561015,1155,256,1764871376.550193,10.823
1764871376.564408,1156,256,1764871376.553545,10.863
1764871376.567858,1157,256,1764871376.556966,10.892
1764871376.571081,1158,256,1764871376.560194,10.888
1764871376.574383,1159,256,1764871376.563531,10.852
1764871376.577929,1160,256,1764871376.567056,10.873
1764871376.581023,1161,256,1764871376.570191,10.832
1764871376.584374,1162,256,1764871376.573545,10.829
1764871376.587796,1163,256,1764871376.576979,10.817
1764871376.590962,1164,256,1764871376.580184,10.778
1764871376.594333,1165,256,1764871376.583539,10.794
1764871376.597670,1166,256,1764871376.586948,10.722
1764871376.600895,1167,256,1764871376.590193,10.702
1764871376.604377,1168,256,1764871376.593527,10.850
1764871376.607679,1169,256,1764871376.596866,10.813
1764871376.611035,1170,256,1764871376.600176,10.859
1764871376.614350,1171,256,1764871376.603537,10.813
1764871376.617807,1172,256,1764871376.606961,10.846
1764871376.621075,1173,256,1764871376.610289,10.786
1764871376.624484,1174,256,1764871376.613628,10.856
1764871376.627899,1175,256,1764871376.617011,10.888
1764871376.631063,1176,256,1764871376.620295,10.769
1764871376.634490,1177,256,1764871376.623638,10.852
1764871376.637815,1178,256,1764871376.626971,10.844
1764871376.641149,1179,256,1764871376.630281,10.868
1764871376.644459,1180,256,1764871376.633622,10.836
1764871376.647857,1181,256,1764871376.637002,10.855
1764871376.651272,1182,256,1764871376.640338,10.934
1764871376.654589,1183,256,1764871376.643715,10.874
1764871376.657854,1184,256,1764871376.647034,10.820
1764871376.660989,1185,256,1764871376.650196,10.793
1764871376.664275,1186,256,1764871376.653551,10.724
1764871376.667786,1187,256,1764871376.656929,10.857
1764871376.671053,1188,256,1764871376.660203,10.850
1764871376.674363,1189,256,1764871376.663520,10.843
1764871376.677855,1190,256,1764871376.666973,10.882
1764871376.681063,1191,256,1764871376.670190,10.873
1764871376.684343,1192,256,1764871376.673542,10.801
1764871376.687731,1193,256,1764871376.676967,10.764
1764871376.690998,1194,256,1764871376.680194,10.803
1764871376.694338,1195,256,1764871376.683549,10.788
1764871376.697652,1196,256,1764871376.686940,10.712
1764871376.701079,1197,256,1764871376.690193,10.886
1764871376.704379,1198,256,1764871376.693543,10.836
1764871376.707754,1199,256,1764871376.696978,10.776
1764871376.710952,1200,256,1764871376.700184,10.768
1764871376.714400,1201,256,1764871376.703695,10.704
1764871376.717647,1202,256,1764871376.706973,10.674
1764871376.720907,1203,256,1764871376.710179,10.729
1764871376.724400,1204,256,1764871376.713592,10.808
1764871376.727667,1205,256,1764871376.716932,10.735
1764871376.731022,1206,256,1764871376.720318,10.704
1764871376.734359,1207,256,1764871376.723629,10.730
1764871376.737636,1208,256,1764871376.726975,10.660
1764871376.740949,1209,256,1764871376.730196,10.753
1764871376.744380,1210,256,1764871376.733612,10.768
1764871376.747654,1211,256,1764871376.736932,10.722
1764871376.750982,1212,256,1764871376.740183,10.799
1764871376.754272,1213,256,1764871376.743542,10.730
1764871376.757749,1214,256,1764871376.747024,10.725
1764871376.760890,1215,256,1764871376.750192,10.698
1764871376.764199,1216,256,1764871376.753544,10.655
1764871376.767644,1217,256,1764871376.757007,10.638
1764871376.770809,1218,256,1764871376.760182,10.627
1764871376.774146,1219,256,1764871376.763527,10.618
1764871376.777575,1220,256,1764871376.766934,10.640
1764871376.780878,1221,256,1764871376.770163,10.715
1764871376.784256,1222,256,1764871376.773528,10.728
1764871376.787624,1223,256,1764871376.776928,10.695
1764871376.790859,1224,256,1764871376.780185,10.674
1764871376.794588,1225,256,1764871376.783767,10.821
1764871376.797798,1226,256,1764871376.786877,10.921
1764871376.801080,1227,256,1764871376.790195,10.884
1764871376.804361,1228,256,1764871376.793517,10.844
1764871376.807679,1229,256,1764871376.796888,10.791
1764871376.811049,1230,256,1764871376.800191,10.858
1764871376.814578,1231,256,1764871376.803653,10.926
1764871376.817893,1232,256,1764871376.807001,10.892
1764871376.821231,1233,256,1764871376.810298,10.932
1764871376.824533,1234,256,1764871376.813627,10.906
1764871376.827809,1235,256,1764871376.816951,10.859
1764871376.831223,1236,256,1764871376.820316,10.906
1764871376.834526,1237,256,1764871376.823655,10.871
1764871376.837711,1238,256,1764871376.826877,10.834
1764871376.841284,1239,256,1764871376.830359,10.926
1764871376.844526,1240,256,1764871376.833659,10.867
1764871376.847887,1241,256,1764871376.836990,10.897
1764871376.851205,1242,256,1764871376.840322,10.883
1764871376.854539,1243,256,1764871376.843654,10.885
1764871376.857903,1244,256,1764871376.846987,10.916
1764871376.861183,1245,256,1764871376.850310,10.873
1764871376.864539,1246,256,1764871376.853655,10.885
1764871376.867811,1247,256,1764871376.856997,10.815
1764871376.871259,1248,256,1764871376.860376,10.883
1764871376.874511,1249,256,1764871376.863626,10.885
1764871376.877867,1250,256,1764871376.866952,10.915
1764871376.881221,1251,256,1764871376.870327,10.894
1764871376.884515,1252,256,1764871376.873652,10.864
1764871376.887716,1253,256,1764871376.876957,10.759
1764871376.891207,1254,256,1764871376.880346,10.861
1764871376.894455,1255,256,1764871376.883614,10.840
1764871376.897917,1256,256,1764871376.887000,10.917
1764871376.901168,1257,256,1764871376.890314,10.854
1764871376.904521,1258,256,1764871376.893651,10.870
1764871376.907849,1259,256,1764871376.896985,10.864
1764871376.911151,1260,256,1764871376.900311,10.840
1764871376.914405,1261,256,1764871376.903646,10.759
1764871376.917622,1262,256,1764871376.906989,10.633
1764871376.921174,1263,256,1764871376.910343,10.831
1764871376.924352,1264,256,1764871376.913537,10.815
1764871376.927683,1265,256,1764871376.916851,10.832
1764871376.930990,1266,256,1764871376.920172,10.818
1764871376.934400,1267,256,1764871376.923627,10.773
1764871376.937710,1268,256,1764871376.926982,10.728
1764871376.940952,1269,256,1764871376.930287,10.665
1764871376.944340,1270,256,1764871376.933657,10.684
1764871376.947624,1271,256,1764871376.936907,10.718
1764871376.951005,1272,256,1764871376.940237,10.768
1764871376.954421,1273,256,1764871376.943706,10.715
1764871376.957750,1274,256,1764871376.947006,10.743
1764871376.961100,1275,256,1764871376.950338,10.762
1764871376.964446,1276,256,1764871376.953677,10.769
1764871376.967840,1277,256,1764871376.957018,10.822
1764871376.971120,1278,256,1764871376.960299,10.822
1764871376.974519,1279,256,1764871376.963665,10.854
1764871376.977810,1280,256,1764871376.967007,10.803
1764871376.981128,1281,256,1764871376.970291,10.838
1764871376.984454,1282,256,1764871376.973654,10.800
1764871376.987777,1283,256,1764871376.977000,10.778
1764871376.991246,1284,256,1764871376.980373,10.874
1764871376.994425,1285,256,1764871376.983618,10.807
1764871376.997874,1286,256,1764871376.987045,10.830
1764871377.001199,1287,256,1764871376.990336,10.863
1764871377.004521,1288,256,1764871376.993720,10.801
1764871377.007935,1289,256,1764871376.997053,10.882
1764871377.011167,1290,256,1764871377.000333,10.834
1764871377.014545,1291,256,1764871377.003719,10.825
1764871377.017854,1292,256,1764871377.007037,10.817
1764871377.021217,1293,256,1764871377.010313,10.904
1764871377.024484,1294,256,1764871377.013625,10.859
1764871377.027852,1295,256,1764871377.016973,10.879
1764871377.031185,1296,256,1764871377.020330,10.855
1764871377.034603,1297,256,1764871377.023659,10.944
1764871377.037645,1298,256,1764871377.026943,10.702
1764871377.041034,1299,256,1764871377.030333,10.701
1764871377.044311,1300,256,1764871377.033604,10.707
1764871377.047611,1301,256,1764871377.036857,10.755
1764871377.051050,1302,256,1764871377.040196,10.854
1764871377.054367,1303,256,1764871377.043530,10.838
1764871377.057696,1304,256,1764871377.046890,10.806
1764871377.061136,1305,256,1764871377.050334,10.802
1764871377.064610,1306,256,1764871377.053704,10.906
1764871377.067920,1307,256,1764871377.057048,10.872
1764871377.071046,1308,256,1764871377.060304,10.742
1764871377.074611,1309,256,1764871377.063719,10.893
1764871377.077937,1310,256,1764871377.067060,10.877
1764871377.081010,1311,256,1764871377.070208,10.801
1764871377.084521,1312,256,1764871377.073686,10.835
1764871377.087965,1313,256,1764871377.077090,10.875
1764871377.091161,1314,256,1764871377.080375,10.786
1764871377.094565,1315,256,1764871377.083711,10.854
1764871377.097896,1316,256,1764871377.087041,10.855
1764871377.101114,1317,256,1764871377.090264,10.850
1764871377.104480,1318,256,1764871377.093704,10.776
1764871377.107854,1319,256,1764871377.097034,10.820
1764871377.111133,1320,256,1764871377.100390,10.743
1764871377.114476,1321,256,1764871377.103654,10.821
1764871377.117633,1322,256,1764871377.106911,10.722
1764871377.120975,1323,256,1764871377.110267,10.708
1764871377.124163,1324,256,1764871377.113538,10.625
1764871377.127574,1325,256,1764871377.116892,10.682
1764871377.130892,1326,256,1764871377.120169,10.723
1764871377.134172,1327,256,1764871377.123528,10.645
1764871377.137584,1328,256,1764871377.126872,10.711
1764871377.140923,1329,256,1764871377.130206,10.717
1764871377.144244,1330,256,1764871377.133533,10.711
1764871377.147472,1331,256,1764871377.136892,10.581
1764871377.150812,1332,256,1764871377.140184,10.628
1764871377.154368,1333,256,1764871377.143560,10.808
1764871377.157698,1334,256,1764871377.146976,10.722
1764871377.160913,1335,256,1764871377.150162,10.751
1764871377.164274,1336,256,1764871377.153536,10.738
1764871377.167747,1337,256,1764871377.157019,10.728
1764871377.170746,1338,256,1764871377.160161,10.585
1764871377.174291,1339,256,1764871377.163539,10.752
1764871377.177747,1340,256,1764871377.166969,10.778
1764871377.180878,1341,256,1764871377.170194,10.684
1764871377.184278,1342,256,1764871377.173540,10.739
1764871377.187771,1343,256,1764871377.177020,10.751
1764871377.190963,1344,256,1764871377.180193,10.770
1764871377.194303,1345,256,1764871377.183542,10.761
1764871377.197739,1346,256,1764871377.186990,10.750
1764871377.200946,1347,256,1764871377.190197,10.749
1764871377.204399,1348,256,1764871377.193640,10.758
1764871377.207688,1349,256,1764871377.196949,10.739
1764871377.210935,1350,256,1764871377.200183,10.753
1764871377.214419,1351,256,1764871377.203654,10.765
1764871377.217765,1352,256,1764871377.207012,10.753
1764871377.221059,1353,256,1764871377.210320,10.738
1764871377.224374,1354,256,1764871377.213617,10.757
1764871377.227753,1355,256,1764871377.217009,10.744
1764871377.230956,1356,256,1764871377.220183,10.773
1764871377.234307,1357,256,1764871377.223541,10.765
1764871377.237712,1358,256,1764871377.226994,10.719
1764871377.240919,1359,256,1764871377.230193,10.726
1764871377.244375,1360,256,1764871377.233657,10.718
1764871377.247797,1361,256,1764871377.236897,10.901
1764871377.251003,1362,256,1764871377.240175,10.828
1764871377.254410,1363,256,1764871377.243644,10.766
1764871377.257797,1364,256,1764871377.247010,10.787
1764871377.260958,1365,256,1764871377.250193,10.765
1764871377.264332,1366,256,1764871377.253543,10.789
1764871377.267815,1367,256,1764871377.257019,10.797
1764871377.271058,1368,256,1764871377.260283,10.775
1764871377.274362,1369,256,1764871377.263541,10.821
1764871377.277709,1370,256,1764871377.266956,10.753
1764871377.280959,1371,256,1764871377.270192,10.767
1764871377.284341,1372,256,1764871377.273660,10.681
1764871377.287808,1373,256,1764871377.276954,10.854
1764871377.290792,1374,256,1764871377.280185,10.607
1764871377.294370,1375,256,1764871377.283511,10.859
1764871377.297736,1376,256,1764871377.286856,10.880
1764871377.301018,1377,256,1764871377.290214,10.803
1764871377.304303,1378,256,1764871377.293606,10.698
1764871377.309477,1379,256,1764871377.297054,12.423
1764871377.311456,1380,256,1764871377.300332,11.123
1764871377.314370,1381,256,1764871377.303585,10.785
1764871377.317756,1382,256,1764871377.306988,10.767
1764871377.320929,1383,256,1764871377.310202,10.727
1764871377.324263,1384,256,1764871377.313530,10.732
1764871377.327766,1385,256,1764871377.317043,10.723
1764871377.331037,1386,256,1764871377.320240,10.797
1764871377.334248,1387,256,1764871377.323512,10.736
1764871377.337904,1388,256,1764871377.327081,10.823
1764871377.341095,1389,256,1764871377.330308,10.788
1764871377.344466,1390,256,1764871377.333699,10.767
1764871377.347882,1391,256,1764871377.337067,10.815
1764871377.350961,1392,256,1764871377.340224,10.737
1764871377.354415,1393,256,1764871377.343670,10.745
1764871377.357779,1394,256,1764871377.347003,10.776
1764871377.361054,1395,256,1764871377.350308,10.746
1764871377.364457,1396,256,1764871377.353682,10.775
1764871377.367766,1397,256,1764871377.356991,10.775
1764871377.371151,1398,256,1764871377.360366,10.786
1764871377.374433,1399,256,1764871377.363673,10.761
1764871377.377850,1400,256,1764871377.367053,10.797
1764871377.381129,1401,256,1764871377.370357,10.772
1764871377.384434,1402,256,1764871377.373672,10.762
1764871377.387722,1403,256,1764871377.376986,10.736
1764871377.391126,1404,256,1764871377.380333,10.792
1764871377.394578,1405,256,1764871377.383743,10.835
1764871377.397923,1406,256,1764871377.387088,10.834
1764871377.401157,1407,256,1764871377.390318,10.839
1764871377.404582,1408,256,1764871377.393713,10.869
1764871377.407870,1409,256,1764871377.397009,10.861
1764871377.411135,1410,256,1764871377.400333,10.802
1764871377.414428,1411,256,1764871377.403670,10.758
1764871377.417792,1412,256,1764871377.407026,10.767
1764871377.421161,1413,256,1764871377.410276,10.885
1764871377.424454,1414,256,1764871377.413614,10.840
1764871377.427929,1415,256,1764871377.417095,10.834
1764871377.431133,1416,256,1764871377.420326,10.807
1764871377.434367,1417,256,1764871377.423571,10.796
1764871377.437815,1418,256,1764871377.427099,10.715
1764871377.441132,1419,256,1764871377.430352,10.780
1764871377.444381,1420,256,1764871377.433557,10.824
1764871377.447701,1421,256,1764871377.436926,10.775
1764871377.451042,1422,256,1764871377.440259,10.784
1764871377.454418,1423,256,1764871377.443640,10.779
1764871377.457711,1424,256,1764871377.446916,10.795
1764871377.460948,1425,256,1764871377.450174,10.774
1764871377.464296,1426,256,1764871377.453528,10.769
1764871377.467707,1427,256,1764871377.456914,10.793
1764871377.470989,1428,256,1764871377.460217,10.772
1764871377.475629,1429,256,1764871377.463565,12.064
1764871377.477705,1430,256,1764871377.466922,10.783
1764871377.480933,1431,256,1764871377.470179,10.754
1764871377.484210,1432,256,1764871377.473522,10.688
1764871377.487557,1433,256,1764871377.476859,10.698
1764871377.490884,1434,256,1764871377.480179,10.705
1764871377.494204,1435,256,1764871377.483528,10.676
1764871377.497613,1436,256,1764871377.486857,10.755
1764871377.500980,1437,256,1764871377.490218,10.762
1764871377.504267,1438,256,1764871377.493531,10.736
1764871377.507719,1439,256,1764871377.496929,10.790
1764871377.511041,1440,256,1764871377.500212,10.829
1764871377.514351,1441,256,1764871377.503552,10.799
1764871377.517690,1442,256,1764871377.506913,10.777
1764871377.521011,1443,256,1764871377.510214,10.797
1764871377.524290,1444,256,1764871377.513534,10.757
1764871377.527639,1445,256,1764871377.516871,10.768
1764871377.530999,1446,256,1764871377.520215,10.784
1764871377.534460,1447,256,1764871377.523748,10.712
1764871377.537645,1448,256,1764871377.526924,10.721
1764871377.540891,1449,256,1764871377.530258,10.632
1764871377.544208,1450,256,1764871377.533539,10.669
1764871377.547676,1451,256,1764871377.536868,10.807
1764871377.551013,1452,256,1764871377.540193,10.820
1764871377.554298,1453,256,1764871377.543539,10.759
1764871377.557603,1454,256,1764871377.546892,10.711
1764871377.560963,1455,256,1764871377.550214,10.749
1764871377.564296,1456,256,1764871377.553546,10.751
1764871377.567648,1457,256,1764871377.556902,10.746
1764871377.570913,1458,256,1764871377.560172,10.741
1764871377.574265,1459,256,1764871377.563515,10.750
1764871377.577851,1460,256,1764871377.566901,10.950
1764871377.581077,1461,256,1764871377.570326,10.752
1764871377.584385,1462,256,1764871377.573642,10.743
1764871377.587778,1463,256,1764871377.577065,10.713
1764871377.590977,1464,256,1764871377.580278,10.700
1764871377.594395,1465,256,1764871377.583640,10.755
1764871377.597668,1466,256,1764871377.586959,10.709
1764871377.601038,1467,256,1764871377.590294,10.743
1764871377.604359,1468,256,1764871377.593636,10.723
1764871377.607650,1469,256,1764871377.596946,10.704
1764871377.611069,1470,256,1764871377.600320,10.749
1764871377.614209,1471,256,1764871377.603533,10.676
1764871377.617689,1472,256,1764871377.607008,10.681
1764871377.621023,1473,256,1764871377.610330,10.693
1764871377.624376,1474,256,1764871377.613627,10.749
1764871377.627656,1475,256,1764871377.616884,10.772
1764871377.631135,1476,256,1764871377.620286,10.849
1764871377.634384,1477,256,1764871377.623680,10.704
1764871377.637925,1478,256,1764871377.627068,10.857
1764871377.641086,1479,256,1764871377.630290,10.796
1764871377.644466,1480,256,1764871377.633621,10.845
1764871377.647736,1481,256,1764871377.636948,10.788
1764871377.651037,1482,256,1764871377.640196,10.841
1764871377.654310,1483,256,1764871377.643533,10.777
1764871377.657724,1484,256,1764871377.646965,10.759
1764871377.660969,1485,256,1764871377.650195,10.774
1764871377.664327,1486,256,1764871377.653541,10.786
1764871377.667723,1487,256,1764871377.656997,10.725
1764871377.670968,1488,256,1764871377.660192,10.776
1764871377.674338,1489,256,1764871377.663540,10.797
1764871377.677814,1490,256,1764871377.666988,10.827
1764871377.681101,1491,256,1764871377.670311,10.789
1764871377.684379,1492,256,1764871377.673554,10.825
1764871377.687804,1493,256,1764871377.677042,10.762
1764871377.691148,1494,256,1764871377.680355,10.793
1764871377.694501,1495,256,1764871377.683712,10.790
1764871377.697851,1496,256,1764871377.687054,10.798
1764871377.701177,1497,256,1764871377.690419,10.758
1764871377.704456,1498,256,1764871377.693670,10.786
1764871377.707849,1499,256,1764871377.697048,10.801
1764871377.710904,1500,256,1764871377.700196,10.708
1764871377.714363,1501,256,1764871377.703559,10.804
1764871377.717849,1502,256,1764871377.707038,10.811
1764871377.721172,1503,256,1764871377.710352,10.820
1764871377.724551,1504,256,1764871377.713723,10.828
1764871377.727873,1505,256,1764871377.717052,10.822
1764871377.730989,1506,256,1764871377.720218,10.770
1764871377.734397,1507,256,1764871377.723566,10.831
1764871377.737889,1508,256,1764871377.727048,10.841
1764871377.741034,1509,256,1764871377.730214,10.820
1764871377.744380,1510,256,1764871377.733567,10.813
1764871377.747904,1511,256,1764871377.737054,10.850
1764871377.751009,1512,256,1764871377.740201,10.807
1764871377.754394,1513,256,1764871377.743628,10.767
1764871377.757723,1514,256,1764871377.746989,10.734
1764871377.760997,1515,256,1764871377.750310,10.687
1764871377.764329,1516,256,1764871377.753648,10.681
1764871377.767595,1517,256,1764871377.756952,10.642
1764871377.770885,1518,256,1764871377.760264,10.622
1764871377.774153,1519,256,1764871377.763528,10.625
1764871377.777537,1520,256,1764871377.766929,10.608
1764871377.780870,1521,256,1764871377.770255,10.615
1764871377.784490,1522,256,1764871377.773521,10.969
1764871377.787597,1523,256,1764871377.776938,10.659
1764871377.790841,1524,256,1764871377.780170,10.671
1764871377.794422,1525,256,1764871377.783721,10.700
1764871377.797736,1526,256,1764871377.786880,10.856
1764871377.801072,1527,256,1764871377.790188,10.884
1764871377.804347,1528,256,1764871377.793537,10.811
1764871377.807773,1529,256,1764871377.796916,10.857
1764871377.811178,1530,256,1764871377.800323,10.855
1764871377.814570,1531,256,1764871377.803697,10.873
1764871377.817801,1532,256,1764871377.807047,10.754
1764871377.821239,1533,256,1764871377.810370,10.870
1764871377.824533,1534,256,1764871377.813676,10.857
1764871377.827608,1535,256,1764871377.816861,10.747
1764871377.831184,1536,256,1764871377.820333,10.851
1764871377.834534,1537,256,1764871377.823688,10.847
1764871377.837806,1538,256,1764871377.826919,10.886
1764871377.841218,1539,256,1764871377.830383,10.836
1764871377.844642,1540,256,1764871377.833774,10.868
1764871377.847871,1541,256,1764871377.837016,10.855
1764871377.851317,1542,256,1764871377.840449,10.869
1764871377.854673,1543,256,1764871377.843712,10.961
1764871377.858077,1544,256,1764871377.847108,10.968
1764871377.861377,1545,256,1764871377.850436,10.940
1764871377.864714,1546,256,1764871377.853729,10.986
1764871377.867963,1547,256,1764871377.857006,10.957
1764871377.871276,1548,256,1764871377.860335,10.941
1764871377.874401,1549,256,1764871377.863556,10.845
1764871377.877957,1550,256,1764871377.867013,10.943
1764871377.881342,1551,256,1764871377.870379,10.963
1764871377.884736,1552,256,1764871377.873774,10.962
1764871377.887932,1553,256,1764871377.877024,10.908
1764871377.891261,1554,256,1764871377.880356,10.905
1764871377.894574,1555,256,1764871377.883669,10.906
1764871377.897932,1556,256,1764871377.887002,10.929
1764871377.901131,1557,256,1764871377.890199,10.932
1764871377.904557,1558,256,1764871377.893667,10.890
1764871377.907890,1559,256,1764871377.896995,10.895
1764871377.911152,1560,256,1764871377.900271,10.881
1764871377.914533,1561,256,1764871377.903651,10.882
1764871377.917903,1562,256,1764871377.907004,10.899
1764871377.921139,1563,256,1764871377.910247,10.892
1764871377.924437,1564,256,1764871377.913524,10.913
1764871377.927954,1565,256,1764871377.917047,10.907
1764871377.931132,1566,256,1764871377.920210,10.922
1764871377.934422,1567,256,1764871377.923549,10.873
1764871377.937986,1568,256,1764871377.927099,10.887
1764871377.941023,1569,256,1764871377.930212,10.811
1764871377.944349,1570,256,1764871377.933557,10.791
1764871377.947913,1571,256,1764871377.937096,10.817
1764871377.951215,1572,256,1764871377.940432,10.783
1764871377.954350,1573,256,1764871377.943579,10.771
1764871377.957809,1574,256,1764871377.947036,10.773
1764871377.961001,1575,256,1764871377.950202,10.799
1764871377.964350,1576,256,1764871377.953555,10.796
1764871377.967757,1577,256,1764871377.957044,10.713
1764871377.971085,1578,256,1764871377.960208,10.877
1764871377.974282,1579,256,1764871377.963584,10.698
1764871377.977744,1580,256,1764871377.967019,10.725
1764871377.980937,1581,256,1764871377.970170,10.767
1764871377.984284,1582,256,1764871377.973554,10.730
1764871377.987979,1583,256,1764871377.977097,10.882
1764871377.991061,1584,256,1764871377.980215,10.847
1764871377.994428,1585,256,1764871377.983557,10.871
1764871377.997669,1586,256,1764871377.986854,10.815
1764871378.001070,1587,256,1764871377.990205,10.865
1764871378.004435,1588,256,1764871377.993568,10.867
1764871378.008001,1589,256,1764871377.997039,10.961
1764871378.011178,1590,256,1764871378.000218,10.960
1764871378.014508,1591,256,1764871378.003567,10.940
1764871378.018249,1592,256,1764871378.007269,10.980
1764871378.021141,1593,256,1764871378.010212,10.929
1764871378.024519,1594,256,1764871378.013584,10.935
1764871378.027936,1595,256,1764871378.017128,10.807
1764871378.031077,1596,256,1764871378.020211,10.866
1764871378.034389,1597,256,1764871378.023602,10.787
1764871378.037801,1598,256,1764871378.027013,10.788
1764871378.040903,1599,256,1764871378.030193,10.711
1764871378.044240,1600,256,1764871378.033579,10.660
1764871378.047872,1601,256,1764871378.036912,10.960
1764871378.051037,1602,256,1764871378.040230,10.807
1764871378.054343,1603,256,1764871378.043534,10.809
1764871378.057924,1604,256,1764871378.046997,10.926
1764871378.061336,1605,256,1764871378.050336,11.000
1764871378.064602,1606,256,1764871378.053713,10.889
1764871378.067948,1607,256,1764871378.057045,10.903
1764871378.071265,1608,256,1764871378.060381,10.883
1764871378.074368,1609,256,1764871378.063584,10.784
1764871378.078093,1610,256,1764871378.067049,11.044
1764871378.081253,1611,256,1764871378.070331,10.922
1764871378.084544,1612,256,1764871378.073680,10.864
1764871378.087888,1613,256,1764871378.077069,10.819
1764871378.091264,1614,256,1764871378.080379,10.885
1764871378.094774,1615,256,1764871378.083764,11.011
1764871378.097793,1616,256,1764871378.086883,10.909
1764871378.101321,1617,256,1764871378.090373,10.949
1764871378.104568,1618,256,1764871378.093660,10.907
1764871378.107776,1619,256,1764871378.096891,10.885
1764871378.111275,1620,256,1764871378.100403,10.872
1764871378.114607,1621,256,1764871378.103696,10.911
1764871378.118070,1622,256,1764871378.107054,11.017
1764871378.121374,1623,256,1764871378.110389,10.985
1764871378.124344,1624,256,1764871378.113518,10.825
1764871378.127737,1625,256,1764871378.116899,10.838
1764871378.131394,1626,256,1764871378.120419,10.975
1764871378.134495,1627,256,1764871378.123683,10.812
1764871378.137800,1628,256,1764871378.127050,10.751
1764871378.141301,1629,256,1764871378.130435,10.866
1764871378.144437,1630,256,1764871378.133603,10.834
1764871378.147865,1631,256,1764871378.136990,10.875
1764871378.151296,1632,256,1764871378.140318,10.978
1764871378.154609,1633,256,1764871378.143743,10.866
1764871378.157943,1634,256,1764871378.147123,10.820
1764871378.161510,1635,256,1764871378.150374,11.136
1764871378.164765,1636,256,1764871378.153774,10.992
1764871378.167996,1637,256,1764871378.157015,10.981
1764871378.171265,1638,256,1764871378.160393,10.873
1764871378.174536,1639,256,1764871378.163589,10.946
1764871378.177884,1640,256,1764871378.167048,10.836
1764871378.181019,1641,256,1764871378.170197,10.821
1764871378.184355,1642,256,1764871378.173579,10.776
1764871378.187759,1643,256,1764871378.176907,10.852
1764871378.191241,1644,256,1764871378.180257,10.984
1764871378.194772,1645,256,1764871378.183767,11.004
1764871378.198072,1646,256,1764871378.187160,10.912
1764871378.201048,1647,256,1764871378.190198,10.850
1764871378.204540,1648,256,1764871378.193657,10.883
1764871378.207772,1649,256,1764871378.196877,10.895
1764871378.211040,1650,256,1764871378.200183,10.856
1764871378.214486,1651,256,1764871378.203646,10.840
1764871378.217900,1652,256,1764871378.206986,10.914
1764871378.221259,1653,256,1764871378.210398,10.861
1764871378.224490,1654,256,1764871378.213631,10.859
1764871378.227907,1655,256,1764871378.216988,10.919
1764871378.231173,1656,256,1764871378.220291,10.881
1764871378.234317,1657,256,1764871378.223530,10.787
1764871378.237934,1658,256,1764871378.226990,10.944
1764871378.241280,1659,256,1764871378.230357,10.923
1764871378.244495,1660,256,1764871378.233651,10.844
1764871378.247973,1661,256,1764871378.236987,10.986
1764871378.251176,1662,256,1764871378.240329,10.847
1764871378.254446,1663,256,1764871378.243645,10.800
1764871378.257633,1664,256,1764871378.246871,10.762
1764871378.261037,1665,256,1764871378.250201,10.836
1764871378.264543,1666,256,1764871378.253658,10.885
1764871378.267843,1667,256,1764871378.256953,10.890
1764871378.271152,1668,256,1764871378.260279,10.873
1764871378.274358,1669,256,1764871378.263546,10.812
1764871378.277712,1670,256,1764871378.266985,10.727
1764871378.280915,1671,256,1764871378.270196,10.719
1764871378.284668,1672,256,1764871378.273787,10.881
1764871378.287718,1673,256,1764871378.276987,10.731
1764871378.290964,1674,256,1764871378.280184,10.780
1764871378.294338,1675,256,1764871378.283621,10.716
1764871378.297644,1676,256,1764871378.286877,10.767
1764871378.301119,1677,256,1764871378.290196,10.923
1764871378.304469,1678,256,1764871378.293522,10.947
1764871378.307798,1679,256,1764871378.296924,10.875
1764871378.311105,1680,256,1764871378.300257,10.849
1764871378.314723,1681,256,1764871378.303708,11.015
1764871378.317766,1682,256,1764871378.306858,10.908
1764871378.321173,1683,256,1764871378.310214,10.960
1764871378.324489,1684,256,1764871378.313556,10.933
1764871378.328048,1685,256,1764871378.317082,10.965
1764871378.331304,1686,256,1764871378.320364,10.940
1764871378.334714,1687,256,1764871378.323753,10.961
1764871378.338299,1688,256,1764871378.327200,11.100
1764871378.341286,1689,256,1764871378.330299,10.987
1764871378.344745,1690,256,1764871378.333758,10.987
1764871378.348011,1691,256,1764871378.337052,10.959
1764871378.351399,1692,256,1764871378.340417,10.982
1764871378.354891,1693,256,1764871378.343769,11.122
1764871378.358002,1694,256,1764871378.347021,10.980
1764871378.361120,1695,256,1764871378.350210,10.910
1764871378.364672,1696,256,1764871378.353694,10.978
1764871378.368029,1697,256,1764871378.357053,10.977
1764871378.371338,1698,256,1764871378.360405,10.933
1764871378.374762,1699,256,1764871378.363679,11.083
1764871378.377974,1700,256,1764871378.367063,10.911
1764871378.381134,1701,256,1764871378.370258,10.875
1764871378.384674,1702,256,1764871378.373709,10.965
1764871378.387997,1703,256,1764871378.377031,10.966
1764871378.391141,1704,256,1764871378.380197,10.944
1764871378.394306,1705,256,1764871378.383528,10.778
1764871378.397930,1706,256,1764871378.387038,10.892
1764871378.401280,1707,256,1764871378.390375,10.905
1764871378.404451,1708,256,1764871378.393553,10.899
1764871378.407887,1709,256,1764871378.397037,10.850
1764871378.411190,1710,256,1764871378.400348,10.841
1764871378.414602,1711,256,1764871378.403704,10.898
1764871378.417893,1712,256,1764871378.407008,10.885
1764871378.421051,1713,256,1764871378.410213,10.838
1764871378.424397,1714,256,1764871378.413535,10.862
1764871378.427962,1715,256,1764871378.417015,10.947
1764871378.431272,1716,256,1764871378.420348,10.924
1764871378.434443,1717,256,1764871378.423683,10.760
1764871378.437811,1718,256,1764871378.427042,10.769
1764871378.441200,1719,256,1764871378.430446,10.755
1764871378.444459,1720,256,1764871378.433704,10.756
1764871378.447714,1721,256,1764871378.437025,10.689
1764871378.451005,1722,256,1764871378.440363,10.642
1764871378.454359,1723,256,1764871378.443693,10.667
1764871378.457673,1724,256,1764871378.446893,10.780
1764871378.461048,1725,256,1764871378.450172,10.876
1764871378.464389,1726,256,1764871378.453648,10.741
1764871378.467810,1727,256,1764871378.456916,10.894
1764871378.471208,1728,256,1764871378.460373,10.835
1764871378.474491,1729,256,1764871378.463535,10.956
1764871378.477772,1730,256,1764871378.467042,10.730
1764871378.481223,1731,256,1764871378.470368,10.855
1764871378.484555,1732,256,1764871378.473730,10.824
1764871378.487794,1733,256,1764871378.476862,10.932
1764871378.491151,1734,256,1764871378.480370,10.782
1764871378.494436,1735,256,1764871378.483656,10.779
1764871378.497914,1736,256,1764871378.487129,10.786
1764871378.501098,1737,256,1764871378.490351,10.747
1764871378.504456,1738,256,1764871378.493689,10.767
1764871378.507926,1739,256,1764871378.497036,10.891
1764871378.511124,1740,256,1764871378.500360,10.764
1764871378.514527,1741,256,1764871378.503765,10.762
1764871378.518011,1742,256,1764871378.507046,10.965
1764871378.521378,1743,256,1764871378.510375,11.003
1764871378.524454,1744,256,1764871378.513562,10.892
1764871378.528088,1745,256,1764871378.517054,11.034
1764871378.531073,1746,256,1764871378.520187,10.886
1764871378.534442,1747,256,1764871378.523669,10.772
1764871378.537786,1748,256,1764871378.527048,10.738
1764871378.541054,1749,256,1764871378.530338,10.716
1764871378.544614,1750,256,1764871378.533659,10.955
1764871378.547737,1751,256,1764871378.536871,10.866
1764871378.551371,1752,256,1764871378.540221,11.150
1764871378.554471,1753,256,1764871378.543615,10.856
1764871378.557790,1754,256,1764871378.546978,10.812
1764871378.560991,1755,256,1764871378.550196,10.796
1764871378.564459,1756,256,1764871378.553658,10.801
1764871378.567785,1757,256,1764871378.556987,10.798
1764871378.571062,1758,256,1764871378.560195,10.866
1764871378.574325,1759,256,1764871378.563505,10.820
1764871378.577853,1760,256,1764871378.566995,10.857
1764871378.581138,1761,256,1764871378.570322,10.816
1764871378.584374,1762,256,1764871378.573653,10.720
1764871378.587704,1763,256,1764871378.576982,10.722
1764871378.591126,1764,256,1764871378.580332,10.794
1764871378.594361,1765,256,1764871378.583546,10.815
1764871378.597733,1766,256,1764871378.586936,10.796
1764871378.601081,1767,256,1764871378.590297,10.784
1764871378.604477,1768,256,1764871378.593708,10.769
1764871378.607806,1769,256,1764871378.597007,10.799
1764871378.611147,1770,256,1764871378.600283,10.864
1764871378.614595,1771,256,1764871378.603651,10.944
1764871378.617814,1772,256,1764871378.607014,10.799
1764871378.621068,1773,256,1764871378.610194,10.874
1764871378.624337,1774,256,1764871378.613501,10.836
1764871378.627969,1775,256,1764871378.617072,10.897
1764871378.631139,1776,256,1764871378.620281,10.859
1764871378.634544,1777,256,1764871378.623644,10.900
1764871378.637800,1778,256,1764871378.626937,10.862
1764871378.641273,1779,256,1764871378.630388,10.886
1764871378.644503,1780,256,1764871378.633626,10.877
1764871378.647895,1781,256,1764871378.637069,10.826
1764871378.651169,1782,256,1764871378.640283,10.886
1764871378.654495,1783,256,1764871378.643637,10.858
1764871378.657875,1784,256,1764871378.646969,10.906
1764871378.661095,1785,256,1764871378.650193,10.902
1764871378.664534,1786,256,1764871378.653657,10.877
1764871378.667919,1787,256,1764871378.657051,10.868
1764871378.670946,1788,256,1764871378.660308,10.638
1764871378.674605,1789,256,1764871378.663647,10.958
1764871378.677753,1790,256,1764871378.666993,10.761
1764871378.681010,1791,256,1764871378.670166,10.844
1764871378.684358,1792,256,1764871378.673524,10.834
1764871378.687796,1793,256,1764871378.676982,10.813
1764871378.691276,1794,256,1764871378.680362,10.915
1764871378.694623,1795,256,1764871378.683716,10.907
1764871378.697782,1796,256,1764871378.686951,10.831
1764871378.701101,1797,256,1764871378.690272,10.829
1764871378.704621,1798,256,1764871378.693708,10.913
1764871378.707761,1799,256,1764871378.696976,10.785
1764871378.711187,1800,256,1764871378.700320,10.868
1764871378.714483,1801,256,1764871378.703651,10.832
1764871378.718006,1802,256,1764871378.707066,10.941
1764871378.721191,1803,256,1764871378.710291,10.899
1764871378.724470,1804,256,1764871378.713547,10.924
1764871378.727915,1805,256,1764871378.716999,10.916
1764871378.731239,1806,256,1764871378.720345,10.894
1764871378.734555,1807,256,1764871378.723653,10.902
1764871378.737836,1808,256,1764871378.726958,10.878
1764871378.741323,1809,256,1764871378.730390,10.933
1764871378.744375,1810,256,1764871378.733511,10.864
1764871378.747918,1811,256,1764871378.737015,10.903
1764871378.751132,1812,256,1764871378.740218,10.914
1764871378.754528,1813,256,1764871378.743644,10.884
1764871378.757883,1814,256,1764871378.746984,10.899
1764871378.761182,1815,256,1764871378.750327,10.855
1764871378.764515,1816,256,1764871378.753642,10.873
1764871378.767877,1817,256,1764871378.756987,10.890
1764871378.771223,1818,256,1764871378.760321,10.902
1764871378.774405,1819,256,1764871378.763541,10.864
1764871378.777767,1820,256,1764871378.767009,10.758
1764871378.781122,1821,256,1764871378.770324,10.798
1764871378.784333,1822,256,1764871378.773539,10.794
1764871378.787648,1823,256,1764871378.776961,10.687
1764871378.790855,1824,256,1764871378.780172,10.683
1764871378.794348,1825,256,1764871378.783707,10.641
1764871378.797594,1826,256,1764871378.786947,10.647
1764871378.800997,1827,256,1764871378.790189,10.808
1764871378.804416,1828,256,1764871378.793521,10.895
1764871378.807729,1829,256,1764871378.796860,10.870
1764871378.811007,1830,256,1764871378.800179,10.827
1764871378.814447,1831,256,1764871378.803638,10.809
1764871378.817912,1832,256,1764871378.807081,10.831
1764871378.821047,1833,256,1764871378.810351,10.695
1764871378.824375,1834,256,1764871378.813616,10.759
1764871378.827700,1835,256,1764871378.816957,10.743
1764871378.830948,1836,256,1764871378.820187,10.761
1764871378.834455,1837,256,1764871378.823711,10.744
1764871378.837716,1838,256,1764871378.826999,10.717
1764871378.841037,1839,256,1764871378.830277,10.759
1764871378.844460,1840,256,1764871378.833714,10.745
1764871378.847707,1841,256,1764871378.836986,10.721
1764871378.850928,1842,256,1764871378.840175,10.753
1764871378.854423,1843,256,1764871378.843650,10.773
1764871378.857894,1844,256,1764871378.847073,10.821
1764871378.860929,1845,256,1764871378.850194,10.735
1764871378.864456,1846,256,1764871378.853655,10.801
1764871378.867769,1847,256,1764871378.856989,10.779
1764871378.871030,1848,256,1764871378.860269,10.761
1764871378.874370,1849,256,1764871378.863616,10.754
1764871378.877757,1850,256,1764871378.866987,10.769
1764871378.881116,1851,256,1764871378.870327,10.789
1764871378.884505,1852,256,1764871378.873718,10.786
1764871378.887686,1853,256,1764871378.876941,10.745
1764871378.891081,1854,256,1764871378.880321,10.760
1764871378.894298,1855,256,1764871378.883529,10.768
1764871378.897700,1856,256,1764871378.886986,10.714
1764871378.901259,1857,256,1764871378.890387,10.872
1764871378.904406,1858,256,1764871378.893621,10.785
1764871378.907957,1859,256,1764871378.897038,10.919
1764871378.911007,1860,256,1764871378.900207,10.800
1764871378.914398,1861,256,1764871378.903601,10.796
1764871378.917636,1862,256,1764871378.906881,10.755
1764871378.921078,1863,256,1764871378.910198,10.880
1764871378.924408,1864,256,1764871378.913551,10.857
1764871378.927786,1865,256,1764871378.916996,10.790
1764871378.931054,1866,256,1764871378.920193,10.861
1764871378.934397,1867,256,1764871378.923544,10.852
1764871378.937880,1868,256,1764871378.927056,10.825
1764871378.941092,1869,256,1764871378.930192,10.899
1764871378.944440,1870,256,1764871378.933542,10.898
1764871378.947938,1871,256,1764871378.937010,10.928
1764871378.951107,1872,256,1764871378.940202,10.905
1764871378.954444,1873,256,1764871378.943539,10.905
1764871378.957903,1874,256,1764871378.946962,10.941
1764871378.961076,1875,256,1764871378.950184,10.892
1764871378.964405,1876,256,1764871378.953540,10.865
1764871378.967738,1877,256,1764871378.957000,10.738
1764871378.971066,1878,256,1764871378.960190,10.876
1764871378.974431,1879,256,1764871378.963540,10.891
1764871378.977952,1880,256,1764871378.967077,10.875
1764871378.981071,1881,256,1764871378.970191,10.880
1764871378.984416,1882,256,1764871378.973539,10.876
1764871378.987911,1883,256,1764871378.976997,10.913
1764871378.991069,1884,256,1764871378.980188,10.881
1764871378.994544,1885,256,1764871378.983662,10.882
1764871378.997672,1886,256,1764871378.986995,10.678
1764871379.000986,1887,256,1764871378.990204,10.782
1764871379.004205,1888,256,1764871378.993540,10.664
1764871379.007626,1889,256,1764871378.996938,10.688
1764871379.010969,1890,256,1764871379.000159,10.810
1764871379.014190,1891,256,1764871379.003528,10.662
1764871379.017724,1892,256,1764871379.007025,10.698
1764871379.021028,1893,256,1764871379.010194,10.834
1764871379.024228,1894,256,1764871379.013540,10.688
1764871379.027923,1895,256,1764871379.017084,10.839
1764871379.030938,1896,256,1764871379.020191,10.747
1764871379.034251,1897,256,1764871379.023537,10.714
1764871379.037736,1898,256,1764871379.026968,10.768
1764871379.040880,1899,256,1764871379.030194,10.686
1764871379.044347,1900,256,1764871379.033608,10.739
1764871379.047849,1901,256,1764871379.036857,10.992
1764871379.051286,1902,256,1764871379.040204,11.083
1764871379.054373,1903,256,1764871379.043531,10.842
1764871379.057760,1904,256,1764871379.046908,10.852
1764871379.061295,1905,256,1764871379.050358,10.937
1764871379.064421,1906,256,1764871379.053531,10.889
1764871379.067983,1907,256,1764871379.057039,10.943
1764871379.071307,1908,256,1764871379.060373,10.934
1764871379.074453,1909,256,1764871379.063668,10.785
1764871379.077846,1910,256,1764871379.067039,10.807
1764871379.081207,1911,256,1764871379.070375,10.832
1764871379.084485,1912,256,1764871379.073638,10.847
1764871379.087892,1913,256,1764871379.077040,10.852
1764871379.091268,1914,256,1764871379.080389,10.879
1764871379.094621,1915,256,1764871379.083740,10.881
1764871379.097890,1916,256,1764871379.087073,10.817
1764871379.101368,1917,256,1764871379.090412,10.956
1764871379.104584,1918,256,1764871379.093686,10.898
1764871379.108092,1919,256,1764871379.097106,10.987
1764871379.111104,1920,256,1764871379.100192,10.912
1764871379.114412,1921,256,1764871379.103541,10.871
1764871379.117804,1922,256,1764871379.107007,10.797
1764871379.121104,1923,256,1764871379.110193,10.912
1764871379.124408,1924,256,1764871379.113544,10.864
1764871379.127809,1925,256,1764871379.116945,10.864
1764871379.131371,1926,256,1764871379.120365,11.005
1764871379.134531,1927,256,1764871379.123666,10.866
1764871379.137899,1928,256,1764871379.127005,10.895
1764871379.141101,1929,256,1764871379.130192,10.909
1764871379.144440,1930,256,1764871379.133545,10.895
1764871379.147862,1931,256,1764871379.136975,10.887
1764871379.151046,1932,256,1764871379.140177,10.869
1764871379.154436,1933,256,1764871379.143613,10.823
1764871379.157987,1934,256,1764871379.147077,10.909
1764871379.160980,1935,256,1764871379.150189,10.791
1764871379.164668,1936,256,1764871379.153693,10.975
1764871379.167904,1937,256,1764871379.157008,10.895
1764871379.171103,1938,256,1764871379.160196,10.907
1764871379.174423,1939,256,1764871379.163541,10.881
1764871379.177849,1940,256,1764871379.167019,10.830
1764871379.181207,1941,256,1764871379.170318,10.889
1764871379.184433,1942,256,1764871379.173554,10.879
1764871379.187925,1943,256,1764871379.177034,10.891
1764871379.191175,1944,256,1764871379.180282,10.893
1764871379.194406,1945,256,1764871379.183543,10.863
1764871379.197905,1946,256,1764871379.186987,10.918
1764871379.201003,1947,256,1764871379.190191,10.812
1764871379.204406,1948,256,1764871379.193651,10.755
1764871379.207859,1949,256,1764871379.196997,10.862
1764871379.210978,1950,256,1764871379.200193,10.784
1764871379.214315,1951,256,1764871379.203531,10.785
1764871379.217798,1952,256,1764871379.206961,10.837
1764871379.221164,1953,256,1764871379.210278,10.887
1764871379.224439,1954,256,1764871379.213624,10.815
1764871379.227908,1955,256,1764871379.217004,10.904
1764871379.231164,1956,256,1764871379.220279,10.885
1764871379.234429,1957,256,1764871379.223602,10.827
1764871379.237970,1958,256,1764871379.227073,10.897
1764871379.241172,1959,256,1764871379.230302,10.870
1764871379.244489,1960,256,1764871379.233639,10.850
1764871379.247886,1961,256,1764871379.236996,10.890
1764871379.251204,1962,256,1764871379.240319,10.885
1764871379.254605,1963,256,1764871379.243647,10.958
1764871379.257885,1964,256,1764871379.246988,10.897
1764871379.261217,1965,256,1764871379.250318,10.899
1764871379.264611,1966,256,1764871379.253678,10.933
1764871379.267871,1967,256,1764871379.256979,10.892
1764871379.271272,1968,256,1764871379.260384,10.888
1764871379.274419,1969,256,1764871379.263542,10.876
1764871379.277794,1970,256,1764871379.266959,10.834
1764871379.281182,1971,256,1764871379.270379,10.803
1764871379.284197,1972,256,1764871379.273538,10.660
1764871379.287838,1973,256,1764871379.276996,10.841
1764871379.290911,1974,256,1764871379.280195,10.716
1764871379.294256,1975,256,1764871379.283635,10.621
1764871379.297612,1976,256,1764871379.286848,10.764
1764871379.301198,1977,256,1764871379.290207,10.991
1764871379.304394,1978,256,1764871379.293544,10.850
1764871379.307889,1979,256,1764871379.297001,10.887
1764871379.310922,1980,256,1764871379.300255,10.667
1764871379.314321,1981,256,1764871379.303547,10.774
1764871379.317677,1982,256,1764871379.306907,10.770
1764871379.320932,1983,256,1764871379.310182,10.751
1764871379.324543,1984,256,1764871379.313615,10.927
1764871379.327958,1985,256,1764871379.317040,10.918
1764871379.330861,1986,256,1764871379.320180,10.680
1764871379.334256,1987,256,1764871379.323504,10.751
1764871379.337774,1988,256,1764871379.327030,10.744
1764871379.340891,1989,256,1764871379.330195,10.695
1764871379.344426,1990,256,1764871379.333646,10.781
1764871379.347720,1991,256,1764871379.336961,10.759
1764871379.351000,1992,256,1764871379.340190,10.810
1764871379.354491,1993,256,1764871379.343626,10.864
1764871379.357729,1994,256,1764871379.346962,10.767
1764871379.361137,1995,256,1764871379.350287,10.849
1764871379.364541,1996,256,1764871379.353636,10.905
1764871379.367887,1997,256,1764871379.357035,10.852
1764871379.371012,1998,256,1764871379.360189,10.822
1764871379.374237,1999,256,1764871379.363500,10.737
1764871379.377775,2000,256,1764871379.366984,10.791
1764871379.381197,2001,256,1764871379.370327,10.870
1764871379.384406,2002,256,1764871379.373607,10.800
1764871379.387689,2003,256,1764871379.376983,10.706
1764871379.391035,2004,256,1764871379.380187,10.848
1764871379.394446,2005,256,1764871379.383598,10.848
1764871379.397653,2006,256,1764871379.386949,10.704
1764871379.400943,2007,256,1764871379.390190,10.753
1764871379.404527,2008,256,1764871379.393691,10.836
1764871379.407849,2009,256,1764871379.397006,10.844
1764871379.411009,2010,256,1764871379.400300,10.709
1764871379.414611,2011,256,1764871379.403681,10.930
1764871379.417807,2012,256,1764871379.406984,10.823
1764871379.421016,2013,256,1764871379.410178,10.838
1764871379.424208,2014,256,1764871379.413496,10.712
1764871379.427863,2015,256,1764871379.417009,10.854
1764871379.431267,2016,256,1764871379.420293,10.974
1764871379.434395,2017,256,1764871379.423542,10.852
1764871379.437875,2018,256,1764871379.427078,10.797
1764871379.441143,2019,256,1764871379.430193,10.950
1764871379.444582,2020,256,1764871379.433640,10.942
1764871379.447730,2021,256,1764871379.436950,10.780
1764871379.450996,2022,256,1764871379.440191,10.806
1764871379.454407,2023,256,1764871379.443654,10.753
1764871379.457752,2024,256,1764871379.446845,10.908
1764871379.460965,2025,256,1764871379.450160,10.805
1764871379.464345,2026,256,1764871379.453533,10.811
1764871379.467883,2027,256,1764871379.456987,10.896
1764871379.471065,2028,256,1764871379.460182,10.883
1764871379.474374,2029,256,1764871379.463501,10.873
1764871379.477885,2030,256,1764871379.466997,10.888
1764871379.481126,2031,256,1764871379.470336,10.790
1764871379.484502,2032,256,1764871379.473654,10.848
1764871379.487931,2033,256,1764871379.477006,10.925
1764871379.491189,2034,256,1764871379.480278,10.911
1764871379.494449,2035,256,1764871379.483540,10.909
1764871379.497945,2036,256,1764871379.487027,10.918
1764871379.501240,2037,256,1764871379.490365,10.875
1764871379.504655,2038,256,1764871379.493706,10.949
1764871379.507958,2039,256,1764871379.497006,10.952
1764871379.511178,2040,256,1764871379.500320,10.858
1764871379.514403,2041,256,1764871379.503520,10.883
1764871379.517975,2042,256,1764871379.507037,10.938
1764871379.521104,2043,256,1764871379.510196,10.908
1764871379.524379,2044,256,1764871379.513503,10.875
1764871379.527871,2045,256,1764871379.516984,10.887
1764871379.531163,2046,256,1764871379.520207,10.956
1764871379.534322,2047,256,1764871379.523620,10.702
1764871379.537755,2048,256,1764871379.526984,10.771
1764871379.540915,2049,256,1764871379.530190,10.725
1764871379.544266,2050,256,1764871379.533548,10.718
1764871379.547764,2051,256,1764871379.536859,10.905
1764871379.551065,2052,256,1764871379.540191,10.874
1764871379.554334,2053,256,1764871379.543517,10.818
1764871379.557787,2054,256,1764871379.546900,10.886
1764871379.561090,2055,256,1764871379.550195,10.895
1764871379.564544,2056,256,1764871379.553653,10.891
1764871379.567779,2057,256,1764871379.556995,10.784
1764871379.571084,2058,256,1764871379.560197,10.887
1764871379.574524,2059,256,1764871379.563639,10.885
1764871379.577912,2060,256,1764871379.567005,10.907
1764871379.581122,2061,256,1764871379.570196,10.926
1764871379.584525,2062,256,1764871379.573652,10.873
1764871379.587664,2063,256,1764871379.576996,10.667
1764871379.591015,2064,256,1764871379.580192,10.823
1764871379.594551,2065,256,1764871379.583655,10.896
1764871379.597768,2066,256,1764871379.586964,10.804
1764871379.601232,2067,256,1764871379.590321,10.910
1764871379.604422,2068,256,1764871379.593542,10.880
1764871379.607782,2069,256,1764871379.596999,10.783
1764871379.611083,2070,256,1764871379.600195,10.888
1764871379.614197,2071,256,1764871379.603525,10.671
1764871379.617773,2072,256,1764871379.607013,10.761
1764871379.621012,2073,256,1764871379.610188,10.824
1764871379.624334,2074,256,1764871379.613539,10.795
1764871379.627598,2075,256,1764871379.616843,10.755
1764871379.631037,2076,256,1764871379.620173,10.864
1764871379.634380,2077,256,1764871379.623539,10.841
1764871379.637942,2078,256,1764871379.627021,10.921
1764871379.641106,2079,256,1764871379.630185,10.921
1764871379.644394,2080,256,1764871379.633538,10.856
1764871379.647798,2081,256,1764871379.636957,10.841
1764871379.651023,2082,256,1764871379.640340,10.683
1764871379.654516,2083,256,1764871379.643650,10.866
1764871379.657879,2084,256,1764871379.647006,10.873
1764871379.661116,2085,256,1764871379.650253,10.863
1764871379.664498,2086,256,1764871379.653624,10.874
1764871379.667923,2087,256,1764871379.657050,10.873
1764871379.671196,2088,256,1764871379.660174,11.022
1764871379.674505,2089,256,1764871379.663619,10.887
1764871379.677899,2090,256,1764871379.666998,10.901
1764871379.681164,2091,256,1764871379.670297,10.866
1764871379.684470,2092,256,1764871379.673645,10.826
1764871379.687938,2093,256,1764871379.677059,10.879
1764871379.691065,2094,256,1764871379.680277,10.788
1764871379.694419,2095,256,1764871379.683654,10.765
1764871379.697895,2096,256,1764871379.687048,10.846
1764871379.701235,2097,256,1764871379.690198,11.037
1764871379.704344,2098,256,1764871379.693611,10.733
1764871379.707850,2099,256,1764871379.696949,10.901
1764871379.711273,2100,256,1764871379.700350,10.923
1764871379.714375,2101,256,1764871379.703607,10.768
1764871379.717869,2102,256,1764871379.706992,10.877
1764871379.721288,2103,256,1764871379.710403,10.885
1764871379.724505,2104,256,1764871379.713609,10.896
1764871379.727881,2105,256,1764871379.716986,10.895
1764871379.731204,2106,256,1764871379.720319,10.885
1764871379.734597,2107,256,1764871379.723689,10.909
1764871379.737895,2108,256,1764871379.726990,10.906
1764871379.741315,2109,256,1764871379.730399,10.916
1764871379.744587,2110,256,1764871379.733687,10.900
1764871379.747730,2111,256,1764871379.736881,10.849
1764871379.751096,2112,256,1764871379.740211,10.885
1764871379.754543,2113,256,1764871379.743659,10.884
1764871379.757862,2114,256,1764871379.747054,10.808
1764871379.761084,2115,256,1764871379.750193,10.891
1764871379.764432,2116,256,1764871379.753539,10.893
1764871379.767860,2117,256,1764871379.756954,10.906
1764871379.771074,2118,256,1764871379.760192,10.882
1764871379.774395,2119,256,1764871379.763510,10.885
1764871379.777868,2120,256,1764871379.766979,10.889
1764871379.781090,2121,256,1764871379.770320,10.770
1764871379.784509,2122,256,1764871379.773655,10.854
1764871379.787765,2123,256,1764871379.777008,10.756
1764871379.790879,2124,256,1764871379.780194,10.684
1764871379.794236,2125,256,1764871379.783604,10.632
1764871379.797559,2126,256,1764871379.786858,10.700
1764871379.801157,2127,256,1764871379.790191,10.967
1764871379.804330,2128,256,1764871379.793522,10.808
1764871379.807604,2129,256,1764871379.796862,10.741
1764871379.811199,2130,256,1764871379.800285,10.914
1764871379.814376,2131,256,1764871379.803608,10.768
1764871379.817863,2132,256,1764871379.806952,10.911
1764871379.821040,2133,256,1764871379.810189,10.851
1764871379.824209,2134,256,1764871379.813539,10.670
1764871379.827681,2135,256,1764871379.816970,10.711
1764871379.830920,2136,256,1764871379.820175,10.745
1764871379.834263,2137,256,1764871379.823529,10.734
1764871379.837771,2138,256,1764871379.826955,10.815
1764871379.841131,2139,256,1764871379.830275,10.856
1764871379.844313,2140,256,1764871379.833617,10.696
1764871379.847876,2141,256,1764871379.836992,10.884
1764871379.851187,2142,256,1764871379.840303,10.884
1764871379.854384,2143,256,1764871379.843529,10.855
1764871379.857845,2144,256,1764871379.846983,10.861
1764871379.861194,2145,256,1764871379.850320,10.875
1764871379.864363,2146,256,1764871379.853615,10.748
1764871379.867946,2147,256,1764871379.857054,10.892
1764871379.871194,2148,256,1764871379.860327,10.867
1764871379.874391,2149,256,1764871379.863535,10.856
1764871379.877843,2150,256,1764871379.866986,10.858
1764871379.881189,2151,256,1764871379.870329,10.860
1764871379.884521,2152,256,1764871379.873654,10.867
1764871379.887902,2153,256,1764871379.877044,10.858
1764871379.891020,2154,256,1764871379.880192,10.829
1764871379.894554,2155,256,1764871379.883641,10.913
1764871379.897690,2156,256,1764871379.886861,10.829
1764871379.901018,2157,256,1764871379.890168,10.850
1764871379.904309,2158,256,1764871379.893521,10.788
1764871379.907908,2159,256,1764871379.897025,10.883
1764871379.911205,2160,256,1764871379.900324,10.881
1764871379.914495,2161,256,1764871379.903624,10.871
1764871379.917711,2162,256,1764871379.906858,10.853
1764871379.921140,2163,256,1764871379.910285,10.855
1764871379.924489,2164,256,1764871379.913625,10.864
1764871379.927895,2165,256,1764871379.916993,10.902
1764871379.931179,2166,256,1764871379.920322,10.857
1764871379.934602,2167,256,1764871379.923717,10.885
1764871379.938000,2168,256,1764871379.927107,10.894
1764871379.941251,2169,256,1764871379.930384,10.867
1764871379.944495,2170,256,1764871379.933650,10.845
1764871379.948013,2171,256,1764871379.937052,10.961
1764871379.951288,2172,256,1764871379.940320,10.968
1764871379.954578,2173,256,1764871379.943650,10.928
1764871379.957807,2174,256,1764871379.946943,10.864
1764871379.961066,2175,256,1764871379.950186,10.880
1764871379.964544,2176,256,1764871379.953655,10.890
1764871379.967745,2177,256,1764871379.956881,10.864
1764871379.971193,2178,256,1764871379.960382,10.811
1764871379.974578,2179,256,1764871379.963635,10.943
1764871379.977864,2180,256,1764871379.966987,10.876
1764871379.981056,2181,256,1764871379.970180,10.876
1764871379.984408,2182,256,1764871379.973540,10.868
1764871379.987876,2183,256,1764871379.976994,10.882
1764871379.991161,2184,256,1764871379.980332,10.828
1764871379.994517,2185,256,1764871379.983653,10.864
1764871379.997861,2186,256,1764871379.987059,10.802
1764871380.001040,2187,256,1764871379.990181,10.858
1764871380.004409,2188,256,1764871379.993659,10.750
1764871380.007903,2189,256,1764871379.997001,10.902
1764871380.011226,2190,256,1764871380.000355,10.872
1764871380.014143,2191,256,1764871380.003529,10.614
1764871380.017574,2192,256,1764871380.006943,10.632
1764871380.020938,2193,256,1764871380.010202,10.736
1764871380.024337,2194,256,1764871380.013524,10.813
1764871380.027756,2195,256,1764871380.016960,10.796
1764871380.031153,2196,256,1764871380.020288,10.866
1764871380.034261,2197,256,1764871380.023540,10.720
1764871380.037650,2198,256,1764871380.026951,10.699
1764871380.040868,2199,256,1764871380.030193,10.675
1764871380.044111,2200,256,1764871380.033514,10.597
1764871380.047717,2201,256,1764871380.036946,10.772
1764871380.051015,2202,256,1764871380.040205,10.810
1764871380.054303,2203,256,1764871380.043531,10.772
1764871380.057966,2204,256,1764871380.047013,10.953
1764871380.061332,2205,256,1764871380.050376,10.956
1764871380.064712,2206,256,1764871380.053705,11.007
1764871380.067957,2207,256,1764871380.056966,10.991
1764871380.071129,2208,256,1764871380.060196,10.932
1764871380.074309,2209,256,1764871380.063503,10.806
1764871380.077718,2210,256,1764871380.066995,10.723
1764871380.081317,2211,256,1764871380.070353,10.963
1764871380.084561,2212,256,1764871380.073712,10.849
1764871380.087918,2213,256,1764871380.076988,10.931
1764871380.091182,2214,256,1764871380.080293,10.889
1764871380.094701,2215,256,1764871380.083762,10.938
1764871380.097939,2216,256,1764871380.087035,10.903
1764871380.101384,2217,256,1764871380.090365,11.018
1764871380.104541,2218,256,1764871380.093679,10.862
1764871380.108010,2219,256,1764871380.097095,10.914
1764871380.111067,2220,256,1764871380.100193,10.874
1764871380.114559,2221,256,1764871380.103682,10.878
1764871380.118022,2222,256,1764871380.107091,10.931
1764871380.121172,2223,256,1764871380.110377,10.795
1764871380.124783,2224,256,1764871380.113741,11.042
1764871380.128042,2225,256,1764871380.117112,10.930
1764871380.131100,2226,256,1764871380.120212,10.888
1764871380.134556,2227,256,1764871380.123682,10.874
1764871380.137942,2228,256,1764871380.127045,10.898
1764871380.141383,2229,256,1764871380.130391,10.992
1764871380.144685,2230,256,1764871380.133725,10.960
1764871380.148018,2231,256,1764871380.137070,10.948
1764871380.151585,2232,256,1764871380.140558,11.027
1764871380.154561,2233,256,1764871380.143597,10.965
1764871380.158089,2234,256,1764871380.147120,10.969
1764871380.161327,2235,256,1764871380.150400,10.927
1764871380.164716,2236,256,1764871380.153711,11.005
1764871380.167944,2237,256,1764871380.157055,10.889
1764871380.171405,2238,256,1764871380.160429,10.976
1764871380.174417,2239,256,1764871380.163514,10.903
1764871380.178053,2240,256,1764871380.167045,11.008
1764871380.181297,2241,256,1764871380.170366,10.931
1764871380.184552,2242,256,1764871380.173703,10.849
1764871380.188050,2243,256,1764871380.177071,10.980
1764871380.191456,2244,256,1764871380.180463,10.993
1764871380.194421,2245,256,1764871380.183524,10.897
1764871380.197996,2246,256,1764871380.187040,10.956
1764871380.201340,2247,256,1764871380.190422,10.918
1764871380.204681,2248,256,1764871380.193738,10.943
1764871380.208069,2249,256,1764871380.197049,11.021
1764871380.211226,2250,256,1764871380.200377,10.849
1764871380.214619,2251,256,1764871380.203674,10.944
1764871380.217871,2252,256,1764871380.206960,10.911
1764871380.221298,2253,256,1764871380.210387,10.911
1764871380.224483,2254,256,1764871380.213615,10.869
1764871380.227753,2255,256,1764871380.217063,10.689
1764871380.230949,2256,256,1764871380.220193,10.756
1764871380.234446,2257,256,1764871380.223647,10.799
1764871380.237792,2258,256,1764871380.226964,10.828
1764871380.241039,2259,256,1764871380.230193,10.846
1764871380.244457,2260,256,1764871380.233602,10.855
1764871380.247795,2261,256,1764871380.236955,10.839
1764871380.251187,2262,256,1764871380.240309,10.878
1764871380.254555,2263,256,1764871380.243705,10.850
1764871380.257879,2264,256,1764871380.247007,10.872
1764871380.261165,2265,256,1764871380.250287,10.878
1764871380.264479,2266,256,1764871380.253635,10.844
1764871380.267773,2267,256,1764871380.256943,10.831
1764871380.271115,2268,256,1764871380.260292,10.823
1764871380.274415,2269,256,1764871380.263606,10.808
1764871380.277840,2270,256,1764871380.266948,10.892
1764871380.280845,2271,256,1764871380.270169,10.676
1764871380.284158,2272,256,1764871380.273521,10.637
1764871380.287737,2273,256,1764871380.277005,10.733
1764871380.290856,2274,256,1764871380.280162,10.694
1764871380.294129,2275,256,1764871380.283494,10.635
1764871380.298017,2276,256,1764871380.287005,11.011
1764871380.301124,2277,256,1764871380.290266,10.858
1764871380.304198,2278,256,1764871380.293515,10.682
1764871380.307603,2279,256,1764871380.296863,10.740
1764871380.310942,2280,256,1764871380.300283,10.659
1764871380.314389,2281,256,1764871380.303619,10.770
1764871380.317613,2282,256,1764871380.306873,10.740
1764871380.321086,2283,256,1764871380.310312,10.774
1764871380.324410,2284,256,1764871380.313663,10.747
1764871380.327946,2285,256,1764871380.317044,10.902
1764871380.331068,2286,256,1764871380.320255,10.812
1764871380.334493,2287,256,1764871380.323691,10.802
1764871380.337739,2288,256,1764871380.326962,10.777
1764871380.341108,2289,256,1764871380.330280,10.828
1764871380.344462,2290,256,1764871380.333599,10.863
1764871380.347803,2291,256,1764871380.337006,10.796
1764871380.351197,2292,256,1764871380.340324,10.873
1764871380.354480,2293,256,1764871380.343687,10.793
1764871380.357696,2294,256,1764871380.346992,10.705
1764871380.361111,2295,256,1764871380.350354,10.757
1764871380.364415,2296,256,1764871380.353652,10.763
1764871380.367758,2297,256,1764871380.356987,10.771
1764871380.371141,2298,256,1764871380.360322,10.819
1764871380.374444,2299,256,1764871380.363628,10.816
1764871380.377773,2300,256,1764871380.367003,10.770
1764871380.381154,2301,256,1764871380.370350,10.803
1764871380.384513,2302,256,1764871380.373688,10.824
1764871380.387658,2303,256,1764871380.376902,10.757
1764871380.391076,2304,256,1764871380.380328,10.749
1764871380.394441,2305,256,1764871380.383645,10.796
1764871380.397800,2306,256,1764871380.386991,10.809
1764871380.401048,2307,256,1764871380.390214,10.834
1764871380.404269,2308,256,1764871380.393488,10.781
1764871380.407534,2309,256,1764871380.396843,10.691
1764871380.411186,2310,256,1764871380.400312,10.874
1764871380.414427,2311,256,1764871380.403647,10.779
1764871380.417746,2312,256,1764871380.407004,10.742
1764871380.421120,2313,256,1764871380.410320,10.800
1764871380.424394,2314,256,1764871380.413628,10.765
1764871380.427715,2315,256,1764871380.416988,10.727
1764871380.431116,2316,256,1764871380.420324,10.792
1764871380.434331,2317,256,1764871380.423543,10.787
1764871380.437705,2318,256,1764871380.427006,10.698
1764871380.441029,2319,256,1764871380.430326,10.703
1764871380.444424,2320,256,1764871380.433650,10.774
1764871380.447637,2321,256,1764871380.436993,10.644
1764871380.450788,2322,256,1764871380.440179,10.609
1764871380.454242,2323,256,1764871380.443636,10.607
1764871380.457754,2324,256,1764871380.446953,10.801
1764871380.461011,2325,256,1764871380.450196,10.815
1764871380.464347,2326,256,1764871380.453538,10.810
1764871380.467973,2327,256,1764871380.457072,10.900
1764871380.471118,2328,256,1764871380.460282,10.837
1764871380.474439,2329,256,1764871380.463618,10.821
1764871380.477789,2330,256,1764871380.466997,10.792
1764871380.481156,2331,256,1764871380.470318,10.838
1764871380.484501,2332,256,1764871380.473722,10.779
1764871380.487750,2333,256,1764871380.476978,10.772
1764871380.491248,2334,256,1764871380.480380,10.868
1764871380.494373,2335,256,1764871380.483546,10.827
1764871380.497778,2336,256,1764871380.486959,10.819
1764871380.501124,2337,256,1764871380.490300,10.824
1764871380.504534,2338,256,1764871380.493676,10.858
1764871380.507923,2339,256,1764871380.497051,10.871
1764871380.511167,2340,256,1764871380.500328,10.839
1764871380.514322,2341,256,1764871380.503615,10.706
1764871380.517931,2342,256,1764871380.507082,10.849
1764871380.521161,2343,256,1764871380.510307,10.853
1764871380.524465,2344,256,1764871380.513621,10.844
1764871380.527911,2345,256,1764871380.517076,10.835
1764871380.531199,2346,256,1764871380.520321,10.878
1764871380.534327,2347,256,1764871380.523653,10.674
1764871380.537721,2348,256,1764871380.527003,10.718
1764871380.541065,2349,256,1764871380.530355,10.710
1764871380.544457,2350,256,1764871380.533598,10.859
1764871380.547797,2351,256,1764871380.536856,10.942
1764871380.551056,2352,256,1764871380.540179,10.878
1764871380.554312,2353,256,1764871380.543520,10.792
1764871380.557989,2354,256,1764871380.547020,10.968
1764871380.561317,2355,256,1764871380.550395,10.922
1764871380.564570,2356,256,1764871380.553700,10.870
1764871380.567904,2357,256,1764871380.557110,10.795
1764871380.571173,2358,256,1764871380.560377,10.796
1764871380.574571,2359,256,1764871380.563654,10.917
1764871380.577901,2360,256,1764871380.567044,10.857
1764871380.581269,2361,256,1764871380.570341,10.928
1764871380.584572,2362,256,1764871380.573691,10.880
1764871380.587723,2363,256,1764871380.576880,10.843
1764871380.591163,2364,256,1764871380.580384,10.779
1764871380.594521,2365,256,1764871380.583713,10.808
1764871380.597791,2366,256,1764871380.587004,10.787
1764871380.600937,2367,256,1764871380.590178,10.760
1764871380.604336,2368,256,1764871380.593535,10.801
1764871380.607768,2369,256,1764871380.596997,10.771
1764871380.611030,2370,256,1764871380.600345,10.685
1764871380.614362,2371,256,1764871380.603533,10.829
1764871380.617556,2372,256,1764871380.606871,10.685
1764871380.620927,2373,256,1764871380.610189,10.738
1764871380.624324,2374,256,1764871380.613534,10.790
1764871380.627664,2375,256,1764871380.616850,10.814
1764871380.631025,2376,256,1764871380.620177,10.849
1764871380.634433,2377,256,1764871380.623628,10.805
1764871380.637661,2378,256,1764871380.626996,10.664
1764871380.640999,2379,256,1764871380.630190,10.809
1764871380.644283,2380,256,1764871380.633537,10.747
1764871380.647553,2381,256,1764871380.636894,10.659
1764871380.650935,2382,256,1764871380.640172,10.763
1764871380.654252,2383,256,1764871380.643513,10.738
1764871380.657672,2384,256,1764871380.646873,10.799
1764871380.661039,2385,256,1764871380.650191,10.848
1764871380.664325,2386,256,1764871380.653507,10.818
1764871380.667585,2387,256,1764871380.656835,10.750
1764871380.670982,2388,256,1764871380.660155,10.827
1764871380.674444,2389,256,1764871380.663551,10.892
1764871380.677476,2390,256,1764871380.666831,10.645
1764871380.680865,2391,256,1764871380.670198,10.666
1764871380.684113,2392,256,1764871380.673505,10.608
1764871380.687555,2393,256,1764871380.676902,10.653
1764871380.690840,2394,256,1764871380.680184,10.656
1764871380.694083,2395,256,1764871380.683483,10.600
1764871380.697547,2396,256,1764871380.686849,10.698
1764871380.700840,2397,256,1764871380.690154,10.685
1764871380.704155,2398,256,1764871380.693521,10.633
1764871380.707461,2399,256,1764871380.696856,10.605
1764871380.710796,2400,256,1764871380.700168,10.629
1764871380.714169,2401,256,1764871380.703498,10.671
1764871380.717508,2402,256,1764871380.706843,10.666
1764871380.720930,2403,256,1764871380.710176,10.754
1764871380.724266,2404,256,1764871380.713502,10.764
1764871380.727584,2405,256,1764871380.716841,10.744
1764871380.730936,2406,256,1764871380.720152,10.784
1764871380.734245,2407,256,1764871380.723495,10.750
1764871380.737610,2408,256,1764871380.726848,10.762
1764871380.740892,2409,256,1764871380.730164,10.728
1764871380.744240,2410,256,1764871380.733484,10.756
1764871380.747562,2411,256,1764871380.736844,10.718
1764871380.751066,2412,256,1764871380.740179,10.888
1764871380.754244,2413,256,1764871380.743505,10.738
1764871380.757687,2414,256,1764871380.746869,10.818
1764871380.760920,2415,256,1764871380.750174,10.746
1764871380.764307,2416,256,1764871380.753609,10.697
1764871380.767687,2417,256,1764871380.756944,10.742
1764871380.770964,2418,256,1764871380.760186,10.778
1764871380.774226,2419,256,1764871380.763524,10.703
1764871380.777640,2420,256,1764871380.766881,10.759
1764871380.781000,2421,256,1764871380.770190,10.810
1764871380.784208,2422,256,1764871380.773542,10.666
1764871380.787749,2423,256,1764871380.776958,10.791
1764871380.790919,2424,256,1764871380.780173,10.746
1764871380.794156,2425,256,1764871380.783514,10.643
1764871380.797493,2426,256,1764871380.786849,10.645
1764871380.800975,2427,256,1764871380.790244,10.732
1764871380.804374,2428,256,1764871380.793529,10.846
1764871380.807710,2429,256,1764871380.796861,10.849
1764871380.811007,2430,256,1764871380.800186,10.821
1764871380.814407,2431,256,1764871380.803559,10.848
1764871380.817588,2432,256,1764871380.806865,10.723
1764871380.821051,2433,256,1764871380.810197,10.853
1764871380.824302,2434,256,1764871380.813529,10.773
1764871380.827707,2435,256,1764871380.816957,10.749
1764871380.831292,2436,256,1764871380.820200,11.092
1764871380.834260,2437,256,1764871380.823520,10.740
1764871380.837741,2438,256,1764871380.826996,10.745
1764871380.841218,2439,256,1764871380.830202,11.016
1764871380.844267,2440,256,1764871380.833511,10.756
1764871380.847774,2441,256,1764871380.837032,10.742
1764871380.850936,2442,256,1764871380.840201,10.735
1764871380.854190,2443,256,1764871380.843527,10.663
1764871380.857558,2444,256,1764871380.846860,10.699
1764871380.860926,2445,256,1764871380.850182,10.745
1764871380.864255,2446,256,1764871380.853532,10.723
1764871380.867693,2447,256,1764871380.856982,10.711
1764871380.870893,2448,256,1764871380.860185,10.708
1764871380.874292,2449,256,1764871380.863528,10.764
1764871380.877794,2450,256,1764871380.867015,10.779
1764871380.880931,2451,256,1764871380.870183,10.747
1764871380.884470,2452,256,1764871380.873668,10.801
1764871380.887708,2453,256,1764871380.876997,10.712
1764871380.891109,2454,256,1764871380.880293,10.816
1764871380.894428,2455,256,1764871380.883576,10.852
1764871380.897979,2456,256,1764871380.887121,10.857
1764871380.901111,2457,256,1764871380.890268,10.843
1764871380.904489,2458,256,1764871380.893683,10.806
1764871380.907815,2459,256,1764871380.896985,10.830
1764871380.911202,2460,256,1764871380.900361,10.841
1764871380.914409,2461,256,1764871380.903584,10.824
1764871380.917837,2462,256,1764871380.907004,10.833
1764871380.921033,2463,256,1764871380.910239,10.794
1764871380.924356,2464,256,1764871380.913584,10.772
1764871380.927671,2465,256,1764871380.916891,10.780
1764871380.931024,2466,256,1764871380.920261,10.762
1764871380.934334,2467,256,1764871380.923567,10.767
1764871380.937663,2468,256,1764871380.926876,10.787
1764871380.940986,2469,256,1764871380.930177,10.809
1764871380.944432,2470,256,1764871380.933593,10.839
1764871380.947673,2471,256,1764871380.936879,10.793
1764871380.951093,2472,256,1764871380.940257,10.836
1764871380.954385,2473,256,1764871380.943585,10.800
1764871380.957719,2474,256,1764871380.946922,10.797
1764871380.960960,2475,256,1764871380.950224,10.735
1764871380.964341,2476,256,1764871380.953596,10.746
1764871380.967603,2477,256,1764871380.956845,10.759
1764871380.971024,2478,256,1764871380.960208,10.816
1764871380.974389,2479,256,1764871380.963587,10.802
1764871380.977673,2480,256,1764871380.966873,10.800
1764871380.981049,2481,256,1764871380.970243,10.806
1764871380.984360,2482,256,1764871380.973516,10.844
1764871380.987769,2483,256,1764871380.976932,10.836
1764871380.990999,2484,256,1764871380.980190,10.809
1764871380.994386,2485,256,1764871380.983596,10.791
1764871380.997651,2486,256,1764871380.986887,10.765
1764871381.001038,2487,256,1764871380.990254,10.784
1764871381.004288,2488,256,1764871380.993541,10.748
1764871381.007794,2489,256,1764871380.996940,10.854
1764871381.011080,2490,256,1764871381.000188,10.893
1764871381.014349,2491,256,1764871381.003529,10.819
1764871381.017792,2492,256,1764871381.006970,10.822
1764871381.021233,2493,256,1764871381.010339,10.894
1764871381.024536,2494,256,1764871381.013652,10.884
1764871381.027759,2495,256,1764871381.016875,10.885
1764871381.031093,2496,256,1764871381.020206,10.887
1764871381.034293,2497,256,1764871381.023548,10.746
1764871381.037777,2498,256,1764871381.027042,10.736
1764871381.040936,2499,256,1764871381.030215,10.721
1764871381.044180,2500,256,1764871381.033512,10.668
1764871381.047497,2501,256,1764871381.036850,10.646
1764871381.050868,2502,256,1764871381.040172,10.696
1764871381.054274,2503,256,1764871381.043519,10.755
1764871381.057508,2504,256,1764871381.046868,10.641
1764871381.060777,2505,256,1764871381.050167,10.611
1764871381.064285,2506,256,1764871381.053557,10.728
1764871381.067785,2507,256,1764871381.056913,10.871
1764871381.070993,2508,256,1764871381.060175,10.818
1764871381.074416,2509,256,1764871381.063559,10.857
1764871381.077695,2510,256,1764871381.066925,10.770
1764871381.081053,2511,256,1764871381.070292,10.761
1764871381.084219,2512,256,1764871381.073570,10.650
1764871381.087766,2513,256,1764871381.076986,10.781
1764871381.090979,2514,256,1764871381.080188,10.791
1764871381.094711,2515,256,1764871381.083545,11.166
1764871381.097475,2516,256,1764871381.086841,10.634
1764871381.100831,2517,256,1764871381.090174,10.657
1764871381.104100,2518,256,1764871381.093499,10.601
1764871381.107469,2519,256,1764871381.096842,10.627
1764871381.110927,2520,256,1764871381.100180,10.747
1764871381.114138,2521,256,1764871381.103523,10.615
1764871381.117719,2522,256,1764871381.106932,10.788
1764871381.120886,2523,256,1764871381.110178,10.708
1764871381.124156,2524,256,1764871381.113510,10.645
1764871381.127768,2525,256,1764871381.117002,10.766
1764871381.130962,2526,256,1764871381.120211,10.751
1764871381.134170,2527,256,1764871381.123569,10.602
1764871381.137527,2528,256,1764871381.126892,10.635
1764871381.140836,2529,256,1764871381.130177,10.659
1764871381.144135,2530,256,1764871381.133497,10.638
1764871381.147572,2531,256,1764871381.136871,10.700
1764871381.151028,2532,256,1764871381.140188,10.840
1764871381.154270,2533,256,1764871381.143516,10.754
1764871381.157764,2534,256,1764871381.146899,10.865
1764871381.161042,2535,256,1764871381.150191,10.851
1764871381.164207,2536,256,1764871381.153515,10.692
1764871381.167893,2537,256,1764871381.157103,10.791
1764871381.170946,2538,256,1764871381.160184,10.762
1764871381.174389,2539,256,1764871381.163659,10.730
1764871381.177631,2540,256,1764871381.166902,10.730
1764871381.181023,2541,256,1764871381.170267,10.756
1764871381.184241,2542,256,1764871381.173506,10.734
1764871381.187799,2543,256,1764871381.177031,10.768
1764871381.190980,2544,256,1764871381.180205,10.775
1764871381.194340,2545,256,1764871381.183556,10.784
1764871381.197603,2546,256,1764871381.186861,10.742
1764871381.200903,2547,256,1764871381.190233,10.670
1764871381.204297,2548,256,1764871381.193575,10.723
1764871381.207812,2549,256,1764871381.197084,10.728
1764871381.210921,2550,256,1764871381.200195,10.726
1764871381.214189,2551,256,1764871381.203501,10.688
1764871381.217575,2552,256,1764871381.206849,10.726
1764871381.220905,2553,256,1764871381.210176,10.729
1764871381.224146,2554,256,1764871381.213520,10.626
1764871381.227554,2555,256,1764871381.216854,10.700
1764871381.231047,2556,256,1764871381.220310,10.737
1764871381.234148,2557,256,1764871381.223533,10.614
1764871381.238699,2558,256,1764871381.226861,11.838
1764871381.241010,2559,256,1764871381.230290,10.720
1764871381.244245,2560,256,1764871381.233500,10.744
1764871381.247572,2561,256,1764871381.236856,10.716
1764871381.250859,2562,256,1764871381.240180,10.679
1764871381.254266,2563,256,1764871381.243530,10.736
1764871381.257583,2564,256,1764871381.246885,10.698
1764871381.260876,2565,256,1764871381.250176,10.700
1764871381.264182,2566,256,1764871381.253544,10.638
1764871381.267461,2567,256,1764871381.256872,10.588
1764871381.271075,2568,256,1764871381.260186,10.890
1764871381.274234,2569,256,1764871381.263515,10.719
1764871381.277878,2570,256,1764871381.266996,10.882
1764871381.280969,2571,256,1764871381.270263,10.706
1764871381.284299,2572,256,1764871381.273640,10.658
1764871381.287650,2573,256,1764871381.276881,10.769
1764871381.291011,2574,256,1764871381.280181,10.830
1764871381.295357,2575,256,1764871381.283506,11.851
1764871381.297582,2576,256,1764871381.286883,10.699
1764871381.301092,2577,256,1764871381.290285,10.808
1764871381.304547,2578,256,1764871381.293602,10.945
1764871381.307617,2579,256,1764871381.296867,10.750
1764871381.311025,2580,256,1764871381.300196,10.828
1764871381.314207,2581,256,1764871381.303530,10.677
1764871381.317533,2582,256,1764871381.306854,10.679
1764871381.320979,2583,256,1764871381.310189,10.790
1764871381.324333,2584,256,1764871381.313531,10.802
1764871381.327550,2585,256,1764871381.316867,10.683
1764871381.330764,2586,256,1764871381.320179,10.585
1764871381.334326,2587,256,1764871381.323656,10.670
1764871381.337512,2588,256,1764871381.326871,10.640
1764871381.340992,2589,256,1764871381.330203,10.788
1764871381.344308,2590,256,1764871381.333579,10.729
1764871381.347577,2591,256,1764871381.336927,10.649
1764871381.350811,2592,256,1764871381.340186,10.626
1764871381.354347,2593,256,1764871381.343559,10.788
1764871381.357565,2594,256,1764871381.346861,10.704
1764871381.361004,2595,256,1764871381.350209,10.795
1764871381.364207,2596,256,1764871381.353510,10.697
1764871381.367500,2597,256,1764871381.356860,10.640
1764871381.370908,2598,256,1764871381.360175,10.733
1764871381.374191,2599,256,1764871381.363518,10.674
1764871381.377627,2600,256,1764871381.366962,10.664
1764871381.381035,2601,256,1764871381.370322,10.714
1764871381.384238,2602,256,1764871381.373548,10.690
1764871381.387560,2603,256,1764871381.376867,10.693
1764871381.391231,2604,256,1764871381.380191,11.040
1764871381.394332,2605,256,1764871381.383556,10.776
1764871381.397728,2606,256,1764871381.386997,10.731
1764871381.400906,2607,256,1764871381.390200,10.705
1764871381.404288,2608,256,1764871381.393589,10.699
1764871381.407620,2609,256,1764871381.396874,10.746
1764871381.410863,2610,256,1764871381.400192,10.671
1764871381.414309,2611,256,1764871381.403530,10.779
1764871381.417838,2612,256,1764871381.407023,10.815
1764871381.420936,2613,256,1764871381.410211,10.725
1764871381.424321,2614,256,1764871381.413532,10.789
1764871381.427493,2615,256,1764871381.416839,10.654
1764871381.431039,2616,256,1764871381.420307,10.732
1764871381.434363,2617,256,1764871381.423603,10.760
1764871381.437682,2618,256,1764871381.426879,10.803
1764871381.441003,2619,256,1764871381.430191,10.812
1764871381.444436,2620,256,1764871381.433594,10.842
1764871381.447578,2621,256,1764871381.436855,10.723
1764871381.451013,2622,256,1764871381.440252,10.761
1764871381.454196,2623,256,1764871381.443518,10.678
1764871381.457623,2624,256,1764871381.446878,10.745
1764871381.460964,2625,256,1764871381.450211,10.753
1764871381.464227,2626,256,1764871381.453518,10.709
1764871381.467764,2627,256,1764871381.456992,10.772
1764871381.470902,2628,256,1764871381.460191,10.710
1764871381.474237,2629,256,1764871381.463526,10.710
1764871381.477538,2630,256,1764871381.466855,10.683
1764871381.480895,2631,256,1764871381.470187,10.708
1764871381.484264,2632,256,1764871381.473541,10.723
1764871381.487628,2633,256,1764871381.476870,10.758
1764871381.490970,2634,256,1764871381.480192,10.777
1764871381.494283,2635,256,1764871381.483577,10.705
1764871381.497516,2636,256,1764871381.486857,10.659
1764871381.501035,2637,256,1764871381.490291,10.744
1764871381.504381,2638,256,1764871381.493548,10.833
1764871381.507572,2639,256,1764871381.496880,10.692
1764871381.510972,2640,256,1764871381.500204,10.769
1764871381.514323,2641,256,1764871381.503575,10.749
1764871381.517876,2642,256,1764871381.507006,10.869
1764871381.520961,2643,256,1764871381.510222,10.739
1764871381.524319,2644,256,1764871381.513538,10.781
1764871381.527742,2645,256,1764871381.516979,10.763
1764871381.530898,2646,256,1764871381.520200,10.697
1764871381.534493,2647,256,1764871381.523666,10.827
1764871381.537664,2648,256,1764871381.526902,10.762
1764871381.540979,2649,256,1764871381.530244,10.736
1764871381.544510,2650,256,1764871381.533699,10.811
1764871381.547688,2651,256,1764871381.536941,10.747
1764871381.551337,2652,256,1764871381.540582,10.755
1764871381.554446,2653,256,1764871381.543579,10.867
1764871381.557635,2654,256,1764871381.546872,10.763
1764871381.561024,2655,256,1764871381.550181,10.842
1764871381.564474,2656,256,1764871381.553698,10.776
1764871381.567691,2657,256,1764871381.556995,10.696
1764871381.570897,2658,256,1764871381.560206,10.690
1764871381.574325,2659,256,1764871381.563563,10.762
1764871381.577798,2660,256,1764871381.566978,10.820
1764871381.581124,2661,256,1764871381.570179,10.945
1764871381.584296,2662,256,1764871381.573506,10.790
1764871381.587705,2663,256,1764871381.576894,10.811
1764871381.591058,2664,256,1764871381.580203,10.854
1764871381.594302,2665,256,1764871381.583518,10.784
1764871381.597735,2666,256,1764871381.586916,10.818
1764871381.601137,2667,256,1764871381.590322,10.815
1764871381.604381,2668,256,1764871381.593547,10.834
1764871381.607969,2669,256,1764871381.596932,11.037
1764871381.611047,2670,256,1764871381.600245,10.802
1764871381.614434,2671,256,1764871381.603701,10.733
1764871381.617745,2672,256,1764871381.606942,10.803
1764871381.621061,2673,256,1764871381.610180,10.881
1764871381.624302,2674,256,1764871381.613507,10.795
1764871381.627950,2675,256,1764871381.617067,10.882
1764871381.631173,2676,256,1764871381.620313,10.859
1764871381.634450,2677,256,1764871381.623598,10.851
1764871381.637789,2678,256,1764871381.626936,10.853
1764871381.641217,2679,256,1764871381.630336,10.881
1764871381.644444,2680,256,1764871381.633678,10.766
1764871381.647696,2681,256,1764871381.636937,10.758
1764871381.651142,2682,256,1764871381.640311,10.831
1764871381.654461,2683,256,1764871381.643708,10.754
1764871381.657902,2684,256,1764871381.647008,10.894
1764871381.661144,2685,256,1764871381.650274,10.870
1764871381.664458,2686,256,1764871381.653612,10.846
1764871381.667932,2687,256,1764871381.657020,10.912
1764871381.671041,2688,256,1764871381.660189,10.852
1764871381.674241,2689,256,1764871381.663505,10.736
1764871381.677866,2690,256,1764871381.667006,10.861
1764871381.681204,2691,256,1764871381.670325,10.880
1764871381.684320,2692,256,1764871381.673607,10.713
1764871381.687681,2693,256,1764871381.676956,10.725
1764871381.691142,2694,256,1764871381.680317,10.824
1764871381.694505,2695,256,1764871381.683646,10.859
1764871381.697734,2696,256,1764871381.686872,10.862
1764871381.701090,2697,256,1764871381.690322,10.768
1764871381.704420,2698,256,1764871381.693710,10.710
1764871381.707731,2699,256,1764871381.697002,10.729
1764871381.711121,2700,256,1764871381.700284,10.836
1764871381.714357,2701,256,1764871381.703640,10.717
1764871381.717688,2702,256,1764871381.707010,10.678
1764871381.720844,2703,256,1764871381.710184,10.659
1764871381.724171,2704,256,1764871381.713499,10.672
1764871381.727621,2705,256,1764871381.716938,10.683
1764871381.731177,2706,256,1764871381.720262,10.915
1764871381.734256,2707,256,1764871381.723595,10.661
1764871381.737639,2708,256,1764871381.727002,10.637
1764871381.741042,2709,256,1764871381.730346,10.696
1764871381.744435,2710,256,1764871381.733709,10.726
1764871381.747679,2711,256,1764871381.736937,10.742
1764871381.750964,2712,256,1764871381.740312,10.652
1764871381.754529,2713,256,1764871381.743694,10.836
1764871381.757673,2714,256,1764871381.746952,10.721
1764871381.761017,2715,256,1764871381.750232,10.785
1764871381.764345,2716,256,1764871381.753601,10.745
1764871381.767714,2717,256,1764871381.756981,10.733
1764871381.771138,2718,256,1764871381.760262,10.876
1764871381.774401,2719,256,1764871381.763617,10.783
1764871381.777732,2720,256,1764871381.766960,10.773
1764871381.781082,2721,256,1764871381.770282,10.800
1764871381.784401,2722,256,1764871381.773659,10.742
1764871381.787791,2723,256,1764871381.776992,10.798
1764871381.791601,2724,256,1764871381.780329,11.272
1764871381.794193,2725,256,1764871381.783522,10.671
1764871381.797538,2726,256,1764871381.786848,10.689
1764871381.801167,2727,256,1764871381.790222,10.945
1764871381.804377,2728,256,1764871381.793533,10.845
1764871381.807716,2729,256,1764871381.796885,10.831
1764871381.811074,2730,256,1764871381.800182,10.892
1764871381.814663,2731,256,1764871381.803702,10.961
1764871381.818006,2732,256,1764871381.807049,10.957
1764871381.821008,2733,256,1764871381.810208,10.800
1764871381.824304,2734,256,1764871381.813611,10.693
1764871381.827632,2735,256,1764871381.816885,10.747
1764871381.830986,2736,256,1764871381.820281,10.705
1764871381.834398,2737,256,1764871381.823522,10.875
1764871381.837687,2738,256,1764871381.826846,10.841
1764871381.840973,2739,256,1764871381.830171,10.802
1764871381.844346,2740,256,1764871381.833702,10.644
1764871381.847642,2741,256,1764871381.836937,10.705
1764871381.850852,2742,256,1764871381.840164,10.688
1764871381.854211,2743,256,1764871381.843527,10.684
1764871381.857654,2744,256,1764871381.846897,10.756
1764871381.860946,2745,256,1764871381.850195,10.751
1764871381.864212,2746,256,1764871381.853509,10.703
1764871381.867588,2747,256,1764871381.856884,10.704
1764871381.870878,2748,256,1764871381.860169,10.708
1764871381.874307,2749,256,1764871381.863497,10.810
1764871381.877616,2750,256,1764871381.866880,10.737
1764871381.880814,2751,256,1764871381.870174,10.640
1764871381.884241,2752,256,1764871381.873543,10.697
1764871381.887698,2753,256,1764871381.876979,10.719
1764871381.890889,2754,256,1764871381.880197,10.693
1764871381.894228,2755,256,1764871381.883533,10.695
1764871381.897659,2756,256,1764871381.886943,10.716
1764871381.900970,2757,256,1764871381.890182,10.788
1764871381.904258,2758,256,1764871381.893530,10.727
1764871381.907644,2759,256,1764871381.896985,10.658
1764871381.911058,2760,256,1764871381.900324,10.734
1764871381.914402,2761,256,1764871381.903574,10.828
1764871381.917861,2762,256,1764871381.906987,10.874
1764871381.920974,2763,256,1764871381.910166,10.808
1764871381.924240,2764,256,1764871381.913514,10.726
1764871381.927614,2765,256,1764871381.916900,10.714
1764871381.930814,2766,256,1764871381.920176,10.638
1764871381.934270,2767,256,1764871381.923589,10.681
1764871381.937561,2768,256,1764871381.926906,10.655
1764871381.940786,2769,256,1764871381.930171,10.615
1764871381.944198,2770,256,1764871381.933539,10.659
1764871381.947657,2771,256,1764871381.936976,10.681
1764871381.950994,2772,256,1764871381.940207,10.788
1764871381.954230,2773,256,1764871381.943542,10.689
1764871381.957630,2774,256,1764871381.946850,10.781
1764871381.961041,2775,256,1764871381.950270,10.771
1764871381.964272,2776,256,1764871381.953536,10.736
1764871381.967671,2777,256,1764871381.956920,10.751
1764871381.971086,2778,256,1764871381.960227,10.859
1764871381.974265,2779,256,1764871381.963509,10.756
1764871381.977794,2780,256,1764871381.966997,10.797
1764871381.980837,2781,256,1764871381.970162,10.675
1764871381.984224,2782,256,1764871381.973506,10.717
1764871381.987544,2783,256,1764871381.976897,10.648
1764871381.990913,2784,256,1764871381.980242,10.671
1764871381.994360,2785,256,1764871381.983566,10.794
1764871381.997706,2786,256,1764871381.986969,10.738
1764871382.000874,2787,256,1764871381.990179,10.695
1764871382.004255,2788,256,1764871381.993539,10.717
1764871382.007703,2789,256,1764871381.996880,10.823
1764871382.010920,2790,256,1764871382.000188,10.732
1764871382.014498,2791,256,1764871382.003642,10.856
1764871382.017715,2792,256,1764871382.006924,10.791
1764871382.020891,2793,256,1764871382.010219,10.672
1764871382.024232,2794,256,1764871382.013529,10.703
1764871382.027602,2795,256,1764871382.016891,10.711
1764871382.030910,2796,256,1764871382.020200,10.710
1764871382.034218,2797,256,1764871382.023558,10.661
1764871382.037708,2798,256,1764871382.026928,10.780
1764871382.040924,2799,256,1764871382.030180,10.745
1764871382.044362,2800,256,1764871382.033537,10.825
1764871382.047686,2801,256,1764871382.036880,10.806
1764871382.051169,2802,256,1764871382.040224,10.946
1764871382.054737,2803,256,1764871382.043879,10.858
1764871382.057603,2804,256,1764871382.046870,10.732
1764871382.061046,2805,256,1764871382.050346,10.700
1764871382.064201,2806,256,1764871382.053535,10.666
1764871382.067749,2807,256,1764871382.056886,10.864
1764871382.071036,2808,256,1764871382.060183,10.853
1764871382.074274,2809,256,1764871382.063513,10.761
1764871382.077566,2810,256,1764871382.066858,10.708
1764871382.081005,2811,256,1764871382.070289,10.717
1764871382.084286,2812,256,1764871382.073525,10.761
1764871382.087702,2813,256,1764871382.076980,10.722
1764871382.091016,2814,256,1764871382.080197,10.819
1764871382.094253,2815,256,1764871382.083524,10.729
1764871382.097589,2816,256,1764871382.086854,10.735
1764871382.101037,2817,256,1764871382.090174,10.863
1764871382.104258,2818,256,1764871382.093518,10.741
1764871382.107738,2819,256,1764871382.096928,10.810
1764871382.110918,2820,256,1764871382.100175,10.743
1764871382.114259,2821,256,1764871382.103556,10.703
1764871382.117609,2822,256,1764871382.106890,10.719
1764871382.121042,2823,256,1764871382.110183,10.859
1764871382.124311,2824,256,1764871382.113513,10.798
1764871382.127701,2825,256,1764871382.116923,10.778
1764871382.131134,2826,256,1764871382.120321,10.813
1764871382.134453,2827,256,1764871382.123580,10.872
1764871382.137555,2828,256,1764871382.126848,10.707
1764871382.140912,2829,256,1764871382.130166,10.746
1764871382.144206,2830,256,1764871382.133516,10.690
1764871382.147691,2831,256,1764871382.136940,10.751
1764871382.151058,2832,256,1764871382.140322,10.736
1764871382.154426,2833,256,1764871382.143532,10.894
1764871382.157655,2834,256,1764871382.146922,10.733
1764871382.160879,2835,256,1764871382.150180,10.700
1764871382.164311,2836,256,1764871382.153548,10.763
1764871382.167711,2837,256,1764871382.156945,10.766
1764871382.171085,2838,256,1764871382.160202,10.883
1764871382.174297,2839,256,1764871382.163518,10.779
1764871382.177613,2840,256,1764871382.166867,10.746
1764871382.181024,2841,256,1764871382.170202,10.822
1764871382.184436,2842,256,1764871382.173538,10.898
1764871382.187770,2843,256,1764871382.176872,10.899
1764871382.190917,2844,256,1764871382.180188,10.729
1764871382.194268,2845,256,1764871382.183508,10.761
1764871382.197691,2846,256,1764871382.186988,10.703
1764871382.200939,2847,256,1764871382.190241,10.698
1764871382.204282,2848,256,1764871382.193572,10.710
1764871382.207678,2849,256,1764871382.196913,10.764
1764871382.211040,2850,256,1764871382.200270,10.770
1764871382.214414,2851,256,1764871382.203649,10.766
1764871382.217763,2852,256,1764871382.206948,10.815
1764871382.221017,2853,256,1764871382.210209,10.808
1764871382.224154,2854,256,1764871382.213512,10.642
1764871382.227572,2855,256,1764871382.216875,10.697
1764871382.231000,2856,256,1764871382.220207,10.793
1764871382.234307,2857,256,1764871382.223525,10.782
1764871382.237692,2858,256,1764871382.226901,10.792
1764871382.240896,2859,256,1764871382.230181,10.715
1764871382.244304,2860,256,1764871382.233561,10.743
1764871382.247642,2861,256,1764871382.236869,10.772
1764871382.251059,2862,256,1764871382.240276,10.783
1764871382.254432,2863,256,1764871382.243688,10.745
1764871382.257564,2864,256,1764871382.246880,10.685
1764871382.260982,2865,256,1764871382.250194,10.788
1764871382.264152,2866,256,1764871382.253514,10.638
1764871382.268028,2867,256,1764871382.257135,10.893
1764871382.271019,2868,256,1764871382.260198,10.820
1764871382.274379,2869,256,1764871382.263616,10.763
1764871382.277641,2870,256,1764871382.266925,10.716
1764871382.281107,2871,256,1764871382.270334,10.773
1764871382.284408,2872,256,1764871382.273671,10.737
1764871382.287729,2873,256,1764871382.277006,10.723
1764871382.291549,2874,256,1764871382.280238,11.311
1764871382.295114,2875,256,1764871382.283516,11.597
1764871382.298642,2876,256,1764871382.286857,11.785
1764871382.301731,2877,256,1764871382.290927,10.804
1764871382.304638,2878,256,1764871382.293880,10.758
1764871382.309245,2879,256,1764871382.298496,10.749
1764871382.310970,2880,256,1764871382.300232,10.738
1764871382.314250,2881,256,1764871382.303571,10.679
1764871382.317538,2882,256,1764871382.306871,10.667
1764871382.320906,2883,256,1764871382.310184,10.722
1764871382.324226,2884,256,1764871382.313532,10.694
1764871382.328160,2885,256,1764871382.316856,11.304
1764871382.330997,2886,256,1764871382.320219,10.778
1764871382.334338,2887,256,1764871382.323588,10.751
1764871382.337635,2888,256,1764871382.326897,10.738
1764871382.340963,2889,256,1764871382.330184,10.780
1764871382.344419,2890,256,1764871382.333535,10.884
1764871382.347723,2891,256,1764871382.337031,10.693
1764871382.351015,2892,256,1764871382.340188,10.827
1764871382.354569,2893,256,1764871382.343646,10.922
1764871382.357725,2894,256,1764871382.346935,10.790
1764871382.361016,2895,256,1764871382.350272,10.744
1764871382.364348,2896,256,1764871382.353603,10.745
1764871382.367683,2897,256,1764871382.356915,10.768
1764871382.371129,2898,256,1764871382.360174,10.955
1764871382.374333,2899,256,1764871382.363490,10.843
1764871382.377486,2900,256,1764871382.366848,10.638
1764871382.380781,2901,256,1764871382.370180,10.602
1764871382.384330,2902,256,1764871382.373614,10.716
1764871382.387612,2903,256,1764871382.376961,10.651
1764871382.390981,2904,256,1764871382.380209,10.772
1764871382.394314,2905,256,1764871382.383594,10.720
1764871382.397577,2906,256,1764871382.386940,10.637
1764871382.401000,2907,256,1764871382.390257,10.743
1764871382.404333,2908,256,1764871382.393617,10.716
1764871382.407584,2909,256,1764871382.396896,10.688
1764871382.410918,2910,256,1764871382.400192,10.726
1764871382.414416,2911,256,1764871382.403661,10.756
1764871382.417786,2912,256,1764871382.407012,10.774
1764871382.421098,2913,256,1764871382.410189,10.909
1764871382.424365,2914,256,1764871382.413648,10.717
1764871382.427741,2915,256,1764871382.417008,10.733
1764871382.431114,2916,256,1764871382.420384,10.730
1764871382.434503,2917,256,1764871382.423667,10.837
1764871382.437754,2918,256,1764871382.426979,10.775
1764871382.441097,2919,256,1764871382.430319,10.778
1764871382.444747,2920,256,1764871382.433763,10.984
1764871382.447673,2921,256,1764871382.436903,10.770
1764871382.451121,2922,256,1764871382.440418,10.703
1764871382.454100,2923,256,1764871382.443494,10.606
1764871382.457562,2924,256,1764871382.446855,10.707
1764871382.460854,2925,256,1764871382.450171,10.683
1764871382.464327,2926,256,1764871382.453603,10.724
1764871382.467780,2927,256,1764871382.456954,10.826
1764871382.470954,2928,256,1764871382.460177,10.777
1764871382.474273,2929,256,1764871382.463526,10.747
1764871382.477687,2930,256,1764871382.466961,10.725
1764871382.481070,2931,256,1764871382.470264,10.805
1764871382.484476,2932,256,1764871382.473629,10.846
1764871382.487766,2933,256,1764871382.476959,10.807
1764871382.490991,2934,256,1764871382.480189,10.802
1764871382.494491,2935,256,1764871382.483637,10.854
1764871382.497877,2936,256,1764871382.487008,10.869
1764871382.501124,2937,256,1764871382.490306,10.818
1764871382.504244,2938,256,1764871382.493535,10.709
1764871382.507545,2939,256,1764871382.496866,10.679
1764871382.510950,2940,256,1764871382.500194,10.756
1764871382.514330,2941,256,1764871382.503611,10.719
1764871382.517612,2942,256,1764871382.506861,10.750
1764871382.521190,2943,256,1764871382.510267,10.923
1764871382.524191,2944,256,1764871382.513511,10.680
1764871382.527697,2945,256,1764871382.516948,10.748
1764871382.531053,2946,256,1764871382.520317,10.736
1764871382.534495,2947,256,1764871382.523654,10.841
1764871382.537702,2948,256,1764871382.526953,10.749
1764871382.541113,2949,256,1764871382.530188,10.925
1764871382.544314,2950,256,1764871382.533530,10.785
1764871382.547877,2951,256,1764871382.537102,10.775
1764871382.551912,2952,256,1764871382.541048,10.863
1764871382.555088,2953,256,1764871382.544045,11.043
1764871382.557756,2954,256,1764871382.546880,10.876
1764871382.560949,2955,256,1764871382.550220,10.730
1764871382.564196,2956,256,1764871382.553530,10.666
1764871382.567876,2957,256,1764871382.557009,10.867
1764871382.571049,2958,256,1764871382.560205,10.844
1764871382.574322,2959,256,1764871382.563515,10.807
1764871382.577790,2960,256,1764871382.567029,10.761
1764871382.581113,2961,256,1764871382.570382,10.731
1764871382.584518,2962,256,1764871382.573611,10.907
1764871382.587743,2963,256,1764871382.576882,10.861
1764871382.591015,2964,256,1764871382.580178,10.836
1764871382.594268,2965,256,1764871382.583532,10.736
1764871382.597807,2966,256,1764871382.587049,10.758
1764871382.601093,2967,256,1764871382.590336,10.757
1764871382.604692,2968,256,1764871382.593570,11.122
1764871382.607926,2969,256,1764871382.597055,10.870
1764871382.611095,2970,256,1764871382.600293,10.802
1764871382.614528,2971,256,1764871382.603764,10.764
1764871382.617895,2972,256,1764871382.607001,10.894
1764871382.621095,2973,256,1764871382.610198,10.897
1764871382.624389,2974,256,1764871382.613526,10.862
1764871382.627692,2975,256,1764871382.616951,10.740
1764871382.631038,2976,256,1764871382.620337,10.700
1764871382.634352,2977,256,1764871382.623539,10.814
1764871382.637862,2978,256,1764871382.626957,10.906
1764871382.641063,2979,256,1764871382.630179,10.883
1764871382.644342,2980,256,1764871382.633635,10.707
1764871382.647779,2981,256,1764871382.636976,10.803
1764871382.650982,2982,256,1764871382.640213,10.769
1764871382.654178,2983,256,1764871382.643533,10.646
1764871382.657723,2984,256,1764871382.646869,10.854
1764871382.660964,2985,256,1764871382.650259,10.705
1764871382.664281,2986,256,1764871382.653543,10.737
1764871382.667880,2987,256,1764871382.656989,10.891
1764871382.671079,2988,256,1764871382.660280,10.799
1764871382.674373,2989,256,1764871382.663610,10.763
1764871382.677945,2990,256,1764871382.667069,10.876
1764871382.680951,2991,256,1764871382.670195,10.756
1764871382.684284,2992,256,1764871382.673554,10.730
1764871382.687634,2993,256,1764871382.676870,10.764
1764871382.690933,2994,256,1764871382.680184,10.750
1764871382.694431,2995,256,1764871382.683614,10.818
1764871382.697702,2996,256,1764871382.687003,10.699
1764871382.700995,2997,256,1764871382.690192,10.804
1764871382.704345,2998,256,1764871382.693501,10.844
1764871382.707769,2999,256,1764871382.697027,10.742
1764871382.711059,3000,256,1764871382.700279,10.780
1764871382.714480,3001,256,1764871382.703709,10.772
1764871382.717588,3002,256,1764871382.706943,10.646
1764871382.721124,3003,256,1764871382.710174,10.950
1764871382.724280,3004,256,1764871382.713533,10.746
1764871382.727741,3005,256,1764871382.716970,10.771
1764871382.731067,3006,256,1764871382.720184,10.883
1764871382.734320,3007,256,1764871382.723530,10.790
1764871382.737759,3008,256,1764871382.726995,10.764
1764871382.741146,3009,256,1764871382.730272,10.874
1764871382.744392,3010,256,1764871382.733611,10.781
1764871382.747778,3011,256,1764871382.736987,10.791
1764871382.751172,3012,256,1764871382.740318,10.854
1764871382.754391,3013,256,1764871382.743601,10.790
1764871382.757782,3014,256,1764871382.747038,10.744
1764871382.761171,3015,256,1764871382.750314,10.858
1764871382.764437,3016,256,1764871382.753654,10.783
1764871382.767721,3017,256,1764871382.756972,10.749
1764871382.771219,3018,256,1764871382.760312,10.908
1764871382.774345,3019,256,1764871382.763609,10.736
1764871382.777656,3020,256,1764871382.766977,10.679
1764871382.781131,3021,256,1764871382.770350,10.781
1764871382.784203,3022,256,1764871382.773533,10.670
1764871382.787563,3023,256,1764871382.776937,10.626
1764871382.790834,3024,256,1764871382.780164,10.670
1764871382.794644,3025,256,1764871382.783975,10.669
1764871382.797479,3026,256,1764871382.786877,10.602
1764871382.800999,3027,256,1764871382.790176,10.823
1764871382.804410,3028,256,1764871382.793521,10.890
1764871382.807525,3029,256,1764871382.796878,10.646
1764871382.811056,3030,256,1764871382.800208,10.848
1764871382.814295,3031,256,1764871382.803561,10.733
1764871382.817816,3032,256,1764871382.806940,10.876
1764871382.820948,3033,256,1764871382.810172,10.776
1764871382.824284,3034,256,1764871382.813597,10.688
1764871382.827639,3035,256,1764871382.816921,10.718
1764871382.830873,3036,256,1764871382.820162,10.711
1764871382.834322,3037,256,1764871382.823585,10.738
1764871382.837703,3038,256,1764871382.826913,10.790
1764871382.841000,3039,256,1764871382.830194,10.806
1764871382.844335,3040,256,1764871382.833635,10.701
1764871382.847775,3041,256,1764871382.837005,10.770
1764871382.851050,3042,256,1764871382.840274,10.776
1764871382.854409,3043,256,1764871382.843593,10.816
1764871382.857631,3044,256,1764871382.846904,10.727
1764871382.860937,3045,256,1764871382.850171,10.766
1764871382.864469,3046,256,1764871382.853632,10.837
1764871382.867794,3047,256,1764871382.856948,10.846
1764871382.871021,3048,256,1764871382.860294,10.726
1764871382.874470,3049,256,1764871382.863668,10.802
1764871382.877943,3050,256,1764871382.867021,10.922
1764871382.881108,3051,256,1764871382.870198,10.910
1764871382.884399,3052,256,1764871382.873532,10.867
1764871382.887756,3053,256,1764871382.876969,10.787
1764871382.891216,3054,256,1764871382.880330,10.886
1764871382.894530,3055,256,1764871382.883647,10.883
1764871382.897685,3056,256,1764871382.886844,10.841
1764871382.901121,3057,256,1764871382.890265,10.856
1764871382.904374,3058,256,1764871382.893502,10.872
1764871382.907950,3059,256,1764871382.897040,10.909
1764871382.911141,3060,256,1764871382.900317,10.823
1764871382.914530,3061,256,1764871382.903718,10.812
1764871382.917801,3062,256,1764871382.907016,10.785
1764871382.921142,3063,256,1764871382.910348,10.794
1764871382.924348,3064,256,1764871382.913613,10.735
1764871382.927734,3065,256,1764871382.916930,10.804
1764871382.931041,3066,256,1764871382.920175,10.866
1764871382.934491,3067,256,1764871382.923644,10.847
1764871382.937995,3068,256,1764871382.927042,10.952
1764871382.941217,3069,256,1764871382.930305,10.912
1764871382.944392,3070,256,1764871382.933702,10.690
1764871382.947760,3071,256,1764871382.936871,10.889
1764871382.951098,3072,256,1764871382.940296,10.802
1764871382.954611,3073,256,1764871382.943681,10.930
1764871382.957909,3074,256,1764871382.947004,10.906
1764871382.961209,3075,256,1764871382.950374,10.836
1764871382.964525,3076,256,1764871382.953636,10.889
1764871382.967815,3077,256,1764871382.956940,10.875
1764871382.971209,3078,256,1764871382.960346,10.863
1764871382.974565,3079,256,1764871382.963662,10.903
1764871382.977859,3080,256,1764871382.966982,10.876
1764871382.981175,3081,256,1764871382.970310,10.865
1764871382.984554,3082,256,1764871382.973678,10.876
1764871382.987753,3083,256,1764871382.976992,10.762
1764871382.991007,3084,256,1764871382.980275,10.732
1764871382.994636,3085,256,1764871382.983694,10.942
1764871382.997954,3086,256,1764871382.987051,10.903
1764871383.001219,3087,256,1764871382.990299,10.920
1764871383.004529,3088,256,1764871382.993643,10.885
1764871383.007903,3089,256,1764871382.996981,10.922
1764871383.011203,3090,256,1764871383.000322,10.881
1764871383.014636,3091,256,1764871383.003685,10.950
1764871383.017874,3092,256,1764871383.007030,10.844
1764871383.021226,3093,256,1764871383.010372,10.854
1764871383.024650,3094,256,1764871383.013728,10.922
1764871383.027861,3095,256,1764871383.017024,10.837
1764871383.031157,3096,256,1764871383.020267,10.890
1764871383.034449,3097,256,1764871383.023599,10.850
1764871383.037920,3098,256,1764871383.027035,10.885
1764871383.041094,3099,256,1764871383.030377,10.718
1764871383.044785,3100,256,1764871383.033751,11.034
1764871383.047615,3101,256,1764871383.036909,10.706
1764871383.050853,3102,256,1764871383.040183,10.670
1764871383.055009,3103,256,1764871383.044039,10.970
1764871383.057727,3104,256,1764871383.046851,10.875
1764871383.061005,3105,256,1764871383.050167,10.838
1764871383.064506,3106,256,1764871383.053670,10.837
1764871383.067986,3107,256,1764871383.057107,10.879
1764871383.071299,3108,256,1764871383.060434,10.865
1764871383.074410,3109,256,1764871383.063537,10.874
1764871383.077918,3110,256,1764871383.067045,10.873
1764871383.081170,3111,256,1764871383.070377,10.793
1764871383.084486,3112,256,1764871383.073691,10.795
1764871383.087842,3113,256,1764871383.077036,10.806
1764871383.091109,3114,256,1764871383.080323,10.786
1764871383.094456,3115,256,1764871383.083690,10.767
1764871383.097763,3116,256,1764871383.087031,10.732
1764871383.101177,3117,256,1764871383.090369,10.808
1764871383.104513,3118,256,1764871383.093752,10.760
1764871383.107899,3119,256,1764871383.097044,10.855
1764871383.111135,3120,256,1764871383.100374,10.760
1764871383.114586,3121,256,1764871383.103703,10.883
1764871383.117737,3122,256,1764871383.106910,10.827
1764871383.121095,3123,256,1764871383.110336,10.759
1764871383.124343,3124,256,1764871383.113585,10.758
1764871383.127702,3125,256,1764871383.117056,10.647
1764871383.130948,3126,256,1764871383.120198,10.751
1764871383.134206,3127,256,1764871383.123562,10.643
1764871383.137655,3128,256,1764871383.127003,10.652
1764871383.141113,3129,256,1764871383.130325,10.788
1764871383.144356,3130,256,1764871383.133670,10.686
1764871383.147770,3131,256,1764871383.137017,10.754
1764871383.150975,3132,256,1764871383.140247,10.728
1764871383.154342,3133,256,1764871383.143605,10.737
1764871383.157701,3134,256,1764871383.146977,10.725
1764871383.161026,3135,256,1764871383.150276,10.751
1764871383.164380,3136,256,1764871383.153618,10.761
1764871383.167784,3137,256,1764871383.156999,10.785
1764871383.171070,3138,256,1764871383.160308,10.762
1764871383.174390,3139,256,1764871383.163609,10.781
1764871383.177685,3140,256,1764871383.166981,10.704
1764871383.181158,3141,256,1764871383.170289,10.869
1764871383.184288,3142,256,1764871383.173536,10.751
1764871383.187726,3143,256,1764871383.176988,10.738
1764871383.191120,3144,256,1764871383.180359,10.762
1764871383.194386,3145,256,1764871383.183645,10.741
1764871383.197732,3146,256,1764871383.186982,10.749
1764871383.201027,3147,256,1764871383.190308,10.719
1764871383.204433,3148,256,1764871383.193696,10.737
1764871383.207716,3149,256,1764871383.196998,10.718
1764871383.211128,3150,256,1764871383.200383,10.745
1764871383.214343,3151,256,1764871383.203650,10.693
1764871383.217887,3152,256,1764871383.207055,10.833
1764871383.221167,3153,256,1764871383.210380,10.787
1764871383.224399,3154,256,1764871383.213619,10.781
1764871383.227677,3155,256,1764871383.216985,10.692
1764871383.231055,3156,256,1764871383.220316,10.739
1764871383.234338,3157,256,1764871383.223520,10.818
1764871383.237745,3158,256,1764871383.226985,10.760
1764871383.241164,3159,256,1764871383.230323,10.841
1764871383.244399,3160,256,1764871383.233649,10.750
1764871383.247915,3161,256,1764871383.237024,10.891
1764871383.251078,3162,256,1764871383.240319,10.760
1764871383.254357,3163,256,1764871383.243647,10.709
1764871383.257667,3164,256,1764871383.246955,10.712
1764871383.261192,3165,256,1764871383.250351,10.840
1764871383.264530,3166,256,1764871383.253660,10.870
1764871383.267803,3167,256,1764871383.256940,10.863
1764871383.271239,3168,256,1764871383.260347,10.892
1764871383.274467,3169,256,1764871383.263615,10.852
1764871383.277663,3170,256,1764871383.266988,10.675
1764871383.281199,3171,256,1764871383.270311,10.888
1764871383.284256,3172,256,1764871383.273500,10.756
1764871383.287642,3173,256,1764871383.276872,10.770
1764871383.291062,3174,256,1764871383.280356,10.706
1764871383.294377,3175,256,1764871383.283707,10.671
1764871383.297537,3176,256,1764871383.286934,10.602
1764871383.300933,3177,256,1764871383.290177,10.755
1764871383.304351,3178,256,1764871383.293550,10.802
1764871383.307640,3179,256,1764871383.296870,10.770
1764871383.310952,3180,256,1764871383.300185,10.767
1764871383.314402,3181,256,1764871383.303648,10.754
1764871383.317813,3182,256,1764871383.307059,10.754
1764871383.321081,3183,256,1764871383.310304,10.777
1764871383.324365,3184,256,1764871383.313611,10.754
1764871383.327640,3185,256,1764871383.316941,10.699
1764871383.331008,3186,256,1764871383.320272,10.736
1764871383.334177,3187,256,1764871383.323504,10.674
1764871383.337671,3188,256,1764871383.326942,10.730
1764871383.340937,3189,256,1764871383.330185,10.752
1764871383.344294,3190,256,1764871383.333531,10.763
1764871383.347816,3191,256,1764871383.337107,10.709
1764871383.350986,3192,256,1764871383.340198,10.788
1764871383.354487,3193,256,1764871383.343671,10.816
1764871383.357880,3194,256,1764871383.347074,10.806
1764871383.361165,3195,256,1764871383.350331,10.834
1764871383.364439,3196,256,1764871383.353662,10.777
1764871383.367804,3197,256,1764871383.357054,10.749
1764871383.371260,3198,256,1764871383.360451,10.808
1764871383.374408,3199,256,1764871383.363611,10.797
1764871383.377755,3200,256,1764871383.366987,10.768
1764871383.381108,3201,256,1764871383.370322,10.787
1764871383.384403,3202,256,1764871383.373655,10.747
1764871383.387844,3203,256,1764871383.377032,10.812
1764871383.391211,3204,256,1764871383.380367,10.844
1764871383.394391,3205,256,1764871383.383573,10.818
1764871383.397849,3206,256,1764871383.387041,10.808
1764871383.401201,3207,256,1764871383.390375,10.826
1764871383.404587,3208,256,1764871383.393763,10.824
1764871383.407912,3209,256,1764871383.397097,10.816
1764871383.411174,3210,256,1764871383.400378,10.797
1764871383.414459,3211,256,1764871383.403673,10.786
1764871383.417960,3212,256,1764871383.407107,10.854
1764871383.421052,3213,256,1764871383.410276,10.777
1764871383.424354,3214,256,1764871383.413611,10.743
1764871383.427663,3215,256,1764871383.416925,10.738
1764871383.431107,3216,256,1764871383.420320,10.787
1764871383.434401,3217,256,1764871383.423649,10.751
1764871383.437703,3218,256,1764871383.426935,10.768
1764871383.441175,3219,256,1764871383.430313,10.862
1764871383.444459,3220,256,1764871383.433615,10.843
1764871383.447620,3221,256,1764871383.436986,10.634
1764871383.451033,3222,256,1764871383.440356,10.678
1764871383.454420,3223,256,1764871383.443623,10.797
1764871383.457756,3224,256,1764871383.446933,10.823
1764871383.460934,3225,256,1764871383.450169,10.766
1764871383.464337,3226,256,1764871383.453530,10.807
1764871383.467848,3227,256,1764871383.457028,10.820
1764871383.471138,3228,256,1764871383.460327,10.812
1764871383.474455,3229,256,1764871383.463576,10.879
1764871383.477877,3230,256,1764871383.467093,10.784
1764871383.481147,3231,256,1764871383.470221,10.926
1764871383.484622,3232,256,1764871383.473753,10.869
1764871383.487763,3233,256,1764871383.477039,10.724
1764871383.491098,3234,256,1764871383.480354,10.745
1764871383.494585,3235,256,1764871383.483763,10.822
1764871383.497874,3236,256,1764871383.486982,10.891
1764871383.501050,3237,256,1764871383.490168,10.882
1764871383.504391,3238,256,1764871383.493536,10.855
1764871383.507896,3239,256,1764871383.497034,10.863
1764871383.511226,3240,256,1764871383.500377,10.848
1764871383.514428,3241,256,1764871383.503541,10.887
1764871383.517913,3242,256,1764871383.506995,10.918
1764871383.521115,3243,256,1764871383.510198,10.917
1764871383.524408,3244,256,1764871383.513605,10.803
1764871383.527856,3245,256,1764871383.517038,10.818
1764871383.531205,3246,256,1764871383.520367,10.838
1764871383.534348,3247,256,1764871383.523567,10.781
1764871383.537844,3248,256,1764871383.527050,10.793
1764871383.541370,3249,256,1764871383.530347,11.023
1764871383.544396,3250,256,1764871383.533659,10.737
1764871383.547647,3251,256,1764871383.536975,10.671
1764871383.551677,3252,256,1764871383.540736,10.941
1764871383.554338,3253,256,1764871383.543520,10.817
1764871383.557663,3254,256,1764871383.546874,10.789
1764871383.561117,3255,256,1764871383.550330,10.786
1764871383.564666,3256,256,1764871383.553763,10.903
1764871383.567846,3257,256,1764871383.556997,10.849
1764871383.571202,3258,256,1764871383.560330,10.872
1764871383.574473,3259,256,1764871383.563632,10.842
1764871383.577850,3260,256,1764871383.566986,10.864
1764871383.581165,3261,256,1764871383.570320,10.845
1764871383.584434,3262,256,1764871383.573618,10.816
1764871383.587805,3263,256,1764871383.576983,10.821
1764871383.591130,3264,256,1764871383.580303,10.827
1764871383.594481,3265,256,1764871383.583645,10.836
1764871383.597737,3266,256,1764871383.586989,10.749
1764871383.601167,3267,256,1764871383.590327,10.840
1764871383.604532,3268,256,1764871383.593687,10.845
1764871383.607752,3269,256,1764871383.596950,10.802
1764871383.611185,3270,256,1764871383.600325,10.860
1764871383.614568,3271,256,1764871383.603700,10.869
1764871383.617872,3272,256,1764871383.606994,10.878
1764871383.621056,3273,256,1764871383.610184,10.872
1764871383.624477,3274,256,1764871383.613606,10.870
1764871383.627923,3275,256,1764871383.617000,10.923
1764871383.631255,3276,256,1764871383.620386,10.869
1764871383.634478,3277,256,1764871383.623603,10.875
1764871383.637884,3278,256,1764871383.627002,10.883
1764871383.641150,3279,256,1764871383.630297,10.853
1764871383.644510,3280,256,1764871383.633635,10.875
1764871383.647782,3281,256,1764871383.637003,10.779
1764871383.651040,3282,256,1764871383.640187,10.854
1764871383.654372,3283,256,1764871383.643533,10.839
1764871383.657890,3284,256,1764871383.647011,10.880
1764871383.660969,3285,256,1764871383.650190,10.779
1764871383.664273,3286,256,1764871383.653518,10.755
1764871383.667738,3287,256,1764871383.657080,10.659
1764871383.670891,3288,256,1764871383.660185,10.705
1764871383.674272,3289,256,1764871383.663505,10.767
1764871383.677709,3290,256,1764871383.666996,10.714
1764871383.680929,3291,256,1764871383.670183,10.746
1764871383.684219,3292,256,1764871383.673525,10.693
1764871383.687727,3293,256,1764871383.676999,10.727
1764871383.691182,3294,256,1764871383.680288,10.895
1764871383.694435,3295,256,1764871383.683639,10.795
1764871383.697898,3296,256,1764871383.687045,10.853
1764871383.701066,3297,256,1764871383.690202,10.864
1764871383.704400,3298,256,1764871383.693547,10.852
1764871383.707973,3299,256,1764871383.697088,10.885
1764871383.711001,3300,256,1764871383.700213,10.787
1764871383.714346,3301,256,1764871383.703528,10.817
1764871383.717793,3302,256,1764871383.707008,10.785
1764871383.721096,3303,256,1764871383.710335,10.761
1764871383.724377,3304,256,1764871383.713665,10.712
1764871383.727851,3305,256,1764871383.716989,10.862
1764871383.731178,3306,256,1764871383.720315,10.863
1764871383.734594,3307,256,1764871383.723686,10.908
1764871383.737770,3308,256,1764871383.726991,10.779
1764871383.741054,3309,256,1764871383.730350,10.704
1764871383.744395,3310,256,1764871383.733692,10.702
1764871383.747595,3311,256,1764871383.736855,10.740
1764871383.751112,3312,256,1764871383.740257,10.854
1764871383.754331,3313,256,1764871383.743619,10.712
1764871383.757717,3314,256,1764871383.746969,10.748
1764871383.761270,3315,256,1764871383.750331,10.939
1764871383.764257,3316,256,1764871383.753520,10.737
1764871383.767878,3317,256,1764871383.757002,10.876
1764871383.771162,3318,256,1764871383.760272,10.890
1764871383.774478,3319,256,1764871383.763603,10.875
1764871383.777873,3320,256,1764871383.766985,10.887
1764871383.781261,3321,256,1764871383.770330,10.931
1764871383.784471,3322,256,1764871383.773649,10.822
1764871383.787635,3323,256,1764871383.776990,10.645
1764871383.791026,3324,256,1764871383.780309,10.716
1764871383.794516,3325,256,1764871383.783693,10.823
1764871383.797646,3326,256,1764871383.786872,10.774
1764871383.800991,3327,256,1764871383.790184,10.807
1764871383.804448,3328,256,1764871383.793690,10.758
1764871383.807664,3329,256,1764871383.796846,10.818
1764871383.810993,3330,256,1764871383.800203,10.790
1764871383.814348,3331,256,1764871383.803529,10.818
1764871383.817914,3332,256,1764871383.806993,10.921
1764871383.821090,3333,256,1764871383.810207,10.883
1764871383.824574,3334,256,1764871383.813707,10.866
1764871383.827690,3335,256,1764871383.816860,10.830
1764871383.831173,3336,256,1764871383.820323,10.850
1764871383.834594,3337,256,1764871383.823719,10.875
1764871383.837885,3338,256,1764871383.826988,10.898
1764871383.841097,3339,256,1764871383.830189,10.907
1764871383.844424,3340,256,1764871383.833539,10.885
1764871383.847903,3341,256,1764871383.837004,10.899
1764871383.851269,3342,256,1764871383.840387,10.883
1764871383.854573,3343,256,1764871383.843654,10.919
1764871383.857884,3344,256,1764871383.846987,10.896
1764871383.861285,3345,256,1764871383.850402,10.883
1764871383.864375,3346,256,1764871383.853506,10.869
1764871383.867945,3347,256,1764871383.857071,10.874
1764871383.871258,3348,256,1764871383.860340,10.918
1764871383.874502,3349,256,1764871383.863627,10.875
1764871383.877923,3350,256,1764871383.867023,10.901
1764871383.881217,3351,256,1764871383.870320,10.897
1764871383.884481,3352,256,1764871383.873608,10.873
1764871383.887905,3353,256,1764871383.877012,10.894
1764871383.891233,3354,256,1764871383.880338,10.895
1764871383.894490,3355,256,1764871383.883691,10.798
1764871383.897794,3356,256,1764871383.886987,10.807
1764871383.901270,3357,256,1764871383.890388,10.882
1764871383.904545,3358,256,1764871383.893638,10.907
1764871383.907813,3359,256,1764871383.896947,10.866
1764871383.911263,3360,256,1764871383.900341,10.923
1764871383.914528,3361,256,1764871383.903646,10.881
1764871383.917932,3362,256,1764871383.907010,10.922
1764871383.921249,3363,256,1764871383.910338,10.911
1764871383.924518,3364,256,1764871383.913618,10.900
1764871383.927867,3365,256,1764871383.916954,10.913
1764871383.931203,3366,256,1764871383.920301,10.902
1764871383.934471,3367,256,1764871383.923655,10.816
1764871383.937901,3368,256,1764871383.926994,10.907
1764871383.941207,3369,256,1764871383.930334,10.873
1764871383.944392,3370,256,1764871383.933660,10.732
1764871383.947858,3371,256,1764871383.937072,10.786
1764871383.951081,3372,256,1764871383.940338,10.742
1764871383.954385,3373,256,1764871383.943604,10.781
1764871383.957727,3374,256,1764871383.946920,10.807
1764871383.961136,3375,256,1764871383.950322,10.814
1764871383.964447,3376,256,1764871383.953609,10.838
1764871383.967813,3377,256,1764871383.957000,10.813
1764871383.971019,3378,256,1764871383.960180,10.839
1764871383.974436,3379,256,1764871383.963611,10.825
1764871383.977848,3380,256,1764871383.967000,10.849
1764871383.981217,3381,256,1764871383.970390,10.827
1764871383.984410,3382,256,1764871383.973660,10.750
1764871383.987807,3383,256,1764871383.976996,10.811
1764871383.991116,3384,256,1764871383.980277,10.839
1764871383.994560,3385,256,1764871383.983726,10.834
1764871383.997806,3386,256,1764871383.986984,10.822
1764871384.001214,3387,256,1764871383.990331,10.883
1764871384.004504,3388,256,1764871383.993662,10.842
1764871384.007897,3389,256,1764871383.997069,10.828
1764871384.011209,3390,256,1764871384.000294,10.915
1764871384.014551,3391,256,1764871384.003649,10.902
1764871384.017973,3392,256,1764871384.007092,10.881
1764871384.021227,3393,256,1764871384.010316,10.911
1764871384.024458,3394,256,1764871384.013613,10.844
1764871384.027888,3395,256,1764871384.016987,10.901
1764871384.031214,3396,256,1764871384.020325,10.890
1764871384.034376,3397,256,1764871384.023536,10.840
1764871384.037891,3398,256,1764871384.027000,10.891
1764871384.041191,3399,256,1764871384.030326,10.865
1764871384.044322,3400,256,1764871384.033657,10.665
1764871384.047626,3401,256,1764871384.036942,10.684
1764871384.050916,3402,256,1764871384.040183,10.733
1764871384.054246,3403,256,1764871384.043532,10.714
1764871384.057791,3404,256,1764871384.046932,10.860
1764871384.060971,3405,256,1764871384.050189,10.782
1764871384.064379,3406,256,1764871384.053613,10.766
1764871384.067843,3407,256,1764871384.057055,10.788
1764871384.071048,3408,256,1764871384.060308,10.741
1764871384.074440,3409,256,1764871384.063636,10.803
1764871384.077727,3410,256,1764871384.066947,10.780
1764871384.081072,3411,256,1764871384.070319,10.752
1764871384.084455,3412,256,1764871384.073668,10.787
1764871384.087662,3413,256,1764871384.076941,10.721
1764871384.091053,3414,256,1764871384.080312,10.742
1764871384.094290,3415,256,1764871384.083643,10.647
1764871384.097620,3416,256,1764871384.086865,10.755
1764871384.101064,3417,256,1764871384.090270,10.794
1764871384.104345,3418,256,1764871384.093596,10.749
1764871384.107760,3419,256,1764871384.097005,10.755
1764871384.111041,3420,256,1764871384.100326,10.715
1764871384.114459,3421,256,1764871384.103634,10.825
1764871384.117781,3422,256,1764871384.106962,10.818
1764871384.121133,3423,256,1764871384.110271,10.862
1764871384.124502,3424,256,1764871384.113610,10.893
1764871384.127813,3425,256,1764871384.117013,10.799
1764871384.131073,3426,256,1764871384.120298,10.774
1764871384.134506,3427,256,1764871384.123678,10.828
1764871384.137860,3428,256,1764871384.127009,10.851
1764871384.141214,3429,256,1764871384.130292,10.922
1764871384.144469,3430,256,1764871384.133655,10.815
1764871384.147878,3431,256,1764871384.137045,10.833
1764871384.151155,3432,256,1764871384.140381,10.774
1764871384.154258,3433,256,1764871384.143537,10.721
1764871384.157702,3434,256,1764871384.146941,10.761
1764871384.161161,3435,256,1764871384.150263,10.898
1764871384.164387,3436,256,1764871384.153595,10.792
1764871384.167777,3437,256,1764871384.156930,10.847
1764871384.171160,3438,256,1764871384.160322,10.838
1764871384.174361,3439,256,1764871384.163605,10.756
1764871384.177908,3440,256,1764871384.167050,10.858
1764871384.181145,3441,256,1764871384.170299,10.846
1764871384.184269,3442,256,1764871384.173530,10.738
1764871384.187742,3443,256,1764871384.176934,10.808
1764871384.191111,3444,256,1764871384.180289,10.822
1764871384.194521,3445,256,1764871384.183706,10.815
1764871384.197732,3446,256,1764871384.186993,10.739
1764871384.201098,3447,256,1764871384.190337,10.761
1764871384.204459,3448,256,1764871384.193722,10.737
1764871384.207699,3449,256,1764871384.196981,10.717
1764871384.211252,3450,256,1764871384.200393,10.859
1764871384.214412,3451,256,1764871384.203649,10.764
1764871384.217910,3452,256,1764871384.207063,10.847
1764871384.221136,3453,256,1764871384.210323,10.813
1764871384.224433,3454,256,1764871384.213623,10.810
1764871384.227784,3455,256,1764871384.216999,10.785
1764871384.231168,3456,256,1764871384.220305,10.862
1764871384.234447,3457,256,1764871384.223714,10.733
1764871384.237779,3458,256,1764871384.226989,10.790
1764871384.241210,3459,256,1764871384.230327,10.883
1764871384.244562,3460,256,1764871384.233725,10.837
1764871384.247777,3461,256,1764871384.236940,10.837
1764871384.251165,3462,256,1764871384.240316,10.849
1764871384.254521,3463,256,1764871384.243666,10.855
1764871384.257806,3464,256,1764871384.247049,10.757
1764871384.261113,3465,256,1764871384.250328,10.786
1764871384.264357,3466,256,1764871384.253605,10.752
1764871384.267901,3467,256,1764871384.257065,10.836
1764871384.271076,3468,256,1764871384.260314,10.762
1764871384.274380,3469,256,1764871384.263617,10.763
1764871384.277716,3470,256,1764871384.266977,10.739
1764871384.281170,3471,256,1764871384.270336,10.834
1764871384.284333,3472,256,1764871384.273605,10.729
1764871384.287697,3473,256,1764871384.277006,10.691
1764871384.290907,3474,256,1764871384.280187,10.720
1764871384.294348,3475,256,1764871384.283640,10.708
1764871384.297676,3476,256,1764871384.286942,10.734
1764871384.301127,3477,256,1764871384.290221,10.907
1764871384.304353,3478,256,1764871384.293526,10.827
1764871384.307719,3479,256,1764871384.296868,10.852
1764871384.311136,3480,256,1764871384.300264,10.872
1764871384.314399,3481,256,1764871384.303692,10.707
1764871384.317884,3482,256,1764871384.307019,10.864
1764871384.321266,3483,256,1764871384.310359,10.908
1764871384.324540,3484,256,1764871384.313665,10.875
1764871384.327942,3485,256,1764871384.317043,10.898
1764871384.331299,3486,256,1764871384.320383,10.916
1764871384.334378,3487,256,1764871384.323548,10.830
1764871384.337968,3488,256,1764871384.327049,10.919
1764871384.341271,3489,256,1764871384.330381,10.890
1764871384.344572,3490,256,1764871384.333748,10.824
1764871384.347962,3491,256,1764871384.337082,10.880
1764871384.351310,3492,256,1764871384.340376,10.934
1764871384.354413,3493,256,1764871384.343595,10.818
1764871384.357806,3494,256,1764871384.347073,10.732
1764871384.361144,3495,256,1764871384.350405,10.739
1764871384.364355,3496,256,1764871384.353529,10.826
1764871384.367751,3497,256,1764871384.356997,10.754
1764871384.371062,3498,256,1764871384.360171,10.891
1764871384.374532,3499,256,1764871384.363604,10.928
1764871384.378011,3500,256,1764871384.367093,10.917
1764871384.381194,3501,256,1764871384.370255,10.939
1764871384.384580,3502,256,1764871384.373707,10.873
1764871384.387925,3503,256,1764871384.377008,10.917
1764871384.391025,3504,256,1764871384.380191,10.834
1764871384.394396,3505,256,1764871384.383534,10.862
1764871384.397848,3506,256,1764871384.386969,10.879
1764871384.401026,3507,256,1764871384.390172,10.854
1764871384.404401,3508,256,1764871384.393531,10.870
1764871384.407854,3509,256,1764871384.396996,10.857
1764871384.411190,3510,256,1764871384.400326,10.864
1764871384.414426,3511,256,1764871384.403535,10.891
1764871384.417857,3512,256,1764871384.406989,10.868
1764871384.421051,3513,256,1764871384.410183,10.868
1764871384.424348,3514,256,1764871384.413536,10.812
1764871384.427850,3515,256,1764871384.417007,10.843
1764871384.431011,3516,256,1764871384.420183,10.828
1764871384.434317,3517,256,1764871384.423521,10.796
1764871384.437765,3518,256,1764871384.426924,10.841
1764871384.441062,3519,256,1764871384.430188,10.875
1764871384.444437,3520,256,1764871384.433537,10.900
1764871384.447783,3521,256,1764871384.437047,10.736
1764871384.450840,3522,256,1764871384.440188,10.652
1764871384.454163,3523,256,1764871384.443538,10.625
1764871384.457688,3524,256,1764871384.446847,10.841
1764871384.460960,3525,256,1764871384.450159,10.801
1764871384.464421,3526,256,1764871384.453598,10.823
1764871384.467860,3527,256,1764871384.456978,10.882
1764871384.471198,3528,256,1764871384.460305,10.893
1764871384.474477,3529,256,1764871384.463611,10.866
1764871384.477943,3530,256,1764871384.467052,10.891
1764871384.481158,3531,256,1764871384.470281,10.878
1764871384.484454,3532,256,1764871384.473636,10.818
1764871384.487868,3533,256,1764871384.476986,10.882
1764871384.491202,3534,256,1764871384.480315,10.887
1764871384.494599,3535,256,1764871384.483709,10.890
1764871384.497965,3536,256,1764871384.487016,10.949
1764871384.501274,3537,256,1764871384.490341,10.933
1764871384.504522,3538,256,1764871384.493656,10.866
1764871384.507964,3539,256,1764871384.497024,10.941
1764871384.511218,3540,256,1764871384.500357,10.861
1764871384.514516,3541,256,1764871384.503681,10.835
1764871384.517966,3542,256,1764871384.507029,10.937
1764871384.521173,3543,256,1764871384.510235,10.938
1764871384.524648,3544,256,1764871384.513667,10.982
1764871384.527961,3545,256,1764871384.517010,10.952
1764871384.531192,3546,256,1764871384.520318,10.874
1764871384.534570,3547,256,1764871384.523710,10.861
1764871384.537900,3548,256,1764871384.527033,10.867
1764871384.541204,3549,256,1764871384.530377,10.827
1764871384.544346,3550,256,1764871384.533565,10.781
1764871384.547764,3551,256,1764871384.536988,10.776
1764871384.551288,3552,256,1764871384.540569,10.719
1764871384.554504,3553,256,1764871384.543532,10.972
1764871384.557810,3554,256,1764871384.546886,10.924
1764871384.561052,3555,256,1764871384.550189,10.863
1764871384.564302,3556,256,1764871384.553521,10.781
1764871384.567637,3557,256,1764871384.556880,10.757
1764871384.571135,3558,256,1764871384.560257,10.878
1764871384.574489,3559,256,1764871384.563647,10.842
1764871384.577854,3560,256,1764871384.567040,10.813
1764871384.581132,3561,256,1764871384.570305,10.827
1764871384.584672,3562,256,1764871384.573764,10.908
1764871384.587808,3563,256,1764871384.576953,10.855
1764871384.590891,3564,256,1764871384.580192,10.699
1764871384.594346,3565,256,1764871384.583530,10.816
1764871384.597915,3566,256,1764871384.587091,10.824
1764871384.601004,3567,256,1764871384.590183,10.822
1764871384.604444,3568,256,1764871384.593644,10.800
1764871384.607802,3569,256,1764871384.596999,10.803
1764871384.611128,3570,256,1764871384.600277,10.851
1764871384.614447,3571,256,1764871384.603642,10.806
1764871384.617793,3572,256,1764871384.606991,10.802
1764871384.621132,3573,256,1764871384.610322,10.810
1764871384.624418,3574,256,1764871384.613611,10.807
1764871384.627851,3575,256,1764871384.617059,10.792
1764871384.631158,3576,256,1764871384.620313,10.845
1764871384.634454,3577,256,1764871384.623657,10.798
1764871384.637860,3578,256,1764871384.627042,10.818
1764871384.641016,3579,256,1764871384.630183,10.833
1764871384.644346,3580,256,1764871384.633530,10.816
1764871384.647709,3581,256,1764871384.636982,10.727
1764871384.651021,3582,256,1764871384.640376,10.645
1764871384.654372,3583,256,1764871384.643609,10.763
1764871384.657598,3584,256,1764871384.646875,10.724
1764871384.661013,3585,256,1764871384.650187,10.826
1764871384.664359,3586,256,1764871384.653532,10.827
1764871384.667854,3587,256,1764871384.656959,10.896
1764871384.671086,3588,256,1764871384.660185,10.901
1764871384.674423,3589,256,1764871384.663528,10.895
1764871384.677812,3590,256,1764871384.666991,10.821
1764871384.681224,3591,256,1764871384.670345,10.879
1764871384.684522,3592,256,1764871384.673735,10.787
1764871384.687841,3593,256,1764871384.677061,10.781
1764871384.690866,3594,256,1764871384.680185,10.681
1764871384.694278,3595,256,1764871384.683536,10.742
1764871384.697681,3596,256,1764871384.686924,10.757
1764871384.701073,3597,256,1764871384.690273,10.800
1764871384.704428,3598,256,1764871384.693603,10.825
1764871384.707649,3599,256,1764871384.696844,10.805
1764871384.710987,3600,256,1764871384.700286,10.701
1764871384.714370,3601,256,1764871384.703642,10.728
1764871384.717664,3602,256,1764871384.706947,10.716
1764871384.720992,3603,256,1764871384.710190,10.802
1764871384.724372,3604,256,1764871384.713535,10.837
1764871384.727738,3605,256,1764871384.716995,10.743
1764871384.731048,3606,256,1764871384.720314,10.734
1764871384.734397,3607,256,1764871384.723650,10.747
1764871384.737741,3608,256,1764871384.727012,10.730
1764871384.741030,3609,256,1764871384.730187,10.843
1764871384.744483,3610,256,1764871384.733651,10.831
1764871384.747843,3611,256,1764871384.736987,10.856
1764871384.751078,3612,256,1764871384.740326,10.752
1764871384.754596,3613,256,1764871384.743675,10.921
1764871384.757920,3614,256,1764871384.747023,10.898
1764871384.761062,3615,256,1764871384.750199,10.864
1764871384.764358,3616,256,1764871384.753530,10.828
1764871384.767877,3617,256,1764871384.757072,10.805
1764871384.770849,3618,256,1764871384.760196,10.653
1764871384.774219,3619,256,1764871384.763544,10.675
1764871384.777539,3620,256,1764871384.766845,10.694
1764871384.780993,3621,256,1764871384.770172,10.820
1764871384.784320,3622,256,1764871384.773637,10.683
1764871384.787752,3623,256,1764871384.777001,10.751
1764871384.790938,3624,256,1764871384.780212,10.726
1764871384.794347,3625,256,1764871384.783645,10.702
1764871384.797572,3626,256,1764871384.786868,10.704
1764871384.801208,3627,256,1764871384.790297,10.911
1764871384.804435,3628,256,1764871384.793521,10.914
1764871384.807704,3629,256,1764871384.796860,10.844
1764871384.811007,3630,256,1764871384.800169,10.839
1764871384.814605,3631,256,1764871384.803696,10.909
1764871384.817888,3632,256,1764871384.806993,10.895
1764871384.821173,3633,256,1764871384.810319,10.854
1764871384.824431,3634,256,1764871384.813608,10.823
1764871384.827773,3635,256,1764871384.816983,10.790
1764871384.831176,3636,256,1764871384.820324,10.851
1764871384.834461,3637,256,1764871384.823645,10.817
1764871384.837785,3638,256,1764871384.826985,10.800
1764871384.841144,3639,256,1764871384.830310,10.834
1764871384.844409,3640,256,1764871384.833606,10.804
1764871384.847796,3641,256,1764871384.836995,10.802
1764871384.851145,3642,256,1764871384.840313,10.831
1764871384.854512,3643,256,1764871384.843657,10.855
1764871384.857803,3644,256,1764871384.847017,10.786
1764871384.861154,3645,256,1764871384.850337,10.817
1764871384.864410,3646,256,1764871384.853622,10.787
1764871384.867760,3647,256,1764871384.856981,10.778
1764871384.871135,3648,256,1764871384.860284,10.851
1764871384.874408,3649,256,1764871384.863602,10.806
1764871384.877753,3650,256,1764871384.866974,10.779
1764871384.881227,3651,256,1764871384.870347,10.881
1764871384.884455,3652,256,1764871384.873656,10.799
1764871384.887702,3653,256,1764871384.876944,10.759
1764871384.891115,3654,256,1764871384.880265,10.850
1764871384.894433,3655,256,1764871384.883635,10.798
1764871384.897752,3656,256,1764871384.886963,10.789
1764871384.901101,3657,256,1764871384.890319,10.782
1764871384.904561,3658,256,1764871384.893685,10.876
1764871384.907888,3659,256,1764871384.897066,10.822
1764871384.911126,3660,256,1764871384.900218,10.908
1764871384.914456,3661,256,1764871384.903650,10.806
1764871384.917787,3662,256,1764871384.906984,10.803
1764871384.921240,3663,256,1764871384.910336,10.904
1764871384.924452,3664,256,1764871384.913613,10.840
1764871384.927779,3665,256,1764871384.916981,10.798
1764871384.931051,3666,256,1764871384.920200,10.852
1764871384.934487,3667,256,1764871384.923639,10.848
1764871384.937853,3668,256,1764871384.926983,10.869
1764871384.941167,3669,256,1764871384.930312,10.855
1764871384.944458,3670,256,1764871384.933641,10.817
1764871384.947957,3671,256,1764871384.937019,10.938
1764871384.951180,3672,256,1764871384.940283,10.897
1764871384.954518,3673,256,1764871384.943660,10.858
1764871384.957931,3674,256,1764871384.947016,10.915
1764871384.961262,3675,256,1764871384.950363,10.899
1764871384.964553,3676,256,1764871384.953685,10.868
1764871384.967880,3677,256,1764871384.957018,10.862
1764871384.971152,3678,256,1764871384.960325,10.827
1764871384.974462,3679,256,1764871384.963651,10.811
1764871384.977876,3680,256,1764871384.967046,10.829
1764871384.981181,3681,256,1764871384.970386,10.795
1764871384.984422,3682,256,1764871384.973606,10.816
1764871384.987628,3683,256,1764871384.976843,10.786
1764871384.991107,3684,256,1764871384.980263,10.844
1764871384.994467,3685,256,1764871384.983603,10.863
1764871384.997780,3686,256,1764871384.986971,10.809
1764871385.001156,3687,256,1764871384.990309,10.847
1764871385.004421,3688,256,1764871384.993606,10.816
1764871385.007895,3689,256,1764871384.997078,10.816
1764871385.011143,3690,256,1764871385.000327,10.816
1764871385.014401,3691,256,1764871385.003632,10.770
1764871385.017842,3692,256,1764871385.007010,10.833
1764871385.021136,3693,256,1764871385.010326,10.811
1764871385.024504,3694,256,1764871385.013654,10.850
1764871385.027856,3695,256,1764871385.017042,10.814
1764871385.031139,3696,256,1764871385.020322,10.817
1764871385.034426,3697,256,1764871385.023632,10.795
1764871385.037658,3698,256,1764871385.026929,10.729
1764871385.041641,3699,256,1764871385.030272,11.369
1764871385.044350,3700,256,1764871385.033643,10.706
1764871385.047700,3701,256,1764871385.036981,10.719
1764871385.051398,3702,256,1764871385.040627,10.770
1764871385.054272,3703,256,1764871385.043561,10.711
1764871385.057807,3704,256,1764871385.046894,10.913
1764871385.061075,3705,256,1764871385.050211,10.864
1764871385.064313,3706,256,1764871385.053535,10.778
1764871385.067660,3707,256,1764871385.056902,10.757
1764871385.071037,3708,256,1764871385.060204,10.833
1764871385.074369,3709,256,1764871385.063557,10.813
1764871385.077879,3710,256,1764871385.067048,10.832
1764871385.081026,3711,256,1764871385.070206,10.820
1764871385.084367,3712,256,1764871385.073556,10.811
1764871385.087996,3713,256,1764871385.077115,10.880
1764871385.091214,3714,256,1764871385.080313,10.901
1764871385.094292,3715,256,1764871385.083539,10.752
1764871385.097799,3716,256,1764871385.086994,10.805
1764871385.100999,3717,256,1764871385.090183,10.815
1764871385.104324,3718,256,1764871385.093532,10.792
1764871385.107870,3719,256,1764871385.097039,10.831
1764871385.111126,3720,256,1764871385.100316,10.811
1764871385.114524,3721,256,1764871385.103647,10.877
1764871385.117901,3722,256,1764871385.106994,10.907
1764871385.121200,3723,256,1764871385.110318,10.882
1764871385.124409,3724,256,1764871385.113537,10.872
1764871385.127881,3725,256,1764871385.117004,10.877
1764871385.131194,3726,256,1764871385.120327,10.867
1764871385.134507,3727,256,1764871385.123675,10.832
1764871385.137846,3728,256,1764871385.126984,10.862
1764871385.141194,3729,256,1764871385.130324,10.870
1764871385.144334,3730,256,1764871385.133510,10.824
1764871385.147725,3731,256,1764871385.136985,10.740
1764871385.151244,3732,256,1764871385.140356,10.888
1764871385.154541,3733,256,1764871385.143681,10.860
1764871385.157741,3734,256,1764871385.146941,10.801
1764871385.161177,3735,256,1764871385.150298,10.880
1764871385.164465,3736,256,1764871385.153629,10.836
1764871385.167918,3737,256,1764871385.157010,10.908
1764871385.171402,3738,256,1764871385.160377,11.025
1764871385.174476,3739,256,1764871385.163543,10.932
1764871385.177846,3740,256,1764871385.167016,10.830
1764871385.180946,3741,256,1764871385.170176,10.770
1764871385.184257,3742,256,1764871385.173543,10.713
1764871385.187762,3743,256,1764871385.176997,10.765
1764871385.190977,3744,256,1764871385.180165,10.812
1764871385.194303,3745,256,1764871385.183523,10.780
1764871385.197959,3746,256,1764871385.187072,10.887
1764871385.201140,3747,256,1764871385.190285,10.856
1764871385.204386,3748,256,1764871385.193534,10.852
1764871385.207700,3749,256,1764871385.196866,10.834
1764871385.211165,3750,256,1764871385.200309,10.856
1764871385.214359,3751,256,1764871385.203538,10.821
1764871385.217797,3752,256,1764871385.206972,10.825
1764871385.221217,3753,256,1764871385.210317,10.900
1764871385.224390,3754,256,1764871385.213538,10.851
1764871385.227815,3755,256,1764871385.216993,10.822
1764871385.231030,3756,256,1764871385.220182,10.848
1764871385.234383,3757,256,1764871385.223572,10.811
1764871385.237839,3758,256,1764871385.226995,10.845
1764871385.241074,3759,256,1764871385.230192,10.881
1764871385.244435,3760,256,1764871385.233645,10.790
1764871385.247796,3761,256,1764871385.236963,10.833
1764871385.251006,3762,256,1764871385.240175,10.832
1764871385.254474,3763,256,1764871385.243626,10.847
1764871385.257778,3764,256,1764871385.247009,10.769
1764871385.261142,3765,256,1764871385.250289,10.853
1764871385.264518,3766,256,1764871385.253708,10.810
1764871385.267755,3767,256,1764871385.256937,10.818
1764871385.271117,3768,256,1764871385.260313,10.805
1764871385.274339,3769,256,1764871385.263623,10.716
1764871385.277565,3770,256,1764871385.266943,10.622
1764871385.281059,3771,256,1764871385.270383,10.675
1764871385.284172,3772,256,1764871385.273524,10.648
1764871385.287641,3773,256,1764871385.276944,10.697
1764871385.290874,3774,256,1764871385.280164,10.710
1764871385.294212,3775,256,1764871385.283519,10.693
1764871385.297576,3776,256,1764871385.286847,10.729
1764871385.301003,3777,256,1764871385.290218,10.784
1764871385.304258,3778,256,1764871385.293532,10.726
1764871385.307649,3779,256,1764871385.296943,10.706
1764871385.310851,3780,256,1764871385.300189,10.661
1764871385.314157,3781,256,1764871385.303520,10.637
1764871385.317626,3782,256,1764871385.306992,10.633
1764871385.321076,3783,256,1764871385.310172,10.904
1764871385.324284,3784,256,1764871385.313518,10.766
1764871385.327623,3785,256,1764871385.316911,10.712
1764871385.330959,3786,256,1764871385.320299,10.659
1764871385.334244,3787,256,1764871385.323610,10.634
1764871385.337752,3788,256,1764871385.326934,10.818
1764871385.341085,3789,256,1764871385.330271,10.814
1764871385.344340,3790,256,1764871385.333586,10.753
1764871385.347646,3791,256,1764871385.336951,10.695
1764871385.351015,3792,256,1764871385.340309,10.706
1764871385.354329,3793,256,1764871385.343538,10.792
1764871385.357660,3794,256,1764871385.346845,10.815
1764871385.360860,3795,256,1764871385.350156,10.704
1764871385.364264,3796,256,1764871385.353600,10.664
1764871385.367597,3797,256,1764871385.356946,10.650
1764871385.371005,3798,256,1764871385.360263,10.742
1764871385.374232,3799,256,1764871385.363520,10.713
1764871385.377683,3800,256,1764871385.366936,10.748
1764871385.380915,3801,256,1764871385.370191,10.724
1764871385.384208,3802,256,1764871385.373520,10.688
1764871385.387587,3803,256,1764871385.376949,10.638
1764871385.390967,3804,256,1764871385.380172,10.795
1764871385.394300,3805,256,1764871385.383499,10.801
1764871385.397612,3806,256,1764871385.386849,10.764
1764871385.401003,3807,256,1764871385.390165,10.838
1764871385.404265,3808,256,1764871385.393532,10.734
1764871385.407611,3809,256,1764871385.396847,10.764
1764871385.411007,3810,256,1764871385.400243,10.764
1764871385.414292,3811,256,1764871385.403597,10.694
1764871385.417707,3812,256,1764871385.406868,10.839
1764871385.421067,3813,256,1764871385.410243,10.824
1764871385.424331,3814,256,1764871385.413506,10.824
1764871385.427703,3815,256,1764871385.416944,10.759
1764871385.431060,3816,256,1764871385.420246,10.813
1764871385.434362,3817,256,1764871385.423630,10.732
1764871385.437525,3818,256,1764871385.426857,10.668
1764871385.441029,3819,256,1764871385.430168,10.861
1764871385.444244,3820,256,1764871385.433539,10.705
1764871385.447427,3821,256,1764871385.436848,10.579
1764871385.450885,3822,256,1764871385.440266,10.619
1764871385.454276,3823,256,1764871385.443610,10.665
1764871385.457554,3824,256,1764871385.446845,10.709
1764871385.460910,3825,256,1764871385.450186,10.724
1764871385.464157,3826,256,1764871385.453509,10.648
1764871385.467710,3827,256,1764871385.456986,10.724
1764871385.471095,3828,256,1764871385.460259,10.836
1764871385.474239,3829,256,1764871385.463598,10.641
1764871385.477570,3830,256,1764871385.466949,10.621
1764871385.481140,3831,256,1764871385.470272,10.868
1764871385.484353,3832,256,1764871385.473611,10.742
1764871385.487699,3833,256,1764871385.476946,10.753
1764871385.491002,3834,256,1764871385.480176,10.826
1764871385.494317,3835,256,1764871385.483605,10.712
1764871385.497677,3836,256,1764871385.487018,10.660
1764871385.501093,3837,256,1764871385.490269,10.823
1764871385.504355,3838,256,1764871385.493530,10.825
1764871385.507792,3839,256,1764871385.496966,10.825
1764871385.511081,3840,256,1764871385.500247,10.835
1764871385.514525,3841,256,1764871385.503697,10.828
1764871385.517634,3842,256,1764871385.506982,10.653
1764871385.521055,3843,256,1764871385.510244,10.810
1764871385.524453,3844,256,1764871385.513611,10.842
1764871385.527766,3845,256,1764871385.516953,10.814
1764871385.531169,3846,256,1764871385.520308,10.860
1764871385.534386,3847,256,1764871385.523646,10.740
1764871385.537743,3848,256,1764871385.526940,10.803
1764871385.541084,3849,256,1764871385.530382,10.702
1764871385.544285,3850,256,1764871385.533637,10.648
1764871385.547610,3851,256,1764871385.536973,10.637
1764871385.550932,3852,256,1764871385.540188,10.745
1764871385.554380,3853,256,1764871385.543561,10.819
1764871385.557679,3854,256,1764871385.546852,10.827
1764871385.560934,3855,256,1764871385.550170,10.763
1764871385.564373,3856,256,1764871385.553535,10.838
1764871385.567810,3857,256,1764871385.556995,10.814
1764871385.571020,3858,256,1764871385.560211,10.809
1764871385.574436,3859,256,1764871385.563611,10.826
1764871385.577763,3860,256,1764871385.566944,10.819
1764871385.581008,3861,256,1764871385.570303,10.705
1764871385.584374,3862,256,1764871385.573704,10.670
1764871385.587744,3863,256,1764871385.576988,10.756
1764871385.590991,3864,256,1764871385.580245,10.746
1764871385.594332,3865,256,1764871385.583632,10.699
1764871385.597685,3866,256,1764871385.586979,10.706
1764871385.601020,3867,256,1764871385.590185,10.835
1764871385.604251,3868,256,1764871385.593527,10.723
1764871385.607675,3869,256,1764871385.596931,10.745
1764871385.611044,3870,256,1764871385.600282,10.762
1764871385.614409,3871,256,1764871385.603633,10.776
1764871385.617775,3872,256,1764871385.607024,10.752
1764871385.621034,3873,256,1764871385.610281,10.753
1764871385.624344,3874,256,1764871385.613606,10.737
1764871385.627732,3875,256,1764871385.616962,10.770
1764871385.631030,3876,256,1764871385.620285,10.746
1764871385.634290,3877,256,1764871385.623622,10.669
1764871385.637740,3878,256,1764871385.626935,10.806
1764871385.641009,3879,256,1764871385.630271,10.737
1764871385.644339,3880,256,1764871385.633628,10.711
1764871385.647667,3881,256,1764871385.636970,10.697
1764871385.650903,3882,256,1764871385.640177,10.727
1764871385.654363,3883,256,1764871385.643646,10.717
1764871385.657666,3884,256,1764871385.646941,10.725
1764871385.661067,3885,256,1764871385.650274,10.793
1764871385.664383,3886,256,1764871385.653614,10.770
1764871385.667634,3887,256,1764871385.656953,10.680
1764871385.671173,3888,256,1764871385.660284,10.889
1764871385.674359,3889,256,1764871385.663602,10.758
1764871385.677629,3890,256,1764871385.666939,10.690
1764871385.681001,3891,256,1764871385.670324,10.678
1764871385.684295,3892,256,1764871385.673608,10.687
1764871385.687576,3893,256,1764871385.676875,10.700
1764871385.690906,3894,256,1764871385.680164,10.742
1764871385.694343,3895,256,1764871385.683595,10.748
1764871385.697689,3896,256,1764871385.687000,10.689
1764871385.700882,3897,256,1764871385.690183,10.699
1764871385.704228,3898,256,1764871385.693628,10.601
1764871385.707603,3899,256,1764871385.696848,10.755
1764871385.710932,3900,256,1764871385.700221,10.711
1764871385.714322,3901,256,1764871385.703619,10.703
1764871385.717689,3902,256,1764871385.706976,10.713
1764871385.720994,3903,256,1764871385.710250,10.744
1764871385.724370,3904,256,1764871385.713611,10.759
1764871385.727649,3905,256,1764871385.716949,10.700
1764871385.730920,3906,256,1764871385.720246,10.674
1764871385.734465,3907,256,1764871385.723652,10.813
1764871385.737762,3908,256,1764871385.726965,10.797
1764871385.740931,3909,256,1764871385.730167,10.764
1764871385.744312,3910,256,1764871385.733602,10.710
1764871385.747776,3911,256,1764871385.737052,10.724
1764871385.750988,3912,256,1764871385.740243,10.745
1764871385.754307,3913,256,1764871385.743597,10.710
1764871385.757656,3914,256,1764871385.746944,10.711
1764871385.760973,3915,256,1764871385.750254,10.720
1764871385.764289,3916,256,1764871385.753607,10.682
1764871385.767650,3917,256,1764871385.756996,10.654
1764871385.770962,3918,256,1764871385.760184,10.778
1764871385.774359,3919,256,1764871385.763614,10.744
1764871385.777654,3920,256,1764871385.766966,10.688
1764871385.780990,3921,256,1764871385.770280,10.710
1764871385.784274,3922,256,1764871385.773605,10.669
1764871385.787744,3923,256,1764871385.776968,10.776
1764871385.790961,3924,256,1764871385.780176,10.785
1764871385.794465,3925,256,1764871385.783604,10.860
1764871385.797692,3926,256,1764871385.787000,10.692
1764871385.801023,3927,256,1764871385.790298,10.725
1764871385.804310,3928,256,1764871385.793582,10.728
1764871385.807734,3929,256,1764871385.796910,10.824
1764871385.811069,3930,256,1764871385.800229,10.840
1764871385.814235,3931,256,1764871385.803531,10.704
1764871385.817723,3932,256,1764871385.807008,10.715
1764871385.821166,3933,256,1764871385.810323,10.844
1764871385.824327,3934,256,1764871385.813519,10.808
1764871385.827563,3935,256,1764871385.816894,10.669
1764871385.830837,3936,256,1764871385.820184,10.652
1764871385.834210,3937,256,1764871385.823539,10.672
1764871385.837694,3938,256,1764871385.826935,10.759
1764871385.840871,3939,256,1764871385.830166,10.705
1764871385.844172,3940,256,1764871385.833531,10.641
1764871385.847691,3941,256,1764871385.837009,10.682
1764871385.850843,3942,256,1764871385.840182,10.661
1764871385.854197,3943,256,1764871385.843513,10.684
1764871385.857537,3944,256,1764871385.846855,10.682
1764871385.860852,3945,256,1764871385.850172,10.680
1764871385.864353,3946,256,1764871385.853657,10.696
1764871385.867719,3947,256,1764871385.857010,10.709
1764871385.871046,3948,256,1764871385.860322,10.724
1764871385.874190,3949,256,1764871385.863540,10.650
1764871385.877689,3950,256,1764871385.866998,10.691
1764871385.881003,3951,256,1764871385.870340,10.664
1764871385.884288,3952,256,1764871385.873611,10.677
1764871385.887606,3953,256,1764871385.876932,10.674
1764871385.890835,3954,256,1764871385.880170,10.665
1764871385.894343,3955,256,1764871385.883603,10.741
1764871385.897577,3956,256,1764871385.886928,10.649
1764871385.900939,3957,256,1764871385.890315,10.624
1764871385.904425,3958,256,1764871385.893689,10.736
1764871385.907519,3959,256,1764871385.896858,10.661
1764871385.910926,3960,256,1764871385.900184,10.742
1764871385.914306,3961,256,1764871385.903644,10.662
1764871385.917741,3962,256,1764871385.907087,10.654
1764871385.921040,3963,256,1764871385.910254,10.786
1764871385.924167,3964,256,1764871385.913520,10.648
1764871385.927579,3965,256,1764871385.916908,10.671
1764871385.930990,3966,256,1764871385.920204,10.786
1764871385.934228,3967,256,1764871385.923491,10.737
1764871385.937756,3968,256,1764871385.926906,10.850
1764871385.941173,3969,256,1764871385.930171,11.002
1764871385.944426,3970,256,1764871385.933660,10.766
1764871385.947920,3971,256,1764871385.937014,10.906
1764871385.951005,3972,256,1764871385.940188,10.817
1764871385.954478,3973,256,1764871385.943573,10.904
1764871385.957911,3974,256,1764871385.947033,10.878
1764871385.960915,3975,256,1764871385.950175,10.740
1764871385.964432,3976,256,1764871385.953651,10.782
1764871385.967655,3977,256,1764871385.956976,10.679
1764871385.970980,3978,256,1764871385.960182,10.798
1764871385.974403,3979,256,1764871385.963608,10.795
1764871385.977734,3980,256,1764871385.967000,10.734
1764871385.980987,3981,256,1764871385.970181,10.807
1764871385.984428,3982,256,1764871385.973634,10.794
1764871385.987696,3983,256,1764871385.976957,10.739
1764871385.991158,3984,256,1764871385.980319,10.838
1764871385.994468,3985,256,1764871385.983636,10.832
1764871385.997692,3986,256,1764871385.986940,10.752
1764871386.001155,3987,256,1764871385.990340,10.815
1764871386.012266,3988,256,1764871385.993645,18.621
1764871386.012339,3989,256,1764871385.997026,15.313
1764871386.012362,3990,256,1764871386.000386,11.976
1764871386.014573,3991,256,1764871386.003619,10.953
1764871386.023231,3992,256,1764871386.012257,10.974
1764871386.023374,3993,256,1764871386.012399,10.974
1764871386.024299,3994,256,1764871386.013508,10.791
1764871386.027689,3995,256,1764871386.016847,10.841
1764871386.031068,3996,256,1764871386.020239,10.829
1764871386.034363,3997,256,1764871386.023576,10.787
1764871386.037937,3998,256,1764871386.027041,10.895
1764871386.041012,3999,256,1764871386.030171,10.840
1764871386.044609,4000,256,1764871386.033647,10.962
1764871386.048047,4001,256,1764871386.036934,11.113
1764871386.050901,4002,256,1764871386.040204,10.697
1764871386.054487,4003,256,1764871386.043573,10.914
1764871386.058142,4004,256,1764871386.047277,10.865
1764871386.060997,4005,256,1764871386.050205,10.793
1764871386.064240,4006,256,1764871386.053525,10.714
1764871386.067859,4007,256,1764871386.057101,10.759
1764871386.070943,4008,256,1764871386.060248,10.695
1764871386.074381,4009,256,1764871386.063641,10.739
1764871386.077745,4010,256,1764871386.066984,10.761
1764871386.081016,4011,256,1764871386.070300,10.716
1764871386.084452,4012,256,1764871386.073677,10.776
1764871386.087804,4013,256,1764871386.077020,10.784
1764871386.091207,4014,256,1764871386.080368,10.839
1764871386.094567,4015,256,1764871386.083758,10.808
1764871386.097878,4016,256,1764871386.087097,10.781
1764871386.101112,4017,256,1764871386.090337,10.776
1764871386.104466,4018,256,1764871386.093676,10.790
1764871386.107879,4019,256,1764871386.097086,10.793
1764871386.111177,4020,256,1764871386.100392,10.785
1764871386.114475,4021,256,1764871386.103665,10.809
1764871386.117803,4022,256,1764871386.107028,10.775
1764871386.121156,4023,256,1764871386.110367,10.789
1764871386.124466,4024,256,1764871386.113678,10.787
1764871386.127850,4025,256,1764871386.117043,10.807
1764871386.131169,4026,256,1764871386.120366,10.803
1764871386.134521,4027,256,1764871386.123699,10.822
1764871386.137747,4028,256,1764871386.127041,10.706
1764871386.141152,4029,256,1764871386.130368,10.784
1764871386.144520,4030,256,1764871386.133704,10.816
1764871386.147861,4031,256,1764871386.137110,10.751
1764871386.151181,4032,256,1764871386.140370,10.812
1764871386.154548,4033,256,1764871386.143706,10.842
1764871386.157867,4034,256,1764871386.147042,10.826
1764871386.160950,4035,256,1764871386.150202,10.748
1764871386.164369,4036,256,1764871386.153546,10.824
1764871386.167860,4037,256,1764871386.157012,10.849
1764871386.171241,4038,256,1764871386.160404,10.837
1764871386.174510,4039,256,1764871386.163685,10.826
1764871386.177865,4040,256,1764871386.167025,10.839
1764871386.181039,4041,256,1764871386.170210,10.829
1764871386.184381,4042,256,1764871386.173555,10.826
1764871386.187877,4043,256,1764871386.177043,10.834
1764871386.191129,4044,256,1764871386.180295,10.834
1764871386.194478,4045,256,1764871386.183664,10.814
1764871386.197907,4046,256,1764871386.187098,10.809
1764871386.201143,4047,256,1764871386.190358,10.785
1764871386.204438,4048,256,1764871386.193696,10.741
1764871386.207837,4049,256,1764871386.197030,10.808
1764871386.211276,4050,256,1764871386.200333,10.943
1764871386.214334,4051,256,1764871386.203573,10.761
1764871386.217599,4052,256,1764871386.206894,10.705
1764871386.220998,4053,256,1764871386.210188,10.810
1764871386.224188,4054,256,1764871386.213562,10.626
1764871386.227674,4055,256,1764871386.216964,10.710
1764871386.231091,4056,256,1764871386.220218,10.873
1764871386.234267,4057,256,1764871386.223541,10.726
1764871386.237740,4058,256,1764871386.227019,10.721
1764871386.241108,4059,256,1764871386.230320,10.787
1764871386.244607,4060,256,1764871386.233741,10.866
1764871386.247915,4061,256,1764871386.236990,10.925
1764871386.251221,4062,256,1764871386.240365,10.857
1764871386.254398,4063,256,1764871386.243510,10.887
1764871386.257653,4064,256,1764871386.246865,10.789
1764871386.261043,4065,256,1764871386.250196,10.847
1764871386.264434,4066,256,1764871386.253685,10.749
1764871386.267738,4067,256,1764871386.256994,10.744
1764871386.270945,4068,256,1764871386.260182,10.763
1764871386.274341,4069,256,1764871386.263531,10.810
1764871386.277482,4070,256,1764871386.266856,10.626
1764871386.280958,4071,256,1764871386.270205,10.753
1764871386.284499,4072,256,1764871386.273691,10.808
1764871386.287710,4073,256,1764871386.276967,10.743
1764871386.291052,4074,256,1764871386.280343,10.710
1764871386.294313,4075,256,1764871386.283586,10.727
1764871386.297661,4076,256,1764871386.286987,10.674
1764871386.300855,4077,256,1764871386.290190,10.665
1764871386.304173,4078,256,1764871386.293522,10.651
1764871386.307815,4079,256,1764871386.296983,10.833
1764871386.310942,4080,256,1764871386.300173,10.769
1764871386.314276,4081,256,1764871386.303529,10.748
1764871386.317899,4082,256,1764871386.307003,10.896
1764871386.321173,4083,256,1764871386.310342,10.832
1764871386.324375,4084,256,1764871386.313604,10.771
1764871386.327587,4085,256,1764871386.316886,10.701
1764871386.330934,4086,256,1764871386.320271,10.663
1764871386.334188,4087,256,1764871386.323504,10.684
1764871386.337467,4088,256,1764871386.326836,10.631
1764871386.340853,4089,256,1764871386.330166,10.687
1764871386.344251,4090,256,1764871386.333554,10.696
1764871386.347515,4091,256,1764871386.336849,10.665
1764871386.350902,4092,256,1764871386.340179,10.723
1764871386.354188,4093,256,1764871386.343525,10.663
1764871386.357613,4094,256,1764871386.346885,10.727
1764871386.361031,4095,256,1764871386.350174,10.857
1764871386.364220,4096,256,1764871386.353523,10.696
1764871386.367748,4097,256,1764871386.357001,10.746
1764871386.370988,4098,256,1764871386.360203,10.785
1764871386.374198,4099,256,1764871386.363512,10.686
1764871386.377632,4100,256,1764871386.366858,10.774
1764871386.380943,4101,256,1764871386.370236,10.706
1764871386.384276,4102,256,1764871386.373531,10.745
1764871386.387635,4103,256,1764871386.376895,10.741
1764871386.390941,4104,256,1764871386.380183,10.758
1764871386.394233,4105,256,1764871386.383525,10.708
1764871386.397619,4106,256,1764871386.386879,10.740
1764871386.400890,4107,256,1764871386.390181,10.709
1764871386.404263,4108,256,1764871386.393538,10.725
1764871386.407619,4109,256,1764871386.396957,10.661
1764871386.410812,4110,256,1764871386.400175,10.637
1764871386.414238,4111,256,1764871386.403535,10.703
1764871386.417811,4112,256,1764871386.406954,10.858
1764871386.420899,4113,256,1764871386.410178,10.720
1764871386.424202,4114,256,1764871386.413529,10.673
1764871386.427710,4115,256,1764871386.417009,10.700
1764871386.430857,4116,256,1764871386.420184,10.672
1764871386.434187,4117,256,1764871386.423527,10.660
1764871386.437672,4118,256,1764871386.426870,10.802
1764871386.440870,4119,256,1764871386.430181,10.689
1764871386.444204,4120,256,1764871386.433531,10.674
1764871386.447521,4121,256,1764871386.436879,10.642
1764871386.450916,4122,256,1764871386.440178,10.737
1764871386.454580,4123,256,1764871386.443846,10.734
1764871386.457577,4124,256,1764871386.446849,10.728
1764871386.460987,4125,256,1764871386.450168,10.818
1764871386.464122,4126,256,1764871386.453491,10.631
1764871386.467760,4127,256,1764871386.456976,10.784
1764871386.470902,4128,256,1764871386.460188,10.714
1764871386.474186,4129,256,1764871386.463521,10.666
1764871386.477670,4130,256,1764871386.466971,10.699
1764871386.480910,4131,256,1764871386.470175,10.735
1764871386.484378,4132,256,1764871386.473507,10.871
1764871386.487586,4133,256,1764871386.476867,10.719
1764871386.490807,4134,256,1764871386.480153,10.654
1764871386.494242,4135,256,1764871386.483526,10.715
1764871386.497560,4136,256,1764871386.486856,10.705
1764871386.500905,4137,256,1764871386.490182,10.723
1764871386.504293,4138,256,1764871386.493497,10.795
1764871386.507605,4139,256,1764871386.496851,10.754
1764871386.510955,4140,256,1764871386.500166,10.788
1764871386.514508,4141,256,1764871386.503666,10.842
1764871386.517637,4142,256,1764871386.506841,10.795
1764871386.521080,4143,256,1764871386.510294,10.786
1764871386.524264,4144,256,1764871386.513510,10.754
1764871386.527690,4145,256,1764871386.516915,10.775
1764871386.531001,4146,256,1764871386.520178,10.823
1764871386.534295,4147,256,1764871386.523515,10.780
1764871386.537676,4148,256,1764871386.526941,10.734
1764871386.540976,4149,256,1764871386.530192,10.784
1764871386.544411,4150,256,1764871386.533532,10.879
1764871386.548029,4151,256,1764871386.536945,11.084
1764871386.550854,4152,256,1764871386.540185,10.668
1764871386.554329,4153,256,1764871386.543568,10.761
1764871386.557618,4154,256,1764871386.546877,10.741
1764871386.560856,4155,256,1764871386.550191,10.665
1764871386.564100,4156,256,1764871386.553503,10.597
1764871386.567441,4157,256,1764871386.556839,10.602
1764871386.570895,4158,256,1764871386.560196,10.700
1764871386.574106,4159,256,1764871386.563504,10.601
1764871386.577440,4160,256,1764871386.566814,10.626
1764871386.581020,4161,256,1764871386.570239,10.781
1764871386.584240,4162,256,1764871386.573523,10.717
1764871386.587902,4163,256,1764871386.576863,11.039
1764871386.590913,4164,256,1764871386.580169,10.744
1764871386.594292,4165,256,1764871386.583528,10.764
1764871386.597748,4166,256,1764871386.586964,10.784
1764871386.600950,4167,256,1764871386.590184,10.766
1764871386.604372,4168,256,1764871386.593638,10.733
1764871386.607710,4169,256,1764871386.596992,10.718
1764871386.611029,4170,256,1764871386.600257,10.772
1764871386.615012,4171,256,1764871386.603532,11.480
1764871386.617732,4172,256,1764871386.606950,10.782
1764871386.620987,4173,256,1764871386.610175,10.812
1764871386.624317,4174,256,1764871386.613524,10.793
1764871386.627690,4175,256,1764871386.616971,10.719
1764871386.630980,4176,256,1764871386.620299,10.680
1764871386.634197,4177,256,1764871386.623536,10.661
1764871386.637563,4178,256,1764871386.626861,10.702
1764871386.640950,4179,256,1764871386.630178,10.772
1764871386.644177,4180,256,1764871386.633504,10.673
1764871386.647726,4181,256,1764871386.636954,10.772
1764871386.650878,4182,256,1764871386.640183,10.695
1764871386.654220,4183,256,1764871386.643497,10.724
1764871386.657505,4184,256,1764871386.646832,10.674
1764871386.660803,4185,256,1764871386.650162,10.641
1764871386.664089,4186,256,1764871386.653500,10.589
1764871386.667406,4187,256,1764871386.656814,10.592
1764871386.670801,4188,256,1764871386.660170,10.631
1764871386.674183,4189,256,1764871386.663495,10.688
1764871386.677626,4190,256,1764871386.666842,10.784
1764871386.680925,4191,256,1764871386.670165,10.760
1764871386.684240,4192,256,1764871386.673530,10.710
1764871386.687626,4193,256,1764871386.676953,10.673
1764871386.690918,4194,256,1764871386.680202,10.716
1764871386.694157,4195,256,1764871386.683507,10.650
1764871386.697516,4196,256,1764871386.686841,10.674
1764871386.700927,4197,256,1764871386.690157,10.770
1764871386.704253,4198,256,1764871386.693523,10.730
1764871386.707635,4199,256,1764871386.696928,10.707
1764871386.710910,4200,256,1764871386.700179,10.731
1764871386.714288,4201,256,1764871386.703536,10.752
1764871386.717633,4202,256,1764871386.706881,10.752
1764871386.721107,4203,256,1764871386.710197,10.910
1764871386.724209,4204,256,1764871386.713508,10.701
1764871386.727581,4205,256,1764871386.716888,10.692
1764871386.730973,4206,256,1764871386.720282,10.692
1764871386.734303,4207,256,1764871386.723568,10.735
1764871386.737537,4208,256,1764871386.726866,10.671
1764871386.740929,4209,256,1764871386.730175,10.754
1764871386.744290,4210,256,1764871386.733580,10.710
1764871386.747630,4211,256,1764871386.736977,10.653
1764871386.750987,4212,256,1764871386.740194,10.793
1764871386.754328,4213,256,1764871386.743513,10.815
1764871386.757771,4214,256,1764871386.746989,10.782
1764871386.761087,4215,256,1764871386.750196,10.891
1764871386.764336,4216,256,1764871386.753551,10.785
1764871386.767707,4217,256,1764871386.756927,10.781
1764871386.770942,4218,256,1764871386.760167,10.775
1764871386.774332,4219,256,1764871386.763520,10.812
1764871386.777864,4220,256,1764871386.767121,10.744
1764871386.781063,4221,256,1764871386.770227,10.836
1764871386.784376,4222,256,1764871386.773612,10.765
1764871386.787575,4223,256,1764871386.776858,10.716
1764871386.790925,4224,256,1764871386.780166,10.759
1764871386.794344,4225,256,1764871386.783606,10.738
1764871386.797779,4226,256,1764871386.786980,10.799
1764871386.800875,4227,256,1764871386.790179,10.696
1764871386.804284,4228,256,1764871386.793580,10.704
1764871386.807759,4229,256,1764871386.796942,10.817
1764871386.811105,4230,256,1764871386.800194,10.911
1764871386.814348,4231,256,1764871386.803517,10.832
1764871386.817783,4232,256,1764871386.806970,10.813
1764871386.821353,4233,256,1764871386.810433,10.920
1764871386.824429,4234,256,1764871386.813579,10.851
1764871386.827635,4235,256,1764871386.816896,10.739
1764871386.831009,4236,256,1764871386.820177,10.832
1764871386.834363,4237,256,1764871386.823551,10.812
1764871386.837610,4238,256,1764871386.826835,10.775
1764871386.840953,4239,256,1764871386.830194,10.759
1764871386.844253,4240,256,1764871386.833539,10.713
1764871386.847549,4241,256,1764871386.836838,10.711
1764871386.850997,4242,256,1764871386.840174,10.823
1764871386.854286,4243,256,1764871386.843521,10.765
1764871386.857743,4244,256,1764871386.846983,10.760
1764871386.861141,4245,256,1764871386.850321,10.821
1764871386.864577,4246,256,1764871386.853692,10.885
1764871386.867871,4247,256,1764871386.856990,10.881
1764871386.871083,4248,256,1764871386.860195,10.888
1764871386.874306,4249,256,1764871386.863512,10.794
1764871386.877877,4250,256,1764871386.867035,10.842
1764871386.881268,4251,256,1764871386.870335,10.933
1764871386.884375,4252,256,1764871386.873546,10.829
1764871386.887742,4253,256,1764871386.876930,10.813
1764871386.891158,4254,256,1764871386.880201,10.957
1764871386.894475,4255,256,1764871386.883591,10.884
1764871386.897775,4256,256,1764871386.887021,10.754
1764871386.901035,4257,256,1764871386.890199,10.836
1764871386.904416,4258,256,1764871386.893681,10.736
1764871386.907802,4259,256,1764871386.897042,10.761
1764871386.910889,4260,256,1764871386.900202,10.687
1764871386.914291,4261,256,1764871386.903512,10.779
1764871386.917613,4262,256,1764871386.906870,10.743
1764871386.920993,4263,256,1764871386.910249,10.744
1764871386.924374,4264,256,1764871386.913579,10.795
1764871386.927661,4265,256,1764871386.916988,10.673
1764871386.931040,4266,256,1764871386.920366,10.674
1764871386.934451,4267,256,1764871386.923702,10.749
1764871386.937548,4268,256,1764871386.926860,10.688
1764871386.940793,4269,256,1764871386.930166,10.627
1764871386.944266,4270,256,1764871386.933578,10.687
1764871386.947430,4271,256,1764871386.936846,10.584
1764871386.950848,4272,256,1764871386.940197,10.651
1764871386.954262,4273,256,1764871386.943515,10.747
1764871386.957557,4274,256,1764871386.946868,10.689
1764871386.960763,4275,256,1764871386.950167,10.596
1764871386.964173,4276,256,1764871386.953541,10.633
1764871386.967558,4277,256,1764871386.956836,10.722
1764871386.970954,4278,256,1764871386.960251,10.703
1764871386.974242,4279,256,1764871386.963493,10.749
1764871386.977510,4280,256,1764871386.966887,10.623
1764871386.981050,4281,256,1764871386.970301,10.749
1764871386.984280,4282,256,1764871386.973538,10.742
1764871386.987721,4283,256,1764871386.976971,10.750
1764871386.991109,4284,256,1764871386.980350,10.759
1764871386.994296,4285,256,1764871386.983514,10.782
1764871386.997792,4286,256,1764871386.987023,10.769
1764871387.000955,4287,256,1764871386.990173,10.782
1764871387.004543,4288,256,1764871386.993743,10.800
1764871387.007852,4289,256,1764871386.997017,10.834
1764871387.011275,4290,256,1764871387.000380,10.895
1764871387.014569,4291,256,1764871387.003692,10.877
1764871387.017930,4292,256,1764871387.007059,10.871
1764871387.021130,4293,256,1764871387.010244,10.886
1764871387.024381,4294,256,1764871387.013675,10.705
1764871387.027848,4295,256,1764871387.017032,10.816
1764871387.031099,4296,256,1764871387.020348,10.751
1764871387.034284,4297,256,1764871387.023568,10.716
1764871387.037792,4298,256,1764871387.027032,10.760
1764871387.040918,4299,256,1764871387.030182,10.736
1764871387.044378,4300,256,1764871387.033722,10.656
1764871387.047912,4301,256,1764871387.036989,10.923
1764871387.050852,4302,256,1764871387.040184,10.669
1764871387.054250,4303,256,1764871387.043516,10.735
1764871387.057641,4304,256,1764871387.046874,10.767
1764871387.060926,4305,256,1764871387.050215,10.711
1764871387.064142,4306,256,1764871387.053493,10.649
1764871387.067602,4307,256,1764871387.056899,10.702
1764871387.070991,4308,256,1764871387.060265,10.726
1764871387.074337,4309,256,1764871387.063607,10.730
1764871387.077584,4310,256,1764871387.066897,10.688
1764871387.081024,4311,256,1764871387.070338,10.686
1764871387.084304,4312,256,1764871387.073585,10.719
1764871387.087507,4313,256,1764871387.076874,10.633
1764871387.091014,4314,256,1764871387.080274,10.739
1764871387.094178,4315,256,1764871387.083506,10.672
1764871387.097558,4316,256,1764871387.086884,10.675
1764871387.100980,4317,256,1764871387.090278,10.702
1764871387.104261,4318,256,1764871387.093523,10.738
1764871387.107711,4319,256,1764871387.096933,10.778
1764871387.111038,4320,256,1764871387.100278,10.760
1764871387.114483,4321,256,1764871387.103694,10.789
1764871387.117728,4322,256,1764871387.107012,10.717
1764871387.121094,4323,256,1764871387.110339,10.755
1764871387.124427,4324,256,1764871387.113662,10.765
1764871387.127784,4325,256,1764871387.116998,10.785
1764871387.131094,4326,256,1764871387.120327,10.767
1764871387.134545,4327,256,1764871387.123694,10.851
1764871387.137834,4328,256,1764871387.127027,10.807
1764871387.141144,4329,256,1764871387.130349,10.794
1764871387.144609,4330,256,1764871387.133713,10.897
1764871387.147842,4331,256,1764871387.136994,10.848
1764871387.151052,4332,256,1764871387.140182,10.870
1764871387.154352,4333,256,1764871387.143519,10.833
1764871387.157797,4334,256,1764871387.146972,10.825
1764871387.161084,4335,256,1764871387.150274,10.810
1764871387.164328,4336,256,1764871387.153602,10.726
1764871387.167709,4337,256,1764871387.156996,10.713
1764871387.170937,4338,256,1764871387.160184,10.753
1764871387.174391,4339,256,1764871387.163600,10.791
1764871387.177791,4340,256,1764871387.167035,10.756
1764871387.181140,4341,256,1764871387.170357,10.782
1764871387.184451,4342,256,1764871387.173642,10.809
1764871387.187724,4343,256,1764871387.176985,10.739
1764871387.191130,4344,256,1764871387.180318,10.813
1764871387.194407,4345,256,1764871387.183620,10.787
1764871387.197702,4346,256,1764871387.186991,10.710
1764871387.201100,4347,256,1764871387.190291,10.809
1764871387.204363,4348,256,1764871387.193512,10.852
1764871387.207670,4349,256,1764871387.196949,10.721
1764871387.211029,4350,256,1764871387.200298,10.731
1764871387.214487,4351,256,1764871387.203661,10.826
1764871387.217772,4352,256,1764871387.206937,10.834
1764871387.221107,4353,256,1764871387.210258,10.849
1764871387.224369,4354,256,1764871387.213608,10.761
1764871387.227836,4355,256,1764871387.217008,10.828
1764871387.231134,4356,256,1764871387.220376,10.759
1764871387.234396,4357,256,1764871387.223607,10.789
1764871387.237816,4358,256,1764871387.227059,10.757
1764871387.241065,4359,256,1764871387.230304,10.760
1764871387.244388,4360,256,1764871387.233607,10.781
1764871387.247677,4361,256,1764871387.236982,10.695
1764871387.251049,4362,256,1764871387.240307,10.742
1764871387.254278,4363,256,1764871387.243514,10.764
1764871387.257679,4364,256,1764871387.246945,10.733
1764871387.260908,4365,256,1764871387.250167,10.741
1764871387.264533,4366,256,1764871387.253661,10.872
1764871387.267918,4367,256,1764871387.257028,10.890
1764871387.270958,4368,256,1764871387.260185,10.774
1764871387.274288,4369,256,1764871387.263531,10.757
1764871387.277602,4370,256,1764871387.266856,10.746
1764871387.281020,4371,256,1764871387.270183,10.838
1764871387.284426,4372,256,1764871387.273601,10.825
1764871387.287749,4373,256,1764871387.276981,10.767
1764871387.291056,4374,256,1764871387.280314,10.742
1764871387.294402,4375,256,1764871387.283557,10.845
1764871387.297692,4376,256,1764871387.286994,10.698
1764871387.300829,4377,256,1764871387.290185,10.644
1764871387.304679,4378,256,1764871387.294053,10.625
1764871387.307559,4379,256,1764871387.296889,10.670
1764871387.310839,4380,256,1764871387.300192,10.646
1764871387.314084,4381,256,1764871387.303501,10.583
1764871387.317531,4382,256,1764871387.306883,10.648
1764871387.320850,4383,256,1764871387.310180,10.669
1764871387.324282,4384,256,1764871387.313646,10.636
1764871387.327664,4385,256,1764871387.317038,10.626
1764871387.330876,4386,256,1764871387.320187,10.689
1764871387.334191,4387,256,1764871387.323528,10.664
1764871387.337720,4388,256,1764871387.326986,10.734
1764871387.341078,4389,256,1764871387.330308,10.770
1764871387.344272,4390,256,1764871387.333647,10.626
1764871387.347630,4391,256,1764871387.337006,10.624
1764871387.350874,4392,256,1764871387.340185,10.689
1764871387.354096,4393,256,1764871387.343505,10.592
1764871387.357620,4394,256,1764871387.346986,10.634
1764871387.361022,4395,256,1764871387.350346,10.676
1764871387.364309,4396,256,1764871387.353646,10.664
1764871387.367607,4397,256,1764871387.356990,10.617
1764871387.370864,4398,256,1764871387.360186,10.678
1764871387.374305,4399,256,1764871387.363657,10.648
1764871387.377618,4400,256,1764871387.366990,10.628
1764871387.380903,4401,256,1764871387.370271,10.632
1764871387.384206,4402,256,1764871387.373537,10.669
1764871387.387691,4403,256,1764871387.376982,10.709
1764871387.390915,4404,256,1764871387.380188,10.727
1764871387.394314,4405,256,1764871387.383643,10.671
1764871387.397742,4406,256,1764871387.387037,10.705
1764871387.400935,4407,256,1764871387.390185,10.750
1764871387.404355,4408,256,1764871387.393642,10.712
1764871387.407756,4409,256,1764871387.397069,10.687
1764871387.411042,4410,256,1764871387.400319,10.723
1764871387.414236,4411,256,1764871387.403532,10.704
1764871387.417701,4412,256,1764871387.407002,10.699
1764871387.420895,4413,256,1764871387.410173,10.722
1764871387.424165,4414,256,1764871387.413498,10.667
1764871387.427587,4415,256,1764871387.416939,10.648
1764871387.430815,4416,256,1764871387.420181,10.634
1764871387.434384,4417,256,1764871387.423690,10.694
1764871387.437677,4418,256,1764871387.426943,10.734
1764871387.441109,4419,256,1764871387.430316,10.793
1764871387.444441,4420,256,1764871387.433668,10.773
1764871387.447751,4421,256,1764871387.437002,10.749
1764871387.450807,4422,256,1764871387.440186,10.621
1764871387.454309,4423,256,1764871387.443600,10.709
1764871387.457686,4424,256,1764871387.446941,10.745
1764871387.460969,4425,256,1764871387.450152,10.818
1764871387.464175,4426,256,1764871387.453503,10.672
1764871387.467630,4427,256,1764871387.457003,10.627
1764871387.470847,4428,256,1764871387.460181,10.666
1764871387.474149,4429,256,1764871387.463496,10.653
1764871387.477646,4430,256,1764871387.467015,10.631
1764871387.480843,4431,256,1764871387.470179,10.664
1764871387.484284,4432,256,1764871387.473641,10.643
1764871387.487631,4433,256,1764871387.476989,10.643
1764871387.490908,4434,256,1764871387.480277,10.630
1764871387.494283,4435,256,1764871387.483645,10.638
1764871387.497775,4436,256,1764871387.486958,10.817
1764871387.501019,4437,256,1764871387.490314,10.705
1764871387.504394,4438,256,1764871387.493645,10.749
1764871387.507813,4439,256,1764871387.497025,10.789
1764871387.511130,4440,256,1764871387.500368,10.762
1764871387.514406,4441,256,1764871387.503647,10.758
1764871387.517694,4442,256,1764871387.506960,10.734
1764871387.521171,4443,256,1764871387.510302,10.869
1764871387.524318,4444,256,1764871387.513613,10.705
1764871387.527735,4445,256,1764871387.516994,10.741
1764871387.531127,4446,256,1764871387.520347,10.780
1764871387.534169,4447,256,1764871387.523534,10.635
1764871387.537472,4448,256,1764871387.526864,10.608
1764871387.540844,4449,256,1764871387.530181,10.663
1764871387.544593,4450,256,1764871387.533647,10.946
1764871387.547740,4451,256,1764871387.537018,10.722
1764871387.551092,4452,256,1764871387.540180,10.912
1764871387.554600,4453,256,1764871387.543879,10.720
1764871387.557807,4454,256,1764871387.546865,10.942
1764871387.561060,4455,256,1764871387.550198,10.862
1764871387.564285,4456,256,1764871387.553528,10.756
1764871387.567609,4457,256,1764871387.556872,10.738
1764871387.571100,4458,256,1764871387.560276,10.824
1764871387.574253,4459,256,1764871387.563525,10.728
1764871387.577858,4460,256,1764871387.566987,10.871
1764871387.581061,4461,256,1764871387.570291,10.770
1764871387.584289,4462,256,1764871387.573637,10.652
1764871387.587635,4463,256,1764871387.576974,10.661
1764871387.591048,4464,256,1764871387.580292,10.755
1764871387.594377,4465,256,1764871387.583699,10.679
1764871387.597733,4466,256,1764871387.586949,10.784
1764871387.601099,4467,256,1764871387.590251,10.849
1764871387.604464,4468,256,1764871387.593636,10.828
1764871387.607740,4469,256,1764871387.596998,10.741
1764871387.611169,4470,256,1764871387.600307,10.862
1764871387.614366,4471,256,1764871387.603639,10.727
1764871387.617753,4472,256,1764871387.606957,10.796
1764871387.621119,4473,256,1764871387.610268,10.851
1764871387.624414,4474,256,1764871387.613598,10.816
1764871387.627774,4475,256,1764871387.616972,10.802
1764871387.631126,4476,256,1764871387.620364,10.762
1764871387.634346,4477,256,1764871387.623626,10.720
1764871387.637766,4478,256,1764871387.626993,10.773
1764871387.641128,4479,256,1764871387.630298,10.830
1764871387.644471,4480,256,1764871387.633683,10.788
1764871387.647753,4481,256,1764871387.636970,10.782
1764871387.651152,4482,256,1764871387.640369,10.783
1764871387.654349,4483,256,1764871387.643639,10.710
1764871387.657775,4484,256,1764871387.647000,10.775
1764871387.661100,4485,256,1764871387.650274,10.826
1764871387.664344,4486,256,1764871387.653604,10.740
1764871387.667736,4487,256,1764871387.656933,10.803
1764871387.671004,4488,256,1764871387.660171,10.833
1764871387.674428,4489,256,1764871387.663607,10.821
1764871387.677760,4490,256,1764871387.666949,10.811
1764871387.681061,4491,256,1764871387.670278,10.784
1764871387.684252,4492,256,1764871387.673610,10.642
1764871387.687583,4493,256,1764871387.676944,10.639
1764871387.690985,4494,256,1764871387.680298,10.687
1764871387.694249,4495,256,1764871387.683611,10.638
1764871387.697709,4496,256,1764871387.686944,10.765
1764871387.700998,4497,256,1764871387.690261,10.737
1764871387.704180,4498,256,1764871387.693530,10.651
1764871387.707696,4499,256,1764871387.696957,10.739
1764871387.711030,4500,256,1764871387.700282,10.747
1764871387.714270,4501,256,1764871387.703619,10.651
1764871387.717604,4502,256,1764871387.706948,10.657
1764871387.721168,4503,256,1764871387.710277,10.891
1764871387.724346,4504,256,1764871387.713610,10.736
1764871387.727755,4505,256,1764871387.716943,10.812
1764871387.731211,4506,256,1764871387.720295,10.916
1764871387.734438,4507,256,1764871387.723695,10.743
1764871387.737870,4508,256,1764871387.727042,10.828
1764871387.741241,4509,256,1764871387.730340,10.900
1764871387.744522,4510,256,1764871387.733697,10.824
1764871387.747834,4511,256,1764871387.737000,10.834
1764871387.751156,4512,256,1764871387.740330,10.826
1764871387.754396,4513,256,1764871387.743649,10.747
1764871387.757628,4514,256,1764871387.746968,10.660
1764871387.761107,4515,256,1764871387.750310,10.796
1764871387.764340,4516,256,1764871387.753591,10.749
1764871387.767728,4517,256,1764871387.756886,10.843
1764871387.771153,4518,256,1764871387.760302,10.851
1764871387.774393,4519,256,1764871387.763651,10.742
1764871387.777906,4520,256,1764871387.767021,10.885
1764871387.781228,4521,256,1764871387.770360,10.868
1764871387.784540,4522,256,1764871387.773724,10.816
1764871387.787932,4523,256,1764871387.777041,10.891
1764871387.791015,4524,256,1764871387.780187,10.828
1764871387.794395,4525,256,1764871387.783648,10.746
1764871387.797943,4526,256,1764871387.787044,10.899
1764871387.801138,4527,256,1764871387.790382,10.756
1764871387.804313,4528,256,1764871387.793565,10.748
1764871387.807565,4529,256,1764871387.796860,10.705
1764871387.810972,4530,256,1764871387.800207,10.765
1764871387.814358,4531,256,1764871387.803510,10.847
1764871387.817721,4532,256,1764871387.806868,10.854
1764871387.821026,4533,256,1764871387.810230,10.796
1764871387.824442,4534,256,1764871387.813668,10.774
1764871387.827685,4535,256,1764871387.816875,10.810
1764871387.831356,4536,256,1764871387.820329,11.027
1764871387.834374,4537,256,1764871387.823533,10.841
1764871387.838031,4538,256,1764871387.827086,10.945
1764871387.841290,4539,256,1764871387.830348,10.941
1764871387.844580,4540,256,1764871387.833701,10.879
1764871387.847937,4541,256,1764871387.837033,10.904
1764871387.851346,4542,256,1764871387.840373,10.973
1764871387.854429,4543,256,1764871387.843553,10.876
1764871387.857806,4544,256,1764871387.846997,10.809
1764871387.861135,4545,256,1764871387.850350,10.785
1764871387.864506,4546,256,1764871387.853703,10.803
1764871387.867745,4547,256,1764871387.856977,10.768
1764871387.870959,4548,256,1764871387.860218,10.741
1764871387.874201,4549,256,1764871387.863490,10.711
1764871387.877738,4550,256,1764871387.866879,10.859
1764871387.881105,4551,256,1764871387.870167,10.938
1764871387.884346,4552,256,1764871387.873537,10.809
1764871387.887746,4553,256,1764871387.876992,10.754
1764871387.890980,4554,256,1764871387.880180,10.800
1764871387.894409,4555,256,1764871387.883553,10.856
1764871387.897914,4556,256,1764871387.887037,10.877
1764871387.901077,4557,256,1764871387.890204,10.872
1764871387.904418,4558,256,1764871387.893555,10.863
1764871387.907699,4559,256,1764871387.896866,10.834
1764871387.911074,4560,256,1764871387.900208,10.866
1764871387.914453,4561,256,1764871387.903545,10.907
1764871387.917866,4562,256,1764871387.906996,10.870
1764871387.921064,4563,256,1764871387.910200,10.865
1764871387.924417,4564,256,1764871387.913554,10.862
1764871387.927843,4565,256,1764871387.917040,10.803
1764871387.931068,4566,256,1764871387.920203,10.866
1764871387.934427,4567,256,1764871387.923555,10.872
1764871387.937992,4568,256,1764871387.927124,10.869
1764871387.941061,4569,256,1764871387.930206,10.855
1764871387.944415,4570,256,1764871387.933554,10.862
1764871387.947911,4571,256,1764871387.937038,10.873
1764871387.950991,4572,256,1764871387.940178,10.813
1764871387.954452,4573,256,1764871387.943641,10.811
1764871387.957842,4574,256,1764871387.947008,10.834
1764871387.960967,4575,256,1764871387.950164,10.803
1764871387.964317,4576,256,1764871387.953529,10.788
1764871387.967767,4577,256,1764871387.956945,10.822
1764871387.971003,4578,256,1764871387.960188,10.815
1764871387.974303,4579,256,1764871387.963502,10.801
1764871387.977798,4580,256,1764871387.966990,10.808
1764871387.981025,4581,256,1764871387.970272,10.753
1764871387.984259,4582,256,1764871387.973609,10.650
1764871387.987698,4583,256,1764871387.977013,10.685
1764871387.990795,4584,256,1764871387.980172,10.623
1764871387.994373,4585,256,1764871387.983694,10.679
1764871387.997763,4586,256,1764871387.987029,10.734
1764871388.000906,4587,256,1764871387.990200,10.706
1764871388.004279,4588,256,1764871387.993626,10.653
1764871388.007801,4589,256,1764871387.997073,10.728
1764871388.011030,4590,256,1764871388.000354,10.676
1764871388.014382,4591,256,1764871388.003702,10.680
1764871388.017779,4592,256,1764871388.007058,10.721
1764871388.020857,4593,256,1764871388.010181,10.676
1764871388.024172,4594,256,1764871388.013532,10.640
1764871388.027738,4595,256,1764871388.017025,10.713
1764871388.031029,4596,256,1764871388.020369,10.660
1764871388.034355,4597,256,1764871388.023707,10.647
1764871388.037672,4598,256,1764871388.026996,10.675
1764871388.040960,4599,256,1764871388.030338,10.622
1764871388.044371,4600,256,1764871388.033673,10.698
1764871388.047844,4601,256,1764871388.036993,10.851
1764871388.050863,4602,256,1764871388.040175,10.687
1764871388.054327,4603,256,1764871388.043532,10.795
1764871388.057749,4604,256,1764871388.046932,10.818
1764871388.060916,4605,256,1764871388.050191,10.725
1764871388.064163,4606,256,1764871388.053519,10.644
1764871388.067700,4607,256,1764871388.057007,10.693
1764871388.071043,4608,256,1764871388.060211,10.831
1764871388.074264,4609,256,1764871388.063558,10.706
1764871388.077694,4610,256,1764871388.066984,10.710
1764871388.080968,4611,256,1764871388.070193,10.776
1764871388.084251,4612,256,1764871388.073553,10.698
1764871388.087719,4613,256,1764871388.076998,10.720
1764871388.090988,4614,256,1764871388.080206,10.782
1764871388.094334,4615,256,1764871388.083554,10.780
1764871388.099942,4616,256,1764871388.087050,12.892
1764871388.101166,4617,256,1764871388.090174,10.992
1764871388.104512,4618,256,1764871388.093587,10.925
1764871388.107739,4619,256,1764871388.096939,10.800
1764871388.110907,4620,256,1764871388.100162,10.745
1764871388.114313,4621,256,1764871388.103535,10.777
1764871388.117733,4622,256,1764871388.107023,10.710
1764871388.121049,4623,256,1764871388.110189,10.860
1764871388.124150,4624,256,1764871388.113533,10.617
1764871388.127568,4625,256,1764871388.116943,10.625
1764871388.130986,4626,256,1764871388.120171,10.815
1764871388.134280,4627,256,1764871388.123517,10.762
1764871388.137673,4628,256,1764871388.126956,10.717
1764871388.140937,4629,256,1764871388.130179,10.758
1764871388.144392,4630,256,1764871388.133640,10.751
1764871388.147708,4631,256,1764871388.136953,10.756
1764871388.151047,4632,256,1764871388.140278,10.769
1764871388.154347,4633,256,1764871388.143639,10.708
1764871388.157784,4634,256,1764871388.147035,10.749
1764871388.160959,4635,256,1764871388.150283,10.676
1764871388.164160,4636,256,1764871388.153521,10.639
1764871388.167593,4637,256,1764871388.156956,10.637
1764871388.170845,4638,256,1764871388.160184,10.661
1764871388.174137,4639,256,1764871388.163507,10.630
1764871388.177660,4640,256,1764871388.167008,10.652
1764871388.180994,4641,256,1764871388.170333,10.661
1764871388.184368,4642,256,1764871388.173640,10.728
1764871388.187768,4643,256,1764871388.177045,10.723
1764871388.191167,4644,256,1764871388.180373,10.794
1764871388.194276,4645,256,1764871388.183608,10.668
1764871388.197633,4646,256,1764871388.186977,10.656
1764871388.201031,4647,256,1764871388.190354,10.677
1764871388.204367,4648,256,1764871388.193680,10.687
1764871388.207667,4649,256,1764871388.197028,10.638
1764871388.210919,4650,256,1764871388.200280,10.639
1764871388.214278,4651,256,1764871388.203635,10.644
1764871388.217585,4652,256,1764871388.206992,10.593
1764871388.220804,4653,256,1764871388.210169,10.634
1764871388.224163,4654,256,1764871388.213534,10.628
1764871388.227441,4655,256,1764871388.216848,10.592
1764871388.230886,4656,256,1764871388.220175,10.711
1764871388.234301,4657,256,1764871388.223641,10.659
1764871388.237659,4658,256,1764871388.226941,10.718
1764871388.241061,4659,256,1764871388.230302,10.760
1764871388.244299,4660,256,1764871388.233639,10.660
1764871388.247620,4661,256,1764871388.236978,10.643
1764871388.250970,4662,256,1764871388.240187,10.784
1764871388.254379,4663,256,1764871388.243711,10.669
1764871388.257747,4664,256,1764871388.247012,10.735
1764871388.260934,4665,256,1764871388.250173,10.761
1764871388.264316,4666,256,1764871388.253646,10.670
1764871388.267729,4667,256,1764871388.256992,10.737
1764871388.270935,4668,256,1764871388.260180,10.755
1764871388.274109,4669,256,1764871388.263501,10.607
1764871388.277684,4670,256,1764871388.267042,10.642
1764871388.280993,4671,256,1764871388.270259,10.734
1764871388.284121,4672,256,1764871388.273489,10.633
1764871388.287647,4673,256,1764871388.276992,10.655
1764871388.290922,4674,256,1764871388.280180,10.742
1764871388.294587,4675,256,1764871388.283530,11.056
1764871388.297793,4676,256,1764871388.287030,10.762
1764871388.300850,4677,256,1764871388.290174,10.676
1764871388.304171,4678,256,1764871388.293564,10.607
1764871388.308097,4679,256,1764871388.297223,10.874
1764871388.311006,4680,256,1764871388.300196,10.810
1764871388.314221,4681,256,1764871388.303512,10.709
1764871388.317615,4682,256,1764871388.306873,10.742
1764871388.321095,4683,256,1764871388.310189,10.906
1764871388.324237,4684,256,1764871388.313500,10.736
1764871388.327778,4685,256,1764871388.317050,10.727
1764871388.331129,4686,256,1764871388.320313,10.816
1764871388.334386,4687,256,1764871388.323654,10.732
1764871388.337726,4688,256,1764871388.326995,10.731
1764871388.341114,4689,256,1764871388.330305,10.809
1764871388.344335,4690,256,1764871388.333601,10.734
1764871388.347753,4691,256,1764871388.336934,10.819
1764871388.351002,4692,256,1764871388.340180,10.822
1764871388.354263,4693,256,1764871388.343515,10.747
1764871388.357772,4694,256,1764871388.346953,10.820
1764871388.361004,4695,256,1764871388.350177,10.828
1764871388.364383,4696,256,1764871388.353625,10.757
1764871388.367776,4697,256,1764871388.356951,10.825
1764871388.370989,4698,256,1764871388.360182,10.807
1764871388.374241,4699,256,1764871388.363500,10.741
1764871388.377846,4700,256,1764871388.366962,10.884
1764871388.381153,4701,256,1764871388.370291,10.862
1764871388.384365,4702,256,1764871388.373643,10.722
1764871388.387868,4703,256,1764871388.377004,10.865
1764871388.391157,4704,256,1764871388.380319,10.838
1764871388.394521,4705,256,1764871388.383709,10.812
1764871388.397694,4706,256,1764871388.386970,10.725
1764871388.400998,4707,256,1764871388.390181,10.817
1764871388.404366,4708,256,1764871388.393638,10.727
1764871388.407741,4709,256,1764871388.396937,10.803
1764871388.411123,4710,256,1764871388.400302,10.820
1764871388.414485,4711,256,1764871388.403716,10.770
1764871388.417810,4712,256,1764871388.406981,10.828
1764871388.421032,4713,256,1764871388.410184,10.849
1764871388.424422,4714,256,1764871388.413648,10.774
1764871388.427896,4715,256,1764871388.417023,10.874
1764871388.431050,4716,256,1764871388.420187,10.863
1764871388.434421,4717,256,1764871388.423681,10.741
1764871388.437858,4718,256,1764871388.427024,10.834
1764871388.441062,4719,256,1764871388.430355,10.707
1764871388.444452,4720,256,1764871388.433725,10.727
1764871388.447686,4721,256,1764871388.437023,10.664
1764871388.451032,4722,256,1764871388.440315,10.718
1764871388.454451,4723,256,1764871388.443671,10.780
1764871388.457663,4724,256,1764871388.446913,10.750
1764871388.461088,4725,256,1764871388.450310,10.778
1764871388.464438,4726,256,1764871388.453625,10.813
1764871388.467746,4727,256,1764871388.456973,10.773
1764871388.471251,4728,256,1764871388.460323,10.929
1764871388.474421,4729,256,1764871388.463675,10.746
1764871388.477769,4730,256,1764871388.467047,10.723
1764871388.481083,4731,256,1764871388.470411,10.673
1764871388.484380,4732,256,1764871388.473684,10.696
1764871388.487684,4733,256,1764871388.476906,10.777
1764871388.491220,4734,256,1764871388.480318,10.902
1764871388.494456,4735,256,1764871388.483673,10.782
1764871388.497886,4736,256,1764871388.487055,10.831
1764871388.501218,4737,256,1764871388.490282,10.936
1764871388.504449,4738,256,1764871388.493695,10.754
1764871388.507855,4739,256,1764871388.497032,10.823
1764871388.511133,4740,256,1764871388.500401,10.732
1764871388.514302,4741,256,1764871388.503595,10.708
1764871388.517855,4742,256,1764871388.507049,10.806
1764871388.521184,4743,256,1764871388.510321,10.862
1764871388.524478,4744,256,1764871388.513668,10.810
1764871388.527773,4745,256,1764871388.516982,10.791
1764871388.531132,4746,256,1764871388.520394,10.739
1764871388.534465,4747,256,1764871388.523693,10.773
1764871388.537912,4748,256,1764871388.527111,10.802
1764871388.541093,4749,256,1764871388.530365,10.728
1764871388.544479,4750,256,1764871388.533701,10.777
1764871388.547886,4751,256,1764871388.537021,10.865
1764871388.551080,4752,256,1764871388.540379,10.701
1764871388.554136,4753,256,1764871388.543523,10.613
1764871388.557999,4754,256,1764871388.547129,10.870
1764871388.561013,4755,256,1764871388.550186,10.827
1764871388.564302,4756,256,1764871388.553526,10.776
1764871388.567760,4757,256,1764871388.557033,10.727
1764871388.571229,4758,256,1764871388.560390,10.840
1764871388.574386,4759,256,1764871388.563659,10.726
1764871388.577773,4760,256,1764871388.567023,10.750
1764871388.581176,4761,256,1764871388.570380,10.796
1764871388.584571,4762,256,1764871388.573758,10.814
1764871388.587799,4763,256,1764871388.576983,10.816
1764871388.591042,4764,256,1764871388.580312,10.730
1764871388.594241,4765,256,1764871388.583543,10.698
1764871388.597756,4766,256,1764871388.587004,10.752
1764871388.600849,4767,256,1764871388.590173,10.676
1764871388.604248,4768,256,1764871388.593601,10.647
1764871388.607684,4769,256,1764871388.596977,10.707
1764871388.611079,4770,256,1764871388.600377,10.702
1764871388.614430,4771,256,1764871388.603706,10.724
1764871388.617696,4772,256,1764871388.606979,10.717
1764871388.621081,4773,256,1764871388.610334,10.747
1764871388.624330,4774,256,1764871388.613605,10.725
1764871388.627683,4775,256,1764871388.616974,10.709
1764871388.631192,4776,256,1764871388.620374,10.817
1764871388.634344,4777,256,1764871388.623647,10.697
1764871388.637684,4778,256,1764871388.626982,10.701
1764871388.641049,4779,256,1764871388.630332,10.718
1764871388.644364,4780,256,1764871388.633638,10.726
1764871388.647687,4781,256,1764871388.636975,10.712
1764871388.651133,4782,256,1764871388.640355,10.778
1764871388.654123,4783,256,1764871388.643503,10.619
1764871388.657609,4784,256,1764871388.646874,10.735
1764871388.661029,4785,256,1764871388.650312,10.717
1764871388.664250,4786,256,1764871388.653537,10.713
1764871388.667468,4787,256,1764871388.656843,10.624
1764871388.671034,4788,256,1764871388.660321,10.713
1764871388.674322,4789,256,1764871388.663609,10.713
1764871388.677726,4790,256,1764871388.667058,10.668
1764871388.680936,4791,256,1764871388.670324,10.612
1764871388.684232,4792,256,1764871388.673613,10.619
1764871388.687448,4793,256,1764871388.676872,10.576
1764871388.690776,4794,256,1764871388.680178,10.598
1764871388.694208,4795,256,1764871388.683499,10.709
1764871388.697668,4796,256,1764871388.686954,10.714
1764871388.701016,4797,256,1764871388.690281,10.735
1764871388.704361,4798,256,1764871388.693642,10.719
1764871388.707630,4799,256,1764871388.696889,10.741
1764871388.710984,4800,256,1764871388.700187,10.796
1764871388.714158,4801,256,1764871388.703524,10.633
1764871388.717610,4802,256,1764871388.706988,10.621
1764871388.721096,4803,256,1764871388.710342,10.754
1764871388.725021,4804,256,1764871388.713534,11.487
1764871388.727548,4805,256,1764871388.716865,10.683
1764871388.730912,4806,256,1764871388.720190,10.722
1764871388.735660,4807,256,1764871388.724919,10.741
1764871388.737676,4808,256,1764871388.726848,10.828
1764871388.740898,4809,256,1764871388.730176,10.722
1764871388.744419,4810,256,1764871388.733660,10.760
1764871388.747566,4811,256,1764871388.736855,10.711
1764871388.750933,4812,256,1764871388.740175,10.759
1764871388.754253,4813,256,1764871388.743515,10.738
1764871388.757640,4814,256,1764871388.746933,10.707
1764871388.761081,4815,256,1764871388.750304,10.777
1764871388.764249,4816,256,1764871388.753510,10.738
1764871388.767780,4817,256,1764871388.756963,10.817
1764871388.771031,4818,256,1764871388.760260,10.771
1764871388.774264,4819,256,1764871388.763495,10.768
1764871388.777600,4820,256,1764871388.766981,10.619
1764871388.781007,4821,256,1764871388.770368,10.638
1764871388.784148,4822,256,1764871388.773529,10.619
1764871388.787583,4823,256,1764871388.776955,10.628
1764871388.790852,4824,256,1764871388.780180,10.672
1764871388.794167,4825,256,1764871388.783530,10.637
1764871388.797728,4826,256,1764871388.787017,10.711
1764871388.800916,4827,256,1764871388.790189,10.727
1764871388.804192,4828,256,1764871388.793515,10.677
1764871388.807634,4829,256,1764871388.796893,10.741
1764871388.811041,4830,256,1764871388.800185,10.855
1764871388.814192,4831,256,1764871388.803499,10.693
1764871388.817634,4832,256,1764871388.806869,10.766
1764871388.820927,4833,256,1764871388.810173,10.755
1764871388.824463,4834,256,1764871388.813698,10.766
1764871388.827677,4835,256,1764871388.816907,10.770
1764871388.831079,4836,256,1764871388.820240,10.839
1764871388.834260,4837,256,1764871388.823555,10.705
1764871388.837736,4838,256,1764871388.827035,10.701
1764871388.841078,4839,256,1764871388.830362,10.716
1764871388.844472,4840,256,1764871388.833740,10.732
1764871388.847668,4841,256,1764871388.836988,10.680
1764871388.850976,4842,256,1764871388.840326,10.650
1764871388.854303,4843,256,1764871388.843609,10.695
1764871388.857586,4844,256,1764871388.846932,10.653
1764871388.861038,4845,256,1764871388.850303,10.735
1764871388.864362,4846,256,1764871388.853640,10.723
1764871388.867618,4847,256,1764871388.856977,10.641
1764871388.870886,4848,256,1764871388.860183,10.704
1764871388.874366,4849,256,1764871388.863668,10.698
1764871388.877589,4850,256,1764871388.866942,10.647
1764871388.880999,4851,256,1764871388.870371,10.628
1764871388.884299,4852,256,1764871388.873646,10.653
1764871388.887618,4853,256,1764871388.876991,10.627
1764871388.890989,4854,256,1764871388.880278,10.711
1764871388.894283,4855,256,1764871388.883649,10.634
1764871388.897649,4856,256,1764871388.886983,10.666
1764871388.900857,4857,256,1764871388.890170,10.687
1764871388.904267,4858,256,1764871388.893532,10.734
1764871388.907737,4859,256,1764871388.897033,10.704
1764871388.910905,4860,256,1764871388.900197,10.709
1764871388.914410,4861,256,1764871388.903722,10.688
1764871388.917922,4862,256,1764871388.907045,10.878
1764871388.920952,4863,256,1764871388.910187,10.765
1764871388.924391,4864,256,1764871388.913657,10.733
1764871388.927700,4865,256,1764871388.916988,10.712
1764871388.931104,4866,256,1764871388.920375,10.729
1764871388.934257,4867,256,1764871388.923555,10.702
1764871388.937730,4868,256,1764871388.927037,10.692
1764871388.941185,4869,256,1764871388.930273,10.912
1764871388.944389,4870,256,1764871388.933693,10.696
1764871388.947745,4871,256,1764871388.937039,10.706
1764871388.951221,4872,256,1764871388.940403,10.818
1764871388.954550,4873,256,1764871388.943676,10.874
1764871388.957881,4874,256,1764871388.947035,10.846
1764871388.961151,4875,256,1764871388.950411,10.740
1764871388.964222,4876,256,1764871388.953520,10.702
1764871388.967727,4877,256,1764871388.957000,10.727
1764871388.971130,4878,256,1764871388.960369,10.761
1764871388.974384,4879,256,1764871388.963662,10.722
1764871388.977773,4880,256,1764871388.967043,10.729
1764871388.981188,4881,256,1764871388.970448,10.739
1764871388.984390,4882,256,1764871388.973582,10.808
1764871388.987805,4883,256,1764871388.977045,10.760
1764871388.991169,4884,256,1764871388.980388,10.782
1764871388.994538,4885,256,1764871388.983739,10.799
1764871388.997865,4886,256,1764871388.987065,10.801
1764871389.001133,4887,256,1764871388.990391,10.742
1764871389.004565,4888,256,1764871388.993748,10.817
1764871389.007908,4889,256,1764871388.997076,10.832
1764871389.011157,4890,256,1764871389.000388,10.769
1764871389.014549,4891,256,1764871389.003734,10.814
1764871389.017978,4892,256,1764871389.007136,10.842
1764871389.021201,4893,256,1764871389.010408,10.792
1764871389.024530,4894,256,1764871389.013699,10.831
1764871389.027865,4895,256,1764871389.017027,10.838
1764871389.031216,4896,256,1764871389.020402,10.814
1764871389.034528,4897,256,1764871389.023749,10.779
1764871389.037903,4898,256,1764871389.027077,10.826
1764871389.041129,4899,256,1764871389.030404,10.725
1764871389.044449,4900,256,1764871389.033705,10.743
1764871389.047680,4901,256,1764871389.036972,10.708
1764871389.051154,4902,256,1764871389.040443,10.711
1764871389.054454,4903,256,1764871389.043708,10.746
1764871389.057525,4904,256,1764871389.046848,10.677
1764871389.061008,4905,256,1764871389.050303,10.705
1764871389.064366,4906,256,1764871389.053536,10.830
1764871389.067767,4907,256,1764871389.056923,10.844
1764871389.070948,4908,256,1764871389.060170,10.778
1764871389.074180,4909,256,1764871389.063494,10.686
1764871389.077897,4910,256,1764871389.066976,10.921
1764871389.081150,4911,256,1764871389.070316,10.835
1764871389.084411,4912,256,1764871389.073655,10.756
1764871389.087952,4913,256,1764871389.077025,10.927
1764871389.091076,4914,256,1764871389.080183,10.894
1764871389.094354,4915,256,1764871389.083639,10.714
1764871389.097915,4916,256,1764871389.087029,10.886
1764871389.101085,4917,256,1764871389.090204,10.881
1764871389.104426,4918,256,1764871389.093600,10.825
1764871389.107735,4919,256,1764871389.096936,10.799
1764871389.111086,4920,256,1764871389.100278,10.808
1764871389.114391,4921,256,1764871389.103645,10.746
1764871389.117722,4922,256,1764871389.106992,10.731
1764871389.121058,4923,256,1764871389.110273,10.785
1764871389.124350,4924,256,1764871389.113603,10.747
1764871389.127679,4925,256,1764871389.116946,10.732
1764871389.130999,4926,256,1764871389.120289,10.710
1764871389.134377,4927,256,1764871389.123651,10.727
1764871389.137615,4928,256,1764871389.126990,10.625
1764871389.140862,4929,256,1764871389.130179,10.683
1764871389.144184,4930,256,1764871389.133528,10.655
1764871389.147619,4931,256,1764871389.136982,10.637
1764871389.150891,4932,256,1764871389.140190,10.701
1764871389.154273,4933,256,1764871389.143531,10.742
1764871389.157859,4934,256,1764871389.146989,10.870
1764871389.161164,4935,256,1764871389.150309,10.854
1764871389.164402,4936,256,1764871389.153651,10.751
1764871389.167797,4937,256,1764871389.157060,10.737
1764871389.171135,4938,256,1764871389.160301,10.834
1764871389.174427,4939,256,1764871389.163600,10.827
1764871389.177810,4940,256,1764871389.166973,10.838
1764871389.181212,4941,256,1764871389.170370,10.842
1764871389.184469,4942,256,1764871389.173635,10.835
1764871389.187902,4943,256,1764871389.177068,10.834
1764871389.191143,4944,256,1764871389.180317,10.825
1764871389.194367,4945,256,1764871389.183646,10.721
1764871389.197713,4946,256,1764871389.186924,10.789
1764871389.201211,4947,256,1764871389.190380,10.831
1764871389.204551,4948,256,1764871389.193713,10.838
1764871389.207874,4949,256,1764871389.197030,10.844
1764871389.211126,4950,256,1764871389.200312,10.814
1764871389.214394,4951,256,1764871389.203639,10.754
1764871389.217779,4952,256,1764871389.206944,10.835
1764871389.221009,4953,256,1764871389.210178,10.831
1764871389.224497,4954,256,1764871389.213632,10.864
1764871389.227783,4955,256,1764871389.216971,10.812
1764871389.231102,4956,256,1764871389.220376,10.727
1764871389.234457,4957,256,1764871389.223648,10.809
1764871389.237873,4958,256,1764871389.227037,10.835
1764871389.241167,4959,256,1764871389.230286,10.881
1764871389.244457,4960,256,1764871389.233638,10.819
1764871389.247807,4961,256,1764871389.236980,10.827
1764871389.251128,4962,256,1764871389.240346,10.783
1764871389.254421,4963,256,1764871389.243653,10.768
1764871389.257721,4964,256,1764871389.246971,10.750
1764871389.261169,4965,256,1764871389.250277,10.892
1764871389.264417,4966,256,1764871389.253643,10.774
1764871389.267786,4967,256,1764871389.256930,10.857
1764871389.271210,4968,256,1764871389.260347,10.862
1764871389.274352,4969,256,1764871389.263603,10.749
1764871389.277921,4970,256,1764871389.267020,10.901
1764871389.281139,4971,256,1764871389.270313,10.827
1764871389.284305,4972,256,1764871389.273637,10.668
1764871389.287642,4973,256,1764871389.276977,10.664
1764871389.291011,4974,256,1764871389.280373,10.637
1764871389.294270,4975,256,1764871389.283600,10.670
1764871389.297815,4976,256,1764871389.286977,10.838
1764871389.300994,4977,256,1764871389.290304,10.689
1764871389.304269,4978,256,1764871389.293607,10.662
1764871389.307582,4979,256,1764871389.296933,10.649
1764871389.311123,4980,256,1764871389.300244,10.879
1764871389.314316,4981,256,1764871389.303515,10.800
1764871389.317591,4982,256,1764871389.306839,10.752
1764871389.321032,4983,256,1764871389.310185,10.847
1764871389.324360,4984,256,1764871389.313613,10.747
1764871389.327693,4985,256,1764871389.316872,10.822
1764871389.331040,4986,256,1764871389.320187,10.854
1764871389.334387,4987,256,1764871389.323619,10.768
1764871389.337787,4988,256,1764871389.326994,10.793
1764871389.341097,4989,256,1764871389.330268,10.829
1764871389.344505,4990,256,1764871389.333653,10.852
1764871389.347727,4991,256,1764871389.336965,10.762
1764871389.351197,4992,256,1764871389.340384,10.813
1764871389.354476,4993,256,1764871389.343637,10.839
1764871389.357595,4994,256,1764871389.346941,10.654
1764871389.361153,4995,256,1764871389.350279,10.874
1764871389.364463,4996,256,1764871389.353626,10.837
1764871389.367842,4997,256,1764871389.356900,10.942
1764871389.371138,4998,256,1764871389.360310,10.828
1764871389.374266,4999,256,1764871389.363603,10.664
1764871389.377798,5000,256,1764871389.366977,10.821
1764871389.381146,5001,256,1764871389.370290,10.856
1764871389.384465,5002,256,1764871389.373711,10.754
1764871389.387796,5003,256,1764871389.376976,10.821
1764871389.391173,5004,256,1764871389.380329,10.844
1764871389.394465,5005,256,1764871389.383638,10.826
1764871389.397762,5006,256,1764871389.386973,10.788
1764871389.401149,5007,256,1764871389.390360,10.789
1764871389.404396,5008,256,1764871389.393642,10.755
1764871389.407763,5009,256,1764871389.396961,10.802
1764871389.411075,5010,256,1764871389.400242,10.833
1764871389.414502,5011,256,1764871389.403647,10.855
1764871389.417794,5012,256,1764871389.406994,10.800
1764871389.421147,5013,256,1764871389.410319,10.828
1764871389.424366,5014,256,1764871389.413614,10.753
1764871389.427784,5015,256,1764871389.416975,10.809
1764871389.431137,5016,256,1764871389.420315,10.822
1764871389.434467,5017,256,1764871389.423712,10.755
1764871389.437740,5018,256,1764871389.426942,10.798
1764871389.441128,5019,256,1764871389.430309,10.819
1764871389.444431,5020,256,1764871389.433702,10.728
1764871389.447839,5021,256,1764871389.437041,10.798
1764871389.450974,5022,256,1764871389.440382,10.591
1764871389.454435,5023,256,1764871389.443702,10.733
1764871389.457647,5024,256,1764871389.446861,10.786
1764871389.461052,5025,256,1764871389.450203,10.850
1764871389.464284,5026,256,1764871389.453590,10.694
1764871389.467677,5027,256,1764871389.456962,10.715
1764871389.471189,5028,256,1764871389.460422,10.767
1764871389.474255,5029,256,1764871389.463515,10.740
1764871389.477614,5030,256,1764871389.466838,10.777
1764871389.481141,5031,256,1764871389.470349,10.792
1764871389.484302,5032,256,1764871389.473598,10.704
1764871389.487694,5033,256,1764871389.476981,10.713
1764871389.491127,5034,256,1764871389.480316,10.812
1764871389.494456,5035,256,1764871389.483653,10.803
1764871389.497736,5036,256,1764871389.486920,10.816
1764871389.500980,5037,256,1764871389.490161,10.818
1764871389.504481,5038,256,1764871389.493644,10.837
1764871389.507706,5039,256,1764871389.496979,10.726
1764871389.511113,5040,256,1764871389.500326,10.787
1764871389.514402,5041,256,1764871389.503654,10.748
1764871389.517671,5042,256,1764871389.506929,10.742
1764871389.521077,5043,256,1764871389.510262,10.816
1764871389.524404,5044,256,1764871389.513587,10.817
1764871389.527780,5045,256,1764871389.516928,10.852
1764871389.531151,5046,256,1764871389.520291,10.859
1764871389.534304,5047,256,1764871389.523628,10.676
1764871389.537673,5048,256,1764871389.526999,10.674
1764871389.541136,5049,256,1764871389.530271,10.865
1764871389.544541,5050,256,1764871389.533704,10.838
1764871389.547707,5051,256,1764871389.536972,10.735
1764871389.551133,5052,256,1764871389.540315,10.819
1764871389.554393,5053,256,1764871389.543649,10.743
1764871389.558153,5054,256,1764871389.547452,10.702
1764871389.561029,5055,256,1764871389.550184,10.845
1764871389.564336,5056,256,1764871389.553559,10.776
1764871389.567585,5057,256,1764871389.556872,10.713
1764871389.571012,5058,256,1764871389.560208,10.805
1764871389.574306,5059,256,1764871389.563576,10.730
1764871389.577878,5060,256,1764871389.567044,10.835
1764871389.581208,5061,256,1764871389.570340,10.868
1764871389.584517,5062,256,1764871389.573704,10.813
1764871389.587960,5063,256,1764871389.577034,10.926
1764871389.591243,5064,256,1764871389.580407,10.835
1764871389.594494,5065,256,1764871389.583684,10.809
1764871389.598021,5066,256,1764871389.587066,10.954
1764871389.601229,5067,256,1764871389.590359,10.870
1764871389.604485,5068,256,1764871389.593691,10.793
1764871389.607940,5069,256,1764871389.597068,10.872
1764871389.611156,5070,256,1764871389.600378,10.778
1764871389.614563,5071,256,1764871389.603720,10.842
1764871389.617916,5072,256,1764871389.607076,10.840
1764871389.621192,5073,256,1764871389.610418,10.774
1764871389.624387,5074,256,1764871389.613575,10.812
1764871389.628024,5075,256,1764871389.617082,10.942
1764871389.631186,5076,256,1764871389.620402,10.785
1764871389.634489,5077,256,1764871389.623728,10.761
1764871389.637954,5078,256,1764871389.627062,10.892
1764871389.641181,5079,256,1764871389.630398,10.782
1764871389.644536,5080,256,1764871389.633723,10.813
1764871389.648007,5081,256,1764871389.637131,10.875
1764871389.651206,5082,256,1764871389.640400,10.805
1764871389.654522,5083,256,1764871389.643734,10.788
1764871389.657751,5084,256,1764871389.647082,10.669
1764871389.661074,5085,256,1764871389.650391,10.683
1764871389.664402,5086,256,1764871389.653717,10.685
1764871389.667669,5087,256,1764871389.656995,10.674
1764871389.670903,5088,256,1764871389.660180,10.723
1764871389.674273,5089,256,1764871389.663604,10.670
1764871389.677778,5090,256,1764871389.667067,10.710
1764871389.680954,5091,256,1764871389.670301,10.653
1764871389.684392,5092,256,1764871389.673708,10.684
1764871389.687701,5093,256,1764871389.676998,10.703
1764871389.690967,5094,256,1764871389.680302,10.666
1764871389.694368,5095,256,1764871389.683709,10.659
1764871389.697658,5096,256,1764871389.687002,10.656
1764871389.701004,5097,256,1764871389.690372,10.632
1764871389.704283,5098,256,1764871389.693640,10.644
1764871389.707549,5099,256,1764871389.696862,10.687
1764871389.710804,5100,256,1764871389.700176,10.628
1764871389.714285,5101,256,1764871389.703650,10.635
1764871389.717651,5102,256,1764871389.706979,10.672
1764871389.720958,5103,256,1764871389.710279,10.679
1764871389.724229,5104,256,1764871389.713584,10.645
1764871389.727557,5105,256,1764871389.716928,10.629
1764871389.730787,5106,256,1764871389.720164,10.624
1764871389.734361,5107,256,1764871389.723710,10.651
1764871389.737597,5108,256,1764871389.726948,10.650
1764871389.740916,5109,256,1764871389.730268,10.647
1764871389.744267,5110,256,1764871389.733635,10.632
1764871389.747641,5111,256,1764871389.736997,10.644
1764871389.750916,5112,256,1764871389.740261,10.655
1764871389.754356,5113,256,1764871389.743705,10.651
1764871389.757632,5114,256,1764871389.746988,10.644
1764871389.760908,5115,256,1764871389.750294,10.614
1764871389.764334,5116,256,1764871389.753700,10.633
1764871389.767575,5117,256,1764871389.756975,10.600
1764871389.770844,5118,256,1764871389.760263,10.581
1764871389.774065,5119,256,1764871389.763516,10.549
1764871389.777501,5120,256,1764871389.766917,10.585
1764871389.780938,5121,256,1764871389.770253,10.685
1764871389.784187,5122,256,1764871389.773581,10.607
1764871389.787527,5123,256,1764871389.776912,10.615
1764871389.790914,5124,256,1764871389.780243,10.670
1764871389.794247,5125,256,1764871389.783598,10.649
1764871389.797715,5126,256,1764871389.786981,10.734
1764871389.801026,5127,256,1764871389.790310,10.716
1764871389.804194,5128,256,1764871389.793540,10.654
1764871389.807693,5129,256,1764871389.796952,10.740
1764871389.811156,5130,256,1764871389.800410,10.746
1764871389.814239,5131,256,1764871389.803510,10.729
1764871389.817617,5132,256,1764871389.806851,10.766
1764871389.821076,5133,256,1764871389.810289,10.787
1764871389.824333,5134,256,1764871389.813636,10.697
1764871389.827705,5135,256,1764871389.817016,10.689
1764871389.831031,5136,256,1764871389.820300,10.731
1764871389.834379,5137,256,1764871389.823637,10.743
1764871389.837684,5138,256,1764871389.826948,10.736
1764871389.841113,5139,256,1764871389.830304,10.809
1764871389.844300,5140,256,1764871389.833637,10.664
1764871389.847712,5141,256,1764871389.836970,10.742
1764871389.851134,5142,256,1764871389.840357,10.777
1764871389.854326,5143,256,1764871389.843642,10.684
1764871389.857742,5144,256,1764871389.846991,10.751
1764871389.861140,5145,256,1764871389.850372,10.768
1764871389.864403,5146,256,1764871389.853651,10.753
1764871389.867779,5147,256,1764871389.856981,10.798
1764871389.871073,5148,256,1764871389.860274,10.799
1764871389.874362,5149,256,1764871389.863610,10.752
1764871389.877782,5150,256,1764871389.867004,10.778
1764871389.881052,5151,256,1764871389.870336,10.715
1764871389.884365,5152,256,1764871389.873640,10.725
1764871389.887735,5153,256,1764871389.876972,10.763
1764871389.891075,5154,256,1764871389.880373,10.702
1764871389.894421,5155,256,1764871389.883687,10.733
1764871389.897741,5156,256,1764871389.886980,10.761
1764871389.901093,5157,256,1764871389.890269,10.824
1764871389.904438,5158,256,1764871389.893703,10.735
1764871389.907761,5159,256,1764871389.897041,10.720
1764871389.911134,5160,256,1764871389.900307,10.827
1764871389.914481,5161,256,1764871389.903718,10.763
1764871389.917708,5162,256,1764871389.906944,10.764
1764871389.921004,5163,256,1764871389.910188,10.815
1764871389.924190,5164,256,1764871389.913526,10.664
1764871389.927711,5165,256,1764871389.916951,10.760
1764871389.931150,5166,256,1764871389.920270,10.880
1764871389.934411,5167,256,1764871389.923703,10.708
1764871389.937914,5168,256,1764871389.927073,10.841
1764871389.941154,5169,256,1764871389.930295,10.859
1764871389.944392,5170,256,1764871389.933631,10.761
1764871389.947801,5171,256,1764871389.936995,10.806
1764871389.951144,5172,256,1764871389.940266,10.878
1764871389.954373,5173,256,1764871389.943639,10.734
1764871389.957894,5174,256,1764871389.947056,10.838
1764871389.961110,5175,256,1764871389.950270,10.839
1764871389.964390,5176,256,1764871389.953641,10.748
1764871389.967714,5177,256,1764871389.956973,10.741
1764871389.971142,5178,256,1764871389.960300,10.842
1764871389.974354,5179,256,1764871389.963607,10.747
1764871389.977814,5180,256,1764871389.966987,10.827
1764871389.981141,5181,256,1764871389.970307,10.834
1764871389.984350,5182,256,1764871389.973631,10.719
1764871389.987810,5183,256,1764871389.976988,10.822
1764871389.991118,5184,256,1764871389.980306,10.812
1764871389.994470,5185,256,1764871389.983708,10.762
1764871389.997721,5186,256,1764871389.986975,10.746
1764871390.001107,5187,256,1764871389.990349,10.759
1764871390.004478,5188,256,1764871389.993684,10.793
1764871390.007756,5189,256,1764871389.996928,10.828
1764871390.011071,5190,256,1764871390.000305,10.766
1764871390.014377,5191,256,1764871390.003641,10.736
1764871390.017834,5192,256,1764871390.006983,10.851
1764871390.021115,5193,256,1764871390.010267,10.847
1764871390.024315,5194,256,1764871390.013605,10.710
1764871390.027792,5195,256,1764871390.016977,10.815
1764871390.031157,5196,256,1764871390.020304,10.853
1764871390.034338,5197,256,1764871390.023637,10.701
1764871390.037753,5198,256,1764871390.026967,10.786
1764871390.041086,5199,256,1764871390.030297,10.789
1764871390.044432,5200,256,1764871390.033677,10.755
1764871390.047666,5201,256,1764871390.037041,10.625
1764871390.050932,5202,256,1764871390.040170,10.763
1764871390.054217,5203,256,1764871390.043532,10.684
1764871390.057522,5204,256,1764871390.046868,10.653
1764871390.060910,5205,256,1764871390.050182,10.727
1764871390.064683,5206,256,1764871390.053888,10.796
1764871390.067543,5207,256,1764871390.056856,10.687
1764871390.070945,5208,256,1764871390.060276,10.669
1764871390.074295,5209,256,1764871390.063627,10.668
1764871390.077655,5210,256,1764871390.066945,10.711
1764871390.081015,5211,256,1764871390.070308,10.706
1764871390.084421,5212,256,1764871390.073713,10.708
1764871390.087702,5213,256,1764871390.076964,10.737
1764871390.091022,5214,256,1764871390.080308,10.715
1764871390.094388,5215,256,1764871390.083640,10.748
1764871390.097639,5216,256,1764871390.086924,10.715
1764871390.100905,5217,256,1764871390.090167,10.738
1764871390.104361,5218,256,1764871390.093626,10.735
1764871390.107543,5219,256,1764871390.096852,10.691
1764871390.111040,5220,256,1764871390.100306,10.735
1764871390.114351,5221,256,1764871390.103612,10.739
1764871390.117720,5222,256,1764871390.106979,10.741
1764871390.120971,5223,256,1764871390.110248,10.723
1764871390.124257,5224,256,1764871390.113608,10.648
1764871390.127697,5225,256,1764871390.116974,10.723
1764871390.130957,5226,256,1764871390.120199,10.758
1764871390.134323,5227,256,1764871390.123604,10.720
1764871390.137539,5228,256,1764871390.126871,10.668
1764871390.140905,5229,256,1764871390.130157,10.747
1764871390.144359,5230,256,1764871390.133618,10.741
1764871390.147779,5231,256,1764871390.137010,10.769
1764871390.151013,5232,256,1764871390.140283,10.730
1764871390.154338,5233,256,1764871390.143625,10.713
1764871390.157714,5234,256,1764871390.146956,10.757
1764871390.161087,5235,256,1764871390.150262,10.824
1764871390.164375,5236,256,1764871390.153624,10.751
1764871390.167770,5237,256,1764871390.156953,10.817
1764871390.171126,5238,256,1764871390.160320,10.806
1764871390.174388,5239,256,1764871390.163603,10.785
1764871390.177738,5240,256,1764871390.166995,10.743
1764871390.181088,5241,256,1764871390.170299,10.789
1764871390.184547,5242,256,1764871390.173648,10.899
1764871390.187641,5243,256,1764871390.176970,10.671
1764871390.191017,5244,256,1764871390.180299,10.718
1764871390.194397,5245,256,1764871390.183660,10.738
1764871390.197784,5246,256,1764871390.187006,10.779
1764871390.200907,5247,256,1764871390.190249,10.658
1764871390.204321,5248,256,1764871390.193622,10.699
1764871390.207647,5249,256,1764871390.196969,10.678
1764871390.211090,5250,256,1764871390.200370,10.720
1764871390.214355,5251,256,1764871390.203646,10.710
1764871390.217685,5252,256,1764871390.206979,10.705
1764871390.221077,5253,256,1764871390.210322,10.755
1764871390.224288,5254,256,1764871390.213601,10.687
1764871390.227697,5255,256,1764871390.216983,10.714
1764871390.230936,5256,256,1764871390.220194,10.742
1764871390.234348,5257,256,1764871390.223642,10.706
1764871390.237709,5258,256,1764871390.226974,10.735
1764871390.241136,5259,256,1764871390.230352,10.783
1764871390.244329,5260,256,1764871390.233647,10.682
1764871390.247661,5261,256,1764871390.236973,10.688
1764871390.251019,5262,256,1764871390.240300,10.719
1764871390.254545,5263,256,1764871390.243745,10.801
1764871390.257768,5264,256,1764871390.247003,10.765
1764871390.261056,5265,256,1764871390.250330,10.726
1764871390.264214,5266,256,1764871390.253519,10.695
1764871390.267645,5267,256,1764871390.256969,10.676
1764871390.271061,5268,256,1764871390.260331,10.730
1764871390.274441,5269,256,1764871390.263645,10.796
1764871390.277652,5270,256,1764871390.266979,10.674
1764871390.280973,5271,256,1764871390.270247,10.725
1764871390.284346,5272,256,1764871390.273635,10.711
1764871390.287747,5273,256,1764871390.277000,10.747
1764871390.291037,5274,256,1764871390.280307,10.730
1764871390.294314,5275,256,1764871390.283643,10.672
1764871390.297621,5276,256,1764871390.286915,10.706
1764871390.301013,5277,256,1764871390.290198,10.815
1764871390.304174,5278,256,1764871390.293513,10.660
1764871390.307636,5279,256,1764871390.296868,10.768
1764871390.311152,5280,256,1764871390.300366,10.786
1764871390.314232,5281,256,1764871390.303522,10.710
1764871390.317626,5282,256,1764871390.306874,10.752
1764871390.321218,5283,256,1764871390.310328,10.890
1764871390.324348,5284,256,1764871390.313604,10.743
1764871390.327752,5285,256,1764871390.316946,10.806
1764871390.331133,5286,256,1764871390.320309,10.823
1764871390.334311,5287,256,1764871390.323667,10.644
1764871390.337670,5288,256,1764871390.326967,10.703
1764871390.341110,5289,256,1764871390.330282,10.828
1764871390.344237,5290,256,1764871390.333588,10.649
1764871390.347755,5291,256,1764871390.337038,10.717
1764871390.351154,5292,256,1764871390.340303,10.851
1764871390.354426,5293,256,1764871390.343685,10.741
1764871390.357692,5294,256,1764871390.346938,10.754
1764871390.361135,5295,256,1764871390.350278,10.857
1764871390.364379,5296,256,1764871390.353637,10.742
1764871390.367537,5297,256,1764871390.356868,10.669
1764871390.371152,5298,256,1764871390.360301,10.851
1764871390.374255,5299,256,1764871390.363514,10.741
1764871390.377771,5300,256,1764871390.367032,10.739
1764871390.380938,5301,256,1764871390.370198,10.741
1764871390.384278,5302,256,1764871390.373544,10.733
1764871390.387697,5303,256,1764871390.377024,10.673
1764871390.391036,5304,256,1764871390.380193,10.842
1764871390.394292,5305,256,1764871390.383541,10.751
1764871390.397815,5306,256,1764871390.387041,10.773
1764871390.401041,5307,256,1764871390.390223,10.818
1764871390.404312,5308,256,1764871390.393549,10.763
1764871390.407887,5309,256,1764871390.397095,10.793
1764871390.411039,5310,256,1764871390.400209,10.829
1764871390.414352,5311,256,1764871390.403553,10.799
1764871390.417972,5312,256,1764871390.407039,10.933
1764871390.421099,5313,256,1764871390.410296,10.803
1764871390.424352,5314,256,1764871390.413604,10.748
1764871390.427728,5315,256,1764871390.416990,10.738
1764871390.431109,5316,256,1764871390.420338,10.772
1764871390.434364,5317,256,1764871390.423613,10.751
1764871390.437679,5318,256,1764871390.426960,10.719
1764871390.441042,5319,256,1764871390.430310,10.733
1764871390.444392,5320,256,1764871390.433628,10.764
1764871390.447718,5321,256,1764871390.436982,10.737
1764871390.451030,5322,256,1764871390.440327,10.703
1764871390.454453,5323,256,1764871390.443673,10.780
1764871390.457580,5324,256,1764871390.446860,10.720
1764871390.460997,5325,256,1764871390.450259,10.738
1764871390.464312,5326,256,1764871390.453596,10.716
1764871390.467788,5327,256,1764871390.457055,10.733
1764871390.471014,5328,256,1764871390.460309,10.705
1764871390.474197,5329,256,1764871390.463599,10.598
1764871390.477581,5330,256,1764871390.466963,10.618
1764871390.481025,5331,256,1764871390.470272,10.752
1764871390.484293,5332,256,1764871390.473599,10.694
1764871390.487641,5333,256,1764871390.476926,10.715
1764871390.491049,5334,256,1764871390.480271,10.778
1764871390.494456,5335,256,1764871390.483707,10.749
1764871390.497656,5336,256,1764871390.486934,10.722
1764871390.501144,5337,256,1764871390.490375,10.769
1764871390.504397,5338,256,1764871390.493642,10.755
1764871390.507768,5339,256,1764871390.497041,10.727
1764871390.511122,5340,256,1764871390.500347,10.775
1764871390.514380,5341,256,1764871390.503642,10.738
1764871390.517767,5342,256,1764871390.507040,10.728
1764871390.521075,5343,256,1764871390.510265,10.811
1764871390.524345,5344,256,1764871390.513605,10.740
1764871390.527692,5345,256,1764871390.516984,10.708
1764871390.531121,5346,256,1764871390.520337,10.784
1764871390.534492,5347,256,1764871390.523686,10.807
1764871390.537788,5348,256,1764871390.527047,10.741
1764871390.540905,5349,256,1764871390.530265,10.640
1764871390.544243,5350,256,1764871390.533528,10.715
1764871390.547632,5351,256,1764871390.536933,10.698
1764871390.550874,5352,256,1764871390.540165,10.709
1764871390.554423,5353,256,1764871390.543702,10.722
1764871390.557575,5354,256,1764871390.546887,10.688
1764871390.560961,5355,256,1764871390.550177,10.783
1764871390.564431,5356,256,1764871390.553534,10.898
1764871390.567689,5357,256,1764871390.556879,10.811
1764871390.570939,5358,256,1764871390.560171,10.768
1764871390.574371,5359,256,1764871390.563553,10.818
1764871390.577881,5360,256,1764871390.567049,10.832
1764871390.581094,5361,256,1764871390.570212,10.882
1764871390.584343,5362,256,1764871390.573526,10.818
1764871390.587901,5363,256,1764871390.577101,10.801
1764871390.591017,5364,256,1764871390.580199,10.818
1764871390.594351,5365,256,1764871390.583551,10.799
1764871390.597724,5366,256,1764871390.586945,10.779
1764871390.600963,5367,256,1764871390.590201,10.762
1764871390.604365,5368,256,1764871390.593551,10.814
1764871390.607779,5369,256,1764871390.596990,10.789
1764871390.611106,5370,256,1764871390.600325,10.781
1764871390.614477,5371,256,1764871390.603691,10.786
1764871390.617774,5372,256,1764871390.607032,10.743
1764871390.621082,5373,256,1764871390.610259,10.823
1764871390.624412,5374,256,1764871390.613645,10.767
1764871390.627743,5375,256,1764871390.616983,10.760
1764871390.631149,5376,256,1764871390.620362,10.787
1764871390.634509,5377,256,1764871390.623695,10.814
1764871390.637814,5378,256,1764871390.627030,10.784
1764871390.641135,5379,256,1764871390.630358,10.776
1764871390.644517,5380,256,1764871390.633706,10.811
1764871390.647689,5381,256,1764871390.636901,10.788
1764871390.651151,5382,256,1764871390.640387,10.763
1764871390.654619,5383,256,1764871390.643752,10.867
1764871390.657809,5384,256,1764871390.647028,10.781
1764871390.661128,5385,256,1764871390.650359,10.768
1764871390.664515,5386,256,1764871390.653721,10.794
1764871390.667903,5387,256,1764871390.657100,10.803
1764871390.670951,5388,256,1764871390.660193,10.758
1764871390.674431,5389,256,1764871390.663645,10.786
1764871390.677777,5390,256,1764871390.667030,10.746
1764871390.681168,5391,256,1764871390.670391,10.777
1764871390.684547,5392,256,1764871390.673712,10.835
1764871390.687669,5393,256,1764871390.676979,10.690
1764871390.690786,5394,256,1764871390.680179,10.607
1764871390.694168,5395,256,1764871390.683527,10.642
1764871390.697603,5396,256,1764871390.686855,10.747
1764871390.700917,5397,256,1764871390.690168,10.749
1764871390.704373,5398,256,1764871390.693677,10.697
1764871390.707666,5399,256,1764871390.697015,10.651
1764871390.711050,5400,256,1764871390.700375,10.675
1764871390.714480,5401,256,1764871390.703688,10.792
1764871390.717728,5402,256,1764871390.706884,10.844
1764871390.721090,5403,256,1764871390.710180,10.910
1764871390.724450,5404,256,1764871390.713667,10.783
1764871390.727869,5405,256,1764871390.717024,10.845
1764871390.731211,5406,256,1764871390.720333,10.879
1764871390.734268,5407,256,1764871390.723501,10.767
1764871390.737915,5408,256,1764871390.727085,10.830
1764871390.741175,5409,256,1764871390.730253,10.922
1764871390.744427,5410,256,1764871390.733674,10.753
1764871390.747834,5411,256,1764871390.737087,10.747
1764871390.751127,5412,256,1764871390.740395,10.731
1764871390.754331,5413,256,1764871390.743566,10.765
1764871390.757588,5414,256,1764871390.746879,10.709
1764871390.760990,5415,256,1764871390.750168,10.822
1764871390.764298,5416,256,1764871390.753541,10.757
1764871390.767901,5417,256,1764871390.757000,10.901
1764871390.771216,5418,256,1764871390.760287,10.929
1764871390.774475,5419,256,1764871390.763655,10.820
1764871390.777854,5420,256,1764871390.766997,10.857
1764871390.781178,5421,256,1764871390.770322,10.855
1764871390.784508,5422,256,1764871390.773649,10.859
1764871390.787717,5423,256,1764871390.777011,10.705
1764871390.791002,5424,256,1764871390.780354,10.648
1764871390.794358,5425,256,1764871390.783687,10.671
1764871390.797744,5426,256,1764871390.786975,10.769
1764871390.801139,5427,256,1764871390.790371,10.768
1764871390.804351,5428,256,1764871390.793638,10.713
1764871390.807562,5429,256,1764871390.796870,10.692
1764871390.811073,5430,256,1764871390.800312,10.761
1764871390.814278,5431,256,1764871390.803513,10.766
1764871390.817638,5432,256,1764871390.806870,10.768
1764871390.820950,5433,256,1764871390.810195,10.756
1764871390.824286,5434,256,1764871390.813520,10.766
1764871390.827790,5435,256,1764871390.816994,10.796
1764871390.831114,5436,256,1764871390.820332,10.782
1764871390.834291,5437,256,1764871390.823550,10.741
1764871390.837815,5438,256,1764871390.827037,10.778
1764871390.841120,5439,256,1764871390.830307,10.813
1764871390.844397,5440,256,1764871390.833675,10.722
1764871390.847862,5441,256,1764871390.837001,10.861
1764871390.851031,5442,256,1764871390.840353,10.678
1764871390.854393,5443,256,1764871390.843682,10.710
1764871390.857712,5444,256,1764871390.847023,10.689
1764871390.860928,5445,256,1764871390.850201,10.727
1764871390.864417,5446,256,1764871390.853704,10.714
1764871390.867783,5447,256,1764871390.857086,10.698
1764871390.871148,5448,256,1764871390.860363,10.786
1764871390.874400,5449,256,1764871390.863578,10.822
1764871390.877785,5450,256,1764871390.867028,10.757
1764871390.881088,5451,256,1764871390.870345,10.743
1764871390.884369,5452,256,1764871390.873562,10.807
1764871390.887846,5453,256,1764871390.877031,10.815
1764871390.891158,5454,256,1764871390.880343,10.815
1764871390.894437,5455,256,1764871390.883680,10.757
1764871390.897798,5456,256,1764871390.887028,10.769
1764871390.901147,5457,256,1764871390.890360,10.787
1764871390.904283,5458,256,1764871390.893514,10.768
1764871390.907742,5459,256,1764871390.896982,10.759
1764871390.911162,5460,256,1764871390.900369,10.792
1764871390.914467,5461,256,1764871390.903681,10.786
1764871390.917779,5462,256,1764871390.907012,10.767
1764871390.921154,5463,256,1764871390.910355,10.799
1764871390.924320,5464,256,1764871390.913560,10.760
1764871390.927754,5465,256,1764871390.916982,10.772
1764871390.931165,5466,256,1764871390.920361,10.804
1764871390.934562,5467,256,1764871390.923731,10.831
1764871390.937759,5468,256,1764871390.926995,10.764
1764871390.941146,5469,256,1764871390.930369,10.778
1764871390.944368,5470,256,1764871390.933630,10.738
1764871390.947773,5471,256,1764871390.936981,10.792
1764871390.951024,5472,256,1764871390.940310,10.714
1764871390.954310,5473,256,1764871390.943604,10.706
1764871390.957687,5474,256,1764871390.946977,10.711
1764871390.960797,5475,256,1764871390.950172,10.625
1764871390.964293,5476,256,1764871390.953513,10.779
1764871390.967667,5477,256,1764871390.956961,10.706
1764871390.970846,5478,256,1764871390.960165,10.681
1764871390.974274,5479,256,1764871390.963528,10.746
1764871390.977660,5480,256,1764871390.966960,10.700
1764871390.980814,5481,256,1764871390.970179,10.635
1764871390.984279,5482,256,1764871390.973529,10.750
1764871390.987721,5483,256,1764871390.977007,10.715
1764871390.990904,5484,256,1764871390.980171,10.733
1764871390.994245,5485,256,1764871390.983530,10.715
1764871390.997730,5486,256,1764871390.986965,10.765
1764871391.001095,5487,256,1764871390.990274,10.821
1764871391.004388,5488,256,1764871390.993636,10.752
1764871391.013324,5489,256,1764871390.996984,16.340
1764871391.013474,5490,256,1764871391.000310,13.164
1764871391.014446,5491,256,1764871391.003684,10.762
1764871391.023906,5492,256,1764871391.013019,10.887
1764871391.024200,5493,256,1764871391.013226,10.974
1764871391.024709,5494,256,1764871391.013493,11.216
1764871391.027757,5495,256,1764871391.016994,10.763
1764871391.031108,5496,256,1764871391.020353,10.754
1764871391.034430,5497,256,1764871391.023673,10.757
1764871391.037762,5498,256,1764871391.027010,10.752
1764871391.041117,5499,256,1764871391.030241,10.877
1764871391.044533,5500,256,1764871391.033737,10.796
1764871391.048112,5501,256,1764871391.037031,11.081
1764871391.051207,5502,256,1764871391.040365,10.842
1764871391.054205,5503,256,1764871391.043516,10.690
1764871391.057676,5504,256,1764871391.047019,10.657
1764871391.061010,5505,256,1764871391.050209,10.801
1764871391.064398,5506,256,1764871391.053527,10.871
1764871391.067589,5507,256,1764871391.056861,10.728
1764871391.071186,5508,256,1764871391.060249,10.937
1764871391.074234,5509,256,1764871391.063506,10.728
1764871391.077816,5510,256,1764871391.066996,10.820
1764871391.081235,5511,256,1764871391.070365,10.870
1764871391.084558,5512,256,1764871391.073699,10.859
1764871391.087681,5513,256,1764871391.076880,10.800
1764871391.090966,5514,256,1764871391.080184,10.782
1764871391.094371,5515,256,1764871391.083604,10.767
1764871391.097604,5516,256,1764871391.086875,10.729
1764871391.100962,5517,256,1764871391.090189,10.773
1764871391.104458,5518,256,1764871391.093673,10.785
1764871391.107687,5519,256,1764871391.096991,10.695
1764871391.110885,5520,256,1764871391.100183,10.702
1764871391.114237,5521,256,1764871391.103525,10.711
1764871391.117590,5522,256,1764871391.106871,10.719
1764871391.121096,5523,256,1764871391.110332,10.764
1764871391.124169,5524,256,1764871391.113532,10.637
1764871391.127569,5525,256,1764871391.116857,10.712
1764871391.130912,5526,256,1764871391.120181,10.731
1764871391.134328,5527,256,1764871391.123653,10.674
1764871391.137658,5528,256,1764871391.127019,10.639
1764871391.140812,5529,256,1764871391.130181,10.631
1764871391.144476,5530,256,1764871391.133712,10.765
1764871391.147626,5531,256,1764871391.136981,10.645
1764871391.150986,5532,256,1764871391.140328,10.658
1764871391.154379,5533,256,1764871391.143694,10.685
1764871391.157659,5534,256,1764871391.147014,10.645
1764871391.160751,5535,256,1764871391.150160,10.591
1764871391.164112,5536,256,1764871391.153496,10.616
1764871391.167649,5537,256,1764871391.156919,10.729
1764871391.170909,5538,256,1764871391.160159,10.750
1764871391.174356,5539,256,1764871391.163614,10.743
1764871391.177689,5540,256,1764871391.167020,10.669
1764871391.180965,5541,256,1764871391.170185,10.780
1764871391.184395,5542,256,1764871391.173637,10.758
1764871391.187742,5543,256,1764871391.177001,10.741
1764871391.191085,5544,256,1764871391.180321,10.764
1764871391.194351,5545,256,1764871391.183637,10.714
1764871391.197719,5546,256,1764871391.186973,10.746
1764871391.201088,5547,256,1764871391.190308,10.780
1764871391.204245,5548,256,1764871391.193529,10.715
1764871391.207687,5549,256,1764871391.196982,10.705
1764871391.211086,5550,256,1764871391.200384,10.702
1764871391.214272,5551,256,1764871391.203527,10.744
1764871391.217798,5552,256,1764871391.207053,10.745
1764871391.220814,5553,256,1764871391.210180,10.633
1764871391.224247,5554,256,1764871391.213610,10.637
1764871391.227584,5555,256,1764871391.216978,10.606
1764871391.230954,5556,256,1764871391.220330,10.624
1764871391.234324,5557,256,1764871391.223636,10.688
1764871391.237684,5558,256,1764871391.226976,10.708
1764871391.240902,5559,256,1764871391.230183,10.719
1764871391.244426,5560,256,1764871391.233654,10.772
1764871391.247745,5561,256,1764871391.236988,10.757
1764871391.250961,5562,256,1764871391.240177,10.783
1764871391.254519,5563,256,1764871391.243691,10.828
1764871391.257774,5564,256,1764871391.247020,10.754
1764871391.260972,5565,256,1764871391.250197,10.775
1764871391.264355,5566,256,1764871391.253555,10.801
1764871391.267545,5567,256,1764871391.256849,10.695
1764871391.270850,5568,256,1764871391.260179,10.671
1764871391.274240,5569,256,1764871391.263603,10.637
1764871391.277581,5570,256,1764871391.266990,10.591
1764871391.282048,5571,256,1764871391.270186,11.861
1764871391.284304,5572,256,1764871391.273540,10.764
1764871391.287528,5573,256,1764871391.276843,10.685
1764871391.292710,5574,256,1764871391.281935,10.775
1764871391.294234,5575,256,1764871391.283625,10.608
1764871391.297500,5576,256,1764871391.286849,10.651
1764871391.301018,5577,256,1764871391.290170,10.847
1764871391.304402,5578,256,1764871391.293604,10.799
1764871391.307680,5579,256,1764871391.296935,10.745
1764871391.311007,5580,256,1764871391.300249,10.759
1764871391.314638,5581,256,1764871391.303707,10.932
1764871391.317707,5582,256,1764871391.306959,10.748
1764871391.320892,5583,256,1764871391.310193,10.700
1764871391.324139,5584,256,1764871391.313517,10.622
1764871391.327623,5585,256,1764871391.316916,10.707
1764871391.330985,5586,256,1764871391.320177,10.808
1764871391.334315,5587,256,1764871391.323618,10.698
1764871391.337637,5588,256,1764871391.326923,10.714
1764871391.340976,5589,256,1764871391.330205,10.771
1764871391.344382,5590,256,1764871391.333660,10.723
1764871391.347983,5591,256,1764871391.337041,10.942
1764871391.351101,5592,256,1764871391.340306,10.796
1764871391.354430,5593,256,1764871391.343659,10.771
1764871391.357795,5594,256,1764871391.347026,10.769
1764871391.361109,5595,256,1764871391.350347,10.762
1764871391.364394,5596,256,1764871391.353694,10.700
1764871391.367746,5597,256,1764871391.356988,10.758
1764871391.370941,5598,256,1764871391.360180,10.761
1764871391.374351,5599,256,1764871391.363617,10.734
1764871391.377617,5600,256,1764871391.366912,10.705
1764871391.381129,5601,256,1764871391.370345,10.784
1764871391.384512,5602,256,1764871391.373724,10.789
1764871391.387814,5603,256,1764871391.377030,10.784
1764871391.391038,5604,256,1764871391.380258,10.780
1764871391.394330,5605,256,1764871391.383589,10.741
1764871391.397652,5606,256,1764871391.386935,10.718
1764871391.400901,5607,256,1764871391.390214,10.686
1764871391.404300,5608,256,1764871391.393564,10.736
1764871391.407631,5609,256,1764871391.396935,10.696
1764871391.410971,5610,256,1764871391.400251,10.720
1764871391.414517,5611,256,1764871391.403729,10.788
1764871391.417803,5612,256,1764871391.407029,10.774
1764871391.421165,5613,256,1764871391.410357,10.808
1764871391.424438,5614,256,1764871391.413654,10.784
1764871391.427763,5615,256,1764871391.417019,10.744
1764871391.431113,5616,256,1764871391.420360,10.753
1764871391.434480,5617,256,1764871391.423689,10.790
1764871391.437633,5618,256,1764871391.426859,10.774
1764871391.440917,5619,256,1764871391.430173,10.744
1764871391.444246,5620,256,1764871391.433529,10.717
1764871391.447605,5621,256,1764871391.437002,10.603
1764871391.450816,5622,256,1764871391.440179,10.636
1764871391.454233,5623,256,1764871391.443525,10.708
1764871391.457769,5624,256,1764871391.447021,10.747
1764871391.460890,5625,256,1764871391.450152,10.738
1764871391.464182,5626,256,1764871391.453495,10.687
1764871391.467717,5627,256,1764871391.456969,10.748
1764871391.471034,5628,256,1764871391.460308,10.726
1764871391.474354,5629,256,1764871391.463615,10.739
1764871391.477716,5630,256,1764871391.466943,10.774
1764871391.481017,5631,256,1764871391.470184,10.833
1764871391.484189,5632,256,1764871391.473524,10.665
1764871391.487691,5633,256,1764871391.476948,10.743
1764871391.491065,5634,256,1764871391.480265,10.800
1764871391.494241,5635,256,1764871391.483514,10.728
1764871391.497741,5636,256,1764871391.486929,10.812
1764871391.501149,5637,256,1764871391.490309,10.840
1764871391.504343,5638,256,1764871391.493611,10.732
1764871391.507781,5639,256,1764871391.496960,10.821
1764871391.511196,5640,256,1764871391.500376,10.821
1764871391.514481,5641,256,1764871391.503716,10.766
1764871391.517904,5642,256,1764871391.507060,10.844
1764871391.521151,5643,256,1764871391.510272,10.879
1764871391.524355,5644,256,1764871391.513535,10.821
1764871391.527715,5645,256,1764871391.516964,10.751
1764871391.531042,5646,256,1764871391.520195,10.847
1764871391.534382,5647,256,1764871391.523640,10.742
1764871391.537642,5648,256,1764871391.526850,10.792
1764871391.540902,5649,256,1764871391.530178,10.724
1764871391.544370,5650,256,1764871391.533606,10.764
1764871391.547707,5651,256,1764871391.536977,10.731
1764871391.551116,5652,256,1764871391.540367,10.749
1764871391.554341,5653,256,1764871391.543630,10.710
1764871391.557639,5654,256,1764871391.546974,10.664
1764871391.560945,5655,256,1764871391.550193,10.752
1764871391.564486,5656,256,1764871391.553615,10.871
1764871391.567596,5657,256,1764871391.556886,10.710
1764871391.570851,5658,256,1764871391.560200,10.651
1764871391.574221,5659,256,1764871391.563582,10.638
1764871391.577682,5660,256,1764871391.566998,10.684
1764871391.580844,5661,256,1764871391.570171,10.673
1764871391.584154,5662,256,1764871391.573498,10.656
1764871391.587539,5663,256,1764871391.576871,10.668
1764871391.590864,5664,256,1764871391.580184,10.679
1764871391.594409,5665,256,1764871391.583702,10.707
1764871391.597631,5666,256,1764871391.586999,10.632
1764871391.601033,5667,256,1764871391.590283,10.751
1764871391.604327,5668,256,1764871391.593615,10.713
1764871391.607661,5669,256,1764871391.596956,10.705
1764871391.610900,5670,256,1764871391.600170,10.730
1764871391.614182,5671,256,1764871391.603526,10.657
1764871391.617671,5672,256,1764871391.606963,10.708
1764871391.620809,5673,256,1764871391.610183,10.626
1764871391.624299,5674,256,1764871391.613603,10.696
1764871391.627684,5675,256,1764871391.616968,10.716
1764871391.630910,5676,256,1764871391.620179,10.731
1764871391.634346,5677,256,1764871391.623627,10.719
1764871391.637641,5678,256,1764871391.626938,10.703
1764871391.640893,5679,256,1764871391.630184,10.709
1764871391.644365,5680,256,1764871391.633643,10.722
1764871391.647671,5681,256,1764871391.636980,10.690
1764871391.650913,5682,256,1764871391.640180,10.733
1764871391.654197,5683,256,1764871391.643525,10.672
1764871391.657634,5684,256,1764871391.646962,10.672
1764871391.660895,5685,256,1764871391.650183,10.711
1764871391.664383,5686,256,1764871391.653691,10.692
1764871391.667811,5687,256,1764871391.657035,10.776
1764871391.670905,5688,256,1764871391.660185,10.720
1764871391.674136,5689,256,1764871391.663519,10.617
1764871391.677429,5690,256,1764871391.666842,10.587
1764871391.681019,5691,256,1764871391.670326,10.693
1764871391.684351,5692,256,1764871391.673709,10.642
1764871391.687677,5693,256,1764871391.677040,10.637
1764871391.690913,5694,256,1764871391.680301,10.612
1764871391.694182,5695,256,1764871391.683531,10.651
1764871391.697634,5696,256,1764871391.686998,10.636
1764871391.700965,5697,256,1764871391.690263,10.702
1764871391.704350,5698,256,1764871391.693678,10.671
1764871391.707668,5699,256,1764871391.697034,10.633
1764871391.710958,5700,256,1764871391.700310,10.648
1764871391.714251,5701,256,1764871391.703605,10.645
1764871391.717614,5702,256,1764871391.706978,10.636
1764871391.721009,5703,256,1764871391.710375,10.635
1764871391.724235,5704,256,1764871391.713606,10.629
1764871391.727591,5705,256,1764871391.716972,10.618
1764871391.730920,5706,256,1764871391.720309,10.611
1764871391.734332,5707,256,1764871391.723695,10.637
1764871391.737556,5708,256,1764871391.726930,10.626
1764871391.740959,5709,256,1764871391.730305,10.653
1764871391.744309,5710,256,1764871391.733669,10.641
1764871391.747594,5711,256,1764871391.736943,10.651
1764871391.751061,5712,256,1764871391.740347,10.714
1764871391.754298,5713,256,1764871391.743653,10.645
1764871391.757605,5714,256,1764871391.746952,10.653
1764871391.761026,5715,256,1764871391.750354,10.673
1764871391.764290,5716,256,1764871391.753647,10.643
1764871391.767613,5717,256,1764871391.756980,10.633
1764871391.771009,5718,256,1764871391.760372,10.637
1764871391.774240,5719,256,1764871391.763604,10.636
1764871391.777691,5720,256,1764871391.767064,10.627
1764871391.780923,5721,256,1764871391.770302,10.621
1764871391.784145,5722,256,1764871391.773526,10.619
1764871391.787560,5723,256,1764871391.776946,10.614
1764871391.790922,5724,256,1764871391.780276,10.647
1764871391.794264,5725,256,1764871391.783640,10.624
1764871391.797633,5726,256,1764871391.787003,10.630
1764871391.801108,5727,256,1764871391.790265,10.843
1764871391.804407,5728,256,1764871391.793587,10.820
1764871391.807873,5729,256,1764871391.796996,10.877
1764871391.811331,5730,256,1764871391.800549,10.782
1764871391.814779,5731,256,1764871391.803843,10.936
1764871391.817697,5732,256,1764871391.806878,10.820
1764871391.820977,5733,256,1764871391.810181,10.796
1764871391.824241,5734,256,1764871391.813513,10.728
1764871391.828008,5735,256,1764871391.817039,10.969
1764871391.831186,5736,256,1764871391.820332,10.854
1764871391.834504,5737,256,1764871391.823686,10.819
1764871391.837903,5738,256,1764871391.827050,10.853
1764871391.841260,5739,256,1764871391.830336,10.924
1764871391.844629,5740,256,1764871391.833756,10.873
1764871391.847924,5741,256,1764871391.837020,10.904
1764871391.851175,5742,256,1764871391.840373,10.802
1764871391.854459,5743,256,1764871391.843688,10.771
1764871391.857901,5744,256,1764871391.847008,10.893
1764871391.861199,5745,256,1764871391.850366,10.833
1764871391.864501,5746,256,1764871391.853649,10.851
1764871391.867968,5747,256,1764871391.857091,10.876
1764871391.871241,5748,256,1764871391.860358,10.884
1764871391.874563,5749,256,1764871391.863689,10.874
1764871391.877875,5750,256,1764871391.867034,10.841
1764871391.881227,5751,256,1764871391.870374,10.853
1764871391.884526,5752,256,1764871391.873696,10.830
1764871391.887913,5753,256,1764871391.877040,10.872
1764871391.891217,5754,256,1764871391.880374,10.843
1764871391.894584,5755,256,1764871391.883759,10.825
1764871391.897518,5756,256,1764871391.886859,10.659
1764871391.901009,5757,256,1764871391.890362,10.646
1764871391.904366,5758,256,1764871391.893655,10.711
1764871391.907866,5759,256,1764871391.897043,10.823
1764871391.911156,5760,256,1764871391.900316,10.839
1764871391.914513,5761,256,1764871391.903655,10.858
1764871391.917950,5762,256,1764871391.907093,10.857
1764871391.921195,5763,256,1764871391.910329,10.866
1764871391.924527,5764,256,1764871391.913680,10.847
1764871391.927756,5765,256,1764871391.916994,10.762
1764871391.931242,5766,256,1764871391.920358,10.884
1764871391.934597,5767,256,1764871391.923723,10.874
1764871391.937850,5768,256,1764871391.927026,10.823
1764871391.941118,5769,256,1764871391.930376,10.743
1764871391.944484,5770,256,1764871391.933691,10.793
1764871391.947806,5771,256,1764871391.937016,10.789
1764871391.951001,5772,256,1764871391.940315,10.686
1764871391.954391,5773,256,1764871391.943691,10.700
1764871391.957707,5774,256,1764871391.947026,10.681
1764871391.961036,5775,256,1764871391.950350,10.686
1764871391.964375,5776,256,1764871391.953684,10.692
1764871391.967788,5777,256,1764871391.957026,10.762
1764871391.971036,5778,256,1764871391.960318,10.718
1764871391.974454,5779,256,1764871391.963680,10.774
1764871391.977859,5780,256,1764871391.967028,10.831
1764871391.981132,5781,256,1764871391.970363,10.769
1764871391.984491,5782,256,1764871391.973753,10.738
1764871391.987662,5783,256,1764871391.976999,10.662
1764871391.990990,5784,256,1764871391.980173,10.817
1764871391.994217,5785,256,1764871391.983523,10.694
1764871391.997591,5786,256,1764871391.986836,10.755
1764871392.001055,5787,256,1764871391.990308,10.747
1764871392.004430,5788,256,1764871391.993645,10.785
1764871392.007945,5789,256,1764871391.997113,10.832
1764871392.011102,5790,256,1764871392.000194,10.908
1764871392.014209,5791,256,1764871392.003522,10.688
1764871392.017847,5792,256,1764871392.007033,10.815
1764871392.020992,5793,256,1764871392.010189,10.803
1764871392.024242,5794,256,1764871392.013541,10.701
1764871392.027711,5795,256,1764871392.017004,10.707
1764871392.031094,5796,256,1764871392.020186,10.907
1764871392.034371,5797,256,1764871392.023566,10.805
1764871392.037908,5798,256,1764871392.027024,10.884
1764871392.041182,5799,256,1764871392.030306,10.876
1764871392.044464,5800,256,1764871392.033631,10.833
1764871392.047863,5801,256,1764871392.037038,10.825
1764871392.051044,5802,256,1764871392.040340,10.703
1764871392.054349,5803,256,1764871392.043647,10.701
1764871392.057692,5804,256,1764871392.046971,10.720
1764871392.060979,5805,256,1764871392.050169,10.810
1764871392.064297,5806,256,1764871392.053519,10.779
1764871392.067574,5807,256,1764871392.056866,10.708
1764871392.070960,5808,256,1764871392.060172,10.788
1764871392.074493,5809,256,1764871392.063610,10.884
1764871392.077750,5810,256,1764871392.066940,10.811
1764871392.081176,5811,256,1764871392.070300,10.875
1764871392.084338,5812,256,1764871392.073605,10.733
1764871392.087735,5813,256,1764871392.076992,10.743
1764871392.091123,5814,256,1764871392.080370,10.753
1764871392.094385,5815,256,1764871392.083637,10.748
1764871392.097795,5816,256,1764871392.087065,10.729
1764871392.101144,5817,256,1764871392.090307,10.837
1764871392.104387,5818,256,1764871392.093632,10.755
1764871392.107766,5819,256,1764871392.096960,10.806
1764871392.111170,5820,256,1764871392.100308,10.862
1764871392.114461,5821,256,1764871392.103709,10.753
1764871392.117782,5822,256,1764871392.106970,10.812
1764871392.121117,5823,256,1764871392.110269,10.848
1764871392.124341,5824,256,1764871392.113604,10.737
1764871392.127670,5825,256,1764871392.116968,10.701
1764871392.130974,5826,256,1764871392.120311,10.664
1764871392.134436,5827,256,1764871392.123627,10.809
1764871392.137759,5828,256,1764871392.126984,10.775
1764871392.141055,5829,256,1764871392.130263,10.792
1764871392.144411,5830,256,1764871392.133631,10.780
1764871392.147873,5831,256,1764871392.137043,10.830
1764871392.151125,5832,256,1764871392.140308,10.817
1764871392.154400,5833,256,1764871392.143657,10.743
1764871392.157605,5834,256,1764871392.146851,10.755
1764871392.160876,5835,256,1764871392.150194,10.682
1764871392.164433,5836,256,1764871392.153641,10.792
1764871392.167666,5837,256,1764871392.156960,10.706
1764871392.170990,5838,256,1764871392.160250,10.740
1764871392.174229,5839,256,1764871392.163512,10.717
1764871392.177743,5840,256,1764871392.166992,10.751
1764871392.181115,5841,256,1764871392.170295,10.820
1764871392.184355,5842,256,1764871392.173603,10.752
1764871392.187584,5843,256,1764871392.176985,10.599
1764871392.190939,5844,256,1764871392.180284,10.655
1764871392.194254,5845,256,1764871392.183607,10.648
1764871392.197665,5846,256,1764871392.186930,10.735
1764871392.200782,5847,256,1764871392.190160,10.622
1764871392.204353,5848,256,1764871392.193694,10.659
1764871392.207685,5849,256,1764871392.196944,10.741
1764871392.211047,5850,256,1764871392.200290,10.756
1764871392.214293,5851,256,1764871392.203625,10.667
1764871392.217868,5852,256,1764871392.207060,10.808
1764871392.221006,5853,256,1764871392.210248,10.758
1764871392.224188,5854,256,1764871392.213519,10.669
1764871392.227712,5855,256,1764871392.216964,10.747
1764871392.230950,5856,256,1764871392.220190,10.760
1764871392.234289,5857,256,1764871392.223633,10.656
1764871392.237590,5858,256,1764871392.226938,10.653
1764871392.241085,5859,256,1764871392.230303,10.782
1764871392.244324,5860,256,1764871392.233635,10.689
1764871392.247674,5861,256,1764871392.236941,10.732
1764871392.251027,5862,256,1764871392.240288,10.738
1764871392.254376,5863,256,1764871392.243664,10.712
1764871392.257775,5864,256,1764871392.247038,10.737
1764871392.261106,5865,256,1764871392.250367,10.739
1764871392.264358,5866,256,1764871392.253702,10.655
1764871392.267734,5867,256,1764871392.256970,10.763
1764871392.271000,5868,256,1764871392.260252,10.748
1764871392.274267,5869,256,1764871392.263602,10.665
1764871392.277717,5870,256,1764871392.266971,10.746
1764871392.281034,5871,256,1764871392.270312,10.722
1764871392.284276,5872,256,1764871392.273639,10.637
1764871392.287766,5873,256,1764871392.276972,10.794
1764871392.291023,5874,256,1764871392.280270,10.752
1764871392.294287,5875,256,1764871392.283635,10.653
1764871392.297620,5876,256,1764871392.286969,10.651
1764871392.301084,5877,256,1764871392.290313,10.771
1764871392.304328,5878,256,1764871392.293646,10.682
1764871392.307673,5879,256,1764871392.296983,10.689
1764871392.310977,5880,256,1764871392.300169,10.808
1764871392.314393,5881,256,1764871392.303523,10.871
1764871392.317667,5882,256,1764871392.306864,10.804
1764871392.320994,5883,256,1764871392.310178,10.816
1764871392.324427,5884,256,1764871392.313610,10.817
1764871392.327739,5885,256,1764871392.316979,10.760
1764871392.331119,5886,256,1764871392.320306,10.813
1764871392.334328,5887,256,1764871392.323516,10.812
1764871392.337899,5888,256,1764871392.326989,10.911
1764871392.341159,5889,256,1764871392.330277,10.882
1764871392.344407,5890,256,1764871392.333628,10.779
1764871392.347750,5891,256,1764871392.336977,10.774
1764871392.350963,5892,256,1764871392.340303,10.659
1764871392.354218,5893,256,1764871392.343504,10.714
1764871392.357684,5894,256,1764871392.347013,10.671
1764871392.360902,5895,256,1764871392.350173,10.729
1764871392.364408,5896,256,1764871392.353650,10.758
1764871392.367704,5897,256,1764871392.356992,10.713
1764871392.371014,5898,256,1764871392.360239,10.776
1764871392.374124,5899,256,1764871392.363516,10.608
1764871392.377686,5900,256,1764871392.366973,10.713
1764871392.380972,5901,256,1764871392.370183,10.789
1764871392.384209,5902,256,1764871392.373545,10.664
1764871392.387520,5903,256,1764871392.376906,10.613
1764871392.391021,5904,256,1764871392.380253,10.767
1764871392.394192,5905,256,1764871392.383550,10.642
1764871392.397754,5906,256,1764871392.387004,10.750
1764871392.401117,5907,256,1764871392.390239,10.878
1764871392.404188,5908,256,1764871392.393543,10.644
1764871392.407746,5909,256,1764871392.397018,10.729
1764871392.411141,5910,256,1764871392.400305,10.837
1764871392.414487,5911,256,1764871392.403697,10.789
1764871392.417934,5912,256,1764871392.407065,10.869
1764871392.421128,5913,256,1764871392.410262,10.865
1764871392.424241,5914,256,1764871392.413588,10.653
1764871392.427721,5915,256,1764871392.416931,10.790
1764871392.430954,5916,256,1764871392.420241,10.713
1764871392.434471,5917,256,1764871392.423699,10.772
1764871392.437916,5918,256,1764871392.427027,10.888
1764871392.441105,5919,256,1764871392.430325,10.781
1764871392.444501,5920,256,1764871392.433742,10.760
1764871392.447648,5921,256,1764871392.437012,10.636
1764871392.450998,5922,256,1764871392.440366,10.632
1764871392.454290,5923,256,1764871392.443644,10.646
1764871392.457656,5924,256,1764871392.446975,10.681
1764871392.460948,5925,256,1764871392.450176,10.772
1764871392.464401,5926,256,1764871392.453723,10.678
1764871392.467795,5927,256,1764871392.456992,10.803
1764871392.471142,5928,256,1764871392.460320,10.822
1764871392.474411,5929,256,1764871392.463657,10.754
1764871392.477853,5930,256,1764871392.467027,10.826
1764871392.481133,5931,256,1764871392.470326,10.806
1764871392.484443,5932,256,1764871392.473679,10.764
1764871392.487666,5933,256,1764871392.477017,10.649
1764871392.491118,5934,256,1764871392.480419,10.699
1764871392.494398,5935,256,1764871392.483700,10.698
1764871392.497764,5936,256,1764871392.487008,10.756
1764871392.501096,5937,256,1764871392.490303,10.793
1764871392.504323,5938,256,1764871392.493617,10.706
1764871392.507682,5939,256,1764871392.496959,10.723
1764871392.511120,5940,256,1764871392.500346,10.774
1764871392.514469,5941,256,1764871392.503676,10.792
1764871392.518199,5942,256,1764871392.507139,11.060
1764871392.521176,5943,256,1764871392.510353,10.822
1764871392.524478,5944,256,1764871392.513695,10.783
1764871392.527888,5945,256,1764871392.517068,10.820
1764871392.531120,5946,256,1764871392.520388,10.732
1764871392.534416,5947,256,1764871392.523687,10.730
1764871392.537770,5948,256,1764871392.527025,10.744
1764871392.541165,5949,256,1764871392.530370,10.795
1764871392.544486,5950,256,1764871392.533698,10.788
1764871392.547940,5951,256,1764871392.537086,10.855
1764871392.551157,5952,256,1764871392.540391,10.766
1764871392.554580,5953,256,1764871392.543792,10.789
1764871392.557842,5954,256,1764871392.547032,10.810
1764871392.560985,5955,256,1764871392.550231,10.754
1764871392.564332,5956,256,1764871392.553513,10.819
1764871392.567865,5957,256,1764871392.556918,10.947
1764871392.571069,5958,256,1764871392.560196,10.873
1764871392.574209,5959,256,1764871392.563507,10.702
1764871392.577764,5960,256,1764871392.566981,10.783
1764871392.581183,5961,256,1764871392.570378,10.806
1764871392.584435,5962,256,1764871392.573657,10.778
1764871392.587790,5963,256,1764871392.577014,10.776
1764871392.591025,5964,256,1764871392.580192,10.834
1764871392.594513,5965,256,1764871392.583699,10.814
1764871392.597850,5966,256,1764871392.587030,10.820
1764871392.601151,5967,256,1764871392.590373,10.777
1764871392.604459,5968,256,1764871392.593665,10.793
1764871392.607712,5969,256,1764871392.596921,10.791
1764871392.610915,5970,256,1764871392.600160,10.756
1764871392.614513,5971,256,1764871392.603739,10.774
1764871392.617898,5972,256,1764871392.607036,10.863
1764871392.621140,5973,256,1764871392.610319,10.821
1764871392.624417,5974,256,1764871392.613660,10.757
1764871392.627763,5975,256,1764871392.617015,10.748
1764871392.631031,5976,256,1764871392.620256,10.775
1764871392.634426,5977,256,1764871392.623665,10.761
1764871392.637736,5978,256,1764871392.627002,10.734
1764871392.641093,5979,256,1764871392.630323,10.770
1764871392.644456,5980,256,1764871392.633671,10.786
1764871392.647772,5981,256,1764871392.637013,10.759
1764871392.651166,5982,256,1764871392.640337,10.829
1764871392.654345,5983,256,1764871392.643538,10.808
1764871392.657835,5984,256,1764871392.647007,10.828
1764871392.661151,5985,256,1764871392.650381,10.770
1764871392.664378,5986,256,1764871392.653678,10.700
1764871392.667810,5987,256,1764871392.657019,10.791
1764871392.671045,5988,256,1764871392.660319,10.726
1764871392.674359,5989,256,1764871392.663564,10.795
1764871392.677763,5990,256,1764871392.667014,10.750
1764871392.681115,5991,256,1764871392.670335,10.780
1764871392.684492,5992,256,1764871392.673689,10.803
1764871392.687754,5993,256,1764871392.676997,10.757
1764871392.691212,5994,256,1764871392.680363,10.849
1764871392.694415,5995,256,1764871392.683684,10.731
1764871392.697757,5996,256,1764871392.687020,10.737
1764871392.701198,5997,256,1764871392.690380,10.817
1764871392.704406,5998,256,1764871392.693700,10.706
1764871392.707712,5999,256,1764871392.697084,10.628
1764871392.711057,6000,256,1764871392.700398,10.659
