t_recv,seq,bytes,t_send,latency_ms
1764724061.734148,1,256,1764724061.701378,32.770
1764724061.737956,2,256,1764724061.706357,31.598
1764724061.743055,3,256,1764724061.711372,31.682
1764724061.747935,4,256,1764724061.716347,31.588
1764724061.753007,5,256,1764724061.721390,31.617
1764724061.758017,6,256,1764724061.726410,31.607
1764724061.762928,7,256,1764724061.731378,31.550
1764724061.767982,8,256,1764724061.736380,31.601
1764724061.772942,9,256,1764724061.741356,31.586
1764724061.778012,10,256,1764724061.746449,31.563
1764724061.782948,11,256,1764724061.751335,31.613
1764724061.787977,12,256,1764724061.756367,31.610
1764724061.792821,13,256,1764724061.761337,31.485
1764724061.797974,14,256,1764724061.766426,31.548
1764724061.802958,15,256,1764724061.771366,31.592
1764724061.807913,16,256,1764724061.776360,31.552
1764724061.812865,17,256,1764724061.781372,31.493
1764724061.817947,18,256,1764724061.786427,31.519
1764724061.822824,19,256,1764724061.791348,31.476
1764724061.827787,20,256,1764724061.796315,31.472
1764724061.832923,21,256,1764724061.801432,31.491
1764724061.837862,22,256,1764724061.806366,31.496
1764724061.842895,23,256,1764724061.811330,31.565
1764724061.847934,24,256,1764724061.816352,31.582
1764724061.852903,25,256,1764724061.821341,31.562
1764724061.857832,26,256,1764724061.826305,31.528
1764724061.862971,27,256,1764724061.831327,31.644
1764724061.867847,28,256,1764724061.836368,31.479
1764724061.872969,29,256,1764724061.841336,31.633
1764724061.877992,30,256,1764724061.846424,31.568
1764724061.883192,31,256,1764724061.851413,31.779
1764724061.887889,32,256,1764724061.856333,31.557
1764724061.893111,33,256,1764724061.861407,31.704
1764724061.897865,34,256,1764724061.866325,31.540
1764724061.903102,35,256,1764724061.871309,31.793
1764724061.907866,36,256,1764724061.876319,31.546
1764724061.912979,37,256,1764724061.881346,31.633
1764724061.917881,38,256,1764724061.886324,31.557
1764724061.923110,39,256,1764724061.891338,31.772
1764724061.927910,40,256,1764724061.896325,31.586
1764724061.932975,41,256,1764724061.901358,31.618
1764724061.937829,42,256,1764724061.906325,31.504
1764724061.942793,43,256,1764724061.911331,31.462
1764724061.947711,44,256,1764724061.916311,31.399
1764724061.952942,45,256,1764724061.921401,31.541
1764724061.957717,46,256,1764724061.926324,31.393
1764724061.963037,47,256,1764724061.931316,31.720
1764724061.967826,48,256,1764724061.936311,31.515
1764724061.973038,49,256,1764724061.941324,31.714
1764724061.977806,50,256,1764724061.946282,31.523
1764724061.982889,51,256,1764724061.951303,31.585
1764724061.987812,52,256,1764724061.956308,31.504
1764724061.992873,53,256,1764724061.961291,31.582
1764724061.997864,54,256,1764724061.966312,31.552
1764724062.002993,55,256,1764724061.971379,31.614
1764724062.007852,56,256,1764724061.976422,31.430
1764724062.012833,57,256,1764724061.981318,31.514
1764724062.017751,58,256,1764724061.986335,31.416
1764724062.022864,59,256,1764724061.991409,31.455
1764724062.027830,60,256,1764724061.996371,31.459
1764724062.033001,61,256,1764724062.001344,31.658
1764724062.037868,62,256,1764724062.006356,31.512
1764724062.042914,63,256,1764724062.011359,31.555
1764724062.047919,64,256,1764724062.016365,31.554
1764724062.052882,65,256,1764724062.021405,31.476
1764724062.057762,66,256,1764724062.026308,31.454
1764724062.062720,67,256,1764724062.031298,31.422
1764724062.067744,68,256,1764724062.036300,31.444
1764724062.072792,69,256,1764724062.041302,31.489
1764724062.077756,70,256,1764724062.046303,31.453
1764724062.082756,71,256,1764724062.051310,31.446
1764724062.087839,72,256,1764724062.056318,31.521
1764724062.092883,73,256,1764724062.061383,31.500
1764724062.097852,74,256,1764724062.066317,31.535
1764724062.102822,75,256,1764724062.071349,31.473
1764724062.107846,76,256,1764724062.076312,31.535
1764724062.112902,77,256,1764724062.081370,31.533
1764724062.117868,78,256,1764724062.086317,31.550
1764724062.122947,79,256,1764724062.091408,31.539
1764724062.127807,80,256,1764724062.096313,31.494
1764724062.132868,81,256,1764724062.101373,31.495
1764724062.137839,82,256,1764724062.106310,31.529
1764724062.142772,83,256,1764724062.111304,31.468
1764724062.147774,84,256,1764724062.116371,31.403
1764724062.152792,85,256,1764724062.121402,31.390
1764724062.157709,86,256,1764724062.126309,31.400
1764724062.162814,87,256,1764724062.131310,31.504
1764724062.167756,88,256,1764724062.136304,31.452
1764724062.172821,89,256,1764724062.141304,31.517
1764724062.177737,90,256,1764724062.146302,31.435
1764724062.182801,91,256,1764724062.151302,31.499
1764724062.187686,92,256,1764724062.156305,31.382
1764724062.192798,93,256,1764724062.161304,31.494
1764724062.197700,94,256,1764724062.166301,31.399
1764724062.202841,95,256,1764724062.171326,31.515
1764724062.207832,96,256,1764724062.176360,31.472
1764724062.212910,97,256,1764724062.181368,31.542
1764724062.217880,98,256,1764724062.186367,31.513
1764724062.222933,99,256,1764724062.191373,31.560
1764724062.227857,100,256,1764724062.196367,31.490
1764724062.232839,101,256,1764724062.201319,31.520
1764724062.237838,102,256,1764724062.206357,31.481
1764724062.242949,103,256,1764724062.211319,31.629
1764724062.247793,104,256,1764724062.216352,31.441
1764724062.252862,105,256,1764724062.221319,31.543
1764724062.257797,106,256,1764724062.226365,31.432
1764724062.262786,107,256,1764724062.231324,31.462
1764724062.267832,108,256,1764724062.236318,31.514
1764724062.272863,109,256,1764724062.241374,31.488
1764724062.277800,110,256,1764724062.246325,31.475
1764724062.282794,111,256,1764724062.251352,31.442
1764724062.287723,112,256,1764724062.256319,31.404
1764724062.292872,113,256,1764724062.261395,31.477
1764724062.297758,114,256,1764724062.266316,31.442
1764724062.302738,115,256,1764724062.271327,31.411
1764724062.307964,116,256,1764724062.276374,31.589
1764724062.312982,117,256,1764724062.281325,31.657
1764724062.317920,118,256,1764724062.286336,31.583
1764724062.322963,119,256,1764724062.291321,31.642
1764724062.327949,120,256,1764724062.296393,31.555
1764724062.332819,121,256,1764724062.301327,31.492
1764724062.337878,122,256,1764724062.306411,31.467
1764724062.342949,123,256,1764724062.311424,31.525
1764724062.347868,124,256,1764724062.316364,31.504
1764724062.352963,125,256,1764724062.321359,31.604
1764724062.357851,126,256,1764724062.326358,31.492
1764724062.362926,127,256,1764724062.331420,31.506
1764724062.367819,128,256,1764724062.336325,31.494
1764724062.372878,129,256,1764724062.341326,31.552
1764724062.377750,130,256,1764724062.346306,31.444
1764724062.382868,131,256,1764724062.351310,31.558
1764724062.387756,132,256,1764724062.356310,31.446
1764724062.392892,133,256,1764724062.361310,31.582
1764724062.397755,134,256,1764724062.366308,31.447
1764724062.402877,135,256,1764724062.371309,31.569
1764724062.407741,136,256,1764724062.376308,31.433
1764724062.412835,137,256,1764724062.381314,31.521
1764724062.417744,138,256,1764724062.386307,31.437
1764724062.422920,139,256,1764724062.391314,31.605
1764724062.427793,140,256,1764724062.396306,31.487
1764724062.432754,141,256,1764724062.401313,31.441
1764724062.437731,142,256,1764724062.406308,31.423
1764724062.442842,143,256,1764724062.411310,31.532
1764724062.447850,144,256,1764724062.416315,31.535
1764724062.452817,145,256,1764724062.421314,31.504
1764724062.457752,146,256,1764724062.426309,31.443
1764724062.462842,147,256,1764724062.431321,31.521
1764724062.467857,148,256,1764724062.436329,31.528
1764724062.472940,149,256,1764724062.441325,31.615
1764724062.477790,150,256,1764724062.446316,31.474
1764724062.482864,151,256,1764724062.451335,31.529
1764724062.487788,152,256,1764724062.456324,31.464
1764724062.492759,153,256,1764724062.461324,31.435
1764724062.497722,154,256,1764724062.466332,31.390
1764724062.502760,155,256,1764724062.471331,31.429
1764724062.507832,156,256,1764724062.476300,31.532
1764724062.512983,157,256,1764724062.481328,31.655
1764724062.517737,158,256,1764724062.486307,31.430
1764724062.522968,159,256,1764724062.491398,31.570
1764724062.527799,160,256,1764724062.496331,31.469
1764724062.532923,161,256,1764724062.501382,31.542
1764724062.537831,162,256,1764724062.506394,31.437
1764724062.542879,163,256,1764724062.511410,31.469
1764724062.547876,164,256,1764724062.516417,31.459
1764724062.552917,165,256,1764724062.521404,31.513
1764724062.557819,166,256,1764724062.526391,31.429
1764724062.562968,167,256,1764724062.531401,31.568
1764724062.567905,168,256,1764724062.536420,31.485
1764724062.572847,169,256,1764724062.541360,31.487
1764724062.577808,170,256,1764724062.546392,31.417
1764724062.582904,171,256,1764724062.551417,31.487
1764724062.587730,172,256,1764724062.556334,31.396
1764724062.592725,173,256,1764724062.561304,31.421
1764724062.597718,174,256,1764724062.566300,31.418
1764724062.602896,175,256,1764724062.571413,31.483
1764724062.607829,176,256,1764724062.576423,31.406
1764724062.612880,177,256,1764724062.581392,31.488
1764724062.618686,178,256,1764724062.586325,32.361
1764724062.622730,179,256,1764724062.591326,31.403
1764724062.627750,180,256,1764724062.596319,31.431
1764724062.632819,181,256,1764724062.601324,31.495
1764724062.637844,182,256,1764724062.606320,31.524
1764724062.642777,183,256,1764724062.611281,31.496
1764724062.647753,184,256,1764724062.616328,31.425
1764724062.652765,185,256,1764724062.621336,31.429
1764724062.657849,186,256,1764724062.626303,31.546
1764724062.662774,187,256,1764724062.631306,31.469
1764724062.667833,188,256,1764724062.636402,31.432
1764724062.672834,189,256,1764724062.641381,31.452
1764724062.677791,190,256,1764724062.646329,31.462
1764724062.682787,191,256,1764724062.651308,31.480
1764724062.687804,192,256,1764724062.656334,31.471
1764724062.692968,193,256,1764724062.661469,31.498
1764724062.697981,194,256,1764724062.666496,31.485
1764724062.703107,195,256,1764724062.671539,31.567
1764724062.707978,196,256,1764724062.676493,31.484
1764724062.712982,197,256,1764724062.681487,31.494
1764724062.718036,198,256,1764724062.686492,31.544
1764724062.723073,199,256,1764724062.691531,31.542
1764724062.728001,200,256,1764724062.696487,31.514
1764724062.732867,201,256,1764724062.701446,31.421
1764724062.738171,202,256,1764724062.706443,31.729
1764724062.743046,203,256,1764724062.711606,31.440
1764724062.747825,204,256,1764724062.716332,31.493
1764724062.752716,205,256,1764724062.721327,31.389
1764724062.757779,206,256,1764724062.726329,31.451
1764724062.762842,207,256,1764724062.731410,31.432
1764724062.767774,208,256,1764724062.736319,31.455
1764724062.772852,209,256,1764724062.741317,31.536
1764724062.777820,210,256,1764724062.746340,31.480
1764724062.782813,211,256,1764724062.751333,31.479
1764724062.787834,212,256,1764724062.756319,31.515
1764724062.792905,213,256,1764724062.761351,31.554
1764724062.797930,214,256,1764724062.766372,31.558
1764724062.803009,215,256,1764724062.771440,31.569
1764724062.808025,216,256,1764724062.776430,31.595
1764724062.812798,217,256,1764724062.781327,31.471
1764724062.817797,218,256,1764724062.786348,31.449
1764724062.822901,219,256,1764724062.791445,31.456
1764724062.827866,220,256,1764724062.796449,31.416
1764724062.832891,221,256,1764724062.801447,31.444
1764724062.837915,222,256,1764724062.806469,31.446
1764724062.842907,223,256,1764724062.811336,31.571
1764724062.847712,224,256,1764724062.816330,31.382
1764724062.852715,225,256,1764724062.821332,31.384
1764724062.857797,226,256,1764724062.826346,31.451
1764724062.862781,227,256,1764724062.831348,31.434
1764724062.867794,228,256,1764724062.836335,31.459
1764724062.872766,229,256,1764724062.841331,31.434
1764724062.877878,230,256,1764724062.846330,31.548
1764724062.882866,231,256,1764724062.851322,31.543
1764724062.887847,232,256,1764724062.856374,31.473
1764724062.892807,233,256,1764724062.861334,31.473
1764724062.897978,234,256,1764724062.866359,31.618
1764724062.902818,235,256,1764724062.871332,31.486
1764724062.907803,236,256,1764724062.876322,31.481
1764724062.912663,237,256,1764724062.881322,31.342
1764724062.917810,238,256,1764724062.886321,31.489
1764724062.922746,239,256,1764724062.891325,31.421
1764724062.927799,240,256,1764724062.896324,31.474
1764724062.932760,241,256,1764724062.901324,31.436
1764724062.937800,242,256,1764724062.906319,31.481
1764724062.942847,243,256,1764724062.911323,31.524
1764724062.947799,244,256,1764724062.916321,31.477
1764724062.952830,245,256,1764724062.921323,31.507
1764724062.957829,246,256,1764724062.926324,31.506
1764724062.962830,247,256,1764724062.931322,31.508
1764724062.967778,248,256,1764724062.936322,31.455
1764724062.972873,249,256,1764724062.941326,31.547
1764724062.977839,250,256,1764724062.946320,31.519
1764724062.982862,251,256,1764724062.951358,31.504
1764724062.987894,252,256,1764724062.956369,31.524
1764724062.992797,253,256,1764724062.961367,31.430
1764724062.997830,254,256,1764724062.966374,31.456
1764724063.002855,255,256,1764724062.971387,31.468
1764724063.007877,256,256,1764724062.976455,31.422
1764724063.012852,257,256,1764724062.981335,31.517
1764724063.017815,258,256,1764724062.986326,31.488
1764724063.022888,259,256,1764724062.991334,31.554
1764724063.027802,260,256,1764724062.996324,31.478
1764724063.032828,261,256,1764724063.001336,31.492
1764724063.037844,262,256,1764724063.006351,31.492
1764724063.042857,263,256,1764724063.011381,31.476
1764724063.047983,264,256,1764724063.016456,31.528
1764724063.053000,265,256,1764724063.021549,31.451
1764724063.057799,266,256,1764724063.026360,31.439
1764724063.062818,267,256,1764724063.031401,31.417
1764724063.067752,268,256,1764724063.036365,31.388
1764724063.072851,269,256,1764724063.041407,31.445
1764724063.077877,270,256,1764724063.046452,31.425
1764724063.082793,271,256,1764724063.051347,31.446
1764724063.087792,272,256,1764724063.056333,31.459
1764724063.092799,273,256,1764724063.061329,31.470
1764724063.097747,274,256,1764724063.066348,31.399
1764724063.102879,275,256,1764724063.071335,31.543
1764724063.107803,276,256,1764724063.076353,31.450
1764724063.112844,277,256,1764724063.081335,31.509
1764724063.117884,278,256,1764724063.086332,31.552
1764724063.122940,279,256,1764724063.091328,31.612
1764724063.128160,280,256,1764724063.096438,31.722
1764724063.132964,281,256,1764724063.101362,31.602
1764724063.138057,282,256,1764724063.106335,31.721
1764724063.142951,283,256,1764724063.111333,31.618
1764724063.148057,284,256,1764724063.116339,31.718
1764724063.152958,285,256,1764724063.121331,31.626
1764724063.158019,286,256,1764724063.126337,31.682
1764724063.162977,287,256,1764724063.131356,31.622
1764724063.168020,288,256,1764724063.136336,31.684
1764724063.172854,289,256,1764724063.141371,31.483
1764724063.177959,290,256,1764724063.146342,31.618
1764724063.182876,291,256,1764724063.151363,31.513
1764724063.187790,292,256,1764724063.156343,31.447
1764724063.192807,293,256,1764724063.161362,31.445
1764724063.197757,294,256,1764724063.166340,31.417
1764724063.202820,295,256,1764724063.171375,31.446
1764724063.207697,296,256,1764724063.176347,31.350
1764724063.212895,297,256,1764724063.181342,31.553
1764724063.217754,298,256,1764724063.186334,31.420
1764724063.222862,299,256,1764724063.191340,31.522
1764724063.227780,300,256,1764724063.196335,31.444
1764724063.233274,301,256,1764724063.201344,31.930
1764724063.237739,302,256,1764724063.206344,31.395
1764724063.242766,303,256,1764724063.211343,31.423
1764724063.247921,304,256,1764724063.216376,31.545
1764724063.252810,305,256,1764724063.221354,31.456
1764724063.257859,306,256,1764724063.226444,31.415
1764724063.262847,307,256,1764724063.231342,31.505
1764724063.267827,308,256,1764724063.236345,31.482
1764724063.272740,309,256,1764724063.241341,31.398
1764724063.277803,310,256,1764724063.246358,31.445
1764724063.282787,311,256,1764724063.251336,31.451
1764724063.287752,312,256,1764724063.256332,31.420
1764724063.292886,313,256,1764724063.261334,31.552
1764724063.297784,314,256,1764724063.266339,31.445
1764724063.302746,315,256,1764724063.271339,31.407
1764724063.307856,316,256,1764724063.276382,31.474
1764724063.312884,317,256,1764724063.281404,31.479
1764724063.318114,318,256,1764724063.286454,31.660
1764724063.322987,319,256,1764724063.291347,31.640
1764724063.327878,320,256,1764724063.296432,31.447
1764724063.332844,321,256,1764724063.301342,31.502
1764724063.337751,322,256,1764724063.306339,31.412
1764724063.342836,323,256,1764724063.311343,31.493
1764724063.347776,324,256,1764724063.316337,31.439
1764724063.352854,325,256,1764724063.321328,31.526
1764724063.357765,326,256,1764724063.326338,31.427
1764724063.362777,327,256,1764724063.331341,31.436
1764724063.367758,328,256,1764724063.336348,31.410
1764724063.372947,329,256,1764724063.341317,31.630
1764724063.377799,330,256,1764724063.346344,31.456
1764724063.382867,331,256,1764724063.351357,31.510
1764724063.387759,332,256,1764724063.356346,31.413
1764724063.392853,333,256,1764724063.361351,31.502
1764724063.397750,334,256,1764724063.366345,31.404
1764724063.402924,335,256,1764724063.371356,31.569
1764724063.407805,336,256,1764724063.376346,31.459
1764724063.412873,337,256,1764724063.381318,31.555
1764724063.417832,338,256,1764724063.386347,31.485
1764724063.422906,339,256,1764724063.391350,31.556
1764724063.427912,340,256,1764724063.396348,31.564
1764724063.432874,341,256,1764724063.401346,31.527
1764724063.437787,342,256,1764724063.406372,31.415
1764724063.442869,343,256,1764724063.411348,31.521
1764724063.447804,344,256,1764724063.416364,31.440
1764724063.452747,345,256,1764724063.421343,31.404
1764724063.457779,346,256,1764724063.426334,31.445
1764724063.462869,347,256,1764724063.431347,31.522
1764724063.467848,348,256,1764724063.436367,31.481
1764724063.472850,349,256,1764724063.441347,31.503
1764724063.477851,350,256,1764724063.446357,31.494
1764724063.482961,351,256,1764724063.451349,31.611
1764724063.487870,352,256,1764724063.456360,31.510
1764724063.492795,353,256,1764724063.461348,31.446
1764724063.497820,354,256,1764724063.466336,31.484
1764724063.502746,355,256,1764724063.471332,31.414
1764724063.507836,356,256,1764724063.476339,31.497
1764724063.512779,357,256,1764724063.481334,31.445
1764724063.517798,358,256,1764724063.486339,31.458
1764724063.522918,359,256,1764724063.491344,31.574
1764724063.527824,360,256,1764724063.496334,31.490
1764724063.532740,361,256,1764724063.501341,31.399
1764724063.537816,362,256,1764724063.506336,31.480
1764724063.542937,363,256,1764724063.511345,31.592
1764724063.547880,364,256,1764724063.516359,31.522
1764724063.552963,365,256,1764724063.521351,31.612
1764724063.557918,366,256,1764724063.526341,31.577
1764724063.562891,367,256,1764724063.531342,31.549
1764724063.567839,368,256,1764724063.536341,31.499
1764724063.573008,369,256,1764724063.541396,31.612
1764724063.577931,370,256,1764724063.546337,31.594
1764724063.582951,371,256,1764724063.551352,31.599
1764724063.587890,372,256,1764724063.556343,31.547
1764724063.592889,373,256,1764724063.561339,31.550
1764724063.597785,374,256,1764724063.566334,31.450
1764724063.603028,375,256,1764724063.571414,31.614
1764724063.607946,376,256,1764724063.576500,31.446
1764724063.612836,377,256,1764724063.581381,31.455
1764724063.617871,378,256,1764724063.586401,31.470
1764724063.622934,379,256,1764724063.591379,31.555
1764724063.627783,380,256,1764724063.596363,31.420
1764724063.632934,381,256,1764724063.601416,31.518
1764724063.637821,382,256,1764724063.606355,31.466
1764724063.642767,383,256,1764724063.611347,31.420
1764724063.647817,384,256,1764724063.616355,31.462
1764724063.652893,385,256,1764724063.621406,31.487
1764724063.657809,386,256,1764724063.626359,31.451
1764724063.662855,387,256,1764724063.631416,31.438
1764724063.667858,388,256,1764724063.636425,31.434
1764724063.672863,389,256,1764724063.641434,31.429
1764724063.677840,390,256,1764724063.646386,31.455
1764724063.683331,391,256,1764724063.651351,31.981
1764724063.687948,392,256,1764724063.656361,31.587
1764724063.692815,393,256,1764724063.661364,31.451
1764724063.697945,394,256,1764724063.666366,31.579
1764724063.702953,395,256,1764724063.671354,31.600
1764724063.707983,396,256,1764724063.676320,31.663
1764724063.712838,397,256,1764724063.681352,31.486
1764724063.717987,398,256,1764724063.686379,31.608
1764724063.722969,399,256,1764724063.691409,31.559
1764724063.727965,400,256,1764724063.696374,31.591
1764724063.732915,401,256,1764724063.701429,31.487
1764724063.737884,402,256,1764724063.706376,31.508
1764724063.742941,403,256,1764724063.711399,31.542
1764724063.747922,404,256,1764724063.716381,31.541
1764724063.752936,405,256,1764724063.721383,31.553
1764724063.757906,406,256,1764724063.726368,31.538
1764724063.763076,407,256,1764724063.731440,31.636
1764724063.768025,408,256,1764724063.736361,31.664
1764724063.772950,409,256,1764724063.741412,31.538
1764724063.777963,410,256,1764724063.746361,31.602
1764724063.782960,411,256,1764724063.751436,31.524
1764724063.787897,412,256,1764724063.756351,31.546
1764724063.792988,413,256,1764724063.761448,31.540
1764724063.797985,414,256,1764724063.766413,31.572
1764724063.803097,415,256,1764724063.771444,31.653
1764724063.807909,416,256,1764724063.776411,31.498
1764724063.812930,417,256,1764724063.781387,31.543
1764724063.817976,418,256,1764724063.786409,31.566
1764724063.822935,419,256,1764724063.791372,31.563
1764724063.827811,420,256,1764724063.796331,31.479
1764724063.833006,421,256,1764724063.801506,31.500
1764724063.837893,422,256,1764724063.806355,31.538
1764724063.842918,423,256,1764724063.811351,31.567
1764724063.847906,424,256,1764724063.816357,31.549
1764724063.852926,425,256,1764724063.821369,31.557
1764724063.857881,426,256,1764724063.826355,31.526
1764724063.862907,427,256,1764724063.831366,31.542
1764724063.867931,428,256,1764724063.836355,31.576
1764724063.872895,429,256,1764724063.841367,31.529
1764724063.877850,430,256,1764724063.846414,31.436
1764724063.882967,431,256,1764724063.851411,31.556
1764724063.887841,432,256,1764724063.856395,31.446
1764724063.892998,433,256,1764724063.861406,31.593
1764724063.897842,434,256,1764724063.866417,31.425
1764724063.902946,435,256,1764724063.871367,31.580
1764724063.907808,436,256,1764724063.876361,31.448
1764724063.912977,437,256,1764724063.881400,31.577
1764724063.917915,438,256,1764724063.886407,31.509
1764724063.922937,439,256,1764724063.891374,31.563
1764724063.928012,440,256,1764724063.896435,31.576
1764724063.932913,441,256,1764724063.901415,31.498
1764724063.937968,442,256,1764724063.906416,31.553
1764724063.942973,443,256,1764724063.911417,31.557
1764724063.947895,444,256,1764724063.916401,31.494
1764724063.952971,445,256,1764724063.921407,31.563
1764724063.957861,446,256,1764724063.926407,31.455
1764724063.962968,447,256,1764724063.931411,31.557
1764724063.967946,448,256,1764724063.936427,31.519
1764724063.972985,449,256,1764724063.941419,31.566
1764724063.977854,450,256,1764724063.946411,31.443
1764724063.982879,451,256,1764724063.951404,31.475
1764724063.987927,452,256,1764724063.956414,31.513
1764724063.992876,453,256,1764724063.961415,31.461
1764724063.997866,454,256,1764724063.966419,31.446
1764724064.002858,455,256,1764724063.971417,31.441
1764724064.007873,456,256,1764724063.976420,31.453
1764724064.012943,457,256,1764724063.981407,31.536
1764724064.017888,458,256,1764724063.986422,31.466
1764724064.022990,459,256,1764724063.991450,31.540
1764724064.027926,460,256,1764724063.996419,31.507
1764724064.032976,461,256,1764724064.001410,31.565
1764724064.037885,462,256,1764724064.006363,31.522
1764724064.042943,463,256,1764724064.011398,31.545
1764724064.047921,464,256,1764724064.016416,31.505
1764724064.052989,465,256,1764724064.021417,31.572
1764724064.057878,466,256,1764724064.026420,31.459
1764724064.062940,467,256,1764724064.031410,31.530
1764724064.067836,468,256,1764724064.036417,31.419
1764724064.072982,469,256,1764724064.041416,31.566
1764724064.077802,470,256,1764724064.046404,31.398
1764724064.082864,471,256,1764724064.051418,31.446
1764724064.087851,472,256,1764724064.056403,31.448
1764724064.092846,473,256,1764724064.061392,31.454
1764724064.097810,474,256,1764724064.066387,31.423
1764724064.102857,475,256,1764724064.071412,31.445
1764724064.107922,476,256,1764724064.076425,31.496
1764724064.112835,477,256,1764724064.081360,31.475
1764724064.117791,478,256,1764724064.086351,31.440
1764724064.122906,479,256,1764724064.091358,31.548
1764724064.127866,480,256,1764724064.096361,31.505
1764724064.132892,481,256,1764724064.101363,31.529
1764724064.137805,482,256,1764724064.106355,31.450
1764724064.142869,483,256,1764724064.111329,31.539
1764724064.147911,484,256,1764724064.116362,31.549
1764724064.152941,485,256,1764724064.121399,31.541
1764724064.157873,486,256,1764724064.126356,31.517
1764724064.162855,487,256,1764724064.131371,31.484
1764724064.167742,488,256,1764724064.136360,31.381
1764724064.172934,489,256,1764724064.141356,31.578
1764724064.177854,490,256,1764724064.146363,31.492
1764724064.183001,491,256,1764724064.151361,31.640
1764724064.187741,492,256,1764724064.156362,31.379
1764724064.192994,493,256,1764724064.161358,31.636
1764724064.197739,494,256,1764724064.166355,31.384
1764724064.202902,495,256,1764724064.171357,31.544
1764724064.207861,496,256,1764724064.176418,31.443
1764724064.212810,497,256,1764724064.181366,31.444
1764724064.217799,498,256,1764724064.186359,31.440
1764724064.222959,499,256,1764724064.191367,31.592
1764724064.227797,500,256,1764724064.196357,31.439
1764724064.233008,501,256,1764724064.201380,31.628
1764724064.237868,502,256,1764724064.206373,31.495
1764724064.242839,503,256,1764724064.211429,31.410
1764724064.247842,504,256,1764724064.216367,31.476
1764724064.252862,505,256,1764724064.221416,31.446
1764724064.257831,506,256,1764724064.226366,31.465
1764724064.262773,507,256,1764724064.231359,31.415
1764724064.267944,508,256,1764724064.236384,31.561
1764724064.272837,509,256,1764724064.241369,31.468
1764724064.277825,510,256,1764724064.246359,31.466
1764724064.282770,511,256,1764724064.251356,31.414
1764724064.287796,512,256,1764724064.256360,31.435
1764724064.292935,513,256,1764724064.261380,31.555
1764724064.297833,514,256,1764724064.266417,31.417
1764724064.302835,515,256,1764724064.271382,31.454
1764724064.307768,516,256,1764724064.276376,31.392
1764724064.312856,517,256,1764724064.281378,31.478
1764724064.317816,518,256,1764724064.286364,31.452
1764724064.322892,519,256,1764724064.291374,31.518
1764724064.327841,520,256,1764724064.296366,31.475
1764724064.332854,521,256,1764724064.301363,31.491
1764724064.337945,522,256,1764724064.306453,31.492
1764724064.342840,523,256,1764724064.311376,31.464
1764724064.347899,524,256,1764724064.316360,31.539
1764724064.352863,525,256,1764724064.321378,31.485
1764724064.358051,526,256,1764724064.326495,31.556
1764724064.362875,527,256,1764724064.331439,31.436
1764724064.367971,528,256,1764724064.336484,31.486
1764724064.372910,529,256,1764724064.341460,31.450
1764724064.377949,530,256,1764724064.346479,31.470
1764724064.382942,531,256,1764724064.351472,31.470
1764724064.387860,532,256,1764724064.356390,31.470
1764724064.392877,533,256,1764724064.361380,31.497
1764724064.397996,534,256,1764724064.366480,31.516
1764724064.402862,535,256,1764724064.371393,31.469
1764724064.407962,536,256,1764724064.376482,31.480
1764724064.412917,537,256,1764724064.381450,31.467
1764724064.417928,538,256,1764724064.386485,31.443
1764724064.422921,539,256,1764724064.391459,31.461
1764724064.427984,540,256,1764724064.396491,31.494
1764724064.433148,541,256,1764724064.401465,31.682
1764724064.437933,542,256,1764724064.406472,31.461
1764724064.442870,543,256,1764724064.411381,31.489
1764724064.448027,544,256,1764724064.416481,31.546
1764724064.453003,545,256,1764724064.421454,31.549
1764724064.457938,546,256,1764724064.426465,31.473
1764724064.463115,547,256,1764724064.431459,31.656
1764724064.467922,548,256,1764724064.436481,31.442
1764724064.472952,549,256,1764724064.441483,31.469
1764724064.478082,550,256,1764724064.446475,31.607
1764724064.483014,551,256,1764724064.451497,31.516
1764724064.487912,552,256,1764724064.456374,31.538
1764724064.492853,553,256,1764724064.461381,31.472
1764724064.498059,554,256,1764724064.466482,31.577
1764724064.502915,555,256,1764724064.471461,31.453
1764724064.507883,556,256,1764724064.476480,31.403
1764724064.512852,557,256,1764724064.481434,31.419
1764724064.517905,558,256,1764724064.486492,31.413
1764724064.522866,559,256,1764724064.491362,31.504
1764724064.527800,560,256,1764724064.496358,31.442
1764724064.532988,561,256,1764724064.501395,31.593
1764724064.537867,562,256,1764724064.506360,31.506
1764724064.542819,563,256,1764724064.511369,31.449
1764724064.547844,564,256,1764724064.516363,31.481
1764724064.553114,565,256,1764724064.521514,31.600
1764724064.557944,566,256,1764724064.526371,31.573
1764724064.562900,567,256,1764724064.531380,31.520
1764724064.568011,568,256,1764724064.536392,31.619
1764724064.573046,569,256,1764724064.541384,31.662
1764724064.577888,570,256,1764724064.546362,31.526
1764724064.582971,571,256,1764724064.551490,31.482
1764724064.588088,572,256,1764724064.556489,31.599
1764724064.593082,573,256,1764724064.561586,31.496
1764724064.598210,574,256,1764724064.566505,31.705
1764724064.603077,575,256,1764724064.571539,31.538
1764724064.607965,576,256,1764724064.576375,31.589
1764724064.612993,577,256,1764724064.581394,31.599
1764724064.618015,578,256,1764724064.586388,31.627
1764724064.622955,579,256,1764724064.591455,31.500
1764724064.628080,580,256,1764724064.596433,31.647
1764724064.633092,581,256,1764724064.601459,31.633
1764724064.638001,582,256,1764724064.606395,31.606
1764724064.642904,583,256,1764724064.611454,31.451
1764724064.647998,584,256,1764724064.616461,31.537
1764724064.653111,585,256,1764724064.621525,31.586
1764724064.658101,586,256,1764724064.626538,31.563
1764724064.663126,587,256,1764724064.631538,31.588
1764724064.667828,588,256,1764724064.636391,31.437
1764724064.672960,589,256,1764724064.641441,31.519
1764724064.677841,590,256,1764724064.646388,31.453
1764724064.682862,591,256,1764724064.651444,31.419
1764724064.687834,592,256,1764724064.656380,31.455
1764724064.692821,593,256,1764724064.661381,31.440
1764724064.697764,594,256,1764724064.666349,31.415
1764724064.702907,595,256,1764724064.671363,31.544
1764724064.707764,596,256,1764724064.676368,31.396
1764724064.712908,597,256,1764724064.681415,31.493
1764724064.717782,598,256,1764724064.686391,31.391
1764724064.722847,599,256,1764724064.691364,31.483
1764724064.727826,600,256,1764724064.696362,31.464
1764724064.732898,601,256,1764724064.701432,31.466
1764724064.737879,602,256,1764724064.706435,31.444
1764724064.742885,603,256,1764724064.711433,31.452
1764724064.747850,604,256,1764724064.716382,31.468
1764724064.752918,605,256,1764724064.721367,31.550
1764724064.757792,606,256,1764724064.726374,31.418
1764724064.763036,607,256,1764724064.731374,31.662
1764724064.767815,608,256,1764724064.736367,31.447
1764724064.773055,609,256,1764724064.741376,31.679
1764724064.777831,610,256,1764724064.746373,31.458
1764724064.783032,611,256,1764724064.751370,31.661
1764724064.787794,612,256,1764724064.756363,31.432
1764724064.792957,613,256,1764724064.761366,31.591
1764724064.797777,614,256,1764724064.766368,31.409
1764724064.802979,615,256,1764724064.771377,31.602
1764724064.807781,616,256,1764724064.776371,31.410
1764724064.812951,617,256,1764724064.781375,31.576
1764724064.817856,618,256,1764724064.786372,31.484
1764724064.822917,619,256,1764724064.791385,31.532
1764724064.827924,620,256,1764724064.796378,31.547
1764724064.833084,621,256,1764724064.801448,31.636
1764724064.837955,622,256,1764724064.806429,31.526
1764724064.842943,623,256,1764724064.811391,31.552
1764724064.847931,624,256,1764724064.816381,31.550
1764724064.852929,625,256,1764724064.821394,31.534
1764724064.857861,626,256,1764724064.826390,31.471
1764724064.862979,627,256,1764724064.831438,31.541
1764724064.867876,628,256,1764724064.836388,31.488
1764724064.873043,629,256,1764724064.841494,31.549
1764724064.877889,630,256,1764724064.846381,31.508
1764724064.883000,631,256,1764724064.851392,31.608
1764724064.887848,632,256,1764724064.856390,31.457
1764724064.892985,633,256,1764724064.861452,31.533
1764724064.897858,634,256,1764724064.866395,31.463
1764724064.902806,635,256,1764724064.871389,31.417
1764724064.907829,636,256,1764724064.876398,31.431
1764724064.912868,637,256,1764724064.881392,31.476
1764724064.917899,638,256,1764724064.886400,31.499
1764724064.922851,639,256,1764724064.891373,31.478
1764724064.927852,640,256,1764724064.896403,31.450
1764724064.932770,641,256,1764724064.901372,31.397
1764724064.937902,642,256,1764724064.906365,31.537
1764724064.942874,643,256,1764724064.911416,31.458
1764724064.947808,644,256,1764724064.916378,31.430
1764724064.952834,645,256,1764724064.921393,31.441
1764724064.957860,646,256,1764724064.926419,31.441
1764724064.962873,647,256,1764724064.931453,31.419
1764724064.967830,648,256,1764724064.936396,31.434
1764724064.972764,649,256,1764724064.941382,31.382
1764724064.977793,650,256,1764724064.946391,31.402
1764724064.982770,651,256,1764724064.951384,31.386
1764724064.987770,652,256,1764724064.956384,31.385
1764724064.992769,653,256,1764724064.961385,31.384
1764724064.997843,654,256,1764724064.966383,31.460
1764724065.002767,655,256,1764724064.971386,31.381
1764724065.007747,656,256,1764724064.976383,31.364
1764724065.012792,657,256,1764724064.981384,31.409
1764724065.017946,658,256,1764724064.986439,31.507
1764724065.022945,659,256,1764724064.991384,31.561
1764724065.028019,660,256,1764724064.996483,31.536
1764724065.032995,661,256,1764724065.001389,31.606
1764724065.038091,662,256,1764724065.006419,31.672
1764724065.042997,663,256,1764724065.011375,31.621
1764724065.047996,664,256,1764724065.016372,31.624
1764724065.052833,665,256,1764724065.021385,31.448
1764724065.057863,666,256,1764724065.026388,31.475
1764724065.062881,667,256,1764724065.031457,31.425
1764724065.067820,668,256,1764724065.036399,31.421
1764724065.072782,669,256,1764724065.041383,31.399
1764724065.077790,670,256,1764724065.046383,31.407
1764724065.082934,671,256,1764724065.051424,31.510
1764724065.087781,672,256,1764724065.056380,31.401
1764724065.092822,673,256,1764724065.061373,31.450
1764724065.097820,674,256,1764724065.066382,31.438
1764724065.103129,675,256,1764724065.071463,31.666
1764724065.107838,676,256,1764724065.076409,31.429
1764724065.112812,677,256,1764724065.081393,31.418
1764724065.117806,678,256,1764724065.086378,31.429
1764724065.122832,679,256,1764724065.091383,31.449
1764724065.127864,680,256,1764724065.096405,31.459
1764724065.132906,681,256,1764724065.101386,31.520
1764724065.137809,682,256,1764724065.106382,31.427
1764724065.142860,683,256,1764724065.111381,31.478
1764724065.147868,684,256,1764724065.116412,31.456
1764724065.152907,685,256,1764724065.121386,31.521
1764724065.157809,686,256,1764724065.126414,31.395
1764724065.162824,687,256,1764724065.131387,31.437
1764724065.167809,688,256,1764724065.136413,31.396
1764724065.172847,689,256,1764724065.141392,31.454
1764724065.177741,690,256,1764724065.146382,31.359
1764724065.182736,691,256,1764724065.151372,31.364
1764724065.187808,692,256,1764724065.156377,31.431
1764724065.192771,693,256,1764724065.161374,31.397
1764724065.197789,694,256,1764724065.166376,31.413
1764724065.202787,695,256,1764724065.171377,31.410
1764724065.207739,696,256,1764724065.176378,31.361
1764724065.212734,697,256,1764724065.181376,31.359
1764724065.217934,698,256,1764724065.186496,31.438
1764724065.222900,699,256,1764724065.191387,31.513
1764724065.227931,700,256,1764724065.196492,31.439
1764724065.232994,701,256,1764724065.201390,31.605
1764724065.237791,702,256,1764724065.206376,31.415
1764724065.242804,703,256,1764724065.211374,31.430
1764724065.247830,704,256,1764724065.216385,31.445
1764724065.252870,705,256,1764724065.221401,31.469
1764724065.257803,706,256,1764724065.226389,31.414
1764724065.262922,707,256,1764724065.231390,31.532
1764724065.267871,708,256,1764724065.236391,31.480
1764724065.272932,709,256,1764724065.241407,31.525
1764724065.277794,710,256,1764724065.246387,31.407
1764724065.282771,711,256,1764724065.251377,31.394
1764724065.287854,712,256,1764724065.256477,31.377
1764724065.292931,713,256,1764724065.261389,31.543
1764724065.297986,714,256,1764724065.266501,31.484
1764724065.302961,715,256,1764724065.271395,31.566
1764724065.307995,716,256,1764724065.276503,31.492
1764724065.312855,717,256,1764724065.281389,31.466
1764724065.317850,718,256,1764724065.286378,31.472
1764724065.322879,719,256,1764724065.291382,31.497
1764724065.327859,720,256,1764724065.296417,31.442
1764724065.332850,721,256,1764724065.301396,31.454
1764724065.337858,722,256,1764724065.306418,31.440
1764724065.342782,723,256,1764724065.311393,31.390
1764724065.347839,724,256,1764724065.316445,31.394
1764724065.352853,725,256,1764724065.321402,31.451
1764724065.357879,726,256,1764724065.326412,31.467
1764724065.362867,727,256,1764724065.331381,31.486
1764724065.368000,728,256,1764724065.336501,31.500
1764724065.372777,729,256,1764724065.341382,31.395
1764724065.377860,730,256,1764724065.346376,31.484
1764724065.382822,731,256,1764724065.351374,31.447
1764724065.387914,732,256,1764724065.356409,31.505
1764724065.392990,733,256,1764724065.361368,31.622
1764724065.397876,734,256,1764724065.366410,31.466
1764724065.402895,735,256,1764724065.371391,31.504
1764724065.407993,736,256,1764724065.376493,31.499
1764724065.412886,737,256,1764724065.381392,31.494
1764724065.417977,738,256,1764724065.386499,31.478
1764724065.422937,739,256,1764724065.391394,31.543
1764724065.427871,740,256,1764724065.396448,31.423
1764724065.432866,741,256,1764724065.401381,31.485
1764724065.437844,742,256,1764724065.406431,31.413
1764724065.442921,743,256,1764724065.411382,31.539
1764724065.447960,744,256,1764724065.416463,31.497
1764724065.452912,745,256,1764724065.421399,31.513
1764724065.457955,746,256,1764724065.426422,31.533
1764724065.462837,747,256,1764724065.431391,31.446
1764724065.467968,748,256,1764724065.436427,31.542
1764724065.472942,749,256,1764724065.441403,31.538
1764724065.477906,750,256,1764724065.446427,31.479
1764724065.482873,751,256,1764724065.451402,31.471
1764724065.487856,752,256,1764724065.456415,31.441
1764724065.492912,753,256,1764724065.461402,31.509
1764724065.497850,754,256,1764724065.466406,31.445
1764724065.502887,755,256,1764724065.471397,31.489
1764724065.507886,756,256,1764724065.476413,31.474
1764724065.512891,757,256,1764724065.481400,31.491
1764724065.517852,758,256,1764724065.486421,31.431
1764724065.522944,759,256,1764724065.491401,31.543
1764724065.527848,760,256,1764724065.496412,31.436
1764724065.532912,761,256,1764724065.501400,31.512
1764724065.537945,762,256,1764724065.506454,31.491
1764724065.542884,763,256,1764724065.511398,31.486
1764724065.547817,764,256,1764724065.516412,31.404
1764724065.552871,765,256,1764724065.521386,31.484
1764724065.557974,766,256,1764724065.526415,31.559
1764724065.562988,767,256,1764724065.531400,31.587
1764724065.567965,768,256,1764724065.536422,31.543
1764724065.572936,769,256,1764724065.541403,31.533
1764724065.577913,770,256,1764724065.546400,31.513
1764724065.582937,771,256,1764724065.551393,31.544
1764724065.587912,772,256,1764724065.556385,31.527
1764724065.592809,773,256,1764724065.561385,31.424
1764724065.597979,774,256,1764724065.566384,31.595
1764724065.602804,775,256,1764724065.571379,31.425
1764724065.607742,776,256,1764724065.576380,31.362
1764724065.612789,777,256,1764724065.581384,31.405
1764724065.617788,778,256,1764724065.586383,31.405
1764724065.622832,779,256,1764724065.591383,31.450
1764724065.627787,780,256,1764724065.596385,31.402
1764724065.632754,781,256,1764724065.601382,31.371
1764724065.637808,782,256,1764724065.606393,31.416
1764724065.642809,783,256,1764724065.611383,31.426
1764724065.647758,784,256,1764724065.616376,31.382
1764724065.652901,785,256,1764724065.621364,31.537
1764724065.657810,786,256,1764724065.626389,31.421
1764724065.662877,787,256,1764724065.631382,31.495
1764724065.667839,788,256,1764724065.636395,31.444
1764724065.672804,789,256,1764724065.641390,31.414
1764724065.677939,790,256,1764724065.646396,31.543
1764724065.682802,791,256,1764724065.651370,31.432
1764724065.687830,792,256,1764724065.656380,31.451
1764724065.692787,793,256,1764724065.661378,31.409
1764724065.697757,794,256,1764724065.666388,31.370
1764724065.702794,795,256,1764724065.671343,31.451
1764724065.707767,796,256,1764724065.676381,31.386
1764724065.712818,797,256,1764724065.681355,31.463
1764724065.717782,798,256,1764724065.686385,31.396
1764724065.722769,799,256,1764724065.691386,31.383
1764724065.727886,800,256,1764724065.696490,31.396
1764724065.732863,801,256,1764724065.701393,31.470
1764724065.737830,802,256,1764724065.706412,31.417
1764724065.742881,803,256,1764724065.711409,31.471
1764724065.747942,804,256,1764724065.716508,31.434
1764724065.752794,805,256,1764724065.721410,31.384
1764724065.757745,806,256,1764724065.726388,31.357
1764724065.762835,807,256,1764724065.731395,31.440
1764724065.767845,808,256,1764724065.736402,31.443
1764724065.772809,809,256,1764724065.741400,31.409
1764724065.781734,810,256,1764724065.746402,35.332
1764724065.782782,811,256,1764724065.751386,31.397
1764724065.787909,812,256,1764724065.756388,31.520
1764724065.792850,813,256,1764724065.761395,31.455
1764724065.798088,814,256,1764724065.766513,31.575
1764724065.802881,815,256,1764724065.771407,31.475
1764724065.813232,816,256,1764724065.781596,31.636
1764724065.813902,817,256,1764724065.781763,32.140
1764724065.818011,818,256,1764724065.786416,31.595
1764724065.823037,819,256,1764724065.791467,31.570
1764724065.828011,820,256,1764724065.796501,31.510
1764724065.833047,821,256,1764724065.801479,31.568
1764724065.838095,822,256,1764724065.806473,31.622
1764724065.843095,823,256,1764724065.811493,31.601
1764724065.848125,824,256,1764724065.816461,31.664
1764724065.853021,825,256,1764724065.821483,31.538
1764724065.858187,826,256,1764724065.826495,31.691
1764724065.863189,827,256,1764724065.831528,31.661
1764724065.868160,828,256,1764724065.836460,31.700
1764724065.873030,829,256,1764724065.841496,31.534
1764724065.878165,830,256,1764724065.846474,31.691
1764724065.882937,831,256,1764724065.851403,31.533
1764724065.887997,832,256,1764724065.856399,31.598
1764724065.892982,833,256,1764724065.861414,31.569
1764724065.897943,834,256,1764724065.866397,31.545
1764724065.902988,835,256,1764724065.871413,31.575
1764724065.908053,836,256,1764724065.876473,31.580
1764724065.913017,837,256,1764724065.881471,31.545
1764724065.917985,838,256,1764724065.886401,31.584
1764724065.922979,839,256,1764724065.891415,31.564
1764724065.927863,840,256,1764724065.896405,31.458
1764724065.932967,841,256,1764724065.901418,31.549
1764724065.937996,842,256,1764724065.906463,31.533
1764724065.943303,843,256,1764724065.911469,31.834
1764724065.947979,844,256,1764724065.916449,31.530
1764724065.953002,845,256,1764724065.921459,31.543
1764724065.957940,846,256,1764724065.926404,31.536
1764724065.962953,847,256,1764724065.931399,31.554
1764724065.967966,848,256,1764724065.936413,31.553
1764724065.973058,849,256,1764724065.941415,31.642
1764724065.977988,850,256,1764724065.946407,31.581
1764724065.983003,851,256,1764724065.951418,31.585
1764724065.988035,852,256,1764724065.956466,31.569
1764724065.993070,853,256,1764724065.961456,31.614
1764724065.997969,854,256,1764724065.966456,31.513
1764724066.003031,855,256,1764724065.971404,31.627
1764724066.007905,856,256,1764724065.976416,31.488
1764724066.012969,857,256,1764724065.981420,31.550
1764724066.017958,858,256,1764724065.986415,31.543
1764724066.023029,859,256,1764724065.991428,31.601
1764724066.027969,860,256,1764724065.996412,31.557
1764724066.032892,861,256,1764724066.001413,31.479
1764724066.037966,862,256,1764724066.006407,31.559
1764724066.042964,863,256,1764724066.011418,31.546
1764724066.048003,864,256,1764724066.016423,31.580
1764724066.053080,865,256,1764724066.021432,31.648
1764724066.057990,866,256,1764724066.026429,31.561
1764724066.063091,867,256,1764724066.031434,31.657
1764724066.067955,868,256,1764724066.036412,31.542
1764724066.073070,869,256,1764724066.041427,31.643
1764724066.077855,870,256,1764724066.046427,31.428
1764724066.082898,871,256,1764724066.051431,31.467
1764724066.087884,872,256,1764724066.056431,31.453
1764724066.092878,873,256,1764724066.061430,31.448
1764724066.097976,874,256,1764724066.066533,31.444
1764724066.102874,875,256,1764724066.071412,31.461
1764724066.107858,876,256,1764724066.076413,31.445
1764724066.112812,877,256,1764724066.081413,31.398
1764724066.117753,878,256,1764724066.086397,31.356
1764724066.122824,879,256,1764724066.091404,31.420
1764724066.127874,880,256,1764724066.096400,31.474
1764724066.132792,881,256,1764724066.101395,31.397
1764724066.137825,882,256,1764724066.106395,31.430
1764724066.142902,883,256,1764724066.111390,31.512
1764724066.147849,884,256,1764724066.116360,31.490
1764724066.152794,885,256,1764724066.121396,31.398
1764724066.157893,886,256,1764724066.126432,31.461
1764724066.162828,887,256,1764724066.131404,31.424
1764724066.168001,888,256,1764724066.136517,31.484
1764724066.172925,889,256,1764724066.141404,31.521
1764724066.177940,890,256,1764724066.146427,31.513
1764724066.182982,891,256,1764724066.151414,31.568
1764724066.188088,892,256,1764724066.156517,31.571
1764724066.193039,893,256,1764724066.161415,31.623
1764724066.197970,894,256,1764724066.166427,31.543
1764724066.202844,895,256,1764724066.171411,31.434
1764724066.207881,896,256,1764724066.176427,31.454
1764724066.212876,897,256,1764724066.181410,31.467
1764724066.217807,898,256,1764724066.186402,31.405
1764724066.223069,899,256,1764724066.191415,31.654
1764724066.227927,900,256,1764724066.196417,31.510
1764724066.233132,901,256,1764724066.201403,31.729
1764724066.237913,902,256,1764724066.206397,31.515
1764724066.242960,903,256,1764724066.211381,31.580
1764724066.247804,904,256,1764724066.216393,31.410
1764724066.252784,905,256,1764724066.221355,31.430
1764724066.257983,906,256,1764724066.226406,31.577
1764724066.262787,907,256,1764724066.231398,31.389
1764724066.267869,908,256,1764724066.236432,31.437
1764724066.272845,909,256,1764724066.241410,31.435
1764724066.277916,910,256,1764724066.246414,31.502
1764724066.282828,911,256,1764724066.251402,31.426
1764724066.287849,912,256,1764724066.256399,31.450
1764724066.292727,913,256,1764724066.261366,31.361
1764724066.297883,914,256,1764724066.266412,31.471
1764724066.302856,915,256,1764724066.271403,31.454
1764724066.307922,916,256,1764724066.276417,31.506
1764724066.312867,917,256,1764724066.281405,31.462
1764724066.317868,918,256,1764724066.286414,31.455
1764724066.322869,919,256,1764724066.291404,31.464
1764724066.327869,920,256,1764724066.296428,31.441
1764724066.332767,921,256,1764724066.301403,31.364
1764724066.337885,922,256,1764724066.306433,31.452
1764724066.342782,923,256,1764724066.311407,31.375
1764724066.347956,924,256,1764724066.316431,31.526
1764724066.352921,925,256,1764724066.321402,31.519
1764724066.357936,926,256,1764724066.326433,31.502
1764724066.362967,927,256,1764724066.331407,31.560
1764724066.368091,928,256,1764724066.336426,31.665
1764724066.372999,929,256,1764724066.341411,31.588
1764724066.377945,930,256,1764724066.346406,31.539
1764724066.383033,931,256,1764724066.351425,31.609
1764724066.387976,932,256,1764724066.356451,31.526
1764724066.393094,933,256,1764724066.361475,31.618
1764724066.397922,934,256,1764724066.366415,31.507
1764724066.403033,935,256,1764724066.371425,31.608
1764724066.407986,936,256,1764724066.376463,31.523
1764724066.413089,937,256,1764724066.381471,31.618
1764724066.417920,938,256,1764724066.386424,31.497
1764724066.423045,939,256,1764724066.391424,31.621
1764724066.427939,940,256,1764724066.396425,31.514
1764724066.433048,941,256,1764724066.401429,31.619
1764724066.437924,942,256,1764724066.406422,31.502
1764724066.443030,943,256,1764724066.411426,31.604
1764724066.447948,944,256,1764724066.416424,31.523
1764724066.453040,945,256,1764724066.421427,31.613
1764724066.457937,946,256,1764724066.426427,31.511
1764724066.462969,947,256,1764724066.431427,31.542
1764724066.467885,948,256,1764724066.436424,31.461
1764724066.472856,949,256,1764724066.441460,31.395
1764724066.477858,950,256,1764724066.446424,31.433
1764724066.482845,951,256,1764724066.451427,31.418
1764724066.487902,952,256,1764724066.456433,31.469
1764724066.492868,953,256,1764724066.461425,31.443
1764724066.497899,954,256,1764724066.466425,31.473
1764724066.502945,955,256,1764724066.471531,31.414
1764724066.507874,956,256,1764724066.476425,31.449
1764724066.512837,957,256,1764724066.481425,31.412
1764724066.517919,958,256,1764724066.486424,31.496
1764724066.522980,959,256,1764724066.491420,31.561
1764724066.527876,960,256,1764724066.496420,31.456
1764724066.532903,961,256,1764724066.501403,31.500
1764724066.537925,962,256,1764724066.506466,31.459
1764724066.542834,963,256,1764724066.511426,31.408
1764724066.547905,964,256,1764724066.516430,31.475
1764724066.552876,965,256,1764724066.521441,31.435
1764724066.557904,966,256,1764724066.526440,31.464
1764724066.562883,967,256,1764724066.531441,31.442
1764724066.567863,968,256,1764724066.536441,31.422
1764724066.572819,969,256,1764724066.541425,31.395
1764724066.577793,970,256,1764724066.546409,31.384
1764724066.582774,971,256,1764724066.551409,31.365
1764724066.587773,972,256,1764724066.556405,31.368
1764724066.592854,973,256,1764724066.561415,31.439
1764724066.597809,974,256,1764724066.566402,31.407
1764724066.602840,975,256,1764724066.571414,31.426
1764724066.607774,976,256,1764724066.576406,31.368
1764724066.612853,977,256,1764724066.581413,31.440
1764724066.617791,978,256,1764724066.586404,31.387
1764724066.622885,979,256,1764724066.591416,31.469
1764724066.627840,980,256,1764724066.596428,31.412
1764724066.632986,981,256,1764724066.601532,31.454
1764724066.637876,982,256,1764724066.606439,31.437
1764724066.642861,983,256,1764724066.611434,31.427
1764724066.647871,984,256,1764724066.616441,31.430
1764724066.652871,985,256,1764724066.621442,31.428
1764724066.657989,986,256,1764724066.626444,31.545
1764724066.662897,987,256,1764724066.631442,31.455
1764724066.667888,988,256,1764724066.636441,31.447
1764724066.672861,989,256,1764724066.641436,31.425
1764724066.677840,990,256,1764724066.646434,31.406
1764724066.682886,991,256,1764724066.651443,31.444
1764724066.687848,992,256,1764724066.656439,31.409
1764724066.692884,993,256,1764724066.661445,31.440
1764724066.697860,994,256,1764724066.666440,31.420
1764724066.702842,995,256,1764724066.671439,31.403
1764724066.707791,996,256,1764724066.676424,31.367
1764724066.712770,997,256,1764724066.681427,31.344
1764724066.717763,998,256,1764724066.686413,31.350
1764724066.722793,999,256,1764724066.691406,31.387
1764724066.727797,1000,256,1764724066.696409,31.389
1764724066.732866,1001,256,1764724066.701409,31.457
1764724066.737854,1002,256,1764724066.706412,31.442
1764724066.742825,1003,256,1764724066.711415,31.409
1764724066.747838,1004,256,1764724066.716413,31.425
1764724066.752893,1005,256,1764724066.721412,31.481
1764724066.757824,1006,256,1764724066.726405,31.418
1764724066.763014,1007,256,1764724066.731432,31.582
1764724066.767955,1008,256,1764724066.736443,31.512
1764724066.773041,1009,256,1764724066.741445,31.596
1764724066.778003,1010,256,1764724066.746476,31.527
1764724066.783058,1011,256,1764724066.751421,31.637
1764724066.787912,1012,256,1764724066.756427,31.485
1764724066.793021,1013,256,1764724066.761435,31.586
1764724066.797901,1014,256,1764724066.766415,31.486
1764724066.803057,1015,256,1764724066.771433,31.624
1764724066.808013,1016,256,1764724066.776421,31.592
1764724066.812992,1017,256,1764724066.781436,31.556
1764724066.818121,1018,256,1764724066.786421,31.700
1764724066.823054,1019,256,1764724066.791436,31.617
1764724066.828019,1020,256,1764724066.796444,31.574
1764724066.833001,1021,256,1764724066.801436,31.564
1764724066.837905,1022,256,1764724066.806421,31.484
1764724066.842947,1023,256,1764724066.811438,31.509
1764724066.847876,1024,256,1764724066.816445,31.430
1764724066.852918,1025,256,1764724066.821449,31.469
1764724066.857884,1026,256,1764724066.826446,31.438
1764724066.862883,1027,256,1764724066.831441,31.442
1764724066.867921,1028,256,1764724066.836451,31.470
1764724066.872908,1029,256,1764724066.841443,31.465
1764724066.877839,1030,256,1764724066.846415,31.425
1764724066.882874,1031,256,1764724066.851411,31.462
1764724066.887864,1032,256,1764724066.856412,31.452
1764724066.893018,1033,256,1764724066.861456,31.562
1764724066.897964,1034,256,1764724066.866425,31.539
1764724066.903016,1035,256,1764724066.871452,31.564
1764724066.907954,1036,256,1764724066.876428,31.526
1764724066.912892,1037,256,1764724066.881451,31.441
1764724066.917865,1038,256,1764724066.886429,31.436
1764724066.922873,1039,256,1764724066.891453,31.420
1764724066.927851,1040,256,1764724066.896425,31.427
1764724066.932808,1041,256,1764724066.901416,31.392
1764724066.937898,1042,256,1764724066.906423,31.475
1764724066.942783,1043,256,1764724066.911422,31.361
1764724066.947842,1044,256,1764724066.916426,31.417
1764724066.952828,1045,256,1764724066.921422,31.405
1764724066.957883,1046,256,1764724066.926446,31.437
1764724066.962902,1047,256,1764724066.931426,31.476
1764724066.967863,1048,256,1764724066.936415,31.448
1764724066.972847,1049,256,1764724066.941420,31.427
1764724066.977884,1050,256,1764724066.946417,31.467
1764724066.983080,1051,256,1764724066.951502,31.578
1764724066.987983,1052,256,1764724066.956423,31.560
1764724066.993015,1053,256,1764724066.961447,31.568
1764724066.998003,1054,256,1764724066.966430,31.573
1764724067.002981,1055,256,1764724066.971449,31.532
1764724067.007904,1056,256,1764724066.976431,31.473
1764724067.012864,1057,256,1764724066.981434,31.430
1764724067.017905,1058,256,1764724066.986450,31.455
1764724067.022860,1059,256,1764724066.991436,31.424
1764724067.027898,1060,256,1764724066.996454,31.445
1764724067.032884,1061,256,1764724067.001455,31.430
1764724067.037878,1062,256,1764724067.006426,31.452
1764724067.042851,1063,256,1764724067.011427,31.423
1764724067.048003,1064,256,1764724067.016452,31.551
1764724067.052918,1065,256,1764724067.021434,31.483
1764724067.057999,1066,256,1764724067.026448,31.551
1764724067.062960,1067,256,1764724067.031438,31.523
1764724067.067982,1068,256,1764724067.036445,31.538
1764724067.072951,1069,256,1764724067.041434,31.517
1764724067.078004,1070,256,1764724067.046455,31.548
1764724067.082895,1071,256,1764724067.051438,31.456
1764724067.087942,1072,256,1764724067.056447,31.495
1764724067.092876,1073,256,1764724067.061437,31.439
1764724067.097894,1074,256,1764724067.066453,31.440
1764724067.102894,1075,256,1764724067.071458,31.436
1764724067.107970,1076,256,1764724067.076452,31.518
1764724067.112930,1077,256,1764724067.081455,31.475
1764724067.117936,1078,256,1764724067.086450,31.487
1764724067.122918,1079,256,1764724067.091456,31.462
1764724067.128023,1080,256,1764724067.096449,31.574
1764724067.132939,1081,256,1764724067.101460,31.479
1764724067.137985,1082,256,1764724067.106430,31.555
1764724067.143021,1083,256,1764724067.111476,31.544
1764724067.147995,1084,256,1764724067.116427,31.568
1764724067.152892,1085,256,1764724067.121428,31.463
1764724067.157929,1086,256,1764724067.126432,31.498
1764724067.163016,1087,256,1764724067.131427,31.589
1764724067.167865,1088,256,1764724067.136422,31.442
1764724067.172913,1089,256,1764724067.141420,31.493
1764724067.177839,1090,256,1764724067.146430,31.409
1764724067.183017,1091,256,1764724067.151424,31.593
1764724067.187997,1092,256,1764724067.156432,31.565
1764724067.192961,1093,256,1764724067.161429,31.532
1764724067.198021,1094,256,1764724067.166428,31.593
1764724067.202858,1095,256,1764724067.171440,31.418
1764724067.207964,1096,256,1764724067.176433,31.531
1764724067.212961,1097,256,1764724067.181423,31.538
1764724067.217838,1098,256,1764724067.186431,31.408
1764724067.222947,1099,256,1764724067.191426,31.521
1764724067.227965,1100,256,1764724067.196425,31.539
1764724067.233059,1101,256,1764724067.201439,31.620
1764724067.237867,1102,256,1764724067.206429,31.438
1764724067.242935,1103,256,1764724067.211435,31.500
1764724067.247829,1104,256,1764724067.216430,31.399
1764724067.252901,1105,256,1764724067.221440,31.461
1764724067.257839,1106,256,1764724067.226435,31.404
1764724067.263036,1107,256,1764724067.231434,31.602
1764724067.267961,1108,256,1764724067.236443,31.518
1764724067.273055,1109,256,1764724067.241494,31.561
1764724067.277947,1110,256,1764724067.246438,31.509
1764724067.282847,1111,256,1764724067.251431,31.416
1764724067.287877,1112,256,1764724067.256425,31.452
1764724067.292870,1113,256,1764724067.261422,31.448
1764724067.297901,1114,256,1764724067.266429,31.472
1764724067.303012,1115,256,1764724067.271440,31.572
1764724067.307841,1116,256,1764724067.276434,31.407
1764724067.312889,1117,256,1764724067.281465,31.424
1764724067.317811,1118,256,1764724067.286446,31.365
1764724067.322868,1119,256,1764724067.291483,31.385
1764724067.327788,1120,256,1764724067.296440,31.348
1764724067.332891,1121,256,1764724067.301450,31.442
1764724067.337801,1122,256,1764724067.306438,31.363
1764724067.342914,1123,256,1764724067.311501,31.413
1764724067.347891,1124,256,1764724067.316439,31.452
1764724067.352920,1125,256,1764724067.321509,31.410
1764724067.357963,1126,256,1764724067.326436,31.527
1764724067.362849,1127,256,1764724067.331435,31.413
1764724067.367873,1128,256,1764724067.336440,31.433
1764724067.372847,1129,256,1764724067.341439,31.409
1764724067.377885,1130,256,1764724067.346437,31.448
1764724067.382836,1131,256,1764724067.351434,31.402
1764724067.387890,1132,256,1764724067.356435,31.455
1764724067.392891,1133,256,1764724067.361448,31.443
1764724067.398071,1134,256,1764724067.366431,31.639
1764724067.403012,1135,256,1764724067.371446,31.566
1764724067.407979,1136,256,1764724067.376436,31.543
1764724067.412858,1137,256,1764724067.381446,31.412
1764724067.417943,1138,256,1764724067.386441,31.503
1764724067.422915,1139,256,1764724067.391436,31.479
1764724067.427893,1140,256,1764724067.396433,31.460
1764724067.432854,1141,256,1764724067.401441,31.413
1764724067.438010,1142,256,1764724067.406475,31.535
1764724067.442873,1143,256,1764724067.411472,31.401
1764724067.447993,1144,256,1764724067.416461,31.532
1764724067.453153,1145,256,1764724067.421585,31.568
1764724067.457970,1146,256,1764724067.426460,31.510
1764724067.462924,1147,256,1764724067.431443,31.480
1764724067.467942,1148,256,1764724067.436459,31.483
1764724067.473140,1149,256,1764724067.441568,31.572
1764724067.477974,1150,256,1764724067.446464,31.511
1764724067.483138,1151,256,1764724067.451561,31.577
1764724067.487881,1152,256,1764724067.456459,31.422
1764724067.493051,1153,256,1764724067.461561,31.491
1764724067.498034,1154,256,1764724067.466460,31.574
1764724067.502995,1155,256,1764724067.471577,31.418
1764724067.507888,1156,256,1764724067.476454,31.434
1764724067.512869,1157,256,1764724067.481444,31.425
1764724067.517931,1158,256,1764724067.486446,31.485
1764724067.522793,1159,256,1764724067.491398,31.395
1764724067.527949,1160,256,1764724067.496434,31.514
1764724067.532836,1161,256,1764724067.501435,31.402
1764724067.537907,1162,256,1764724067.506444,31.463
1764724067.542795,1163,256,1764724067.511432,31.363
1764724067.547863,1164,256,1764724067.516430,31.433
1764724067.552813,1165,256,1764724067.521437,31.376
1764724067.557817,1166,256,1764724067.526444,31.373
1764724067.562874,1167,256,1764724067.531487,31.387
1764724067.567841,1168,256,1764724067.536436,31.405
1764724067.572846,1169,256,1764724067.541449,31.397
1764724067.577860,1170,256,1764724067.546437,31.423
1764724067.582879,1171,256,1764724067.551433,31.446
1764724067.587919,1172,256,1764724067.556444,31.476
1764724067.592973,1173,256,1764724067.561440,31.533
1764724067.598103,1174,256,1764724067.566500,31.603
1764724067.602990,1175,256,1764724067.571455,31.534
1764724067.607958,1176,256,1764724067.576439,31.519
1764724067.612840,1177,256,1764724067.581451,31.390
1764724067.617998,1178,256,1764724067.586446,31.552
1764724067.623069,1179,256,1764724067.591512,31.557
1764724067.628030,1180,256,1764724067.596444,31.586
1764724067.633048,1181,256,1764724067.601499,31.549
1764724067.637993,1182,256,1764724067.606443,31.549
1764724067.643035,1183,256,1764724067.611503,31.532
1764724067.648108,1184,256,1764724067.616448,31.660
1764724067.653050,1185,256,1764724067.621517,31.533
1764724067.657989,1186,256,1764724067.626449,31.539
1764724067.662950,1187,256,1764724067.631508,31.442
1764724067.667919,1188,256,1764724067.636447,31.472
1764724067.672943,1189,256,1764724067.641507,31.435
1764724067.677873,1190,256,1764724067.646446,31.427
1764724067.682911,1191,256,1764724067.651520,31.391
1764724067.687823,1192,256,1764724067.656446,31.376
1764724067.692934,1193,256,1764724067.661528,31.406
1764724067.697893,1194,256,1764724067.666446,31.447
1764724067.702916,1195,256,1764724067.671496,31.420
1764724067.707839,1196,256,1764724067.676442,31.397
1764724067.712911,1197,256,1764724067.681494,31.417
1764724067.717899,1198,256,1764724067.686446,31.452
1764724067.722906,1199,256,1764724067.691447,31.459
1764724067.727888,1200,256,1764724067.696446,31.442
1764724067.732921,1201,256,1764724067.701449,31.472
1764724067.737851,1202,256,1764724067.706444,31.407
1764724067.742863,1203,256,1764724067.711455,31.408
1764724067.747856,1204,256,1764724067.716452,31.403
1764724067.752865,1205,256,1764724067.721456,31.409
1764724067.757964,1206,256,1764724067.726489,31.474
1764724067.762993,1207,256,1764724067.731456,31.538
1764724067.768008,1208,256,1764724067.736459,31.550
1764724067.772930,1209,256,1764724067.741489,31.441
1764724067.777844,1210,256,1764724067.746444,31.400
1764724067.782915,1211,256,1764724067.751491,31.424
1764724067.787839,1212,256,1764724067.756436,31.403
1764724067.792867,1213,256,1764724067.761446,31.420
1764724067.797884,1214,256,1764724067.766449,31.435
1764724067.803041,1215,256,1764724067.771506,31.535
1764724067.807914,1216,256,1764724067.776452,31.462
1764724067.812914,1217,256,1764724067.781457,31.456
1764724067.817964,1218,256,1764724067.786442,31.523
1764724067.822970,1219,256,1764724067.791445,31.525
1764724067.827971,1220,256,1764724067.796440,31.531
1764724067.832977,1221,256,1764724067.801451,31.526
1764724067.837909,1222,256,1764724067.806456,31.452
1764724067.842987,1223,256,1764724067.811506,31.480
1764724067.847910,1224,256,1764724067.816453,31.458
1764724067.852983,1225,256,1764724067.821520,31.463
1764724067.858005,1226,256,1764724067.826521,31.484
1764724067.862962,1227,256,1764724067.831506,31.456
1764724067.867965,1228,256,1764724067.836511,31.454
1764724067.872990,1229,256,1764724067.841512,31.478
1764724067.877999,1230,256,1764724067.846498,31.501
1764724067.883018,1231,256,1764724067.851501,31.517
1764724067.888000,1232,256,1764724067.856517,31.483
1764724067.893111,1233,256,1764724067.861512,31.598
1764724067.898095,1234,256,1764724067.866510,31.586
1764724067.903085,1235,256,1764724067.871501,31.584
1764724067.908015,1236,256,1764724067.876489,31.525
1764724067.913043,1237,256,1764724067.881504,31.538
1764724067.918036,1238,256,1764724067.886508,31.529
1764724067.923061,1239,256,1764724067.891514,31.547
1764724067.928197,1240,256,1764724067.896606,31.591
1764724067.933239,1241,256,1764724067.901621,31.617
1764724067.938193,1242,256,1764724067.906608,31.585
1764724067.943175,1243,256,1764724067.911602,31.573
1764724067.948204,1244,256,1764724067.916610,31.594
1764724067.953201,1245,256,1764724067.921612,31.589
1764724067.958182,1246,256,1764724067.926606,31.576
1764724067.963025,1247,256,1764724067.931550,31.475
1764724067.968183,1248,256,1764724067.936606,31.578
1764724067.973190,1249,256,1764724067.941606,31.585
1764724067.978040,1250,256,1764724067.946537,31.502
1764724067.982992,1251,256,1764724067.951560,31.432
1764724067.988044,1252,256,1764724067.956607,31.436
1764724067.993039,1253,256,1764724067.961608,31.431
1764724067.998143,1254,256,1764724067.966614,31.529
1764724068.003145,1255,256,1764724067.971617,31.528
1764724068.008046,1256,256,1764724067.976608,31.438
1764724068.012889,1257,256,1764724067.981461,31.428
1764724068.017901,1258,256,1764724067.986454,31.447
1764724068.022874,1259,256,1764724067.991457,31.417
1764724068.027920,1260,256,1764724067.996460,31.460
1764724068.033076,1261,256,1764724068.001461,31.615
1764724068.037935,1262,256,1764724068.006450,31.485
1764724068.043051,1263,256,1764724068.011483,31.568
1764724068.048049,1264,256,1764724068.016490,31.560
1764724068.053079,1265,256,1764724068.021506,31.573
1764724068.057938,1266,256,1764724068.026506,31.432
1764724068.062989,1267,256,1764724068.031516,31.473
1764724068.067985,1268,256,1764724068.036506,31.478
1764724068.072986,1269,256,1764724068.041513,31.473
1764724068.078000,1270,256,1764724068.046500,31.500
1764724068.082932,1271,256,1764724068.051526,31.406
1764724068.087922,1272,256,1764724068.056511,31.411
1764724068.093008,1273,256,1764724068.061549,31.459
1764724068.098161,1274,256,1764724068.066613,31.549
1764724068.102999,1275,256,1764724068.071567,31.432
1764724068.108128,1276,256,1764724068.076624,31.504
1764724068.113082,1277,256,1764724068.081617,31.465
1764724068.118101,1278,256,1764724068.086613,31.487
1764724068.123065,1279,256,1764724068.091625,31.440
1764724068.127955,1280,256,1764724068.096503,31.453
1764724068.132915,1281,256,1764724068.101475,31.440
1764724068.137960,1282,256,1764724068.106476,31.484
1764724068.142989,1283,256,1764724068.111496,31.493
1764724068.147943,1284,256,1764724068.116494,31.449
1764724068.152982,1285,256,1764724068.121497,31.486
1764724068.158005,1286,256,1764724068.126490,31.515
1764724068.163049,1287,256,1764724068.131500,31.549
1764724068.168141,1288,256,1764724068.136621,31.520
1764724068.173238,1289,256,1764724068.141626,31.612
1764724068.178137,1290,256,1764724068.146616,31.521
1764724068.183087,1291,256,1764724068.151600,31.487
1764724068.188088,1292,256,1764724068.156603,31.485
1764724068.193346,1293,256,1764724068.161639,31.707
1764724068.198213,1294,256,1764724068.166614,31.599
1764724068.203184,1295,256,1764724068.171614,31.570
1764724068.208181,1296,256,1764724068.176609,31.572
1764724068.213076,1297,256,1764724068.181625,31.451
1764724068.218055,1298,256,1764724068.186479,31.576
1764724068.222884,1299,256,1764724068.191459,31.425
1764724068.227893,1300,256,1764724068.196456,31.438
1764724068.232936,1301,256,1764724068.201466,31.470
1764724068.237890,1302,256,1764724068.206462,31.428
1764724068.242937,1303,256,1764724068.211466,31.470
1764724068.247886,1304,256,1764724068.216463,31.424
1764724068.252967,1305,256,1764724068.221526,31.441
1764724068.257946,1306,256,1764724068.226514,31.432
1764724068.262990,1307,256,1764724068.231520,31.470
1764724068.267924,1308,256,1764724068.236525,31.399
1764724068.272978,1309,256,1764724068.241506,31.472
1764724068.278076,1310,256,1764724068.246521,31.555
1764724068.283113,1311,256,1764724068.251481,31.632
1764724068.288076,1312,256,1764724068.256459,31.617
1764724068.293006,1313,256,1764724068.261445,31.561
1764724068.298022,1314,256,1764724068.266442,31.579
1764724068.302978,1315,256,1764724068.271440,31.538
1764724068.307905,1316,256,1764724068.276443,31.462
1764724068.313069,1317,256,1764724068.281453,31.616
1764724068.317987,1318,256,1764724068.286460,31.527
1764724068.323188,1319,256,1764724068.291539,31.649
1764724068.328280,1320,256,1764724068.296513,31.767
1764724068.333175,1321,256,1764724068.301467,31.708
1764724068.338074,1322,256,1764724068.306460,31.615
1764724068.343199,1323,256,1764724068.311517,31.682
1764724068.348074,1324,256,1764724068.316464,31.610
1764724068.353190,1325,256,1764724068.321512,31.678
1764724068.358068,1326,256,1764724068.326461,31.607
1764724068.363214,1327,256,1764724068.331521,31.693
1764724068.368063,1328,256,1764724068.336460,31.602
1764724068.373200,1329,256,1764724068.341504,31.696
1764724068.378069,1330,256,1764724068.346459,31.610
1764724068.383199,1331,256,1764724068.351504,31.695
1764724068.388083,1332,256,1764724068.356460,31.623
1764724068.393046,1333,256,1764724068.361521,31.525
1764724068.397909,1334,256,1764724068.366459,31.451
1764724068.402927,1335,256,1764724068.371511,31.416
1764724068.407843,1336,256,1764724068.376462,31.381
1764724068.412971,1337,256,1764724068.381497,31.474
1764724068.417835,1338,256,1764724068.386455,31.380
1764724068.422894,1339,256,1764724068.391467,31.427
1764724068.427864,1340,256,1764724068.396463,31.401
1764724068.432857,1341,256,1764724068.401466,31.390
1764724068.437901,1342,256,1764724068.406465,31.436
1764724068.443034,1343,256,1764724068.411472,31.562
1764724068.448077,1344,256,1764724068.416471,31.606
1764724068.452902,1345,256,1764724068.421471,31.431
1764724068.458034,1346,256,1764724068.426466,31.567
1764724068.462927,1347,256,1764724068.431471,31.456
1764724068.468054,1348,256,1764724068.436528,31.526
1764724068.472996,1349,256,1764724068.441555,31.442
1764724068.478075,1350,256,1764724068.446521,31.554
1764724068.483164,1351,256,1764724068.451538,31.626
1764724068.488180,1352,256,1764724068.456526,31.654
1764724068.492961,1353,256,1764724068.461531,31.430
1764724068.498159,1354,256,1764724068.466509,31.651
1764724068.503007,1355,256,1764724068.471473,31.534
1764724068.508011,1356,256,1764724068.476517,31.494
1764724068.512941,1357,256,1764724068.481526,31.415
1764724068.518085,1358,256,1764724068.486508,31.577
1764724068.523068,1359,256,1764724068.491517,31.551
1764724068.528074,1360,256,1764724068.496527,31.547
1764724068.533086,1361,256,1764724068.501535,31.551
1764724068.538026,1362,256,1764724068.506464,31.561
1764724068.543056,1363,256,1764724068.511621,31.434
1764724068.548272,1364,256,1764724068.516619,31.654
1764724068.553151,1365,256,1764724068.521567,31.584
1764724068.558007,1366,256,1764724068.526458,31.550
1764724068.563000,1367,256,1764724068.531459,31.541
1764724068.567954,1368,256,1764724068.536456,31.497
1764724068.573016,1369,256,1764724068.541482,31.534
1764724068.577962,1370,256,1764724068.546459,31.502
1764724068.582879,1371,256,1764724068.551460,31.419
1764724068.587857,1372,256,1764724068.556431,31.426
1764724068.592886,1373,256,1764724068.561465,31.422
1764724068.597930,1374,256,1764724068.566469,31.460
1764724068.602995,1375,256,1764724068.571471,31.524
1764724068.607903,1376,256,1764724068.576465,31.439
1764724068.612993,1377,256,1764724068.581464,31.528
1764724068.617926,1378,256,1764724068.586464,31.462
1764724068.622913,1379,256,1764724068.591466,31.447
1764724068.627914,1380,256,1764724068.596465,31.449
1764724068.632913,1381,256,1764724068.601464,31.449
1764724068.637938,1382,256,1764724068.606477,31.461
1764724068.642891,1383,256,1764724068.611469,31.423
1764724068.647857,1384,256,1764724068.616462,31.396
1764724068.652883,1385,256,1764724068.621468,31.415
1764724068.657845,1386,256,1764724068.626474,31.371
1764724068.662817,1387,256,1764724068.631471,31.346
1764724068.667881,1388,256,1764724068.636465,31.416
1764724068.672870,1389,256,1764724068.641464,31.407
1764724068.677823,1390,256,1764724068.646469,31.355
1764724068.682817,1391,256,1764724068.651469,31.348
1764724068.687889,1392,256,1764724068.656470,31.419
1764724068.692844,1393,256,1764724068.661467,31.377
1764724068.697834,1394,256,1764724068.666466,31.368
1764724068.702865,1395,256,1764724068.671465,31.400
1764724068.707880,1396,256,1764724068.676470,31.410
1764724068.712906,1397,256,1764724068.681472,31.434
1764724068.717962,1398,256,1764724068.686466,31.496
1764724068.722869,1399,256,1764724068.691466,31.403
1764724068.727937,1400,256,1764724068.696471,31.466
1764724068.733036,1401,256,1764724068.701560,31.476
1764724068.738167,1402,256,1764724068.706580,31.587
1764724068.742836,1403,256,1764724068.711463,31.373
1764724068.747950,1404,256,1764724068.716461,31.489
1764724068.752898,1405,256,1764724068.721464,31.434
1764724068.757885,1406,256,1764724068.726470,31.414
1764724068.762997,1407,256,1764724068.731496,31.502
1764724068.768154,1408,256,1764724068.736589,31.565
1764724068.773135,1409,256,1764724068.741577,31.558
1764724068.778013,1410,256,1764724068.746489,31.524
1764724068.783058,1411,256,1764724068.751490,31.568
1764724068.787928,1412,256,1764724068.756463,31.465
1764724068.792945,1413,256,1764724068.761474,31.471
1764724068.798030,1414,256,1764724068.766576,31.455
1764724068.802926,1415,256,1764724068.771476,31.450
1764724068.808051,1416,256,1764724068.776582,31.470
1764724068.813182,1417,256,1764724068.781595,31.587
1764724068.818159,1418,256,1764724068.786590,31.569
1764724068.823159,1419,256,1764724068.791591,31.569
1764724068.828154,1420,256,1764724068.796566,31.588
1764724068.833110,1421,256,1764724068.801547,31.564
1764724068.837890,1422,256,1764724068.806465,31.426
1764724068.843204,1423,256,1764724068.811589,31.615
1764724068.848190,1424,256,1764724068.816582,31.608
1764724068.853108,1425,256,1764724068.821592,31.516
1764724068.858212,1426,256,1764724068.826584,31.628
1764724068.863187,1427,256,1764724068.831585,31.602
1764724068.868201,1428,256,1764724068.836585,31.616
1764724068.873134,1429,256,1764724068.841583,31.551
1764724068.878195,1430,256,1764724068.846587,31.608
1764724068.883087,1431,256,1764724068.851585,31.502
1764724068.888126,1432,256,1764724068.856592,31.534
1764724068.893087,1433,256,1764724068.861593,31.494
1764724068.897924,1434,256,1764724068.866476,31.448
1764724068.902973,1435,256,1764724068.871496,31.477
1764724068.908090,1436,256,1764724068.876570,31.520
1764724068.913014,1437,256,1764724068.881493,31.521
1764724068.918022,1438,256,1764724068.886492,31.530
1764724068.923027,1439,256,1764724068.891498,31.529
1764724068.928051,1440,256,1764724068.896496,31.555
1764724068.933039,1441,256,1764724068.901494,31.545
1764724068.938043,1442,256,1764724068.906496,31.547
1764724068.943039,1443,256,1764724068.911488,31.551
1764724068.948038,1444,256,1764724068.916498,31.540
1764724068.953044,1445,256,1764724068.921500,31.544
1764724068.958024,1446,256,1764724068.926493,31.531
1764724068.962992,1447,256,1764724068.931473,31.519
1764724068.968086,1448,256,1764724068.936491,31.594
1764724068.972933,1449,256,1764724068.941475,31.459
1764724068.978020,1450,256,1764724068.946491,31.529
1764724068.982929,1451,256,1764724068.951474,31.455
1764724068.988121,1452,256,1764724068.956494,31.627
1764724068.992893,1453,256,1764724068.961473,31.420
1764724068.997953,1454,256,1764724068.966495,31.458
1764724069.002949,1455,256,1764724068.971475,31.473
1764724069.007950,1456,256,1764724068.976499,31.451
1764724069.012883,1457,256,1764724068.981476,31.407
1764724069.017915,1458,256,1764724068.986481,31.434
1764724069.022841,1459,256,1764724068.991478,31.364
1764724069.028011,1460,256,1764724068.996578,31.433
1764724069.032866,1461,256,1764724069.001472,31.394
1764724069.037912,1462,256,1764724069.006474,31.438
1764724069.042837,1463,256,1764724069.011471,31.367
1764724069.047930,1464,256,1764724069.016483,31.447
1764724069.052863,1465,256,1764724069.021466,31.397
1764724069.057871,1466,256,1764724069.026460,31.411
1764724069.062817,1467,256,1764724069.031466,31.352
1764724069.067864,1468,256,1764724069.036459,31.405
1764724069.072816,1469,256,1764724069.041464,31.353
1764724069.077937,1470,256,1764724069.046462,31.475
1764724069.082844,1471,256,1764724069.051461,31.382
1764724069.087888,1472,256,1764724069.056462,31.426
1764724069.092855,1473,256,1764724069.061463,31.392
1764724069.097899,1474,256,1764724069.066465,31.435
1764724069.102859,1475,256,1764724069.071466,31.393
1764724069.107915,1476,256,1764724069.076464,31.450
1764724069.113051,1477,256,1764724069.081593,31.458
1764724069.117885,1478,256,1764724069.086476,31.410
1764724069.122919,1479,256,1764724069.091504,31.415
1764724069.127929,1480,256,1764724069.096476,31.453
1764724069.132920,1481,256,1764724069.101485,31.435
1764724069.137922,1482,256,1764724069.106478,31.444
1764724069.142866,1483,256,1764724069.111474,31.392
1764724069.147962,1484,256,1764724069.116459,31.502
1764724069.152895,1485,256,1764724069.121464,31.431
1764724069.158023,1486,256,1764724069.126514,31.509
1764724069.163122,1487,256,1764724069.131588,31.534
1764724069.167892,1488,256,1764724069.136478,31.413
1764724069.172935,1489,256,1764724069.141503,31.432
1764724069.177887,1490,256,1764724069.146437,31.450
1764724069.182968,1491,256,1764724069.151464,31.504
1764724069.187957,1492,256,1764724069.156462,31.495
1764724069.192910,1493,256,1764724069.161463,31.448
1764724069.197871,1494,256,1764724069.166464,31.407
1764724069.202904,1495,256,1764724069.171468,31.436
1764724069.207885,1496,256,1764724069.176463,31.423
1764724069.212850,1497,256,1764724069.181463,31.387
1764724069.217839,1498,256,1764724069.186472,31.366
1764724069.222823,1499,256,1764724069.191468,31.356
1764724069.227857,1500,256,1764724069.196479,31.378
1764724069.232913,1501,256,1764724069.201502,31.412
1764724069.237828,1502,256,1764724069.206473,31.356
1764724069.242885,1503,256,1764724069.211488,31.397
1764724069.247874,1504,256,1764724069.216480,31.393
1764724069.252898,1505,256,1764724069.221491,31.407
1764724069.257875,1506,256,1764724069.226479,31.396
1764724069.262902,1507,256,1764724069.231478,31.424
1764724069.267885,1508,256,1764724069.236477,31.408
1764724069.272909,1509,256,1764724069.241482,31.427
1764724069.277886,1510,256,1764724069.246483,31.404
1764724069.282864,1511,256,1764724069.251466,31.398
1764724069.287927,1512,256,1764724069.256469,31.458
1764724069.292985,1513,256,1764724069.261577,31.408
1764724069.298151,1514,256,1764724069.266595,31.556
1764724069.303168,1515,256,1764724069.271599,31.569
1764724069.308147,1516,256,1764724069.276594,31.553
1764724069.313148,1517,256,1764724069.281598,31.551
1764724069.317925,1518,256,1764724069.286487,31.438
1764724069.323135,1519,256,1764724069.291597,31.537
1764724069.328208,1520,256,1764724069.296610,31.598
1764724069.333148,1521,256,1764724069.301598,31.550
1764724069.338206,1522,256,1764724069.306603,31.603
1764724069.343186,1523,256,1764724069.311612,31.574
1764724069.348054,1524,256,1764724069.316494,31.561
1764724069.352917,1525,256,1764724069.321492,31.425
1764724069.358067,1526,256,1764724069.326504,31.563
1764724069.363053,1527,256,1764724069.331507,31.545
1764724069.368169,1528,256,1764724069.336591,31.578
1764724069.373230,1529,256,1764724069.341616,31.615
1764724069.378195,1530,256,1764724069.346603,31.592
1764724069.383195,1531,256,1764724069.351583,31.612
1764724069.388212,1532,256,1764724069.356591,31.621
1764724069.393201,1533,256,1764724069.361603,31.598
1764724069.398211,1534,256,1764724069.366608,31.603
1764724069.403233,1535,256,1764724069.371604,31.629
1764724069.408184,1536,256,1764724069.376598,31.586
1764724069.413249,1537,256,1764724069.381614,31.635
1764724069.418089,1538,256,1764724069.386603,31.486
1764724069.423313,1539,256,1764724069.391616,31.696
1764724069.428262,1540,256,1764724069.396606,31.656
1764724069.433280,1541,256,1764724069.401605,31.675
1764724069.438326,1542,256,1764724069.406601,31.725
1764724069.443111,1543,256,1764724069.411476,31.635
1764724069.448139,1544,256,1764724069.416482,31.658
1764724069.453019,1545,256,1764724069.421470,31.549
1764724069.458262,1546,256,1764724069.426504,31.758
1764724069.462983,1547,256,1764724069.431489,31.494
1764724069.468023,1548,256,1764724069.436474,31.549
1764724069.472879,1549,256,1764724069.441468,31.410
1764724069.477937,1550,256,1764724069.446468,31.469
1764724069.482877,1551,256,1764724069.451469,31.408
1764724069.487928,1552,256,1764724069.456470,31.458
1764724069.492910,1553,256,1764724069.461470,31.440
1764724069.497928,1554,256,1764724069.466470,31.458
1764724069.502960,1555,256,1764724069.471469,31.491
1764724069.507885,1556,256,1764724069.476472,31.414
1764724069.512903,1557,256,1764724069.481469,31.434
1764724069.517872,1558,256,1764724069.486467,31.404
1764724069.522840,1559,256,1764724069.491470,31.370
1764724069.527838,1560,256,1764724069.496468,31.370
1764724069.533047,1561,256,1764724069.501468,31.579
1764724069.537881,1562,256,1764724069.506473,31.408
1764724069.542850,1563,256,1764724069.511472,31.378
1764724069.547861,1564,256,1764724069.516470,31.391
1764724069.553089,1565,256,1764724069.521540,31.549
1764724069.557976,1566,256,1764724069.526482,31.494
1764724069.563104,1567,256,1764724069.531509,31.595
1764724069.568259,1568,256,1764724069.536603,31.656
1764724069.573214,1569,256,1764724069.541663,31.550
1764724069.578037,1570,256,1764724069.546484,31.553
1764724069.582896,1571,256,1764724069.551476,31.419
1764724069.588068,1572,256,1764724069.556479,31.589
1764724069.592890,1573,256,1764724069.561491,31.399
1764724069.597999,1574,256,1764724069.566485,31.515
1764724069.602966,1575,256,1764724069.571555,31.411
1764724069.608077,1576,256,1764724069.576546,31.531
1764724069.612907,1577,256,1764724069.581522,31.385
1764724069.617979,1578,256,1764724069.586526,31.453
1764724069.622900,1579,256,1764724069.591514,31.387
1764724069.627890,1580,256,1764724069.596535,31.355
1764724069.632936,1581,256,1764724069.601500,31.437
1764724069.638014,1582,256,1764724069.606538,31.476
1764724069.642948,1583,256,1764724069.611490,31.458
1764724069.648028,1584,256,1764724069.616495,31.533
1764724069.653046,1585,256,1764724069.621500,31.545
1764724069.658147,1586,256,1764724069.626526,31.621
1764724069.663030,1587,256,1764724069.631497,31.533
1764724069.668117,1588,256,1764724069.636509,31.608
1764724069.673044,1589,256,1764724069.641500,31.544
1764724069.678249,1590,256,1764724069.646514,31.735
1764724069.683247,1591,256,1764724069.651502,31.745
1764724069.688461,1592,256,1764724069.656499,31.962
1764724069.693158,1593,256,1764724069.661531,31.627
1764724069.698195,1594,256,1764724069.666508,31.687
1764724069.703196,1595,256,1764724069.671530,31.665
1764724069.708260,1596,256,1764724069.676501,31.759
1764724069.713164,1597,256,1764724069.681591,31.574
1764724069.718174,1598,256,1764724069.686582,31.593
1764724069.723118,1599,256,1764724069.691543,31.575
1764724069.728283,1600,256,1764724069.696581,31.702
1764724069.733197,1601,256,1764724069.701563,31.634
1764724069.738147,1602,256,1764724069.706516,31.632
1764724069.743281,1603,256,1764724069.711606,31.675
1764724069.748253,1604,256,1764724069.716594,31.659
1764724069.753233,1605,256,1764724069.721616,31.617
1764724069.758036,1606,256,1764724069.726500,31.536
1764724069.763038,1607,256,1764724069.731515,31.523
1764724069.768291,1608,256,1764724069.736609,31.682
1764724069.773438,1609,256,1764724069.741615,31.822
1764724069.778316,1610,256,1764724069.746620,31.697
1764724069.783453,1611,256,1764724069.751614,31.839
1764724069.788288,1612,256,1764724069.756485,31.804
1764724069.793302,1613,256,1764724069.761489,31.813
1764724069.798269,1614,256,1764724069.766485,31.783
1764724069.803328,1615,256,1764724069.771510,31.817
1764724069.808322,1616,256,1764724069.776494,31.828
1764724069.813277,1617,256,1764724069.781511,31.767
1764724069.818308,1618,256,1764724069.786493,31.816
1764724069.823403,1619,256,1764724069.791512,31.891
1764724069.828029,1620,256,1764724069.796491,31.538
1764724069.833250,1621,256,1764724069.801609,31.640
1764724069.837989,1622,256,1764724069.806492,31.498
1764724069.843283,1623,256,1764724069.811604,31.679
1764724069.848172,1624,256,1764724069.816594,31.578
1764724069.853050,1625,256,1764724069.821568,31.482
1764724069.858126,1626,256,1764724069.826498,31.628
1764724069.862897,1627,256,1764724069.831494,31.403
1764724069.868209,1628,256,1764724069.836518,31.691
1764724069.873242,1629,256,1764724069.841530,31.712
1764724069.878186,1630,256,1764724069.846535,31.651
1764724069.883080,1631,256,1764724069.851534,31.547
1764724069.888070,1632,256,1764724069.856535,31.535
1764724069.893166,1633,256,1764724069.861537,31.630
1764724069.898138,1634,256,1764724069.866523,31.615
1764724069.903033,1635,256,1764724069.871504,31.529
1764724069.908139,1636,256,1764724069.876560,31.578
1764724069.913051,1637,256,1764724069.881493,31.559
1764724069.918153,1638,256,1764724069.886558,31.595
1764724069.923049,1639,256,1764724069.891505,31.544
1764724069.928024,1640,256,1764724069.896487,31.536
1764724069.933006,1641,256,1764724069.901487,31.518
1764724069.938123,1642,256,1764724069.906501,31.622
1764724069.943047,1643,256,1764724069.911507,31.540
1764724069.948148,1644,256,1764724069.916561,31.587
1764724069.953243,1645,256,1764724069.921604,31.639
1764724069.958085,1646,256,1764724069.926555,31.529
1764724069.963196,1647,256,1764724069.931594,31.601
1764724069.968111,1648,256,1764724069.936502,31.609
1764724069.973162,1649,256,1764724069.941555,31.607
1764724069.978095,1650,256,1764724069.946566,31.529
1764724069.983165,1651,256,1764724069.951539,31.626
1764724069.988114,1652,256,1764724069.956553,31.560
1764724069.993114,1653,256,1764724069.961598,31.515
1764724069.998116,1654,256,1764724069.966576,31.540
1764724070.003062,1655,256,1764724069.971574,31.488
1764724070.007951,1656,256,1764724069.976555,31.396
1764724070.013051,1657,256,1764724069.981513,31.538
1764724070.018045,1658,256,1764724069.986505,31.540
1764724070.023086,1659,256,1764724069.991549,31.537
1764724070.028070,1660,256,1764724069.996509,31.562
1764724070.032942,1661,256,1764724070.001501,31.441
1764724070.038035,1662,256,1764724070.006509,31.526
1764724070.042950,1663,256,1764724070.011494,31.456
1764724070.048072,1664,256,1764724070.016492,31.580
1764724070.052892,1665,256,1764724070.021493,31.399
1764724070.058038,1666,256,1764724070.026495,31.543
1764724070.063060,1667,256,1764724070.031514,31.546
1764724070.068032,1668,256,1764724070.036496,31.536
1764724070.072973,1669,256,1764724070.041494,31.479
1764724070.077988,1670,256,1764724070.046492,31.496
1764724070.083061,1671,256,1764724070.051491,31.569
1764724070.087994,1672,256,1764724070.056491,31.503
1764724070.093005,1673,256,1764724070.061491,31.514
1764724070.098156,1674,256,1764724070.066553,31.602
1764724070.103146,1675,256,1764724070.071587,31.559
1764724070.108082,1676,256,1764724070.076591,31.491
1764724070.113065,1677,256,1764724070.081575,31.490
1764724070.118237,1678,256,1764724070.086662,31.575
1764724070.123023,1679,256,1764724070.091571,31.453
1764724070.128335,1680,256,1764724070.096658,31.677
1764724070.133011,1681,256,1764724070.101577,31.434
1764724070.138029,1682,256,1764724070.106508,31.521
1764724070.143046,1683,256,1764724070.111568,31.478
1764724070.148036,1684,256,1764724070.116517,31.519
1764724070.152981,1685,256,1764724070.121502,31.479
1764724070.158081,1686,256,1764724070.126539,31.542
1764724070.163074,1687,256,1764724070.131645,31.429
1764724070.168022,1688,256,1764724070.136523,31.499
1764724070.173006,1689,256,1764724070.141522,31.484
1764724070.178127,1690,256,1764724070.146569,31.558
1764724070.183171,1691,256,1764724070.151606,31.565
1764724070.188061,1692,256,1764724070.156575,31.486
1764724070.193165,1693,256,1764724070.161569,31.596
1764724070.197928,1694,256,1764724070.166502,31.425
1764724070.203261,1695,256,1764724070.171627,31.634
1764724070.208260,1696,256,1764724070.176623,31.636
1764724070.213085,1697,256,1764724070.181509,31.575
1764724070.218097,1698,256,1764724070.186525,31.573
1764724070.223012,1699,256,1764724070.191498,31.514
1764724070.227983,1700,256,1764724070.196512,31.471
1764724070.233199,1701,256,1764724070.201625,31.574
1764724070.237921,1702,256,1764724070.206492,31.429
1764724070.242966,1703,256,1764724070.211489,31.476
1764724070.248102,1704,256,1764724070.216608,31.494
1764724070.252932,1705,256,1764724070.221502,31.430
1764724070.258067,1706,256,1764724070.226620,31.447
1764724070.262925,1707,256,1764724070.231503,31.423
1764724070.268005,1708,256,1764724070.236526,31.480
1764724070.272972,1709,256,1764724070.241500,31.472
1764724070.278083,1710,256,1764724070.246523,31.560
1764724070.282989,1711,256,1764724070.251505,31.484
1764724070.287997,1712,256,1764724070.256504,31.493
1764724070.292994,1713,256,1764724070.261499,31.495
1764724070.298065,1714,256,1764724070.266521,31.544
1764724070.302970,1715,256,1764724070.271483,31.487
1764724070.308011,1716,256,1764724070.276520,31.491
1764724070.312960,1717,256,1764724070.281521,31.439
1764724070.317975,1718,256,1764724070.286521,31.454
1764724070.322964,1719,256,1764724070.291527,31.437
1764724070.327943,1720,256,1764724070.296511,31.432
1764724070.332986,1721,256,1764724070.301527,31.459
1764724070.337958,1722,256,1764724070.306494,31.464
1764724070.342935,1723,256,1764724070.311489,31.446
1764724070.347996,1724,256,1764724070.316505,31.490
1764724070.352934,1725,256,1764724070.321510,31.424
1764724070.358109,1726,256,1764724070.326545,31.564
1764724070.362912,1727,256,1764724070.331515,31.397
1764724070.367930,1728,256,1764724070.336512,31.418
1764724070.372964,1729,256,1764724070.341562,31.402
1764724070.378112,1730,256,1764724070.346558,31.554
1764724070.382953,1731,256,1764724070.351512,31.441
1764724070.387970,1732,256,1764724070.356514,31.456
1764724070.393013,1733,256,1764724070.361559,31.454
1764724070.397992,1734,256,1764724070.366565,31.427
1764724070.403093,1735,256,1764724070.371566,31.527
1764724070.407964,1736,256,1764724070.376522,31.443
1764724070.413139,1737,256,1764724070.381574,31.565
1764724070.418123,1738,256,1764724070.386567,31.555
1764724070.423105,1739,256,1764724070.391578,31.527
1764724070.428114,1740,256,1764724070.396595,31.519
1764724070.433048,1741,256,1764724070.401520,31.527
1764724070.438009,1742,256,1764724070.406511,31.498
1764724070.443007,1743,256,1764724070.411510,31.497
1764724070.447930,1744,256,1764724070.416505,31.425
1764724070.453139,1745,256,1764724070.421509,31.630
1764724070.458039,1746,256,1764724070.426511,31.528
1764724070.463193,1747,256,1764724070.431569,31.624
1764724070.468087,1748,256,1764724070.436556,31.531
1764724070.473089,1749,256,1764724070.441523,31.566
1764724070.478189,1750,256,1764724070.446505,31.683
1764724070.483138,1751,256,1764724070.451501,31.638
1764724070.487977,1752,256,1764724070.456521,31.456
1764724070.493058,1753,256,1764724070.461519,31.540
1764724070.498057,1754,256,1764724070.466524,31.533
1764724070.503104,1755,256,1764724070.471548,31.557
1764724070.508140,1756,256,1764724070.476575,31.564
1764724070.513145,1757,256,1764724070.481610,31.535
1764724070.518308,1758,256,1764724070.486578,31.730
1764724070.523099,1759,256,1764724070.491575,31.525
1764724070.528301,1760,256,1764724070.496591,31.710
1764724070.533296,1761,256,1764724070.501671,31.625
1764724070.538292,1762,256,1764724070.506586,31.705
1764724070.542964,1763,256,1764724070.511519,31.444
1764724070.548233,1764,256,1764724070.516652,31.581
1764724070.553127,1765,256,1764724070.521533,31.594
1764724070.558231,1766,256,1764724070.526587,31.644
1764724070.563153,1767,256,1764724070.531612,31.541
1764724070.568128,1768,256,1764724070.536589,31.539
1764724070.573162,1769,256,1764724070.541589,31.572
1764724070.577919,1770,256,1764724070.546507,31.412
1764724070.583105,1771,256,1764724070.551536,31.569
1764724070.588056,1772,256,1764724070.556527,31.529
1764724070.593066,1773,256,1764724070.561518,31.548
1764724070.598033,1774,256,1764724070.566522,31.511
1764724070.603159,1775,256,1764724070.571584,31.575
1764724070.608383,1776,256,1764724070.576588,31.796
1764724070.613197,1777,256,1764724070.581567,31.630
1764724070.618280,1778,256,1764724070.586594,31.687
1764724070.623148,1779,256,1764724070.591594,31.554
1764724070.628048,1780,256,1764724070.596528,31.520
1764724070.633119,1781,256,1764724070.601552,31.567
1764724070.637987,1782,256,1764724070.606527,31.460
1764724070.643073,1783,256,1764724070.611531,31.543
1764724070.647936,1784,256,1764724070.616518,31.419
1764724070.652960,1785,256,1764724070.621540,31.420
1764724070.657952,1786,256,1764724070.626524,31.428
1764724070.663128,1787,256,1764724070.631552,31.576
1764724070.668109,1788,256,1764724070.636533,31.577
1764724070.673131,1789,256,1764724070.641555,31.576
1764724070.678184,1790,256,1764724070.646534,31.649
1764724070.683049,1791,256,1764724070.651511,31.538
1764724070.688099,1792,256,1764724070.656510,31.589
1764724070.693234,1793,256,1764724070.661582,31.652
1764724070.698286,1794,256,1764724070.666594,31.692
1764724070.703188,1795,256,1764724070.671593,31.595
1764724070.708157,1796,256,1764724070.676528,31.629
1764724070.713107,1797,256,1764724070.681539,31.568
1764724070.718137,1798,256,1764724070.686524,31.612
1764724070.723097,1799,256,1764724070.691539,31.558
1764724070.728088,1800,256,1764724070.696533,31.554
1764724070.732929,1801,256,1764724070.701514,31.415
1764724070.737957,1802,256,1764724070.706525,31.431
1764724070.743209,1803,256,1764724070.711637,31.572
1764724070.747984,1804,256,1764724070.716532,31.452
1764724070.753201,1805,256,1764724070.721624,31.577
1764724070.758017,1806,256,1764724070.726523,31.493
1764724070.763070,1807,256,1764724070.731506,31.564
1764724070.768127,1808,256,1764724070.736515,31.612
1764724070.773248,1809,256,1764724070.741599,31.649
1764724070.782826,1810,256,1764724070.746516,36.309
1764724070.783001,1811,256,1764724070.751570,31.431
1764724070.788028,1812,256,1764724070.756513,31.515
1764724070.793154,1813,256,1764724070.761506,31.648
1764724070.798165,1814,256,1764724070.766510,31.656
1764724070.803130,1815,256,1764724070.771528,31.601
1764724070.814274,1816,256,1764724070.782801,31.473
1764724070.815020,1817,256,1764724070.782917,32.104
1764724070.818045,1818,256,1764724070.786580,31.465
1764724070.822960,1819,256,1764724070.791511,31.450
1764724070.828020,1820,256,1764724070.796523,31.496
1764724070.832993,1821,256,1764724070.801528,31.465
1764724070.837960,1822,256,1764724070.806515,31.445
1764724070.843014,1823,256,1764724070.811543,31.471
1764724070.847991,1824,256,1764724070.816520,31.471
1764724070.852945,1825,256,1764724070.821509,31.436
1764724070.857926,1826,256,1764724070.826534,31.392
1764724070.862894,1827,256,1764724070.831510,31.383
1764724070.867901,1828,256,1764724070.836512,31.389
1764724070.872891,1829,256,1764724070.841510,31.381
1764724070.878041,1830,256,1764724070.846613,31.429
1764724070.882976,1831,256,1764724070.851578,31.398
1764724070.887908,1832,256,1764724070.856519,31.389
1764724070.892897,1833,256,1764724070.861516,31.382
1764724070.897918,1834,256,1764724070.866517,31.401
1764724070.902909,1835,256,1764724070.871523,31.387
1764724070.907938,1836,256,1764724070.876512,31.426
1764724070.912933,1837,256,1764724070.881517,31.416
1764724070.917960,1838,256,1764724070.886518,31.443
1764724070.922960,1839,256,1764724070.891526,31.433
1764724070.927961,1840,256,1764724070.896526,31.435
1764724070.932987,1841,256,1764724070.901534,31.453
1764724070.937950,1842,256,1764724070.906522,31.428
1764724070.942964,1843,256,1764724070.911520,31.444
1764724070.947929,1844,256,1764724070.916526,31.403
1764724070.952900,1845,256,1764724070.921521,31.379
1764724070.957909,1846,256,1764724070.926523,31.386
1764724070.962901,1847,256,1764724070.931518,31.383
1764724070.967929,1848,256,1764724070.936524,31.405
1764724070.972974,1849,256,1764724070.941582,31.392
1764724070.977976,1850,256,1764724070.946569,31.407
1764724070.982896,1851,256,1764724070.951523,31.373
1764724070.987911,1852,256,1764724070.956518,31.394
1764724070.992885,1853,256,1764724070.961518,31.367
1764724070.997952,1854,256,1764724070.966533,31.419
1764724071.002908,1855,256,1764724070.971525,31.383
1764724071.007961,1856,256,1764724070.976526,31.435
1764724071.012980,1857,256,1764724070.981542,31.438
1764724071.017917,1858,256,1764724070.986526,31.391
1764724071.022915,1859,256,1764724070.991522,31.393
1764724071.027953,1860,256,1764724070.996526,31.427
1764724071.032916,1861,256,1764724071.001525,31.391
1764724071.037929,1862,256,1764724071.006518,31.411
1764724071.042896,1863,256,1764724071.011518,31.378
1764724071.047947,1864,256,1764724071.016522,31.425
1764724071.052909,1865,256,1764724071.021524,31.385
1764724071.058037,1866,256,1764724071.026584,31.453
1764724071.062899,1867,256,1764724071.031528,31.371
1764724071.068024,1868,256,1764724071.036591,31.433
1764724071.072892,1869,256,1764724071.041522,31.370
1764724071.078108,1870,256,1764724071.046647,31.461
1764724071.082889,1871,256,1764724071.051525,31.364
1764724071.088005,1872,256,1764724071.056546,31.459
1764724071.092927,1873,256,1764724071.061522,31.405
1764724071.098092,1874,256,1764724071.066637,31.454
1764724071.103096,1875,256,1764724071.071659,31.437
1764724071.108088,1876,256,1764724071.076658,31.429
1764724071.113057,1877,256,1764724071.081638,31.419
1764724071.118176,1878,256,1764724071.086664,31.512
1764724071.123112,1879,256,1764724071.091655,31.457
1764724071.128191,1880,256,1764724071.096690,31.501
1764724071.133194,1881,256,1764724071.101695,31.499
1764724071.138196,1882,256,1764724071.106672,31.524
1764724071.143174,1883,256,1764724071.111694,31.479
1764724071.148253,1884,256,1764724071.116695,31.558
1764724071.153011,1885,256,1764724071.121577,31.433
1764724071.158061,1886,256,1764724071.126577,31.483
1764724071.162972,1887,256,1764724071.131517,31.455
1764724071.168087,1888,256,1764724071.136588,31.499
1764724071.172989,1889,256,1764724071.141578,31.411
1764724071.178049,1890,256,1764724071.146586,31.463
1764724071.183046,1891,256,1764724071.151611,31.435
1764724071.188044,1892,256,1764724071.156580,31.464
1764724071.193005,1893,256,1764724071.161579,31.426
1764724071.198029,1894,256,1764724071.166586,31.443
1764724071.202975,1895,256,1764724071.171531,31.444
1764724071.208036,1896,256,1764724071.176613,31.423
1764724071.213137,1897,256,1764724071.181666,31.471
1764724071.218168,1898,256,1764724071.186688,31.480
1764724071.223170,1899,256,1764724071.191695,31.475
1764724071.228169,1900,256,1764724071.196690,31.480
1764724071.233147,1901,256,1764724071.201686,31.461
1764724071.238180,1902,256,1764724071.206702,31.478
1764724071.243097,1903,256,1764724071.211626,31.471
1764724071.248105,1904,256,1764724071.216606,31.499
1764724071.253096,1905,256,1764724071.221617,31.479
1764724071.258036,1906,256,1764724071.226609,31.427
1764724071.263034,1907,256,1764724071.231609,31.425
1764724071.268006,1908,256,1764724071.236598,31.408
1764724071.273045,1909,256,1764724071.241611,31.433
1764724071.278048,1910,256,1764724071.246614,31.433
1764724071.283014,1911,256,1764724071.251595,31.418
1764724071.287920,1912,256,1764724071.256534,31.387
1764724071.292917,1913,256,1764724071.261532,31.385
1764724071.297917,1914,256,1764724071.266535,31.382
1764724071.302988,1915,256,1764724071.271564,31.423
1764724071.308002,1916,256,1764724071.276550,31.452
1764724071.313114,1917,256,1764724071.281681,31.433
1764724071.318198,1918,256,1764724071.286685,31.513
1764724071.323251,1919,256,1764724071.291657,31.594
1764724071.328124,1920,256,1764724071.296581,31.543
1764724071.333102,1921,256,1764724071.301593,31.508
1764724071.338251,1922,256,1764724071.306690,31.561
1764724071.343262,1923,256,1764724071.311691,31.571
1764724071.348208,1924,256,1764724071.316695,31.514
1764724071.353258,1925,256,1764724071.321692,31.566
1764724071.358196,1926,256,1764724071.326697,31.499
1764724071.363273,1927,256,1764724071.331693,31.580
1764724071.368191,1928,256,1764724071.336713,31.477
1764724071.373253,1929,256,1764724071.341693,31.560
1764724071.378196,1930,256,1764724071.346706,31.491
1764724071.383264,1931,256,1764724071.351694,31.570
1764724071.388185,1932,256,1764724071.356679,31.506
1764724071.393011,1933,256,1764724071.361571,31.439
1764724071.398131,1934,256,1764724071.366691,31.440
1764724071.403174,1935,256,1764724071.371698,31.476
1764724071.408174,1936,256,1764724071.376695,31.480
1764724071.413171,1937,256,1764724071.381697,31.474
1764724071.418139,1938,256,1764724071.386705,31.434
1764724071.423017,1939,256,1764724071.391552,31.465
1764724071.428069,1940,256,1764724071.396673,31.396
1764724071.433141,1941,256,1764724071.401671,31.470
1764724071.438158,1942,256,1764724071.406694,31.465
1764724071.443113,1943,256,1764724071.411685,31.428
1764724071.448063,1944,256,1764724071.416612,31.451
1764724071.453156,1945,256,1764724071.421709,31.447
1764724071.458122,1946,256,1764724071.426691,31.431
1764724071.463039,1947,256,1764724071.431614,31.424
1764724071.468128,1948,256,1764724071.436661,31.467
1764724071.473117,1949,256,1764724071.441695,31.422
1764724071.478122,1950,256,1764724071.446693,31.429
1764724071.483160,1951,256,1764724071.451704,31.456
1764724071.488135,1952,256,1764724071.456699,31.436
1764724071.493252,1953,256,1764724071.461691,31.561
1764724071.498017,1954,256,1764724071.466557,31.460
1764724071.502912,1955,256,1764724071.471531,31.381
1764724071.508044,1956,256,1764724071.476578,31.465
1764724071.512936,1957,256,1764724071.481530,31.406
1764724071.518049,1958,256,1764724071.486582,31.467
1764724071.523000,1959,256,1764724071.491589,31.411
1764724071.528097,1960,256,1764724071.496600,31.497
1764724071.533051,1961,256,1764724071.501613,31.437
1764724071.538148,1962,256,1764724071.506603,31.544
1764724071.543005,1963,256,1764724071.511573,31.432
1764724071.548063,1964,256,1764724071.516588,31.475
1764724071.552999,1965,256,1764724071.521581,31.417
1764724071.558086,1966,256,1764724071.526591,31.495
1764724071.563072,1967,256,1764724071.531601,31.471
1764724071.568294,1968,256,1764724071.536587,31.706
1764724071.573316,1969,256,1764724071.541550,31.765
1764724071.578053,1970,256,1764724071.546525,31.528
1764724071.582923,1971,256,1764724071.551528,31.395
1764724071.588106,1972,256,1764724071.556591,31.515
1764724071.593040,1973,256,1764724071.561593,31.448
1764724071.598095,1974,256,1764724071.566585,31.510
1764724071.603063,1975,256,1764724071.571582,31.481
1764724071.608032,1976,256,1764724071.576575,31.457
1764724071.612968,1977,256,1764724071.581533,31.435
1764724071.618122,1978,256,1764724071.586578,31.544
1764724071.623077,1979,256,1764724071.591594,31.482
1764724071.628137,1980,256,1764724071.596577,31.560
1764724071.633085,1981,256,1764724071.601608,31.476
1764724071.638427,1982,256,1764724071.606587,31.841
1764724071.643140,1983,256,1764724071.611609,31.530
1764724071.648171,1984,256,1764724071.616597,31.574
1764724071.652984,1985,256,1764724071.621531,31.454
1764724071.658175,1986,256,1764724071.626586,31.589
1764724071.663053,1987,256,1764724071.631605,31.448
1764724071.668175,1988,256,1764724071.636599,31.575
1764724071.673060,1989,256,1764724071.641609,31.451
1764724071.678123,1990,256,1764724071.646594,31.529
1764724071.683046,1991,256,1764724071.651614,31.432
1764724071.688096,1992,256,1764724071.656595,31.502
1764724071.693019,1993,256,1764724071.661587,31.432
1764724071.698013,1994,256,1764724071.666581,31.432
1764724071.703021,1995,256,1764724071.671552,31.469
1764724071.707981,1996,256,1764724071.676538,31.444
1764724071.713085,1997,256,1764724071.681633,31.452
1764724071.718119,1998,256,1764724071.686625,31.494
1764724071.723161,1999,256,1764724071.691674,31.487
1764724071.728280,2000,256,1764724071.696712,31.568
1764724071.733196,2001,256,1764724071.701706,31.490
1764724071.738286,2002,256,1764724071.706711,31.575
1764724071.743194,2003,256,1764724071.711704,31.490
1764724071.748263,2004,256,1764724071.716706,31.556
1764724071.753186,2005,256,1764724071.721696,31.489
1764724071.758254,2006,256,1764724071.726716,31.538
1764724071.763157,2007,256,1764724071.731706,31.451
1764724071.768266,2008,256,1764724071.736716,31.550
1764724071.773196,2009,256,1764724071.741704,31.492
1764724071.778240,2010,256,1764724071.746713,31.527
1764724071.783115,2011,256,1764724071.751695,31.420
1764724071.788091,2012,256,1764724071.756669,31.422
1764724071.793112,2013,256,1764724071.761671,31.442
1764724071.798181,2014,256,1764724071.766706,31.476
1764724071.803126,2015,256,1764724071.771707,31.419
1764724071.808204,2016,256,1764724071.776702,31.502
1764724071.813188,2017,256,1764724071.781701,31.487
1764724071.818122,2018,256,1764724071.786626,31.496
1764724071.823057,2019,256,1764724071.791617,31.440
1764724071.828187,2020,256,1764724071.796661,31.527
1764724071.833158,2021,256,1764724071.801667,31.491
1764724071.838210,2022,256,1764724071.806704,31.506
1764724071.843172,2023,256,1764724071.811707,31.465
1764724071.848253,2024,256,1764724071.816705,31.549
1764724071.853173,2025,256,1764724071.821694,31.478
1764724071.858261,2026,256,1764724071.826710,31.551
1764724071.863192,2027,256,1764724071.831703,31.489
1764724071.868200,2028,256,1764724071.836696,31.504
1764724071.873129,2029,256,1764724071.841678,31.451
1764724071.878309,2030,256,1764724071.846718,31.591
1764724071.883141,2031,256,1764724071.851707,31.433
1764724071.888207,2032,256,1764724071.856708,31.499
1764724071.893162,2033,256,1764724071.861712,31.450
1764724071.898168,2034,256,1764724071.866704,31.464
1764724071.903122,2035,256,1764724071.871704,31.418
1764724071.908142,2036,256,1764724071.876616,31.526
1764724071.912936,2037,256,1764724071.881539,31.397
1764724071.918016,2038,256,1764724071.886568,31.448
1764724071.923073,2039,256,1764724071.891639,31.434
1764724071.928138,2040,256,1764724071.896629,31.509
1764724071.933069,2041,256,1764724071.901630,31.439
1764724071.938137,2042,256,1764724071.906625,31.512
1764724071.943142,2043,256,1764724071.911714,31.428
1764724071.948186,2044,256,1764724071.916704,31.482
1764724071.953138,2045,256,1764724071.921708,31.430
1764724071.958183,2046,256,1764724071.926712,31.471
1764724071.963144,2047,256,1764724071.931713,31.431
1764724071.968164,2048,256,1764724071.936710,31.455
1764724071.973204,2049,256,1764724071.941715,31.489
1764724071.978283,2050,256,1764724071.946708,31.575
1764724071.983153,2051,256,1764724071.951711,31.442
1764724071.988187,2052,256,1764724071.956713,31.475
1764724071.993251,2053,256,1764724071.961718,31.533
1764724071.998145,2054,256,1764724071.966696,31.449
1764724072.003183,2055,256,1764724071.971714,31.469
1764724072.008199,2056,256,1764724071.976710,31.490
1764724072.013154,2057,256,1764724071.981697,31.457
1764724072.018174,2058,256,1764724071.986715,31.459
1764724072.023134,2059,256,1764724071.991649,31.484
1764724072.028146,2060,256,1764724071.996681,31.465
1764724072.033147,2061,256,1764724072.001662,31.485
1764724072.038248,2062,256,1764724072.006710,31.538
1764724072.043094,2063,256,1764724072.011605,31.488
1764724072.048027,2064,256,1764724072.016597,31.430
1764724072.053056,2065,256,1764724072.021590,31.466
1764724072.058119,2066,256,1764724072.026601,31.518
1764724072.063043,2067,256,1764724072.031613,31.430
1764724072.068109,2068,256,1764724072.036600,31.510
1764724072.073039,2069,256,1764724072.041600,31.438
1764724072.078087,2070,256,1764724072.046597,31.490
1764724072.082999,2071,256,1764724072.051603,31.396
1764724072.088067,2072,256,1764724072.056625,31.442
1764724072.093034,2073,256,1764724072.061596,31.438
1764724072.098135,2074,256,1764724072.066635,31.501
1764724072.103074,2075,256,1764724072.071609,31.465
1764724072.108117,2076,256,1764724072.076606,31.511
1764724072.113081,2077,256,1764724072.081578,31.503
1764724072.118148,2078,256,1764724072.086545,31.603
1764724072.123013,2079,256,1764724072.091542,31.471
1764724072.128137,2080,256,1764724072.096547,31.590
1764724072.132913,2081,256,1764724072.101539,31.374
1764724072.138060,2082,256,1764724072.106538,31.523
1764724072.142956,2083,256,1764724072.111539,31.417
1764724072.148032,2084,256,1764724072.116550,31.482
1764724072.153025,2085,256,1764724072.121603,31.422
1764724072.158097,2086,256,1764724072.126601,31.496
1764724072.163041,2087,256,1764724072.131603,31.438
1764724072.168093,2088,256,1764724072.136606,31.487
1764724072.173054,2089,256,1764724072.141615,31.439
1764724072.178109,2090,256,1764724072.146601,31.508
1764724072.182983,2091,256,1764724072.151602,31.381
1764724072.188123,2092,256,1764724072.156614,31.509
1764724072.193035,2093,256,1764724072.161595,31.440
1764724072.198119,2094,256,1764724072.166614,31.505
1764724072.203025,2095,256,1764724072.171597,31.427
1764724072.208093,2096,256,1764724072.176602,31.490
1764724072.213083,2097,256,1764724072.181626,31.457
1764724072.218051,2098,256,1764724072.186611,31.440
1764724072.223045,2099,256,1764724072.191603,31.442
1764724072.228068,2100,256,1764724072.196610,31.458
1764724072.233048,2101,256,1764724072.201609,31.439
1764724072.238018,2102,256,1764724072.206587,31.430
1764724072.243052,2103,256,1764724072.211607,31.445
1764724072.248028,2104,256,1764724072.216599,31.429
1764724072.253056,2105,256,1764724072.221602,31.454
1764724072.258045,2106,256,1764724072.226604,31.441
1764724072.263019,2107,256,1764724072.231606,31.413
1764724072.268011,2108,256,1764724072.236611,31.400
1764724072.272965,2109,256,1764724072.241587,31.378
1764724072.277997,2110,256,1764724072.246603,31.395
1764724072.283008,2111,256,1764724072.251602,31.407
1764724072.288028,2112,256,1764724072.256608,31.420
1764724072.292951,2113,256,1764724072.261586,31.365
1764724072.297980,2114,256,1764724072.266582,31.398
1764724072.303000,2115,256,1764724072.271576,31.424
1764724072.307969,2116,256,1764724072.276572,31.397
1764724072.313027,2117,256,1764724072.281585,31.442
1764724072.318096,2118,256,1764724072.286570,31.526
1764724072.322989,2119,256,1764724072.291550,31.439
1764724072.327930,2120,256,1764724072.296545,31.385
1764724072.333049,2121,256,1764724072.301576,31.474
1764724072.338020,2122,256,1764724072.306564,31.456
1764724072.343011,2123,256,1764724072.311564,31.447
1764724072.348063,2124,256,1764724072.316566,31.497
1764724072.353014,2125,256,1764724072.321564,31.451
1764724072.358084,2126,256,1764724072.326605,31.479
1764724072.363041,2127,256,1764724072.331608,31.433
1764724072.368101,2128,256,1764724072.336609,31.492
1764724072.373053,2129,256,1764724072.341606,31.446
1764724072.378134,2130,256,1764724072.346616,31.518
1764724072.383062,2131,256,1764724072.351612,31.451
1764724072.388128,2132,256,1764724072.356611,31.517
1764724072.393062,2133,256,1764724072.361616,31.446
1764724072.398086,2134,256,1764724072.366620,31.466
1764724072.403076,2135,256,1764724072.371626,31.451
1764724072.408103,2136,256,1764724072.376624,31.478
1764724072.413059,2137,256,1764724072.381614,31.445
1764724072.418148,2138,256,1764724072.386617,31.530
1764724072.423082,2139,256,1764724072.391615,31.467
1764724072.428167,2140,256,1764724072.396618,31.549
1764724072.433024,2141,256,1764724072.401557,31.467
1764724072.438082,2142,256,1764724072.406548,31.534
1764724072.443071,2143,256,1764724072.411606,31.465
1764724072.448172,2144,256,1764724072.416609,31.563
1764724072.453081,2145,256,1764724072.421616,31.465
1764724072.458188,2146,256,1764724072.426622,31.566
1764724072.463080,2147,256,1764724072.431623,31.458
1764724072.468167,2148,256,1764724072.436608,31.559
1764724072.473077,2149,256,1764724072.441620,31.457
1764724072.478179,2150,256,1764724072.446613,31.565
1764724072.483091,2151,256,1764724072.451615,31.475
1764724072.488166,2152,256,1764724072.456618,31.548
1764724072.493078,2153,256,1764724072.461617,31.461
1764724072.498046,2154,256,1764724072.466609,31.437
1764724072.503085,2155,256,1764724072.471623,31.461
1764724072.508042,2156,256,1764724072.476616,31.426
1764724072.512960,2157,256,1764724072.481559,31.400
1764724072.518065,2158,256,1764724072.486623,31.441
1764724072.523049,2159,256,1764724072.491573,31.476
1764724072.528011,2160,256,1764724072.496557,31.453
1764724072.532995,2161,256,1764724072.501558,31.437
1764724072.537962,2162,256,1764724072.506561,31.401
1764724072.543050,2163,256,1764724072.511567,31.483
1764724072.548065,2164,256,1764724072.516573,31.492
1764724072.553074,2165,256,1764724072.521587,31.487
1764724072.558170,2166,256,1764724072.526725,31.445
1764724072.563162,2167,256,1764724072.531727,31.435
1764724072.568203,2168,256,1764724072.536730,31.472
1764724072.573096,2169,256,1764724072.541641,31.455
1764724072.577977,2170,256,1764724072.546561,31.416
1764724072.582987,2171,256,1764724072.551589,31.398
1764724072.588021,2172,256,1764724072.556576,31.446
1764724072.592989,2173,256,1764724072.561602,31.387
1764724072.597978,2174,256,1764724072.566554,31.425
1764724072.602951,2175,256,1764724072.571552,31.399
1764724072.607934,2176,256,1764724072.576542,31.392
1764724072.612980,2177,256,1764724072.581548,31.432
1764724072.617958,2178,256,1764724072.586547,31.412
1764724072.622926,2179,256,1764724072.591550,31.377
1764724072.627960,2180,256,1764724072.596556,31.404
1764724072.633003,2181,256,1764724072.601562,31.442
1764724072.638027,2182,256,1764724072.606570,31.457
1764724072.642974,2183,256,1764724072.611562,31.413
1764724072.648047,2184,256,1764724072.616571,31.476
1764724072.653044,2185,256,1764724072.621610,31.434
1764724072.658093,2186,256,1764724072.626613,31.481
1764724072.663089,2187,256,1764724072.631639,31.450
1764724072.668099,2188,256,1764724072.636657,31.442
1764724072.673084,2189,256,1764724072.641647,31.437
1764724072.678183,2190,256,1764724072.646694,31.489
1764724072.683122,2191,256,1764724072.651699,31.423
1764724072.688164,2192,256,1764724072.656728,31.436
1764724072.693074,2193,256,1764724072.661654,31.420
1764724072.698054,2194,256,1764724072.666651,31.403
1764724072.703094,2195,256,1764724072.671610,31.484
1764724072.708116,2196,256,1764724072.676655,31.461
1764724072.713060,2197,256,1764724072.681581,31.480
1764724072.718168,2198,256,1764724072.686713,31.455
1764724072.723147,2199,256,1764724072.691674,31.473
1764724072.728040,2200,256,1764724072.696566,31.473
1764724072.732985,2201,256,1764724072.701566,31.420
1764724072.738017,2202,256,1764724072.706571,31.445
1764724072.742999,2203,256,1764724072.711580,31.419
1764724072.748063,2204,256,1764724072.716554,31.509
1764724072.752944,2205,256,1764724072.721548,31.396
1764724072.757991,2206,256,1764724072.726560,31.431
1764724072.762979,2207,256,1764724072.731573,31.406
1764724072.768034,2208,256,1764724072.736565,31.469
1764724072.773032,2209,256,1764724072.741556,31.476
1764724072.778327,2210,256,1764724072.746567,31.761
1764724072.783010,2211,256,1764724072.751574,31.436
1764724072.788076,2212,256,1764724072.756568,31.508
1764724072.793021,2213,256,1764724072.761561,31.460
1764724072.798028,2214,256,1764724072.766561,31.467
1764724072.803078,2215,256,1764724072.771593,31.485
1764724072.808166,2216,256,1764724072.776611,31.555
1764724072.813112,2217,256,1764724072.781582,31.530
1764724072.818199,2218,256,1764724072.786576,31.624
1764724072.823084,2219,256,1764724072.791585,31.498
1764724072.828164,2220,256,1764724072.796593,31.571
1764724072.833110,2221,256,1764724072.801592,31.518
1764724072.838344,2222,256,1764724072.806782,31.561
1764724072.843048,2223,256,1764724072.811581,31.467
1764724072.848179,2224,256,1764724072.816624,31.555
1764724072.853121,2225,256,1764724072.821594,31.528
1764724072.858064,2226,256,1764724072.826596,31.468
1764724072.863099,2227,256,1764724072.831680,31.419
1764724072.868016,2228,256,1764724072.836582,31.434
1764724072.872947,2229,256,1764724072.841563,31.384
1764724072.877975,2230,256,1764724072.846583,31.392
1764724072.882960,2231,256,1764724072.851570,31.390
1764724072.887995,2232,256,1764724072.856606,31.390
1764724072.892901,2233,256,1764724072.861547,31.354
1764724072.897952,2234,256,1764724072.866567,31.385
1764724072.902958,2235,256,1764724072.871558,31.400
1764724072.907930,2236,256,1764724072.876554,31.375
1764724072.912951,2237,256,1764724072.881559,31.392
1764724072.917916,2238,256,1764724072.886559,31.357
1764724072.922884,2239,256,1764724072.891550,31.333
1764724072.927923,2240,256,1764724072.896554,31.369
1764724072.932942,2241,256,1764724072.901566,31.376
1764724072.937905,2242,256,1764724072.906566,31.339
1764724072.942882,2243,256,1764724072.911557,31.325
1764724072.947877,2244,256,1764724072.916551,31.326
1764724072.952868,2245,256,1764724072.921549,31.319
1764724072.957891,2246,256,1764724072.926547,31.344
1764724072.962934,2247,256,1764724072.931584,31.350
1764724072.967940,2248,256,1764724072.936548,31.391
1764724072.972918,2249,256,1764724072.941548,31.370
1764724072.977866,2250,256,1764724072.946547,31.319
1764724072.982851,2251,256,1764724072.951548,31.304
1764724072.987911,2252,256,1764724072.956551,31.360
1764724072.992964,2253,256,1764724072.961586,31.378
1764724072.997921,2254,256,1764724072.966548,31.374
1764724073.002972,2255,256,1764724072.971606,31.366
1764724073.007945,2256,256,1764724072.976547,31.399
1764724073.012921,2257,256,1764724072.981599,31.322
1764724073.017884,2258,256,1764724072.986549,31.334
1764724073.022873,2259,256,1764724072.991551,31.322
1764724073.027877,2260,256,1764724072.996549,31.328
1764724073.032969,2261,256,1764724073.001552,31.417
1764724073.037929,2262,256,1764724073.006549,31.380
1764724073.042920,2263,256,1764724073.011558,31.362
1764724073.048039,2264,256,1764724073.016560,31.479
1764724073.052947,2265,256,1764724073.021547,31.400
1764724073.057944,2266,256,1764724073.026545,31.399
1764724073.063046,2267,256,1764724073.031618,31.429
1764724073.068006,2268,256,1764724073.036565,31.440
1764724073.073000,2269,256,1764724073.041557,31.443
1764724073.078017,2270,256,1764724073.046567,31.449
1764724073.083034,2271,256,1764724073.051575,31.459
1764724073.087998,2272,256,1764724073.056570,31.428
1764724073.093056,2273,256,1764724073.061613,31.443
1764724073.098040,2274,256,1764724073.066576,31.465
1764724073.103024,2275,256,1764724073.071574,31.450
1764724073.107998,2276,256,1764724073.076580,31.418
1764724073.112951,2277,256,1764724073.081577,31.374
1764724073.118038,2278,256,1764724073.086612,31.426
1764724073.122949,2279,256,1764724073.091582,31.368
1764724073.127999,2280,256,1764724073.096622,31.377
1764724073.133112,2281,256,1764724073.101632,31.480
1764724073.138048,2282,256,1764724073.106586,31.462
1764724073.143056,2283,256,1764724073.111570,31.486
1764724073.148053,2284,256,1764724073.116572,31.481
1764724073.152992,2285,256,1764724073.121568,31.424
1764724073.157971,2286,256,1764724073.126556,31.415
1764724073.163001,2287,256,1764724073.131572,31.428
1764724073.168121,2288,256,1764724073.136588,31.533
1764724073.173111,2289,256,1764724073.141629,31.481
1764724073.178086,2290,256,1764724073.146635,31.451
1764724073.183110,2291,256,1764724073.151607,31.503
1764724073.188057,2292,256,1764724073.156577,31.480
1764724073.193004,2293,256,1764724073.161593,31.410
1764724073.198034,2294,256,1764724073.166581,31.452
1764724073.203001,2295,256,1764724073.171590,31.412
1764724073.208030,2296,256,1764724073.176582,31.448
1764724073.213031,2297,256,1764724073.181632,31.399
1764724073.218038,2298,256,1764724073.186585,31.453
1764724073.223006,2299,256,1764724073.191573,31.433
1764724073.228044,2300,256,1764724073.196581,31.463
1764724073.233077,2301,256,1764724073.201585,31.493
1764724073.238069,2302,256,1764724073.206622,31.447
1764724073.243038,2303,256,1764724073.211577,31.461
1764724073.248038,2304,256,1764724073.216572,31.466
1764724073.253015,2305,256,1764724073.221591,31.425
1764724073.258065,2306,256,1764724073.226633,31.433
1764724073.263018,2307,256,1764724073.231581,31.437
1764724073.268064,2308,256,1764724073.236578,31.485
1764724073.273036,2309,256,1764724073.241578,31.457
1764724073.278075,2310,256,1764724073.246569,31.506
1764724073.283013,2311,256,1764724073.251581,31.433
1764724073.288054,2312,256,1764724073.256574,31.480
1764724073.293031,2313,256,1764724073.261609,31.422
1764724073.298281,2314,256,1764724073.266579,31.702
1764724073.303044,2315,256,1764724073.271620,31.425
1764724073.307992,2316,256,1764724073.276568,31.424
1764724073.313018,2317,256,1764724073.281619,31.399
1764724073.318205,2318,256,1764724073.286592,31.613
1764724073.323051,2319,256,1764724073.291618,31.433
1764724073.328075,2320,256,1764724073.296571,31.503
1764724073.333002,2321,256,1764724073.301564,31.438
1764724073.338001,2322,256,1764724073.306565,31.437
1764724073.343018,2323,256,1764724073.311572,31.446
1764724073.348053,2324,256,1764724073.316571,31.482
1764724073.353045,2325,256,1764724073.321577,31.468
1764724073.357973,2326,256,1764724073.326563,31.410
1764724073.362993,2327,256,1764724073.331616,31.377
1764724073.369285,2328,256,1764724073.336562,32.723
1764724073.372983,2329,256,1764724073.341614,31.370
1764724073.378077,2330,256,1764724073.346568,31.509
1764724073.383029,2331,256,1764724073.351639,31.389
1764724073.388077,2332,256,1764724073.356620,31.457
1764724073.392934,2333,256,1764724073.361562,31.372
1764724073.398694,2334,256,1764724073.367260,31.434
1764724073.402962,2335,256,1764724073.371580,31.383
1764724073.407988,2336,256,1764724073.376595,31.393
1764724073.412969,2337,256,1764724073.381583,31.385
1764724073.417984,2338,256,1764724073.386576,31.408
1764724073.422996,2339,256,1764724073.391586,31.410
1764724073.427961,2340,256,1764724073.396575,31.385
1764724073.432958,2341,256,1764724073.401574,31.384
1764724073.437964,2342,256,1764724073.406571,31.393
1764724073.443009,2343,256,1764724073.411571,31.438
1764724073.448072,2344,256,1764724073.416587,31.485
1764724073.452993,2345,256,1764724073.421577,31.416
1764724073.457968,2346,256,1764724073.426567,31.401
1764724073.463144,2347,256,1764724073.431701,31.442
1764724073.468009,2348,256,1764724073.436581,31.428
1764724073.473018,2349,256,1764724073.441575,31.443
1764724073.478069,2350,256,1764724073.446591,31.477
1764724073.483054,2351,256,1764724073.451595,31.460
1764724073.487999,2352,256,1764724073.456576,31.423
1764724073.493026,2353,256,1764724073.461581,31.446
1764724073.498030,2354,256,1764724073.466593,31.438
1764724073.503037,2355,256,1764724073.471591,31.445
1764724073.508037,2356,256,1764724073.476590,31.446
1764724073.513071,2357,256,1764724073.481628,31.442
1764724073.518003,2358,256,1764724073.486582,31.421
1764724073.523001,2359,256,1764724073.491584,31.417
1764724073.528103,2360,256,1764724073.496668,31.435
1764724073.532978,2361,256,1764724073.501585,31.393
1764724073.537993,2362,256,1764724073.506589,31.404
1764724073.543033,2363,256,1764724073.511590,31.443
1764724073.548059,2364,256,1764724073.516588,31.471
1764724073.552975,2365,256,1764724073.521579,31.395
1764724073.558046,2366,256,1764724073.526579,31.467
1764724073.563062,2367,256,1764724073.531583,31.479
1764724073.568005,2368,256,1764724073.536583,31.421
1764724073.573037,2369,256,1764724073.541588,31.450
1764724073.578082,2370,256,1764724073.546579,31.503
1764724073.583034,2371,256,1764724073.551580,31.453
1764724073.588098,2372,256,1764724073.556650,31.447
1764724073.593032,2373,256,1764724073.561584,31.447
1764724073.598057,2374,256,1764724073.566588,31.469
1764724073.603028,2375,256,1764724073.571590,31.438
1764724073.608083,2376,256,1764724073.576593,31.491
1764724073.613058,2377,256,1764724073.581593,31.465
1764724073.618044,2378,256,1764724073.586587,31.457
1764724073.623070,2379,256,1764724073.591587,31.483
1764724073.628147,2380,256,1764724073.596590,31.557
1764724073.633037,2381,256,1764724073.601584,31.453
1764724073.638036,2382,256,1764724073.606573,31.463
1764724073.643054,2383,256,1764724073.611587,31.467
1764724073.648237,2384,256,1764724073.616584,31.653
1764724073.653102,2385,256,1764724073.621640,31.462
1764724073.658138,2386,256,1764724073.626629,31.508
1764724073.663102,2387,256,1764724073.631641,31.462
1764724073.668250,2388,256,1764724073.636702,31.548
1764724073.673048,2389,256,1764724073.641627,31.422
1764724073.678121,2390,256,1764724073.646638,31.482
1764724073.683095,2391,256,1764724073.651648,31.447
1764724073.688162,2392,256,1764724073.656663,31.499
1764724073.693117,2393,256,1764724073.661647,31.470
1764724073.698312,2394,256,1764724073.666596,31.716
1764724073.703100,2395,256,1764724073.671657,31.444
1764724073.708079,2396,256,1764724073.676623,31.456
1764724073.713033,2397,256,1764724073.681584,31.449
1764724073.718072,2398,256,1764724073.686587,31.486
1764724073.723061,2399,256,1764724073.691641,31.420
1764724073.728000,2400,256,1764724073.696596,31.404
1764724073.733006,2401,256,1764724073.701587,31.419
1764724073.738024,2402,256,1764724073.706627,31.398
1764724073.742996,2403,256,1764724073.711588,31.408
1764724073.747978,2404,256,1764724073.716584,31.394
1764724073.753042,2405,256,1764724073.721587,31.455
1764724073.757990,2406,256,1764724073.726592,31.398
1764724073.763077,2407,256,1764724073.731591,31.485
1764724073.767998,2408,256,1764724073.736589,31.410
1764724073.773038,2409,256,1764724073.741551,31.487
1764724073.778116,2410,256,1764724073.746631,31.485
1764724073.783105,2411,256,1764724073.751597,31.508
1764724073.788008,2412,256,1764724073.756580,31.428
1764724073.793078,2413,256,1764724073.761583,31.494
1764724073.798030,2414,256,1764724073.766590,31.440
1764724073.803015,2415,256,1764724073.771593,31.422
1764724073.808103,2416,256,1764724073.776635,31.468
1764724073.813060,2417,256,1764724073.781587,31.472
1764724073.818027,2418,256,1764724073.786591,31.436
1764724073.822981,2419,256,1764724073.791611,31.370
1764724073.828174,2420,256,1764724073.796592,31.582
1764724073.833012,2421,256,1764724073.801595,31.417
1764724073.838001,2422,256,1764724073.806593,31.408
1764724073.843086,2423,256,1764724073.811657,31.429
1764724073.848088,2424,256,1764724073.816652,31.436
1764724073.853052,2425,256,1764724073.821641,31.411
1764724073.857964,2426,256,1764724073.826586,31.378
1764724073.863008,2427,256,1764724073.831627,31.380
1764724073.868107,2428,256,1764724073.836600,31.507
1764724073.873006,2429,256,1764724073.841583,31.423
1764724073.878099,2430,256,1764724073.846650,31.450
1764724073.883112,2431,256,1764724073.851653,31.458
1764724073.888092,2432,256,1764724073.856637,31.455
1764724073.893064,2433,256,1764724073.861629,31.435
1764724073.898186,2434,256,1764724073.866597,31.590
1764724073.902999,2435,256,1764724073.871589,31.411
1764724073.907960,2436,256,1764724073.876583,31.378
1764724073.913009,2437,256,1764724073.881630,31.379
1764724073.918015,2438,256,1764724073.886591,31.423
1764724073.922992,2439,256,1764724073.891590,31.402
1764724073.927992,2440,256,1764724073.896593,31.399
1764724073.933085,2441,256,1764724073.901603,31.483
1764724073.938000,2442,256,1764724073.906585,31.415
1764724073.943064,2443,256,1764724073.911594,31.470
1764724073.948162,2444,256,1764724073.916605,31.557
1764724073.953070,2445,256,1764724073.921594,31.476
1764724073.958038,2446,256,1764724073.926592,31.445
1764724073.963033,2447,256,1764724073.931591,31.442
1764724073.968071,2448,256,1764724073.936595,31.477
1764724073.973056,2449,256,1764724073.941597,31.459
1764724073.978253,2450,256,1764724073.946715,31.538
1764724073.983075,2451,256,1764724073.951602,31.473
1764724073.988073,2452,256,1764724073.956642,31.430
1764724073.993015,2453,256,1764724073.961594,31.421
1764724073.998017,2454,256,1764724073.966604,31.413
1764724074.002964,2455,256,1764724073.971595,31.370
1764724074.008065,2456,256,1764724073.976662,31.403
1764724074.012996,2457,256,1764724073.981598,31.399
1764724074.018034,2458,256,1764724073.986607,31.427
1764724074.022989,2459,256,1764724073.991588,31.400
1764724074.027954,2460,256,1764724073.996581,31.373
1764724074.033007,2461,256,1764724074.001587,31.420
1764724074.038095,2462,256,1764724074.006589,31.506
1764724074.043081,2463,256,1764724074.011593,31.488
1764724074.048064,2464,256,1764724074.016584,31.481
1764724074.053051,2465,256,1764724074.021586,31.464
1764724074.058087,2466,256,1764724074.026587,31.500
1764724074.063103,2467,256,1764724074.031599,31.505
1764724074.068396,2468,256,1764724074.036847,31.549
1764724074.073105,2469,256,1764724074.041578,31.528
1764724074.078110,2470,256,1764724074.046606,31.504
1764724074.083274,2471,256,1764724074.051714,31.560
1764724074.088060,2472,256,1764724074.056610,31.450
1764724074.093230,2473,256,1764724074.061620,31.611
1764724074.098165,2474,256,1764724074.066613,31.552
1764724074.103128,2475,256,1764724074.071615,31.513
1764724074.108118,2476,256,1764724074.076638,31.481
1764724074.113103,2477,256,1764724074.081642,31.461
1764724074.118058,2478,256,1764724074.086603,31.454
1764724074.123096,2479,256,1764724074.091624,31.472
1764724074.128089,2480,256,1764724074.096606,31.483
1764724074.133073,2481,256,1764724074.101651,31.423
1764724074.138039,2482,256,1764724074.106589,31.450
1764724074.143064,2483,256,1764724074.111645,31.419
1764724074.148021,2484,256,1764724074.116594,31.428
1764724074.153080,2485,256,1764724074.121632,31.448
1764724074.158081,2486,256,1764724074.126611,31.469
1764724074.163070,2487,256,1764724074.131599,31.471
1764724074.168100,2488,256,1764724074.136603,31.497
1764724074.173109,2489,256,1764724074.141622,31.487
1764724074.178285,2490,256,1764724074.146748,31.538
1764724074.183178,2491,256,1764724074.151734,31.444
1764724074.188146,2492,256,1764724074.156687,31.459
1764724074.193099,2493,256,1764724074.161658,31.441
1764724074.198093,2494,256,1764724074.166653,31.440
1764724074.203042,2495,256,1764724074.171658,31.384
1764724074.208089,2496,256,1764724074.176661,31.428
1764724074.213015,2497,256,1764724074.181641,31.374
1764724074.218038,2498,256,1764724074.186597,31.441
1764724074.223042,2499,256,1764724074.191665,31.377
1764724074.228150,2500,256,1764724074.196722,31.428
1764724074.233043,2501,256,1764724074.201653,31.390
1764724074.238247,2502,256,1764724074.206739,31.508
1764724074.243152,2503,256,1764724074.211646,31.506
1764724074.248119,2504,256,1764724074.216625,31.494
1764724074.253153,2505,256,1764724074.221631,31.522
1764724074.258195,2506,256,1764724074.226722,31.473
1764724074.263147,2507,256,1764724074.231694,31.453
1764724074.268046,2508,256,1764724074.236639,31.407
1764724074.273118,2509,256,1764724074.241633,31.485
1764724074.278128,2510,256,1764724074.246654,31.474
1764724074.283072,2511,256,1764724074.251598,31.474
1764724074.288064,2512,256,1764724074.256670,31.394
1764724074.293092,2513,256,1764724074.261642,31.450
1764724074.298016,2514,256,1764724074.266555,31.461
1764724074.303057,2515,256,1764724074.271592,31.465
1764724074.308187,2516,256,1764724074.276600,31.586
1764724074.313057,2517,256,1764724074.281599,31.458
1764724074.318117,2518,256,1764724074.286591,31.526
1764724074.322975,2519,256,1764724074.291580,31.395
1764724074.328105,2520,256,1764724074.296590,31.516
1764724074.333001,2521,256,1764724074.301594,31.408
1764724074.338056,2522,256,1764724074.306592,31.464
1764724074.342975,2523,256,1764724074.311598,31.377
1764724074.348064,2524,256,1764724074.316631,31.433
1764724074.353063,2525,256,1764724074.321650,31.413
1764724074.358059,2526,256,1764724074.326649,31.410
1764724074.363060,2527,256,1764724074.331610,31.450
1764724074.368098,2528,256,1764724074.336609,31.489
1764724074.373014,2529,256,1764724074.341618,31.397
1764724074.378091,2530,256,1764724074.346640,31.451
1764724074.383143,2531,256,1764724074.351643,31.500
1764724074.388095,2532,256,1764724074.356643,31.452
1764724074.393461,2533,256,1764724074.361768,31.693
1764724074.398293,2534,256,1764724074.366770,31.522
1764724074.403042,2535,256,1764724074.371609,31.432
1764724074.408124,2536,256,1764724074.376665,31.459
1764724074.413086,2537,256,1764724074.381644,31.442
1764724074.418240,2538,256,1764724074.386594,31.646
1764724074.423083,2539,256,1764724074.391601,31.482
1764724074.428093,2540,256,1764724074.396602,31.491
1764724074.433079,2541,256,1764724074.401638,31.441
1764724074.438137,2542,256,1764724074.406638,31.499
1764724074.443164,2543,256,1764724074.411705,31.459
1764724074.448104,2544,256,1764724074.416653,31.451
1764724074.453293,2545,256,1764724074.421769,31.524
1764724074.458302,2546,256,1764724074.426703,31.599
1764724074.463160,2547,256,1764724074.431703,31.457
1764724074.468173,2548,256,1764724074.436650,31.523
1764724074.473144,2549,256,1764724074.441701,31.443
1764724074.478273,2550,256,1764724074.446707,31.566
1764724074.483142,2551,256,1764724074.451645,31.497
1764724074.488272,2552,256,1764724074.456734,31.538
1764724074.493181,2553,256,1764724074.461677,31.503
1764724074.498178,2554,256,1764724074.466687,31.491
1764724074.503159,2555,256,1764724074.471693,31.466
1764724074.508077,2556,256,1764724074.476657,31.420
1764724074.513103,2557,256,1764724074.481678,31.425
1764724074.518102,2558,256,1764724074.486679,31.423
1764724074.523104,2559,256,1764724074.491600,31.504
1764724074.528069,2560,256,1764724074.496669,31.400
1764724074.533069,2561,256,1764724074.501611,31.458
1764724074.538054,2562,256,1764724074.506613,31.442
1764724074.543169,2563,256,1764724074.511625,31.544
1764724074.548070,2564,256,1764724074.516609,31.461
1764724074.553052,2565,256,1764724074.521601,31.451
1764724074.558064,2566,256,1764724074.526640,31.424
1764724074.563108,2567,256,1764724074.531604,31.504
1764724074.568131,2568,256,1764724074.536610,31.521
1764724074.573091,2569,256,1764724074.541616,31.475
1764724074.578176,2570,256,1764724074.546639,31.537
1764724074.583083,2571,256,1764724074.551620,31.463
1764724074.588084,2572,256,1764724074.556628,31.455
1764724074.593013,2573,256,1764724074.561601,31.412
1764724074.598064,2574,256,1764724074.566624,31.440
1764724074.603041,2575,256,1764724074.571617,31.424
1764724074.608032,2576,256,1764724074.576607,31.425
1764724074.613039,2577,256,1764724074.581626,31.413
1764724074.618001,2578,256,1764724074.586615,31.386
1764724074.623019,2579,256,1764724074.591610,31.409
1764724074.628037,2580,256,1764724074.596607,31.430
1764724074.633082,2581,256,1764724074.601619,31.464
1764724074.638060,2582,256,1764724074.606599,31.460
1764724074.643065,2583,256,1764724074.611615,31.450
1764724074.648103,2584,256,1764724074.616613,31.490
1764724074.653057,2585,256,1764724074.621600,31.457
1764724074.658073,2586,256,1764724074.626607,31.466
1764724074.663059,2587,256,1764724074.631604,31.455
1764724074.668069,2588,256,1764724074.636617,31.452
1764724074.672998,2589,256,1764724074.641603,31.395
1764724074.678241,2590,256,1764724074.646705,31.536
1764724074.683138,2591,256,1764724074.651624,31.514
1764724074.688004,2592,256,1764724074.656598,31.406
1764724074.693113,2593,256,1764724074.661609,31.504
1764724074.698149,2594,256,1764724074.666610,31.538
1764724074.703090,2595,256,1764724074.671625,31.465
1764724074.708160,2596,256,1764724074.676664,31.497
1764724074.713101,2597,256,1764724074.681660,31.441
1764724074.718073,2598,256,1764724074.686615,31.458
1764724074.723003,2599,256,1764724074.691598,31.405
1764724074.728173,2600,256,1764724074.696673,31.500
1764724074.733119,2601,256,1764724074.701662,31.457
1764724074.738124,2602,256,1764724074.706606,31.518
1764724074.743084,2603,256,1764724074.711644,31.440
1764724074.748128,2604,256,1764724074.716634,31.494
1764724074.752993,2605,256,1764724074.721603,31.391
1764724074.758056,2606,256,1764724074.726642,31.414
1764724074.763048,2607,256,1764724074.731601,31.447
1764724074.768101,2608,256,1764724074.736625,31.476
1764724074.773143,2609,256,1764724074.741653,31.490
1764724074.778117,2610,256,1764724074.746665,31.452
1764724074.783076,2611,256,1764724074.751618,31.458
1764724074.788110,2612,256,1764724074.756608,31.502
1764724074.793130,2613,256,1764724074.761624,31.506
1764724074.798095,2614,256,1764724074.766623,31.471
1764724074.803057,2615,256,1764724074.771610,31.447
1764724074.808135,2616,256,1764724074.776626,31.509
1764724074.813121,2617,256,1764724074.781611,31.510
1764724074.818152,2618,256,1764724074.786671,31.481
1764724074.823059,2619,256,1764724074.791611,31.448
1764724074.828278,2620,256,1764724074.796665,31.614
1764724074.833063,2621,256,1764724074.801617,31.445
1764724074.838190,2622,256,1764724074.806710,31.479
1764724074.843148,2623,256,1764724074.811698,31.449
1764724074.848179,2624,256,1764724074.816622,31.556
1764724074.853019,2625,256,1764724074.821616,31.404
1764724074.858130,2626,256,1764724074.826671,31.459
1764724074.863059,2627,256,1764724074.831630,31.429
1764724074.868084,2628,256,1764724074.836629,31.456
1764724074.873054,2629,256,1764724074.841621,31.433
1764724074.878088,2630,256,1764724074.846629,31.459
1764724074.883071,2631,256,1764724074.851622,31.449
1764724074.888044,2632,256,1764724074.856614,31.430
1764724074.893041,2633,256,1764724074.861609,31.432
1764724074.898148,2634,256,1764724074.866618,31.529
1764724074.903063,2635,256,1764724074.871622,31.441
1764724074.908077,2636,256,1764724074.876620,31.457
1764724074.913043,2637,256,1764724074.881615,31.429
1764724074.918067,2638,256,1764724074.886612,31.455
1764724074.923052,2639,256,1764724074.891613,31.439
1764724074.928070,2640,256,1764724074.896624,31.446
1764724074.933047,2641,256,1764724074.901614,31.433
1764724074.938054,2642,256,1764724074.906621,31.433
1764724074.943027,2643,256,1764724074.911615,31.412
1764724074.948108,2644,256,1764724074.916671,31.437
1764724074.952991,2645,256,1764724074.921617,31.374
1764724074.958054,2646,256,1764724074.926657,31.397
1764724074.962983,2647,256,1764724074.931617,31.366
1764724074.968047,2648,256,1764724074.936673,31.374
1764724074.973048,2649,256,1764724074.941616,31.432
1764724074.978078,2650,256,1764724074.946611,31.467
1764724074.983056,2651,256,1764724074.951612,31.444
1764724074.988050,2652,256,1764724074.956604,31.447
1764724074.993080,2653,256,1764724074.961640,31.440
1764724074.998020,2654,256,1764724074.966621,31.399
1764724075.003030,2655,256,1764724074.971621,31.409
1764724075.008092,2656,256,1764724074.976619,31.473
1764724075.013068,2657,256,1764724074.981627,31.441
1764724075.018013,2658,256,1764724074.986618,31.395
1764724075.023057,2659,256,1764724074.991663,31.394
1764724075.028263,2660,256,1764724074.996654,31.609
1764724075.032979,2661,256,1764724075.001613,31.365
1764724075.038041,2662,256,1764724075.006620,31.421
1764724075.042994,2663,256,1764724075.011616,31.378
1764724075.048027,2664,256,1764724075.016605,31.422
1764724075.052973,2665,256,1764724075.021611,31.362
1764724075.058053,2666,256,1764724075.026619,31.435
1764724075.063056,2667,256,1764724075.031612,31.445
1764724075.068016,2668,256,1764724075.036621,31.395
1764724075.073050,2669,256,1764724075.041607,31.443
1764724075.078027,2670,256,1764724075.046621,31.407
1764724075.082989,2671,256,1764724075.051607,31.382
1764724075.088039,2672,256,1764724075.056614,31.425
1764724075.093021,2673,256,1764724075.061634,31.387
1764724075.098046,2674,256,1764724075.066624,31.422
1764724075.102997,2675,256,1764724075.071615,31.382
1764724075.108039,2676,256,1764724075.076626,31.413
1764724075.112971,2677,256,1764724075.081609,31.362
1764724075.118006,2678,256,1764724075.086613,31.393
1764724075.122976,2679,256,1764724075.091610,31.366
1764724075.128046,2680,256,1764724075.096660,31.386
1764724075.133027,2681,256,1764724075.101612,31.416
1764724075.138054,2682,256,1764724075.106612,31.441
1764724075.142990,2683,256,1764724075.111597,31.393
1764724075.147993,2684,256,1764724075.116578,31.415
1764724075.153018,2685,256,1764724075.121605,31.413
1764724075.158030,2686,256,1764724075.126604,31.425
1764724075.163002,2687,256,1764724075.131606,31.396
1764724075.168076,2688,256,1764724075.136621,31.455
1764724075.173076,2689,256,1764724075.141629,31.447
1764724075.178085,2690,256,1764724075.146618,31.467
1764724075.183087,2691,256,1764724075.151618,31.470
1764724075.188091,2692,256,1764724075.156621,31.470
1764724075.193061,2693,256,1764724075.161623,31.438
1764724075.198065,2694,256,1764724075.166638,31.426
1764724075.203078,2695,256,1764724075.171624,31.454
1764724075.208047,2696,256,1764724075.176620,31.427
1764724075.213037,2697,256,1764724075.181616,31.422
1764724075.218077,2698,256,1764724075.186631,31.446
1764724075.223003,2699,256,1764724075.191610,31.393
1764724075.227989,2700,256,1764724075.196615,31.374
1764724075.232968,2701,256,1764724075.201607,31.361
1764724075.237951,2702,256,1764724075.206602,31.349
1764724075.242988,2703,256,1764724075.211605,31.383
1764724075.248019,2704,256,1764724075.216644,31.376
1764724075.252987,2705,256,1764724075.221605,31.382
1764724075.258032,2706,256,1764724075.226615,31.417
1764724075.263029,2707,256,1764724075.231604,31.425
1764724075.268075,2708,256,1764724075.236612,31.462
1764724075.273054,2709,256,1764724075.241607,31.447
1764724075.278064,2710,256,1764724075.246611,31.452
1764724075.283067,2711,256,1764724075.251616,31.451
1764724075.288021,2712,256,1764724075.256614,31.407
1764724075.293103,2713,256,1764724075.261630,31.473
1764724075.298211,2714,256,1764724075.266642,31.569
1764724075.303133,2715,256,1764724075.271646,31.487
1764724075.308028,2716,256,1764724075.276632,31.396
1764724075.313091,2717,256,1764724075.281628,31.463
1764724075.318100,2718,256,1764724075.286624,31.476
1764724075.323119,2719,256,1764724075.291635,31.484
1764724075.328069,2720,256,1764724075.296625,31.444
1764724075.333067,2721,256,1764724075.301614,31.453
1764724075.338082,2722,256,1764724075.306631,31.451
1764724075.343038,2723,256,1764724075.311630,31.408
1764724075.348150,2724,256,1764724075.316677,31.474
1764724075.353164,2725,256,1764724075.321695,31.470
1764724075.358087,2726,256,1764724075.326630,31.456
1764724075.363062,2727,256,1764724075.331669,31.393
1764724075.368156,2728,256,1764724075.336632,31.525
1764724075.373055,2729,256,1764724075.341625,31.430
1764724075.378122,2730,256,1764724075.346632,31.490
1764724075.383138,2731,256,1764724075.351686,31.452
1764724075.388065,2732,256,1764724075.356625,31.441
1764724075.393061,2733,256,1764724075.361626,31.435
1764724075.398065,2734,256,1764724075.366624,31.441
1764724075.403099,2735,256,1764724075.371637,31.463
1764724075.408116,2736,256,1764724075.376694,31.421
1764724075.413076,2737,256,1764724075.381696,31.380
1764724075.418069,2738,256,1764724075.386633,31.436
1764724075.423036,2739,256,1764724075.391616,31.420
1764724075.428110,2740,256,1764724075.396628,31.482
1764724075.433091,2741,256,1764724075.401639,31.452
1764724075.438179,2742,256,1764724075.406686,31.493
1764724075.443160,2743,256,1764724075.411673,31.487
1764724075.448236,2744,256,1764724075.416670,31.566
1764724075.453124,2745,256,1764724075.421636,31.488
1764724075.458259,2746,256,1764724075.426637,31.622
1764724075.462986,2747,256,1764724075.431614,31.372
1764724075.468074,2748,256,1764724075.436618,31.456
1764724075.473104,2749,256,1764724075.441629,31.475
1764724075.478155,2750,256,1764724075.446693,31.462
1764724075.483177,2751,256,1764724075.451713,31.464
1764724075.488160,2752,256,1764724075.456648,31.512
1764724075.493113,2753,256,1764724075.461630,31.483
1764724075.498238,2754,256,1764724075.466675,31.563
1764724075.503055,2755,256,1764724075.471631,31.424
1764724075.508114,2756,256,1764724075.476625,31.489
1764724075.513374,2757,256,1764724075.481616,31.757
1764724075.518106,2758,256,1764724075.486626,31.479
1764724075.523028,2759,256,1764724075.491624,31.404
1764724075.528261,2760,256,1764724075.496751,31.510
1764724075.533523,2761,256,1764724075.501689,31.833
1764724075.538032,2762,256,1764724075.506647,31.385
1764724075.543049,2763,256,1764724075.511653,31.395
1764724075.548095,2764,256,1764724075.516622,31.473
1764724075.553078,2765,256,1764724075.521592,31.487
1764724075.558056,2766,256,1764724075.526630,31.425
1764724075.563033,2767,256,1764724075.531622,31.411
1764724075.568002,2768,256,1764724075.536580,31.422
1764724075.573038,2769,256,1764724075.541630,31.408
1764724075.578076,2770,256,1764724075.546623,31.453
1764724075.583023,2771,256,1764724075.551619,31.404
1764724075.588028,2772,256,1764724075.556626,31.402
1764724075.593057,2773,256,1764724075.561632,31.426
1764724075.598068,2774,256,1764724075.566628,31.440
1764724075.603112,2775,256,1764724075.571626,31.487
1764724075.608082,2776,256,1764724075.576620,31.462
1764724075.613096,2777,256,1764724075.581630,31.466
1764724075.618156,2778,256,1764724075.586677,31.479
1764724075.623125,2779,256,1764724075.591637,31.488
1764724075.628083,2780,256,1764724075.596629,31.455
1764724075.633101,2781,256,1764724075.601634,31.467
1764724075.638083,2782,256,1764724075.606641,31.442
1764724075.643107,2783,256,1764724075.611638,31.470
1764724075.648106,2784,256,1764724075.616635,31.471
1764724075.653059,2785,256,1764724075.621637,31.422
1764724075.658106,2786,256,1764724075.626637,31.469
1764724075.663104,2787,256,1764724075.631669,31.435
1764724075.668354,2788,256,1764724075.636701,31.653
1764724075.673078,2789,256,1764724075.641639,31.438
1764724075.678129,2790,256,1764724075.646633,31.496
1764724075.683283,2791,256,1764724075.651710,31.573
1764724075.688201,2792,256,1764724075.656661,31.540
1764724075.693137,2793,256,1764724075.661643,31.494
1764724075.698182,2794,256,1764724075.666640,31.543
1764724075.703176,2795,256,1764724075.671653,31.524
1764724075.708082,2796,256,1764724075.676634,31.448
1764724075.713065,2797,256,1764724075.681637,31.428
1764724075.718103,2798,256,1764724075.686637,31.465
1764724075.723150,2799,256,1764724075.691633,31.517
1764724075.728098,2800,256,1764724075.696633,31.465
1764724075.733135,2801,256,1764724075.701669,31.466
1764724075.738138,2802,256,1764724075.706643,31.495
1764724075.743249,2803,256,1764724075.711668,31.581
1764724075.748099,2804,256,1764724075.716647,31.452
1764724075.753117,2805,256,1764724075.721643,31.474
1764724075.758183,2806,256,1764724075.726705,31.478
1764724075.763264,2807,256,1764724075.731807,31.457
1764724075.768193,2808,256,1764724075.736657,31.537
1764724075.773126,2809,256,1764724075.741633,31.493
1764724075.783465,2810,256,1764724075.746630,36.835
1764724075.783606,2811,256,1764724075.751638,31.968
1764724075.788132,2812,256,1764724075.756651,31.482
1764724075.793129,2813,256,1764724075.761637,31.492
1764724075.798090,2814,256,1764724075.766634,31.456
1764724075.803154,2815,256,1764724075.771693,31.461
1764724075.808024,2816,256,1764724075.776627,31.396
1764724075.814881,2817,256,1764724075.783377,31.504
1764724075.818115,2818,256,1764724075.786648,31.467
1764724075.823060,2819,256,1764724075.791651,31.408
1764724075.828091,2820,256,1764724075.796624,31.467
1764724075.833127,2821,256,1764724075.801667,31.461
1764724075.838111,2822,256,1764724075.806648,31.463
1764724075.843098,2823,256,1764724075.811643,31.455
1764724075.848134,2824,256,1764724075.816652,31.482
1764724075.853147,2825,256,1764724075.821648,31.499
1764724075.858047,2826,256,1764724075.826618,31.429
1764724075.863140,2827,256,1764724075.831640,31.501
1764724075.868124,2828,256,1764724075.836648,31.476
1764724075.873065,2829,256,1764724075.841626,31.439
1764724075.878115,2830,256,1764724075.846689,31.426
1764724075.883022,2831,256,1764724075.851626,31.396
1764724075.888049,2832,256,1764724075.856635,31.414
1764724075.893013,2833,256,1764724075.861629,31.383
1764724075.898081,2834,256,1764724075.866649,31.431
1764724075.903047,2835,256,1764724075.871637,31.410
1764724075.908040,2836,256,1764724075.876643,31.398
1764724075.913090,2837,256,1764724075.881673,31.417
1764724075.918119,2838,256,1764724075.886646,31.473
1764724075.923126,2839,256,1764724075.891652,31.473
1764724075.928173,2840,256,1764724075.896688,31.485
1764724075.933099,2841,256,1764724075.901652,31.447
1764724075.938198,2842,256,1764724075.906645,31.553
1764724075.943098,2843,256,1764724075.911636,31.462
1764724075.948072,2844,256,1764724075.916645,31.427
1764724075.953076,2845,256,1764724075.921638,31.438
1764724075.958052,2846,256,1764724075.926640,31.413
1764724075.963100,2847,256,1764724075.931635,31.466
1764724075.968158,2848,256,1764724075.936647,31.511
1764724075.973141,2849,256,1764724075.941656,31.485
1764724075.978266,2850,256,1764724075.946693,31.572
1764724075.983145,2851,256,1764724075.951638,31.507
1764724075.988205,2852,256,1764724075.956626,31.579
1764724075.993105,2853,256,1764724075.961666,31.439
1764724075.998254,2854,256,1764724075.966646,31.607
1764724076.003121,2855,256,1764724075.971656,31.465
1764724076.008161,2856,256,1764724075.976704,31.456
1764724076.013674,2857,256,1764724075.981636,32.038
1764724076.018181,2858,256,1764724075.986665,31.516
1764724076.023149,2859,256,1764724075.991653,31.496
1764724076.028235,2860,256,1764724075.996640,31.595
1764724076.033131,2861,256,1764724076.001670,31.462
1764724076.038157,2862,256,1764724076.006647,31.509
1764724076.043149,2863,256,1764724076.011667,31.482
1764724076.048286,2864,256,1764724076.016644,31.643
1764724076.053091,2865,256,1764724076.021604,31.487
1764724076.058168,2866,256,1764724076.026693,31.476
1764724076.063480,2867,256,1764724076.031651,31.829
1764724076.068238,2868,256,1764724076.036659,31.579
1764724076.073115,2869,256,1764724076.041677,31.438
1764724076.078128,2870,256,1764724076.046663,31.465
1764724076.083146,2871,256,1764724076.051697,31.450
1764724076.088173,2872,256,1764724076.056658,31.515
1764724076.093158,2873,256,1764724076.061713,31.446
1764724076.098260,2874,256,1764724076.066647,31.612
1764724076.103173,2875,256,1764724076.071694,31.478
1764724076.108088,2876,256,1764724076.076651,31.437
1764724076.113101,2877,256,1764724076.081643,31.458
1764724076.118081,2878,256,1764724076.086622,31.459
1764724076.123068,2879,256,1764724076.091644,31.425
1764724076.128142,2880,256,1764724076.096650,31.492
1764724076.133149,2881,256,1764724076.101653,31.496
1764724076.138202,2882,256,1764724076.106649,31.553
1764724076.143305,2883,256,1764724076.111785,31.520
1764724076.148254,2884,256,1764724076.116666,31.589
1764724076.153139,2885,256,1764724076.121692,31.447
1764724076.158096,2886,256,1764724076.126647,31.449
1764724076.163165,2887,256,1764724076.131643,31.522
1764724076.168262,2888,256,1764724076.136640,31.622
1764724076.173121,2889,256,1764724076.141700,31.421
1764724076.178058,2890,256,1764724076.146640,31.419
1764724076.183055,2891,256,1764724076.151644,31.411
1764724076.188177,2892,256,1764724076.156707,31.470
1764724076.193104,2893,256,1764724076.161662,31.441
1764724076.198119,2894,256,1764724076.166650,31.469
1764724076.203150,2895,256,1764724076.171660,31.490
1764724076.208156,2896,256,1764724076.176657,31.499
1764724076.213072,2897,256,1764724076.181647,31.425
1764724076.218181,2898,256,1764724076.186672,31.508
1764724076.223079,2899,256,1764724076.191649,31.430
1764724076.228123,2900,256,1764724076.196647,31.476
1764724076.233099,2901,256,1764724076.201651,31.448
1764724076.238156,2902,256,1764724076.206652,31.504
1764724076.243118,2903,256,1764724076.211644,31.473
1764724076.248244,2904,256,1764724076.216656,31.587
1764724076.253175,2905,256,1764724076.221658,31.516
1764724076.258102,2906,256,1764724076.226654,31.448
1764724076.263082,2907,256,1764724076.231651,31.431
1764724076.268148,2908,256,1764724076.236667,31.481
1764724076.273142,2909,256,1764724076.241707,31.435
1764724076.278113,2910,256,1764724076.246652,31.461
1764724076.283113,2911,256,1764724076.251651,31.462
1764724076.288082,2912,256,1764724076.256660,31.423
1764724076.293166,2913,256,1764724076.261665,31.500
1764724076.298172,2914,256,1764724076.266655,31.517
1764724076.303151,2915,256,1764724076.271658,31.492
1764724076.308095,2916,256,1764724076.276644,31.450
1764724076.313102,2917,256,1764724076.281644,31.459
1764724076.318116,2918,256,1764724076.286664,31.452
1764724076.323091,2919,256,1764724076.291665,31.427
1764724076.328192,2920,256,1764724076.296740,31.453
1764724076.333148,2921,256,1764724076.301653,31.495
1764724076.338151,2922,256,1764724076.306650,31.500
1764724076.343117,2923,256,1764724076.311690,31.427
1764724076.348144,2924,256,1764724076.316653,31.491
1764724076.353100,2925,256,1764724076.321645,31.455
1764724076.358134,2926,256,1764724076.326651,31.483
1764724076.363132,2927,256,1764724076.331689,31.442
1764724076.368263,2928,256,1764724076.336721,31.543
1764724076.373079,2929,256,1764724076.341644,31.435
1764724076.378266,2930,256,1764724076.346722,31.543
1764724076.383263,2931,256,1764724076.351725,31.538
1764724076.388083,2932,256,1764724076.356647,31.436
1764724076.393255,2933,256,1764724076.361746,31.510
1764724076.398139,2934,256,1764724076.366657,31.482
1764724076.403201,2935,256,1764724076.371708,31.492
1764724076.408098,2936,256,1764724076.376656,31.441
1764724076.413123,2937,256,1764724076.381658,31.465
1764724076.418108,2938,256,1764724076.386664,31.443
1764724076.423102,2939,256,1764724076.391667,31.435
1764724076.428123,2940,256,1764724076.396659,31.464
1764724076.433128,2941,256,1764724076.401656,31.472
1764724076.438082,2942,256,1764724076.406643,31.439
1764724076.443049,2943,256,1764724076.411642,31.407
1764724076.448052,2944,256,1764724076.416610,31.442
1764724076.453124,2945,256,1764724076.421648,31.477
1764724076.458136,2946,256,1764724076.426704,31.432
1764724076.463120,2947,256,1764724076.431650,31.469
1764724076.468096,2948,256,1764724076.436654,31.442
1764724076.473045,2949,256,1764724076.441619,31.425
1764724076.478055,2950,256,1764724076.446654,31.401
1764724076.483079,2951,256,1764724076.451645,31.435
1764724076.488157,2952,256,1764724076.456652,31.505
1764724076.493160,2953,256,1764724076.461658,31.502
1764724076.498210,2954,256,1764724076.466712,31.498
1764724076.503119,2955,256,1764724076.471665,31.455
1764724076.508163,2956,256,1764724076.476663,31.500
1764724076.513121,2957,256,1764724076.481650,31.471
1764724076.518089,2958,256,1764724076.486656,31.433
1764724076.523034,2959,256,1764724076.491651,31.384
1764724076.528064,2960,256,1764724076.496661,31.404
1764724076.533041,2961,256,1764724076.501650,31.391
1764724076.538108,2962,256,1764724076.506656,31.452
1764724076.543117,2963,256,1764724076.511654,31.463
1764724076.548192,2964,256,1764724076.516660,31.532
1764724076.553146,2965,256,1764724076.521662,31.485
1764724076.558183,2966,256,1764724076.526656,31.527
1764724076.563067,2967,256,1764724076.531653,31.414
1764724076.568193,2968,256,1764724076.536720,31.474
1764724076.573097,2969,256,1764724076.541661,31.436
1764724076.578095,2970,256,1764724076.546664,31.432
1764724076.583106,2971,256,1764724076.551658,31.448
1764724076.588338,2972,256,1764724076.556663,31.675
1764724076.593367,2973,256,1764724076.561770,31.596
1764724076.598211,2974,256,1764724076.566661,31.550
1764724076.603182,2975,256,1764724076.571752,31.430
1764724076.608105,2976,256,1764724076.576648,31.456
1764724076.613072,2977,256,1764724076.581655,31.417
1764724076.618171,2978,256,1764724076.586651,31.520
1764724076.623156,2979,256,1764724076.591713,31.443
1764724076.628129,2980,256,1764724076.596652,31.477
1764724076.633128,2981,256,1764724076.601654,31.474
1764724076.638096,2982,256,1764724076.606650,31.446
1764724076.643098,2983,256,1764724076.611646,31.452
1764724076.648191,2984,256,1764724076.616672,31.519
1764724076.653087,2985,256,1764724076.621649,31.438
1764724076.658083,2986,256,1764724076.626652,31.430
1764724076.663063,2987,256,1764724076.631641,31.421
1764724076.668245,2988,256,1764724076.636761,31.484
1764724076.673099,2989,256,1764724076.641649,31.450
1764724076.678114,2990,256,1764724076.646692,31.422
1764724076.683094,2991,256,1764724076.651659,31.435
1764724076.688152,2992,256,1764724076.656706,31.446
1764724076.693099,2993,256,1764724076.661665,31.435
1764724076.698082,2994,256,1764724076.666660,31.422
1764724076.703144,2995,256,1764724076.671645,31.499
1764724076.708274,2996,256,1764724076.676705,31.569
1764724076.713113,2997,256,1764724076.681654,31.458
1764724076.718077,2998,256,1764724076.686652,31.425
1764724076.723142,2999,256,1764724076.691669,31.473
1764724076.728183,3000,256,1764724076.696728,31.456
1764724076.733114,3001,256,1764724076.701668,31.446
1764724076.738127,3002,256,1764724076.706703,31.423
1764724076.743080,3003,256,1764724076.711648,31.431
1764724076.748086,3004,256,1764724076.716657,31.428
1764724076.753019,3005,256,1764724076.721645,31.373
1764724076.758082,3006,256,1764724076.726652,31.429
1764724076.763081,3007,256,1764724076.731648,31.433
1764724076.768061,3008,256,1764724076.736656,31.404
1764724076.773116,3009,256,1764724076.741667,31.449
1764724076.778032,3010,256,1764724076.746648,31.384
1764724076.783070,3011,256,1764724076.751655,31.415
1764724076.788054,3012,256,1764724076.756645,31.409
1764724076.793046,3013,256,1764724076.761651,31.395
1764724076.798178,3014,256,1764724076.766697,31.481
1764724076.803129,3015,256,1764724076.771655,31.474
1764724076.808096,3016,256,1764724076.776655,31.441
1764724076.813108,3017,256,1764724076.781644,31.464
1764724076.818135,3018,256,1764724076.786660,31.475
1764724076.823175,3019,256,1764724076.791665,31.510
1764724076.828101,3020,256,1764724076.796663,31.438
1764724076.833110,3021,256,1764724076.801657,31.453
1764724076.838131,3022,256,1764724076.806671,31.460
1764724076.843185,3023,256,1764724076.811730,31.455
1764724076.848158,3024,256,1764724076.816676,31.482
1764724076.853098,3025,256,1764724076.821666,31.432
1764724076.858107,3026,256,1764724076.826662,31.445
1764724076.863178,3027,256,1764724076.831674,31.504
1764724076.868165,3028,256,1764724076.836665,31.500
1764724076.873089,3029,256,1764724076.841657,31.432
1764724076.878166,3030,256,1764724076.846715,31.451
1764724076.883110,3031,256,1764724076.851664,31.446
1764724076.888267,3032,256,1764724076.856668,31.599
1764724076.893266,3033,256,1764724076.861728,31.539
1764724076.898360,3034,256,1764724076.866691,31.669
1764724076.903168,3035,256,1764724076.871688,31.480
1764724076.908250,3036,256,1764724076.876698,31.553
1764724076.913170,3037,256,1764724076.881683,31.487
1764724076.918262,3038,256,1764724076.886744,31.518
1764724076.923163,3039,256,1764724076.891672,31.491
1764724076.928123,3040,256,1764724076.896662,31.461
1764724076.933155,3041,256,1764724076.901670,31.485
1764724076.938146,3042,256,1764724076.906670,31.476
1764724076.943116,3043,256,1764724076.911664,31.452
1764724076.948142,3044,256,1764724076.916718,31.424
1764724076.953153,3045,256,1764724076.921679,31.475
1764724076.958164,3046,256,1764724076.926672,31.492
1764724076.963149,3047,256,1764724076.931671,31.477
1764724076.968167,3048,256,1764724076.936674,31.492
1764724076.973157,3049,256,1764724076.941733,31.424
1764724076.978096,3050,256,1764724076.946659,31.436
1764724076.983076,3051,256,1764724076.951668,31.408
1764724076.988038,3052,256,1764724076.956661,31.377
1764724076.993044,3053,256,1764724076.961666,31.378
1764724076.998079,3054,256,1764724076.966661,31.418
1764724077.003093,3055,256,1764724076.971657,31.436
1764724077.008050,3056,256,1764724076.976650,31.401
1764724077.013070,3057,256,1764724076.981656,31.414
1764724077.018085,3058,256,1764724076.986659,31.426
1764724077.023038,3059,256,1764724076.991648,31.390
1764724077.028084,3060,256,1764724076.996651,31.433
1764724077.033138,3061,256,1764724077.001688,31.450
1764724077.038056,3062,256,1764724077.006652,31.404
1764724077.043052,3063,256,1764724077.011654,31.398
1764724077.048114,3064,256,1764724077.016671,31.443
1764724077.053674,3065,256,1764724077.021855,31.819
1764724077.058098,3066,256,1764724077.026664,31.434
1764724077.063045,3067,256,1764724077.031652,31.394
1764724077.068306,3068,256,1764724077.036869,31.437
1764724077.073150,3069,256,1764724077.041708,31.442
1764724077.078080,3070,256,1764724077.046666,31.414
1764724077.083266,3071,256,1764724077.051765,31.500
1764724077.088084,3072,256,1764724077.056664,31.420
1764724077.093047,3073,256,1764724077.061654,31.393
1764724077.098069,3074,256,1764724077.066658,31.412
1764724077.103057,3075,256,1764724077.071656,31.401
1764724077.108261,3076,256,1764724077.076660,31.600
1764724077.113118,3077,256,1764724077.081683,31.435
1764724077.118106,3078,256,1764724077.086658,31.447
1764724077.123046,3079,256,1764724077.091657,31.389
1764724077.128075,3080,256,1764724077.096661,31.414
1764724077.133133,3081,256,1764724077.101661,31.472
1764724077.138084,3082,256,1764724077.106664,31.420
1764724077.143057,3083,256,1764724077.111659,31.398
1764724077.148105,3084,256,1764724077.116673,31.432
1764724077.153047,3085,256,1764724077.121657,31.389
1764724077.158069,3086,256,1764724077.126657,31.411
1764724077.163084,3087,256,1764724077.131672,31.412
1764724077.168136,3088,256,1764724077.136677,31.460
1764724077.173117,3089,256,1764724077.141679,31.439
1764724077.178113,3090,256,1764724077.146660,31.454
1764724077.183122,3091,256,1764724077.151662,31.460
1764724077.188170,3092,256,1764724077.156684,31.486
1764724077.193169,3093,256,1764724077.161664,31.504
1764724077.198276,3094,256,1764724077.166682,31.595
1764724077.203171,3095,256,1764724077.171683,31.489
1764724077.208142,3096,256,1764724077.176688,31.454
1764724077.213202,3097,256,1764724077.181700,31.502
1764724077.218307,3098,256,1764724077.186688,31.619
1764724077.223261,3099,256,1764724077.191683,31.579
1764724077.228138,3100,256,1764724077.196693,31.445
1764724077.233069,3101,256,1764724077.201675,31.394
1764724077.238080,3102,256,1764724077.206678,31.402
1764724077.243077,3103,256,1764724077.211679,31.398
1764724077.248079,3104,256,1764724077.216676,31.403
1764724077.253097,3105,256,1764724077.221675,31.422
1764724077.258038,3106,256,1764724077.226663,31.375
1764724077.263027,3107,256,1764724077.231668,31.359
1764724077.268054,3108,256,1764724077.236675,31.379
1764724077.273072,3109,256,1764724077.241676,31.396
1764724077.278110,3110,256,1764724077.246722,31.388
1764724077.283134,3111,256,1764724077.251688,31.445
1764724077.288045,3112,256,1764724077.256669,31.376
1764724077.293096,3113,256,1764724077.261664,31.432
1764724077.298066,3114,256,1764724077.266659,31.408
1764724077.303062,3115,256,1764724077.271678,31.384
1764724077.308081,3116,256,1764724077.276677,31.404
1764724077.313062,3117,256,1764724077.281666,31.396
1764724077.318232,3118,256,1764724077.286822,31.411
1764724077.323045,3119,256,1764724077.291665,31.380
1764724077.328174,3120,256,1764724077.296741,31.433
1764724077.333026,3121,256,1764724077.301659,31.368
1764724077.338146,3122,256,1764724077.306710,31.436
1764724077.343099,3123,256,1764724077.311706,31.393
1764724077.348071,3124,256,1764724077.316669,31.401
1764724077.353118,3125,256,1764724077.321704,31.414
1764724077.358078,3126,256,1764724077.326669,31.410
1764724077.363098,3127,256,1764724077.331684,31.414
1764724077.368196,3128,256,1764724077.336743,31.453
1764724077.373094,3129,256,1764724077.341707,31.387
1764724077.378224,3130,256,1764724077.346749,31.475
1764724077.383111,3131,256,1764724077.351712,31.399
1764724077.388153,3132,256,1764724077.356736,31.417
1764724077.393091,3133,256,1764724077.361704,31.388
1764724077.398093,3134,256,1764724077.366673,31.420
1764724077.403172,3135,256,1764724077.371750,31.422
1764724077.408200,3136,256,1764724077.376736,31.464
1764724077.413080,3137,256,1764724077.381681,31.399
1764724077.418239,3138,256,1764724077.386761,31.478
1764724077.423107,3139,256,1764724077.391708,31.398
1764724077.428187,3140,256,1764724077.396730,31.457
1764724077.433074,3141,256,1764724077.401688,31.386
1764724077.438239,3142,256,1764724077.406749,31.489
1764724077.443261,3143,256,1764724077.411718,31.543
1764724077.448163,3144,256,1764724077.416694,31.469
1764724077.453078,3145,256,1764724077.421681,31.397
1764724077.458115,3146,256,1764724077.426679,31.436
1764724077.463097,3147,256,1764724077.431687,31.410
1764724077.468069,3148,256,1764724077.436664,31.404
1764724077.473055,3149,256,1764724077.441665,31.390
1764724077.478036,3150,256,1764724077.446663,31.373
1764724077.483075,3151,256,1764724077.451687,31.389
1764724077.488055,3152,256,1764724077.456657,31.397
1764724077.493074,3153,256,1764724077.461674,31.400
1764724077.498110,3154,256,1764724077.466713,31.396
1764724077.503141,3155,256,1764724077.471734,31.406
1764724077.508278,3156,256,1764724077.476736,31.542
1764724077.513134,3157,256,1764724077.481744,31.390
1764724077.518113,3158,256,1764724077.486695,31.419
1764724077.523109,3159,256,1764724077.491704,31.405
1764724077.528148,3160,256,1764724077.496721,31.427
1764724077.533192,3161,256,1764724077.501756,31.435
1764724077.538250,3162,256,1764724077.506731,31.519
1764724077.543164,3163,256,1764724077.511713,31.452
1764724077.548140,3164,256,1764724077.516666,31.474
1764724077.553019,3165,256,1764724077.521654,31.365
1764724077.558115,3166,256,1764724077.526705,31.410
1764724077.563168,3167,256,1764724077.531769,31.399
1764724077.568128,3168,256,1764724077.536691,31.437
1764724077.573146,3169,256,1764724077.541712,31.434
1764724077.578123,3170,256,1764724077.546664,31.459
1764724077.583121,3171,256,1764724077.551656,31.465
1764724077.588164,3172,256,1764724077.556658,31.505
1764724077.593083,3173,256,1764724077.561657,31.426
1764724077.598132,3174,256,1764724077.566659,31.473
1764724077.603253,3175,256,1764724077.571758,31.494
1764724077.608230,3176,256,1764724077.576667,31.563
1764724077.613084,3177,256,1764724077.581686,31.397
1764724077.618101,3178,256,1764724077.586686,31.415
1764724077.623125,3179,256,1764724077.591691,31.434
1764724077.628145,3180,256,1764724077.596708,31.437
1764724077.633126,3181,256,1764724077.601688,31.438
1764724077.638126,3182,256,1764724077.606707,31.419
1764724077.643126,3183,256,1764724077.611670,31.457
1764724077.648125,3184,256,1764724077.616683,31.442
1764724077.653117,3185,256,1764724077.621668,31.449
1764724077.658298,3186,256,1764724077.626715,31.582
1764724077.663164,3187,256,1764724077.631674,31.490
1764724077.668164,3188,256,1764724077.636677,31.487
1764724077.673164,3189,256,1764724077.641691,31.473
1764724077.678179,3190,256,1764724077.646695,31.485
1764724077.683196,3191,256,1764724077.651706,31.489
1764724077.688078,3192,256,1764724077.656677,31.400
1764724077.693192,3193,256,1764724077.661758,31.434
1764724077.698182,3194,256,1764724077.666690,31.492
1764724077.703186,3195,256,1764724077.671718,31.468
1764724077.708265,3196,256,1764724077.676814,31.451
1764724077.713134,3197,256,1764724077.681729,31.405
1764724077.718182,3198,256,1764724077.686681,31.501
1764724077.723120,3199,256,1764724077.691685,31.435
1764724077.728121,3200,256,1764724077.696675,31.446
1764724077.733072,3201,256,1764724077.701678,31.394
1764724077.738086,3202,256,1764724077.706671,31.415
1764724077.743104,3203,256,1764724077.711672,31.432
1764724077.748261,3204,256,1764724077.716682,31.579
1764724077.753098,3205,256,1764724077.721673,31.425
1764724077.758306,3206,256,1764724077.726683,31.623
1764724077.763101,3207,256,1764724077.731674,31.426
1764724077.768120,3208,256,1764724077.736682,31.438
1764724077.773125,3209,256,1764724077.741681,31.444
1764724077.778127,3210,256,1764724077.746686,31.442
1764724077.783124,3211,256,1764724077.751681,31.443
1764724077.788109,3212,256,1764724077.756671,31.437
1764724077.793129,3213,256,1764724077.761677,31.452
1764724077.798204,3214,256,1764724077.766716,31.487
1764724077.803131,3215,256,1764724077.771672,31.459
1764724077.808212,3216,256,1764724077.776682,31.529
1764724077.813158,3217,256,1764724077.781735,31.422
1764724077.818114,3218,256,1764724077.786680,31.434
1764724077.823088,3219,256,1764724077.791683,31.405
1764724077.828186,3220,256,1764724077.796682,31.504
1764724077.833122,3221,256,1764724077.801684,31.437
1764724077.838085,3222,256,1764724077.806672,31.413
1764724077.843150,3223,256,1764724077.811678,31.472
1764724077.848118,3224,256,1764724077.816674,31.443
1764724077.853083,3225,256,1764724077.821672,31.411
1764724077.858154,3226,256,1764724077.826687,31.467
1764724077.863108,3227,256,1764724077.831678,31.429
1764724077.868125,3228,256,1764724077.836686,31.439
1764724077.873116,3229,256,1764724077.841687,31.430
1764724077.878168,3230,256,1764724077.846686,31.482
1764724077.883113,3231,256,1764724077.851709,31.404
1764724077.888097,3232,256,1764724077.856677,31.420
1764724077.893121,3233,256,1764724077.861679,31.442
1764724077.898150,3234,256,1764724077.866693,31.457
1764724077.903154,3235,256,1764724077.871681,31.473
1764724077.908146,3236,256,1764724077.876685,31.460
1764724077.913126,3237,256,1764724077.881678,31.448
1764724077.918177,3238,256,1764724077.886742,31.435
1764724077.923134,3239,256,1764724077.891678,31.456
1764724077.928144,3240,256,1764724077.896691,31.453
1764724077.933142,3241,256,1764724077.901698,31.444
1764724077.938101,3242,256,1764724077.906674,31.427
1764724077.943129,3243,256,1764724077.911676,31.453
1764724077.948118,3244,256,1764724077.916685,31.433
1764724077.953146,3245,256,1764724077.921707,31.440
1764724077.958460,3246,256,1764724077.926674,31.786
1764724077.963164,3247,256,1764724077.931677,31.487
1764724077.968090,3248,256,1764724077.936675,31.416
1764724077.973113,3249,256,1764724077.941687,31.426
1764724077.978175,3250,256,1764724077.946686,31.489
1764724077.983153,3251,256,1764724077.951684,31.469
1764724077.988324,3252,256,1764724077.956832,31.492
1764724077.993178,3253,256,1764724077.961693,31.485
1764724077.998136,3254,256,1764724077.966688,31.447
1764724078.003119,3255,256,1764724077.971684,31.435
1764724078.008131,3256,256,1764724077.976684,31.447
1764724078.013134,3257,256,1764724077.981684,31.450
1764724078.018111,3258,256,1764724077.986684,31.426
1764724078.023110,3259,256,1764724077.991675,31.434
1764724078.028148,3260,256,1764724077.996679,31.469
1764724078.033072,3261,256,1764724078.001677,31.394
1764724078.038111,3262,256,1764724078.006678,31.434
1764724078.043049,3263,256,1764724078.011672,31.377
1764724078.048120,3264,256,1764724078.016694,31.426
1764724078.053125,3265,256,1764724078.021705,31.420
1764724078.058197,3266,256,1764724078.026694,31.503
1764724078.063156,3267,256,1764724078.031680,31.476
1764724078.068088,3268,256,1764724078.036698,31.390
1764724078.073091,3269,256,1764724078.041684,31.407
1764724078.078128,3270,256,1764724078.046679,31.449
1764724078.083241,3271,256,1764724078.051710,31.531
1764724078.088264,3272,256,1764724078.056784,31.480
1764724078.093137,3273,256,1764724078.061682,31.454
1764724078.098141,3274,256,1764724078.066696,31.445
1764724078.103154,3275,256,1764724078.071727,31.427
1764724078.108401,3276,256,1764724078.076814,31.587
1764724078.113312,3277,256,1764724078.081779,31.533
1764724078.118132,3278,256,1764724078.086673,31.459
1764724078.123047,3279,256,1764724078.091669,31.378
1764724078.128161,3280,256,1764724078.096680,31.482
1764724078.133093,3281,256,1764724078.101677,31.416
1764724078.138118,3282,256,1764724078.106688,31.430
1764724078.143106,3283,256,1764724078.111691,31.414
1764724078.148147,3284,256,1764724078.116692,31.455
1764724078.153165,3285,256,1764724078.121691,31.474
1764724078.158150,3286,256,1764724078.126754,31.397
1764724078.163144,3287,256,1764724078.131689,31.455
1764724078.168148,3288,256,1764724078.136708,31.440
1764724078.173121,3289,256,1764724078.141713,31.408
1764724078.178149,3290,256,1764724078.146702,31.446
1764724078.183203,3291,256,1764724078.151697,31.506
1764724078.188158,3292,256,1764724078.156690,31.468
1764724078.193170,3293,256,1764724078.161738,31.431
1764724078.198105,3294,256,1764724078.166693,31.412
1764724078.203097,3295,256,1764724078.171694,31.403
1764724078.208064,3296,256,1764724078.176679,31.385
1764724078.213041,3297,256,1764724078.181689,31.351
1764724078.218083,3298,256,1764724078.186680,31.402
1764724078.223089,3299,256,1764724078.191691,31.398
1764724078.228095,3300,256,1764724078.196682,31.414
1764724078.233117,3301,256,1764724078.201710,31.407
1764724078.238081,3302,256,1764724078.206684,31.397
1764724078.243131,3303,256,1764724078.211693,31.438
1764724078.248087,3304,256,1764724078.216676,31.411
1764724078.253099,3305,256,1764724078.221687,31.413
1764724078.258088,3306,256,1764724078.226688,31.399
1764724078.263173,3307,256,1764724078.231688,31.485
1764724078.268092,3308,256,1764724078.236691,31.401
1764724078.273079,3309,256,1764724078.241685,31.395
1764724078.278157,3310,256,1764724078.246712,31.445
1764724078.283162,3311,256,1764724078.251716,31.446
1764724078.288199,3312,256,1764724078.256762,31.437
1764724078.293114,3313,256,1764724078.261697,31.418
1764724078.298257,3314,256,1764724078.266684,31.574
1764724078.303198,3315,256,1764724078.271682,31.516
1764724078.308264,3316,256,1764724078.276688,31.576
1764724078.313097,3317,256,1764724078.281687,31.410
1764724078.318118,3318,256,1764724078.286683,31.435
1764724078.323059,3319,256,1764724078.291682,31.376
1764724078.328064,3320,256,1764724078.296681,31.383
1764724078.333213,3321,256,1764724078.301687,31.526
1764724078.338055,3322,256,1764724078.306679,31.376
1764724078.343050,3323,256,1764724078.311688,31.363
1764724078.348164,3324,256,1764724078.316752,31.411
1764724078.353401,3325,256,1764724078.321849,31.552
1764724078.358181,3326,256,1764724078.326770,31.412
1764724078.363209,3327,256,1764724078.331802,31.406
1764724078.368129,3328,256,1764724078.336686,31.444
1764724078.373165,3329,256,1764724078.341774,31.391
1764724078.378240,3330,256,1764724078.346771,31.468
1764724078.383408,3331,256,1764724078.351836,31.572
1764724078.388291,3332,256,1764724078.356741,31.550
1764724078.393307,3333,256,1764724078.361754,31.554
1764724078.398172,3334,256,1764724078.366701,31.472
1764724078.403115,3335,256,1764724078.371705,31.410
1764724078.408259,3336,256,1764724078.376762,31.497
1764724078.413262,3337,256,1764724078.381850,31.413
1764724078.418209,3338,256,1764724078.386754,31.454
1764724078.423117,3339,256,1764724078.391746,31.371
1764724078.428253,3340,256,1764724078.396735,31.518
1764724078.433190,3341,256,1764724078.401746,31.445
1764724078.438118,3342,256,1764724078.406730,31.388
1764724078.443211,3343,256,1764724078.411719,31.492
1764724078.448282,3344,256,1764724078.416689,31.593
1764724078.453165,3345,256,1764724078.421688,31.478
1764724078.458300,3346,256,1764724078.426745,31.555
1764724078.463111,3347,256,1764724078.431699,31.412
1764724078.468253,3348,256,1764724078.436694,31.559
1764724078.473095,3349,256,1764724078.441687,31.409
1764724078.478060,3350,256,1764724078.446681,31.379
1764724078.483093,3351,256,1764724078.451685,31.408
1764724078.488088,3352,256,1764724078.456691,31.397
1764724078.493128,3353,256,1764724078.461683,31.446
1764724078.498134,3354,256,1764724078.466697,31.437
1764724078.503184,3355,256,1764724078.471756,31.428
1764724078.508265,3356,256,1764724078.476759,31.506
1764724078.513206,3357,256,1764724078.481755,31.451
1764724078.518212,3358,256,1764724078.486737,31.475
1764724078.523264,3359,256,1764724078.491745,31.519
1764724078.528289,3360,256,1764724078.496754,31.536
1764724078.533273,3361,256,1764724078.501756,31.516
1764724078.538277,3362,256,1764724078.506756,31.520
1764724078.543147,3363,256,1764724078.511751,31.396
1764724078.548257,3364,256,1764724078.516701,31.556
1764724078.553278,3365,256,1764724078.521747,31.531
1764724078.558317,3366,256,1764724078.526764,31.553
1764724078.563192,3367,256,1764724078.531753,31.439
1764724078.568250,3368,256,1764724078.536755,31.496
1764724078.573094,3369,256,1764724078.541697,31.397
1764724078.578202,3370,256,1764724078.546699,31.502
1764724078.583160,3371,256,1764724078.551740,31.420
1764724078.588325,3372,256,1764724078.556780,31.544
1764724078.593144,3373,256,1764724078.561763,31.380
1764724078.598255,3374,256,1764724078.566782,31.472
1764724078.603307,3375,256,1764724078.571850,31.458
1764724078.608157,3376,256,1764724078.576735,31.421
1764724078.613323,3377,256,1764724078.581866,31.457
1764724078.618271,3378,256,1764724078.586816,31.455
1764724078.623120,3379,256,1764724078.591727,31.393
1764724078.628374,3380,256,1764724078.596740,31.634
1764724078.633098,3381,256,1764724078.601680,31.418
1764724078.638064,3382,256,1764724078.606680,31.384
1764724078.643113,3383,256,1764724078.611707,31.405
1764724078.648051,3384,256,1764724078.616688,31.363
1764724078.653060,3385,256,1764724078.621701,31.359
1764724078.658133,3386,256,1764724078.626715,31.418
1764724078.663047,3387,256,1764724078.631683,31.364
1764724078.668043,3388,256,1764724078.636683,31.360
1764724078.673045,3389,256,1764724078.641705,31.341
1764724078.678129,3390,256,1764724078.646719,31.410
1764724078.683077,3391,256,1764724078.651697,31.380
1764724078.688082,3392,256,1764724078.656690,31.393
1764724078.693076,3393,256,1764724078.661702,31.374
1764724078.698074,3394,256,1764724078.666692,31.382
1764724078.703063,3395,256,1764724078.671685,31.377
1764724078.708106,3396,256,1764724078.676690,31.416
1764724078.713102,3397,256,1764724078.681687,31.415
1764724078.718086,3398,256,1764724078.686686,31.400
1764724078.723073,3399,256,1764724078.691685,31.388
1764724078.728102,3400,256,1764724078.696689,31.414
1764724078.733104,3401,256,1764724078.701690,31.414
1764724078.738183,3402,256,1764724078.706710,31.472
1764724078.743129,3403,256,1764724078.711697,31.432
1764724078.748153,3404,256,1764724078.716714,31.439
1764724078.753075,3405,256,1764724078.721698,31.377
1764724078.758087,3406,256,1764724078.726697,31.390
1764724078.763199,3407,256,1764724078.731708,31.492
1764724078.768247,3408,256,1764724078.736717,31.530
1764724078.773192,3409,256,1764724078.741696,31.496
1764724078.778099,3410,256,1764724078.746694,31.405
1764724078.783247,3411,256,1764724078.751713,31.533
1764724078.788201,3412,256,1764724078.756714,31.486
1764724078.793208,3413,256,1764724078.761708,31.500
1764724078.798183,3414,256,1764724078.766698,31.485
1764724078.803152,3415,256,1764724078.771702,31.450
1764724078.808151,3416,256,1764724078.776694,31.456
1764724078.813125,3417,256,1764724078.781701,31.425
1764724078.818176,3418,256,1764724078.786731,31.445
1764724078.823152,3419,256,1764724078.791730,31.421
1764724078.828178,3420,256,1764724078.796711,31.467
1764724078.833105,3421,256,1764724078.801700,31.404
1764724078.838131,3422,256,1764724078.806696,31.435
1764724078.843193,3423,256,1764724078.811764,31.429
1764724078.848181,3424,256,1764724078.816725,31.456
1764724078.853113,3425,256,1764724078.821684,31.429
1764724078.858105,3426,256,1764724078.826691,31.414
1764724078.863106,3427,256,1764724078.831691,31.416
1764724078.868105,3428,256,1764724078.836687,31.419
1764724078.873243,3429,256,1764724078.841739,31.504
1764724078.878237,3430,256,1764724078.846734,31.502
1764724078.883176,3431,256,1764724078.851712,31.463
1764724078.888182,3432,256,1764724078.856732,31.450
1764724078.893158,3433,256,1764724078.861716,31.442
1764724078.898277,3434,256,1764724078.866720,31.557
1764724078.903185,3435,256,1764724078.871729,31.456
1764724078.908136,3436,256,1764724078.876727,31.409
1764724078.913154,3437,256,1764724078.881721,31.433
1764724078.918148,3438,256,1764724078.886757,31.391
1764724078.923105,3439,256,1764724078.891736,31.369
1764724078.928163,3440,256,1764724078.896777,31.386
1764724078.933135,3441,256,1764724078.901734,31.400
1764724078.938103,3442,256,1764724078.906706,31.397
1764724078.943180,3443,256,1764724078.911776,31.404
1764724078.948125,3444,256,1764724078.916713,31.412
1764724078.953135,3445,256,1764724078.921722,31.413
1764724078.958143,3446,256,1764724078.926735,31.408
1764724078.963170,3447,256,1764724078.931740,31.430
1764724078.968056,3448,256,1764724078.936679,31.377
1764724078.973132,3449,256,1764724078.941749,31.383
1764724078.978257,3450,256,1764724078.946710,31.547
1764724078.983253,3451,256,1764724078.951737,31.516
1764724078.988255,3452,256,1764724078.956702,31.553
1764724078.993186,3453,256,1764724078.961696,31.489
1764724078.998089,3454,256,1764724078.966704,31.385
1764724079.003079,3455,256,1764724078.971705,31.374
1764724079.008106,3456,256,1764724078.976715,31.391
1764724079.013144,3457,256,1764724078.981774,31.370
1764724079.018157,3458,256,1764724078.986756,31.401
1764724079.023150,3459,256,1764724078.991767,31.383
1764724079.028213,3460,256,1764724078.996783,31.430
1764724079.033106,3461,256,1764724079.001712,31.394
1764724079.038159,3462,256,1764724079.006696,31.463
1764724079.043082,3463,256,1764724079.011695,31.388
1764724079.048140,3464,256,1764724079.016715,31.425
1764724079.053135,3465,256,1764724079.021733,31.403
1764724079.058079,3466,256,1764724079.026697,31.383
1764724079.063189,3467,256,1764724079.031717,31.472
1764724079.068134,3468,256,1764724079.036702,31.432
1764724079.073110,3469,256,1764724079.041742,31.368
1764724079.078120,3470,256,1764724079.046711,31.408
1764724079.083135,3471,256,1764724079.051731,31.404
1764724079.088214,3472,256,1764724079.056759,31.454
1764724079.093133,3473,256,1764724079.061751,31.382
1764724079.098123,3474,256,1764724079.066711,31.412
1764724079.103131,3475,256,1764724079.071724,31.407
1764724079.108093,3476,256,1764724079.076699,31.394
1764724079.113150,3477,256,1764724079.081713,31.436
1764724079.118056,3478,256,1764724079.086701,31.355
1764724079.123070,3479,256,1764724079.091709,31.361
1764724079.128084,3480,256,1764724079.096707,31.377
1764724079.133062,3481,256,1764724079.101697,31.365
1764724079.138067,3482,256,1764724079.106708,31.360
1764724079.143069,3483,256,1764724079.111704,31.365
1764724079.148067,3484,256,1764724079.116703,31.364
1764724079.153095,3485,256,1764724079.121715,31.380
1764724079.158099,3486,256,1764724079.126704,31.395
1764724079.163115,3487,256,1764724079.131711,31.404
1764724079.168077,3488,256,1764724079.136703,31.374
1764724079.173092,3489,256,1764724079.141716,31.377
1764724079.178101,3490,256,1764724079.146708,31.392
1764724079.183108,3491,256,1764724079.151703,31.405
1764724079.188100,3492,256,1764724079.156709,31.390
1764724079.193122,3493,256,1764724079.161714,31.408
1764724079.198104,3494,256,1764724079.166705,31.399
1764724079.203105,3495,256,1764724079.171721,31.384
1764724079.208120,3496,256,1764724079.176713,31.407
1764724079.213114,3497,256,1764724079.181716,31.397
1764724079.218098,3498,256,1764724079.186712,31.386
1764724079.223155,3499,256,1764724079.191715,31.440
1764724079.228170,3500,256,1764724079.196721,31.449
1764724079.233089,3501,256,1764724079.201705,31.385
1764724079.238137,3502,256,1764724079.206716,31.420
1764724079.243154,3503,256,1764724079.211716,31.438
1764724079.248109,3504,256,1764724079.216710,31.400
1764724079.253077,3505,256,1764724079.221711,31.366
1764724079.258078,3506,256,1764724079.226708,31.370
1764724079.263097,3507,256,1764724079.231714,31.382
1764724079.268108,3508,256,1764724079.236707,31.401
1764724079.273099,3509,256,1764724079.241709,31.390
1764724079.278101,3510,256,1764724079.246712,31.389
1764724079.283112,3511,256,1764724079.251705,31.407
1764724079.288121,3512,256,1764724079.256703,31.418
1764724079.293149,3513,256,1764724079.261704,31.445
1764724079.298143,3514,256,1764724079.266690,31.452
1764724079.303148,3515,256,1764724079.271725,31.422
1764724079.308150,3516,256,1764724079.276740,31.410
1764724079.313133,3517,256,1764724079.281734,31.399
1764724079.318143,3518,256,1764724079.286721,31.422
1764724079.323262,3519,256,1764724079.291823,31.439
1764724079.328146,3520,256,1764724079.296725,31.421
1764724079.333087,3521,256,1764724079.301712,31.375
1764724079.338139,3522,256,1764724079.306714,31.425
1764724079.343115,3523,256,1764724079.311701,31.414
1764724079.348171,3524,256,1764724079.316698,31.473
1764724079.353043,3525,256,1764724079.321700,31.343
1764724079.358139,3526,256,1764724079.326692,31.447
1764724079.363067,3527,256,1764724079.331698,31.370
1764724079.368094,3528,256,1764724079.336697,31.397
1764724079.373056,3529,256,1764724079.341697,31.358
1764724079.378109,3530,256,1764724079.346706,31.402
1764724079.383072,3531,256,1764724079.351715,31.357
1764724079.388083,3532,256,1764724079.356718,31.365
1764724079.393127,3533,256,1764724079.361725,31.402
1764724079.398099,3534,256,1764724079.366718,31.381
1764724079.403082,3535,256,1764724079.371721,31.361
1764724079.408247,3536,256,1764724079.376837,31.410
1764724079.413272,3537,256,1764724079.381849,31.423
1764724079.418209,3538,256,1764724079.386815,31.394
1764724079.423306,3539,256,1764724079.391828,31.478
1764724079.428264,3540,256,1764724079.396827,31.437
1764724079.433338,3541,256,1764724079.401814,31.524
1764724079.438267,3542,256,1764724079.406822,31.445
1764724079.443241,3543,256,1764724079.411825,31.416
1764724079.448369,3544,256,1764724079.416833,31.536
1764724079.453310,3545,256,1764724079.421736,31.575
1764724079.458201,3546,256,1764724079.426730,31.471
1764724079.463301,3547,256,1764724079.431743,31.558
1764724079.468074,3548,256,1764724079.436711,31.363
1764724079.473058,3549,256,1764724079.441701,31.358
1764724079.478106,3550,256,1764724079.446701,31.405
1764724079.483055,3551,256,1764724079.451698,31.357
1764724079.488115,3552,256,1764724079.456701,31.414
1764724079.493042,3553,256,1764724079.461701,31.342
1764724079.498081,3554,256,1764724079.466700,31.381
1764724079.503111,3555,256,1764724079.471695,31.417
1764724079.508149,3556,256,1764724079.476698,31.451
1764724079.513176,3557,256,1764724079.481719,31.457
1764724079.518123,3558,256,1764724079.486725,31.398
1764724079.523248,3559,256,1764724079.491747,31.501
1764724079.528320,3560,256,1764724079.496758,31.562
1764724079.533297,3561,256,1764724079.501760,31.538
1764724079.538274,3562,256,1764724079.506756,31.518
1764724079.543286,3563,256,1764724079.511841,31.445
1764724079.548429,3564,256,1764724079.516840,31.589
1764724079.553318,3565,256,1764724079.521811,31.507
1764724079.558424,3566,256,1764724079.526743,31.681
1764724079.563300,3567,256,1764724079.531747,31.553
1764724079.568197,3568,256,1764724079.536729,31.468
1764724079.573288,3569,256,1764724079.541741,31.548
1764724079.578127,3570,256,1764724079.546713,31.415
1764724079.583109,3571,256,1764724079.551726,31.383
1764724079.588158,3572,256,1764724079.556729,31.429
1764724079.593183,3573,256,1764724079.561749,31.434
1764724079.598135,3574,256,1764724079.566717,31.418
1764724079.603172,3575,256,1764724079.571740,31.432
1764724079.608083,3576,256,1764724079.576715,31.368
1764724079.613235,3577,256,1764724079.581742,31.492
1764724079.618195,3578,256,1764724079.586728,31.468
1764724079.623199,3579,256,1764724079.591751,31.449
1764724079.628159,3580,256,1764724079.596742,31.417
1764724079.633187,3581,256,1764724079.601737,31.450
1764724079.638190,3582,256,1764724079.606740,31.450
1764724079.643165,3583,256,1764724079.611746,31.419
1764724079.648241,3584,256,1764724079.616753,31.488
1764724079.653207,3585,256,1764724079.621749,31.458
1764724079.658237,3586,256,1764724079.626752,31.485
1764724079.663174,3587,256,1764724079.631754,31.420
1764724079.668200,3588,256,1764724079.636813,31.386
1764724079.673309,3589,256,1764724079.641834,31.475
1764724079.678312,3590,256,1764724079.646837,31.474
1764724079.683291,3591,256,1764724079.651834,31.457
1764724079.688298,3592,256,1764724079.656844,31.454
1764724079.693453,3593,256,1764724079.661837,31.616
1764724079.698340,3594,256,1764724079.666836,31.504
1764724079.703438,3595,256,1764724079.671847,31.590
1764724079.708437,3596,256,1764724079.676850,31.588
1764724079.713367,3597,256,1764724079.681833,31.534
1764724079.718293,3598,256,1764724079.686721,31.572
1764724079.723097,3599,256,1764724079.691738,31.359
1764724079.728230,3600,256,1764724079.696756,31.473
1764724079.733135,3601,256,1764724079.701758,31.376
1764724079.738137,3602,256,1764724079.706752,31.385
1764724079.743073,3603,256,1764724079.711722,31.351
1764724079.748099,3604,256,1764724079.716719,31.380
1764724079.753062,3605,256,1764724079.721708,31.355
1764724079.758076,3606,256,1764724079.726712,31.364
1764724079.763089,3607,256,1764724079.731709,31.381
1764724079.768066,3608,256,1764724079.736707,31.359
1764724079.773069,3609,256,1764724079.741702,31.367
1764724079.778063,3610,256,1764724079.746705,31.357
1764724079.783150,3611,256,1764724079.751728,31.423
1764724079.788129,3612,256,1764724079.756706,31.422
1764724079.793137,3613,256,1764724079.761724,31.413
1764724079.798194,3614,256,1764724079.766720,31.474
1764724079.803211,3615,256,1764724079.771753,31.458
1764724079.808291,3616,256,1764724079.776821,31.471
1764724079.813294,3617,256,1764724079.781830,31.464
1764724079.818213,3618,256,1764724079.786731,31.483
1764724079.823300,3619,256,1764724079.791847,31.454
1764724079.828340,3620,256,1764724079.796837,31.503
1764724079.833282,3621,256,1764724079.801825,31.457
1764724079.838332,3622,256,1764724079.806844,31.487
1764724079.843268,3623,256,1764724079.811838,31.430
1764724079.848270,3624,256,1764724079.816787,31.483
1764724079.853057,3625,256,1764724079.821714,31.343
1764724079.858079,3626,256,1764724079.826710,31.369
1764724079.863049,3627,256,1764724079.831709,31.340
1764724079.868089,3628,256,1764724079.836735,31.355
1764724079.873156,3629,256,1764724079.841724,31.432
1764724079.878258,3630,256,1764724079.846745,31.512
1764724079.883272,3631,256,1764724079.851829,31.442
1764724079.888296,3632,256,1764724079.856838,31.458
1764724079.893307,3633,256,1764724079.861856,31.451
1764724079.898291,3634,256,1764724079.866866,31.426
1764724079.903402,3635,256,1764724079.871848,31.554
1764724079.908363,3636,256,1764724079.876768,31.595
1764724079.913169,3637,256,1764724079.881749,31.420
1764724079.918297,3638,256,1764724079.886866,31.431
1764724079.923352,3639,256,1764724079.891753,31.599
1764724079.928265,3640,256,1764724079.896723,31.542
1764724079.933261,3641,256,1764724079.901755,31.506
1764724079.938363,3642,256,1764724079.906834,31.529
1764724079.943319,3643,256,1764724079.911746,31.573
1764724079.948299,3644,256,1764724079.916736,31.563
1764724079.953178,3645,256,1764724079.921754,31.424
1764724079.958348,3646,256,1764724079.926845,31.503
1764724079.963273,3647,256,1764724079.931843,31.430
1764724079.968367,3648,256,1764724079.936834,31.533
1764724079.973373,3649,256,1764724079.941850,31.523
1764724079.978362,3650,256,1764724079.946839,31.523
1764724079.983299,3651,256,1764724079.951748,31.551
1764724079.988238,3652,256,1764724079.956718,31.521
1764724079.993196,3653,256,1764724079.961713,31.483
1764724079.998109,3654,256,1764724079.966721,31.388
1764724080.003229,3655,256,1764724079.971755,31.474
1764724080.008239,3656,256,1764724079.976756,31.484
1764724080.013195,3657,256,1764724079.981759,31.436
1764724080.018284,3658,256,1764724079.986836,31.448
1764724080.023171,3659,256,1764724079.991753,31.419
1764724080.028320,3660,256,1764724079.996853,31.467
1764724080.033160,3661,256,1764724080.001730,31.430
1764724080.038166,3662,256,1764724080.006739,31.426
1764724080.043130,3663,256,1764724080.011728,31.402
1764724080.048264,3664,256,1764724080.016766,31.499
1764724080.053099,3665,256,1764724080.021737,31.362
1764724080.058327,3666,256,1764724080.026845,31.482
1764724080.063323,3667,256,1764724080.031848,31.475
1764724080.068346,3668,256,1764724080.036865,31.481
1764724080.073343,3669,256,1764724080.041844,31.499
1764724080.078288,3670,256,1764724080.046848,31.440
1764724080.083265,3671,256,1764724080.051827,31.438
1764724080.088255,3672,256,1764724080.056767,31.488
1764724080.093321,3673,256,1764724080.061849,31.472
1764724080.098199,3674,256,1764724080.066769,31.430
1764724080.103295,3675,256,1764724080.071769,31.527
1764724080.108321,3676,256,1764724080.076766,31.555
1764724080.113355,3677,256,1764724080.081823,31.531
1764724080.118310,3678,256,1764724080.086741,31.569
1764724080.123320,3679,256,1764724080.091767,31.554
1764724080.128319,3680,256,1764724080.096734,31.584
1764724080.133270,3681,256,1764724080.101742,31.527
1764724080.138307,3682,256,1764724080.106764,31.543
1764724080.143338,3683,256,1764724080.111765,31.573
1764724080.148316,3684,256,1764724080.116760,31.556
1764724080.153333,3685,256,1764724080.121769,31.564
1764724080.158342,3686,256,1764724080.126772,31.570
1764724080.163311,3687,256,1764724080.131767,31.544
1764724080.168412,3688,256,1764724080.136853,31.560
1764724080.173368,3689,256,1764724080.141843,31.524
1764724080.178400,3690,256,1764724080.146838,31.562
1764724080.183402,3691,256,1764724080.151847,31.555
1764724080.188338,3692,256,1764724080.156850,31.488
1764724080.193395,3693,256,1764724080.161845,31.550
1764724080.198410,3694,256,1764724080.166858,31.552
1764724080.203400,3695,256,1764724080.171854,31.546
1764724080.208317,3696,256,1764724080.176778,31.539
1764724080.213318,3697,256,1764724080.181779,31.539
1764724080.218844,3698,256,1764724080.186844,32.000
1764724080.223265,3699,256,1764724080.191849,31.415
1764724080.228397,3700,256,1764724080.196867,31.529
1764724080.233294,3701,256,1764724080.201846,31.448
1764724080.238271,3702,256,1764724080.206844,31.427
1764724080.243310,3703,256,1764724080.211852,31.457
1764724080.248204,3704,256,1764724080.216761,31.442
1764724080.253267,3705,256,1764724080.221756,31.511
1764724080.258160,3706,256,1764724080.226728,31.432
1764724080.263131,3707,256,1764724080.231737,31.394
1764724080.268103,3708,256,1764724080.236726,31.378
1764724080.273147,3709,256,1764724080.241745,31.402
1764724080.278335,3710,256,1764724080.246858,31.477
1764724080.283177,3711,256,1764724080.251779,31.398
1764724080.288128,3712,256,1764724080.256746,31.382
1764724080.293120,3713,256,1764724080.261752,31.368
1764724080.298160,3714,256,1764724080.266734,31.425
1764724080.303125,3715,256,1764724080.271734,31.390
1764724080.308120,3716,256,1764724080.276740,31.380
1764724080.313090,3717,256,1764724080.281727,31.363
1764724080.318144,3718,256,1764724080.286766,31.377
1764724080.323107,3719,256,1764724080.291729,31.378
1764724080.328139,3720,256,1764724080.296729,31.410
1764724080.333152,3721,256,1764724080.301731,31.420
1764724080.338095,3722,256,1764724080.306731,31.364
1764724080.343108,3723,256,1764724080.311708,31.399
1764724080.348130,3724,256,1764724080.316725,31.405
1764724080.353127,3725,256,1764724080.321725,31.403
1764724080.358094,3726,256,1764724080.326730,31.363
1764724080.363129,3727,256,1764724080.331769,31.360
1764724080.368175,3728,256,1764724080.336758,31.417
1764724080.373158,3729,256,1764724080.341727,31.430
1764724080.378103,3730,256,1764724080.346715,31.388
1764724080.383136,3731,256,1764724080.351722,31.414
1764724080.388138,3732,256,1764724080.356732,31.405
1764724080.393156,3733,256,1764724080.361719,31.437
1764724080.398240,3734,256,1764724080.366742,31.498
1764724080.403194,3735,256,1764724080.371740,31.454
1764724080.408269,3736,256,1764724080.376748,31.521
1764724080.413237,3737,256,1764724080.381769,31.468
1764724080.418272,3738,256,1764724080.386744,31.529
1764724080.423270,3739,256,1764724080.391804,31.467
1764724080.428264,3740,256,1764724080.396755,31.509
1764724080.433141,3741,256,1764724080.401748,31.393
1764724080.438116,3742,256,1764724080.406739,31.377
1764724080.443127,3743,256,1764724080.411721,31.406
1764724080.448271,3744,256,1764724080.416809,31.462
1764724080.453126,3745,256,1764724080.421757,31.369
1764724080.458151,3746,256,1764724080.426752,31.399
1764724080.463120,3747,256,1764724080.431751,31.369
1764724080.468127,3748,256,1764724080.436737,31.390
1764724080.473180,3749,256,1764724080.441795,31.385
1764724080.478160,3750,256,1764724080.446748,31.413
1764724080.483132,3751,256,1764724080.451761,31.370
1764724080.488148,3752,256,1764724080.456763,31.385
1764724080.493174,3753,256,1764724080.461794,31.379
1764724080.498245,3754,256,1764724080.466764,31.480
1764724080.503192,3755,256,1764724080.471751,31.440
1764724080.508266,3756,256,1764724080.476830,31.436
1764724080.513132,3757,256,1764724080.481739,31.393
1764724080.518213,3758,256,1764724080.486778,31.435
1764724080.523125,3759,256,1764724080.491772,31.353
1764724080.528171,3760,256,1764724080.496793,31.378
1764724080.533127,3761,256,1764724080.501742,31.385
1764724080.538115,3762,256,1764724080.506736,31.378
1764724080.543249,3763,256,1764724080.511731,31.518
1764724080.548183,3764,256,1764724080.516758,31.424
1764724080.553166,3765,256,1764724080.521765,31.401
1764724080.558183,3766,256,1764724080.526742,31.441
1764724080.563343,3767,256,1764724080.531899,31.443
1764724080.568194,3768,256,1764724080.536743,31.451
1764724080.573160,3769,256,1764724080.541749,31.411
1764724080.578169,3770,256,1764724080.546739,31.430
1764724080.583152,3771,256,1764724080.551745,31.407
1764724080.588192,3772,256,1764724080.556777,31.414
1764724080.593324,3773,256,1764724080.561908,31.416
1764724080.598275,3774,256,1764724080.566791,31.484
1764724080.603273,3775,256,1764724080.571883,31.390
1764724080.608142,3776,256,1764724080.576741,31.402
1764724080.613163,3777,256,1764724080.581773,31.390
1764724080.618253,3778,256,1764724080.586820,31.433
1764724080.623327,3779,256,1764724080.591909,31.418
1764724080.628204,3780,256,1764724080.596817,31.387
1764724080.633409,3781,256,1764724080.601904,31.504
1764724080.638273,3782,256,1764724080.606809,31.465
1764724080.643412,3783,256,1764724080.611906,31.506
1764724080.648273,3784,256,1764724080.616815,31.458
1764724080.653389,3785,256,1764724080.621903,31.486
1764724080.658275,3786,256,1764724080.626822,31.453
1764724080.663350,3787,256,1764724080.631903,31.447
1764724080.668266,3788,256,1764724080.636831,31.436
1764724080.673413,3789,256,1764724080.641908,31.504
1764724080.678208,3790,256,1764724080.646803,31.405
1764724080.683313,3791,256,1764724080.651880,31.433
1764724080.688249,3792,256,1764724080.656832,31.417
1764724080.693326,3793,256,1764724080.661910,31.416
1764724080.698210,3794,256,1764724080.666816,31.394
1764724080.703369,3795,256,1764724080.671901,31.467
1764724080.708235,3796,256,1764724080.676825,31.410
1764724080.713390,3797,256,1764724080.681906,31.484
1764724080.718151,3798,256,1764724080.686752,31.399
1764724080.723302,3799,256,1764724080.691792,31.510
1764724080.728183,3800,256,1764724080.696807,31.376
1764724080.733175,3801,256,1764724080.701788,31.387
1764724080.738141,3802,256,1764724080.706784,31.356
1764724080.743155,3803,256,1764724080.711782,31.373
1764724080.748087,3804,256,1764724080.716739,31.349
1764724080.753235,3805,256,1764724080.721802,31.433
1764724080.758191,3806,256,1764724080.726768,31.424
1764724080.763260,3807,256,1764724080.731862,31.398
1764724080.768244,3808,256,1764724080.736840,31.404
1764724080.773348,3809,256,1764724080.741904,31.443
1764724080.783311,3810,256,1764724080.746799,36.512
1764724080.783391,3811,256,1764724080.751918,31.473
1764724080.788341,3812,256,1764724080.756823,31.518
1764724080.793581,3813,256,1764724080.761919,31.662
1764724080.798292,3814,256,1764724080.766790,31.502
1764724080.803336,3815,256,1764724080.771863,31.474
1764724080.815490,3816,256,1764724080.783344,32.146
1764724080.815965,3817,256,1764724080.783493,32.473
1764724080.818413,3818,256,1764724080.786812,31.600
1764724080.823531,3819,256,1764724080.791946,31.584
1764724080.828258,3820,256,1764724080.796826,31.432
1764724080.833434,3821,256,1764724080.801902,31.531
1764724080.838288,3822,256,1764724080.806814,31.474
1764724080.843459,3823,256,1764724080.811900,31.559
1764724080.848191,3824,256,1764724080.816761,31.430
1764724080.853432,3825,256,1764724080.821905,31.527
1764724080.858212,3826,256,1764724080.826751,31.461
1764724080.863291,3827,256,1764724080.831785,31.506
1764724080.868194,3828,256,1764724080.836759,31.435
1764724080.873339,3829,256,1764724080.841781,31.558
1764724080.878268,3830,256,1764724080.846768,31.500
1764724080.883361,3831,256,1764724080.851792,31.569
1764724080.888298,3832,256,1764724080.856770,31.528
1764724080.893727,3833,256,1764724080.861790,31.938
1764724080.898397,3834,256,1764724080.866771,31.626
1764724080.903299,3835,256,1764724080.871788,31.511
1764724080.908395,3836,256,1764724080.876763,31.632
1764724080.913318,3837,256,1764724080.881783,31.535
1764724080.918365,3838,256,1764724080.886770,31.595
1764724080.923277,3839,256,1764724080.891775,31.502
1764724080.928307,3840,256,1764724080.896770,31.537
1764724080.933251,3841,256,1764724080.901766,31.485
1764724080.938246,3842,256,1764724080.906769,31.477
1764724080.943293,3843,256,1764724080.911774,31.519
1764724080.948377,3844,256,1764724080.916756,31.621
1764724080.953272,3845,256,1764724080.921760,31.512
1764724080.958346,3846,256,1764724080.926742,31.605
1764724080.963305,3847,256,1764724080.931778,31.527
1764724080.968391,3848,256,1764724080.936759,31.632
1764724080.973275,3849,256,1764724080.941774,31.501
1764724080.978615,3850,256,1764724080.946823,31.792
1764724080.983477,3851,256,1764724080.951897,31.580
1764724080.988441,3852,256,1764724080.956838,31.603
1764724080.993652,3853,256,1764724080.961924,31.728
1764724080.998626,3854,256,1764724080.966849,31.776
1764724081.003322,3855,256,1764724080.971867,31.455
1764724081.008361,3856,256,1764724080.976800,31.560
1764724081.013293,3857,256,1764724080.981862,31.431
1764724081.018272,3858,256,1764724080.986836,31.437
1764724081.023269,3859,256,1764724080.991855,31.414
1764724081.028260,3860,256,1764724080.996813,31.447
1764724081.033401,3861,256,1764724081.001904,31.497
1764724081.038254,3862,256,1764724081.006769,31.485
1764724081.043257,3863,256,1764724081.011824,31.433
1764724081.048200,3864,256,1764724081.016798,31.402
1764724081.053172,3865,256,1764724081.021772,31.400
1764724081.058328,3866,256,1764724081.026831,31.497
1764724081.063510,3867,256,1764724081.031912,31.598
1764724081.068284,3868,256,1764724081.036816,31.468
1764724081.073321,3869,256,1764724081.041764,31.557
1764724081.078288,3870,256,1764724081.046813,31.474
1764724081.083207,3871,256,1764724081.051764,31.442
1764724081.088279,3872,256,1764724081.056789,31.490
1764724081.093650,3873,256,1764724081.062049,31.601
1764724081.098293,3874,256,1764724081.066810,31.483
1764724081.103266,3875,256,1764724081.071809,31.457
1764724081.108315,3876,256,1764724081.076804,31.511
1764724081.113340,3877,256,1764724081.081811,31.529
1764724081.118333,3878,256,1764724081.086792,31.542
1764724081.123162,3879,256,1764724081.091761,31.401
1764724081.128556,3880,256,1764724081.097099,31.457
1764724081.133162,3881,256,1764724081.101756,31.406
1764724081.138151,3882,256,1764724081.106748,31.403
1764724081.143130,3883,256,1764724081.111748,31.382
1764724081.148206,3884,256,1764724081.116753,31.453
1764724081.153269,3885,256,1764724081.121759,31.510
1764724081.158213,3886,256,1764724081.126758,31.456
1764724081.163368,3887,256,1764724081.131824,31.543
1764724081.168271,3888,256,1764724081.136766,31.505
1764724081.173238,3889,256,1764724081.141776,31.462
1764724081.178283,3890,256,1764724081.146761,31.523
1764724081.183244,3891,256,1764724081.151780,31.464
1764724081.188281,3892,256,1764724081.156798,31.483
1764724081.193391,3893,256,1764724081.161822,31.569
1764724081.198313,3894,256,1764724081.166810,31.503
1764724081.203408,3895,256,1764724081.171894,31.513
1764724081.208366,3896,256,1764724081.176803,31.564
1764724081.213330,3897,256,1764724081.181808,31.522
1764724081.218254,3898,256,1764724081.186807,31.447
1764724081.223310,3899,256,1764724081.191895,31.415
1764724081.228292,3900,256,1764724081.196842,31.450
1764724081.233391,3901,256,1764724081.201916,31.475
1764724081.238255,3902,256,1764724081.206842,31.413
1764724081.243287,3903,256,1764724081.211838,31.449
1764724081.248227,3904,256,1764724081.216822,31.405
1764724081.253452,3905,256,1764724081.221915,31.537
1764724081.258312,3906,256,1764724081.226805,31.507
1764724081.263296,3907,256,1764724081.231841,31.454
1764724081.268247,3908,256,1764724081.236826,31.421
1764724081.273390,3909,256,1764724081.241900,31.490
1764724081.278333,3910,256,1764724081.246814,31.519
1764724081.283208,3911,256,1764724081.251778,31.430
1764724081.288350,3912,256,1764724081.256834,31.516
1764724081.293322,3913,256,1764724081.261774,31.548
1764724081.298131,3914,256,1764724081.266749,31.382
1764724081.303121,3915,256,1764724081.271743,31.378
1764724081.308203,3916,256,1764724081.276744,31.459
1764724081.313116,3917,256,1764724081.281748,31.368
1764724081.318109,3918,256,1764724081.286748,31.360
1764724081.323140,3919,256,1764724081.291746,31.394
1764724081.328122,3920,256,1764724081.296747,31.375
1764724081.333093,3921,256,1764724081.301746,31.347
1764724081.338153,3922,256,1764724081.306744,31.409
1764724081.343105,3923,256,1764724081.311746,31.359
1764724081.348112,3924,256,1764724081.316745,31.367
1764724081.353103,3925,256,1764724081.321748,31.356
1764724081.358259,3926,256,1764724081.326802,31.457
1764724081.363122,3927,256,1764724081.331750,31.372
1764724081.368119,3928,256,1764724081.336754,31.364
1764724081.373129,3929,256,1764724081.341762,31.367
1764724081.378255,3930,256,1764724081.346771,31.484
1764724081.383239,3931,256,1764724081.351763,31.475
1764724081.388453,3932,256,1764724081.356822,31.631
1764724081.393235,3933,256,1764724081.361765,31.470
1764724081.398264,3934,256,1764724081.366771,31.492
1764724081.403201,3935,256,1764724081.371762,31.438
1764724081.408226,3936,256,1764724081.376748,31.478
1764724081.413272,3937,256,1764724081.381766,31.507
1764724081.418196,3938,256,1764724081.386761,31.435
1764724081.423113,3939,256,1764724081.391745,31.368
1764724081.428154,3940,256,1764724081.396744,31.410
1764724081.433246,3941,256,1764724081.401768,31.479
1764724081.438146,3942,256,1764724081.406761,31.385
1764724081.443113,3943,256,1764724081.411771,31.342
1764724081.448262,3944,256,1764724081.416805,31.458
1764724081.453252,3945,256,1764724081.421817,31.435
1764724081.458172,3946,256,1764724081.426765,31.407
1764724081.463369,3947,256,1764724081.431874,31.495
1764724081.468364,3948,256,1764724081.436832,31.531
1764724081.473181,3949,256,1764724081.441767,31.413
1764724081.478344,3950,256,1764724081.446775,31.569
1764724081.483204,3951,256,1764724081.451781,31.424
1764724081.488164,3952,256,1764724081.456769,31.396
1764724081.493259,3953,256,1764724081.461802,31.456
1764724081.498318,3954,256,1764724081.466842,31.475
1764724081.503258,3955,256,1764724081.471777,31.481
1764724081.508329,3956,256,1764724081.476774,31.554
1764724081.513190,3957,256,1764724081.481790,31.399
1764724081.518289,3958,256,1764724081.486789,31.500
1764724081.523296,3959,256,1764724081.491789,31.507
1764724081.528198,3960,256,1764724081.496779,31.419
1764724081.533236,3961,256,1764724081.501770,31.466
1764724081.538436,3962,256,1764724081.507003,31.434
1764724081.543231,3963,256,1764724081.511790,31.442
1764724081.548280,3964,256,1764724081.516797,31.484
1764724081.553303,3965,256,1764724081.521779,31.523
1764724081.558289,3966,256,1764724081.526781,31.507
1764724081.563327,3967,256,1764724081.531771,31.556
1764724081.568268,3968,256,1764724081.536773,31.495
1764724081.573576,3969,256,1764724081.542032,31.545
1764724081.578301,3970,256,1764724081.546789,31.512
1764724081.583310,3971,256,1764724081.551795,31.515
1764724081.588341,3972,256,1764724081.556789,31.552
1764724081.593346,3973,256,1764724081.561807,31.539
1764724081.598359,3974,256,1764724081.566779,31.579
1764724081.603408,3975,256,1764724081.571818,31.591
1764724081.608333,3976,256,1764724081.576765,31.568
1764724081.613264,3977,256,1764724081.581786,31.479
1764724081.618307,3978,256,1764724081.586784,31.523
1764724081.623314,3979,256,1764724081.591787,31.527
1764724081.628201,3980,256,1764724081.596770,31.431
1764724081.633212,3981,256,1764724081.601791,31.421
1764724081.638336,3982,256,1764724081.606783,31.553
1764724081.643261,3983,256,1764724081.611761,31.500
1764724081.648390,3984,256,1764724081.616830,31.561
1764724081.653302,3985,256,1764724081.621844,31.458
1764724081.658377,3986,256,1764724081.626834,31.542
1764724081.663321,3987,256,1764724081.631847,31.473
1764724081.668323,3988,256,1764724081.636785,31.538
1764724081.673288,3989,256,1764724081.641783,31.506
1764724081.678332,3990,256,1764724081.646805,31.527
1764724081.683305,3991,256,1764724081.651786,31.518
1764724081.688328,3992,256,1764724081.656790,31.538
1764724081.693358,3993,256,1764724081.661779,31.578
1764724081.698364,3994,256,1764724081.666783,31.580
1764724081.703366,3995,256,1764724081.671822,31.544
1764724081.708245,3996,256,1764724081.676786,31.459
1764724081.713242,3997,256,1764724081.681823,31.419
1764724081.718243,3998,256,1764724081.686782,31.461
1764724081.723249,3999,256,1764724081.691812,31.437
1764724081.728292,4000,256,1764724081.696785,31.507
1764724081.733251,4001,256,1764724081.701778,31.473
1764724081.738230,4002,256,1764724081.706771,31.459
1764724081.743284,4003,256,1764724081.711775,31.509
1764724081.748241,4004,256,1764724081.716785,31.456
1764724081.753337,4005,256,1764724081.721802,31.535
1764724081.758264,4006,256,1764724081.726808,31.456
1764724081.763150,4007,256,1764724081.731747,31.403
1764724081.768320,4008,256,1764724081.736789,31.531
1764724081.773288,4009,256,1764724081.741786,31.502
1764724081.778322,4010,256,1764724081.746766,31.556
1764724081.783200,4011,256,1764724081.751783,31.418
1764724081.788157,4012,256,1764724081.756764,31.393
1764724081.793196,4013,256,1764724081.761761,31.435
1764724081.798268,4014,256,1764724081.766782,31.486
1764724081.803194,4015,256,1764724081.771772,31.422
1764724081.808243,4016,256,1764724081.776771,31.472
1764724081.813248,4017,256,1764724081.781775,31.473
1764724081.818283,4018,256,1764724081.786790,31.493
1764724081.823192,4019,256,1764724081.791768,31.423
1764724081.828141,4020,256,1764724081.796770,31.370
1764724081.833294,4021,256,1764724081.801815,31.479
1764724081.838173,4022,256,1764724081.806767,31.406
1764724081.843117,4023,256,1764724081.811740,31.377
1764724081.848289,4024,256,1764724081.816840,31.449
1764724081.853177,4025,256,1764724081.821756,31.422
1764724081.858261,4026,256,1764724081.826764,31.496
1764724081.863152,4027,256,1764724081.831758,31.394
1764724081.868314,4028,256,1764724081.836827,31.487
1764724081.873344,4029,256,1764724081.841779,31.564
1764724081.878302,4030,256,1764724081.846772,31.530
1764724081.883214,4031,256,1764724081.851806,31.408
1764724081.888205,4032,256,1764724081.856771,31.433
1764724081.893252,4033,256,1764724081.861772,31.481
1764724081.898271,4034,256,1764724081.866772,31.499
1764724081.903346,4035,256,1764724081.871773,31.573
1764724081.908264,4036,256,1764724081.876777,31.487
1764724081.913335,4037,256,1764724081.881785,31.550
1764724081.918299,4038,256,1764724081.886780,31.518
1764724081.923204,4039,256,1764724081.891783,31.421
1764724081.928192,4040,256,1764724081.896771,31.420
1764724081.933212,4041,256,1764724081.901763,31.449
1764724081.938316,4042,256,1764724081.906781,31.535
1764724081.943280,4043,256,1764724081.911835,31.445
1764724081.948244,4044,256,1764724081.916782,31.462
1764724081.953212,4045,256,1764724081.921776,31.436
1764724081.958278,4046,256,1764724081.926785,31.493
1764724081.963319,4047,256,1764724081.931829,31.490
1764724081.968421,4048,256,1764724081.936849,31.572
1764724081.973231,4049,256,1764724081.941786,31.445
1764724081.978193,4050,256,1764724081.946785,31.408
1764724081.983211,4051,256,1764724081.951790,31.421
1764724081.988233,4052,256,1764724081.956786,31.447
1764724081.993248,4053,256,1764724081.961808,31.440
1764724081.998270,4054,256,1764724081.966787,31.483
1764724082.003307,4055,256,1764724081.971815,31.492
1764724082.008364,4056,256,1764724081.976911,31.453
1764724082.013247,4057,256,1764724081.981820,31.428
1764724082.018319,4058,256,1764724081.986785,31.534
1764724082.023295,4059,256,1764724081.991822,31.473
1764724082.028456,4060,256,1764724081.996925,31.531
1764724082.033310,4061,256,1764724082.001829,31.481
1764724082.038305,4062,256,1764724082.006791,31.514
1764724082.043417,4063,256,1764724082.011775,31.643
1764724082.048363,4064,256,1764724082.016788,31.575
1764724082.053291,4065,256,1764724082.021813,31.478
1764724082.058312,4066,256,1764724082.026782,31.531
1764724082.063406,4067,256,1764724082.031815,31.591
1764724082.068454,4068,256,1764724082.036809,31.644
1764724082.073233,4069,256,1764724082.041787,31.446
1764724082.078354,4070,256,1764724082.046814,31.540
1764724082.083342,4071,256,1764724082.051822,31.521
1764724082.088293,4072,256,1764724082.056823,31.470
1764724082.093385,4073,256,1764724082.061880,31.504
1764724082.098286,4074,256,1764724082.066806,31.480
1764724082.103297,4075,256,1764724082.071787,31.510
1764724082.108212,4076,256,1764724082.076783,31.430
1764724082.113255,4077,256,1764724082.081781,31.474
1764724082.118275,4078,256,1764724082.086790,31.485
1764724082.123243,4079,256,1764724082.091795,31.448
1764724082.128270,4080,256,1764724082.096815,31.455
1764724082.133271,4081,256,1764724082.101837,31.434
1764724082.138237,4082,256,1764724082.106784,31.453
1764724082.143191,4083,256,1764724082.111778,31.414
1764724082.148251,4084,256,1764724082.116789,31.461
1764724082.153253,4085,256,1764724082.121783,31.470
1764724082.158290,4086,256,1764724082.126854,31.437
1764724082.163240,4087,256,1764724082.131789,31.451
1764724082.168355,4088,256,1764724082.136796,31.559
1764724082.173254,4089,256,1764724082.141793,31.461
1764724082.178317,4090,256,1764724082.146797,31.519
1764724082.183288,4091,256,1764724082.151799,31.489
1764724082.188265,4092,256,1764724082.156789,31.476
1764724082.193292,4093,256,1764724082.161778,31.514
1764724082.198352,4094,256,1764724082.166796,31.556
1764724082.203324,4095,256,1764724082.171790,31.534
1764724082.208276,4096,256,1764724082.176786,31.490
1764724082.213263,4097,256,1764724082.181785,31.479
1764724082.218323,4098,256,1764724082.186789,31.533
1764724082.223243,4099,256,1764724082.191780,31.462
1764724082.228211,4100,256,1764724082.196792,31.420
1764724082.233265,4101,256,1764724082.201796,31.469
1764724082.238252,4102,256,1764724082.206788,31.464
1764724082.243305,4103,256,1764724082.211816,31.489
1764724082.248235,4104,256,1764724082.216786,31.450
1764724082.253432,4105,256,1764724082.221798,31.634
1764724082.258312,4106,256,1764724082.226790,31.522
1764724082.263274,4107,256,1764724082.231802,31.471
1764724082.268297,4108,256,1764724082.236786,31.511
1764724082.273318,4109,256,1764724082.241791,31.527
1764724082.278372,4110,256,1764724082.246787,31.585
1764724082.283284,4111,256,1764724082.251794,31.490
1764724082.288273,4112,256,1764724082.256799,31.474
1764724082.293198,4113,256,1764724082.261754,31.444
1764724082.298267,4114,256,1764724082.266790,31.477
1764724082.303417,4115,256,1764724082.271802,31.614
1764724082.308270,4116,256,1764724082.276782,31.488
1764724082.313200,4117,256,1764724082.281774,31.426
1764724082.318336,4118,256,1764724082.286847,31.488
1764724082.323356,4119,256,1764724082.291848,31.508
1764724082.328369,4120,256,1764724082.296864,31.505
1764724082.333396,4121,256,1764724082.301891,31.505
1764724082.338269,4122,256,1764724082.306786,31.483
1764724082.343248,4123,256,1764724082.311837,31.411
1764724082.348268,4124,256,1764724082.316801,31.467
1764724082.353261,4125,256,1764724082.321781,31.480
1764724082.358316,4126,256,1764724082.326788,31.528
1764724082.363171,4127,256,1764724082.331770,31.400
1764724082.368268,4128,256,1764724082.336790,31.478
1764724082.373230,4129,256,1764724082.341781,31.449
1764724082.378211,4130,256,1764724082.346793,31.419
1764724082.383284,4131,256,1764724082.351803,31.480
1764724082.388247,4132,256,1764724082.356791,31.457
1764724082.393249,4133,256,1764724082.361790,31.458
1764724082.398213,4134,256,1764724082.366807,31.405
1764724082.403248,4135,256,1764724082.371792,31.456
1764724082.408402,4136,256,1764724082.376779,31.623
1764724082.413311,4137,256,1764724082.381781,31.529
1764724082.418239,4138,256,1764724082.386798,31.441
1764724082.423289,4139,256,1764724082.391827,31.461
1764724082.428330,4140,256,1764724082.396860,31.470
1764724082.433243,4141,256,1764724082.401806,31.437
1764724082.438229,4142,256,1764724082.406790,31.439
1764724082.443211,4143,256,1764724082.411812,31.399
1764724082.448301,4144,256,1764724082.416815,31.486
1764724082.453248,4145,256,1764724082.421793,31.455
1764724082.458297,4146,256,1764724082.426849,31.448
1764724082.463249,4147,256,1764724082.431798,31.452
1764724082.468261,4148,256,1764724082.436800,31.462
1764724082.473459,4149,256,1764724082.441938,31.522
1764724082.478346,4150,256,1764724082.446859,31.487
1764724082.483294,4151,256,1764724082.451812,31.482
1764724082.488265,4152,256,1764724082.456806,31.459
1764724082.493454,4153,256,1764724082.461940,31.514
1764724082.498347,4154,256,1764724082.466811,31.536
1764724082.503289,4155,256,1764724082.471807,31.482
1764724082.508313,4156,256,1764724082.476844,31.469
1764724082.513390,4157,256,1764724082.481854,31.535
1764724082.518364,4158,256,1764724082.486860,31.505
1764724082.523303,4159,256,1764724082.491800,31.503
1764724082.528320,4160,256,1764724082.496868,31.452
1764724082.533323,4161,256,1764724082.501817,31.506
1764724082.538309,4162,256,1764724082.506794,31.515
1764724082.543286,4163,256,1764724082.511835,31.451
1764724082.548294,4164,256,1764724082.516802,31.491
1764724082.553417,4165,256,1764724082.521783,31.634
1764724082.558264,4166,256,1764724082.526797,31.467
1764724082.563359,4167,256,1764724082.531799,31.560
1764724082.568310,4168,256,1764724082.536838,31.472
1764724082.573285,4169,256,1764724082.541797,31.488
1764724082.578306,4170,256,1764724082.546820,31.486
1764724082.583326,4171,256,1764724082.551801,31.524
1764724082.588213,4172,256,1764724082.556794,31.419
1764724082.593266,4173,256,1764724082.561799,31.467
1764724082.598312,4174,256,1764724082.566818,31.494
1764724082.603303,4175,256,1764724082.571810,31.494
1764724082.608208,4176,256,1764724082.576797,31.411
1764724082.613250,4177,256,1764724082.581802,31.448
1764724082.618298,4178,256,1764724082.586806,31.492
1764724082.623207,4179,256,1764724082.591798,31.408
1764724082.628231,4180,256,1764724082.596803,31.428
1764724082.633311,4181,256,1764724082.601816,31.494
1764724082.638241,4182,256,1764724082.606794,31.447
1764724082.643207,4183,256,1764724082.611796,31.411
1764724082.648243,4184,256,1764724082.616802,31.441
1764724082.653303,4185,256,1764724082.621798,31.505
1764724082.658234,4186,256,1764724082.626800,31.433
1764724082.663263,4187,256,1764724082.631790,31.473
1764724082.668363,4188,256,1764724082.636811,31.553
1764724082.673257,4189,256,1764724082.641813,31.444
1764724082.678214,4190,256,1764724082.646796,31.418
1764724082.683283,4191,256,1764724082.651811,31.472
1764724082.688244,4192,256,1764724082.656793,31.451
1764724082.693249,4193,256,1764724082.661786,31.463
1764724082.698260,4194,256,1764724082.666800,31.460
1764724082.703256,4195,256,1764724082.671795,31.461
1764724082.708325,4196,256,1764724082.676814,31.511
1764724082.713249,4197,256,1764724082.681819,31.430
1764724082.718460,4198,256,1764724082.686857,31.603
1764724082.723258,4199,256,1764724082.691790,31.467
1764724082.728643,4200,256,1764724082.696868,31.775
1764724082.733308,4201,256,1764724082.701807,31.501
1764724082.738685,4202,256,1764724082.706803,31.882
1764724082.743424,4203,256,1764724082.711793,31.631
1764724082.748400,4204,256,1764724082.716862,31.538
1764724082.753263,4205,256,1764724082.721839,31.423
1764724082.758320,4206,256,1764724082.726800,31.520
1764724082.763331,4207,256,1764724082.731797,31.534
1764724082.768431,4208,256,1764724082.736816,31.615
1764724082.773971,4209,256,1764724082.741800,32.171
1764724082.778298,4210,256,1764724082.746866,31.432
1764724082.783310,4211,256,1764724082.751806,31.504
1764724082.788213,4212,256,1764724082.756799,31.414
1764724082.793249,4213,256,1764724082.761804,31.445
1764724082.798316,4214,256,1764724082.766837,31.480
1764724082.803363,4215,256,1764724082.771837,31.526
1764724082.808238,4216,256,1764724082.776830,31.409
1764724082.813277,4217,256,1764724082.781807,31.471
1764724082.818293,4218,256,1764724082.786831,31.462
1764724082.823249,4219,256,1764724082.791809,31.440
1764724082.828291,4220,256,1764724082.796800,31.491
1764724082.833275,4221,256,1764724082.801819,31.456
1764724082.838262,4222,256,1764724082.806804,31.458
1764724082.843305,4223,256,1764724082.811807,31.498
1764724082.848354,4224,256,1764724082.816824,31.530
1764724082.853350,4225,256,1764724082.821833,31.517
1764724082.858347,4226,256,1764724082.826814,31.533
1764724082.863389,4227,256,1764724082.831863,31.526
1764724082.868307,4228,256,1764724082.836818,31.489
1764724082.873350,4229,256,1764724082.841874,31.476
1764724082.878290,4230,256,1764724082.846802,31.488
1764724082.883396,4231,256,1764724082.851801,31.595
1764724082.888250,4232,256,1764724082.856799,31.451
1764724082.893271,4233,256,1764724082.861814,31.458
1764724082.898259,4234,256,1764724082.866807,31.452
1764724082.903382,4235,256,1764724082.871840,31.542
1764724082.908395,4236,256,1764724082.876791,31.603
1764724082.913186,4237,256,1764724082.881793,31.393
1764724082.918310,4238,256,1764724082.886849,31.461
1764724082.923297,4239,256,1764724082.891870,31.427
1764724082.928267,4240,256,1764724082.896803,31.463
1764724082.933326,4241,256,1764724082.901794,31.532
1764724082.938310,4242,256,1764724082.906791,31.519
1764724082.943314,4243,256,1764724082.911793,31.521
1764724082.948316,4244,256,1764724082.916792,31.523
1764724082.953208,4245,256,1764724082.921790,31.418
1764724082.958241,4246,256,1764724082.926791,31.450
1764724082.963260,4247,256,1764724082.931834,31.427
1764724082.968499,4248,256,1764724082.936883,31.616
1764724082.973300,4249,256,1764724082.941793,31.507
1764724082.978190,4250,256,1764724082.946788,31.403
1764724082.983233,4251,256,1764724082.951795,31.438
1764724082.988283,4252,256,1764724082.956814,31.469
1764724082.993239,4253,256,1764724082.961795,31.444
1764724082.998261,4254,256,1764724082.966792,31.469
1764724083.003250,4255,256,1764724082.971797,31.454
1764724083.008364,4256,256,1764724082.976800,31.564
1764724083.013267,4257,256,1764724082.981792,31.475
1764724083.018301,4258,256,1764724082.986792,31.509
1764724083.023279,4259,256,1764724082.991834,31.445
1764724083.028251,4260,256,1764724082.996796,31.455
1764724083.033186,4261,256,1764724083.001792,31.394
1764724083.038131,4262,256,1764724083.006783,31.348
1764724083.043252,4263,256,1764724083.011783,31.469
1764724083.048366,4264,256,1764724083.016831,31.535
1764724083.053198,4265,256,1764724083.021812,31.387
1764724083.058277,4266,256,1764724083.026849,31.428
1764724083.063354,4267,256,1764724083.031817,31.536
1764724083.068284,4268,256,1764724083.036819,31.465
1764724083.073448,4269,256,1764724083.041867,31.581
1764724083.078287,4270,256,1764724083.046828,31.460
1764724083.083299,4271,256,1764724083.051844,31.455
1764724083.088480,4272,256,1764724083.056902,31.579
1764724083.093341,4273,256,1764724083.061835,31.506
1764724083.098177,4274,256,1764724083.066785,31.392
1764724083.103244,4275,256,1764724083.071805,31.439
1764724083.108213,4276,256,1764724083.076811,31.403
1764724083.113268,4277,256,1764724083.081802,31.466
1764724083.118313,4278,256,1764724083.086854,31.459
1764724083.123286,4279,256,1764724083.091801,31.485
1764724083.128350,4280,256,1764724083.096803,31.547
1764724083.133474,4281,256,1764724083.101795,31.679
1764724083.138280,4282,256,1764724083.106824,31.456
1764724083.143435,4283,256,1764724083.111804,31.630
1764724083.148360,4284,256,1764724083.116888,31.471
1764724083.153353,4285,256,1764724083.121902,31.452
1764724083.158274,4286,256,1764724083.126873,31.400
1764724083.163411,4287,256,1764724083.131945,31.466
1764724083.168333,4288,256,1764724083.136890,31.443
1764724083.173398,4289,256,1764724083.141855,31.543
1764724083.178311,4290,256,1764724083.146807,31.504
1764724083.183199,4291,256,1764724083.151794,31.405
1764724083.188197,4292,256,1764724083.156793,31.404
1764724083.193164,4293,256,1764724083.161793,31.371
1764724083.198213,4294,256,1764724083.166801,31.413
1764724083.203198,4295,256,1764724083.171794,31.404
1764724083.208200,4296,256,1764724083.176800,31.400
1764724083.213233,4297,256,1764724083.181776,31.457
1764724083.218209,4298,256,1764724083.186801,31.408
1764724083.223416,4299,256,1764724083.191811,31.605
1764724083.228264,4300,256,1764724083.196810,31.454
1764724083.233338,4301,256,1764724083.201812,31.526
1764724083.238263,4302,256,1764724083.206809,31.454
1764724083.243260,4303,256,1764724083.211807,31.452
1764724083.248379,4304,256,1764724083.216817,31.562
1764724083.253237,4305,256,1764724083.221801,31.436
1764724083.258316,4306,256,1764724083.226853,31.463
1764724083.263264,4307,256,1764724083.231857,31.407
1764724083.268307,4308,256,1764724083.236870,31.437
1764724083.273188,4309,256,1764724083.241811,31.377
1764724083.278176,4310,256,1764724083.246810,31.366
1764724083.283206,4311,256,1764724083.251813,31.393
1764724083.288171,4312,256,1764724083.256808,31.363
1764724083.293187,4313,256,1764724083.261805,31.383
1764724083.298259,4314,256,1764724083.266800,31.460
1764724083.303267,4315,256,1764724083.271816,31.450
1764724083.308265,4316,256,1764724083.276809,31.456
1764724083.313264,4317,256,1764724083.281826,31.438
1764724083.318253,4318,256,1764724083.286796,31.457
1764724083.323212,4319,256,1764724083.291812,31.400
1764724083.328244,4320,256,1764724083.296806,31.438
1764724083.333226,4321,256,1764724083.301818,31.408
1764724083.338238,4322,256,1764724083.306847,31.391
1764724083.343235,4323,256,1764724083.311846,31.389
1764724083.348340,4324,256,1764724083.316800,31.539
1764724083.353229,4325,256,1764724083.321842,31.386
1764724083.358259,4326,256,1764724083.326810,31.449
1764724083.363287,4327,256,1764724083.331802,31.486
1764724083.368176,4328,256,1764724083.336815,31.361
1764724083.373147,4329,256,1764724083.341805,31.342
1764724083.378256,4330,256,1764724083.346805,31.451
1764724083.383251,4331,256,1764724083.351791,31.460
1764724083.388191,4332,256,1764724083.356807,31.385
1764724083.393170,4333,256,1764724083.361805,31.365
1764724083.398169,4334,256,1764724083.366789,31.380
1764724083.403161,4335,256,1764724083.371806,31.354
1764724083.408271,4336,256,1764724083.376805,31.466
1764724083.413267,4337,256,1764724083.381793,31.475
1764724083.418252,4338,256,1764724083.386812,31.440
1764724083.423168,4339,256,1764724083.391814,31.354
1764724083.428318,4340,256,1764724083.396809,31.509
1764724083.433133,4341,256,1764724083.401809,31.324
1764724083.438152,4342,256,1764724083.406798,31.354
1764724083.443177,4343,256,1764724083.411808,31.369
1764724083.448173,4344,256,1764724083.416803,31.370
1764724083.453150,4345,256,1764724083.421806,31.344
1764724083.458147,4346,256,1764724083.426785,31.363
1764724083.463127,4347,256,1764724083.431790,31.337
1764724083.468150,4348,256,1764724083.436795,31.355
1764724083.473188,4349,256,1764724083.441795,31.393
1764724083.478243,4350,256,1764724083.446811,31.432
1764724083.483268,4351,256,1764724083.451824,31.445
1764724083.488201,4352,256,1764724083.456793,31.408
1764724083.493150,4353,256,1764724083.461794,31.356
1764724083.498312,4354,256,1764724083.466796,31.516
1764724083.503137,4355,256,1764724083.471796,31.341
1764724083.508121,4356,256,1764724083.476795,31.326
1764724083.513261,4357,256,1764724083.481798,31.462
1764724083.518153,4358,256,1764724083.486797,31.357
1764724083.523123,4359,256,1764724083.491793,31.330
1764724083.528135,4360,256,1764724083.496792,31.343
1764724083.533178,4361,256,1764724083.501812,31.366
1764724083.538120,4362,256,1764724083.506794,31.326
1764724083.543157,4363,256,1764724083.511789,31.368
1764724083.548196,4364,256,1764724083.516811,31.385
1764724083.553262,4365,256,1764724083.521806,31.456
1764724083.558259,4366,256,1764724083.526816,31.442
1764724083.563323,4367,256,1764724083.531797,31.526
1764724083.568317,4368,256,1764724083.536813,31.504
1764724083.573347,4369,256,1764724083.541820,31.527
1764724083.578252,4370,256,1764724083.546830,31.422
1764724083.583381,4371,256,1764724083.551842,31.539
1764724083.588269,4372,256,1764724083.556807,31.462
1764724083.593288,4373,256,1764724083.561801,31.487
1764724083.598433,4374,256,1764724083.566825,31.608
1764724083.603313,4375,256,1764724083.571805,31.508
1764724083.608321,4376,256,1764724083.576827,31.494
1764724083.613313,4377,256,1764724083.581796,31.517
1764724083.618205,4378,256,1764724083.586800,31.405
1764724083.623407,4379,256,1764724083.591804,31.603
1764724083.628356,4380,256,1764724083.596824,31.532
1764724083.633413,4381,256,1764724083.601836,31.577
1764724083.638473,4382,256,1764724083.606858,31.615
1764724083.643385,4383,256,1764724083.611819,31.565
1764724083.648464,4384,256,1764724083.616829,31.636
1764724083.653183,4385,256,1764724083.621814,31.370
1764724083.658273,4386,256,1764724083.626796,31.477
1764724083.663401,4387,256,1764724083.631793,31.608
1764724083.668742,4388,256,1764724083.636803,31.939
1764724083.673404,4389,256,1764724083.641836,31.568
1764724083.678394,4390,256,1764724083.646800,31.594
1764724083.683449,4391,256,1764724083.651818,31.631
1764724083.688351,4392,256,1764724083.656821,31.530
1764724083.693463,4393,256,1764724083.661843,31.620
1764724083.698369,4394,256,1764724083.666806,31.563
1764724083.703290,4395,256,1764724083.671819,31.471
1764724083.708304,4396,256,1764724083.676804,31.500
1764724083.713413,4397,256,1764724083.681813,31.599
1764724083.718529,4398,256,1764724083.686828,31.701
1764724083.723517,4399,256,1764724083.691810,31.707
1764724083.728330,4400,256,1764724083.696804,31.526
1764724083.733329,4401,256,1764724083.701826,31.502
1764724083.738317,4402,256,1764724083.706815,31.502
1764724083.743195,4403,256,1764724083.711816,31.379
1764724083.748172,4404,256,1764724083.716803,31.369
1764724083.753392,4405,256,1764724083.721817,31.575
1764724083.758338,4406,256,1764724083.726804,31.533
1764724083.763298,4407,256,1764724083.731815,31.483
1764724083.768203,4408,256,1764724083.736800,31.403
1764724083.773186,4409,256,1764724083.741796,31.389
1764724083.778247,4410,256,1764724083.746808,31.439
1764724083.783435,4411,256,1764724083.751810,31.625
1764724083.788355,4412,256,1764724083.756799,31.556
1764724083.793371,4413,256,1764724083.761800,31.570
1764724083.798372,4414,256,1764724083.766824,31.548
1764724083.803355,4415,256,1764724083.771836,31.520
1764724083.808466,4416,256,1764724083.776967,31.499
1764724083.813399,4417,256,1764724083.781916,31.483
1764724083.818393,4418,256,1764724083.786927,31.466
1764724083.823508,4419,256,1764724083.791839,31.669
1764724083.828330,4420,256,1764724083.796822,31.508
1764724083.833332,4421,256,1764724083.801818,31.514
1764724083.838341,4422,256,1764724083.806822,31.520
1764724083.843284,4423,256,1764724083.811818,31.466
1764724083.848310,4424,256,1764724083.816812,31.498
1764724083.853280,4425,256,1764724083.821862,31.418
1764724083.858351,4426,256,1764724083.826860,31.491
1764724083.863316,4427,256,1764724083.831825,31.491
1764724083.868343,4428,256,1764724083.836869,31.475
1764724083.873456,4429,256,1764724083.841830,31.627
1764724083.878335,4430,256,1764724083.846832,31.503
1764724083.883321,4431,256,1764724083.851828,31.493
1764724083.888627,4432,256,1764724083.856875,31.752
1764724083.893272,4433,256,1764724083.861866,31.406
1764724083.898360,4434,256,1764724083.866870,31.490
1764724083.903270,4435,256,1764724083.871818,31.452
1764724083.908288,4436,256,1764724083.876811,31.478
1764724083.913374,4437,256,1764724083.881820,31.555
1764724083.918338,4438,256,1764724083.886904,31.433
1764724083.923339,4439,256,1764724083.891882,31.457
1764724083.928291,4440,256,1764724083.896868,31.423
1764724083.933462,4441,256,1764724083.901869,31.593
1764724083.938276,4442,256,1764724083.906817,31.459
1764724083.943267,4443,256,1764724083.911815,31.451
1764724083.948366,4444,256,1764724083.916866,31.500
1764724083.953328,4445,256,1764724083.921858,31.470
1764724083.958360,4446,256,1764724083.926880,31.481
1764724083.963331,4447,256,1764724083.931877,31.454
1764724083.968399,4448,256,1764724083.936819,31.580
1764724083.973302,4449,256,1764724083.941820,31.483
1764724083.978384,4450,256,1764724083.946827,31.557
1764724083.983366,4451,256,1764724083.951827,31.538
1764724083.988342,4452,256,1764724083.956834,31.508
1764724083.993417,4453,256,1764724083.961866,31.550
1764724083.998351,4454,256,1764724083.966840,31.511
1764724084.003258,4455,256,1764724083.971822,31.436
1764724084.008326,4456,256,1764724083.976810,31.516
1764724084.013330,4457,256,1764724083.981812,31.517
1764724084.018398,4458,256,1764724083.986819,31.580
1764724084.023304,4459,256,1764724083.991867,31.437
1764724084.028292,4460,256,1764724083.996825,31.467
1764724084.033374,4461,256,1764724084.001824,31.551
1764724084.038260,4462,256,1764724084.006820,31.440
1764724084.043292,4463,256,1764724084.011828,31.464
1764724084.048281,4464,256,1764724084.016824,31.457
1764724084.053351,4465,256,1764724084.021862,31.489
1764724084.058475,4466,256,1764724084.026834,31.641
1764724084.063305,4467,256,1764724084.031831,31.474
1764724084.068316,4468,256,1764724084.036827,31.489
1764724084.073459,4469,256,1764724084.041886,31.573
1764724084.078445,4470,256,1764724084.046822,31.623
1764724084.083335,4471,256,1764724084.051891,31.445
1764724084.088433,4472,256,1764724084.056946,31.487
1764724084.093303,4473,256,1764724084.061856,31.447
1764724084.098317,4474,256,1764724084.066843,31.474
1764724084.103351,4475,256,1764724084.071917,31.434
1764724084.108366,4476,256,1764724084.076830,31.535
1764724084.113355,4477,256,1764724084.081860,31.495
1764724084.118333,4478,256,1764724084.086854,31.479
1764724084.123299,4479,256,1764724084.091839,31.460
1764724084.128304,4480,256,1764724084.096823,31.481
1764724084.133342,4481,256,1764724084.101830,31.512
1764724084.138348,4482,256,1764724084.106827,31.521
1764724084.143334,4483,256,1764724084.111839,31.495
1764724084.148325,4484,256,1764724084.116850,31.475
1764724084.153286,4485,256,1764724084.121826,31.460
1764724084.158365,4486,256,1764724084.126826,31.539
1764724084.163500,4487,256,1764724084.131830,31.670
1764724084.168401,4488,256,1764724084.136870,31.531
1764724084.173461,4489,256,1764724084.141831,31.630
1764724084.178579,4490,256,1764724084.146915,31.664
1764724084.183466,4491,256,1764724084.151832,31.635
1764724084.188496,4492,256,1764724084.156838,31.657
1764724084.193485,4493,256,1764724084.161899,31.587
1764724084.198460,4494,256,1764724084.166872,31.589
1764724084.203367,4495,256,1764724084.171859,31.509
1764724084.208318,4496,256,1764724084.176856,31.462
1764724084.213336,4497,256,1764724084.181841,31.495
1764724084.218350,4498,256,1764724084.186872,31.478
1764724084.223359,4499,256,1764724084.191835,31.524
1764724084.228245,4500,256,1764724084.196827,31.418
1764724084.233326,4501,256,1764724084.201888,31.438
1764724084.238335,4502,256,1764724084.206828,31.507
1764724084.243417,4503,256,1764724084.211832,31.585
1764724084.248456,4504,256,1764724084.216848,31.608
1764724084.253676,4505,256,1764724084.221823,31.853
1764724084.258410,4506,256,1764724084.226852,31.558
1764724084.263292,4507,256,1764724084.231819,31.472
1764724084.268376,4508,256,1764724084.236874,31.502
1764724084.273345,4509,256,1764724084.241861,31.484
1764724084.278495,4510,256,1764724084.246989,31.506
1764724084.283369,4511,256,1764724084.251876,31.493
1764724084.288303,4512,256,1764724084.256824,31.479
1764724084.293281,4513,256,1764724084.261829,31.453
1764724084.298306,4514,256,1764724084.266848,31.458
1764724084.303355,4515,256,1764724084.271830,31.525
1764724084.308426,4516,256,1764724084.276880,31.546
1764724084.313350,4517,256,1764724084.281837,31.514
1764724084.318547,4518,256,1764724084.286883,31.663
1764724084.323503,4519,256,1764724084.291873,31.630
1764724084.328531,4520,256,1764724084.296914,31.616
1764724084.333672,4521,256,1764724084.301833,31.840
1764724084.338555,4522,256,1764724084.306842,31.713
1764724084.343315,4523,256,1764724084.311820,31.495
1764724084.348434,4524,256,1764724084.316941,31.494
1764724084.353264,4525,256,1764724084.321832,31.432
1764724084.358315,4526,256,1764724084.326834,31.481
1764724084.363264,4527,256,1764724084.331813,31.451
1764724084.368228,4528,256,1764724084.336811,31.417
1764724084.373291,4529,256,1764724084.341827,31.463
1764724084.378265,4530,256,1764724084.346889,31.376
1764724084.383337,4531,256,1764724084.351831,31.506
1764724084.388319,4532,256,1764724084.356853,31.466
1764724084.393293,4533,256,1764724084.361826,31.468
1764724084.398300,4534,256,1764724084.366883,31.417
1764724084.403300,4535,256,1764724084.371844,31.456
1764724084.408349,4536,256,1764724084.376843,31.506
1764724084.413349,4537,256,1764724084.381884,31.465
1764724084.418314,4538,256,1764724084.386852,31.461
1764724084.423279,4539,256,1764724084.391892,31.387
1764724084.428271,4540,256,1764724084.396828,31.443
1764724084.433244,4541,256,1764724084.401823,31.422
1764724084.438312,4542,256,1764724084.406832,31.480
1764724084.443380,4543,256,1764724084.411843,31.537
1764724084.448375,4544,256,1764724084.416850,31.525
1764724084.453192,4545,256,1764724084.421823,31.369
1764724084.458293,4546,256,1764724084.426824,31.470
1764724084.463297,4547,256,1764724084.431825,31.471
1764724084.468285,4548,256,1764724084.436829,31.456
1764724084.473334,4549,256,1764724084.441822,31.512
1764724084.478335,4550,256,1764724084.446824,31.511
1764724084.483365,4551,256,1764724084.451783,31.582
1764724084.488290,4552,256,1764724084.456826,31.464
1764724084.493406,4553,256,1764724084.461819,31.587
1764724084.498389,4554,256,1764724084.466828,31.560
1764724084.503323,4555,256,1764724084.471822,31.501
1764724084.508378,4556,256,1764724084.476826,31.552
1764724084.513404,4557,256,1764724084.481830,31.574
1764724084.518310,4558,256,1764724084.486835,31.474
1764724084.523278,4559,256,1764724084.491802,31.476
1764724084.528268,4560,256,1764724084.496837,31.431
1764724084.533297,4561,256,1764724084.501822,31.476
1764724084.538234,4562,256,1764724084.506829,31.405
1764724084.543320,4563,256,1764724084.511830,31.490
1764724084.548225,4564,256,1764724084.516822,31.403
1764724084.553229,4565,256,1764724084.521820,31.409
1764724084.558194,4566,256,1764724084.526818,31.376
1764724084.563184,4567,256,1764724084.531820,31.363
1764724084.568269,4568,256,1764724084.536840,31.429
1764724084.573212,4569,256,1764724084.541837,31.375
1764724084.578199,4570,256,1764724084.546828,31.371
1764724084.583275,4571,256,1764724084.551841,31.434
1764724084.588204,4572,256,1764724084.556832,31.371
1764724084.593201,4573,256,1764724084.561831,31.370
1764724084.598232,4574,256,1764724084.566828,31.404
1764724084.603310,4575,256,1764724084.571819,31.491
1764724084.608345,4576,256,1764724084.576821,31.524
1764724084.613337,4577,256,1764724084.581820,31.517
1764724084.618371,4578,256,1764724084.586829,31.542
1764724084.623266,4579,256,1764724084.591834,31.433
1764724084.628381,4580,256,1764724084.596843,31.539
1764724084.633377,4581,256,1764724084.601851,31.526
1764724084.638335,4582,256,1764724084.606848,31.487
1764724084.643277,4583,256,1764724084.611846,31.430
1764724084.648387,4584,256,1764724084.616874,31.513
1764724084.653306,4585,256,1764724084.621834,31.472
1764724084.658351,4586,256,1764724084.626848,31.504
1764724084.663383,4587,256,1764724084.631868,31.515
1764724084.668287,4588,256,1764724084.636835,31.452
1764724084.673289,4589,256,1764724084.641840,31.449
1764724084.678389,4590,256,1764724084.646857,31.532
1764724084.683370,4591,256,1764724084.651853,31.517
1764724084.688390,4592,256,1764724084.656883,31.506
1764724084.693324,4593,256,1764724084.661840,31.484
1764724084.698427,4594,256,1764724084.666895,31.531
1764724084.703347,4595,256,1764724084.671884,31.463
1764724084.708556,4596,256,1764724084.677061,31.495
1764724084.713342,4597,256,1764724084.681847,31.495
1764724084.718269,4598,256,1764724084.686834,31.435
1764724084.723242,4599,256,1764724084.691830,31.412
1764724084.728247,4600,256,1764724084.696839,31.408
1764724084.733334,4601,256,1764724084.701838,31.497
1764724084.738275,4602,256,1764724084.706838,31.436
1764724084.743252,4603,256,1764724084.711844,31.408
1764724084.748264,4604,256,1764724084.716882,31.381
1764724084.753233,4605,256,1764724084.721845,31.388
1764724084.758291,4606,256,1764724084.726846,31.445
1764724084.763289,4607,256,1764724084.731855,31.434
1764724084.768280,4608,256,1764724084.736844,31.435
1764724084.773233,4609,256,1764724084.741835,31.398
1764724084.778244,4610,256,1764724084.746818,31.426
1764724084.783283,4611,256,1764724084.751838,31.445
1764724084.788264,4612,256,1764724084.756826,31.438
1764724084.793210,4613,256,1764724084.761831,31.379
1764724084.798331,4614,256,1764724084.766848,31.484
1764724084.803387,4615,256,1764724084.771885,31.502
1764724084.808366,4616,256,1764724084.776852,31.514
1764724084.813301,4617,256,1764724084.781841,31.461
1764724084.818316,4618,256,1764724084.786837,31.479
1764724084.823335,4619,256,1764724084.791877,31.458
1764724084.828314,4620,256,1764724084.796893,31.421
1764724084.833395,4621,256,1764724084.801936,31.459
1764724084.838302,4622,256,1764724084.806834,31.468
1764724084.843283,4623,256,1764724084.811835,31.448
1764724084.848375,4624,256,1764724084.816876,31.499
1764724084.853263,4625,256,1764724084.821834,31.429
1764724084.858288,4626,256,1764724084.826831,31.456
1764724084.863200,4627,256,1764724084.831841,31.359
1764724084.868226,4628,256,1764724084.836841,31.386
1764724084.873283,4629,256,1764724084.841855,31.428
1764724084.878227,4630,256,1764724084.846832,31.395
1764724084.883204,4631,256,1764724084.851822,31.382
1764724084.888252,4632,256,1764724084.856837,31.415
1764724084.893193,4633,256,1764724084.861825,31.368
1764724084.898200,4634,256,1764724084.866827,31.373
1764724084.903236,4635,256,1764724084.871846,31.390
1764724084.908250,4636,256,1764724084.876829,31.421
1764724084.913336,4637,256,1764724084.881829,31.507
1764724084.918272,4638,256,1764724084.886826,31.446
1764724084.923321,4639,256,1764724084.891821,31.499
1764724084.928314,4640,256,1764724084.896837,31.477
1764724084.933403,4641,256,1764724084.901858,31.545
1764724084.938403,4642,256,1764724084.906863,31.539
1764724084.943399,4643,256,1764724084.911851,31.548
1764724084.948375,4644,256,1764724084.916829,31.546
1764724084.953264,4645,256,1764724084.921825,31.440
1764724084.958404,4646,256,1764724084.926840,31.564
1764724084.963308,4647,256,1764724084.931859,31.449
1764724084.968427,4648,256,1764724084.936842,31.585
1764724084.973368,4649,256,1764724084.941864,31.504
1764724084.978392,4650,256,1764724084.946863,31.529
1764724084.983464,4651,256,1764724084.951864,31.599
1764724084.988317,4652,256,1764724084.956848,31.469
1764724084.993410,4653,256,1764724084.961857,31.553
1764724084.998314,4654,256,1764724084.966862,31.452
1764724085.003253,4655,256,1764724084.971841,31.412
1764724085.008543,4656,256,1764724084.976852,31.692
1764724085.013245,4657,256,1764724084.981829,31.415
1764724085.018262,4658,256,1764724084.986825,31.436
1764724085.023285,4659,256,1764724084.991838,31.446
1764724085.028253,4660,256,1764724084.996847,31.406
1764724085.033311,4661,256,1764724085.001831,31.480
1764724085.038312,4662,256,1764724085.006849,31.463
1764724085.043232,4663,256,1764724085.011846,31.387
1764724085.048246,4664,256,1764724085.016845,31.401
1764724085.053358,4665,256,1764724085.021877,31.481
1764724085.058393,4666,256,1764724085.026853,31.539
1764724085.063380,4667,256,1764724085.031873,31.507
1764724085.068347,4668,256,1764724085.036855,31.492
1764724085.073376,4669,256,1764724085.041854,31.521
1764724085.078412,4670,256,1764724085.046848,31.564
1764724085.083384,4671,256,1764724085.051860,31.523
1764724085.088373,4672,256,1764724085.056859,31.514
1764724085.093362,4673,256,1764724085.061864,31.498
1764724085.098388,4674,256,1764724085.066849,31.540
1764724085.103577,4675,256,1764724085.072016,31.562
1764724085.108356,4676,256,1764724085.076854,31.502
1764724085.113360,4677,256,1764724085.081850,31.510
1764724085.118328,4678,256,1764724085.086847,31.481
1764724085.123323,4679,256,1764724085.091837,31.487
1764724085.128266,4680,256,1764724085.096839,31.427
1764724085.133333,4681,256,1764724085.101854,31.480
1764724085.138421,4682,256,1764724085.106905,31.516
1764724085.143370,4683,256,1764724085.111888,31.482
1764724085.148372,4684,256,1764724085.116850,31.522
1764724085.153331,4685,256,1764724085.121903,31.427
1764724085.158300,4686,256,1764724085.126892,31.408
1764724085.163306,4687,256,1764724085.131846,31.461
1764724085.168340,4688,256,1764724085.136860,31.480
1764724085.173322,4689,256,1764724085.141848,31.474
1764724085.178280,4690,256,1764724085.146843,31.436
1764724085.183307,4691,256,1764724085.151845,31.462
1764724085.188342,4692,256,1764724085.156836,31.506
1764724085.193310,4693,256,1764724085.161842,31.468
1764724085.198308,4694,256,1764724085.166851,31.457
1764724085.203306,4695,256,1764724085.171854,31.452
1764724085.208369,4696,256,1764724085.176854,31.515
1764724085.213371,4697,256,1764724085.181869,31.502
1764724085.218538,4698,256,1764724085.186854,31.684
1764724085.223476,4699,256,1764724085.191955,31.521
1764724085.228421,4700,256,1764724085.196904,31.517
1764724085.233312,4701,256,1764724085.201859,31.453
1764724085.238266,4702,256,1764724085.206852,31.414
1764724085.243655,4703,256,1764724085.212243,31.412
1764724085.248326,4704,256,1764724085.216844,31.482
1764724085.253257,4705,256,1764724085.221855,31.402
1764724085.258759,4706,256,1764724085.227234,31.525
1764724085.263376,4707,256,1764724085.231884,31.492
1764724085.268409,4708,256,1764724085.236852,31.557
1764724085.273327,4709,256,1764724085.241840,31.487
1764724085.278310,4710,256,1764724085.246841,31.469
1764724085.283302,4711,256,1764724085.251854,31.448
1764724085.288329,4712,256,1764724085.256893,31.435
1764724085.293286,4713,256,1764724085.261902,31.384
1764724085.298276,4714,256,1764724085.266849,31.428
1764724085.303307,4715,256,1764724085.271828,31.478
1764724085.308285,4716,256,1764724085.276850,31.435
1764724085.313267,4717,256,1764724085.281845,31.422
1764724085.318343,4718,256,1764724085.286840,31.503
1764724085.323313,4719,256,1764724085.291849,31.464
1764724085.328273,4720,256,1764724085.296849,31.424
1764724085.333306,4721,256,1764724085.301843,31.463
1764724085.338285,4722,256,1764724085.306839,31.446
1764724085.343361,4723,256,1764724085.311843,31.518
1764724085.348391,4724,256,1764724085.316895,31.495
1764724085.353365,4725,256,1764724085.321854,31.510
1764724085.358416,4726,256,1764724085.326888,31.528
1764724085.363342,4727,256,1764724085.331859,31.483
1764724085.368400,4728,256,1764724085.336854,31.546
1764724085.373259,4729,256,1764724085.341851,31.408
1764724085.378329,4730,256,1764724085.346864,31.465
1764724085.383307,4731,256,1764724085.351853,31.454
1764724085.388328,4732,256,1764724085.356894,31.433
1764724085.393307,4733,256,1764724085.361847,31.460
1764724085.398313,4734,256,1764724085.366869,31.444
1764724085.403297,4735,256,1764724085.371855,31.442
1764724085.408298,4736,256,1764724085.376851,31.447
1764724085.413349,4737,256,1764724085.381858,31.491
1764724085.418355,4738,256,1764724085.386845,31.510
1764724085.423329,4739,256,1764724085.391843,31.486
1764724085.428279,4740,256,1764724085.396849,31.430
1764724085.433345,4741,256,1764724085.401841,31.504
1764724085.438324,4742,256,1764724085.406852,31.472
1764724085.443381,4743,256,1764724085.411842,31.539
1764724085.448334,4744,256,1764724085.416859,31.475
1764724085.453367,4745,256,1764724085.421855,31.512
1764724085.458362,4746,256,1764724085.426848,31.513
1764724085.463366,4747,256,1764724085.431870,31.496
1764724085.468459,4748,256,1764724085.436862,31.597
1764724085.473306,4749,256,1764724085.441871,31.435
1764724085.478319,4750,256,1764724085.446869,31.450
1764724085.483274,4751,256,1764724085.451856,31.419
1764724085.488286,4752,256,1764724085.456856,31.431
1764724085.493473,4753,256,1764724085.461866,31.607
1764724085.498305,4754,256,1764724085.466872,31.433
1764724085.503304,4755,256,1764724085.471854,31.450
1764724085.508360,4756,256,1764724085.476866,31.494
1764724085.513310,4757,256,1764724085.481858,31.452
1764724085.518366,4758,256,1764724085.486865,31.501
1764724085.523329,4759,256,1764724085.491908,31.420
1764724085.528258,4760,256,1764724085.496852,31.407
1764724085.533322,4761,256,1764724085.501862,31.459
1764724085.538477,4762,256,1764724085.506902,31.575
1764724085.543340,4763,256,1764724085.511905,31.435
1764724085.548416,4764,256,1764724085.516866,31.549
1764724085.553393,4765,256,1764724085.521930,31.463
1764724085.558352,4766,256,1764724085.526854,31.498
1764724085.563347,4767,256,1764724085.531853,31.494
1764724085.568317,4768,256,1764724085.536858,31.459
1764724085.573424,4769,256,1764724085.541870,31.554
1764724085.578431,4770,256,1764724085.546859,31.572
1764724085.583519,4771,256,1764724085.551854,31.664
1764724085.588528,4772,256,1764724085.556848,31.680
1764724085.593348,4773,256,1764724085.561849,31.499
1764724085.598453,4774,256,1764724085.566844,31.609
1764724085.603304,4775,256,1764724085.571845,31.460
1764724085.608277,4776,256,1764724085.576845,31.432
1764724085.613330,4777,256,1764724085.581844,31.485
1764724085.618335,4778,256,1764724085.586846,31.489
1764724085.623313,4779,256,1764724085.591847,31.466
1764724085.628208,4780,256,1764724085.596842,31.366
1764724085.633251,4781,256,1764724085.601845,31.406
1764724085.638300,4782,256,1764724085.606846,31.455
1764724085.643246,4783,256,1764724085.611839,31.407
1764724085.648329,4784,256,1764724085.616853,31.476
1764724085.653298,4785,256,1764724085.621894,31.404
1764724085.658350,4786,256,1764724085.626901,31.449
1764724085.663265,4787,256,1764724085.631849,31.416
1764724085.668350,4788,256,1764724085.636863,31.487
1764724085.673427,4789,256,1764724085.641882,31.545
1764724085.678338,4790,256,1764724085.646881,31.457
1764724085.683334,4791,256,1764724085.651858,31.476
1764724085.688359,4792,256,1764724085.656865,31.494
1764724085.693304,4793,256,1764724085.661865,31.439
1764724085.698324,4794,256,1764724085.666870,31.455
1764724085.703392,4795,256,1764724085.671866,31.527
1764724085.708373,4796,256,1764724085.676891,31.482
1764724085.713431,4797,256,1764724085.681887,31.544
1764724085.718441,4798,256,1764724085.686874,31.567
1764724085.723381,4799,256,1764724085.691889,31.492
1764724085.728398,4800,256,1764724085.696881,31.517
1764724085.733425,4801,256,1764724085.701892,31.533
1764724085.738461,4802,256,1764724085.706944,31.517
1764724085.743391,4803,256,1764724085.711873,31.518
1764724085.748393,4804,256,1764724085.716895,31.498
1764724085.753401,4805,256,1764724085.721863,31.538
1764724085.758397,4806,256,1764724085.726891,31.506
1764724085.763319,4807,256,1764724085.731869,31.450
1764724085.768535,4808,256,1764724085.736918,31.617
1764724085.773327,4809,256,1764724085.741923,31.404
1764724085.778310,4810,256,1764724085.746855,31.455
1764724085.783324,4811,256,1764724085.751857,31.467
1764724085.788329,4812,256,1764724085.756855,31.474
1764724085.793325,4813,256,1764724085.761857,31.468
1764724085.798379,4814,256,1764724085.766862,31.518
1764724085.803348,4815,256,1764724085.771855,31.493
1764724085.808363,4816,256,1764724085.776855,31.508
1764724085.813400,4817,256,1764724085.781870,31.530
1764724085.818387,4818,256,1764724085.786888,31.499
1764724085.823461,4819,256,1764724085.791924,31.537
1764724085.828436,4820,256,1764724085.796878,31.558
1764724085.833419,4821,256,1764724085.801884,31.535
1764724085.838435,4822,256,1764724085.806897,31.538
1764724085.843467,4823,256,1764724085.811903,31.564
1764724085.848449,4824,256,1764724085.816899,31.550
1764724085.853402,4825,256,1764724085.821907,31.495
1764724085.858841,4826,256,1764724085.826914,31.927
1764724085.864330,4827,256,1764724085.831904,32.426
1764724085.868496,4828,256,1764724085.836886,31.610
1764724085.873507,4829,256,1764724085.841979,31.528
1764724085.878690,4830,256,1764724085.846893,31.797
1764724085.885344,4831,256,1764724085.851888,33.457
1764724085.888778,4832,256,1764724085.857153,31.626
1764724085.896307,4833,256,1764724085.863855,32.452
1764724085.898505,4834,256,1764724085.866911,31.593
1764724085.904118,4835,256,1764724085.871912,32.206
1764724085.908485,4836,256,1764724085.876912,31.573
1764724085.914246,4837,256,1764724085.881903,32.343
1764724085.918530,4838,256,1764724085.886910,31.620
1764724085.923392,4839,256,1764724085.891893,31.499
1764724085.928411,4840,256,1764724085.896897,31.514
1764724085.933333,4841,256,1764724085.901870,31.462
1764724085.938399,4842,256,1764724085.906885,31.514
1764724085.943325,4843,256,1764724085.911873,31.452
1764724085.948346,4844,256,1764724085.916881,31.466
1764724085.953313,4845,256,1764724085.921879,31.435
1764724085.958434,4846,256,1764724085.926863,31.571
1764724085.963347,4847,256,1764724085.931923,31.424
1764724085.968372,4848,256,1764724085.936879,31.493
1764724085.973268,4849,256,1764724085.941857,31.411
1764724085.978341,4850,256,1764724085.946857,31.483
1764724085.983279,4851,256,1764724085.951858,31.422
1764724085.988352,4852,256,1764724085.956868,31.484
1764724085.993426,4853,256,1764724085.961941,31.485
1764724085.998508,4854,256,1764724085.967019,31.489
1764724086.003323,4855,256,1764724085.971869,31.455
1764724086.008371,4856,256,1764724085.976869,31.502
1764724086.013340,4857,256,1764724085.981862,31.478
1764724086.018435,4858,256,1764724085.986873,31.562
1764724086.023346,4859,256,1764724085.991891,31.454
1764724086.028342,4860,256,1764724085.996862,31.480
1764724086.033329,4861,256,1764724086.001879,31.449
1764724086.038256,4862,256,1764724086.006852,31.404
1764724086.043318,4863,256,1764724086.011884,31.435
1764724086.048367,4864,256,1764724086.016878,31.489
1764724086.053334,4865,256,1764724086.021824,31.509
1764724086.058343,4866,256,1764724086.026884,31.458
1764724086.063397,4867,256,1764724086.031870,31.527
1764724086.068325,4868,256,1764724086.036863,31.462
1764724086.073335,4869,256,1764724086.041881,31.454
1764724086.078335,4870,256,1764724086.046881,31.454
1764724086.083436,4871,256,1764724086.051912,31.525
1764724086.088372,4872,256,1764724086.056869,31.503
1764724086.093446,4873,256,1764724086.061882,31.564
1764724086.098392,4874,256,1764724086.066879,31.513
1764724086.103412,4875,256,1764724086.071900,31.512
1764724086.108430,4876,256,1764724086.076935,31.496
1764724086.113378,4877,256,1764724086.081880,31.498
1764724086.118436,4878,256,1764724086.086913,31.523
1764724086.123380,4879,256,1764724086.091893,31.488
1764724086.128420,4880,256,1764724086.096885,31.535
1764724086.133412,4881,256,1764724086.101879,31.533
1764724086.138737,4882,256,1764724086.106893,31.844
1764724086.143400,4883,256,1764724086.111882,31.518
1764724086.148393,4884,256,1764724086.116884,31.509
1764724086.153391,4885,256,1764724086.121861,31.529
1764724086.158386,4886,256,1764724086.126874,31.512
1764724086.163352,4887,256,1764724086.131874,31.478
1764724086.168319,4888,256,1764724086.136870,31.449
1764724086.173290,4889,256,1764724086.141867,31.423
1764724086.178407,4890,256,1764724086.146879,31.528
1764724086.183369,4891,256,1764724086.151879,31.490
1764724086.188335,4892,256,1764724086.156865,31.470
1764724086.193389,4893,256,1764724086.161868,31.521
1764724086.198409,4894,256,1764724086.166888,31.521
1764724086.203300,4895,256,1764724086.171868,31.432
1764724086.208364,4896,256,1764724086.176866,31.498
1764724086.213441,4897,256,1764724086.181932,31.509
1764724086.218392,4898,256,1764724086.186880,31.512
1764724086.223276,4899,256,1764724086.191870,31.406
1764724086.228426,4900,256,1764724086.196878,31.548
1764724086.233383,4901,256,1764724086.201883,31.500
1764724086.238408,4902,256,1764724086.206879,31.529
1764724086.243382,4903,256,1764724086.211884,31.498
1764724086.248452,4904,256,1764724086.216902,31.550
1764724086.253380,4905,256,1764724086.221884,31.496
1764724086.258399,4906,256,1764724086.226887,31.513
1764724086.263455,4907,256,1764724086.231915,31.540
1764724086.268420,4908,256,1764724086.236907,31.512
1764724086.273442,4909,256,1764724086.241930,31.512
1764724086.278454,4910,256,1764724086.246891,31.564
1764724086.283494,4911,256,1764724086.251896,31.598
1764724086.288390,4912,256,1764724086.256876,31.515
1764724086.293448,4913,256,1764724086.261912,31.536
1764724086.298387,4914,256,1764724086.266894,31.493
1764724086.303318,4915,256,1764724086.271870,31.448
1764724086.308482,4916,256,1764724086.276936,31.546
1764724086.313346,4917,256,1764724086.281887,31.459
1764724086.318379,4918,256,1764724086.286901,31.478
1764724086.323314,4919,256,1764724086.291879,31.435
1764724086.328430,4920,256,1764724086.296942,31.488
1764724086.333326,4921,256,1764724086.301890,31.436
1764724086.338280,4922,256,1764724086.306882,31.397
1764724086.343353,4923,256,1764724086.311875,31.477
1764724086.348325,4924,256,1764724086.316872,31.453
1764724086.353333,4925,256,1764724086.321871,31.463
1764724086.358340,4926,256,1764724086.326879,31.461
1764724086.363418,4927,256,1764724086.331906,31.512
1764724086.368370,4928,256,1764724086.336880,31.490
1764724086.373347,4929,256,1764724086.341867,31.479
1764724086.378324,4930,256,1764724086.346865,31.459
1764724086.383308,4931,256,1764724086.351883,31.425
1764724086.388380,4932,256,1764724086.356881,31.498
1764724086.393462,4933,256,1764724086.361895,31.567
1764724086.398334,4934,256,1764724086.366881,31.453
1764724086.403442,4935,256,1764724086.371885,31.557
1764724086.408328,4936,256,1764724086.376897,31.431
1764724086.413371,4937,256,1764724086.381882,31.489
1764724086.418543,4938,256,1764724086.387018,31.525
1764724086.423463,4939,256,1764724086.391962,31.501
1764724086.428391,4940,256,1764724086.396920,31.471
1764724086.433428,4941,256,1764724086.401904,31.523
1764724086.438427,4942,256,1764724086.406911,31.517
1764724086.443400,4943,256,1764724086.411902,31.498
1764724086.448401,4944,256,1764724086.416900,31.501
1764724086.453350,4945,256,1764724086.421874,31.477
1764724086.458404,4946,256,1764724086.426902,31.502
1764724086.463411,4947,256,1764724086.431904,31.506
1764724086.468410,4948,256,1764724086.436928,31.482
1764724086.473340,4949,256,1764724086.441891,31.448
1764724086.478466,4950,256,1764724086.446917,31.549
1764724086.483358,4951,256,1764724086.451887,31.470
1764724086.488320,4952,256,1764724086.456903,31.417
1764724086.493385,4953,256,1764724086.461906,31.479
1764724086.498303,4954,256,1764724086.466877,31.427
1764724086.503348,4955,256,1764724086.471883,31.465
1764724086.508324,4956,256,1764724086.476880,31.444
1764724086.513332,4957,256,1764724086.481885,31.447
1764724086.518333,4958,256,1764724086.486885,31.449
1764724086.523316,4959,256,1764724086.491884,31.432
1764724086.528266,4960,256,1764724086.496881,31.384
1764724086.533316,4961,256,1764724086.501883,31.433
1764724086.538325,4962,256,1764724086.506879,31.446
1764724086.543283,4963,256,1764724086.511879,31.404
1764724086.548262,4964,256,1764724086.516870,31.392
1764724086.553251,4965,256,1764724086.521871,31.380
1764724086.558408,4966,256,1764724086.526885,31.523
1764724086.563340,4967,256,1764724086.531886,31.454
1764724086.568323,4968,256,1764724086.536889,31.434
1764724086.573396,4969,256,1764724086.541886,31.510
1764724086.578281,4970,256,1764724086.546830,31.451
1764724086.583317,4971,256,1764724086.551870,31.447
1764724086.588401,4972,256,1764724086.556888,31.513
1764724086.593319,4973,256,1764724086.561880,31.440
1764724086.598330,4974,256,1764724086.566871,31.459
1764724086.603312,4975,256,1764724086.571869,31.442
1764724086.608326,4976,256,1764724086.576871,31.455
1764724086.613285,4977,256,1764724086.581871,31.414
1764724086.618299,4978,256,1764724086.586874,31.426
1764724086.623333,4979,256,1764724086.591881,31.451
1764724086.628308,4980,256,1764724086.596878,31.430
1764724086.633310,4981,256,1764724086.601873,31.437
1764724086.638413,4982,256,1764724086.606890,31.523
1764724086.643313,4983,256,1764724086.611871,31.442
1764724086.648328,4984,256,1764724086.616886,31.442
1764724086.653325,4985,256,1764724086.621877,31.448
1764724086.658343,4986,256,1764724086.626876,31.467
1764724086.663327,4987,256,1764724086.631874,31.453
1764724086.668341,4988,256,1764724086.636876,31.466
1764724086.673332,4989,256,1764724086.641873,31.459
1764724086.678355,4990,256,1764724086.646895,31.460
1764724086.683281,4991,256,1764724086.651871,31.410
1764724086.688331,4992,256,1764724086.656893,31.439
1764724086.693292,4993,256,1764724086.661870,31.423
1764724086.698370,4994,256,1764724086.666930,31.440
1764724086.703304,4995,256,1764724086.671881,31.423
1764724086.708299,4996,256,1764724086.676883,31.416
1764724086.713310,4997,256,1764724086.681888,31.422
1764724086.718374,4998,256,1764724086.686882,31.492
1764724086.723299,4999,256,1764724086.691875,31.424
